sample_id,IL_Name,IL_SMILES,Temperature_K,Pressure_kPa,property,y_true,y_pred,absolute_error,split,split_strategy,split_short,panel,panel_title,plot_included
5610,1-butyl-3-methylimidazolium hydrogensulfate,S(=O)(=O)(O)[O-].C(CCC)N1C=[N+](C=C1)C,348.15,,SurfaceTension,0.0317,0.039034225,0.007334225,test,Random point,Point,E,Surface tension multi-split parity plot,True
1821,1-hexyl-3-methylimidazolium DL-threoninate,CCCCCC[n+]1ccn(C)c1.C[C@@H](O)[C@H](N)C(=O)[O-],323.15,,SurfaceTension,0.0347,0.034670923,2.907589e-05,test,Random point,Point,E,Surface tension multi-split parity plot,True
573,1-propyl-3-methylimidazolium propionate,CCC(=O)[O-].CCC[n+]1ccn(C)c1,318.15,,SurfaceTension,0.0365,0.03568141,0.00081858784,test,Random point,Point,E,Surface tension multi-split parity plot,True
5134,1-(2-hydroxyethyl)-3-methylimidazolium L-alaninate,C[C@H](N)C(=O)[O-].Cn1cc[n+](CCO)c1,303.15,,SurfaceTension,0.05188,0.052023254,0.00014325604,test,Random point,Point,E,Surface tension multi-split parity plot,True
1818,1-hexyl-3-methylimidazolium DL-threoninate,CCCCCC[n+]1ccn(C)c1.C[C@@H](O)[C@H](N)C(=O)[O-],293.15,,SurfaceTension,0.036599997,0.03660886,8.862466e-06,test,Random point,Point,E,Surface tension multi-split parity plot,True
1199,1-nonyl-3-methylimidazolium hexafluorophosphate,CCCCCCCCC[n+]1ccn(C)c1.F[P-](F)(F)(F)(F)F,328.04,,SurfaceTension,0.031249998,0.0317748,0.00052480213,test,Random point,Point,E,Surface tension multi-split parity plot,True
4740,1-ethyl-3-methylimidazolium bis((trifluoromethyl)sulfonyl)imide,CC[n+]1ccn(C)c1.O=S(=O)([N-]S(=O)(=O)C(F)(F)F)C(F)(F)F,287.3,,SurfaceTension,0.03658,0.036991704,0.00041170418,test,Random point,Point,E,Surface tension multi-split parity plot,True
1630,1-methyl-3-octylimidazolium bromide,CCCCCCCCn1cc[n+](C)c1.[Br-],347.49,,SurfaceTension,0.030570002,0.030890843,0.00032084063,test,Random point,Point,E,Surface tension multi-split parity plot,True
2585,1-butyl-4-methylpyridinium thiocyanate,CCCC[n+]1ccc(C)cc1.N#C[S-],302.95,,SurfaceTension,0.047599997,0.0472923,0.0003076978,test,Random point,Point,E,Surface tension multi-split parity plot,True
4512,1-ethyl-3-methyl-1H-imidazolium tricyanomethanide,CC[n+]1ccn(C)c1.N#C[C-](C#N)C#N,308.18,,SurfaceTension,0.048369996,0.048882533,0.0005125366,test,Random point,Point,E,Surface tension multi-split parity plot,True
5052,1-ethyl-3-methylimidazolium methylsulfate,COS(=O)(=O)[O-].C(C)N1C=[N+](C=C1)C,288.15,,SurfaceTension,0.05328,0.053803824,0.00052382424,test,Random point,Point,E,Surface tension multi-split parity plot,True
2552,1-butyl-4-methylpyridinium tetrafluoroborate,CCCC[n+]1ccc(C)cc1.F[B-](F)(F)F,310.65,,SurfaceTension,0.04452,0.044443604,7.639825e-05,test,Random point,Point,E,Surface tension multi-split parity plot,True
4458,1-ethyl-3-methylimidazolium tetrafluoroborate,CC[n+]1ccn(C)c1.F[B-](F)(F)F,333.48,,SurfaceTension,0.05187,0.050765675,0.001104325,test,Random point,Point,E,Surface tension multi-split parity plot,True
1224,1-methyl-3-nonylimidazolium bromide,CCCCCCCCCn1cc[n+](C)c1.[Br-],352.4,,SurfaceTension,0.027989998,0.028302912,0.0003129132,test,Random point,Point,E,Surface tension multi-split parity plot,True
4053,1-methyl-3-propylimidazolium L-serinate,CCCn1cc[n+](C)c1.N[C@@H](CO)C(=O)[O-],338.15,,SurfaceTension,0.044899996,0.04412489,0.00077510625,test,Random point,Point,E,Surface tension multi-split parity plot,True
4900,1-ethyl-3-(2-methoxyethyl)imidazolium bis(trifluoromethylsulfonyl)imide,CC[n+]1ccn(CCOC)c1.O=S(=O)([N-]S(=O)(=O)C(F)(F)F)C(F)(F)F,303.15,,SurfaceTension,0.035800003,0.03529078,0.0005092211,test,Random point,Point,E,Surface tension multi-split parity plot,True
3515,1-butyl-3-methylimidazolium trifluoromethanesulfonate,CCCC[n+]1ccn(C)c1.O=S(=O)([O-])C(F)(F)F,298.12,,SurfaceTension,0.035200004,0.034666948,0.0005330555,test,Random point,Point,E,Surface tension multi-split parity plot,True
1086,1-decyl-3-methylimidazolium tetrafluoroborate,CCCCCCCCCC[n+]1ccn(C)c1.F[B-](F)(F)F,303.14,,SurfaceTension,0.029860001,0.029770602,8.939952e-05,test,Random point,Point,E,Surface tension multi-split parity plot,True
3587,1-butyl-3-methylimidazolium chloride,CCCC[n+]1ccn(C)c1.[Cl-],318.04,,SurfaceTension,0.049699992,0.04756503,0.0021349601,test,Random point,Point,E,Surface tension multi-split parity plot,True
4974,1-(4-methoxybutyl)-3-methylimidazolium glycinate,COCCCC[n+]1ccn(C)c1.NCC(=O)[O-],298.15,,SurfaceTension,0.045299996,0.04509815,0.0002018474,test,Random point,Point,E,Surface tension multi-split parity plot,True
3943,3-methyl-1-propylpyridinium bis(trifluoromethylsulfonyl)imide,CCC[n+]1cccc(C)c1.O=S(=O)([N-]S(=O)(=O)C(F)(F)F)C(F)(F)F,343.15,,SurfaceTension,0.033550005,0.03296949,0.0005805157,test,Random point,Point,E,Surface tension multi-split parity plot,True
4316,1-ethyl-4-methylpyridinium bis((trifluoromethyl)sulfonyl)amide,CC[n+]1ccc(C)cc1.O=S(=O)([N-]S(=O)(=O)C(F)(F)F)C(F)(F)F,313.2,,SurfaceTension,0.023100002,0.026329588,0.0032295864,test,Random point,Point,E,Surface tension multi-split parity plot,True
2637,1-butyl-3-methylpyridinium hexafluorophosphate,CCCC[n+]1cccc(C)c1.F[P-](F)(F)(F)(F)F,338.24,,SurfaceTension,0.042240005,0.04210304,0.00013696402,test,Random point,Point,E,Surface tension multi-split parity plot,True
3998,1-propyl-3-methylimidazolium DL-threoninate,CCC[n+]1ccn(C)c1.C[C@@H](O)[C@H](N)C(=O)[O-],308.15,,SurfaceTension,0.0401,0.039852466,0.00024753436,test,Random point,Point,E,Surface tension multi-split parity plot,True
3591,1-butyl-3-methylimidazolium chloride,CCCC[n+]1ccn(C)c1.[Cl-],328.0,,SurfaceTension,0.046299998,0.04722387,0.000923872,test,Random point,Point,E,Surface tension multi-split parity plot,True
5512,1-(2-ethoxyethyl)-3-methylimidazolium threonine,N[C@@H]([C@H](O)C)C(=O)O.C(C)OCCN1C=[N+](C=C1)C,318.15,,SurfaceTension,0.049099997,0.04888995,0.00021004677,test,Random point,Point,E,Surface tension multi-split parity plot,True
4048,3-methyl-1-propyl-1H-imidazol-3-ium 2-aminoethane-1-sulfonate,CCCn1cc[n+](C)c1.NCCS(=O)(=O)[O-],308.15,,SurfaceTension,0.048699994,0.048713397,1.34035945e-05,test,Random point,Point,E,Surface tension multi-split parity plot,True
189,1-butyl-3-methylimidazolium octylsulfate,C(CCCCCCC)OS(=O)(=O)[O-].C(CCC)N1C=[N+](C=C1)C,298.15,,SurfaceTension,0.027539998,0.031712256,0.004172258,test,Random point,Point,E,Surface tension multi-split parity plot,True
2073,1-hexyl-3-methyl-1H-imidazolium bromide,CCCCCC[n+]1ccn(C)c1.[Br-],360.23,,SurfaceTension,0.036959995,0.03715617,0.00019617379,test,Random point,Point,E,Surface tension multi-split parity plot,True
3732,1-butyl-3-methylimidazolium tris(pentafluoroethyl)trifluorophosphate,CCCCn1cc[n+](C)c1.FC(F)(F)C(F)(F)[P-](F)(F)(F)(C(F)(F)C(F)(F)F)C(F)(F)C(F)(F)F,327.98,,SurfaceTension,0.031019999,0.030896746,0.00012325309,test,Random point,Point,E,Surface tension multi-split parity plot,True
1628,1-methyl-3-octylimidazolium bromide,CCCCCCCCn1cc[n+](C)c1.[Br-],318.36,,SurfaceTension,0.031990003,0.032296203,0.00030620024,test,Random point,Point,E,Surface tension multi-split parity plot,True
3022,1-butyl-3-methylimidazolium hexafluorophosphate,CCCC[n+]1ccn(C)c1.F[P-](F)(F)(F)(F)F,335.61,,SurfaceTension,0.045399994,0.042273637,0.0031263568,test,Random point,Point,E,Surface tension multi-split parity plot,True
1433,1-methyl-3-octyl-1H-imidazol-3-ium L-serinate,CCCCCCCC[n+]1ccn(C)c1.N[C@@H](CO)C(=O)[O-],343.15,,SurfaceTension,0.030009998,0.03029992,0.00028992258,test,Random point,Point,E,Surface tension multi-split parity plot,True
3915,4-methyl-1-propylpyridinium bis((trifluoromethyl)sulfonyl)amide,CCC[n+]1ccc(C)cc1.O=S(=O)([N-]S(=O)(=O)C(F)(F)F)C(F)(F)F,343.8,,SurfaceTension,0.033200003,0.03360625,0.00040624663,test,Random point,Point,E,Surface tension multi-split parity plot,True
985,1-tetradecyl-3-methylimidazolium bis(trifluoromethylsulfonyl)imide,CCCCCCCCCCCCCC[n+]1ccn(C)c1.O=S(=O)([N-]S(=O)(=O)C(F)(F)F)C(F)(F)F,354.0,,SurfaceTension,0.0237,0.02470317,0.0010031685,test,Random point,Point,E,Surface tension multi-split parity plot,True
2325,1-methyl-3-pentylimidazolium bis(trifluoromethylsulfonyl)imide,CCCCCn1cc[n+](C)c1.O=S(=O)([N-]S(=O)(=O)C(F)(F)F)C(F)(F)F,353.7,,SurfaceTension,0.027199998,0.028077729,0.00087773055,test,Random point,Point,E,Surface tension multi-split parity plot,True
2072,1-hexyl-3-methyl-1H-imidazolium bromide,CCCCCC[n+]1ccn(C)c1.[Br-],348.66,,SurfaceTension,0.03751,0.037696663,0.00018666312,test,Random point,Point,E,Surface tension multi-split parity plot,True
503,1-isobutyl-3-methylimidazolium bis[(trifluoromethyl)sulfonyl]amide,CC(C)C[n+]1ccn(C)c1.O=S(=O)([N-]S(=O)(=O)C(F)(F)F)C(F)(F)F,298.2,,SurfaceTension,0.032720003,0.03324669,0.00052668527,test,Random point,Point,E,Surface tension multi-split parity plot,True
4989,3-(3-methoxypropyl)-1-methylimidazolium bis((trifluoromethyl)sulfonyl)amide,COCCCn1cc[n+](C)c1.O=S(=O)([N-]S(=O)(=O)C(F)(F)F)C(F)(F)F,323.15,,SurfaceTension,0.03371,0.03291666,0.0007933378,test,Random point,Point,E,Surface tension multi-split parity plot,True
4936,1-ethyl-3-methylimidazolium tris(pentafluoroethyl)trifluorophosphate,CCn1cc[n+](C)c1.FC(F)(F)C(F)(F)[P-](F)(F)(F)(C(F)(F)C(F)(F)F)C(F)(F)C(F)(F)F,303.15,,SurfaceTension,0.034599997,0.03488134,0.00028134137,test,Random point,Point,E,Surface tension multi-split parity plot,True
5326,"1,3-dimethylimidazolium tetracyanoborate",Cn1cc[n+](C)c1.N#C[B-](C#N)(C#N)C#N,293.24,,SurfaceTension,0.034739997,0.034490585,0.0002494119,test,Random point,Point,E,Surface tension multi-split parity plot,True
4811,1-ethyl-3-methylimidazolium trifluoromethanesulfonate,CC[n+]1ccn(C)c1.O=S(=O)([O-])C(F)(F)F,296.6,,SurfaceTension,0.0392,0.041214176,0.002014175,test,Random point,Point,E,Surface tension multi-split parity plot,True
2630,1-butyl-3-methylpyridinium tetrafluoroborate,CCCC[n+]1cccc(C)c1.F[B-](F)(F)F,303.15,,SurfaceTension,0.044919997,0.04486537,5.4627657e-05,test,Random point,Point,E,Surface tension multi-split parity plot,True
5496,1-(3-hydroxypropyl)pyridinium tricyanomethanide,N#C[C-](C#N)C#N.OCCC[n+]1ccccc1,328.15,,SurfaceTension,0.049899995,0.051505897,0.0016059019,test,Random point,Point,E,Surface tension multi-split parity plot,True
5439,1-methylimidazolium chloride,Cn1cc[nH+]c1.[Cl-],348.11,,SurfaceTension,0.06578,0.06523881,0.0005411878,test,Random point,Point,E,Surface tension multi-split parity plot,True
1891,1-hexyl-3-methylimidazolium hexafluorophosphate,CCCCCC[n+]1ccn(C)c1.F[P-](F)(F)(F)(F)F,348.0,,SurfaceTension,0.039799996,0.03644733,0.0033526644,test,Random point,Point,E,Surface tension multi-split parity plot,True
2579,1-butyl-4-methylpyridinium tricyanomethanide,CCCC[n+]1ccc(C)cc1.N#C[C-](C#N)C#N,344.17,,SurfaceTension,0.04537,0.04577778,0.00040777773,test,Random point,Point,E,Surface tension multi-split parity plot,True
2878,1-butyl-3-methylimidazolium tetrafluoroborate,CCCC[n+]1ccn(C)c1.F[B-](F)(F)F,323.2,,SurfaceTension,0.042600006,0.04277943,0.00017942488,test,Random point,Point,E,Surface tension multi-split parity plot,True
3495,1-butyl-3-methylimidazolium bis(trifluoromethylsulfonyl)imide,CCCC[n+]1ccn(C)c1.O=S(=O)([N-]S(=O)(=O)C(F)(F)F)C(F)(F)F,413.6,,SurfaceTension,0.025600001,0.026165113,0.00056511164,test,Random point,Point,E,Surface tension multi-split parity plot,True
3517,1-butyl-3-methylimidazolium trifluoromethanesulfonate,CCCC[n+]1ccn(C)c1.O=S(=O)([O-])C(F)(F)F,303.09,,SurfaceTension,0.035090003,0.03452052,0.0005694814,test,Random point,Point,E,Surface tension multi-split parity plot,True
2883,1-butyl-3-methylimidazolium tetrafluoroborate,CCCC[n+]1ccn(C)c1.F[B-](F)(F)F,331.45,,SurfaceTension,0.042269997,0.042122524,0.00014747307,test,Random point,Point,E,Surface tension multi-split parity plot,True
5035,1-(methoxymethyl)pyridinium bis((trifluoromethyl)sulfonyl)amide,COC[n+]1ccccc1.O=S(=O)([N-]S(=O)(=O)C(F)(F)F)C(F)(F)F,298.15,,SurfaceTension,0.037189998,0.037740204,0.00055020675,test,Random point,Point,E,Surface tension multi-split parity plot,True
3628,1-butyl-3-methylimidazolium iodide,CCCC[n+]1ccn(C)c1.[I-],317.93,,SurfaceTension,0.04893,0.049317952,0.00038795173,test,Random point,Point,E,Surface tension multi-split parity plot,True
2064,1-hexyl-3-methyl-1H-imidazolium bromide,CCCCCC[n+]1ccn(C)c1.[Br-],318.16,,SurfaceTension,0.039284997,0.039509308,0.0002243109,test,Random point,Point,E,Surface tension multi-split parity plot,True
2923,1-butyl-3-methylimidazolium tetrafluoroborate,CCCC[n+]1ccn(C)c1.F[B-](F)(F)F,393.0,,SurfaceTension,0.038199995,0.038701512,0.0005015172,test,Random point,Point,E,Surface tension multi-split parity plot,True
1203,1-nonyl-3-methylimidazolium hexafluorophosphate,CCCCCCCCC[n+]1ccn(C)c1.F[P-](F)(F)(F)(F)F,352.81,,SurfaceTension,0.029979998,0.030444006,0.00046400726,test,Random point,Point,E,Surface tension multi-split parity plot,True
4039,1-methyl-3-propylimidazolium hexafluorophosphate,CCCn1cc[n+](C)c1.F[P-](F)(F)(F)(F)F,318.39,,SurfaceTension,0.046749994,0.046220973,0.000529021,test,Random point,Point,E,Surface tension multi-split parity plot,True
2547,1-butyl-4-methylpyridinium tetrafluoroborate,CCCC[n+]1ccc(C)cc1.F[B-](F)(F)F,293.15,,SurfaceTension,0.045820005,0.045601264,0.0002187416,test,Random point,Point,E,Surface tension multi-split parity plot,True
5284,3-(2-hydroxyethyl)-1-methyl-1H-imidazolium trifluorotris(perfluoroethyl)phosphate(V),C[n+]1ccn(CCO)c1.FC(F)(F)C(F)(F)[P-](F)(F)(F)(C(F)(F)C(F)(F)F)C(F)(F)C(F)(F)F,322.69,,SurfaceTension,0.03748,0.0375637,8.369982e-05,test,Random point,Point,E,Surface tension multi-split parity plot,True
4979,1-(4-methoxybutyl)-3-methylimidazolium chloride,COCCCC[n+]1ccn(C)c1.[Cl-],318.15,,SurfaceTension,0.0411,0.041737933,0.0006379336,test,Random point,Point,E,Surface tension multi-split parity plot,True
4823,1-ethyl-3-methylimidazolium trifluoromethanesulfonate,CC[n+]1ccn(C)c1.O=S(=O)([O-])C(F)(F)F,313.31,,SurfaceTension,0.039750002,0.040808186,0.0010581836,test,Random point,Point,E,Surface tension multi-split parity plot,True
1500,1-methyl-3-octylimidazolium tetrafluoroborate,CCCCCCCCn1cc[n+](C)c1.F[B-](F)(F)F,298.15,,SurfaceTension,0.032019995,0.031936534,8.3461404e-05,test,Random point,Point,E,Surface tension multi-split parity plot,True
5092,1-butyl-3-methylimidazolium methylsulfate,COS(=O)(=O)[O-].C(CCC)N1C=[N+](C=C1)C,331.45,,SurfaceTension,0.0413,0.040700894,0.0005991049,test,Random point,Point,E,Surface tension multi-split parity plot,True
3988,2-methyl-1-propylpyridinium bis((trifluoromethyl)sulfonyl)amide,CCC[n+]1ccccc1C.O=S(=O)([N-]S(=O)(=O)C(F)(F)F)C(F)(F)F,343.21,,SurfaceTension,0.034630004,0.034477465,0.00015253946,test,Random point,Point,E,Surface tension multi-split parity plot,True
1143,1-decyl-3-methylimidazolium chloride,CCCCCCCCCC[n+]1ccn(C)c1.[Cl-],338.37,,SurfaceTension,0.025539998,0.026154691,0.0006146934,test,Random point,Point,E,Surface tension multi-split parity plot,True
2754,1-butylpyridinium nitrate,CCCC[n+]1ccccc1.O=[N+]([O-])[O-],303.15,,SurfaceTension,0.05120999,0.05152768,0.00031768903,test,Random point,Point,E,Surface tension multi-split parity plot,True
4896,1-ethyl-3-(2-methoxyethyl)imidazolium dicyanamide,CC[n+]1ccn(CCOC)c1.N#C[N-]C#N,318.15,,SurfaceTension,0.043399997,0.044008322,0.000608325,test,Random point,Point,E,Surface tension multi-split parity plot,True
4837,1-ethyl-3-methylimidazolium trifluoromethanesulfonate,CC[n+]1ccn(C)c1.O=S(=O)([O-])C(F)(F)F,348.38,,SurfaceTension,0.038650002,0.038833987,0.00018398464,test,Random point,Point,E,Surface tension multi-split parity plot,True
1308,N-octyl-3-methylpyridinium tetrafluoroborate,CCCCCCCC[n+]1cccc(C)c1.F[B-](F)(F)F,285.65,,SurfaceTension,0.0383,0.03800568,0.00029432029,test,Random point,Point,E,Surface tension multi-split parity plot,True
3496,1-butyl-3-methylimidazolium bis(trifluoromethylsulfonyl)imide,CCCC[n+]1ccn(C)c1.O=S(=O)([N-]S(=O)(=O)C(F)(F)F)C(F)(F)F,414.4,,SurfaceTension,0.027199998,0.026133459,0.0010665394,test,Random point,Point,E,Surface tension multi-split parity plot,True
2075,1-hexyl-3-methylimidazolium chloride,CCCCCC[n+]1ccn(C)c1.[Cl-],308.0,,SurfaceTension,0.041199997,0.039940864,0.0012591332,test,Random point,Point,E,Surface tension multi-split parity plot,True
2146,1-hexyl-3-methylimidazolium tris(pentafluoroethyl)trifluorophosphate,CCCCCCn1cc[n+](C)c1.FC(F)(F)C(F)(F)[P-](F)(F)(F)(C(F)(F)C(F)(F)F)C(F)(F)C(F)(F)F,312.96,,SurfaceTension,0.031049997,0.030857917,0.0001920797,test,Random point,Point,E,Surface tension multi-split parity plot,True
911,trihexyl(tetradecyl)phosphonium bis[(trifluoromethyl)sulfonyl]imide,CCCCCCCCCCCCCC[P+](CCCCCC)(CCCCCC)CCCCCC.O=S(=O)([N-]S(=O)(=O)C(F)(F)F)C(F)(F)F,278.33,,SurfaceTension,0.031179996,0.03155302,0.00037302263,test,Random point,Point,E,Surface tension multi-split parity plot,True
3723,1-butyl-3-methylimidazolium tris(pentafluoroethyl)trifluorophosphate,CCCCn1cc[n+](C)c1.FC(F)(F)C(F)(F)[P-](F)(F)(F)(C(F)(F)C(F)(F)F)C(F)(F)C(F)(F)F,307.96,,SurfaceTension,0.032180004,0.0319701,0.0002099052,test,Random point,Point,E,Surface tension multi-split parity plot,True
2535,tributyl(2-(methylthio)ethyl)phosphonium bis(trifluoromethylsulfonyl)amide,CCCC[P+](CCCC)(CCCC)CCSC.O=S(=O)([N-]S(=O)(=O)C(F)(F)F)C(F)(F)F,293.0,,SurfaceTension,0.0311,0.030553136,0.0005468633,test,Random point,Point,E,Surface tension multi-split parity plot,True
2557,1-butyl-4-methylpyridinium tetrafluoroborate,CCCC[n+]1ccc(C)cc1.F[B-](F)(F)F,331.55,,SurfaceTension,0.042999998,0.04255268,0.00044731796,test,Random point,Point,E,Surface tension multi-split parity plot,True
615,2-methylbutylammonium formate,CCC(C)C[NH3+].O=C[O-],300.1,,SurfaceTension,0.030799996,0.030959334,0.00015933812,test,Random point,Point,E,Surface tension multi-split parity plot,True
2293,1-methyl-3-pentyl-imidazolium tetrafluoroborate,CCCCCn1cc[n+](C)c1.F[B-](F)(F)F,358.37,,SurfaceTension,0.03787,0.038500596,0.0006305948,test,Random point,Point,E,Surface tension multi-split parity plot,True
3653,"1-butyl-2,3-dimethylimidazolium glycinate",CCCC[n+]1ccn(C)c1C.NCC(=O)[O-],288.15,,SurfaceTension,0.051199995,0.050295264,0.00090473145,test,Random point,Point,E,Surface tension multi-split parity plot,True
4260,"N-ethyl-N,N-dimethyl-2-methoxyethylammonium bis(trifluoromethylsulfonyl)imide",CC[N+](C)(C)CCOC.O=S(=O)([N-]S(=O)(=O)C(F)(F)F)C(F)(F)F,333.15,,SurfaceTension,0.04346,0.044059373,0.00059937313,test,Random point,Point,E,Surface tension multi-split parity plot,True
1016,1-dodecyl-3-methylimidazolium tetrafluoroborate,CCCCCCCCCCCC[n+]1ccn(C)c1.F[B-](F)(F)F,338.0,,SurfaceTension,0.025539998,0.025527764,1.2233853e-05,test,Random point,Point,E,Surface tension multi-split parity plot,True
929,trihexyl(tetradecyl)phosphonium bis[(trifluoromethyl)sulfonyl]imide,CCCCCCCCCCCCCC[P+](CCCCCC)(CCCCCC)CCCCCC.O=S(=O)([N-]S(=O)(=O)C(F)(F)F)C(F)(F)F,348.34,,SurfaceTension,0.026920002,0.026969332,4.9330294e-05,test,Random point,Point,E,Surface tension multi-split parity plot,True
5265,3-(3-aminopropyl)-1-methyl-1H-imidazolium hexafluorophosphate(V),C[n+]1ccn(CCCN)c1.F[P-](F)(F)(F)(F)F,298.15,,SurfaceTension,0.050839994,0.050846618,6.623566e-06,test,Random point,Point,E,Surface tension multi-split parity plot,True
4203,1-(ethoxymethyl)pyridinium bis((trifluoromethyl)sulfonyl)amide,CCOC[n+]1ccccc1.O=S(=O)([N-]S(=O)(=O)C(F)(F)F)C(F)(F)F,303.15,,SurfaceTension,0.034179993,0.034944206,0.0007642135,test,Random point,Point,E,Surface tension multi-split parity plot,True
5283,3-(2-hydroxyethyl)-1-methyl-1H-imidazolium trifluorotris(perfluoroethyl)phosphate(V),C[n+]1ccn(CCO)c1.FC(F)(F)C(F)(F)[P-](F)(F)(F)(C(F)(F)C(F)(F)F)C(F)(F)C(F)(F)F,313.19,,SurfaceTension,0.038080003,0.03811639,3.6388636e-05,test,Random point,Point,E,Surface tension multi-split parity plot,True
4579,1-ethyl-3-methylimidazolium dicyanamide,CC[n+]1ccn(C)c1.N#C[N-]C#N,313.2,,SurfaceTension,0.0548,0.057989057,0.003189057,test,Random point,Point,E,Surface tension multi-split parity plot,True
380,1-ethyl-3-methylimidazolium acetate,CC(=O)[O-].CC[n+]1ccn(C)c1,288.15,,SurfaceTension,0.04769999,0.045886833,0.0018131584,test,Random point,Point,E,Surface tension multi-split parity plot,True
5609,1-butyl-3-methylimidazolium hydrogensulfate,S(=O)(=O)(O)[O-].C(CCC)N1C=[N+](C=C1)C,343.15,,SurfaceTension,0.038455,0.039255742,0.0008007437,test,Random point,Point,E,Surface tension multi-split parity plot,True
257,1-allyl-3-methyl-1H-imidazolium bis((trifluoromethyl)sulfonyl)amide,C=CC[n+]1ccn(C)c1.O=S(=O)([N-]S(=O)(=O)C(F)(F)F)C(F)(F)F,328.15,,SurfaceTension,0.030299999,0.030947598,0.0006475989,test,Random point,Point,E,Surface tension multi-split parity plot,True
5037,1-(methoxymethyl)pyridinium bis((trifluoromethyl)sulfonyl)amide,COC[n+]1ccccc1.O=S(=O)([N-]S(=O)(=O)C(F)(F)F)C(F)(F)F,323.15,,SurfaceTension,0.035700005,0.035863448,0.00016344339,test,Random point,Point,E,Surface tension multi-split parity plot,True
4461,1-ethyl-3-methylimidazolium tetrafluoroborate,CC[n+]1ccn(C)c1.F[B-](F)(F)F,343.18,,SurfaceTension,0.051109996,0.049939394,0.0011706017,test,Random point,Point,E,Surface tension multi-split parity plot,True
1113,1-decyl-3-methylimidazolium bis(trifluoromethylsulfonyl)amide,CCCCCCCCCC[n+]1ccn(C)c1.O=S(=O)([N-]S(=O)(=O)C(F)(F)F)C(F)(F)F,313.15,,SurfaceTension,0.02968,0.029352749,0.00032725185,test,Random point,Point,E,Surface tension multi-split parity plot,True
1803,1-hexylpyridinium bis(trifluromethylsulfonyl)imide,CCCCCC[n+]1ccccc1.O=S(=O)([N-]S(=O)(=O)C(F)(F)F)C(F)(F)F,290.65,,SurfaceTension,0.03192,0.032123875,0.00020387396,test,Random point,Point,E,Surface tension multi-split parity plot,True
2627,1-butyl-3-methylpyridinium tetrafluoroborate,CCCC[n+]1cccc(C)c1.F[B-](F)(F)F,295.65,,SurfaceTension,0.04497,0.045351934,0.0003819354,test,Random point,Point,E,Surface tension multi-split parity plot,True
1122,1-decyl-3-methylimidazolium bis(trifluoromethylsulfonyl)amide,CCCCCCCCCC[n+]1ccn(C)c1.O=S(=O)([N-]S(=O)(=O)C(F)(F)F)C(F)(F)F,343.15,,SurfaceTension,0.027790003,0.027048182,0.0007418208,test,Random point,Point,E,Surface tension multi-split parity plot,True
1905,1-hexyl-3-methylimidazolium tetracyanoborate,CCCCCC[n+]1ccn(C)c1.N#C[B-](C#N)(C#N)C#N,303.27,,SurfaceTension,0.0404,0.040705487,0.0003054887,test,Random point,Point,E,Surface tension multi-split parity plot,True
2777,1-butyl-2-methylpyridinium bis((trifluoromethyl)sulfonyl)amide,CCCC[n+]1ccccc1C.O=S(=O)([N-]S(=O)(=O)C(F)(F)F)C(F)(F)F,298.15,,SurfaceTension,0.036299996,0.036367673,6.767735e-05,test,Random point,Point,E,Surface tension multi-split parity plot,True
5075,1-butyl-3-methylimidazolium methylsulfate,COS(=O)(=O)[O-].C(CCC)N1C=[N+](C=C1)C,293.15,,SurfaceTension,0.0448,0.04395594,0.00084405765,test,Random point,Point,E,Surface tension multi-split parity plot,True
366,1-propyl-3-methylimidazolium acetate,CC(=O)[O-].CCC[n+]1ccn(C)c1,338.15,,SurfaceTension,0.033400003,0.033846296,0.0004462935,test,Random point,Point,E,Surface tension multi-split parity plot,True
3482,1-butyl-3-methylimidazolium bis(trifluoromethylsulfonyl)imide,CCCC[n+]1ccn(C)c1.O=S(=O)([N-]S(=O)(=O)C(F)(F)F)C(F)(F)F,343.15,,SurfaceTension,0.030959995,0.030466622,0.0004933737,test,Random point,Point,E,Surface tension multi-split parity plot,True
1733,triethylhexylammonium bis((trifluoromethyl)sulfonyl)imide,CCCCCC[N+](CC)(CC)CC.O=S(=O)([N-]S(=O)(=O)C(F)(F)F)C(F)(F)F,323.0,,SurfaceTension,0.032099996,0.03236628,0.00026628375,test,Random point,Point,E,Surface tension multi-split parity plot,True
3976,2-methyl-1-propylpyridinium bis((trifluoromethyl)sulfonyl)amide,CCC[n+]1ccccc1C.O=S(=O)([N-]S(=O)(=O)C(F)(F)F)C(F)(F)F,310.65,,SurfaceTension,0.036089998,0.0360024,8.7596476e-05,test,Random point,Point,E,Surface tension multi-split parity plot,True
2372,butyltrimethylammonium bis(trifluoromethylsulfonyl)imide,CCCC[N+](C)(C)C.O=S(=O)([N-]S(=O)(=O)C(F)(F)F)C(F)(F)F,309.93,,SurfaceTension,0.037700005,0.03281571,0.004884295,test,Random point,Point,E,Surface tension multi-split parity plot,True
1221,1-methyl-3-nonylimidazolium bromide,CCCCCCCCCn1cc[n+](C)c1.[Br-],303.28,,SurfaceTension,0.030119998,0.030662745,0.00054274686,test,Random point,Point,E,Surface tension multi-split parity plot,True
4140,1-methyl-3-propylimidazolium iodide,CCCn1cc[n+](C)c1.[I-],338.71,,SurfaceTension,0.054589998,0.054239906,0.0003500916,test,Random point,Point,E,Surface tension multi-split parity plot,True
3573,1-butyl-3-methylimidazolium bromide,CCCC[n+]1ccn(C)c1.[Br-],328.1,,SurfaceTension,0.048669998,0.048744716,7.471815e-05,test,Random point,Point,E,Surface tension multi-split parity plot,True
932,trihexyl(tetradecyl)phosphonium bis[(trifluoromethyl)sulfonyl]imide,CCCCCCCCCCCCCC[P+](CCCCCC)(CCCCCC)CCCCCC.O=S(=O)([N-]S(=O)(=O)C(F)(F)F)C(F)(F)F,364.76,,SurfaceTension,0.02601,0.025899984,0.00011001527,test,Random point,Point,E,Surface tension multi-split parity plot,True
2246,1-pentylpyridinium dicyanamide,CCCCC[n+]1ccccc1.N#C[N-]C#N,303.15,,SurfaceTension,0.052999992,0.053603202,0.0006032102,test,Random point,Point,E,Surface tension multi-split parity plot,True
4938,1-ethyl-3-methylimidazolium tris(pentafluoroethyl)trifluorophosphate,CCn1cc[n+](C)c1.FC(F)(F)C(F)(F)[P-](F)(F)(F)(C(F)(F)C(F)(F)F)C(F)(F)C(F)(F)F,318.06,,SurfaceTension,0.033909995,0.03416146,0.00025146455,test,Random point,Point,E,Surface tension multi-split parity plot,True
1506,1-methyl-3-octylimidazolium tetrafluoroborate,CCCCCCCCn1cc[n+](C)c1.F[B-](F)(F)F,313.0,,SurfaceTension,0.0299,0.030973574,0.0010735746,test,Random point,Point,E,Surface tension multi-split parity plot,True
1045,1-dodecyl-3-methyl-1H-imidazolium bis(trifluoromethylsulfonyl)amide,CCCCCCCCCCCC[n+]1ccn(C)c1.O=S(=O)([N-]S(=O)(=O)C(F)(F)F)C(F)(F)F,373.7,,SurfaceTension,0.024499996,0.023600372,0.0008996241,test,Random point,Point,E,Surface tension multi-split parity plot,True
1107,1-decyl-3-methylimidazolium bis(trifluoromethylsulfonyl)amide,CCCCCCCCCC[n+]1ccn(C)c1.O=S(=O)([N-]S(=O)(=O)C(F)(F)F)C(F)(F)F,298.15,,SurfaceTension,0.030377496,0.030574728,0.00019723177,test,Random point,Point,E,Surface tension multi-split parity plot,True
826,tributyltetradecylphosphonium 4-dodecylbenzenesulfonate,CCCCCCCCCCCCCC[P+](CCCC)(CCCC)CCCC.CCCCCCCCCCCCc1ccc(S(=O)(=O)[O-])cc1,324.1,,SurfaceTension,0.028002,0.028107656,0.00010565668,test,Random point,Point,E,Surface tension multi-split parity plot,True
1190,1-nonyl-3-methylimidazolium tetrafluoroborate,CCCCCCCCC[n+]1ccn(C)c1.F[B-](F)(F)F,322.9,,SurfaceTension,0.03039,0.030216018,0.00017398223,test,Random point,Point,E,Surface tension multi-split parity plot,True
923,trihexyl(tetradecyl)phosphonium bis[(trifluoromethyl)sulfonyl]imide,CCCCCCCCCCCCCC[P+](CCCCCC)(CCCCCC)CCCCCC.O=S(=O)([N-]S(=O)(=O)C(F)(F)F)C(F)(F)F,318.2,,SurfaceTension,0.029030003,0.028918901,0.000111101195,test,Random point,Point,E,Surface tension multi-split parity plot,True
918,trihexyl(tetradecyl)phosphonium bis[(trifluoromethyl)sulfonyl]imide,CCCCCCCCCCCCCC[P+](CCCCCC)(CCCCCC)CCCCCC.O=S(=O)([N-]S(=O)(=O)C(F)(F)F)C(F)(F)F,303.17,,SurfaceTension,0.029889997,0.029972633,8.263625e-05,test,Random point,Point,E,Surface tension multi-split parity plot,True
3956,1-propylpyridinium tetrafluoroborate,CCC[n+]1ccccc1.F[B-](F)(F)F,330.65,,SurfaceTension,0.048459996,0.048773557,0.0003135614,test,Random point,Point,E,Surface tension multi-split parity plot,True
2645,1-butyl-3-methylpyridinium dicyanamide,CCCC[n+]1cccc(C)c1.N#C[N-]C#N,304.15,,SurfaceTension,0.0423,0.048653305,0.006353304,test,Random point,Point,E,Surface tension multi-split parity plot,True
1698,1-heptyl-3-methylimidazolium bis(trifluoromethylsulfonyl)amide,CCCCCCC[n+]1ccn(C)c1.O=S(=O)([N-]S(=O)(=O)C(F)(F)F)C(F)(F)F,338.15,,SurfaceTension,0.029520001,0.02911174,0.000408262,test,Random point,Point,E,Surface tension multi-split parity plot,True
327,1-methyl-3-pentylimidazolium acetate,CC(=O)[O-].CCCCCn1cc[n+](C)c1,323.15,,SurfaceTension,0.0322,0.032056004,0.00014399737,test,Random point,Point,E,Surface tension multi-split parity plot,True
2287,1-methyl-3-pentyl-imidazolium tetrafluoroborate,CCCCCn1cc[n+](C)c1.F[B-](F)(F)F,308.1,,SurfaceTension,0.0406,0.04074509,0.00014508888,test,Random point,Point,E,Surface tension multi-split parity plot,True
386,1-ethyl-3-methylimidazolium acetate,CC(=O)[O-].CC[n+]1ccn(C)c1,303.15,,SurfaceTension,0.04156,0.045284003,0.0037240013,test,Random point,Point,E,Surface tension multi-split parity plot,True
4455,1-ethyl-3-methylimidazolium tetrafluoroborate,CC[n+]1ccn(C)c1.F[B-](F)(F)F,333.0,,SurfaceTension,0.052500002,0.05079959,0.0017004125,test,Random point,Point,E,Surface tension multi-split parity plot,True
1710,1-heptyl-3-methylimidazolium bromide,CCCCCCC[n+]1ccn(C)c1.[Br-],341.91,,SurfaceTension,0.03314,0.03330908,0.00016907975,test,Random point,Point,E,Surface tension multi-split parity plot,True
5625,1-methyl-3-pentylimidazolium galliumtetrachloride,[Cl-].[Cl-].[Cl-].[Cl-].[Ga+3].CN1C=[N+](C=C1)CCCCC,283.15,,SurfaceTension,0.04365,0.043709442,5.9440732e-05,test,Random point,Point,E,Surface tension multi-split parity plot,True
3878,"N-ethyl-N,N-dimethyl-1-propanaminium 1,1,1-trifluoro-N-[(trifluoromethyl)sulfonyl]methanesulfonamide",CCC[N+](C)(C)CC.O=S(=O)([N-]S(=O)(=O)C(F)(F)F)C(F)(F)F,323.15,,SurfaceTension,0.04395,0.04424042,0.0002904199,test,Random point,Point,E,Surface tension multi-split parity plot,True
2082,1-hexyl-3-methylimidazolium chloride,CCCCCC[n+]1ccn(C)c1.[Cl-],323.12,,SurfaceTension,0.03884,0.039166216,0.00032621622,test,Random point,Point,E,Surface tension multi-split parity plot,True
3350,1-butyl-3-methylimidazolium dicyanamide,CCCC[n+]1ccn(C)c1.N#C[N-]C#N,328.55,,SurfaceTension,0.044119995,0.046059642,0.0019396469,test,Random point,Point,E,Surface tension multi-split parity plot,True
4000,1-propyl-3-methylimidazolium DL-threoninate,CCC[n+]1ccn(C)c1.C[C@@H](O)[C@H](N)C(=O)[O-],323.15,,SurfaceTension,0.0391,0.03863843,0.0004615672,test,Random point,Point,E,Surface tension multi-split parity plot,True
241,1-allyl-3-methylimidazolium dicyanamide,C=CC[n+]1ccn(C)c1.N#C[N-]C#N,288.15,,SurfaceTension,0.059599996,0.060624108,0.0010241121,test,Random point,Point,E,Surface tension multi-split parity plot,True
1966,1-hexyl-3-methylimidazolium bis[(trifluoromethyl)sulfonyl]imide,CCCCCC[n+]1ccn(C)c1.O=S(=O)([N-]S(=O)(=O)C(F)(F)F)C(F)(F)F,292.27,,SurfaceTension,0.031899996,0.032112114,0.00021211803,test,Random point,Point,E,Surface tension multi-split parity plot,True
928,trihexyl(tetradecyl)phosphonium bis[(trifluoromethyl)sulfonyl]imide,CCCCCCCCCCCCCC[P+](CCCCCC)(CCCCCC)CCCCCC.O=S(=O)([N-]S(=O)(=O)C(F)(F)F)C(F)(F)F,343.15,,SurfaceTension,0.027590003,0.02732059,0.000269413,test,Random point,Point,E,Surface tension multi-split parity plot,True
5062,1-ethyl-3-methylimidazolium methylsulfate,COS(=O)(=O)[O-].C(C)N1C=[N+](C=C1)C,318.15,,SurfaceTension,0.051439997,0.051693555,0.00025355816,test,Random point,Point,E,Surface tension multi-split parity plot,True
1468,1-methyl-3-octylimidazolium tris(pentafluoroethyl)trifluorophosphate,CCCCCCCCn1cc[n+](C)c1.FC(F)(F)C(F)(F)[P-](F)(F)(F)(C(F)(F)C(F)(F)F)C(F)(F)C(F)(F)F,298.15,,SurfaceTension,0.030699998,0.031189037,0.00048903935,test,Random point,Point,E,Surface tension multi-split parity plot,True
574,1-propyl-3-methylimidazolium propionate,CCC(=O)[O-].CCC[n+]1ccn(C)c1,328.15,,SurfaceTension,0.035999995,0.035102822,0.00089717284,test,Random point,Point,E,Surface tension multi-split parity plot,True
3869,1-(2-propoxyethyl)pyridinium bis((trifluoromethyl)sulfonyl)amide,CCCOCC[n+]1ccccc1.O=S(=O)([N-]S(=O)(=O)C(F)(F)F)C(F)(F)F,298.15,,SurfaceTension,0.03193,0.03192073,9.268522e-06,test,Random point,Point,E,Surface tension multi-split parity plot,True
3942,3-methyl-1-propylpyridinium bis(trifluoromethylsulfonyl)imide,CCC[n+]1cccc(C)c1.O=S(=O)([N-]S(=O)(=O)C(F)(F)F)C(F)(F)F,333.15,,SurfaceTension,0.033755,0.03340964,0.0003453605,test,Random point,Point,E,Surface tension multi-split parity plot,True
1537,1-methyl-3-octylimidazolium tetracyanoborate,CCCCCCCCn1cc[n+](C)c1.N#C[B-](C#N)(C#N)C#N,313.27,,SurfaceTension,0.036180004,0.036800932,0.00062092766,test,Random point,Point,E,Surface tension multi-split parity plot,True
2757,1-butylpyridinium nitrate,CCCC[n+]1ccccc1.O=[N+]([O-])[O-],338.15,,SurfaceTension,0.04864,0.047896776,0.0007432252,test,Random point,Point,E,Surface tension multi-split parity plot,True
4262,"N-ethyl-N,N-dimethyl-2-methoxyethylammonium bis(trifluoromethylsulfonyl)imide",CC[N+](C)(C)CCOC.O=S(=O)([N-]S(=O)(=O)C(F)(F)F)C(F)(F)F,343.15,,SurfaceTension,0.042229995,0.042739,0.00050900504,test,Random point,Point,E,Surface tension multi-split parity plot,True
3719,1-butyl-3-methylimidazolium tris(pentafluoroethyl)trifluorophosphate,CCCCn1cc[n+](C)c1.FC(F)(F)C(F)(F)[P-](F)(F)(F)(C(F)(F)C(F)(F)F)C(F)(F)C(F)(F)F,298.33,,SurfaceTension,0.032489996,0.032555748,6.5751374e-05,test,Random point,Point,E,Surface tension multi-split parity plot,True
3264,1-butyl-3-methyl-1H-imidazolium tetracyanoborate,CCCC[n+]1ccn(C)c1.N#C[B-](C#N)(C#N)C#N,293.38,,SurfaceTension,0.044039994,0.043991588,4.8406422e-05,test,Random point,Point,E,Surface tension multi-split parity plot,True
2382,butyltrimethylammonium bis(trifluoromethylsulfonyl)imide,CCCC[N+](C)(C)C.O=S(=O)([N-]S(=O)(=O)C(F)(F)F)C(F)(F)F,326.4,,SurfaceTension,0.037100002,0.03229339,0.0048066117,test,Random point,Point,E,Surface tension multi-split parity plot,True
1526,1-methyl-3-octylimidazolium tetrafluoroborate,CCCCCCCCn1cc[n+](C)c1.F[B-](F)(F)F,368.0,,SurfaceTension,0.027199998,0.027690195,0.00049019605,test,Random point,Point,E,Surface tension multi-split parity plot,True
2700,1-butylpyridinium tetrafluoroborate,CCCC[n+]1ccccc1.F[B-](F)(F)F,290.65,,SurfaceTension,0.04713,0.047179915,4.9915165e-05,test,Random point,Point,E,Surface tension multi-split parity plot,True
1666,1-heptyl-3-methylimidazolium tetrafluoroborate,CCCCCCC[n+]1ccn(C)c1.F[B-](F)(F)F,288.47,,SurfaceTension,0.03598,0.03624998,0.00026997924,test,Random point,Point,E,Surface tension multi-split parity plot,True
1685,1-heptyl-3-methylimidazolium hexafluorophosphate,CCCCCCC[n+]1ccn(C)c1.F[P-](F)(F)(F)(F)F,337.89,,SurfaceTension,0.033909995,0.033871833,3.8161874e-05,test,Random point,Point,E,Surface tension multi-split parity plot,True
253,1-allyl-3-methyl-1H-imidazolium bis((trifluoromethyl)sulfonyl)amide,C=CC[n+]1ccn(C)c1.O=S(=O)([N-]S(=O)(=O)C(F)(F)F)C(F)(F)F,288.15,,SurfaceTension,0.035200004,0.034996584,0.00020341948,test,Random point,Point,E,Surface tension multi-split parity plot,True
3384,1-butyl-3-methylimidazolium thiocyanate,CCCC[n+]1ccn(C)c1.N#C[S-],298.1,,SurfaceTension,0.044600002,0.04629426,0.0016942583,test,Random point,Point,E,Surface tension multi-split parity plot,True
1900,1-hexyl-3-methylimidazolium tetracyanoborate,CCCCCC[n+]1ccn(C)c1.N#C[B-](C#N)(C#N)C#N,283.27,,SurfaceTension,0.04199001,0.042163488,0.00017347932,test,Random point,Point,E,Surface tension multi-split parity plot,True
5328,"1,3-dimethylimidazolium tetracyanoborate",Cn1cc[n+](C)c1.N#C[B-](C#N)(C#N)C#N,343.13,,SurfaceTension,0.030600002,0.030695803,9.580143e-05,test,Random point,Point,E,Surface tension multi-split parity plot,True
4589,1-ethyl-3-methylimidazolium dicyanamide,CC[n+]1ccn(C)c1.N#C[N-]C#N,328.35,,SurfaceTension,0.058260005,0.057135932,0.0011240728,test,Random point,Point,E,Surface tension multi-split parity plot,True
992,benzyldimethyldodecylammonium bis(trifluoromethylsulfonyl)imide,CCCCCCCCCCCC[N+](C)(C)Cc1ccccc1.O=S(=O)([N-]S(=O)(=O)C(F)(F)F)C(F)(F)F,323.15,,SurfaceTension,0.030600002,0.031122785,0.000522783,test,Random point,Point,E,Surface tension multi-split parity plot,True
5441,1-(3-hydroxypropyl)pyridinium trifluorotris(perfluoroethyl)phosphate(V),FC(F)(F)C(F)(F)[P-](F)(F)(F)(C(F)(F)C(F)(F)F)C(F)(F)C(F)(F)F.OCCC[n+]1ccccc1,298.23,,SurfaceTension,0.03998,0.039704926,0.00027507544,test,Random point,Point,E,Surface tension multi-split parity plot,True
893,tetradecyl(trihexyl)phosphonium dicyanamide,CCCCCCCCCCCCCC[P+](CCCCCC)(CCCCCC)CCCCCC.N#C[N-]C#N,348.64,,SurfaceTension,0.027560003,0.027881395,0.00032139197,test,Random point,Point,E,Surface tension multi-split parity plot,True
3514,1-butyl-3-methylimidazolium trifluoromethanesulfonate,CCCC[n+]1ccn(C)c1.O=S(=O)([O-])C(F)(F)F,298.06,,SurfaceTension,0.035180002,0.034668725,0.00051127747,test,Random point,Point,E,Surface tension multi-split parity plot,True
3490,1-butyl-3-methylimidazolium bis(trifluoromethylsulfonyl)imide,CCCC[n+]1ccn(C)c1.O=S(=O)([N-]S(=O)(=O)C(F)(F)F)C(F)(F)F,353.7,,SurfaceTension,0.0301,0.029607246,0.00049275346,test,Random point,Point,E,Surface tension multi-split parity plot,True
5385,1-(2-hydroxyethyl)-3-methylimidazolium L-serinate,Cn1cc[n+](CCO)c1.N[C@@H](CO)C(=O)[O-],313.15,,SurfaceTension,0.0401,0.039580923,0.0005190782,test,Random point,Point,E,Surface tension multi-split parity plot,True
1712,1-heptyl-3-methylimidazolium bromide,CCCCCCC[n+]1ccn(C)c1.[Br-],353.14,,SurfaceTension,0.032609995,0.032836266,0.00022627041,test,Random point,Point,E,Surface tension multi-split parity plot,True
1134,1-decyl-3-methylimidazolium bis(trifluoromethylsulfonyl)amide,CCCCCCCCCC[n+]1ccn(C)c1.O=S(=O)([N-]S(=O)(=O)C(F)(F)F)C(F)(F)F,533.2,,SurfaceTension,0.016900001,0.01782096,0.0009209588,test,Random point,Point,E,Surface tension multi-split parity plot,True
4781,1-ethyl-3-methylimidazolium bis((trifluoromethyl)sulfonyl)imide,CC[n+]1ccn(C)c1.O=S(=O)([N-]S(=O)(=O)C(F)(F)F)C(F)(F)F,332.7,,SurfaceTension,0.0342,0.035128005,0.00092800334,test,Random point,Point,E,Surface tension multi-split parity plot,True
1978,1-hexyl-3-methylimidazolium bis[(trifluoromethyl)sulfonyl]imide,CCCCCC[n+]1ccn(C)c1.O=S(=O)([N-]S(=O)(=O)C(F)(F)F)C(F)(F)F,306.1,,SurfaceTension,0.03132,0.03153466,0.0002146624,test,Random point,Point,E,Surface tension multi-split parity plot,True
4772,1-ethyl-3-methylimidazolium bis((trifluoromethyl)sulfonyl)imide,CC[n+]1ccn(C)c1.O=S(=O)([N-]S(=O)(=O)C(F)(F)F)C(F)(F)F,322.22,,SurfaceTension,0.0353,0.035648555,0.00034855306,test,Random point,Point,E,Surface tension multi-split parity plot,True
1466,1-methyl-3-octylimidazolium L-alaninate,CCCCCCCCn1cc[n+](C)c1.C[C@H](N)C(=O)[O-],323.15,,SurfaceTension,0.026609998,0.026812525,0.00020252727,test,Random point,Point,E,Surface tension multi-split parity plot,True
1626,1-methyl-3-octylimidazolium bromide,CCCCCCCCn1cc[n+](C)c1.[Br-],298.15,,SurfaceTension,0.032000005,0.03306884,0.0010688342,test,Random point,Point,E,Surface tension multi-split parity plot,True
3656,"1-butyl-2,3-dimethylimidazolium glycinate",CCCC[n+]1ccn(C)c1C.NCC(=O)[O-],308.15,,SurfaceTension,0.049,0.048951626,4.8372895e-05,test,Random point,Point,E,Surface tension multi-split parity plot,True
4976,1-(4-methoxybutyl)-3-methylimidazolium aspartate,COCCCC[n+]1ccn(C)c1.N[C@@H](CC(=O)O)C(=O)[O-],298.15,,SurfaceTension,0.0548,0.055311937,0.00051193684,test,Random point,Point,E,Surface tension multi-split parity plot,True
4201,3-(2-cyanoethyl)-1-(2-ethoxyethyl)imidazolium bis(trifluoromethanesulfonyl)amide,CCOCC[n+]1ccn(CCC#N)c1.O=S(=O)([N-]S(=O)(=O)C(F)(F)F)C(F)(F)F,333.2,,SurfaceTension,0.022590002,0.022678047,8.804537e-05,test,Random point,Point,E,Surface tension multi-split parity plot,True
2157,1-hexyl-3-methylimidazolium tris(pentafluoroethyl)trifluorophosphate,CCCCCCn1cc[n+](C)c1.FC(F)(F)C(F)(F)[P-](F)(F)(F)(C(F)(F)C(F)(F)F)C(F)(F)C(F)(F)F,342.94,,SurfaceTension,0.028860003,0.029171865,0.00031186268,test,Random point,Point,E,Surface tension multi-split parity plot,True
3364,1-butyl-3-methylimidazolium dicyanamide,CCCC[n+]1ccn(C)c1.N#C[N-]C#N,343.34,,SurfaceTension,0.04348,0.044646773,0.0011667721,test,Random point,Point,E,Surface tension multi-split parity plot,True
4891,1-ethyl-3-(6-hydroxyhexyl)-1H-imidazolium chloride,CC[n+]1ccn(CCCCCCO)c1.[Cl-],308.15,,SurfaceTension,0.03995,0.036164865,0.0037851334,test,Random point,Point,E,Surface tension multi-split parity plot,True
1251,triethyloctylammonium bis[(trifluoromethyl)sulfonyl]imide,CCCCCCCC[N+](CC)(CC)CC.O=S(=O)([N-]S(=O)(=O)C(F)(F)F)C(F)(F)F,298.0,,SurfaceTension,0.033099998,0.033104513,4.515052e-06,test,Random point,Point,E,Surface tension multi-split parity plot,True
4222,triethyl(2-(ethylthio)ethyl)phosphonium bis(trifluoromethylsulfonyl)amide,CCSCC[P+](CC)(CC)CC.O=S(=O)([N-]S(=O)(=O)C(F)(F)F)C(F)(F)F,293.0,,SurfaceTension,0.035200004,0.046438336,0.011238333,test,Random point,Point,E,Surface tension multi-split parity plot,True
4196,3-(2-cyanoethyl)-1-(2-ethoxyethyl)imidazolium dicyanamide,CCOCC[n+]1ccn(CCC#N)c1.N#C[N-]C#N,353.0,,SurfaceTension,0.019479997,0.020043198,0.00056320056,test,Random point,Point,E,Surface tension multi-split parity plot,True
5626,1-methyl-3-pentylimidazolium galliumtetrachloride,[Cl-].[Cl-].[Cl-].[Cl-].[Ga+3].CN1C=[N+](C=C1)CCCCC,303.15,,SurfaceTension,0.042600006,0.04238202,0.00021798536,test,Random point,Point,E,Surface tension multi-split parity plot,True
5040,1-(methoxymethyl)-3-methylimidazolium bis((trifluoromethyl)sulfonyl)amide,COC[n+]1ccn(C)c1.O=S(=O)([N-]S(=O)(=O)C(F)(F)F)C(F)(F)F,303.15,,SurfaceTension,0.036449995,0.036419045,3.094971e-05,test,Random point,Point,E,Surface tension multi-split parity plot,True
1223,1-methyl-3-nonylimidazolium bromide,CCCCCCCCCn1cc[n+](C)c1.[Br-],333.09,,SurfaceTension,0.029189996,0.029145032,4.4964254e-05,test,Random point,Point,E,Surface tension multi-split parity plot,True
5588,"1-ethyl-2,3-dimethylimidazolium hydrogensulfate",S(=O)(=O)(O)[O-].C(C)N1C(=[N+](C=C1)C)C,298.15,,SurfaceTension,0.049799994,0.05018009,0.0003800951,test,Random point,Point,E,Surface tension multi-split parity plot,True
391,1-ethyl-3-methylimidazolium acetate,CC(=O)[O-].CC[n+]1ccn(C)c1,313.15,,SurfaceTension,0.040890004,0.044626825,0.00373682,test,Random point,Point,E,Surface tension multi-split parity plot,True
3404,1-butyl-3-methylimidazolium (S)-2-amino-4-carboxybutanoate,CCCC[n+]1ccn(C)c1.N[C@@H](CCC(=O)O)C(=O)[O-],328.15,,SurfaceTension,0.042500008,0.043255474,0.0007554665,test,Random point,Point,E,Surface tension multi-split parity plot,True
1532,1-methyl-3-octylimidazolium tetrafluoroborate,CCCCCCCCn1cc[n+](C)c1.F[B-](F)(F)F,451.63,,SurfaceTension,0.024499996,0.02401257,0.0004874263,test,Random point,Point,E,Surface tension multi-split parity plot,True
3592,1-butyl-3-methylimidazolium chloride,CCCC[n+]1ccn(C)c1.[Cl-],343.0,,SurfaceTension,0.045299996,0.04643786,0.0011378638,test,Random point,Point,E,Surface tension multi-split parity plot,True
1241,"methyltrioctylammonium 1,1,1-trifluoro-N-[(trifluoromethyl)sulfonyl]methanesulfonamide",CCCCCCCC[N+](C)(CCCCCCCC)CCCCCCCC.O=S(=O)([N-]S(=O)(=O)C(F)(F)F)C(F)(F)F,318.15,,SurfaceTension,0.02656,0.027053677,0.00049367733,test,Random point,Point,E,Surface tension multi-split parity plot,True
1794,1-hexylpyridinium tetrafluoroborate,CCCCCC[n+]1ccccc1.F[B-](F)(F)F,325.65,,SurfaceTension,0.03791,0.03748776,0.0004222393,test,Random point,Point,E,Surface tension multi-split parity plot,True
3004,1-butyl-3-methylimidazolium hexafluorophosphate,CCCC[n+]1ccn(C)c1.F[P-](F)(F)(F)(F)F,322.98,,SurfaceTension,0.04245,0.043059047,0.0006090477,test,Random point,Point,E,Surface tension multi-split parity plot,True
548,2-hydroxyethylammonium lactate,CC(O)C(=O)[O-].[NH3+]CCO,328.15,,SurfaceTension,0.049999993,0.04984466,0.00015533343,test,Random point,Point,E,Surface tension multi-split parity plot,True
2951,1-butyl-3-methylimidazolium hexafluorophosphate,CCCC[n+]1ccn(C)c1.F[P-](F)(F)(F)(F)F,293.15,,SurfaceTension,0.04395333,0.04434926,0.0003959313,test,Random point,Point,E,Surface tension multi-split parity plot,True
342,1-butyl-3-methylimidazolium acetate,CC(=O)[O-].CCCC[n+]1ccn(C)c1,303.2,,SurfaceTension,0.037400007,0.036320698,0.0010793097,test,Random point,Point,E,Surface tension multi-split parity plot,True
2871,1-butyl-3-methylimidazolium tetrafluoroborate,CCCC[n+]1ccn(C)c1.F[B-](F)(F)F,318.19,,SurfaceTension,0.04319,0.043159455,3.0543655e-05,test,Random point,Point,E,Surface tension multi-split parity plot,True
4832,1-ethyl-3-methylimidazolium trifluoromethanesulfonate,CC[n+]1ccn(C)c1.O=S(=O)([O-])C(F)(F)F,338.3,,SurfaceTension,0.039499998,0.03953186,3.1862408e-05,test,Random point,Point,E,Surface tension multi-split parity plot,True
1881,1-hexyl-3-methylimidazolium hexafluorophosphate,CCCCCC[n+]1ccn(C)c1.F[P-](F)(F)(F)(F)F,333.0,,SurfaceTension,0.0408,0.036906645,0.0038933568,test,Random point,Point,E,Surface tension multi-split parity plot,True
4862,1-ethyl-3-methylimidazolium chloride,CC[n+]1ccn(C)c1.[Cl-],343.38,,SurfaceTension,0.062010005,0.061145812,0.00086419284,test,Random point,Point,E,Surface tension multi-split parity plot,True
193,1-butyl-3-methylimidazolium octylsulfate,C(CCCCCCC)OS(=O)(=O)[O-].C(CCC)N1C=[N+](C=C1)C,308.15,,SurfaceTension,0.02627,0.032415397,0.006145397,test,Random point,Point,E,Surface tension multi-split parity plot,True
5375,1-(2-hydroxyethyl)-3-methylimidazolium tetrafluoroborate,Cn1cc[n+](CCO)c1.F[B-](F)(F)F,645.35,,SurfaceTension,0.05990001,0.059797123,0.00010288507,test,Random point,Point,E,Surface tension multi-split parity plot,True
3523,1-butyl-3-methylimidazolium trifluoromethanesulfonate,CCCC[n+]1ccn(C)c1.O=S(=O)([O-])C(F)(F)F,308.06,,SurfaceTension,0.03483,0.034382507,0.00044749305,test,Random point,Point,E,Surface tension multi-split parity plot,True
2766,1-butyl-2-methylpyridinium tetrafluoroborate,CCCC[n+]1ccccc1C.F[B-](F)(F)F,308.15,,SurfaceTension,0.045079995,0.04500022,7.977337e-05,test,Random point,Point,E,Surface tension multi-split parity plot,True
874,tetradecyl(trihexyl)phosphonium dicyanamide,CCCCCCCCCCCCCC[P+](CCCCCC)(CCCCCC)CCCCCC.N#C[N-]C#N,299.35,,SurfaceTension,0.034799997,0.031762127,0.00303787,test,Random point,Point,E,Surface tension multi-split parity plot,True
4746,1-ethyl-3-methylimidazolium bis((trifluoromethyl)sulfonyl)imide,CC[n+]1ccn(C)c1.O=S(=O)([N-]S(=O)(=O)C(F)(F)F)C(F)(F)F,293.34,,SurfaceTension,0.03663,0.036816508,0.00018650666,test,Random point,Point,E,Surface tension multi-split parity plot,True
4807,1-ethyl-3-methylimidazolium trifluoromethanesulfonate,CC[n+]1ccn(C)c1.O=S(=O)([O-])C(F)(F)F,281.05,,SurfaceTension,0.0411,0.041197516,9.7516924e-05,test,Random point,Point,E,Surface tension multi-split parity plot,True
3619,1-butyl-3-methylimidazolium iodide,CCCC[n+]1ccn(C)c1.[I-],288.03,,SurfaceTension,0.050179996,0.050404243,0.00022424757,test,Random point,Point,E,Surface tension multi-split parity plot,True
5384,1-(2-hydroxyethyl)-3-methylimidazolium L-serinate,Cn1cc[n+](CCO)c1.N[C@@H](CO)C(=O)[O-],293.15,,SurfaceTension,0.04325,0.04472124,0.0014712401,test,Random point,Point,E,Surface tension multi-split parity plot,True
2709,1-butylpyridinium tetrafluoroborate,CCCC[n+]1ccccc1.F[B-](F)(F)F,315.65,,SurfaceTension,0.045549996,0.045897014,0.00034701824,test,Random point,Point,E,Surface tension multi-split parity plot,True
5580,1-methyl-3-propylimidazolium dihydrogenphosphate,P(=O)(O)(O)[O-].CN1C=[N+](C=C1)CCC,328.15,,SurfaceTension,0.044,0.044331834,0.00033183396,test,Random point,Point,E,Surface tension multi-split parity plot,True
2546,1-butyl-4-methylpyridinium tetrafluoroborate,CCCC[n+]1ccc(C)cc1.F[B-](F)(F)F,291.15,,SurfaceTension,0.045099992,0.045728832,0.0006288402,test,Random point,Point,E,Surface tension multi-split parity plot,True
5032,1-(2-methoxyethyl)-3-methyl-1H-imidazol-3-ium methanesulfonate,COCCn1cc[n+](C)c1.CS(=O)(=O)[O-],318.15,,SurfaceTension,0.046839997,0.046416286,0.0004237108,test,Random point,Point,E,Surface tension multi-split parity plot,True
5576,1-methyl-3-pentylimidazolium dihydrogenphosphate,P(=O)(O)(O)[O-].CN1C=[N+](C=C1)CCCCC,333.15,,SurfaceTension,0.039,0.039265625,0.00026562437,test,Random point,Point,E,Surface tension multi-split parity plot,True
3964,1-propylpyridinium bis((trifluoromethyl)sulfonyl)amide,CCC[n+]1ccccc1.O=S(=O)([N-]S(=O)(=O)C(F)(F)F)C(F)(F)F,322.89,,SurfaceTension,0.03446,0.03429004,0.00016995892,test,Random point,Point,E,Surface tension multi-split parity plot,True
2063,1-hexyl-3-methyl-1H-imidazolium bromide,CCCCCC[n+]1ccn(C)c1.[Br-],313.4,,SurfaceTension,0.03968,0.039805233,0.00012523308,test,Random point,Point,E,Surface tension multi-split parity plot,True
3634,1-butyl-3-methylimidazolium iodide,CCCC[n+]1ccn(C)c1.[I-],338.21,,SurfaceTension,0.047239996,0.048290696,0.0010506995,test,Random point,Point,E,Surface tension multi-split parity plot,True
5038,1-(methoxymethyl)pyridinium bis((trifluoromethyl)sulfonyl)amide,COC[n+]1ccccc1.O=S(=O)([N-]S(=O)(=O)C(F)(F)F)C(F)(F)F,333.15,,SurfaceTension,0.034879997,0.035056785,0.00017678738,test,Random point,Point,E,Surface tension multi-split parity plot,True
2016,1-hexyl-3-methylimidazolium bis[(trifluoromethyl)sulfonyl]imide,CCCCCC[n+]1ccn(C)c1.O=S(=O)([N-]S(=O)(=O)C(F)(F)F)C(F)(F)F,353.4,,SurfaceTension,0.027199998,0.028175892,0.0009758938,test,Random point,Point,E,Surface tension multi-split parity plot,True
2252,1-pentylpyridinium bis(trifluoromethylsulfonyl)amide,CCCCC[n+]1ccccc1.O=S(=O)([N-]S(=O)(=O)C(F)(F)F)C(F)(F)F,323.15,,SurfaceTension,0.0313,0.03123262,6.738119e-05,test,Random point,Point,E,Surface tension multi-split parity plot,True
5282,3-(2-hydroxyethyl)-1-methyl-1H-imidazolium trifluorotris(perfluoroethyl)phosphate(V),C[n+]1ccn(CCO)c1.FC(F)(F)C(F)(F)[P-](F)(F)(F)(C(F)(F)C(F)(F)F)C(F)(F)C(F)(F)F,272.51,,SurfaceTension,0.040030003,0.039785482,0.0002445206,test,Random point,Point,E,Surface tension multi-split parity plot,True
4019,1-propyl-3-methylimidazolium glycine,CCC[n+]1ccn(C)c1.NCC(=O)[O-],288.15,,SurfaceTension,0.0461,0.046233572,0.00013357028,test,Random point,Point,E,Surface tension multi-split parity plot,True
3424,1-butyl-3-methylimidazolium tris[(trifluoromethyl)sulfonyl]methide,CCCC[n+]1ccn(C)c1.O=S(=O)([C-](S(=O)(=O)C(F)(F)F)S(=O)(=O)C(F)(F)F)C(F)(F)F,298.1,,SurfaceTension,0.0351,0.035363868,0.00026386604,test,Random point,Point,E,Surface tension multi-split parity plot,True
978,1-tetradecyl-3-methylimidazolium bis(trifluoromethylsulfonyl)imide,CCCCCCCCCCCCCC[n+]1ccn(C)c1.O=S(=O)([N-]S(=O)(=O)C(F)(F)F)C(F)(F)F,323.3,,SurfaceTension,0.0249,0.029093558,0.0041935574,test,Random point,Point,E,Surface tension multi-split parity plot,True
2635,1-butyl-3-methylpyridinium tetrafluoroborate,CCCC[n+]1cccc(C)c1.F[B-](F)(F)F,328.15,,SurfaceTension,0.042929996,0.04278791,0.0001420863,test,Random point,Point,E,Surface tension multi-split parity plot,True
2621,1-butyl-3-methylpyridinium tris(pentafluoroethyl)trifluorophosphate,CCCC[n+]1cccc(C)c1.FC(F)(F)C(F)(F)[P-](F)(F)(F)(C(F)(F)C(F)(F)F)C(F)(F)C(F)(F)F,303.15,,SurfaceTension,0.0347,0.034643803,5.6196004e-05,test,Random point,Point,E,Surface tension multi-split parity plot,True
1829,1-hexyl-3-methylimidazolium tetrafluoroborate,CCCCCC[n+]1ccn(C)c1.F[B-](F)(F)F,293.15,,SurfaceTension,0.038639996,0.038764555,0.0001245588,test,Random point,Point,E,Surface tension multi-split parity plot,True
5314,3-methyl-1-(4-sulfobutyl)benzimidazolium trifluoroacetate,Cn1c[n+](CCCCS(=O)(=O)O)c2ccccc21.O=C([O-])C(F)(F)F,303.15,,SurfaceTension,0.042369995,0.04081874,0.0015512556,test,Random point,Point,E,Surface tension multi-split parity plot,True
1103,1-decyl-3-methylimidazolium bis(trifluoromethylsulfonyl)amide,CCCCCCCCCC[n+]1ccn(C)c1.O=S(=O)([N-]S(=O)(=O)C(F)(F)F)C(F)(F)F,293.15,,SurfaceTension,0.031740002,0.030935833,0.0008041691,test,Random point,Point,E,Surface tension multi-split parity plot,True
4348,1-ethylpyridinium trifluoroacetate,CC[n+]1ccccc1.O=C([O-])C(F)(F)F,298.15,,SurfaceTension,0.044899996,0.044872835,2.7161092e-05,test,Random point,Point,E,Surface tension multi-split parity plot,True
4749,1-ethyl-3-methylimidazolium bis((trifluoromethyl)sulfonyl)imide,CC[n+]1ccn(C)c1.O=S(=O)([N-]S(=O)(=O)C(F)(F)F)C(F)(F)F,297.0,,SurfaceTension,0.038,0.036696803,0.001303196,test,Random point,Point,E,Surface tension multi-split parity plot,True
2632,1-butyl-3-methylpyridinium tetrafluoroborate,CCCC[n+]1cccc(C)c1.F[B-](F)(F)F,310.65,,SurfaceTension,0.043969993,0.044333782,0.0003637895,test,Random point,Point,E,Surface tension multi-split parity plot,True
4451,1-ethyl-3-methylimidazolium tetrafluoroborate,CC[n+]1ccn(C)c1.F[B-](F)(F)F,323.5,,SurfaceTension,0.05239,0.05134834,0.001041662,test,Random point,Point,E,Surface tension multi-split parity plot,True
4191,1-(2-ethoxyethyl)pyridinium bis((trifluoromethyl)sulfonyl)amide,CCOCC[n+]1ccccc1.O=S(=O)([N-]S(=O)(=O)C(F)(F)F)C(F)(F)F,353.15,,SurfaceTension,0.030729998,0.030519241,0.00021075644,test,Random point,Point,E,Surface tension multi-split parity plot,True
2961,1-butyl-3-methylimidazolium hexafluorophosphate,CCCC[n+]1ccn(C)c1.F[P-](F)(F)(F)(F)F,298.34,,SurfaceTension,0.043820005,0.044241253,0.00042124838,test,Random point,Point,E,Surface tension multi-split parity plot,True
2638,1-butyl-3-methylpyridinium tricyanomethanide,CCCC[n+]1cccc(C)c1.N#C[C-](C#N)C#N,313.75,,SurfaceTension,0.026899999,0.026769977,0.00013002194,test,Random point,Point,E,Surface tension multi-split parity plot,True
1330,1-octylpyridinium nitrate,CCCCCCCC[n+]1ccccc1.O=[N+]([O-])[O-],313.15,,SurfaceTension,0.03476,0.034691013,6.8984926e-05,test,Random point,Point,E,Surface tension multi-split parity plot,True
1432,1-methyl-3-octyl-1H-imidazol-3-ium L-serinate,CCCCCCCC[n+]1ccn(C)c1.N[C@@H](CO)C(=O)[O-],313.15,,SurfaceTension,0.0322,0.032649606,0.0004496053,test,Random point,Point,E,Surface tension multi-split parity plot,True
2577,1-butyl-4-methylpyridinium tricyanomethanide,CCCC[n+]1ccc(C)cc1.N#C[C-](C#N)C#N,337.57,,SurfaceTension,0.046059992,0.04634047,0.0002804771,test,Random point,Point,E,Surface tension multi-split parity plot,True
2371,butyltrimethylammonium bis(trifluoromethylsulfonyl)imide,CCCC[N+](C)(C)C.O=S(=O)([N-]S(=O)(=O)C(F)(F)F)C(F)(F)F,306.15,,SurfaceTension,0.037799995,0.032915927,0.004884068,test,Random point,Point,E,Surface tension multi-split parity plot,True
2711,1-butylpyridinium tetrafluoroborate,CCCC[n+]1ccccc1.F[B-](F)(F)F,318.15,,SurfaceTension,0.04538,0.045695752,0.00031575188,test,Random point,Point,E,Surface tension multi-split parity plot,True
1343,1-octyl-3-methylimidazolium hexafluorophosphate,CCCCCCCC[n+]1ccn(C)c1.F[P-](F)(F)(F)(F)F,287.88,,SurfaceTension,0.034480006,0.03460824,0.00012823567,test,Random point,Point,E,Surface tension multi-split parity plot,True
4199,3-(2-cyanoethyl)-1-(2-ethoxyethyl)imidazolium trifluoroacetate,CCOCC[n+]1ccn(CCC#N)c1.O=C([O-])C(F)(F)F,332.9,,SurfaceTension,0.03751,0.037440456,6.954372e-05,test,Random point,Point,E,Surface tension multi-split parity plot,True
2171,3-hexyl-1-methylimidazolium tricyanomethanide,CCCCCCn1cc[n+](C)c1.N#C[C-](C#N)C#N,323.25,,SurfaceTension,0.0415,0.041582625,8.262694e-05,test,Random point,Point,E,Surface tension multi-split parity plot,True
3598,1-butyl-3-methylimidazolium chloride,CCCC[n+]1ccn(C)c1.[Cl-],364.83,,SurfaceTension,0.046500005,0.044577826,0.001922179,test,Random point,Point,E,Surface tension multi-split parity plot,True
869,tetradecyl(trihexyl)phosphonium dicyanamide,CCCCCCCCCCCCCC[P+](CCCCCC)(CCCCCC)CCCCCC.N#C[N-]C#N,288.08,,SurfaceTension,0.03254,0.032257427,0.00028257445,test,Random point,Point,E,Surface tension multi-split parity plot,True
4081,1-methyl-3-propylimidazolium bis[(trifluoromethyl)sulfonyl]imide,CCCn1cc[n+](C)c1.O=S(=O)([N-]S(=O)(=O)C(F)(F)F)C(F)(F)F,433.3,,SurfaceTension,0.027600002,0.02655998,0.001040021,test,Random point,Point,E,Surface tension multi-split parity plot,True
2729,1-butylpyridinium trifluoroacetate,CCCC[n+]1ccccc1.O=C([O-])C(F)(F)F,323.15,,SurfaceTension,0.037499998,0.037064336,0.00043566152,test,Random point,Point,E,Surface tension multi-split parity plot,True
3746,1-butyl-3-methylimidazolium tris(pentafluoroethyl)trifluorophosphate,CCCCn1cc[n+](C)c1.FC(F)(F)C(F)(F)[P-](F)(F)(F)(C(F)(F)C(F)(F)F)C(F)(F)C(F)(F)F,354.56,,SurfaceTension,0.029499998,0.02925787,0.00024212897,test,Random point,Point,E,Surface tension multi-split parity plot,True
4490,1-ethyl-3-methylimidazolium tetracyanoborate,CC[n+]1ccn(C)c1.N#C[B-](C#N)(C#N)C#N,283.1,,SurfaceTension,0.049699992,0.049277507,0.00042248517,test,Random point,Point,E,Surface tension multi-split parity plot,True
1928,1-hexyl-3-methylimidazolium DL-glutamate,CCCCCC[n+]1ccn(C)c1.NC(CCC(=O)O)C(=O)[O-],343.15,,SurfaceTension,0.026600001,0.027723035,0.0011230335,test,Random point,Point,E,Surface tension multi-split parity plot,True
2611,1-butyl-3-cyanopyridinium bis(trifluoromethylsulfonyl)imide,CCCC[n+]1cccc(C#N)c1.O=S(=O)([N-]S(=O)(=O)C(F)(F)F)C(F)(F)F,328.15,,SurfaceTension,0.0314,0.03129894,0.000101059675,test,Random point,Point,E,Surface tension multi-split parity plot,True
2498,tributylethylphosphonium diethylphosphate,CCCC[P+](CC)(CCCC)CCCC.CCOP(=O)([O-])OCC,332.879,,SurfaceTension,0.026711999,0.027567869,0.00085587054,test,Random point,Point,E,Surface tension multi-split parity plot,True
1125,1-decyl-3-methylimidazolium bis(trifluoromethylsulfonyl)amide,CCCCCCCCCC[n+]1ccn(C)c1.O=S(=O)([N-]S(=O)(=O)C(F)(F)F)C(F)(F)F,353.3,,SurfaceTension,0.025300002,0.026187725,0.00088772364,test,Random point,Point,E,Surface tension multi-split parity plot,True
2615,N-butyl-3-methylpyridinium methylsulfate,CCCC[n+]1cccc(C)c1.COS(=O)(=O)[O-],309.75,,SurfaceTension,0.042400006,0.042314418,8.5588545e-05,test,Random point,Point,E,Surface tension multi-split parity plot,True
1387,1-octyl-3-methylimidazolium hexafluorophosphate,CCCCCCCC[n+]1ccn(C)c1.F[P-](F)(F)(F)(F)F,332.98,,SurfaceTension,0.032019995,0.03248154,0.00046154484,test,Random point,Point,E,Surface tension multi-split parity plot,True
5277,3-(2-aminoethyl)-1-methyl-1H-imidazolium tetrafluoroborate,C[n+]1ccn(CCN)c1.F[B-](F)(F)F,308.15,,SurfaceTension,0.052399993,0.051612318,0.0007876754,test,Random point,Point,E,Surface tension multi-split parity plot,True
570,3-butyl-1-methyl-1H-imidazolium propanoate,CCC(=O)[O-].CCCCn1cc[n+](C)c1,343.15,,SurfaceTension,0.034400005,0.03353813,0.0008618757,test,Random point,Point,E,Surface tension multi-split parity plot,True
2076,1-hexyl-3-methylimidazolium chloride,CCCCCC[n+]1ccn(C)c1.[Cl-],308.21,,SurfaceTension,0.039150003,0.039930545,0.00078054145,test,Random point,Point,E,Surface tension multi-split parity plot,True
2273,1-pentyl-3-methylimidazolium bromide,CCCCC[n+]1ccn(C)c1.[Br-],343.09,,SurfaceTension,0.041380007,0.041646574,0.00026656687,test,Random point,Point,E,Surface tension multi-split parity plot,True
3483,1-butyl-3-methylimidazolium bis(trifluoromethylsulfonyl)imide,CCCC[n+]1ccn(C)c1.O=S(=O)([N-]S(=O)(=O)C(F)(F)F)C(F)(F)F,343.28,,SurfaceTension,0.030909998,0.03045657,0.00045342743,test,Random point,Point,E,Surface tension multi-split parity plot,True
3301,1-butyl-3-methylimidazolium tricyanomethane,CCCC[n+]1ccn(C)c1.N#C[C-](C#N)C#N,353.37,,SurfaceTension,0.044,0.045554083,0.0015540831,test,Random point,Point,E,Surface tension multi-split parity plot,True
3533,1-butyl-3-methylimidazolium trifluoromethanesulfonate,CCCC[n+]1ccn(C)c1.O=S(=O)([O-])C(F)(F)F,328.09,,SurfaceTension,0.033799995,0.03384188,4.188344e-05,test,Random point,Point,E,Surface tension multi-split parity plot,True
4311,triethyl(2-(methylthio)ethyl)phosphonium bis(trifluoromethylsulfonyl)amide,CC[P+](CC)(CC)CCSC.O=S(=O)([N-]S(=O)(=O)C(F)(F)F)C(F)(F)F,293.0,,SurfaceTension,0.0369,0.047461417,0.010561418,test,Random point,Point,E,Surface tension multi-split parity plot,True
326,1-methyl-3-pentylimidazolium acetate,CC(=O)[O-].CCCCCn1cc[n+](C)c1,308.15,,SurfaceTension,0.033400003,0.033379056,2.0947307e-05,test,Random point,Point,E,Surface tension multi-split parity plot,True
2272,1-pentyl-3-methylimidazolium bromide,CCCCC[n+]1ccn(C)c1.[Br-],343.07,,SurfaceTension,0.04184,0.041647945,0.00019205362,test,Random point,Point,E,Surface tension multi-split parity plot,True
4757,1-ethyl-3-methylimidazolium bis((trifluoromethyl)sulfonyl)imide,CC[n+]1ccn(C)c1.O=S(=O)([N-]S(=O)(=O)C(F)(F)F)C(F)(F)F,303.15,,SurfaceTension,0.036094997,0.036467113,0.00037211552,test,Random point,Point,E,Surface tension multi-split parity plot,True
4143,1-methyl-3-propylimidazolium iodide,CCCn1cc[n+](C)c1.[I-],364.74,,SurfaceTension,0.05296,0.053250995,0.0002909936,test,Random point,Point,E,Surface tension multi-split parity plot,True
3383,1-butyl-3-methylimidazolium thiocyanate,CCCC[n+]1ccn(C)c1.N#C[S-],298.15,,SurfaceTension,0.046324987,0.046288237,3.674999e-05,test,Random point,Point,E,Surface tension multi-split parity plot,True
3283,1-butyl-3-methylimidazolium tricyanomethane,CCCC[n+]1ccn(C)c1.N#C[C-](C#N)C#N,293.51,,SurfaceTension,0.049849994,0.04897028,0.0008797161,test,Random point,Point,E,Surface tension multi-split parity plot,True
3655,"1-butyl-2,3-dimethylimidazolium glycinate",CCCC[n+]1ccn(C)c1C.NCC(=O)[O-],298.15,,SurfaceTension,0.05009999,0.04955767,0.0005423203,test,Random point,Point,E,Surface tension multi-split parity plot,True
1253,triethyloctylammonium bis[(trifluoromethyl)sulfonyl]imide,CCCCCCCC[N+](CC)(CC)CC.O=S(=O)([N-]S(=O)(=O)C(F)(F)F)C(F)(F)F,308.0,,SurfaceTension,0.0323,0.032213803,8.619577e-05,test,Random point,Point,E,Surface tension multi-split parity plot,True
881,tetradecyl(trihexyl)phosphonium dicyanamide,CCCCCCCCCCCCCC[P+](CCCCCC)(CCCCCC)CCCCCC.N#C[N-]C#N,318.0,,SurfaceTension,0.030899998,0.03063265,0.00026734732,test,Random point,Point,E,Surface tension multi-split parity plot,True
1667,1-heptyl-3-methylimidazolium tetrafluoroborate,CCCCCCC[n+]1ccn(C)c1.F[B-](F)(F)F,303.11,,SurfaceTension,0.035309996,0.035424422,0.00011442602,test,Random point,Point,E,Surface tension multi-split parity plot,True
4984,1-(3-methoxypropyl)pyridinium bis((trifluoromethyl)sulfonyl)amide,COCCC[n+]1ccccc1.O=S(=O)([N-]S(=O)(=O)C(F)(F)F)C(F)(F)F,333.15,,SurfaceTension,0.03373,0.033925075,0.00019507483,test,Random point,Point,E,Surface tension multi-split parity plot,True
2321,1-methyl-3-pentylimidazolium bis(trifluoromethylsulfonyl)imide,CCCCCn1cc[n+](C)c1.O=S(=O)([N-]S(=O)(=O)C(F)(F)F)C(F)(F)F,337.25,,SurfaceTension,0.030299999,0.029591205,0.0007087942,test,Random point,Point,E,Surface tension multi-split parity plot,True
925,trihexyl(tetradecyl)phosphonium bis[(trifluoromethyl)sulfonyl]imide,CCCCCCCCCCCCCC[P+](CCCCCC)(CCCCCC)CCCCCC.O=S(=O)([N-]S(=O)(=O)C(F)(F)F)C(F)(F)F,337.8,,SurfaceTension,0.0275,0.027674763,0.00017476268,test,Random point,Point,E,Surface tension multi-split parity plot,True
354,1-butyl-3-methylimidazolium acetate,CC(=O)[O-].CCCC[n+]1ccn(C)c1,343.15,,SurfaceTension,0.037700005,0.033848856,0.0038511492,test,Random point,Point,E,Surface tension multi-split parity plot,True
1147,1-decyl-3-methylimidazolium phenolate,CCCCCCCCCC[n+]1ccn(C)c1.[O-]c1ccccc1,303.15,,SurfaceTension,0.027850002,0.02813273,0.00028272718,test,Random point,Point,E,Surface tension multi-split parity plot,True
2264,1-pentyl-3-methylimidazolium DL-glutamate,CCCCC[n+]1ccn(C)c1.NC(CCC(=O)O)C(=O)[O-],313.15,,SurfaceTension,0.0379,0.0378385,6.150082e-05,test,Random point,Point,E,Surface tension multi-split parity plot,True
2332,1-ethyl-3-pentylimidazolium bis((trifluoromethyl)sulfonyl)imide,CCCCCn1cc[n+](CC)c1.O=S(=O)([N-]S(=O)(=O)C(F)(F)F)C(F)(F)F,347.15,,SurfaceTension,0.029200003,0.028678518,0.00052148476,test,Random point,Point,E,Surface tension multi-split parity plot,True
5569,1-butyl-3-methylimidazolium dihydrogenphosphate,P(=O)(O)(O)[O-].C(CCC)N1C=[N+](C=C1)C,333.15,,SurfaceTension,0.041400008,0.041301094,9.891391e-05,test,Random point,Point,E,Surface tension multi-split parity plot,True
5005,1-(2-(2-methoxyethoxy)ethyl)-3-methyl-1H-imidazol-3-ium methanesulfonate,COCCOCCn1cc[n+](C)c1.CS(=O)(=O)[O-],298.15,,SurfaceTension,0.04695001,0.046818305,0.00013170391,test,Random point,Point,E,Surface tension multi-split parity plot,True
2046,1-hexyl-3-methylimidazolium trifluoromethanesulfonate,CCCCCC[n+]1ccn(C)c1.O=S(=O)([O-])C(F)(F)F,333.32,,SurfaceTension,0.030889997,0.03103737,0.00014737248,test,Random point,Point,E,Surface tension multi-split parity plot,True
2773,1-butyl-2-methylpyridinium tetrafluoroborate,CCCC[n+]1ccccc1C.F[B-](F)(F)F,328.15,,SurfaceTension,0.04377,0.043624118,0.00014588237,test,Random point,Point,E,Surface tension multi-split parity plot,True
5271,3-(3-aminopropyl)-1-methyl-1H-imidazolium hexafluorophosphate(V),C[n+]1ccn(CCCN)c1.F[P-](F)(F)(F)(F)F,343.15,,SurfaceTension,0.048789993,0.048877314,8.7320805e-05,test,Random point,Point,E,Surface tension multi-split parity plot,True
4902,1-ethyl-3-(2-methoxyethyl)imidazolium bis(trifluoromethylsulfonyl)imide,CC[n+]1ccn(CCOC)c1.O=S(=O)([N-]S(=O)(=O)C(F)(F)F)C(F)(F)F,308.15,,SurfaceTension,0.0355,0.0349609,0.00053910166,test,Random point,Point,E,Surface tension multi-split parity plot,True
5139,1-(2-hydroxyethyl)-3-methylimidazolium L-alaninate,C[C@H](N)C(=O)[O-].Cn1cc[n+](CCO)c1,353.15,,SurfaceTension,0.04518,0.044561513,0.0006184876,test,Random point,Point,E,Surface tension multi-split parity plot,True
5382,1-(2-hydroxyethyl)-3-methylimidazolium glycinate,Cn1cc[n+](CCO)c1.NCC(=O)[O-],333.15,,SurfaceTension,0.053270005,0.052944634,0.00032537058,test,Random point,Point,E,Surface tension multi-split parity plot,True
1000,"N,N,N-triethyldodecan-1-aminium bis((trifluoromethyl)sulfonyl)amide",CCCCCCCCCCCC[N+](CC)(CC)CC.O=S(=O)([N-]S(=O)(=O)C(F)(F)F)C(F)(F)F,338.0,,SurfaceTension,0.028199999,0.028426224,0.0002262257,test,Random point,Point,E,Surface tension multi-split parity plot,True
1638,1-methyl-3-octylimidazolium chloride,CCCCCCCCn1cc[n+](C)c1.[Cl-],333.15,,SurfaceTension,0.030399999,0.029959798,0.0004402008,test,Random point,Point,E,Surface tension multi-split parity plot,True
4588,1-ethyl-3-methylimidazolium dicyanamide,CC[n+]1ccn(C)c1.N#C[N-]C#N,323.52,,SurfaceTension,0.058179993,0.05734885,0.00083114207,test,Random point,Point,E,Surface tension multi-split parity plot,True
3932,3-methyl-1-propylpyridinium bis(trifluoromethylsulfonyl)imide,CCC[n+]1cccc(C)c1.O=S(=O)([N-]S(=O)(=O)C(F)(F)F)C(F)(F)F,303.3,,SurfaceTension,0.034499995,0.03470468,0.00020468608,test,Random point,Point,E,Surface tension multi-split parity plot,True
2771,1-butyl-2-methylpyridinium tetrafluoroborate,CCCC[n+]1ccccc1C.F[B-](F)(F)F,325.65,,SurfaceTension,0.04395,0.043820664,0.00012933463,test,Random point,Point,E,Surface tension multi-split parity plot,True
4444,1-ethyl-3-methylimidazolium tetrafluoroborate,CC[n+]1ccn(C)c1.F[B-](F)(F)F,298.15,,SurfaceTension,0.051918324,0.052339904,0.00042157993,test,Random point,Point,E,Surface tension multi-split parity plot,True
1690,1-heptyl-3-methylimidazolium hexafluorophosphate,CCCCCCC[n+]1ccn(C)c1.F[P-](F)(F)(F)(F)F,358.04,,SurfaceTension,0.032960005,0.033145227,0.00018522143,test,Random point,Point,E,Surface tension multi-split parity plot,True
2327,1-methyl-3-pentylimidazolium bis(trifluoromethylsulfonyl)imide,CCCCCn1cc[n+](C)c1.O=S(=O)([N-]S(=O)(=O)C(F)(F)F)C(F)(F)F,433.7,,SurfaceTension,0.0237,0.02351329,0.00018671155,test,Random point,Point,E,Surface tension multi-split parity plot,True
2156,1-hexyl-3-methylimidazolium tris(pentafluoroethyl)trifluorophosphate,CCCCCCn1cc[n+](C)c1.FC(F)(F)C(F)(F)[P-](F)(F)(F)(C(F)(F)C(F)(F)F)C(F)(F)C(F)(F)F,337.76,,SurfaceTension,0.029470002,0.02949831,2.8308481e-05,test,Random point,Point,E,Surface tension multi-split parity plot,True
2909,1-butyl-3-methylimidazolium tetrafluoroborate,CCCC[n+]1ccn(C)c1.F[B-](F)(F)F,351.55,,SurfaceTension,0.041000005,0.04057287,0.00042713434,test,Random point,Point,E,Surface tension multi-split parity plot,True
1668,1-heptyl-3-methylimidazolium tetrafluoroborate,CCCCCCC[n+]1ccn(C)c1.F[B-](F)(F)F,308.2,,SurfaceTension,0.035180002,0.03514176,3.824383e-05,test,Random point,Point,E,Surface tension multi-split parity plot,True
912,trihexyl(tetradecyl)phosphonium bis[(trifluoromethyl)sulfonyl]imide,CCCCCCCCCCCCCC[P+](CCCCCC)(CCCCCC)CCCCCC.O=S(=O)([N-]S(=O)(=O)C(F)(F)F)C(F)(F)F,283.39,,SurfaceTension,0.030939998,0.031265415,0.00032541715,test,Random point,Point,E,Surface tension multi-split parity plot,True
395,1-ethyl-3-methylimidazolium acetate,CC(=O)[O-].CC[n+]1ccn(C)c1,323.15,,SurfaceTension,0.03985,0.043609608,0.0037596077,test,Random point,Point,E,Surface tension multi-split parity plot,True
4207,3-(ethoxymethyl)-1-methylimidazolium bis((trifluoromethyl)sulfonyl)amide,CCOCn1cc[n+](C)c1.O=S(=O)([N-]S(=O)(=O)C(F)(F)F)C(F)(F)F,333.15,,SurfaceTension,0.032090005,0.03253573,0.00044572726,test,Random point,Point,E,Surface tension multi-split parity plot,True
890,tetradecyl(trihexyl)phosphonium dicyanamide,CCCCCCCCCCCCCC[P+](CCCCCC)(CCCCCC)CCCCCC.N#C[N-]C#N,343.13,,SurfaceTension,0.0313,0.02849189,0.0028081108,test,Random point,Point,E,Surface tension multi-split parity plot,True
2998,1-butyl-3-methylimidazolium hexafluorophosphate,CCCC[n+]1ccn(C)c1.F[P-](F)(F)(F)(F)F,317.86,,SurfaceTension,0.042579997,0.04335106,0.0007710643,test,Random point,Point,E,Surface tension multi-split parity plot,True
960,trihexyl(tetradecyl)phosphonium chloride,CCCCCCCCCCCCCC[P+](CCCCCC)(CCCCCC)CCCCCC.[Cl-],298.6,,SurfaceTension,0.030600002,0.031264156,0.00066415407,test,Random point,Point,E,Surface tension multi-split parity plot,True
4357,1-ethyl-2-methylpyridinium bis((trifluoromethyl)sulfonyl)amide,CC[n+]1ccccc1C.O=S(=O)([N-]S(=O)(=O)C(F)(F)F)C(F)(F)F,278.15,,SurfaceTension,0.03972,0.039307505,0.00041249394,test,Random point,Point,E,Surface tension multi-split parity plot,True
4805,1-ethyl-3-methylimidazolium trifluoromethanesulfonate,CC[n+]1ccn(C)c1.O=S(=O)([O-])C(F)(F)F,268.36,,SurfaceTension,0.041400008,0.04125345,0.00014655665,test,Random point,Point,E,Surface tension multi-split parity plot,True
3527,1-butyl-3-methylimidazolium trifluoromethanesulfonate,CCCC[n+]1ccn(C)c1.O=S(=O)([O-])C(F)(F)F,318.0,,SurfaceTension,0.03495,0.034125216,0.000824783,test,Random point,Point,E,Surface tension multi-split parity plot,True
966,trihexyl(tetradecyl)phosphonium chloride,CCCCCCCCCCCCCC[P+](CCCCCC)(CCCCCC)CCCCCC.[Cl-],342.538,,SurfaceTension,0.026650002,0.028183041,0.0015330389,test,Random point,Point,E,Surface tension multi-split parity plot,True
2724,1-butylpyridinium dicyanamide,CCCC[n+]1ccccc1.N#C[N-]C#N,298.15,,SurfaceTension,0.0557,0.0563464,0.0006464012,test,Random point,Point,E,Surface tension multi-split parity plot,True
2661,1-butyl-3-methylpyridinium bis[(trifluoromethyl)sulfonyl]amide,CCCC[n+]1cccc(C)c1.O=S(=O)([N-]S(=O)(=O)C(F)(F)F)C(F)(F)F,298.15,,SurfaceTension,0.031850003,0.03021246,0.0016375426,test,Random point,Point,E,Surface tension multi-split parity plot,True
3057,1-butyl-3-methylimidazolium hexafluorophosphate,CCCC[n+]1ccn(C)c1.F[P-](F)(F)(F)(F)F,351.55,,SurfaceTension,0.041000005,0.0414136,0.00041359663,test,Random point,Point,E,Surface tension multi-split parity plot,True
2640,1-butyl-3-methylpyridinium dicyanamide,CCCC[n+]1cccc(C)c1.N#C[N-]C#N,285.65,,SurfaceTension,0.05113,0.049640816,0.0014891848,test,Random point,Point,E,Surface tension multi-split parity plot,True
4167,1-ethyl-3-propylimidazolium bis(trifluoromethylsulfonyl)imide,CCCn1cc[n+](CC)c1.O=S(=O)([N-]S(=O)(=O)C(F)(F)F)C(F)(F)F,343.15,,SurfaceTension,0.031370003,0.032634314,0.0012643114,test,Random point,Point,E,Surface tension multi-split parity plot,True
1809,1-hexylpyridinium bis(trifluromethylsulfonyl)imide,CCCCCC[n+]1ccccc1.O=S(=O)([N-]S(=O)(=O)C(F)(F)F)C(F)(F)F,313.15,,SurfaceTension,0.031345,0.030834485,0.0005105138,test,Random point,Point,E,Surface tension multi-split parity plot,True
1824,1-hexyl-3-methylimidazolium tetrafluoroborate,CCCCCC[n+]1ccn(C)c1.F[B-](F)(F)F,273.34,,SurfaceTension,0.039530005,0.039772335,0.00024233013,test,Random point,Point,E,Surface tension multi-split parity plot,True
2684,1-butyl-3-methylpyridinium trifluoromethanesulfonate,CCCC[n+]1cccc(C)c1.O=S(=O)([O-])C(F)(F)F,323.15,,SurfaceTension,0.036200006,0.03629355,9.3545765e-05,test,Random point,Point,E,Surface tension multi-split parity plot,True
4043,1-methyl-3-propylimidazolium hexafluorophosphate,CCCn1cc[n+](C)c1.F[P-](F)(F)(F)(F)F,338.21,,SurfaceTension,0.045140002,0.04510412,3.5881996e-05,test,Random point,Point,E,Surface tension multi-split parity plot,True
410,1-ethyl-3-(2-methoxyethyl)imidazolium acetate,CC(=O)[O-].CC[n+]1ccn(CCOC)c1,303.15,,SurfaceTension,0.04569999,0.045793205,9.3214214e-05,test,Random point,Point,E,Surface tension multi-split parity plot,True
1842,1-hexyl-3-methylimidazolium tetrafluoroborate,CCCCCC[n+]1ccn(C)c1.F[B-](F)(F)F,333.0,,SurfaceTension,0.037849993,0.03643243,0.0014175624,test,Random point,Point,E,Surface tension multi-split parity plot,True
1188,1-nonyl-3-methylimidazolium tetrafluoroborate,CCCCCCCCC[n+]1ccn(C)c1.F[B-](F)(F)F,303.12,,SurfaceTension,0.031290002,0.031168163,0.000121839345,test,Random point,Point,E,Surface tension multi-split parity plot,True
5303,1-isobutyl-3-methylpyridinium bis((trifluoromethyl)sulfonyl)imide,Cc1ccc[n+](CC(C)C)c1.O=S(=O)([N-]S(=O)(=O)C(F)(F)F)C(F)(F)F,328.2,,SurfaceTension,0.03208,0.032153197,7.319823e-05,test,Random point,Point,E,Surface tension multi-split parity plot,True
1600,1-methyl-3-octylimidazolium bis(trifluoromethylsulfonyl)imide,CCCCCCCCn1cc[n+](C)c1.O=S(=O)([N-]S(=O)(=O)C(F)(F)F)C(F)(F)F,338.15,,SurfaceTension,0.02884,0.028349241,0.00049075857,test,Random point,Point,E,Surface tension multi-split parity plot,True
5138,1-(2-hydroxyethyl)-3-methylimidazolium L-alaninate,C[C@H](N)C(=O)[O-].Cn1cc[n+](CCO)c1,343.15,,SurfaceTension,0.046629995,0.046222523,0.00040747225,test,Random point,Point,E,Surface tension multi-split parity plot,True
3872,1-methyl-3-(2-propoxyethyl)imidazolium bis((trifluoromethyl)sulfonyl)amide,CCCOCCn1cc[n+](C)c1.O=S(=O)([N-]S(=O)(=O)C(F)(F)F)C(F)(F)F,353.15,,SurfaceTension,0.029140003,0.028746124,0.00039387867,test,Random point,Point,E,Surface tension multi-split parity plot,True
1817,1-hexyl-3-methylimidazolium DL-threoninate,CCCCCC[n+]1ccn(C)c1.C[C@@H](O)[C@H](N)C(=O)[O-],288.15,,SurfaceTension,0.036999997,0.036899906,0.0001000911,test,Random point,Point,E,Surface tension multi-split parity plot,True
1239,"methyltrioctylammonium 1,1,1-trifluoro-N-[(trifluoromethyl)sulfonyl]methanesulfonamide",CCCCCCCC[N+](C)(CCCCCCCC)CCCCCCCC.O=S(=O)([N-]S(=O)(=O)C(F)(F)F)C(F)(F)F,308.15,,SurfaceTension,0.027019998,0.027546935,0.0005269367,test,Random point,Point,E,Surface tension multi-split parity plot,True
4362,1-ethyl-2-methylpyridinium bis((trifluoromethyl)sulfonyl)amide,CC[n+]1ccccc1C.O=S(=O)([N-]S(=O)(=O)C(F)(F)F)C(F)(F)F,315.65,,SurfaceTension,0.037429992,0.037345447,8.454546e-05,test,Random point,Point,E,Surface tension multi-split parity plot,True
5377,3-(2-hydroxyethyl)-1-methyl-1H-imidazol-3-ium dicyanoazanide,Cn1cc[n+](CCO)c1.N#C[N-]C#N,293.0,,SurfaceTension,0.045749996,0.059501134,0.013751138,test,Random point,Point,E,Surface tension multi-split parity plot,True
2846,1-butyl-3-methylimidazolium tetrafluoroborate,CCCC[n+]1ccn(C)c1.F[B-](F)(F)F,298.0,,SurfaceTension,0.04398,0.044537373,0.0005573742,test,Random point,Point,E,Surface tension multi-split parity plot,True
3435,1-butyl-3-methylimidazolium bis(trifluoromethylsulfonyl)imide,CCCC[n+]1ccn(C)c1.O=S(=O)([N-]S(=O)(=O)C(F)(F)F)C(F)(F)F,287.81,,SurfaceTension,0.03327,0.03366912,0.00039912015,test,Random point,Point,E,Surface tension multi-split parity plot,True
2855,1-butyl-3-methylimidazolium tetrafluoroborate,CCCC[n+]1ccn(C)c1.F[B-](F)(F)F,303.41,,SurfaceTension,0.04384,0.04421327,0.00037327036,test,Random point,Point,E,Surface tension multi-split parity plot,True
564,3-butyl-1-methyl-1H-imidazolium propanoate,CCC(=O)[O-].CCCCn1cc[n+](C)c1,293.15,,SurfaceTension,0.036299996,0.03639745,9.7453594e-05,test,Random point,Point,E,Surface tension multi-split parity plot,True
3042,1-butyl-3-methylimidazolium hexafluorophosphate,CCCC[n+]1ccn(C)c1.F[P-](F)(F)(F)(F)F,343.15,,SurfaceTension,0.041069992,0.04182094,0.00075094774,test,Random point,Point,E,Surface tension multi-split parity plot,True
953,tetradecyltrihexylphosphonium bromide,CCCCCCCCCCCCCC[P+](CCCCCC)(CCCCCC)CCCCCC.[Br-],318.0,,SurfaceTension,0.029599998,0.028271755,0.001328243,test,Random point,Point,E,Surface tension multi-split parity plot,True
2331,1-ethyl-3-pentylimidazolium bis((trifluoromethyl)sulfonyl)imide,CCCCCn1cc[n+](CC)c1.O=S(=O)([N-]S(=O)(=O)C(F)(F)F)C(F)(F)F,326.15,,SurfaceTension,0.0301,0.030319056,0.00021905638,test,Random point,Point,E,Surface tension multi-split parity plot,True
5472,"1-butyl-2,3-dimethyl-1H-imidazolium bis(trifluoromethylsulfonyl)amide",FC(S(=O)(=O)[N-]S(=O)(=O)C(F)(F)F)(F)F.C(CCC)N1C(=[N+](C=C1)C)C,333.15,,SurfaceTension,0.030490002,0.031073615,0.0005836133,test,Random point,Point,E,Surface tension multi-split parity plot,True
325,1-pentylpyridinium acetate,CC(=O)[O-].CCCCC[n+]1ccccc1,333.15,,SurfaceTension,0.04780001,0.047596853,0.00020315498,test,Random point,Point,E,Surface tension multi-split parity plot,True
3916,4-methyl-1-propylpyridinium bis((trifluoromethyl)sulfonyl)amide,CCC[n+]1ccc(C)cc1.O=S(=O)([N-]S(=O)(=O)C(F)(F)F)C(F)(F)F,348.11,,SurfaceTension,0.03297999,0.033363644,0.00038365275,test,Random point,Point,E,Surface tension multi-split parity plot,True
1679,1-heptyl-3-methylimidazolium hexafluorophosphate,CCCCCCC[n+]1ccn(C)c1.F[P-](F)(F)(F)(F)F,308.21,,SurfaceTension,0.035410002,0.035188567,0.00022143498,test,Random point,Point,E,Surface tension multi-split parity plot,True
331,butylammonium acetate,CC(=O)[O-].CCCC[NH3+],308.15,,SurfaceTension,0.030499997,0.03025525,0.00024474598,test,Random point,Point,E,Surface tension multi-split parity plot,True
4826,1-ethyl-3-methylimidazolium trifluoromethanesulfonate,CC[n+]1ccn(C)c1.O=S(=O)([O-])C(F)(F)F,321.93,,SurfaceTension,0.043600004,0.040456057,0.0031439476,test,Random point,Point,E,Surface tension multi-split parity plot,True
1067,"N,N,N-Trimethyl-1-decanaminium bis[(trifluoromethyl)sulfonyl]imide",CCCCCCCCCC[N+](C)(C)C.O=S(=O)([N-]S(=O)(=O)C(F)(F)F)C(F)(F)F,302.95,,SurfaceTension,0.0351,0.034322117,0.0007778853,test,Random point,Point,E,Surface tension multi-split parity plot,True
4501,1-ethyl-3-methyl-1H-imidazolium tricyanomethanide,CC[n+]1ccn(C)c1.N#C[C-](C#N)C#N,283.22,,SurfaceTension,0.050620005,0.050640464,2.0459294e-05,test,Random point,Point,E,Surface tension multi-split parity plot,True
64,1-ethyl-3-methylimidazolium ethylsulfate,C(C)OS(=O)(=O)[O-].C(C)N1C=[N+](C=C1)C,298.2,,SurfaceTension,0.046989992,0.046966553,2.3439527e-05,test,Random point,Point,E,Surface tension multi-split parity plot,True
385,1-ethyl-3-methylimidazolium acetate,CC(=O)[O-].CC[n+]1ccn(C)c1,298.15,,SurfaceTension,0.04489,0.04551973,0.0006297268,test,Random point,Point,E,Surface tension multi-split parity plot,True
1637,1-methyl-3-octylimidazolium chloride,CCCCCCCCn1cc[n+](C)c1.[Cl-],323.15,,SurfaceTension,0.031000003,0.030856302,0.00014370121,test,Random point,Point,E,Surface tension multi-split parity plot,True
4136,1-methyl-3-propylimidazolium iodide,CCCn1cc[n+](C)c1.[I-],298.21,,SurfaceTension,0.056849997,0.056657705,0.00019229203,test,Random point,Point,E,Surface tension multi-split parity plot,True
2618,N-butyl-3-methylpyridinium methylsulfate,CCCC[n+]1cccc(C)c1.COS(=O)(=O)[O-],331.45,,SurfaceTension,0.0413,0.040986333,0.00031366572,test,Random point,Point,E,Surface tension multi-split parity plot,True
5507,1-(4-methoxybutyl)-3-methylimidazolium L-alaninate,N[C@@H](C)C(=O)[O-].COCCCCN1C=[N+](C=C1)C,308.15,,SurfaceTension,0.045800004,0.045527957,0.00027204677,test,Random point,Point,E,Surface tension multi-split parity plot,True
3960,1-propylpyridinium dicyanamide,CCC[n+]1ccccc1.N#C[N-]C#N,333.15,,SurfaceTension,0.0557,0.05561119,8.881092e-05,test,Random point,Point,E,Surface tension multi-split parity plot,True
2250,1-pentylpyridinium bis(trifluoromethylsulfonyl)amide,CCCCC[n+]1ccccc1.O=S(=O)([N-]S(=O)(=O)C(F)(F)F)C(F)(F)F,313.15,,SurfaceTension,0.031799998,0.031798437,1.5608966e-06,test,Random point,Point,E,Surface tension multi-split parity plot,True
368,1-ethyl-1H-imidazolium acetate,CC(=O)[O-].CCN1C=C[NH+]=C1,339.9,,SurfaceTension,0.0337,0.034010448,0.00031044707,test,Random point,Point,E,Surface tension multi-split parity plot,True
4798,1-ethyl-3-methylimidazolium bis((trifluoromethyl)sulfonyl)imide,CC[n+]1ccn(C)c1.O=S(=O)([N-]S(=O)(=O)C(F)(F)F)C(F)(F)F,452.7,,SurfaceTension,0.0273,0.028739031,0.0014390312,test,Random point,Point,E,Surface tension multi-split parity plot,True
1877,1-hexyl-3-methylimidazolium hexafluorophosphate,CCCCCC[n+]1ccn(C)c1.F[P-](F)(F)(F)(F)F,323.0,,SurfaceTension,0.0415,0.03734072,0.004159279,test,Random point,Point,E,Surface tension multi-split parity plot,True
5621,"2,3-dimethyl-1-propylimidazolium hydrogensulfate",S(=O)(=O)(O)[O-].CC=1N(C=C[N+]1C)CCC,338.15,,SurfaceTension,0.044899996,0.044814833,8.516386e-05,test,Random point,Point,E,Surface tension multi-split parity plot,True
324,1-pentylpyridinium acetate,CC(=O)[O-].CCCCC[n+]1ccccc1,318.15,,SurfaceTension,0.048699994,0.048728332,2.8338283e-05,test,Random point,Point,E,Surface tension multi-split parity plot,True
2099,1-hexyl-3-methylimidazolium iodide,CCCCCC[n+]1ccn(C)c1.[I-],338.0,,SurfaceTension,0.0404,0.03943715,0.0009628497,test,Random point,Point,E,Surface tension multi-split parity plot,True
2495,tributylethylphosphonium diethylphosphate,CCCC[P+](CC)(CCCC)CCCC.CCOP(=O)([O-])OCC,318.36,,SurfaceTension,0.0322,0.028464792,0.003735209,test,Random point,Point,E,Surface tension multi-split parity plot,True
4077,1-methyl-3-propylimidazolium bis[(trifluoromethyl)sulfonyl]imide,CCCn1cc[n+](C)c1.O=S(=O)([N-]S(=O)(=O)C(F)(F)F)C(F)(F)F,343.15,,SurfaceTension,0.032345004,0.031369016,0.0009759888,test,Random point,Point,E,Surface tension multi-split parity plot,True
4507,1-ethyl-3-methyl-1H-imidazolium tricyanomethanide,CC[n+]1ccn(C)c1.N#C[C-](C#N)C#N,303.06,,SurfaceTension,0.048869997,0.04923537,0.00036537275,test,Random point,Point,E,Surface tension multi-split parity plot,True
5608,1-butyl-3-methylimidazolium hydrogensulfate,S(=O)(=O)(O)[O-].C(CCC)N1C=[N+](C=C1)C,338.15,,SurfaceTension,0.03278,0.03948399,0.0067039914,test,Random point,Point,E,Surface tension multi-split parity plot,True
4972,1-(4-methoxybutyl)-3-methylimidazolium L-threoninate,COCCCC[n+]1ccn(C)c1.C[C@@H](O)[C@H](N)C(=O)[O-],293.15,,SurfaceTension,0.048899997,0.048844393,5.5603683e-05,test,Random point,Point,E,Surface tension multi-split parity plot,True
1131,1-decyl-3-methylimidazolium bis(trifluoromethylsulfonyl)amide,CCCCCCCCCC[n+]1ccn(C)c1.O=S(=O)([N-]S(=O)(=O)C(F)(F)F)C(F)(F)F,413.5,,SurfaceTension,0.0224,0.02306054,0.00066054054,test,Random point,Point,E,Surface tension multi-split parity plot,True
2559,1-butyl-4-methylpyridinium tetrafluoroborate,CCCC[n+]1ccc(C)cc1.F[B-](F)(F)F,342.45,,SurfaceTension,0.0423,0.041486166,0.00081383437,test,Random point,Point,E,Surface tension multi-split parity plot,True
2149,1-hexyl-3-methylimidazolium tris(pentafluoroethyl)trifluorophosphate,CCCCCCn1cc[n+](C)c1.FC(F)(F)C(F)(F)[P-](F)(F)(F)(C(F)(F)C(F)(F)F)C(F)(F)C(F)(F)F,318.55,,SurfaceTension,0.030399999,0.030556157,0.00015615858,test,Random point,Point,E,Surface tension multi-split parity plot,True
2477,butylammonium formate,CCCC[NH3+].O=C[O-],318.15,,SurfaceTension,0.031499997,0.031184837,0.00031515956,test,Random point,Point,E,Surface tension multi-split parity plot,True
4162,1-ethyl-3-propylimidazolium bis(trifluoromethylsulfonyl)imide,CCCn1cc[n+](CC)c1.O=S(=O)([N-]S(=O)(=O)C(F)(F)F)C(F)(F)F,303.15,,SurfaceTension,0.035747997,0.034993257,0.0007547401,test,Random point,Point,E,Surface tension multi-split parity plot,True
2573,1-butyl-4-methylpyridinium tricyanomethanide,CCCC[n+]1ccc(C)cc1.N#C[C-](C#N)C#N,332.94,,SurfaceTension,0.04655,0.046708338,0.00015833974,test,Random point,Point,E,Surface tension multi-split parity plot,True
5581,1-methyl-3-propylimidazolium dihydrogenphosphate,P(=O)(O)(O)[O-].CN1C=[N+](C=C1)CCC,333.15,,SurfaceTension,0.043699995,0.04395877,0.00025877357,test,Random point,Point,E,Surface tension multi-split parity plot,True
2625,1-butyl-3-methylpyridinium tetrafluoroborate,CCCC[n+]1cccc(C)c1.F[B-](F)(F)F,280.65,,SurfaceTension,0.046169996,0.046351608,0.00018161163,test,Random point,Point,E,Surface tension multi-split parity plot,True
1003,"N,N,N-triethyldodecan-1-aminium bis((trifluoromethyl)sulfonyl)amide",CCCCCCCCCCCC[N+](CC)(CC)CC.O=S(=O)([N-]S(=O)(=O)C(F)(F)F)C(F)(F)F,348.0,,SurfaceTension,0.027199998,0.027443577,0.0002435781,test,Random point,Point,E,Surface tension multi-split parity plot,True
4161,1-ethyl-3-propylimidazolium bis(trifluoromethylsulfonyl)imide,CCCn1cc[n+](CC)c1.O=S(=O)([N-]S(=O)(=O)C(F)(F)F)C(F)(F)F,298.15,,SurfaceTension,0.035963997,0.035264723,0.00069927424,test,Random point,Point,E,Surface tension multi-split parity plot,True
3299,1-butyl-3-methylimidazolium tricyanomethane,CCCC[n+]1ccn(C)c1.N#C[C-](C#N)C#N,347.77,,SurfaceTension,0.046240002,0.045953695,0.0002863072,test,Random point,Point,E,Surface tension multi-split parity plot,True
2774,1-butyl-2-methylpyridinium tetrafluoroborate,CCCC[n+]1ccccc1C.F[B-](F)(F)F,330.65,,SurfaceTension,0.043680005,0.043422487,0.00025751814,test,Random point,Point,E,Surface tension multi-split parity plot,True
1719,hexyltrimethylammonium bis[(trifluoromethyl)sulfonyl]imide,CCCCCC[N+](C)(C)C.O=S(=O)([N-]S(=O)(=O)C(F)(F)F)C(F)(F)F,326.25,,SurfaceTension,0.034100004,0.033641472,0.00045853108,test,Random point,Point,E,Surface tension multi-split parity plot,True
4082,1-methyl-3-propylimidazolium bis[(trifluoromethyl)sulfonyl]imide,CCCn1cc[n+](C)c1.O=S(=O)([N-]S(=O)(=O)C(F)(F)F)C(F)(F)F,453.2,,SurfaceTension,0.026799997,0.02579819,0.0010018069,test,Random point,Point,E,Surface tension multi-split parity plot,True
2556,1-butyl-4-methylpyridinium tetrafluoroborate,CCCC[n+]1ccc(C)cc1.F[B-](F)(F)F,328.15,,SurfaceTension,0.043430004,0.042896487,0.00053351745,test,Random point,Point,E,Surface tension multi-split parity plot,True
3438,1-butyl-3-methylimidazolium bis(trifluoromethylsulfonyl)imide,CCCC[n+]1ccn(C)c1.O=S(=O)([N-]S(=O)(=O)C(F)(F)F)C(F)(F)F,288.15,,SurfaceTension,0.033370003,0.033655044,0.0002850406,test,Random point,Point,E,Surface tension multi-split parity plot,True
3737,1-butyl-3-methylimidazolium tris(pentafluoroethyl)trifluorophosphate,CCCCn1cc[n+](C)c1.FC(F)(F)C(F)(F)[P-](F)(F)(F)(C(F)(F)C(F)(F)F)C(F)(F)C(F)(F)F,343.35,,SurfaceTension,0.02993,0.0299965,6.650016e-05,test,Random point,Point,E,Surface tension multi-split parity plot,True
2624,1-butyl-3-methylpyridinium tris(pentafluoroethyl)trifluorophosphate,CCCC[n+]1cccc(C)c1.FC(F)(F)C(F)(F)[P-](F)(F)(F)(C(F)(F)C(F)(F)F)C(F)(F)C(F)(F)F,323.15,,SurfaceTension,0.033799995,0.033805378,5.3830445e-06,test,Random point,Point,E,Surface tension multi-split parity plot,True
244,1-allyl-3-methylimidazolium dicyanamide,C=CC[n+]1ccn(C)c1.N#C[N-]C#N,293.15,,SurfaceTension,0.059400003,0.06013885,0.000738848,test,Random point,Point,E,Surface tension multi-split parity plot,True
4018,1-propyl-3-methylimidazolium glycine,CCC[n+]1ccn(C)c1.NCC(=O)[O-],283.15,,SurfaceTension,0.0464,0.04657662,0.00017661974,test,Random point,Point,E,Surface tension multi-split parity plot,True
216,3-methyl-1-pentylimidazolium hydrogencarbonate,C(O)([O-])=O.C[N+]1=CN(C=C1)CCCCC,333.15,,SurfaceTension,0.0275,0.028587034,0.0010870341,test,Random point,Point,E,Surface tension multi-split parity plot,True
2568,1-butyl-4-methylpyridinium tricyanomethanide,CCCC[n+]1ccc(C)cc1.N#C[C-](C#N)C#N,293.53,,SurfaceTension,0.049515,0.04888724,0.00062775984,test,Random point,Point,E,Surface tension multi-split parity plot,True
5025,1-(2-methoxyethyl)-3-methyl-1H-imidazolium bis((trifluoromethyl)sulfonyl)amide,COCC[n+]1ccn(C)c1.O=S(=O)([N-]S(=O)(=O)C(F)(F)F)C(F)(F)F,303.15,,SurfaceTension,0.037955,0.038070798,0.00011579692,test,Random point,Point,E,Surface tension multi-split parity plot,True
5420,1-benzyl-3-methylimidazolium bis((trifluoromethyl)sulfonyl)amide,Cn1cc[n+](Cc2ccccc2)c1.O=S(=O)([N-]S(=O)(=O)C(F)(F)F)C(F)(F)F,338.15,,SurfaceTension,0.036459997,0.0363094,0.00015059859,test,Random point,Point,E,Surface tension multi-split parity plot,True
884,tetradecyl(trihexyl)phosphonium dicyanamide,CCCCCCCCCCCCCC[P+](CCCCCC)(CCCCCC)CCCCCC.N#C[N-]C#N,328.05,,SurfaceTension,0.028720003,0.029896202,0.001176199,test,Random point,Point,E,Surface tension multi-split parity plot,True
4138,1-methyl-3-propylimidazolium iodide,CCCn1cc[n+](C)c1.[I-],313.1,,SurfaceTension,0.05602,0.055703554,0.00031644478,test,Random point,Point,E,Surface tension multi-split parity plot,True
1974,1-hexyl-3-methylimidazolium bis[(trifluoromethyl)sulfonyl]imide,CCCCCC[n+]1ccn(C)c1.O=S(=O)([N-]S(=O)(=O)C(F)(F)F)C(F)(F)F,298.32,,SurfaceTension,0.031640004,0.031914942,0.0002749376,test,Random point,Point,E,Surface tension multi-split parity plot,True
4366,1-ethyl-2-methylpyridinium bis((trifluoromethyl)sulfonyl)amide,CC[n+]1ccccc1C.O=S(=O)([N-]S(=O)(=O)C(F)(F)F)C(F)(F)F,325.65,,SurfaceTension,0.03686,0.036755633,0.00010436773,test,Random point,Point,E,Surface tension multi-split parity plot,True
5442,1-(3-hydroxypropyl)pyridinium trifluorotris(perfluoroethyl)phosphate(V),FC(F)(F)C(F)(F)[P-](F)(F)(F)(C(F)(F)C(F)(F)F)C(F)(F)C(F)(F)F.OCCC[n+]1ccccc1,303.08,,SurfaceTension,0.039750002,0.039476134,0.00027386844,test,Random point,Point,E,Surface tension multi-split parity plot,True
888,tetradecyl(trihexyl)phosphonium dicyanamide,CCCCCCCCCCCCCC[P+](CCCCCC)(CCCCCC)CCCCCC.N#C[N-]C#N,338.6,,SurfaceTension,0.0317,0.028958963,0.002741037,test,Random point,Point,E,Surface tension multi-split parity plot,True
3972,2-methyl-1-propylpyridinium bis((trifluoromethyl)sulfonyl)amide,CCC[n+]1ccccc1C.O=S(=O)([N-]S(=O)(=O)C(F)(F)F)C(F)(F)F,288.15,,SurfaceTension,0.037490003,0.037095916,0.00039408728,test,Random point,Point,E,Surface tension multi-split parity plot,True
3940,3-methyl-1-propylpyridinium bis(trifluoromethylsulfonyl)imide,CCC[n+]1cccc(C)c1.O=S(=O)([N-]S(=O)(=O)C(F)(F)F)C(F)(F)F,323.23,,SurfaceTension,0.033949997,0.03380329,0.00014670566,test,Random point,Point,E,Surface tension multi-split parity plot,True
3971,2-methyl-1-propylpyridinium bis((trifluoromethyl)sulfonyl)amide,CCC[n+]1ccccc1C.O=S(=O)([N-]S(=O)(=O)C(F)(F)F)C(F)(F)F,283.15,,SurfaceTension,0.03782,0.037262835,0.0005571656,test,Random point,Point,E,Surface tension multi-split parity plot,True
4078,1-methyl-3-propylimidazolium bis[(trifluoromethyl)sulfonyl]imide,CCCn1cc[n+](C)c1.O=S(=O)([N-]S(=O)(=O)C(F)(F)F)C(F)(F)F,374.2,,SurfaceTension,0.029099997,0.029077036,2.2960827e-05,test,Random point,Point,E,Surface tension multi-split parity plot,True
968,trihexyl(tetradecyl)phosphonium chloride,CCCCCCCCCCCCCC[P+](CCCCCC)(CCCCCC)CCCCCC.[Cl-],351.3,,SurfaceTension,0.025818,0.027580636,0.001762636,test,Random point,Point,E,Surface tension multi-split parity plot,True
2856,1-butyl-3-methylimidazolium tetrafluoroborate,CCCC[n+]1ccn(C)c1.F[B-](F)(F)F,303.5,,SurfaceTension,0.043800004,0.04420744,0.000407435,test,Random point,Point,E,Surface tension multi-split parity plot,True
535,"1-butyl-2,3-dimethylimidazolium DL-alaninate",CC(N)C(=O)[O-].CCCC[n+]1ccn(C)c1C,328.15,,SurfaceTension,0.050800003,0.05062097,0.00017903373,test,Random point,Point,E,Surface tension multi-split parity plot,True
2167,3-hexyl-1-methylimidazolium tricyanomethanide,CCCCCCn1cc[n+](C)c1.N#C[C-](C#N)C#N,293.35,,SurfaceTension,0.043500002,0.043280184,0.0002198182,test,Random point,Point,E,Surface tension multi-split parity plot,True
2708,1-butylpyridinium tetrafluoroborate,CCCC[n+]1ccccc1.F[B-](F)(F)F,310.65,,SurfaceTension,0.04587,0.046245582,0.00037558377,test,Random point,Point,E,Surface tension multi-split parity plot,True
1741,triethylhexylammonium bis((trifluoromethyl)sulfonyl)imide,CCCCCC[N+](CC)(CC)CC.O=S(=O)([N-]S(=O)(=O)C(F)(F)F)C(F)(F)F,363.0,,SurfaceTension,0.0289,0.028887684,1.231581e-05,test,Random point,Point,E,Surface tension multi-split parity plot,True
4744,1-ethyl-3-methylimidazolium bis((trifluoromethyl)sulfonyl)imide,CC[n+]1ccn(C)c1.O=S(=O)([N-]S(=O)(=O)C(F)(F)F)C(F)(F)F,293.0,,SurfaceTension,0.039799996,0.03682701,0.0029729865,test,Random point,Point,E,Surface tension multi-split parity plot,True
2550,1-butyl-4-methylpyridinium tetrafluoroborate,CCCC[n+]1ccc(C)cc1.F[B-](F)(F)F,303.95,,SurfaceTension,0.04469999,0.044914898,0.00021490827,test,Random point,Point,E,Surface tension multi-split parity plot,True
3588,1-butyl-3-methylimidazolium chloride,CCCC[n+]1ccn(C)c1.[Cl-],318.07,,SurfaceTension,0.048969995,0.04756424,0.0014057569,test,Random point,Point,E,Surface tension multi-split parity plot,True
1594,1-methyl-3-octylimidazolium bis(trifluoromethylsulfonyl)imide,CCCCCCCCn1cc[n+](C)c1.O=S(=O)([N-]S(=O)(=O)C(F)(F)F)C(F)(F)F,328.15,,SurfaceTension,0.02936,0.02910806,0.00025193952,test,Random point,Point,E,Surface tension multi-split parity plot,True
212,1-butyl-3-methylimidazolium hydrogencarbonate,C(O)([O-])=O.C(CCC)N1C=[N+](C=C1)C,313.15,,SurfaceTension,0.0326,0.032146934,0.00045306608,test,Random point,Point,E,Surface tension multi-split parity plot,True
2227,pentylammonium formate,CCCCC[NH3+].O=C[O-],300.1,,SurfaceTension,0.031899996,0.031469706,0.00043028966,test,Random point,Point,E,Surface tension multi-split parity plot,True
3925,3-methyl-1-propylpyridinium bis(trifluoromethylsulfonyl)imide,CCC[n+]1cccc(C)c1.O=S(=O)([N-]S(=O)(=O)C(F)(F)F)C(F)(F)F,283.2,,SurfaceTension,0.035410002,0.035531376,0.00012137368,test,Random point,Point,E,Surface tension multi-split parity plot,True
4006,1-propyl-3-methylimidazolium tetrafluoroborate,CCC[n+]1ccn(C)c1.F[B-](F)(F)F,288.15,,SurfaceTension,0.05068,0.044300813,0.006379187,test,Random point,Point,E,Surface tension multi-split parity plot,True
2043,1-hexyl-3-methylimidazolium trifluoromethanesulfonate,CCCCCC[n+]1ccn(C)c1.O=S(=O)([O-])C(F)(F)F,328.04,,SurfaceTension,0.03135,0.03127102,7.897988e-05,test,Random point,Point,E,Surface tension multi-split parity plot,True
1675,1-heptyl-3-methylimidazolium hexafluorophosphate,CCCCCCC[n+]1ccn(C)c1.F[P-](F)(F)(F)(F)F,293.26,,SurfaceTension,0.03606,0.035938296,0.000121705234,test,Random point,Point,E,Surface tension multi-split parity plot,True
2770,1-butyl-2-methylpyridinium tetrafluoroborate,CCCC[n+]1ccccc1C.F[B-](F)(F)F,323.15,,SurfaceTension,0.044060003,0.044010658,4.9345195e-05,test,Random point,Point,E,Surface tension multi-split parity plot,True
3539,1-butyl-3-methylimidazolium trifluoromethanesulfonate,CCCC[n+]1ccn(C)c1.O=S(=O)([O-])C(F)(F)F,332.74,,SurfaceTension,0.033820003,0.033698708,0.00012129545,test,Random point,Point,E,Surface tension multi-split parity plot,True
533,"trihexyltetradecylphosphonium bis(2,4,4-trimethylpentyl)phosphinate",CC(CC(C)(C)C)CP(=O)([O-])CC(C)CC(C)(C)C.CCCCCCCCCCCCCC[P+](CCCCCC)(CCCCCC)CCCCCC,354.712,,SurfaceTension,0.023377998,0.024018662,0.00064066425,test,Random point,Point,E,Surface tension multi-split parity plot,True
2039,1-hexyl-3-methylimidazolium trifluoromethanesulfonate,CCCCCC[n+]1ccn(C)c1.O=S(=O)([O-])C(F)(F)F,308.32,,SurfaceTension,0.032009996,0.03207111,6.111339e-05,test,Random point,Point,E,Surface tension multi-split parity plot,True
3286,1-butyl-3-methylimidazolium tricyanomethane,CCCC[n+]1ccn(C)c1.N#C[C-](C#N)C#N,303.09,,SurfaceTension,0.04927,0.048571676,0.0006983243,test,Random point,Point,E,Surface tension multi-split parity plot,True
956,tetradecyltrihexylphosphonium bromide,CCCCCCCCCCCCCC[P+](CCCCCC)(CCCCCC)CCCCCC.[Br-],338.15,,SurfaceTension,0.026570002,0.027280785,0.0007107835,test,Random point,Point,E,Surface tension multi-split parity plot,True
5111,"1,3-dimethylimidazolium methylsulfate",COS(=O)(=O)[O-].Cn1cc[n+](C)c1,318.15,,SurfaceTension,0.056000005,0.056831326,0.0008313209,test,Random point,Point,E,Surface tension multi-split parity plot,True
1306,N-octyl-3-methylpyridinium tetrafluoroborate,CCCCCCCC[n+]1cccc(C)c1.F[B-](F)(F)F,283.15,,SurfaceTension,0.0387,0.03825359,0.000446409,test,Random point,Point,E,Surface tension multi-split parity plot,True
2100,1-hexyl-3-methylimidazolium iodide,CCCCCC[n+]1ccn(C)c1.[I-],343.0,,SurfaceTension,0.0401,0.039108105,0.0009918958,test,Random point,Point,E,Surface tension multi-split parity plot,True
2587,1-butyl-4-methylpyridinium thiocyanate,CCCC[n+]1ccc(C)cc1.N#C[S-],320.15,,SurfaceTension,0.045800004,0.04406199,0.0017380156,test,Random point,Point,E,Surface tension multi-split parity plot,True
1135,1-decyl-3-methylimidazolium bromide,CCCCCCCCCC[n+]1ccn(C)c1.[Br-],303.43,,SurfaceTension,0.02764,0.028103208,0.00046320818,test,Random point,Point,E,Surface tension multi-split parity plot,True
4668,1-ethyl-3-methylimidazolium thiocyanate,CC[n+]1ccn(C)c1.N#C[S-],308.15,,SurfaceTension,0.052399993,0.05255948,0.00015948713,test,Random point,Point,E,Surface tension multi-split parity plot,True
3643,1-butyl-3-methylimidazolium perchlorate,CCCC[n+]1ccn(C)c1.[O-]Cl(=O)(=O)=O,323.15,,SurfaceTension,0.04278,0.042525977,0.00025402382,test,Random point,Point,E,Surface tension multi-split parity plot,True
4987,3-(3-methoxypropyl)-1-methylimidazolium bis((trifluoromethyl)sulfonyl)amide,COCCCn1cc[n+](C)c1.O=S(=O)([N-]S(=O)(=O)C(F)(F)F)C(F)(F)F,293.15,,SurfaceTension,0.035599995,0.034613263,0.0009867325,test,Random point,Point,E,Surface tension multi-split parity plot,True
1464,1-methyl-3-octylimidazolium L-alaninate,CCCCCCCCn1cc[n+](C)c1.C[C@H](N)C(=O)[O-],303.15,,SurfaceTension,0.027900001,0.027932122,3.2121316e-05,test,Random point,Point,E,Surface tension multi-split parity plot,True
4522,1-ethyl-3-methyl-1H-imidazolium tricyanomethanide,CC[n+]1ccn(C)c1.N#C[C-](C#N)C#N,333.28,,SurfaceTension,0.046240002,0.04707535,0.0008353479,test,Random point,Point,E,Surface tension multi-split parity plot,True
1068,"N,N,N-Trimethyl-1-decanaminium bis[(trifluoromethyl)sulfonyl]imide",CCCCCCCCCC[N+](C)(C)C.O=S(=O)([N-]S(=O)(=O)C(F)(F)F)C(F)(F)F,318.08,,SurfaceTension,0.0342,0.033253,0.0009470023,test,Random point,Point,E,Surface tension multi-split parity plot,True
2091,1-hexyl-3-methylimidazolium chloride,CCCCCC[n+]1ccn(C)c1.[Cl-],378.0,,SurfaceTension,0.037100002,0.03658479,0.0005152114,test,Random point,Point,E,Surface tension multi-split parity plot,True
1910,1-hexyl-3-methylimidazolium tetracyanoborate,CCCCCC[n+]1ccn(C)c1.N#C[B-](C#N)(C#N)C#N,343.15,,SurfaceTension,0.0335,0.03675857,0.0032585673,test,Random point,Point,E,Surface tension multi-split parity plot,True
5630,1-methyl-3-pentylimidazolium galliumtetrachloride,[Cl-].[Cl-].[Cl-].[Cl-].[Ga+3].CN1C=[N+](C=C1)CCCCC,323.15,,SurfaceTension,0.0415,0.041523304,2.3305416e-05,test,Random point,Point,E,Surface tension multi-split parity plot,True
362,propylammonium acetate,CC(=O)[O-].CCC[NH3+],328.15,,SurfaceTension,0.030600002,0.030148111,0.00045189075,test,Random point,Point,E,Surface tension multi-split parity plot,True
79,1-ethyl-3-methylimidazolium ethylsulfate,C(C)OS(=O)(=O)[O-].C(C)N1C=[N+](C=C1)C,308.2,,SurfaceTension,0.046330005,0.046389345,5.934015e-05,test,Random point,Point,E,Surface tension multi-split parity plot,True
3394,1-butyl-3-methylimidazolium glycinate,CCCC[n+]1ccn(C)c1.NCC(=O)[O-],313.2,,SurfaceTension,0.042400006,0.04206921,0.0003307946,test,Random point,Point,E,Surface tension multi-split parity plot,True
4189,1-(2-ethoxyethyl)pyridinium bis((trifluoromethyl)sulfonyl)amide,CCOCC[n+]1ccccc1.O=S(=O)([N-]S(=O)(=O)C(F)(F)F)C(F)(F)F,333.15,,SurfaceTension,0.031650003,0.031872753,0.00022275001,test,Random point,Point,E,Surface tension multi-split parity plot,True
4585,1-ethyl-3-methylimidazolium dicyanamide,CC[n+]1ccn(C)c1.N#C[N-]C#N,318.4,,SurfaceTension,0.058539998,0.057624158,0.00091584027,test,Random point,Point,E,Surface tension multi-split parity plot,True
785,trihexyltetradecylphosphonium decanoate,CCCCCCCCCC(=O)[O-].CCCCCCCCCCCCCC[P+](CCCCCC)(CCCCCC)CCCCCC,298.0,,SurfaceTension,0.029,0.02876847,0.00023152865,test,Random point,Point,E,Surface tension multi-split parity plot,True
919,trihexyl(tetradecyl)phosphonium bis[(trifluoromethyl)sulfonyl]imide,CCCCCCCCCCCCCC[P+](CCCCCC)(CCCCCC)CCCCCC.O=S(=O)([N-]S(=O)(=O)C(F)(F)F)C(F)(F)F,303.949,,SurfaceTension,0.028606996,0.029916398,0.0013094023,test,Random point,Point,E,Surface tension multi-split parity plot,True
5333,"1,3-dimethylimidazolium bis((trifluoromethyl)sulfonyl)amide",Cn1cc[n+](C)c1.O=S(=O)([N-]S(=O)(=O)C(F)(F)F)C(F)(F)F,313.15,,SurfaceTension,0.030640002,0.03139943,0.0007594265,test,Random point,Point,E,Surface tension multi-split parity plot,True
3920,4-methyl-1-propylpyridinium bis((trifluoromethyl)sulfonyl)amide,CCC[n+]1ccc(C)cc1.O=S(=O)([N-]S(=O)(=O)C(F)(F)F)C(F)(F)F,353.47,,SurfaceTension,0.0327,0.03304013,0.00034013018,test,Random point,Point,E,Surface tension multi-split parity plot,True
5013,1-(2-methoxyethyl)pyridinium bis(trifluoromethylsulfonyl)amide,COCC[n+]1ccccc1.O=S(=O)([N-]S(=O)(=O)C(F)(F)F)C(F)(F)F,293.15,,SurfaceTension,0.03663,0.035522014,0.001107987,test,Random point,Point,E,Surface tension multi-split parity plot,True
1688,1-heptyl-3-methylimidazolium hexafluorophosphate,CCCCCCC[n+]1ccn(C)c1.F[P-](F)(F)(F)(F)F,348.16,,SurfaceTension,0.033319995,0.033474214,0.00015421957,test,Random point,Point,E,Surface tension multi-split parity plot,True
1831,1-hexyl-3-methylimidazolium tetrafluoroborate,CCCCCC[n+]1ccn(C)c1.F[B-](F)(F)F,303.15,,SurfaceTension,0.03883,0.038106732,0.00072326884,test,Random point,Point,E,Surface tension multi-split parity plot,True
1882,1-hexyl-3-methylimidazolium hexafluorophosphate,CCCCCC[n+]1ccn(C)c1.F[P-](F)(F)(F)(F)F,333.78,,SurfaceTension,0.03605,0.036875866,0.00082586706,test,Random point,Point,E,Surface tension multi-split parity plot,True
3340,1-butyl-3-methylimidazolium dicyanamide,CCCC[n+]1ccn(C)c1.N#C[N-]C#N,313.4,,SurfaceTension,0.04501,0.04708259,0.0020725913,test,Random point,Point,E,Surface tension multi-split parity plot,True
4768,1-ethyl-3-methylimidazolium bis((trifluoromethyl)sulfonyl)imide,CC[n+]1ccn(C)c1.O=S(=O)([N-]S(=O)(=O)C(F)(F)F)C(F)(F)F,319.33,,SurfaceTension,0.040499996,0.035779446,0.00472055,test,Random point,Point,E,Surface tension multi-split parity plot,True
256,1-allyl-3-methyl-1H-imidazolium bis((trifluoromethyl)sulfonyl)amide,C=CC[n+]1ccn(C)c1.O=S(=O)([N-]S(=O)(=O)C(F)(F)F)C(F)(F)F,323.15,,SurfaceTension,0.030499997,0.03141212,0.0009121243,test,Random point,Point,E,Surface tension multi-split parity plot,True
5606,1-butyl-3-methylimidazolium hydrogensulfate,S(=O)(=O)(O)[O-].C(CCC)N1C=[N+](C=C1)C,318.15,,SurfaceTension,0.038469996,0.040374722,0.001904726,test,Random point,Point,E,Surface tension multi-split parity plot,True
3298,1-butyl-3-methylimidazolium tricyanomethane,CCCC[n+]1ccn(C)c1.N#C[C-](C#N)C#N,343.42,,SurfaceTension,0.044899996,0.04625012,0.0013501234,test,Random point,Point,E,Surface tension multi-split parity plot,True
1731,triethylhexylammonium bis((trifluoromethyl)sulfonyl)imide,CCCCCC[N+](CC)(CC)CC.O=S(=O)([N-]S(=O)(=O)C(F)(F)F)C(F)(F)F,313.0,,SurfaceTension,0.032899998,0.03318366,0.00028366223,test,Random point,Point,E,Surface tension multi-split parity plot,True
2614,N-butyl-3-methylpyridinium methylsulfate,CCCC[n+]1cccc(C)c1.COS(=O)(=O)[O-],295.45,,SurfaceTension,0.043399997,0.043093525,0.00030647218,test,Random point,Point,E,Surface tension multi-split parity plot,True
5631,1-methyl-3-pentylimidazolium galliumtetrachloride,[Cl-].[Cl-].[Cl-].[Cl-].[Ga+3].CN1C=[N+](C=C1)CCCCC,333.15,,SurfaceTension,0.040849995,0.041078757,0.00022876263,test,Random point,Point,E,Surface tension multi-split parity plot,True
3330,1-butyl-3-methylimidazolium dicyanamide,CCCC[n+]1ccn(C)c1.N#C[N-]C#N,303.55,,SurfaceTension,0.048500005,0.047416788,0.0010832176,test,Random point,Point,E,Surface tension multi-split parity plot,True
1609,1-methyl-3-octylimidazolium bis(trifluoromethylsulfonyl)imide,CCCCCCCCn1cc[n+](C)c1.O=S(=O)([N-]S(=O)(=O)C(F)(F)F)C(F)(F)F,392.9,,SurfaceTension,0.024,0.024511209,0.00051120855,test,Random point,Point,E,Surface tension multi-split parity plot,True
4160,1-ethyl-3-propylimidazolium bis(trifluoromethylsulfonyl)imide,CCCn1cc[n+](CC)c1.O=S(=O)([N-]S(=O)(=O)C(F)(F)F)C(F)(F)F,295.75,,SurfaceTension,0.033099998,0.035387218,0.0022872202,test,Random point,Point,E,Surface tension multi-split parity plot,True
1717,hexyltrimethylammonium bis[(trifluoromethyl)sulfonyl]imide,CCCCCC[N+](C)(C)C.O=S(=O)([N-]S(=O)(=O)C(F)(F)F)C(F)(F)F,311.05,,SurfaceTension,0.0351,0.034342572,0.00075742975,test,Random point,Point,E,Surface tension multi-split parity plot,True
5266,3-(3-aminopropyl)-1-methyl-1H-imidazolium hexafluorophosphate(V),C[n+]1ccn(CCCN)c1.F[P-](F)(F)(F)(F)F,313.15,,SurfaceTension,0.050019994,0.050344925,0.000324931,test,Random point,Point,E,Surface tension multi-split parity plot,True
9,1-ethyl-3-methylimidazolium diethylphosphate,C(C)OP(=O)(OCC)[O-].C(C)N1C=[N+](C=C1)C,303.15,,SurfaceTension,0.034799997,0.03509261,0.0002926141,test,Random point,Point,E,Surface tension multi-split parity plot,True
5051,1-ethyl-3-methylimidazolium methylsulfate,COS(=O)(=O)[O-].C(C)N1C=[N+](C=C1)C,283.15,,SurfaceTension,0.05354,0.054176282,0.0006362833,test,Random point,Point,E,Surface tension multi-split parity plot,True
1674,1-heptyl-3-methylimidazolium hexafluorophosphate,CCCCCCC[n+]1ccn(C)c1.F[P-](F)(F)(F)(F)F,293.23,,SurfaceTension,0.03605,0.035939794,0.00011020526,test,Random point,Point,E,Surface tension multi-split parity plot,True
5436,1-methylimidazolium bromide,Cn1cc[nH+]c1.[Br-],347.25,,SurfaceTension,0.065850005,0.06513717,0.0007128343,test,Random point,Point,E,Surface tension multi-split parity plot,True
4789,1-ethyl-3-methylimidazolium bis((trifluoromethyl)sulfonyl)imide,CC[n+]1ccn(C)c1.O=S(=O)([N-]S(=O)(=O)C(F)(F)F)C(F)(F)F,352.87,,SurfaceTension,0.03378,0.033880644,0.00010064244,test,Random point,Point,E,Surface tension multi-split parity plot,True
3461,1-butyl-3-methylimidazolium bis(trifluoromethylsulfonyl)imide,CCCC[n+]1ccn(C)c1.O=S(=O)([N-]S(=O)(=O)C(F)(F)F)C(F)(F)F,306.81,,SurfaceTension,0.032439996,0.032626797,0.00018680096,test,Random point,Point,E,Surface tension multi-split parity plot,True
2093,1-hexyl-3-methylimidazolium iodide,CCCCCC[n+]1ccn(C)c1.[I-],308.19,,SurfaceTension,0.04069,0.041269694,0.0005796924,test,Random point,Point,E,Surface tension multi-split parity plot,True
2312,1-methyl-3-pentylimidazolium bis(trifluoromethylsulfonyl)imide,CCCCCn1cc[n+](C)c1.O=S(=O)([N-]S(=O)(=O)C(F)(F)F)C(F)(F)F,312.05,,SurfaceTension,0.031499997,0.031123653,0.00037634373,test,Random point,Point,E,Surface tension multi-split parity plot,True
2253,1-pentylpyridinium bis(trifluoromethylsulfonyl)amide,CCCCC[n+]1ccccc1.O=S(=O)([N-]S(=O)(=O)C(F)(F)F)C(F)(F)F,333.15,,SurfaceTension,0.030799996,0.030598504,0.00020149164,test,Random point,Point,E,Surface tension multi-split parity plot,True
2302,1-methyl-3-pentylimidazolium hexafluorophosphate,CCCCCn1cc[n+](C)c1.F[P-](F)(F)(F)(F)F,343.0,,SurfaceTension,0.038859997,0.038943414,8.34167e-05,test,Random point,Point,E,Surface tension multi-split parity plot,True
5250,"3,3'-(1,5-pentanediyl)bis[1-methylimidazolium] 1,1,1-trifluoro-N-[(trifluoromethyl)sulfonyl]methanesulfonamide",C[n+]1ccn(CCCCCn2cc[n+](C)c2)c1.O=S(=O)([N-]S(=O)(=O)C(F)(F)F)C(F)(F)F.O=S(=O)([N-]S(=O)(=O)C(F)(F)F)C(F)(F)F,308.15,,SurfaceTension,0.0421,0.041930243,0.00016975775,test,Random point,Point,E,Surface tension multi-split parity plot,True
4453,1-ethyl-3-methylimidazolium tetrafluoroborate,CC[n+]1ccn(C)c1.F[B-](F)(F)F,328.15,,SurfaceTension,0.0493,0.05110716,0.0018071607,test,Random point,Point,E,Surface tension multi-split parity plot,True
5029,1-(2-methoxyethyl)-3-methyl-1H-imidazolium bis((trifluoromethyl)sulfonyl)amide,COCC[n+]1ccn(C)c1.O=S(=O)([N-]S(=O)(=O)C(F)(F)F)C(F)(F)F,353.15,,SurfaceTension,0.032180004,0.032842927,0.00066292286,test,Random point,Point,E,Surface tension multi-split parity plot,True
3516,1-butyl-3-methylimidazolium trifluoromethanesulfonate,CCCC[n+]1ccn(C)c1.O=S(=O)([O-])C(F)(F)F,298.27,,SurfaceTension,0.0351,0.034662515,0.00043748692,test,Random point,Point,E,Surface tension multi-split parity plot,True
1705,1-heptyl-3-methylimidazolium bromide,CCCCCCC[n+]1ccn(C)c1.[Br-],313.61,,SurfaceTension,0.0347,0.034923267,0.00022326782,test,Random point,Point,E,Surface tension multi-split parity plot,True
4192,1-(2-ethoxyethyl)-3-methylimidazolium bis((trifluoromethyl)sulfonyl)amide,CCOCC[n+]1ccn(C)c1.O=S(=O)([N-]S(=O)(=O)C(F)(F)F)C(F)(F)F,323.15,,SurfaceTension,0.031760003,0.033351637,0.001591634,test,Random point,Point,E,Surface tension multi-split parity plot,True
1713,1-heptyl-3-methylimidazolium bromide,CCCCCCC[n+]1ccn(C)c1.[Br-],358.31,,SurfaceTension,0.03241,0.03264654,0.00023654103,test,Random point,Point,E,Surface tension multi-split parity plot,True
4920,3-ethyl-1-methylimidazolium (S)-2-hydroxypropanoate,CCn1cc[n+](C)c1.C[C@H](O)C(=O)[O-],313.15,,SurfaceTension,0.049149998,0.049545098,0.00039510056,test,Random point,Point,E,Surface tension multi-split parity plot,True
1132,1-decyl-3-methylimidazolium bis(trifluoromethylsulfonyl)amide,CCCCCCCCCC[n+]1ccn(C)c1.O=S(=O)([N-]S(=O)(=O)C(F)(F)F)C(F)(F)F,453.2,,SurfaceTension,0.020399997,0.021355184,0.0009551868,test,Random point,Point,E,Surface tension multi-split parity plot,True
2659,1-butyl-3-methylpyridinium bis[(trifluoromethyl)sulfonyl]amide,CCCC[n+]1cccc(C)c1.O=S(=O)([N-]S(=O)(=O)C(F)(F)F)C(F)(F)F,293.15,,SurfaceTension,0.032099996,0.030004622,0.0020953733,test,Random point,Point,E,Surface tension multi-split parity plot,True
4003,1-propyl-3-methylimidazolium tetrafluoroborate,CCC[n+]1ccn(C)c1.F[B-](F)(F)F,268.06,,SurfaceTension,0.04278,0.044424247,0.0016442463,test,Random point,Point,E,Surface tension multi-split parity plot,True
4516,1-ethyl-3-methyl-1H-imidazolium tricyanomethanide,CC[n+]1ccn(C)c1.N#C[C-](C#N)C#N,318.16,,SurfaceTension,0.047479995,0.04820987,0.0007298738,test,Random point,Point,E,Surface tension multi-split parity plot,True
5095,1-butyl-3-methylimidazolium methylsulfate,COS(=O)(=O)[O-].C(CCC)N1C=[N+](C=C1)C,354.35,,SurfaceTension,0.037700005,0.03834193,0.0006419234,test,Random point,Point,E,Surface tension multi-split parity plot,True
2084,1-hexyl-3-methylimidazolium chloride,CCCCCC[n+]1ccn(C)c1.[Cl-],333.27,,SurfaceTension,0.03794,0.03864321,0.0007032119,test,Random point,Point,E,Surface tension multi-split parity plot,True
1560,1-methyl-3-octylimidazolium L-asparaginate,CCCCCCCCn1cc[n+](C)c1.NC(=O)C[C@H](N)C(=O)[O-],343.15,,SurfaceTension,0.030879997,0.030959826,7.9829246e-05,test,Random point,Point,E,Surface tension multi-split parity plot,True
4676,1-ethyl-3-methylimidazolium thiocyanate,CC[n+]1ccn(C)c1.N#C[S-],328.15,,SurfaceTension,0.050699998,0.051384967,0.0006849691,test,Random point,Point,E,Surface tension multi-split parity plot,True
3944,3-methyl-1-propylpyridinium bis(trifluoromethylsulfonyl)imide,CCC[n+]1cccc(C)c1.O=S(=O)([N-]S(=O)(=O)C(F)(F)F)C(F)(F)F,343.2,,SurfaceTension,0.0325,0.03296716,0.00046716258,test,Random point,Point,E,Surface tension multi-split parity plot,True
4971,1-(4-methoxybutyl)-3-methylimidazolium L-threoninate,COCCCC[n+]1ccn(C)c1.C[C@@H](O)[C@H](N)C(=O)[O-],288.15,,SurfaceTension,0.049399998,0.04932341,7.658824e-05,test,Random point,Point,E,Surface tension multi-split parity plot,True
2972,1-butyl-3-methylimidazolium hexafluorophosphate,CCCC[n+]1ccn(C)c1.F[P-](F)(F)(F)(F)F,303.2,,SurfaceTension,0.043439995,0.044054855,0.00061485916,test,Random point,Point,E,Surface tension multi-split parity plot,True
4144,"1,2-dimethyl-3-propylimidazolium thiocyanate",CCCn1cc[n+](C)c1C.N#C[S-],298.15,,SurfaceTension,0.0488,0.04751504,0.0012849607,test,Random point,Point,E,Surface tension multi-split parity plot,True
3498,1-butyl-3-methylimidazolium bis(trifluoromethylsulfonyl)imide,CCCC[n+]1ccn(C)c1.O=S(=O)([N-]S(=O)(=O)C(F)(F)F)C(F)(F)F,455.0,,SurfaceTension,0.025800003,0.024571903,0.0012280997,test,Random point,Point,E,Surface tension multi-split parity plot,True
1665,1-heptyl-3-methylimidazolium tetrafluoroborate,CCCCCCC[n+]1ccn(C)c1.F[B-](F)(F)F,273.9,,SurfaceTension,0.03687,0.03691267,4.2669475e-05,test,Random point,Point,E,Surface tension multi-split parity plot,True
5589,"1-ethyl-2,3-dimethylimidazolium hydrogensulfate",S(=O)(=O)(O)[O-].C(C)N1C(=[N+](C=C1)C)C,303.15,,SurfaceTension,0.049500003,0.049800117,0.0003001131,test,Random point,Point,E,Surface tension multi-split parity plot,True
2003,1-hexyl-3-methylimidazolium bis[(trifluoromethyl)sulfonyl]imide,CCCCCC[n+]1ccn(C)c1.O=S(=O)([N-]S(=O)(=O)C(F)(F)F)C(F)(F)F,333.2,,SurfaceTension,0.028100003,0.029953148,0.0018531457,test,Random point,Point,E,Surface tension multi-split parity plot,True
288,3-hexyl-1-vinyl-1H-imidazol-3-ium bromide,C=Cn1cc[n+](CCCCCC)c1.[Br-],333.15,,SurfaceTension,0.0404,0.041428108,0.0010281093,test,Random point,Point,E,Surface tension multi-split parity plot,True
921,trihexyl(tetradecyl)phosphonium bis[(trifluoromethyl)sulfonyl]imide,CCCCCCCCCCCCCC[P+](CCCCCC)(CCCCCC)CCCCCC.O=S(=O)([N-]S(=O)(=O)C(F)(F)F)C(F)(F)F,312.848,,SurfaceTension,0.027968999,0.029276142,0.0013071429,test,Random point,Point,E,Surface tension multi-split parity plot,True
2985,1-butyl-3-methylimidazolium hexafluorophosphate,CCCC[n+]1ccn(C)c1.F[P-](F)(F)(F)(F)F,312.44,,SurfaceTension,0.043130003,0.043634746,0.0005047433,test,Random point,Point,E,Surface tension multi-split parity plot,True
5286,3-(2-hydroxyethyl)-1-methyl-1H-imidazolium trifluorotris(perfluoroethyl)phosphate(V),C[n+]1ccn(CCO)c1.FC(F)(F)C(F)(F)[P-](F)(F)(F)(C(F)(F)C(F)(F)F)C(F)(F)C(F)(F)F,333.13,,SurfaceTension,0.036809996,0.036890697,8.0700964e-05,test,Random point,Point,E,Surface tension multi-split parity plot,True
5026,1-(2-methoxyethyl)-3-methyl-1H-imidazolium bis((trifluoromethyl)sulfonyl)amide,COCC[n+]1ccn(C)c1.O=S(=O)([N-]S(=O)(=O)C(F)(F)F)C(F)(F)F,308.15,,SurfaceTension,0.040499996,0.037671134,0.0028288625,test,Random point,Point,E,Surface tension multi-split parity plot,True
4495,1-ethyl-3-methylimidazolium tetracyanoborate,CC[n+]1ccn(C)c1.N#C[B-](C#N)(C#N)C#N,343.15,,SurfaceTension,0.038330004,0.04296327,0.0046332665,test,Random point,Point,E,Surface tension multi-split parity plot,True
1072,"N,N,N-triethyl-1-decanaminium 1,1,1-trifluoro-N-[(trifluoromethyl)sulfonyl]methanesulfonamide",CCCCCCCCCC[N+](CC)(CC)CC.O=S(=O)([N-]S(=O)(=O)C(F)(F)F)C(F)(F)F,353.0,,SurfaceTension,0.027600002,0.02760953,9.529293e-06,test,Random point,Point,E,Surface tension multi-split parity plot,True
3497,1-butyl-3-methylimidazolium bis(trifluoromethylsulfonyl)imide,CCCC[n+]1ccn(C)c1.O=S(=O)([N-]S(=O)(=O)C(F)(F)F)C(F)(F)F,432.6,,SurfaceTension,0.0249,0.02543292,0.00053291954,test,Random point,Point,E,Surface tension multi-split parity plot,True
3408,1-butyl-3-methylimidazolium L-serinate,CCCC[n+]1ccn(C)c1.N[C@@H](CO)C(=O)[O-],323.15,,SurfaceTension,0.0443,0.044414558,0.0001145564,test,Random point,Point,E,Surface tension multi-split parity plot,True
4346,1-ethyl-3-methylpyridinium perfluorobutanesulfonate,CC[n+]1cccc(C)c1.O=S(=O)([O-])C(F)(F)C(F)(F)C(F)(F)C(F)(F)F,343.0,,SurfaceTension,0.0247,0.024706863,6.8619847e-06,test,Random point,Point,E,Surface tension multi-split parity plot,True
2850,1-butyl-3-methylimidazolium tetrafluoroborate,CCCC[n+]1ccn(C)c1.F[B-](F)(F)F,298.55,,SurfaceTension,0.0439,0.044506874,0.00060687214,test,Random point,Point,E,Surface tension multi-split parity plot,True
1813,1-hexylpyridinium bis(trifluromethylsulfonyl)imide,CCCCCC[n+]1ccccc1.O=S(=O)([N-]S(=O)(=O)C(F)(F)F)C(F)(F)F,328.15,,SurfaceTension,0.030264994,0.029852474,0.00041252002,test,Random point,Point,E,Surface tension multi-split parity plot,True
1691,1-heptyl-3-methylimidazolium hexafluorophosphate,CCCCCCC[n+]1ccn(C)c1.F[P-](F)(F)(F)(F)F,364.61,,SurfaceTension,0.032669995,0.032919835,0.00024984032,test,Random point,Point,E,Surface tension multi-split parity plot,True
1793,1-hexylpyridinium tetrafluoroborate,CCCCCC[n+]1ccccc1.F[B-](F)(F)F,315.65,,SurfaceTension,0.038589995,0.038214665,0.00037533045,test,Random point,Point,E,Surface tension multi-split parity plot,True
3405,1-butyl-3-methylimidazolium (S)-2-amino-4-carboxybutanoate,CCCC[n+]1ccn(C)c1.N[C@@H](CCC(=O)O)C(=O)[O-],333.15,,SurfaceTension,0.040199995,0.04130587,0.0011058748,test,Random point,Point,E,Surface tension multi-split parity plot,True
1137,1-decyl-3-methylimidazolium bromide,CCCCCCCCCC[n+]1ccn(C)c1.[Br-],318.26,,SurfaceTension,0.027539998,0.02725373,0.00028626807,test,Random point,Point,E,Surface tension multi-split parity plot,True
2069,1-hexyl-3-methyl-1H-imidazolium bromide,CCCCCC[n+]1ccn(C)c1.[Br-],333.86,,SurfaceTension,0.03826,0.038544357,0.00028435513,test,Random point,Point,E,Surface tension multi-split parity plot,True
1879,1-hexyl-3-methylimidazolium hexafluorophosphate,CCCCCC[n+]1ccn(C)c1.F[P-](F)(F)(F)(F)F,323.15,,SurfaceTension,0.036526665,0.037333757,0.0008070916,test,Random point,Point,E,Surface tension multi-split parity plot,True
3586,1-butyl-3-methylimidazolium chloride,CCCC[n+]1ccn(C)c1.[Cl-],313.07,,SurfaceTension,0.049699992,0.04767156,0.0020284317,test,Random point,Point,E,Surface tension multi-split parity plot,True
2497,tributylethylphosphonium diethylphosphate,CCCC[P+](CC)(CCCC)CCCC.CCOP(=O)([O-])OCC,329.67,,SurfaceTension,0.0311,0.027766824,0.0033331756,test,Random point,Point,E,Surface tension multi-split parity plot,True
1038,1-dodecyl-3-methyl-1H-imidazolium bis(trifluoromethylsulfonyl)amide,CCCCCCCCCCCC[n+]1ccn(C)c1.O=S(=O)([N-]S(=O)(=O)C(F)(F)F)C(F)(F)F,333.3,,SurfaceTension,0.026400002,0.025889289,0.0005107131,test,Random point,Point,E,Surface tension multi-split parity plot,True
4600,1-ethyl-3-methylimidazolium dicyanamide,CC[n+]1ccn(C)c1.N#C[N-]C#N,338.21,,SurfaceTension,0.057310004,0.056777135,0.00053286925,test,Random point,Point,E,Surface tension multi-split parity plot,True
5435,1-methylimidazolium bromide,Cn1cc[nH+]c1.[Br-],338.02,,SurfaceTension,0.06680999,0.06552415,0.0012858361,test,Random point,Point,E,Surface tension multi-split parity plot,True
1789,1-hexylpyridinium tetrafluoroborate,CCCCCC[n+]1ccccc1.F[B-](F)(F)F,300.65,,SurfaceTension,0.03964,0.039440956,0.00019904226,test,Random point,Point,E,Surface tension multi-split parity plot,True
2159,1-hexyl-3-methylimidazolium tris(pentafluoroethyl)trifluorophosphate,CCCCCCn1cc[n+](C)c1.FC(F)(F)C(F)(F)[P-](F)(F)(F)(C(F)(F)C(F)(F)F)C(F)(F)C(F)(F)F,358.07,,SurfaceTension,0.027869996,0.028143747,0.0002737511,test,Random point,Point,E,Surface tension multi-split parity plot,True
347,1-butyl-3-methylimidazolium acetate,CC(=O)[O-].CCCC[n+]1ccn(C)c1,313.15,,SurfaceTension,0.036699995,0.035772555,0.0009274408,test,Random point,Point,E,Surface tension multi-split parity plot,True
538,1-pentyl-3-methylimidazolium lactate,CC(O)C(=O)[O-].CCCCC[n+]1ccn(C)c1,308.15,,SurfaceTension,0.0415,0.041698508,0.00019850954,test,Random point,Point,E,Surface tension multi-split parity plot,True
5381,1-(2-hydroxyethyl)-3-methylimidazolium glycinate,Cn1cc[n+](CCO)c1.NCC(=O)[O-],323.15,,SurfaceTension,0.05517,0.055253822,8.382276e-05,test,Random point,Point,E,Surface tension multi-split parity plot,True
1916,1-hexyl-3-methylimidazolium dicyanamide,CCCCCC[n+]1ccn(C)c1.N#C[N-]C#N,307.9,,SurfaceTension,0.042200007,0.042809244,0.0006092377,test,Random point,Point,E,Surface tension multi-split parity plot,True
1534,1-methyl-3-octylimidazolium tetracyanoborate,CCCCCCCCn1cc[n+](C)c1.N#C[B-](C#N)(C#N)C#N,283.23,,SurfaceTension,0.038639996,0.03902856,0.00038856268,test,Random point,Point,E,Surface tension multi-split parity plot,True
3868,1-(2-propoxyethyl)pyridinium bis((trifluoromethyl)sulfonyl)amide,CCCOCC[n+]1ccccc1.O=S(=O)([N-]S(=O)(=O)C(F)(F)F)C(F)(F)F,283.15,,SurfaceTension,0.033520002,0.0324408,0.0010792017,test,Random point,Point,E,Surface tension multi-split parity plot,True
1133,1-decyl-3-methylimidazolium bis(trifluoromethylsulfonyl)amide,CCCCCCCCCC[n+]1ccn(C)c1.O=S(=O)([N-]S(=O)(=O)C(F)(F)F)C(F)(F)F,493.1,,SurfaceTension,0.0185,0.019555572,0.0010555722,test,Random point,Point,E,Surface tension multi-split parity plot,True
885,tetradecyl(trihexyl)phosphonium dicyanamide,CCCCCCCCCCCCCC[P+](CCCCCC)(CCCCCC)CCCCCC.N#C[N-]C#N,328.09,,SurfaceTension,0.029179998,0.029893015,0.00071301684,test,Random point,Point,E,Surface tension multi-split parity plot,True
963,trihexyl(tetradecyl)phosphonium chloride,CCCCCCCCCCCCCC[P+](CCCCCC)(CCCCCC)CCCCCC.[Cl-],313.593,,SurfaceTension,0.028782997,0.030355256,0.0015722588,test,Random point,Point,E,Surface tension multi-split parity plot,True
4986,3-(3-methoxypropyl)-1-methylimidazolium bis((trifluoromethyl)sulfonyl)amide,COCCCn1cc[n+](C)c1.O=S(=O)([N-]S(=O)(=O)C(F)(F)F)C(F)(F)F,283.15,,SurfaceTension,0.03642,0.035052583,0.0013674162,test,Random point,Point,E,Surface tension multi-split parity plot,True
2090,1-hexyl-3-methylimidazolium chloride,CCCCCC[n+]1ccn(C)c1.[Cl-],368.0,,SurfaceTension,0.037700005,0.036944635,0.00075536966,test,Random point,Point,E,Surface tension multi-split parity plot,True
3574,1-butyl-3-methylimidazolium bromide,CCCC[n+]1ccn(C)c1.[Br-],349.14,,SurfaceTension,0.047720004,0.047423374,0.00029662997,test,Random point,Point,E,Surface tension multi-split parity plot,True
3387,1-butyl-3-methylimidazolium thiocyanate,CCCC[n+]1ccn(C)c1.N#C[S-],323.15,,SurfaceTension,0.042762503,0.041945662,0.0008168407,test,Random point,Point,E,Surface tension multi-split parity plot,True
5629,1-methyl-3-pentylimidazolium galliumtetrachloride,[Cl-].[Cl-].[Cl-].[Cl-].[Ga+3].CN1C=[N+](C=C1)CCCCC,318.15,,SurfaceTension,0.041800003,0.041735347,6.465614e-05,test,Random point,Point,E,Surface tension multi-split parity plot,True
2548,1-butyl-4-methylpyridinium tetrafluoroborate,CCCC[n+]1ccc(C)cc1.F[B-](F)(F)F,294.25,,SurfaceTension,0.044600002,0.045531485,0.00093148276,test,Random point,Point,E,Surface tension multi-split parity plot,True
2034,1-hexyl-3-methylimidazolium trifluoromethanesulfonate,CCCCCC[n+]1ccn(C)c1.O=S(=O)([O-])C(F)(F)F,303.24,,SurfaceTension,0.032190003,0.032246817,5.6814402e-05,test,Random point,Point,E,Surface tension multi-split parity plot,True
2314,1-methyl-3-pentylimidazolium bis(trifluoromethylsulfonyl)imide,CCCCCn1cc[n+](C)c1.O=S(=O)([N-]S(=O)(=O)C(F)(F)F)C(F)(F)F,315.95,,SurfaceTension,0.0313,0.030924717,0.00037528388,test,Random point,Point,E,Surface tension multi-split parity plot,True
217,3-methyl-1-pentylimidazolium hydrogencarbonate,C(O)([O-])=O.C[N+]1=CN(C=C1)CCCCC,338.15,,SurfaceTension,0.026899999,0.028288089,0.0013880897,test,Random point,Point,E,Surface tension multi-split parity plot,True
3388,1-butyl-3-methylimidazolium thiocyanate,CCCC[n+]1ccn(C)c1.N#C[S-],328.3,,SurfaceTension,0.042400006,0.040863026,0.0015369803,test,Random point,Point,E,Surface tension multi-split parity plot,True
1551,1-methyl-3-octylimidazolium tricyanomethanide,CCCCCCCCn1cc[n+](C)c1.N#C[C-](C#N)C#N,353.03,,SurfaceTension,0.034889996,0.03406498,0.0008250177,test,Random point,Point,E,Surface tension multi-split parity plot,True
3582,1-butyl-3-methylimidazolium chloride,CCCC[n+]1ccn(C)c1.[Cl-],303.11,,SurfaceTension,0.050300002,0.047770932,0.0025290698,test,Random point,Point,E,Surface tension multi-split parity plot,True
5268,3-(3-aminopropyl)-1-methyl-1H-imidazolium hexafluorophosphate(V),C[n+]1ccn(CCCN)c1.F[P-](F)(F)(F)(F)F,318.15,,SurfaceTension,0.04994,0.0501552,0.00021519884,test,Random point,Point,E,Surface tension multi-split parity plot,True
5611,1-butyl-3-methylimidazolium hydrogensulfate,S(=O)(=O)(O)[O-].C(CCC)N1C=[N+](C=C1)C,353.15,,SurfaceTension,0.037299998,0.038823918,0.0015239194,test,Random point,Point,E,Surface tension multi-split parity plot,True
2087,1-hexyl-3-methylimidazolium chloride,CCCCCC[n+]1ccn(C)c1.[Cl-],348.0,,SurfaceTension,0.038799997,0.03787162,0.00092837587,test,Random point,Point,E,Surface tension multi-split parity plot,True
4137,1-methyl-3-propylimidazolium iodide,CCCn1cc[n+](C)c1.[I-],313.13,,SurfaceTension,0.055910002,0.055701695,0.00020830706,test,Random point,Point,E,Surface tension multi-split parity plot,True
4831,1-ethyl-3-methylimidazolium trifluoromethanesulfonate,CC[n+]1ccn(C)c1.O=S(=O)([O-])C(F)(F)F,337.82,,SurfaceTension,0.042999998,0.039563738,0.00343626,test,Random point,Point,E,Surface tension multi-split parity plot,True
4041,1-methyl-3-propylimidazolium hexafluorophosphate,CCCn1cc[n+](C)c1.F[P-](F)(F)(F)(F)F,323.13,,SurfaceTension,0.046330005,0.046000227,0.0003297776,test,Random point,Point,E,Surface tension multi-split parity plot,True
2894,1-butyl-3-methylimidazolium tetrafluoroborate,CCCC[n+]1ccn(C)c1.F[B-](F)(F)F,338.15,,SurfaceTension,0.041950006,0.041581333,0.00036867335,test,Random point,Point,E,Surface tension multi-split parity plot,True
3528,1-butyl-3-methylimidazolium trifluoromethanesulfonate,CCCC[n+]1ccn(C)c1.O=S(=O)([O-])C(F)(F)F,318.13,,SurfaceTension,0.03453,0.03412176,0.00040823966,test,Random point,Point,E,Surface tension multi-split parity plot,True
1255,triethyloctylammonium bis[(trifluoromethyl)sulfonyl]imide,CCCCCCCC[N+](CC)(CC)CC.O=S(=O)([N-]S(=O)(=O)C(F)(F)F)C(F)(F)F,323.0,,SurfaceTension,0.031000003,0.030943083,5.6920573e-05,test,Random point,Point,E,Surface tension multi-split parity plot,True
3433,1-butyl-3-methylimidazolium bis(trifluoromethylsulfonyl)imide,CCCC[n+]1ccn(C)c1.O=S(=O)([N-]S(=O)(=O)C(F)(F)F)C(F)(F)F,283.15,,SurfaceTension,0.033579998,0.03384253,0.00026253238,test,Random point,Point,E,Surface tension multi-split parity plot,True
500,triisobutylmethylphosphonium p-toluenesulfonate,CC(C)C[P+](C)(CC(C)C)CC(C)C.Cc1ccc(S(=O)(=O)[O-])cc1,333.15,,SurfaceTension,0.0326,0.033142358,0.00054235756,test,Random point,Point,E,Surface tension multi-split parity plot,True
3305,1-butyl-3-methylimidazolium tricyanomethane,CCCC[n+]1ccn(C)c1.N#C[C-](C#N)C#N,363.75,,SurfaceTension,0.045199994,0.04476266,0.00043733418,test,Random point,Point,E,Surface tension multi-split parity plot,True
1151,1-decyl-3-methylimidazolium phenolate,CCCCCCCCCC[n+]1ccn(C)c1.[O-]c1ccccc1,343.15,,SurfaceTension,0.02656,0.026181968,0.00037803128,test,Random point,Point,E,Surface tension multi-split parity plot,True
3977,2-methyl-1-propylpyridinium bis((trifluoromethyl)sulfonyl)amide,CCC[n+]1ccccc1C.O=S(=O)([N-]S(=O)(=O)C(F)(F)F)C(F)(F)F,312.97,,SurfaceTension,0.036009997,0.035885587,0.0001244098,test,Random point,Point,E,Surface tension multi-split parity plot,True
4580,1-ethyl-3-methylimidazolium dicyanamide,CC[n+]1ccn(C)c1.N#C[N-]C#N,313.3,,SurfaceTension,0.058840003,0.05798102,0.00085898116,test,Random point,Point,E,Surface tension multi-split parity plot,True
1187,1-nonyl-3-methylimidazolium tetrafluoroborate,CCCCCCCCC[n+]1ccn(C)c1.F[B-](F)(F)F,298.28,,SurfaceTension,0.03159,0.031367134,0.00022286549,test,Random point,Point,E,Surface tension multi-split parity plot,True
1349,1-octyl-3-methylimidazolium hexafluorophosphate,CCCCCCCC[n+]1ccn(C)c1.F[P-](F)(F)(F)(F)F,293.42,,SurfaceTension,0.034359995,0.034356933,3.0621886e-06,test,Random point,Point,E,Surface tension multi-split parity plot,True
4975,1-(4-methoxybutyl)-3-methylimidazolium glycinate,COCCCC[n+]1ccn(C)c1.NCC(=O)[O-],318.15,,SurfaceTension,0.043699995,0.04356027,0.00013972446,test,Random point,Point,E,Surface tension multi-split parity plot,True
3571,1-butyl-3-methylimidazolium bromide,CCCC[n+]1ccn(C)c1.[Br-],308.39,,SurfaceTension,0.050130002,0.050097212,3.2790005e-05,test,Random point,Point,E,Surface tension multi-split parity plot,True
2496,tributylethylphosphonium diethylphosphate,CCCC[P+](CC)(CCCC)CCCC.CCOP(=O)([O-])OCC,323.59,,SurfaceTension,0.031599995,0.028139284,0.0034607109,test,Random point,Point,E,Surface tension multi-split parity plot,True
4978,1-(4-methoxybutyl)-3-methylimidazolium aspartate,COCCCC[n+]1ccn(C)c1.N[C@@H](CC(=O)O)C(=O)[O-],318.15,,SurfaceTension,0.0527,0.052677225,2.2776425e-05,test,Random point,Point,E,Surface tension multi-split parity plot,True
2067,1-hexyl-3-methyl-1H-imidazolium bromide,CCCCCC[n+]1ccn(C)c1.[Br-],323.34,,SurfaceTension,0.039069995,0.03918583,0.00011583418,test,Random point,Point,E,Surface tension multi-split parity plot,True
1591,1-methyl-3-octylimidazolium bis(trifluoromethylsulfonyl)imide,CCCCCCCCn1cc[n+](C)c1.O=S(=O)([N-]S(=O)(=O)C(F)(F)F)C(F)(F)F,313.2,,SurfaceTension,0.0285,0.030103989,0.0016039889,test,Random point,Point,E,Surface tension multi-split parity plot,True
3019,1-butyl-3-methylimidazolium hexafluorophosphate,CCCC[n+]1ccn(C)c1.F[P-](F)(F)(F)(F)F,333.0,,SurfaceTension,0.044200003,0.042438097,0.0017619058,test,Random point,Point,E,Surface tension multi-split parity plot,True
4907,1-ethyl-3-(2-methoxyethyl)imidazolium trifluoromethanesulfonate,CC[n+]1ccn(CCOC)c1.O=S(=O)([O-])C(F)(F)F,318.15,,SurfaceTension,0.035899997,0.036040127,0.00014013052,test,Random point,Point,E,Surface tension multi-split parity plot,True
4015,1-propyl-3-methylimidazolium thiocyanate,CCC[n+]1ccn(C)c1.N#C[S-],293.15,,SurfaceTension,0.0506,0.048873957,0.0017260425,test,Random point,Point,E,Surface tension multi-split parity plot,True
2258,1-pentyl-3-methylimidazolium DL-threoninate,CCCCC[n+]1ccn(C)c1.C[C@@H](O)[C@H](N)C(=O)[O-],328.15,,SurfaceTension,0.035599995,0.035623,2.3003668e-05,test,Random point,Point,E,Surface tension multi-split parity plot,True
2859,1-butyl-3-methylimidazolium tetrafluoroborate,CCCC[n+]1ccn(C)c1.F[B-](F)(F)F,307.9,,SurfaceTension,0.04456999,0.043908585,0.00066140667,test,Random point,Point,E,Surface tension multi-split parity plot,True
1129,1-decyl-3-methylimidazolium bis(trifluoromethylsulfonyl)amide,CCCCCCCCCC[n+]1ccn(C)c1.O=S(=O)([N-]S(=O)(=O)C(F)(F)F)C(F)(F)F,372.6,,SurfaceTension,0.026299998,0.024879217,0.001420781,test,Random point,Point,E,Surface tension multi-split parity plot,True
5043,1-(methoxymethyl)-3-methylimidazolium bis((trifluoromethyl)sulfonyl)amide,COC[n+]1ccn(C)c1.O=S(=O)([N-]S(=O)(=O)C(F)(F)F)C(F)(F)F,343.15,,SurfaceTension,0.03197,0.03279448,0.0008244775,test,Random point,Point,E,Surface tension multi-split parity plot,True
1141,1-decyl-3-methylimidazolium bromide,CCCCCCCCCC[n+]1ccn(C)c1.[Br-],361.45,,SurfaceTension,0.025509996,0.02562384,0.00011384301,test,Random point,Point,E,Surface tension multi-split parity plot,True
3338,1-butyl-3-methylimidazolium dicyanamide,CCCC[n+]1ccn(C)c1.N#C[N-]C#N,313.45,,SurfaceTension,0.04499,0.047080237,0.002090238,test,Random point,Point,E,Surface tension multi-split parity plot,True
4128,1-methyl-3-propylimidazolium bromide,CCCn1cc[n+](C)c1.[Br-],348.01,,SurfaceTension,0.05375,0.053761385,1.1384487e-05,test,Random point,Point,E,Surface tension multi-split parity plot,True
5022,1-(2-methoxyethyl)-3-methyl-1H-imidazolium bis((trifluoromethyl)sulfonyl)amide,COCC[n+]1ccn(C)c1.O=S(=O)([N-]S(=O)(=O)C(F)(F)F)C(F)(F)F,283.15,,SurfaceTension,0.03669,0.039275147,0.0025851466,test,Random point,Point,E,Surface tension multi-split parity plot,True
4800,1-ethyl-3-methylimidazolium bis((trifluoromethyl)sulfonyl)imide,CC[n+]1ccn(C)c1.O=S(=O)([N-]S(=O)(=O)C(F)(F)F)C(F)(F)F,472.5,,SurfaceTension,0.0257,0.027711658,0.0020116586,test,Random point,Point,E,Surface tension multi-split parity plot,True
2639,1-butyl-3-methylpyridinium dicyanamide,CCCC[n+]1cccc(C)c1.N#C[N-]C#N,278.15,,SurfaceTension,0.05159,0.050125312,0.0014646873,test,Random point,Point,E,Surface tension multi-split parity plot,True
5434,1-methylimidazolium bromide,Cn1cc[nH+]c1.[Br-],328.84,,SurfaceTension,0.067755006,0.06581343,0.0019415766,test,Random point,Point,E,Surface tension multi-split parity plot,True
5421,1-benzyl-3-methylimidazolium bis((trifluoromethyl)sulfonyl)amide,Cn1cc[n+](Cc2ccccc2)c1.O=S(=O)([N-]S(=O)(=O)C(F)(F)F)C(F)(F)F,343.15,,SurfaceTension,0.03624,0.035949543,0.00029045716,test,Random point,Point,E,Surface tension multi-split parity plot,True
4893,1-ethyl-3-(6-hydroxyhexyl)-1H-imidazolium chloride,CC[n+]1ccn(CCCCCCO)c1.[Cl-],313.15,,SurfaceTension,0.03875,0.037471753,0.0012782477,test,Random point,Point,E,Surface tension multi-split parity plot,True
4374,1-ethyl-3-methylimidazolium dimethylphosphate,CC[n+]1ccn(C)c1.COP(=O)([O-])OC,308.2,,SurfaceTension,0.045299996,0.044897866,0.0004021302,test,Random point,Point,E,Surface tension multi-split parity plot,True
4531,1-ethyl-3-methyl-1H-imidazolium tricyanomethanide,CC[n+]1ccn(C)c1.N#C[C-](C#N)C#N,343.18,,SurfaceTension,0.04539,0.046235237,0.00084523857,test,Random point,Point,E,Surface tension multi-split parity plot,True
5559,1-(6-hydroxyhexyl)imidazolium chloride,OCCCCCCn1cc[nH+]c1.[Cl-],323.15,,SurfaceTension,0.044949993,0.046639547,0.0016895533,test,Random point,Point,E,Surface tension multi-split parity plot,True
2295,1-methyl-3-pentylimidazolium hexafluorophosphate,CCCCCn1cc[n+](C)c1.F[P-](F)(F)(F)(F)F,273.2,,SurfaceTension,0.04246,0.042367514,9.248406e-05,test,Random point,Point,E,Surface tension multi-split parity plot,True
1903,1-hexyl-3-methylimidazolium tetracyanoborate,CCCCCC[n+]1ccn(C)c1.N#C[B-](C#N)(C#N)C#N,293.29,,SurfaceTension,0.041320004,0.041438546,0.00011854246,test,Random point,Point,E,Surface tension multi-split parity plot,True
4736,1-ethyl-3-methylimidazolium bis((trifluoromethyl)sulfonyl)imide,CC[n+]1ccn(C)c1.O=S(=O)([N-]S(=O)(=O)C(F)(F)F)C(F)(F)F,277.94,,SurfaceTension,0.03733,0.037244238,8.576363e-05,test,Random point,Point,E,Surface tension multi-split parity plot,True
5279,3-(2-aminoethyl)-1-methyl-1H-imidazolium tetrafluoroborate,C[n+]1ccn(CCN)c1.F[B-](F)(F)F,328.15,,SurfaceTension,0.050800003,0.05080498,4.976988e-06,test,Random point,Point,E,Surface tension multi-split parity plot,True
5506,1-(4-methoxybutyl)-3-methylimidazolium L-alaninate,N[C@@H](C)C(=O)[O-].COCCCCN1C=[N+](C=C1)C,303.15,,SurfaceTension,0.046299998,0.04585221,0.00044778734,test,Random point,Point,E,Surface tension multi-split parity plot,True
3329,1-butyl-3-methylimidazolium dicyanamide,CCCC[n+]1ccn(C)c1.N#C[N-]C#N,303.21,,SurfaceTension,0.04541999,0.04742383,0.0020038374,test,Random point,Point,E,Surface tension multi-split parity plot,True
3510,1-butyl-3-methylimidazolium trifluoromethanesulfonate,CCCC[n+]1ccn(C)c1.O=S(=O)([O-])C(F)(F)F,292.18,,SurfaceTension,0.035389997,0.03479162,0.0005983785,test,Random point,Point,E,Surface tension multi-split parity plot,True
1128,1-decyl-3-methylimidazolium bis(trifluoromethylsulfonyl)amide,CCCCCCCCCC[n+]1ccn(C)c1.O=S(=O)([N-]S(=O)(=O)C(F)(F)F)C(F)(F)F,363.15,,SurfaceTension,0.025200002,0.025448563,0.00024856068,test,Random point,Point,E,Surface tension multi-split parity plot,True
1788,1-hexylpyridinium tetrafluoroborate,CCCCCC[n+]1ccccc1.F[B-](F)(F)F,293.15,,SurfaceTension,0.04022,0.040060263,0.00015973672,test,Random point,Point,E,Surface tension multi-split parity plot,True
4762,1-ethyl-3-methylimidazolium bis((trifluoromethyl)sulfonyl)imide,CC[n+]1ccn(C)c1.O=S(=O)([N-]S(=O)(=O)C(F)(F)F)C(F)(F)F,313.3,,SurfaceTension,0.035359994,0.036043324,0.00068333,test,Random point,Point,E,Surface tension multi-split parity plot,True
892,tetradecyl(trihexyl)phosphonium dicyanamide,CCCCCCCCCCCCCC[P+](CCCCCC)(CCCCCC)CCCCCC.N#C[N-]C#N,348.47,,SurfaceTension,0.0311,0.027900685,0.0031993147,test,Random point,Point,E,Surface tension multi-split parity plot,True
3741,1-butyl-3-methylimidazolium tris(pentafluoroethyl)trifluorophosphate,CCCCn1cc[n+](C)c1.FC(F)(F)C(F)(F)[P-](F)(F)(F)(C(F)(F)C(F)(F)F)C(F)(F)C(F)(F)F,348.45,,SurfaceTension,0.029520001,0.029667351,0.00014735013,test,Random point,Point,E,Surface tension multi-split parity plot,True
2288,1-methyl-3-pentyl-imidazolium tetrafluoroborate,CCCCCn1cc[n+](C)c1.F[B-](F)(F)F,313.01,,SurfaceTension,0.04064,0.040444937,0.00019506365,test,Random point,Point,E,Surface tension multi-split parity plot,True
566,3-butyl-1-methyl-1H-imidazolium propanoate,CCC(=O)[O-].CCCCn1cc[n+](C)c1,313.15,,SurfaceTension,0.03545,0.03542436,2.5641173e-05,test,Random point,Point,E,Surface tension multi-split parity plot,True
920,trihexyl(tetradecyl)phosphonium bis[(trifluoromethyl)sulfonyl]imide,CCCCCCCCCCCCCC[P+](CCCCCC)(CCCCCC)CCCCCC.O=S(=O)([N-]S(=O)(=O)C(F)(F)F)C(F)(F)F,308.21,,SurfaceTension,0.029369997,0.029606486,0.00023648888,test,Random point,Point,E,Surface tension multi-split parity plot,True
5281,3-(2-hydroxyethyl)-1-methyl-1H-imidazolium trifluorotris(perfluoroethyl)phosphate(V),C[n+]1ccn(CCO)c1.FC(F)(F)C(F)(F)[P-](F)(F)(F)(C(F)(F)C(F)(F)F)C(F)(F)C(F)(F)F,264.2,,SurfaceTension,0.040499996,0.04021155,0.0002884455,test,Random point,Point,E,Surface tension multi-split parity plot,True
981,1-tetradecyl-3-methylimidazolium bis(trifluoromethylsulfonyl)imide,CCCCCCCCCCCCCC[n+]1ccn(C)c1.O=S(=O)([N-]S(=O)(=O)C(F)(F)F)C(F)(F)F,333.2,,SurfaceTension,0.023499995,0.027782297,0.0042823013,test,Random point,Point,E,Surface tension multi-split parity plot,True
4506,1-ethyl-3-methyl-1H-imidazolium tricyanomethanide,CC[n+]1ccn(C)c1.N#C[C-](C#N)C#N,298.3,,SurfaceTension,0.051100004,0.04956641,0.001533594,test,Random point,Point,E,Surface tension multi-split parity plot,True
4894,1-ethyl-3-(2-methoxyethyl)imidazolium dicyanamide,CC[n+]1ccn(CCOC)c1.N#C[N-]C#N,298.15,,SurfaceTension,0.044600002,0.04412353,0.00047647208,test,Random point,Point,E,Surface tension multi-split parity plot,True
1259,triethyloctylammonium bis[(trifluoromethyl)sulfonyl]imide,CCCCCCCC[N+](CC)(CC)CC.O=S(=O)([N-]S(=O)(=O)C(F)(F)F)C(F)(F)F,368.0,,SurfaceTension,0.0273,0.027097367,0.00020263344,test,Random point,Point,E,Surface tension multi-split parity plot,True
1868,1-hexyl-3-methylimidazolium hexafluorophosphate,CCCCCC[n+]1ccn(C)c1.F[P-](F)(F)(F)(F)F,308.0,,SurfaceTension,0.042600006,0.038098928,0.0045010783,test,Random point,Point,E,Surface tension multi-split parity plot,True
4562,1-ethyl-3-methylimidazolium dicyanamide,CC[n+]1ccn(C)c1.N#C[N-]C#N,298.31,,SurfaceTension,0.060000002,0.05959508,0.00040492415,test,Random point,Point,E,Surface tension multi-split parity plot,True
1721,hexyltrimethylammonium bis[(trifluoromethyl)sulfonyl]imide,CCCCCC[N+](C)(C)C.O=S(=O)([N-]S(=O)(=O)C(F)(F)F)C(F)(F)F,333.35,,SurfaceTension,0.033799995,0.033282164,0.00051783025,test,Random point,Point,E,Surface tension multi-split parity plot,True
99,1-ethyl-3-methylimidazolium ethylsulfate,C(C)OS(=O)(=O)[O-].C(C)N1C=[N+](C=C1)C,332.09,,SurfaceTension,0.045099992,0.044784926,0.00031506643,test,Random point,Point,E,Surface tension multi-split parity plot,True
3949,1-propylpyridinium tetrafluoroborate,CCC[n+]1ccccc1.F[B-](F)(F)F,278.15,,SurfaceTension,0.052549995,0.052391943,0.00015805289,test,Random point,Point,E,Surface tension multi-split parity plot,True
1686,1-heptyl-3-methylimidazolium hexafluorophosphate,CCCCCCC[n+]1ccn(C)c1.F[P-](F)(F)(F)(F)F,343.34,,SurfaceTension,0.03368,0.03365258,2.7418137e-05,test,Random point,Point,E,Surface tension multi-split parity plot,True
1550,1-methyl-3-octylimidazolium tricyanomethanide,CCCCCCCCn1cc[n+](C)c1.N#C[C-](C#N)C#N,343.16,,SurfaceTension,0.035309996,0.035492595,0.00018259883,test,Random point,Point,E,Surface tension multi-split parity plot,True
2289,1-methyl-3-pentyl-imidazolium tetrafluoroborate,CCCCCn1cc[n+](C)c1.F[B-](F)(F)F,318.12,,SurfaceTension,0.04035,0.040148154,0.0002018474,test,Random point,Point,E,Surface tension multi-split parity plot,True
1850,1-hexyl-3-methylimidazolium tetrafluoroborate,CCCCCC[n+]1ccn(C)c1.F[B-](F)(F)F,368.0,,SurfaceTension,0.035599995,0.035324734,0.0002752617,test,Random point,Point,E,Surface tension multi-split parity plot,True
286,3-hexyl-1-vinyl-1H-imidazol-3-ium bromide,C=Cn1cc[n+](CCCCCC)c1.[Br-],293.15,,SurfaceTension,0.062289998,0.060861662,0.0014283359,test,Random point,Point,E,Surface tension multi-split parity plot,True
5276,3-(2-aminoethyl)-1-methyl-1H-imidazolium tetrafluoroborate,C[n+]1ccn(CCN)c1.F[B-](F)(F)F,303.15,,SurfaceTension,0.053199995,0.05180604,0.0013939552,test,Random point,Point,E,Surface tension multi-split parity plot,True
917,trihexyl(tetradecyl)phosphonium bis[(trifluoromethyl)sulfonyl]imide,CCCCCCCCCCCCCC[P+](CCCCCC)(CCCCCC)CCCCCC.O=S(=O)([N-]S(=O)(=O)C(F)(F)F)C(F)(F)F,303.0,,SurfaceTension,0.0326,0.029984878,0.0026151221,test,Random point,Point,E,Surface tension multi-split parity plot,True
2226,triethylpentylammonium bis(trifluoromethylsulfonyl)imide,CCCCC[N+](CC)(CC)CC.O=S(=O)([N-]S(=O)(=O)C(F)(F)F)C(F)(F)F,373.0,,SurfaceTension,0.030399999,0.029965999,0.00043400005,test,Random point,Point,E,Surface tension multi-split parity plot,True
1222,1-methyl-3-nonylimidazolium bromide,CCCCCCCCCn1cc[n+](C)c1.[Br-],313.44,,SurfaceTension,0.029839998,0.03018788,0.0003478825,test,Random point,Point,E,Surface tension multi-split parity plot,True
5098,tributylmethylphosphonium methylsulfate,COS(=O)(=O)[O-].C(CCC)[P+](C)(CCCC)CCCC,293.2,,SurfaceTension,0.0355,0.034943264,0.0005567372,test,Random point,Point,E,Surface tension multi-split parity plot,True
5353,1-(3-aminopropyl)-3-methyl-1H-imidazolium tetrafluoroborate,Cn1cc[n+](CCCN)c1.F[B-](F)(F)F,298.15,,SurfaceTension,0.047100004,0.04592745,0.0011725537,test,Random point,Point,E,Surface tension multi-split parity plot,True
997,"N,N,N-triethyldodecan-1-aminium bis((trifluoromethyl)sulfonyl)amide",CCCCCCCCCCCC[N+](CC)(CC)CC.O=S(=O)([N-]S(=O)(=O)C(F)(F)F)C(F)(F)F,328.0,,SurfaceTension,0.029099997,0.029327394,0.00022739731,test,Random point,Point,E,Surface tension multi-split parity plot,True
4859,1-ethyl-3-methylimidazolium chloride,CC[n+]1ccn(C)c1.[Cl-],333.2,,SurfaceTension,0.062599994,0.061978947,0.0006210469,test,Random point,Point,E,Surface tension multi-split parity plot,True
3051,1-butyl-3-methylimidazolium hexafluorophosphate,CCCC[n+]1ccn(C)c1.F[P-](F)(F)(F)(F)F,348.0,,SurfaceTension,0.043800004,0.041569285,0.0022307187,test,Random point,Point,E,Surface tension multi-split parity plot,True
1707,1-heptyl-3-methylimidazolium bromide,CCCCCCC[n+]1ccn(C)c1.[Br-],328.11,,SurfaceTension,0.03389,0.03403224,0.00014223903,test,Random point,Point,E,Surface tension multi-split parity plot,True
1851,1-hexyl-3-methylimidazolium tetrafluoroborate,CCCCCC[n+]1ccn(C)c1.F[B-](F)(F)F,378.0,,SurfaceTension,0.0351,0.034988116,0.00011188537,test,Random point,Point,E,Surface tension multi-split parity plot,True
5470,"1-butyl-2,3-dimethyl-1H-imidazolium bis(trifluoromethylsulfonyl)amide",FC(S(=O)(=O)[N-]S(=O)(=O)C(F)(F)F)(F)F.C(CCC)N1C(=[N+](C=C1)C)C,323.15,,SurfaceTension,0.0322,0.032376714,0.00017671287,test,Random point,Point,E,Surface tension multi-split parity plot,True
5355,1-(3-aminopropyl)-3-methyl-1H-imidazolium tetrafluoroborate,Cn1cc[n+](CCCN)c1.F[B-](F)(F)F,318.15,,SurfaceTension,0.045399994,0.045241065,0.00015892833,test,Random point,Point,E,Surface tension multi-split parity plot,True
5370,1-(2-aminoethyl)-3-methyl-1H-imidazolium hexafluorophosphate(V),Cn1cc[n+](CCN)c1.F[P-](F)(F)(F)(F)F,338.15,,SurfaceTension,0.05256999,0.05355029,0.0009803027,test,Random point,Point,E,Surface tension multi-split parity plot,True
4080,1-methyl-3-propylimidazolium bis[(trifluoromethyl)sulfonyl]imide,CCCn1cc[n+](C)c1.O=S(=O)([N-]S(=O)(=O)C(F)(F)F)C(F)(F)F,393.5,,SurfaceTension,0.029399997,0.028094945,0.0013050511,test,Random point,Point,E,Surface tension multi-split parity plot,True
214,3-methyl-1-pentylimidazolium hydrogencarbonate,C(O)([O-])=O.C[N+]1=CN(C=C1)CCCCC,308.15,,SurfaceTension,0.0299,0.030208766,0.00030876696,test,Random point,Point,E,Surface tension multi-split parity plot,True
2676,1-butyl-3-methylpyridinium bis[(trifluoromethyl)sulfonyl]amide,CCCC[n+]1cccc(C)c1.O=S(=O)([N-]S(=O)(=O)C(F)(F)F)C(F)(F)F,323.0,,SurfaceTension,0.032400005,0.029675253,0.0027247518,test,Random point,Point,E,Surface tension multi-split parity plot,True
4929,1-ethyl-3-methylimidazolium tris(pentafluoroethyl)trifluorophosphate,CCn1cc[n+](C)c1.FC(F)(F)C(F)(F)[P-](F)(F)(F)(C(F)(F)C(F)(F)F)C(F)(F)C(F)(F)F,279.7,,SurfaceTension,0.0361,0.035845138,0.000254862,test,Random point,Point,E,Surface tension multi-split parity plot,True
4830,1-ethyl-3-methylimidazolium trifluoromethanesulfonate,CC[n+]1ccn(C)c1.O=S(=O)([O-])C(F)(F)F,333.64,,SurfaceTension,0.043199997,0.03983085,0.0033691488,test,Random point,Point,E,Surface tension multi-split parity plot,True
5006,1-(2-(2-methoxyethoxy)ethyl)-3-methyl-1H-imidazol-3-ium methanesulfonate,COCCOCCn1cc[n+](C)c1.CS(=O)(=O)[O-],318.15,,SurfaceTension,0.04496,0.044737097,0.00022290275,test,Random point,Point,E,Surface tension multi-split parity plot,True
4388,1-ethyl-3-methylimidazolium methanesulfonate,CC[n+]1ccn(C)c1.CS(=O)(=O)[O-],317.9,,SurfaceTension,0.049699992,0.04793364,0.0017663501,test,Random point,Point,E,Surface tension multi-split parity plot,True
279,3-(1-ethoxy-1-oxopropan-2-yl)-1-vinyl-1H-imidazol-3-ium chloride,C=Cn1cc[n+](C(C)C(=O)OCC)c1.[Cl-],303.15,,SurfaceTension,0.061179996,0.062018737,0.00083874166,test,Random point,Point,E,Surface tension multi-split parity plot,True
2077,1-hexyl-3-methylimidazolium chloride,CCCCCC[n+]1ccn(C)c1.[Cl-],312.95,,SurfaceTension,0.039369997,0.039693955,0.0003239587,test,Random point,Point,E,Surface tension multi-split parity plot,True
1682,1-heptyl-3-methylimidazolium hexafluorophosphate,CCCCCCC[n+]1ccn(C)c1.F[P-](F)(F)(F)(F)F,323.22,,SurfaceTension,0.034649998,0.0345086,0.00014139712,test,Random point,Point,E,Surface tension multi-split parity plot,True
4001,1-propyl-3-methylimidazolium tetrafluoroborate,CCC[n+]1ccn(C)c1.F[B-](F)(F)F,262.89,,SurfaceTension,0.04304,0.044549815,0.0015098155,test,Random point,Point,E,Surface tension multi-split parity plot,True
4011,1-propyl-3-methylimidazolium tetrafluoroborate,CCC[n+]1ccn(C)c1.F[B-](F)(F)F,323.15,,SurfaceTension,0.045399994,0.042714864,0.0026851296,test,Random point,Point,E,Surface tension multi-split parity plot,True
3421,1-butyl-3-methylimidazolium glycolate,CCCC[n+]1ccn(C)c1.O=C([O-])CO,298.15,,SurfaceTension,0.049699992,0.05142327,0.0017232783,test,Random point,Point,E,Surface tension multi-split parity plot,True
1709,1-heptyl-3-methylimidazolium bromide,CCCCCCC[n+]1ccn(C)c1.[Br-],341.81,,SurfaceTension,0.03317,0.03331376,0.00014375895,test,Random point,Point,E,Surface tension multi-split parity plot,True
3385,1-butyl-3-methylimidazolium thiocyanate,CCCC[n+]1ccn(C)c1.N#C[S-],303.35,,SurfaceTension,0.0459,0.04560867,0.00029132888,test,Random point,Point,E,Surface tension multi-split parity plot,True
1215,1-methyl-3-nonylimidazolium bis(trifluoromethanesulfonyl)imide,CCCCCCCCCn1cc[n+](C)c1.O=S(=O)([N-]S(=O)(=O)C(F)(F)F)C(F)(F)F,323.15,,SurfaceTension,0.02944,0.029342838,9.716302e-05,test,Random point,Point,E,Surface tension multi-split parity plot,True
5570,1-butyl-3-methylimidazolium dihydrogenphosphate,P(=O)(O)(O)[O-].C(CCC)N1C=[N+](C=C1)C,338.15,,SurfaceTension,0.0411,0.040979464,0.00012053549,test,Random point,Point,E,Surface tension multi-split parity plot,True
5028,1-(2-methoxyethyl)-3-methyl-1H-imidazolium bis((trifluoromethyl)sulfonyl)amide,COCC[n+]1ccn(C)c1.O=S(=O)([N-]S(=O)(=O)C(F)(F)F)C(F)(F)F,323.15,,SurfaceTension,0.03384,0.036243726,0.002403725,test,Random point,Point,E,Surface tension multi-split parity plot,True
2281,1-methyl-3-pentyl-imidazolium tetrafluoroborate,CCCCCn1cc[n+](C)c1.F[B-](F)(F)F,278.75,,SurfaceTension,0.042240005,0.04231401,7.400662e-05,test,Random point,Point,E,Surface tension multi-split parity plot,True
1808,1-hexylpyridinium bis(trifluromethylsulfonyl)imide,CCCCCC[n+]1ccccc1.O=S(=O)([N-]S(=O)(=O)C(F)(F)F)C(F)(F)F,308.15,,SurfaceTension,0.0315825,0.031165265,0.00041723624,test,Random point,Point,E,Surface tension multi-split parity plot,True
3818,3-butyl-1-methyl-1H-imidazolium formate,CCCCn1cc[n+](C)c1.O=C[O-],293.15,,SurfaceTension,0.04739,0.046959173,0.0004308261,test,Random point,Point,E,Surface tension multi-split parity plot,True
4364,1-ethyl-2-methylpyridinium bis((trifluoromethyl)sulfonyl)amide,CC[n+]1ccccc1C.O=S(=O)([N-]S(=O)(=O)C(F)(F)F)C(F)(F)F,323.15,,SurfaceTension,0.036990006,0.036903266,8.673966e-05,test,Random point,Point,E,Surface tension multi-split parity plot,True
5030,1-(2-methoxyethyl)-3-methylimidazolium chloride,COCC[n+]1ccn(C)c1.[Cl-],298.15,,SurfaceTension,0.048699994,0.048238818,0.00046117604,test,Random point,Point,E,Surface tension multi-split parity plot,True
4022,1-propyl-3-methylimidazolium glycine,CCC[n+]1ccn(C)c1.NCC(=O)[O-],318.15,,SurfaceTension,0.044399995,0.04414054,0.0002594553,test,Random point,Point,E,Surface tension multi-split parity plot,True
1718,hexyltrimethylammonium bis[(trifluoromethyl)sulfonyl]imide,CCCCCC[N+](C)(C)C.O=S(=O)([N-]S(=O)(=O)C(F)(F)F)C(F)(F)F,322.55,,SurfaceTension,0.034400005,0.03381749,0.0005825162,test,Random point,Point,E,Surface tension multi-split parity plot,True
5386,1-(2-hydroxyethyl)-3-methylimidazolium L-serinate,Cn1cc[n+](CCO)c1.N[C@@H](CO)C(=O)[O-],343.15,,SurfaceTension,0.033750005,0.03336056,0.00038944557,test,Random point,Point,E,Surface tension multi-split parity plot,True
5270,3-(3-aminopropyl)-1-methyl-1H-imidazolium hexafluorophosphate(V),C[n+]1ccn(CCCN)c1.F[P-](F)(F)(F)(F)F,328.15,,SurfaceTension,0.04929,0.049719397,0.0004293956,test,Random point,Point,E,Surface tension multi-split parity plot,True
2095,1-hexyl-3-methylimidazolium iodide,CCCCCC[n+]1ccn(C)c1.[I-],313.25,,SurfaceTension,0.040375,0.04099719,0.0006221868,test,Random point,Point,E,Surface tension multi-split parity plot,True
3552,1-butyl-3-methylimidazolium trifluoromethanesulfonate,CCCC[n+]1ccn(C)c1.O=S(=O)([O-])C(F)(F)F,347.73,,SurfaceTension,0.033360004,0.033168606,0.00019139796,test,Random point,Point,E,Surface tension multi-split parity plot,True
215,3-methyl-1-pentylimidazolium hydrogencarbonate,C(O)([O-])=O.C[N+]1=CN(C=C1)CCCCC,313.15,,SurfaceTension,0.029399997,0.029844739,0.00044474192,test,Random point,Point,E,Surface tension multi-split parity plot,True
3995,2-methyl-1-propylpyridinium bis((trifluoromethyl)sulfonyl)amide,CCC[n+]1ccccc1C.O=S(=O)([N-]S(=O)(=O)C(F)(F)F)C(F)(F)F,359.32,,SurfaceTension,0.033829994,0.03368902,0.00014097616,test,Random point,Point,E,Surface tension multi-split parity plot,True
571,1-propyl-3-methylimidazolium propionate,CCC(=O)[O-].CCC[n+]1ccn(C)c1,288.15,,SurfaceTension,0.037700005,0.037266135,0.00043386966,test,Random point,Point,E,Surface tension multi-split parity plot,True
1863,1-hexyl-3-methylimidazolium hexafluorophosphate,CCCCCC[n+]1ccn(C)c1.F[P-](F)(F)(F)(F)F,298.97,,SurfaceTension,0.038249996,0.03862806,0.0003780648,test,Random point,Point,E,Surface tension multi-split parity plot,True
5036,1-(methoxymethyl)pyridinium bis((trifluoromethyl)sulfonyl)amide,COC[n+]1ccccc1.O=S(=O)([N-]S(=O)(=O)C(F)(F)F)C(F)(F)F,313.15,,SurfaceTension,0.036269996,0.036633004,0.0003630072,test,Random point,Point,E,Surface tension multi-split parity plot,True
4793,1-ethyl-3-methylimidazolium bis((trifluoromethyl)sulfonyl)imide,CC[n+]1ccn(C)c1.O=S(=O)([N-]S(=O)(=O)C(F)(F)F)C(F)(F)F,357.52,,SurfaceTension,0.033550005,0.03358396,3.395602e-05,test,Random point,Point,E,Surface tension multi-split parity plot,True
3334,1-butyl-3-methylimidazolium dicyanamide,CCCC[n+]1ccn(C)c1.N#C[N-]C#N,308.4,,SurfaceTension,0.04533,0.047284685,0.001954686,test,Random point,Point,E,Surface tension multi-split parity plot,True
2633,1-butyl-3-methylpyridinium tetrafluoroborate,CCCC[n+]1cccc(C)c1.F[B-](F)(F)F,320.65,,SurfaceTension,0.043369997,0.043507066,0.00013706833,test,Random point,Point,E,Surface tension multi-split parity plot,True
3585,1-butyl-3-methylimidazolium chloride,CCCC[n+]1ccn(C)c1.[Cl-],308.23,,SurfaceTension,0.04964,0.047725838,0.0019141622,test,Random point,Point,E,Surface tension multi-split parity plot,True
2345,3-(2-(butylamino)-2-oxoethyl)-1-ethyl-1H-imidazolium bis((trifluoromethyl)sulfonyl)amide,CCCCNC(=O)Cn1cc[n+](CC)c1.O=S(=O)([N-]S(=O)(=O)C(F)(F)F)C(F)(F)F,303.15,,SurfaceTension,0.031599995,0.031350963,0.00024903193,test,Random point,Point,E,Surface tension multi-split parity plot,True
280,3-(1-ethoxy-1-oxopropan-2-yl)-1-vinyl-1H-imidazol-3-ium chloride,C=Cn1cc[n+](C(C)C(=O)OCC)c1.[Cl-],318.15,,SurfaceTension,0.05302,0.05299714,2.2862107e-05,test,Random point,Point,E,Surface tension multi-split parity plot,True
2101,1-hexyl-3-methylimidazolium iodide,CCCCCC[n+]1ccn(C)c1.[I-],348.0,,SurfaceTension,0.039700005,0.038800504,0.00089950114,test,Random point,Point,E,Surface tension multi-split parity plot,True
4165,1-ethyl-3-propylimidazolium bis(trifluoromethylsulfonyl)imide,CCCn1cc[n+](CC)c1.O=S(=O)([N-]S(=O)(=O)C(F)(F)F)C(F)(F)F,313.15,,SurfaceTension,0.035389997,0.03444704,0.00094295666,test,Random point,Point,E,Surface tension multi-split parity plot,True
2255,1-pentyl-3-methylimidazolium DL-threoninate,CCCCC[n+]1ccn(C)c1.C[C@@H](O)[C@H](N)C(=O)[O-],298.15,,SurfaceTension,0.0376,0.03737943,0.00022057071,test,Random point,Point,E,Surface tension multi-split parity plot,True
931,trihexyl(tetradecyl)phosphonium bis[(trifluoromethyl)sulfonyl]imide,CCCCCCCCCCCCCC[P+](CCCCCC)(CCCCCC)CCCCCC.O=S(=O)([N-]S(=O)(=O)C(F)(F)F)C(F)(F)F,358.1,,SurfaceTension,0.026379999,0.026314419,6.558001e-05,test,Random point,Point,E,Surface tension multi-split parity plot,True
2223,triethylpentylammonium bis(trifluoromethylsulfonyl)imide,CCCCC[N+](CC)(CC)CC.O=S(=O)([N-]S(=O)(=O)C(F)(F)F)C(F)(F)F,333.0,,SurfaceTension,0.033299997,0.033067163,0.00023283437,test,Random point,Point,E,Surface tension multi-split parity plot,True
5443,1-(3-hydroxypropyl)pyridinium trifluorotris(perfluoroethyl)phosphate(V),FC(F)(F)C(F)(F)[P-](F)(F)(F)(C(F)(F)C(F)(F)F)C(F)(F)C(F)(F)F.OCCC[n+]1ccccc1,318.26,,SurfaceTension,0.03868,0.03859338,8.6616725e-05,test,Random point,Point,E,Surface tension multi-split parity plot,True
1876,1-hexyl-3-methylimidazolium hexafluorophosphate,CCCCCC[n+]1ccn(C)c1.F[P-](F)(F)(F)(F)F,318.0,,SurfaceTension,0.041900005,0.03757874,0.004321266,test,Random point,Point,E,Surface tension multi-split parity plot,True
922,trihexyl(tetradecyl)phosphonium bis[(trifluoromethyl)sulfonyl]imide,CCCCCCCCCCCCCC[P+](CCCCCC)(CCCCCC)CCCCCC.O=S(=O)([N-]S(=O)(=O)C(F)(F)F)C(F)(F)F,313.0,,SurfaceTension,0.031799998,0.029265625,0.0025343727,test,Random point,Point,E,Surface tension multi-split parity plot,True
2849,1-butyl-3-methylimidazolium tetrafluoroborate,CCCC[n+]1ccn(C)c1.F[B-](F)(F)F,298.48,,SurfaceTension,0.04426,0.04451079,0.00025079027,test,Random point,Point,E,Surface tension multi-split parity plot,True
1311,N-octyl-3-methylpyridinium tetrafluoroborate,CCCCCCCC[n+]1cccc(C)c1.F[B-](F)(F)F,320.65,,SurfaceTension,0.03446,0.034380898,7.9102814e-05,test,Random point,Point,E,Surface tension multi-split parity plot,True
5501,1-(2-hydroxyethyl)pyridinium tricyanomethanide,N#C[C-](C#N)C#N.OCC[n+]1ccccc1,328.15,,SurfaceTension,0.052799996,0.053907767,0.001107771,test,Random point,Point,E,Surface tension multi-split parity plot,True
4004,1-propyl-3-methylimidazolium tetrafluoroborate,CCC[n+]1ccn(C)c1.F[B-](F)(F)F,277.78,,SurfaceTension,0.042229995,0.044295996,0.0020660013,test,Random point,Point,E,Surface tension multi-split parity plot,True
4898,1-ethyl-3-(2-methoxyethyl)imidazolium thiocyanate,CC[n+]1ccn(CCOC)c1.N#C[S-],338.15,,SurfaceTension,0.0467,0.04613467,0.00056533143,test,Random point,Point,E,Surface tension multi-split parity plot,True
2644,1-butyl-3-methylpyridinium dicyanamide,CCCC[n+]1cccc(C)c1.N#C[N-]C#N,298.15,,SurfaceTension,0.050409995,0.048999548,0.0014104471,test,Random point,Point,E,Surface tension multi-split parity plot,True
1640,1-methyl-3-octylimidazolium chloride,CCCCCCCCn1cc[n+](C)c1.[Cl-],338.0,,SurfaceTension,0.029699998,0.029622216,7.77822e-05,test,Random point,Point,E,Surface tension multi-split parity plot,True
4791,1-ethyl-3-methylimidazolium bis((trifluoromethyl)sulfonyl)imide,CC[n+]1ccn(C)c1.O=S(=O)([N-]S(=O)(=O)C(F)(F)F)C(F)(F)F,353.4,,SurfaceTension,0.033400003,0.033846535,0.00044653192,test,Random point,Point,E,Surface tension multi-split parity plot,True
1711,1-heptyl-3-methylimidazolium bromide,CCCCCCC[n+]1ccn(C)c1.[Br-],347.23,,SurfaceTension,0.03289,0.03307244,0.00018244237,test,Random point,Point,E,Surface tension multi-split parity plot,True
4029,3-methyl-1-propyl-1H-imidazolium (S)-2-amino-4-carboxybutanoate,CCC[n+]1ccn(C)c1.N[C@@H](CCC(=O)O)C(=O)[O-],333.15,,SurfaceTension,0.05009999,0.05115989,0.0010598972,test,Random point,Point,E,Surface tension multi-split parity plot,True
1738,triethylhexylammonium bis((trifluoromethyl)sulfonyl)imide,CCCCCC[N+](CC)(CC)CC.O=S(=O)([N-]S(=O)(=O)C(F)(F)F)C(F)(F)F,341.93,,SurfaceTension,0.032000005,0.030832833,0.0011671726,test,Random point,Point,E,Surface tension multi-split parity plot,True
2140,1-hexyl-3-methylimidazolium tris(pentafluoroethyl)trifluorophosphate,CCCCCCn1cc[n+](C)c1.FC(F)(F)C(F)(F)[P-](F)(F)(F)(C(F)(F)C(F)(F)F)C(F)(F)C(F)(F)F,267.14,,SurfaceTension,0.033439998,0.03321101,0.00022898614,test,Random point,Point,E,Surface tension multi-split parity plot,True
4194,1-(2-ethoxyethyl)-3-methylimidazolium bis((trifluoromethyl)sulfonyl)amide,CCOCC[n+]1ccn(C)c1.O=S(=O)([N-]S(=O)(=O)C(F)(F)F)C(F)(F)F,343.15,,SurfaceTension,0.030660003,0.031851567,0.0011915639,test,Random point,Point,E,Surface tension multi-split parity plot,True
2896,1-butyl-3-methylimidazolium tetrafluoroborate,CCCC[n+]1ccn(C)c1.F[B-](F)(F)F,338.4,,SurfaceTension,0.042490005,0.041561287,0.0009287186,test,Random point,Point,E,Surface tension multi-split parity plot,True
5513,1-(2-ethoxyethyl)-3-methylimidazolium threonine,N[C@@H]([C@H](O)C)C(=O)O.C(C)OCCN1C=[N+](C=C1)C,328.15,,SurfaceTension,0.047999997,0.047593947,0.0004060492,test,Random point,Point,E,Surface tension multi-split parity plot,True
3540,1-butyl-3-methylimidazolium trifluoromethanesulfonate,CCCC[n+]1ccn(C)c1.O=S(=O)([O-])C(F)(F)F,333.2,,SurfaceTension,0.03371,0.03368401,2.5987625e-05,test,Random point,Point,E,Surface tension multi-split parity plot,True
5620,"2,3-dimethyl-1-propylimidazolium hydrogensulfate",S(=O)(=O)(O)[O-].CC=1N(C=C[N+]1C)CCC,288.15,,SurfaceTension,0.04769999,0.048023522,0.0003235303,test,Random point,Point,E,Surface tension multi-split parity plot,True
4446,1-ethyl-3-methylimidazolium tetrafluoroborate,CC[n+]1ccn(C)c1.F[B-](F)(F)F,303.13,,SurfaceTension,0.053960003,0.05214781,0.0018121935,test,Random point,Point,E,Surface tension multi-split parity plot,True
5586,"1-ethyl-2,3-dimethylimidazolium hydrogensulfate",S(=O)(=O)(O)[O-].C(C)N1C(=[N+](C=C1)C)C,288.15,,SurfaceTension,0.0504,0.05095223,0.0005522296,test,Random point,Point,E,Surface tension multi-split parity plot,True
5060,1-ethyl-3-methylimidazolium methylsulfate,COS(=O)(=O)[O-].C(C)N1C=[N+](C=C1)C,308.15,,SurfaceTension,0.052030005,0.05238803,0.00035802647,test,Random point,Point,E,Surface tension multi-split parity plot,True
2892,1-butyl-3-methylimidazolium tetrafluoroborate,CCCC[n+]1ccn(C)c1.F[B-](F)(F)F,337.65,,SurfaceTension,0.04178,0.041621476,0.00015852228,test,Random point,Point,E,Surface tension multi-split parity plot,True
3627,1-butyl-3-methylimidazolium iodide,CCCC[n+]1ccn(C)c1.[I-],298.15,,SurfaceTension,0.054699995,0.05006877,0.004631225,test,Random point,Point,E,Surface tension multi-split parity plot,True
4376,1-ethyl-3-methylimidazolium dimethylphosphate,CC[n+]1ccn(C)c1.COP(=O)([O-])OC,338.6,,SurfaceTension,0.043800004,0.04275549,0.0010445155,test,Random point,Point,E,Surface tension multi-split parity plot,True
961,trihexyl(tetradecyl)phosphonium chloride,CCCCCCCCCCCCCC[P+](CCCCCC)(CCCCCC)CCCCCC.[Cl-],312.09,,SurfaceTension,0.0323,0.030471696,0.0018283036,test,Random point,Point,E,Surface tension multi-split parity plot,True
2958,1-butyl-3-methylimidazolium hexafluorophosphate,CCCC[n+]1ccn(C)c1.F[P-](F)(F)(F)(F)F,298.1,,SurfaceTension,0.042470004,0.044249967,0.0017799623,test,Random point,Point,E,Surface tension multi-split parity plot,True
5440,1-(3-hydroxypropyl)pyridinium trifluorotris(perfluoroethyl)phosphate(V),FC(F)(F)C(F)(F)[P-](F)(F)(F)(C(F)(F)C(F)(F)F)C(F)(F)C(F)(F)F.OCCC[n+]1ccccc1,272.95,,SurfaceTension,0.04112,0.040896665,0.00022333488,test,Random point,Point,E,Surface tension multi-split parity plot,True
4166,1-ethyl-3-propylimidazolium bis(trifluoromethylsulfonyl)imide,CCCn1cc[n+](CC)c1.O=S(=O)([N-]S(=O)(=O)C(F)(F)F)C(F)(F)F,336.15,,SurfaceTension,0.0311,0.033136897,0.0020368975,test,Random point,Point,E,Surface tension multi-split parity plot,True
2778,1-butyl-2-methylpyridinium bis((trifluoromethyl)sulfonyl)amide,CCCC[n+]1ccccc1C.O=S(=O)([N-]S(=O)(=O)C(F)(F)F)C(F)(F)F,308.15,,SurfaceTension,0.035899997,0.03576418,0.00013581663,test,Random point,Point,E,Surface tension multi-split parity plot,True
1309,N-octyl-3-methylpyridinium tetrafluoroborate,CCCCCCCC[n+]1cccc(C)c1.F[B-](F)(F)F,288.15,,SurfaceTension,0.03791,0.0377484,0.00016159937,test,Random point,Point,E,Surface tension multi-split parity plot,True
3399,1-butyl-3-methylimidazolium L-lysinate,CCCC[n+]1ccn(C)c1.NCCCC[C@H](N)C(=O)[O-],318.2,,SurfaceTension,0.04469999,0.044830773,0.00013078377,test,Random point,Point,E,Surface tension multi-split parity plot,True
2851,1-butyl-3-methylimidazolium tetrafluoroborate,CCCC[n+]1ccn(C)c1.F[B-](F)(F)F,298.5,,SurfaceTension,0.044410005,0.044509668,9.966269e-05,test,Random point,Point,E,Surface tension multi-split parity plot,True
15,"1,3-diethylimidazolium ethylsulfate",C(C)OS(=O)(=O)[O-].C(C)N1C=[N+](C=C1)CC,298.2,,SurfaceTension,0.042070005,0.041913442,0.00015656278,test,Random point,Point,E,Surface tension multi-split parity plot,True
915,trihexyl(tetradecyl)phosphonium bis[(trifluoromethyl)sulfonyl]imide,CCCCCCCCCCCCCC[P+](CCCCCC)(CCCCCC)CCCCCC.O=S(=O)([N-]S(=O)(=O)C(F)(F)F)C(F)(F)F,293.15,,SurfaceTension,0.03075,0.03066273,8.727051e-05,test,Random point,Point,E,Surface tension multi-split parity plot,True
287,3-hexyl-1-vinyl-1H-imidazol-3-ium bromide,C=Cn1cc[n+](CCCCCC)c1.[Br-],328.15,,SurfaceTension,0.043010008,0.04375956,0.00074955076,test,Random point,Point,E,Surface tension multi-split parity plot,True
2347,3-(2-(butylamino)-2-oxoethyl)-1-ethyl-1H-imidazolium bis((trifluoromethyl)sulfonyl)amide,CCCCNC(=O)Cn1cc[n+](CC)c1.O=S(=O)([N-]S(=O)(=O)C(F)(F)F)C(F)(F)F,333.15,,SurfaceTension,0.029399997,0.029563058,0.00016306154,test,Random point,Point,E,Surface tension multi-split parity plot,True
4524,1-ethyl-3-methyl-1H-imidazolium tricyanomethanide,CC[n+]1ccn(C)c1.N#C[C-](C#N)C#N,333.4,,SurfaceTension,0.04616,0.04706525,0.00090524927,test,Random point,Point,E,Surface tension multi-split parity plot,True
5511,1-(2-ethoxyethyl)-3-methylimidazolium threonine,N[C@@H]([C@H](O)C)C(=O)O.C(C)OCCN1C=[N+](C=C1)C,298.15,,SurfaceTension,0.051299993,0.051321074,2.1081418e-05,test,Random point,Point,E,Surface tension multi-split parity plot,True
562,1-methyl-3-pentylimidazolium propanoate,CCC(=O)[O-].CCCCCn1cc[n+](C)c1,328.15,,SurfaceTension,0.0337,0.0334049,0.00029509887,test,Random point,Point,E,Surface tension multi-split parity plot,True
3926,3-methyl-1-propylpyridinium bis(trifluoromethylsulfonyl)imide,CCC[n+]1cccc(C)c1.O=S(=O)([N-]S(=O)(=O)C(F)(F)F)C(F)(F)F,288.67,,SurfaceTension,0.03522,0.035352252,0.00013225153,test,Random point,Point,E,Surface tension multi-split parity plot,True
3959,1-propylpyridinium dicyanamide,CCC[n+]1ccccc1.N#C[N-]C#N,308.15,,SurfaceTension,0.057399996,0.05706027,0.00033972412,test,Random point,Point,E,Surface tension multi-split parity plot,True
3590,1-butyl-3-methylimidazolium chloride,CCCC[n+]1ccn(C)c1.[Cl-],327.96,,SurfaceTension,0.0488,0.047225516,0.0015744828,test,Random point,Point,E,Surface tension multi-split parity plot,True
1827,1-hexyl-3-methylimidazolium tetrafluoroborate,CCCCCC[n+]1ccn(C)c1.F[B-](F)(F)F,292.87,,SurfaceTension,0.038469996,0.038781725,0.00031172857,test,Random point,Point,E,Surface tension multi-split parity plot,True
2274,1-pentyl-3-methylimidazolium bromide,CCCCC[n+]1ccn(C)c1.[Br-],353.11,,SurfaceTension,0.04145,0.040948346,0.00050165504,test,Random point,Point,E,Surface tension multi-split parity plot,True
2562,1-butyl-4-methylpyridinium tetrafluoroborate,CCCC[n+]1ccc(C)cc1.F[B-](F)(F)F,350.75,,SurfaceTension,0.042500008,0.040807117,0.0016928911,test,Random point,Point,E,Surface tension multi-split parity plot,True
2698,1-butylpyridinium tetrafluoroborate,CCCC[n+]1ccccc1.F[B-](F)(F)F,285.65,,SurfaceTension,0.047439996,0.047414273,2.572313e-05,test,Random point,Point,E,Surface tension multi-split parity plot,True
3729,1-butyl-3-methylimidazolium tris(pentafluoroethyl)trifluorophosphate,CCCCn1cc[n+](C)c1.FC(F)(F)C(F)(F)[P-](F)(F)(F)(C(F)(F)C(F)(F)F)C(F)(F)C(F)(F)F,322.84,,SurfaceTension,0.031049997,0.031165978,0.000115981326,test,Random point,Point,E,Surface tension multi-split parity plot,True
3584,1-butyl-3-methylimidazolium chloride,CCCC[n+]1ccn(C)c1.[Cl-],308.0,,SurfaceTension,0.047499996,0.047727592,0.00022759661,test,Random point,Point,E,Surface tension multi-split parity plot,True
5090,1-butyl-3-methylimidazolium methylsulfate,COS(=O)(=O)[O-].C(CCC)N1C=[N+](C=C1)C,321.55,,SurfaceTension,0.041900005,0.041666217,0.00023378804,test,Random point,Point,E,Surface tension multi-split parity plot,True
1704,1-heptyl-3-methylimidazolium bromide,CCCCCCC[n+]1ccn(C)c1.[Br-],308.15,,SurfaceTension,0.035200004,0.03525696,5.6955963e-05,test,Random point,Point,E,Surface tension multi-split parity plot,True
1017,1-dodecyl-3-methylimidazolium tetrafluoroborate,CCCCCCCCCCCC[n+]1ccn(C)c1.F[B-](F)(F)F,343.23,,SurfaceTension,0.025399998,0.025324522,7.5476244e-05,test,Random point,Point,E,Surface tension multi-split parity plot,True
2071,1-hexyl-3-methyl-1H-imidazolium bromide,CCCCCC[n+]1ccn(C)c1.[Br-],343.05,,SurfaceTension,0.03809,0.03800515,8.485094e-05,test,Random point,Point,E,Surface tension multi-split parity plot,True
3973,2-methyl-1-propylpyridinium bis((trifluoromethyl)sulfonyl)amide,CCC[n+]1ccccc1C.O=S(=O)([N-]S(=O)(=O)C(F)(F)F)C(F)(F)F,298.31,,SurfaceTension,0.03657,0.036661245,9.1243535e-05,test,Random point,Point,E,Surface tension multi-split parity plot,True
1606,1-methyl-3-octylimidazolium bis(trifluoromethylsulfonyl)imide,CCCCCCCCn1cc[n+](C)c1.O=S(=O)([N-]S(=O)(=O)C(F)(F)F)C(F)(F)F,353.8,,SurfaceTension,0.0273,0.026980003,0.00031999685,test,Random point,Point,E,Surface tension multi-split parity plot,True
4460,1-ethyl-3-methylimidazolium tetrafluoroborate,CC[n+]1ccn(C)c1.F[B-](F)(F)F,338.39,,SurfaceTension,0.051399995,0.05038107,0.0010189265,test,Random point,Point,E,Surface tension multi-split parity plot,True
541,1-butyl-3-methylimidazolium lactate,CC(O)C(=O)[O-].CCCC[n+]1ccn(C)c1,323.15,,SurfaceTension,0.0413,0.04132772,2.7719885e-05,test,Random point,Point,E,Surface tension multi-split parity plot,True
1381,1-octyl-3-methylimidazolium hexafluorophosphate,CCCCCCCC[n+]1ccn(C)c1.F[P-](F)(F)(F)(F)F,322.73,,SurfaceTension,0.032519996,0.032993324,0.00047332793,test,Random point,Point,E,Surface tension multi-split parity plot,True
5327,"1,3-dimethylimidazolium tetracyanoborate",Cn1cc[n+](C)c1.N#C[B-](C#N)(C#N)C#N,313.26,,SurfaceTension,0.03307,0.03312551,5.5506825e-05,test,Random point,Point,E,Surface tension multi-split parity plot,True
4930,1-ethyl-3-methylimidazolium tris(pentafluoroethyl)trifluorophosphate,CCn1cc[n+](C)c1.FC(F)(F)C(F)(F)[P-](F)(F)(F)(C(F)(F)C(F)(F)F)C(F)(F)C(F)(F)F,283.24,,SurfaceTension,0.035850003,0.035703342,0.00014666095,test,Random point,Point,E,Surface tension multi-split parity plot,True
2842,1-butyl-3-methylimidazolium tetrafluoroborate,CCCC[n+]1ccn(C)c1.F[B-](F)(F)F,293.48,,SurfaceTension,0.04456999,0.044767085,0.00019709393,test,Random point,Point,E,Surface tension multi-split parity plot,True
4928,1-ethyl-3-methylimidazolium tris(pentafluoroethyl)trifluorophosphate,CCn1cc[n+](C)c1.FC(F)(F)C(F)(F)[P-](F)(F)(F)(C(F)(F)C(F)(F)F)C(F)(F)C(F)(F)F,279.65,,SurfaceTension,0.03602,0.035847165,0.00017283484,test,Random point,Point,E,Surface tension multi-split parity plot,True
1564,1-methyl-3-octylimidazolium glycinate,CCCCCCCCn1cc[n+](C)c1.NCC(=O)[O-],333.15,,SurfaceTension,0.03007,0.030505693,0.0004356932,test,Random point,Point,E,Surface tension multi-split parity plot,True
400,1-ethyl-3-methylimidazolium acetate,CC(=O)[O-].CC[n+]1ccn(C)c1,328.2,,SurfaceTension,0.04533,0.042941123,0.002388876,test,Random point,Point,E,Surface tension multi-split parity plot,True
2265,1-pentyl-3-methylimidazolium DL-glutamate,CCCCC[n+]1ccn(C)c1.NC(CCC(=O)O)C(=O)[O-],333.15,,SurfaceTension,0.032400005,0.031644553,0.0007554516,test,Random point,Point,E,Surface tension multi-split parity plot,True
3687,1-butyl-3-(6-hydroxyhexyl)-1H-imidazolium chloride,CCCC[n+]1ccn(CCCCCCO)c1.[Cl-],303.15,,SurfaceTension,0.030799996,0.029983543,0.00081645325,test,Random point,Point,E,Surface tension multi-split parity plot,True
3929,3-methyl-1-propylpyridinium bis(trifluoromethylsulfonyl)imide,CCC[n+]1cccc(C)c1.O=S(=O)([N-]S(=O)(=O)C(F)(F)F)C(F)(F)F,298.42,,SurfaceTension,0.03503,0.034947067,8.293241e-05,test,Random point,Point,E,Surface tension multi-split parity plot,True
1192,1-nonyl-3-methylimidazolium tetrafluoroborate,CCCCCCCCC[n+]1ccn(C)c1.F[B-](F)(F)F,353.08,,SurfaceTension,0.029070001,0.028578073,0.0004919283,test,Random point,Point,E,Surface tension multi-split parity plot,True
2648,1-butyl-3-methylpyridinium dicyanamide,CCCC[n+]1cccc(C)c1.N#C[N-]C#N,331.15,,SurfaceTension,0.038400006,0.042819943,0.0044199377,test,Random point,Point,E,Surface tension multi-split parity plot,True
4908,1-ethyl-3-(2-methoxyethyl)imidazolium trifluoromethanesulfonate,CC[n+]1ccn(CCOC)c1.O=S(=O)([O-])C(F)(F)F,328.15,,SurfaceTension,0.036299996,0.03585145,0.0004485473,test,Random point,Point,E,Surface tension multi-split parity plot,True
2843,1-butyl-3-methylimidazolium tetrafluoroborate,CCCC[n+]1ccn(C)c1.F[B-](F)(F)F,293.4,,SurfaceTension,0.044600002,0.044770837,0.00017083436,test,Random point,Point,E,Surface tension multi-split parity plot,True
1197,1-nonyl-3-methylimidazolium hexafluorophosphate,CCCCCCCCC[n+]1ccn(C)c1.F[P-](F)(F)(F)(F)F,318.03,,SurfaceTension,0.031760003,0.03226997,0.00050996616,test,Random point,Point,E,Surface tension multi-split parity plot,True
5376,1-(2-hydroxyethyl)-3-methylimidazolium tetrafluoroborate,Cn1cc[n+](CCO)c1.F[B-](F)(F)F,743.71,,SurfaceTension,0.053599995,0.05504178,0.0014417842,test,Random point,Point,E,Surface tension multi-split parity plot,True
4470,1-ethyl-3-methylimidazolium tetrafluoroborate,CC[n+]1ccn(C)c1.F[B-](F)(F)F,355.91,,SurfaceTension,0.050259996,0.048550542,0.0017094538,test,Random point,Point,E,Surface tension multi-split parity plot,True
2029,1-hexyl-3-methylimidazolium bis[(trifluoromethyl)sulfonyl]imide,CCCCCC[n+]1ccn(C)c1.O=S(=O)([N-]S(=O)(=O)C(F)(F)F)C(F)(F)F,433.6,,SurfaceTension,0.024200004,0.023429994,0.00077001005,test,Random point,Point,E,Surface tension multi-split parity plot,True
2500,tributylethylphosphonium diethylphosphate,CCCC[P+](CC)(CCCC)CCCC.CCOP(=O)([O-])OCC,351.969,,SurfaceTension,0.025389,0.026264958,0.0008759573,test,Random point,Point,E,Surface tension multi-split parity plot,True
1348,1-octyl-3-methylimidazolium hexafluorophosphate,CCCCCCCC[n+]1ccn(C)c1.F[P-](F)(F)(F)(F)F,293.15,,SurfaceTension,0.03583,0.034369204,0.0014607944,test,Random point,Point,E,Surface tension multi-split parity plot,True
1887,1-hexyl-3-methylimidazolium hexafluorophosphate,CCCCCC[n+]1ccn(C)c1.F[P-](F)(F)(F)(F)F,337.92,,SurfaceTension,0.03568,0.036722325,0.001042325,test,Random point,Point,E,Surface tension multi-split parity plot,True
2713,1-butylpyridinium tetrafluoroborate,CCCC[n+]1ccccc1.F[B-](F)(F)F,330.65,,SurfaceTension,0.044609997,0.044425737,0.00018426031,test,Random point,Point,E,Surface tension multi-split parity plot,True
323,1-pentylpyridinium acetate,CC(=O)[O-].CCCCC[n+]1ccccc1,308.15,,SurfaceTension,0.049500003,0.049269743,0.0002302602,test,Random point,Point,E,Surface tension multi-split parity plot,True
3901,propylammonium formate,CCC[NH3+].O=C[O-],303.15,,SurfaceTension,0.036999997,0.036867615,0.00013238192,test,Random point,Point,E,Surface tension multi-split parity plot,True
2898,1-butyl-3-methylimidazolium tetrafluoroborate,CCCC[n+]1ccn(C)c1.F[B-](F)(F)F,343.0,,SurfaceTension,0.04165,0.041197535,0.0004524663,test,Random point,Point,E,Surface tension multi-split parity plot,True
258,1-allyl-3-methyl-1H-imidazolium bis((trifluoromethyl)sulfonyl)amide,C=CC[n+]1ccn(C)c1.O=S(=O)([N-]S(=O)(=O)C(F)(F)F)C(F)(F)F,333.15,,SurfaceTension,0.029999996,0.030493781,0.00049378537,test,Random point,Point,E,Surface tension multi-split parity plot,True
2992,1-butyl-3-methylimidazolium hexafluorophosphate,CCCC[n+]1ccn(C)c1.F[P-](F)(F)(F)(F)F,313.1,,SurfaceTension,0.042719997,0.043601565,0.0008815676,test,Random point,Point,E,Surface tension multi-split parity plot,True
1804,1-hexylpyridinium bis(trifluromethylsulfonyl)imide,CCCCCC[n+]1ccccc1.O=S(=O)([N-]S(=O)(=O)C(F)(F)F)C(F)(F)F,295.65,,SurfaceTension,0.031619996,0.03191764,0.00029764324,test,Random point,Point,E,Surface tension multi-split parity plot,True
218,3-methyl-1-pentylimidazolium hydrogencarbonate,C(O)([O-])=O.C[N+]1=CN(C=C1)CCCCC,343.15,,SurfaceTension,0.026499998,0.027986066,0.0014860686,test,Random point,Point,E,Surface tension multi-split parity plot,True
2731,1-butylpyridinium trifluoroacetate,CCCC[n+]1ccccc1.O=C([O-])C(F)(F)F,328.15,,SurfaceTension,0.036999997,0.03674589,0.00025410578,test,Random point,Point,E,Surface tension multi-split parity plot,True
5607,1-butyl-3-methylimidazolium hydrogensulfate,S(=O)(=O)(O)[O-].C(CCC)N1C=[N+](C=C1)C,328.15,,SurfaceTension,0.037579995,0.039936867,0.002356872,test,Random point,Point,E,Surface tension multi-split parity plot,True
4134,1-methyl-3-propylimidazolium chloride,CCCn1cc[n+](C)c1.[Cl-],318.32,,SurfaceTension,0.056299996,0.055524122,0.00077587366,test,Random point,Point,E,Surface tension multi-split parity plot,True
5374,1-(2-hydroxyethyl)-3-methylimidazolium tetrafluoroborate,Cn1cc[n+](CCO)c1.F[B-](F)(F)F,607.58,,SurfaceTension,0.0627,0.062098004,0.00060199946,test,Random point,Point,E,Surface tension multi-split parity plot,True
1907,1-hexyl-3-methylimidazolium tetracyanoborate,CCCCCC[n+]1ccn(C)c1.N#C[B-](C#N)(C#N)C#N,308.4,,SurfaceTension,0.0408,0.04031716,0.00048284233,test,Random point,Point,E,Surface tension multi-split parity plot,True
3650,"1-butyl-2,3-dimethylimidazolium hexafluorophosphate",CCCC[n+]1ccn(C)c1C.F[P-](F)(F)(F)(F)F,333.15,,SurfaceTension,0.042680003,0.042713776,3.3773482e-05,test,Random point,Point,E,Surface tension multi-split parity plot,True
5356,1-(3-aminopropyl)-3-methyl-1H-imidazolium tetrafluoroborate,Cn1cc[n+](CCCN)c1.F[B-](F)(F)F,323.15,,SurfaceTension,0.045199994,0.044967394,0.00023259968,test,Random point,Point,E,Surface tension multi-split parity plot,True
4430,1-ethyl-3-methylimidazolium tetrafluoroborate,CC[n+]1ccn(C)c1.F[B-](F)(F)F,278.15,,SurfaceTension,0.051299993,0.053334933,0.0020349398,test,Random point,Point,E,Surface tension multi-split parity plot,True
4443,1-ethyl-3-methylimidazolium tetrafluoroborate,CC[n+]1ccn(C)c1.F[B-](F)(F)F,298.12,,SurfaceTension,0.054010004,0.052341104,0.0016689003,test,Random point,Point,E,Surface tension multi-split parity plot,True
403,1-ethyl-3-methylimidazolium acetate,CC(=O)[O-].CC[n+]1ccn(C)c1,353.15,,SurfaceTension,0.037410002,0.038680155,0.0012701526,test,Random point,Point,E,Surface tension multi-split parity plot,True
4193,1-(2-ethoxyethyl)-3-methylimidazolium bis((trifluoromethyl)sulfonyl)amide,CCOCC[n+]1ccn(C)c1.O=S(=O)([N-]S(=O)(=O)C(F)(F)F)C(F)(F)F,333.15,,SurfaceTension,0.03135,0.03264407,0.001294069,test,Random point,Point,E,Surface tension multi-split parity plot,True
4897,1-ethyl-3-(2-methoxyethyl)imidazolium thiocyanate,CC[n+]1ccn(CCOC)c1.N#C[S-],313.15,,SurfaceTension,0.049,0.04920817,0.00020817295,test,Random point,Point,E,Surface tension multi-split parity plot,True
1642,1-methyl-3-octylimidazolium chloride,CCCCCCCCn1cc[n+](C)c1.[Cl-],388.0,,SurfaceTension,0.027000003,0.027390445,0.0003904421,test,Random point,Point,E,Surface tension multi-split parity plot,True
1888,1-hexyl-3-methylimidazolium hexafluorophosphate,CCCCCC[n+]1ccn(C)c1.F[P-](F)(F)(F)(F)F,343.09,,SurfaceTension,0.035290003,0.036560446,0.0012704432,test,Random point,Point,E,Surface tension multi-split parity plot,True
3293,1-butyl-3-methylimidazolium tricyanomethane,CCCC[n+]1ccn(C)c1.N#C[C-](C#N)C#N,333.02,,SurfaceTension,0.0456,0.046922285,0.0013222843,test,Random point,Point,E,Surface tension multi-split parity plot,True
1530,1-methyl-3-octylimidazolium tetrafluoroborate,CCCCCCCCn1cc[n+](C)c1.F[B-](F)(F)F,431.6,,SurfaceTension,0.025300002,0.024926048,0.00037395395,test,Random point,Point,E,Surface tension multi-split parity plot,True
4361,1-ethyl-2-methylpyridinium bis((trifluoromethyl)sulfonyl)amide,CC[n+]1ccccc1C.O=S(=O)([N-]S(=O)(=O)C(F)(F)F)C(F)(F)F,310.65,,SurfaceTension,0.03767,0.037650492,1.9509345e-05,test,Random point,Point,E,Surface tension multi-split parity plot,True
3296,1-butyl-3-methylimidazolium tricyanomethane,CCCC[n+]1ccn(C)c1.N#C[C-](C#N)C#N,337.71,,SurfaceTension,0.04698,0.046623934,0.00035606697,test,Random point,Point,E,Surface tension multi-split parity plot,True
4047,3-methyl-1-propyl-1H-imidazol-3-ium 2-aminoethane-1-sulfonate,CCCn1cc[n+](C)c1.NCCS(=O)(=O)[O-],298.15,,SurfaceTension,0.049500003,0.049698077,0.00019807369,test,Random point,Point,E,Surface tension multi-split parity plot,True
5623,1-methylimidazolium hydrogensulfate,S(=O)(=O)(O)[O-].CN1C=[NH+]C=C1,323.15,,SurfaceTension,0.051299993,0.051367555,6.7561865e-05,test,Random point,Point,E,Surface tension multi-split parity plot,True
1614,1-methyl-3-octylimidazolium bis(trifluoromethylsulfonyl)imide,CCCCCCCCn1cc[n+](C)c1.O=S(=O)([N-]S(=O)(=O)C(F)(F)F)C(F)(F)F,453.4,,SurfaceTension,0.0221,0.021801984,0.00029801577,test,Random point,Point,E,Surface tension multi-split parity plot,True
2221,triethylpentylammonium bis(trifluoromethylsulfonyl)imide,CCCCC[N+](CC)(CC)CC.O=S(=O)([N-]S(=O)(=O)C(F)(F)F)C(F)(F)F,298.0,,SurfaceTension,0.035700005,0.035735056,3.5051256e-05,test,Random point,Point,E,Surface tension multi-split parity plot,True
2083,1-hexyl-3-methylimidazolium chloride,CCCCCC[n+]1ccn(C)c1.[Cl-],328.2,,SurfaceTension,0.038539995,0.03890355,0.0003635548,test,Random point,Point,E,Surface tension multi-split parity plot,True
2097,1-hexyl-3-methylimidazolium iodide,CCCCCC[n+]1ccn(C)c1.[I-],318.19,,SurfaceTension,0.040229995,0.040714186,0.00048419088,test,Random point,Point,E,Surface tension multi-split parity plot,True
2174,3-hexyl-1-methylimidazolium tricyanomethanide,CCCCCCn1cc[n+](C)c1.N#C[C-](C#N)C#N,353.53,,SurfaceTension,0.039069995,0.039760247,0.0006902516,test,Random point,Point,E,Surface tension multi-split parity plot,True
5354,1-(3-aminopropyl)-3-methyl-1H-imidazolium tetrafluoroborate,Cn1cc[n+](CCCN)c1.F[B-](F)(F)F,313.15,,SurfaceTension,0.0461,0.04548268,0.0006173216,test,Random point,Point,E,Surface tension multi-split parity plot,True
4983,1-(3-methoxypropyl)pyridinium bis((trifluoromethyl)sulfonyl)amide,COCCC[n+]1ccccc1.O=S(=O)([N-]S(=O)(=O)C(F)(F)F)C(F)(F)F,323.15,,SurfaceTension,0.0343,0.034534294,0.00023429468,test,Random point,Point,E,Surface tension multi-split parity plot,True
4880,1-ethyl-3-methylimidazolium phenolate,CC[n+]1ccn(C)c1.[O-]c1ccccc1,353.15,,SurfaceTension,0.0403,0.041106272,0.00080627203,test,Random point,Point,E,Surface tension multi-split parity plot,True
4008,1-propyl-3-methylimidazolium tetrafluoroborate,CCC[n+]1ccn(C)c1.F[B-](F)(F)F,303.11,,SurfaceTension,0.040960006,0.044233322,0.0032733157,test,Random point,Point,E,Surface tension multi-split parity plot,True
3396,1-butyl-3-methylimidazolium glycinate,CCCC[n+]1ccn(C)c1.NCC(=O)[O-],328.15,,SurfaceTension,0.0415,0.041043144,0.0004568547,test,Random point,Point,E,Surface tension multi-split parity plot,True
2,"1,3-diethyl-1H-imidazol-3-ium diethylphosphate",C(C)OP(=O)(OCC)[O-].C(C)N1C=[N+](C=C1)CC,298.15,,SurfaceTension,0.0355,0.036262568,0.0007625669,test,Random IL,IL,E,Surface tension multi-split parity plot,True
4359,"1,3-dimethylimidazolium tetracyanoborate",Cn1cc[n+](C)c1.N#C[B-](C#N)(C#N)C#N,283.19,,SurfaceTension,0.035439998,0.052748885,0.017308887,test,Random IL,IL,E,Surface tension multi-split parity plot,True
4360,"1,3-dimethylimidazolium tetracyanoborate",Cn1cc[n+](C)c1.N#C[B-](C#N)(C#N)C#N,293.24,,SurfaceTension,0.034739997,0.051330816,0.016590819,test,Random IL,IL,E,Surface tension multi-split parity plot,True
4361,"1,3-dimethylimidazolium tetracyanoborate",Cn1cc[n+](C)c1.N#C[B-](C#N)(C#N)C#N,303.28,,SurfaceTension,0.033670004,0.050137185,0.01646718,test,Random IL,IL,E,Surface tension multi-split parity plot,True
4362,"1,3-dimethylimidazolium tetracyanoborate",Cn1cc[n+](C)c1.N#C[B-](C#N)(C#N)C#N,313.26,,SurfaceTension,0.03307,0.048923634,0.015853632,test,Random IL,IL,E,Surface tension multi-split parity plot,True
4363,"1,3-dimethylimidazolium tetracyanoborate",Cn1cc[n+](C)c1.N#C[B-](C#N)(C#N)C#N,323.17,,SurfaceTension,0.03205,0.04742302,0.015373021,test,Random IL,IL,E,Surface tension multi-split parity plot,True
4364,"1,3-dimethylimidazolium tetracyanoborate",Cn1cc[n+](C)c1.N#C[B-](C#N)(C#N)C#N,333.17,,SurfaceTension,0.031370003,0.045265175,0.013895173,test,Random IL,IL,E,Surface tension multi-split parity plot,True
4365,"1,3-dimethylimidazolium tetracyanoborate",Cn1cc[n+](C)c1.N#C[B-](C#N)(C#N)C#N,343.13,,SurfaceTension,0.030600002,0.04219634,0.011596339,test,Random IL,IL,E,Surface tension multi-split parity plot,True
4366,"1,3-dimethylimidazolium tetracyanoborate",Cn1cc[n+](C)c1.N#C[B-](C#N)(C#N)C#N,353.24,,SurfaceTension,0.029979998,0.038407356,0.008427357,test,Random IL,IL,E,Surface tension multi-split parity plot,True
4369,1-(2-aminoethyl)-3-methyl-1H-imidazolium hexafluorophosphate(V),Cn1cc[n+](CCN)c1.F[P-](F)(F)(F)(F)F,293.15,,SurfaceTension,0.05586,0.0505535,0.005306501,test,Random IL,IL,E,Surface tension multi-split parity plot,True
4371,1-(2-aminoethyl)-3-methyl-1H-imidazolium hexafluorophosphate(V),Cn1cc[n+](CCN)c1.F[P-](F)(F)(F)(F)F,298.15,,SurfaceTension,0.05541999,0.050394587,0.0050254017,test,Random IL,IL,E,Surface tension multi-split parity plot,True
4373,1-(2-aminoethyl)-3-methyl-1H-imidazolium hexafluorophosphate(V),Cn1cc[n+](CCN)c1.F[P-](F)(F)(F)(F)F,303.15,,SurfaceTension,0.055039994,0.050236676,0.0048033185,test,Random IL,IL,E,Surface tension multi-split parity plot,True
4375,1-(2-aminoethyl)-3-methyl-1H-imidazolium hexafluorophosphate(V),Cn1cc[n+](CCN)c1.F[P-](F)(F)(F)(F)F,308.15,,SurfaceTension,0.054589998,0.050072733,0.0045172647,test,Random IL,IL,E,Surface tension multi-split parity plot,True
4377,1-(2-aminoethyl)-3-methyl-1H-imidazolium hexafluorophosphate(V),Cn1cc[n+](CCN)c1.F[P-](F)(F)(F)(F)F,313.15,,SurfaceTension,0.05429,0.049896475,0.0043935254,test,Random IL,IL,E,Surface tension multi-split parity plot,True
4379,1-(2-aminoethyl)-3-methyl-1H-imidazolium hexafluorophosphate(V),Cn1cc[n+](CCN)c1.F[P-](F)(F)(F)(F)F,318.15,,SurfaceTension,0.053800005,0.049702615,0.004097391,test,Random IL,IL,E,Surface tension multi-split parity plot,True
4381,1-(2-aminoethyl)-3-methyl-1H-imidazolium hexafluorophosphate(V),Cn1cc[n+](CCN)c1.F[P-](F)(F)(F)(F)F,323.15,,SurfaceTension,0.05363001,0.049487043,0.004142966,test,Random IL,IL,E,Surface tension multi-split parity plot,True
4383,1-(2-aminoethyl)-3-methyl-1H-imidazolium hexafluorophosphate(V),Cn1cc[n+](CCN)c1.F[P-](F)(F)(F)(F)F,328.15,,SurfaceTension,0.053230003,0.049246795,0.003983207,test,Random IL,IL,E,Surface tension multi-split parity plot,True
4385,1-(2-aminoethyl)-3-methyl-1H-imidazolium hexafluorophosphate(V),Cn1cc[n+](CCN)c1.F[P-](F)(F)(F)(F)F,333.15,,SurfaceTension,0.052940004,0.04897983,0.0039601736,test,Random IL,IL,E,Surface tension multi-split parity plot,True
4387,1-(2-aminoethyl)-3-methyl-1H-imidazolium hexafluorophosphate(V),Cn1cc[n+](CCN)c1.F[P-](F)(F)(F)(F)F,338.15,,SurfaceTension,0.05256999,0.048684392,0.003885597,test,Random IL,IL,E,Surface tension multi-split parity plot,True
4389,1-(2-aminoethyl)-3-methyl-1H-imidazolium hexafluorophosphate(V),Cn1cc[n+](CCN)c1.F[P-](F)(F)(F)(F)F,343.15,,SurfaceTension,0.052349996,0.04835836,0.0039916374,test,Random IL,IL,E,Surface tension multi-split parity plot,True
4391,1-(2-aminoethyl)-3-methyl-1H-imidazolium hexafluorophosphate(V),Cn1cc[n+](CCN)c1.F[P-](F)(F)(F)(F)F,348.15,,SurfaceTension,0.052069996,0.04799882,0.004071176,test,Random IL,IL,E,Surface tension multi-split parity plot,True
4393,1-(2-aminoethyl)-3-methyl-1H-imidazolium hexafluorophosphate(V),Cn1cc[n+](CCN)c1.F[P-](F)(F)(F)(F)F,353.15,,SurfaceTension,0.05186,0.047601957,0.004258044,test,Random IL,IL,E,Surface tension multi-split parity plot,True
3933,1-(2-methoxyethyl)-3-methylimidazolium chloride,COCC[n+]1ccn(C)c1.[Cl-],288.15,,SurfaceTension,0.0496,0.05969334,0.010093339,test,Random IL,IL,E,Surface tension multi-split parity plot,True
3935,1-(2-methoxyethyl)-3-methylimidazolium chloride,COCC[n+]1ccn(C)c1.[Cl-],293.15,,SurfaceTension,0.04919999,0.058810115,0.009610124,test,Random IL,IL,E,Surface tension multi-split parity plot,True
3937,1-(2-methoxyethyl)-3-methylimidazolium chloride,COCC[n+]1ccn(C)c1.[Cl-],298.15,,SurfaceTension,0.048699994,0.057963856,0.009263862,test,Random IL,IL,E,Surface tension multi-split parity plot,True
3939,1-(2-methoxyethyl)-3-methylimidazolium chloride,COCC[n+]1ccn(C)c1.[Cl-],303.15,,SurfaceTension,0.0484,0.057163455,0.008763455,test,Random IL,IL,E,Surface tension multi-split parity plot,True
3941,1-(2-methoxyethyl)-3-methylimidazolium chloride,COCC[n+]1ccn(C)c1.[Cl-],308.15,,SurfaceTension,0.047999997,0.05641337,0.008413374,test,Random IL,IL,E,Surface tension multi-split parity plot,True
3943,1-(2-methoxyethyl)-3-methylimidazolium chloride,COCC[n+]1ccn(C)c1.[Cl-],313.15,,SurfaceTension,0.047599997,0.0557093,0.008109301,test,Random IL,IL,E,Surface tension multi-split parity plot,True
3945,1-(2-methoxyethyl)-3-methylimidazolium chloride,COCC[n+]1ccn(C)c1.[Cl-],318.15,,SurfaceTension,0.047100004,0.055038556,0.007938553,test,Random IL,IL,E,Surface tension multi-split parity plot,True
3947,1-(2-methoxyethyl)-3-methylimidazolium chloride,COCC[n+]1ccn(C)c1.[Cl-],323.15,,SurfaceTension,0.0467,0.0543864,0.007686399,test,Random IL,IL,E,Surface tension multi-split parity plot,True
3949,1-(2-methoxyethyl)-3-methylimidazolium chloride,COCC[n+]1ccn(C)c1.[Cl-],328.15,,SurfaceTension,0.046200003,0.05374067,0.0075406656,test,Random IL,IL,E,Surface tension multi-split parity plot,True
3914,1-(2-methoxyethyl)-3-methylimidazolium threonine,COCC[n+]1ccn(C)c1.C[C@@H](O)[C@H](N)C(=O)[O-],288.15,,SurfaceTension,0.054299995,0.04768559,0.0066144057,test,Random IL,IL,E,Surface tension multi-split parity plot,True
3916,1-(2-methoxyethyl)-3-methylimidazolium threonine,COCC[n+]1ccn(C)c1.C[C@@H](O)[C@H](N)C(=O)[O-],293.15,,SurfaceTension,0.053699996,0.047337975,0.006362021,test,Random IL,IL,E,Surface tension multi-split parity plot,True
3918,1-(2-methoxyethyl)-3-methylimidazolium threonine,COCC[n+]1ccn(C)c1.C[C@@H](O)[C@H](N)C(=O)[O-],298.15,,SurfaceTension,0.053299997,0.047000304,0.006299693,test,Random IL,IL,E,Surface tension multi-split parity plot,True
3920,1-(2-methoxyethyl)-3-methylimidazolium threonine,COCC[n+]1ccn(C)c1.C[C@@H](O)[C@H](N)C(=O)[O-],303.15,,SurfaceTension,0.0527,0.046670433,0.0060295686,test,Random IL,IL,E,Surface tension multi-split parity plot,True
3922,1-(2-methoxyethyl)-3-methylimidazolium threonine,COCC[n+]1ccn(C)c1.C[C@@H](O)[C@H](N)C(=O)[O-],308.15,,SurfaceTension,0.052200004,0.046346523,0.0058534816,test,Random IL,IL,E,Surface tension multi-split parity plot,True
3924,1-(2-methoxyethyl)-3-methylimidazolium threonine,COCC[n+]1ccn(C)c1.C[C@@H](O)[C@H](N)C(=O)[O-],313.15,,SurfaceTension,0.051599998,0.046026677,0.005573321,test,Random IL,IL,E,Surface tension multi-split parity plot,True
3926,1-(2-methoxyethyl)-3-methylimidazolium threonine,COCC[n+]1ccn(C)c1.C[C@@H](O)[C@H](N)C(=O)[O-],318.15,,SurfaceTension,0.051100004,0.04570881,0.0053911954,test,Random IL,IL,E,Surface tension multi-split parity plot,True
3928,1-(2-methoxyethyl)-3-methylimidazolium threonine,COCC[n+]1ccn(C)c1.C[C@@H](O)[C@H](N)C(=O)[O-],323.15,,SurfaceTension,0.050499998,0.045390505,0.0051094927,test,Random IL,IL,E,Surface tension multi-split parity plot,True
3930,1-(2-methoxyethyl)-3-methylimidazolium threonine,COCC[n+]1ccn(C)c1.C[C@@H](O)[C@H](N)C(=O)[O-],328.15,,SurfaceTension,0.049999993,0.045069076,0.004930917,test,Random IL,IL,E,Surface tension multi-split parity plot,True
2743,1-(2-propoxyethyl)pyridinium bis((trifluoromethyl)sulfonyl)amide,CCCOCC[n+]1ccccc1.O=S(=O)([N-]S(=O)(=O)C(F)(F)F)C(F)(F)F,283.15,,SurfaceTension,0.033520002,0.034794558,0.0012745559,test,Random IL,IL,E,Surface tension multi-split parity plot,True
2745,1-(2-propoxyethyl)pyridinium bis((trifluoromethyl)sulfonyl)amide,CCCOCC[n+]1ccccc1.O=S(=O)([N-]S(=O)(=O)C(F)(F)F)C(F)(F)F,293.15,,SurfaceTension,0.032420002,0.034326285,0.0019062832,test,Random IL,IL,E,Surface tension multi-split parity plot,True
2747,1-(2-propoxyethyl)pyridinium bis((trifluoromethyl)sulfonyl)amide,CCCOCC[n+]1ccccc1.O=S(=O)([N-]S(=O)(=O)C(F)(F)F)C(F)(F)F,298.15,,SurfaceTension,0.03193,0.0340686,0.0021385998,test,Random IL,IL,E,Surface tension multi-split parity plot,True
2749,1-(2-propoxyethyl)pyridinium bis((trifluoromethyl)sulfonyl)amide,CCCOCC[n+]1ccccc1.O=S(=O)([N-]S(=O)(=O)C(F)(F)F)C(F)(F)F,303.15,,SurfaceTension,0.031779997,0.033794425,0.0020144284,test,Random IL,IL,E,Surface tension multi-split parity plot,True
2751,1-(2-propoxyethyl)pyridinium bis((trifluoromethyl)sulfonyl)amide,CCCOCC[n+]1ccccc1.O=S(=O)([N-]S(=O)(=O)C(F)(F)F)C(F)(F)F,313.15,,SurfaceTension,0.03122,0.03319481,0.00197481,test,Random IL,IL,E,Surface tension multi-split parity plot,True
2753,1-(2-propoxyethyl)pyridinium bis((trifluoromethyl)sulfonyl)amide,CCCOCC[n+]1ccccc1.O=S(=O)([N-]S(=O)(=O)C(F)(F)F)C(F)(F)F,323.15,,SurfaceTension,0.030600002,0.03252758,0.0019275788,test,Random IL,IL,E,Surface tension multi-split parity plot,True
2755,1-(2-propoxyethyl)pyridinium bis((trifluoromethyl)sulfonyl)amide,CCCOCC[n+]1ccccc1.O=S(=O)([N-]S(=O)(=O)C(F)(F)F)C(F)(F)F,333.15,,SurfaceTension,0.030380001,0.03180536,0.0014253575,test,Random IL,IL,E,Surface tension multi-split parity plot,True
2757,1-(2-propoxyethyl)pyridinium bis((trifluoromethyl)sulfonyl)amide,CCCOCC[n+]1ccccc1.O=S(=O)([N-]S(=O)(=O)C(F)(F)F)C(F)(F)F,343.15,,SurfaceTension,0.029619997,0.031052431,0.0014324337,test,Random IL,IL,E,Surface tension multi-split parity plot,True
2759,1-(2-propoxyethyl)pyridinium bis((trifluoromethyl)sulfonyl)amide,CCCOCC[n+]1ccccc1.O=S(=O)([N-]S(=O)(=O)C(F)(F)F)C(F)(F)F,353.15,,SurfaceTension,0.02936,0.030296154,0.0009361543,test,Random IL,IL,E,Surface tension multi-split parity plot,True
4567,1-(6-hydroxyhexyl)imidazolium chloride,OCCCCCCn1cc[nH+]c1.[Cl-],298.15,,SurfaceTension,0.051249996,0.04623326,0.0050167367,test,Random IL,IL,E,Surface tension multi-split parity plot,True
4569,1-(6-hydroxyhexyl)imidazolium chloride,OCCCCCCn1cc[nH+]c1.[Cl-],303.15,,SurfaceTension,0.050049994,0.043147944,0.00690205,test,Random IL,IL,E,Surface tension multi-split parity plot,True
4571,1-(6-hydroxyhexyl)imidazolium chloride,OCCCCCCn1cc[nH+]c1.[Cl-],308.15,,SurfaceTension,0.048849992,0.04022712,0.008622874,test,Random IL,IL,E,Surface tension multi-split parity plot,True
4573,1-(6-hydroxyhexyl)imidazolium chloride,OCCCCCCn1cc[nH+]c1.[Cl-],313.15,,SurfaceTension,0.047750004,0.037588786,0.010161217,test,Random IL,IL,E,Surface tension multi-split parity plot,True
4575,1-(6-hydroxyhexyl)imidazolium chloride,OCCCCCCn1cc[nH+]c1.[Cl-],318.15,,SurfaceTension,0.0464,0.035367027,0.0110329725,test,Random IL,IL,E,Surface tension multi-split parity plot,True
4577,1-(6-hydroxyhexyl)imidazolium chloride,OCCCCCCn1cc[nH+]c1.[Cl-],323.15,,SurfaceTension,0.044949993,0.033636536,0.011313457,test,Random IL,IL,E,Surface tension multi-split parity plot,True
48,1-allyl-3-methyl-1H-imidazolium bis((trifluoromethyl)sulfonyl)amide,C=CC[n+]1ccn(C)c1.O=S(=O)([N-]S(=O)(=O)C(F)(F)F)C(F)(F)F,288.15,,SurfaceTension,0.035200004,0.051301926,0.016101923,test,Random IL,IL,E,Surface tension multi-split parity plot,True
51,1-allyl-3-methyl-1H-imidazolium bis((trifluoromethyl)sulfonyl)amide,C=CC[n+]1ccn(C)c1.O=S(=O)([N-]S(=O)(=O)C(F)(F)F)C(F)(F)F,293.15,,SurfaceTension,0.034999996,0.050586462,0.015586466,test,Random IL,IL,E,Surface tension multi-split parity plot,True
54,1-allyl-3-methyl-1H-imidazolium bis((trifluoromethyl)sulfonyl)amide,C=CC[n+]1ccn(C)c1.O=S(=O)([N-]S(=O)(=O)C(F)(F)F)C(F)(F)F,298.15,,SurfaceTension,0.03325,0.049875963,0.016625963,test,Random IL,IL,E,Surface tension multi-split parity plot,True
57,1-allyl-3-methyl-1H-imidazolium bis((trifluoromethyl)sulfonyl)amide,C=CC[n+]1ccn(C)c1.O=S(=O)([N-]S(=O)(=O)C(F)(F)F)C(F)(F)F,303.15,,SurfaceTension,0.03305,0.049160223,0.016110223,test,Random IL,IL,E,Surface tension multi-split parity plot,True
60,1-allyl-3-methyl-1H-imidazolium bis((trifluoromethyl)sulfonyl)amide,C=CC[n+]1ccn(C)c1.O=S(=O)([N-]S(=O)(=O)C(F)(F)F)C(F)(F)F,308.15,,SurfaceTension,0.03285,0.048426915,0.015576914,test,Random IL,IL,E,Surface tension multi-split parity plot,True
63,1-allyl-3-methyl-1H-imidazolium bis((trifluoromethyl)sulfonyl)amide,C=CC[n+]1ccn(C)c1.O=S(=O)([N-]S(=O)(=O)C(F)(F)F)C(F)(F)F,313.15,,SurfaceTension,0.0326,0.047660727,0.015060727,test,Random IL,IL,E,Surface tension multi-split parity plot,True
66,1-allyl-3-methyl-1H-imidazolium bis((trifluoromethyl)sulfonyl)amide,C=CC[n+]1ccn(C)c1.O=S(=O)([N-]S(=O)(=O)C(F)(F)F)C(F)(F)F,318.15,,SurfaceTension,0.032350004,0.04684267,0.0144926645,test,Random IL,IL,E,Surface tension multi-split parity plot,True
69,1-allyl-3-methyl-1H-imidazolium bis((trifluoromethyl)sulfonyl)amide,C=CC[n+]1ccn(C)c1.O=S(=O)([N-]S(=O)(=O)C(F)(F)F)C(F)(F)F,323.15,,SurfaceTension,0.030499997,0.045950197,0.0154502,test,Random IL,IL,E,Surface tension multi-split parity plot,True
72,1-allyl-3-methyl-1H-imidazolium bis((trifluoromethyl)sulfonyl)amide,C=CC[n+]1ccn(C)c1.O=S(=O)([N-]S(=O)(=O)C(F)(F)F)C(F)(F)F,328.15,,SurfaceTension,0.030299999,0.04495958,0.01465958,test,Random IL,IL,E,Surface tension multi-split parity plot,True
75,1-allyl-3-methyl-1H-imidazolium bis((trifluoromethyl)sulfonyl)amide,C=CC[n+]1ccn(C)c1.O=S(=O)([N-]S(=O)(=O)C(F)(F)F)C(F)(F)F,333.15,,SurfaceTension,0.029999996,0.043851506,0.01385151,test,Random IL,IL,E,Surface tension multi-split parity plot,True
78,1-allyl-3-methyl-1H-imidazolium bis((trifluoromethyl)sulfonyl)amide,C=CC[n+]1ccn(C)c1.O=S(=O)([N-]S(=O)(=O)C(F)(F)F)C(F)(F)F,338.15,,SurfaceTension,0.029800002,0.04261849,0.012818489,test,Random IL,IL,E,Surface tension multi-split parity plot,True
81,1-allyl-3-methyl-1H-imidazolium bis((trifluoromethyl)sulfonyl)amide,C=CC[n+]1ccn(C)c1.O=S(=O)([N-]S(=O)(=O)C(F)(F)F)C(F)(F)F,343.15,,SurfaceTension,0.029599998,0.041270237,0.011670239,test,Random IL,IL,E,Surface tension multi-split parity plot,True
83,1-allyl-3-methyl-1H-imidazolium bis((trifluoromethyl)sulfonyl)amide,C=CC[n+]1ccn(C)c1.O=S(=O)([N-]S(=O)(=O)C(F)(F)F)C(F)(F)F,348.15,,SurfaceTension,0.029300002,0.03983439,0.010534389,test,Random IL,IL,E,Surface tension multi-split parity plot,True
4439,"1-butyl-2,3-dimethyl-1H-imidazolium bis(trifluoromethylsulfonyl)amide",FC(S(=O)(=O)[N-]S(=O)(=O)C(F)(F)F)(F)F.C(CCC)N1C(=[N+](C=C1)C)C,293.15,,SurfaceTension,0.037400007,0.032781012,0.004618995,test,Random IL,IL,E,Surface tension multi-split parity plot,True
4451,"1-butyl-2,3-dimethyl-1H-imidazolium bis(trifluoromethylsulfonyl)amide",FC(S(=O)(=O)[N-]S(=O)(=O)C(F)(F)F)(F)F.C(CCC)N1C(=[N+](C=C1)C)C,298.2,,SurfaceTension,0.034499995,0.032599606,0.0019003898,test,Random IL,IL,E,Surface tension multi-split parity plot,True
4461,"1-butyl-2,3-dimethyl-1H-imidazolium bis(trifluoromethylsulfonyl)amide",FC(S(=O)(=O)[N-]S(=O)(=O)C(F)(F)F)(F)F.C(CCC)N1C(=[N+](C=C1)C)C,303.15,,SurfaceTension,0.03554,0.03239171,0.0031482913,test,Random IL,IL,E,Surface tension multi-split parity plot,True
4479,"1-butyl-2,3-dimethyl-1H-imidazolium bis(trifluoromethylsulfonyl)amide",FC(S(=O)(=O)[N-]S(=O)(=O)C(F)(F)F)(F)F.C(CCC)N1C(=[N+](C=C1)C)C,313.15,,SurfaceTension,0.033829994,0.03187437,0.0019556247,test,Random IL,IL,E,Surface tension multi-split parity plot,True
4488,"1-butyl-2,3-dimethyl-1H-imidazolium bis(trifluoromethylsulfonyl)amide",FC(S(=O)(=O)[N-]S(=O)(=O)C(F)(F)F)(F)F.C(CCC)N1C(=[N+](C=C1)C)C,323.15,,SurfaceTension,0.0322,0.031224014,0.00097598694,test,Random IL,IL,E,Surface tension multi-split parity plot,True
4496,"1-butyl-2,3-dimethyl-1H-imidazolium bis(trifluoromethylsulfonyl)amide",FC(S(=O)(=O)[N-]S(=O)(=O)C(F)(F)F)(F)F.C(CCC)N1C(=[N+](C=C1)C)C,333.15,,SurfaceTension,0.030490002,0.03045451,3.549084e-05,test,Random IL,IL,E,Surface tension multi-split parity plot,True
4502,"1-butyl-2,3-dimethyl-1H-imidazolium bis(trifluoromethylsulfonyl)amide",FC(S(=O)(=O)[N-]S(=O)(=O)C(F)(F)F)(F)F.C(CCC)N1C(=[N+](C=C1)C)C,343.15,,SurfaceTension,0.028739996,0.029610049,0.0008700527,test,Random IL,IL,E,Surface tension multi-split parity plot,True
4591,1-butyl-3-methylimidazolium dihydrogenphosphate,P(=O)(O)(O)[O-].C(CCC)N1C=[N+](C=C1)C,288.15,,SurfaceTension,0.044200003,0.043482333,0.0007176697,test,Random IL,IL,E,Surface tension multi-split parity plot,True
4593,1-butyl-3-methylimidazolium dihydrogenphosphate,P(=O)(O)(O)[O-].C(CCC)N1C=[N+](C=C1)C,293.15,,SurfaceTension,0.0439,0.043271538,0.0006284639,test,Random IL,IL,E,Surface tension multi-split parity plot,True
4595,1-butyl-3-methylimidazolium dihydrogenphosphate,P(=O)(O)(O)[O-].C(CCC)N1C=[N+](C=C1)C,298.15,,SurfaceTension,0.043600004,0.043038808,0.00056119636,test,Random IL,IL,E,Surface tension multi-split parity plot,True
4597,1-butyl-3-methylimidazolium dihydrogenphosphate,P(=O)(O)(O)[O-].C(CCC)N1C=[N+](C=C1)C,303.15,,SurfaceTension,0.043199997,0.042782266,0.0004177317,test,Random IL,IL,E,Surface tension multi-split parity plot,True
4599,1-butyl-3-methylimidazolium dihydrogenphosphate,P(=O)(O)(O)[O-].C(CCC)N1C=[N+](C=C1)C,308.15,,SurfaceTension,0.042900003,0.042501345,0.00039865822,test,Random IL,IL,E,Surface tension multi-split parity plot,True
4601,1-butyl-3-methylimidazolium dihydrogenphosphate,P(=O)(O)(O)[O-].C(CCC)N1C=[N+](C=C1)C,313.15,,SurfaceTension,0.042600006,0.042196754,0.0004032515,test,Random IL,IL,E,Surface tension multi-split parity plot,True
4603,1-butyl-3-methylimidazolium dihydrogenphosphate,P(=O)(O)(O)[O-].C(CCC)N1C=[N+](C=C1)C,318.15,,SurfaceTension,0.0423,0.041870214,0.00042978674,test,Random IL,IL,E,Surface tension multi-split parity plot,True
4605,1-butyl-3-methylimidazolium dihydrogenphosphate,P(=O)(O)(O)[O-].C(CCC)N1C=[N+](C=C1)C,323.15,,SurfaceTension,0.041999996,0.041523978,0.0004760176,test,Random IL,IL,E,Surface tension multi-split parity plot,True
4607,1-butyl-3-methylimidazolium dihydrogenphosphate,P(=O)(O)(O)[O-].C(CCC)N1C=[N+](C=C1)C,328.15,,SurfaceTension,0.041700006,0.04116066,0.0005393438,test,Random IL,IL,E,Surface tension multi-split parity plot,True
4609,1-butyl-3-methylimidazolium dihydrogenphosphate,P(=O)(O)(O)[O-].C(CCC)N1C=[N+](C=C1)C,333.15,,SurfaceTension,0.041400008,0.040783044,0.00061696395,test,Random IL,IL,E,Surface tension multi-split parity plot,True
4611,1-butyl-3-methylimidazolium dihydrogenphosphate,P(=O)(O)(O)[O-].C(CCC)N1C=[N+](C=C1)C,338.15,,SurfaceTension,0.0411,0.040393967,0.0007060319,test,Random IL,IL,E,Surface tension multi-split parity plot,True
4613,1-butyl-3-methylimidazolium dihydrogenphosphate,P(=O)(O)(O)[O-].C(CCC)N1C=[N+](C=C1)C,343.15,,SurfaceTension,0.0408,0.039996017,0.0008039847,test,Random IL,IL,E,Surface tension multi-split parity plot,True
2538,1-butyl-3-methylimidazolium glycinate,CCCC[n+]1ccn(C)c1.NCC(=O)[O-],283.15,,SurfaceTension,0.0443,0.051489804,0.007189803,test,Random IL,IL,E,Surface tension multi-split parity plot,True
2540,1-butyl-3-methylimidazolium glycinate,CCCC[n+]1ccn(C)c1.NCC(=O)[O-],288.15,,SurfaceTension,0.044,0.051132206,0.007132206,test,Random IL,IL,E,Surface tension multi-split parity plot,True
2543,1-butyl-3-methylimidazolium glycinate,CCCC[n+]1ccn(C)c1.NCC(=O)[O-],293.15,,SurfaceTension,0.043800004,0.050790593,0.006990589,test,Random IL,IL,E,Surface tension multi-split parity plot,True
2546,1-butyl-3-methylimidazolium glycinate,CCCC[n+]1ccn(C)c1.NCC(=O)[O-],298.15,,SurfaceTension,0.043500002,0.05046382,0.0069638193,test,Random IL,IL,E,Surface tension multi-split parity plot,True
2550,1-butyl-3-methylimidazolium glycinate,CCCC[n+]1ccn(C)c1.NCC(=O)[O-],303.15,,SurfaceTension,0.043199997,0.050150424,0.006950427,test,Random IL,IL,E,Surface tension multi-split parity plot,True
2551,1-butyl-3-methylimidazolium glycinate,CCCC[n+]1ccn(C)c1.NCC(=O)[O-],303.2,,SurfaceTension,0.042900003,0.05014736,0.007247355,test,Random IL,IL,E,Surface tension multi-split parity plot,True
2554,1-butyl-3-methylimidazolium glycinate,CCCC[n+]1ccn(C)c1.NCC(=O)[O-],308.15,,SurfaceTension,0.042900003,0.04984819,0.006948188,test,Random IL,IL,E,Surface tension multi-split parity plot,True
2555,1-butyl-3-methylimidazolium glycinate,CCCC[n+]1ccn(C)c1.NCC(=O)[O-],308.2,,SurfaceTension,0.042600006,0.049845204,0.007245198,test,Random IL,IL,E,Surface tension multi-split parity plot,True
2559,1-butyl-3-methylimidazolium glycinate,CCCC[n+]1ccn(C)c1.NCC(=O)[O-],313.15,,SurfaceTension,0.042600006,0.049553964,0.0069539584,test,Random IL,IL,E,Surface tension multi-split parity plot,True
2560,1-butyl-3-methylimidazolium glycinate,CCCC[n+]1ccn(C)c1.NCC(=O)[O-],313.2,,SurfaceTension,0.042400006,0.04955104,0.0071510337,test,Random IL,IL,E,Surface tension multi-split parity plot,True
2563,1-butyl-3-methylimidazolium glycinate,CCCC[n+]1ccn(C)c1.NCC(=O)[O-],318.15,,SurfaceTension,0.042200007,0.04920649,0.007006485,test,Random IL,IL,E,Surface tension multi-split parity plot,True
2564,1-butyl-3-methylimidazolium glycinate,CCCC[n+]1ccn(C)c1.NCC(=O)[O-],318.2,,SurfaceTension,0.0421,0.049203604,0.0071036033,test,Random IL,IL,E,Surface tension multi-split parity plot,True
2568,1-butyl-3-methylimidazolium glycinate,CCCC[n+]1ccn(C)c1.NCC(=O)[O-],323.15,,SurfaceTension,0.041800003,0.04891624,0.007116236,test,Random IL,IL,E,Surface tension multi-split parity plot,True
2569,1-butyl-3-methylimidazolium glycinate,CCCC[n+]1ccn(C)c1.NCC(=O)[O-],323.2,,SurfaceTension,0.041700006,0.04891331,0.0072133057,test,Random IL,IL,E,Surface tension multi-split parity plot,True
2572,1-butyl-3-methylimidazolium glycinate,CCCC[n+]1ccn(C)c1.NCC(=O)[O-],328.15,,SurfaceTension,0.0415,0.04862124,0.0071212426,test,Random IL,IL,E,Surface tension multi-split parity plot,True
2590,1-butyl-3-methylimidazolium salicylate,CCCC[n+]1ccn(C)c1.O=C([O-])c1ccccc1O,293.15,,SurfaceTension,0.044200003,0.04323698,0.0009630248,test,Random IL,IL,E,Surface tension multi-split parity plot,True
2592,1-butyl-3-methylimidazolium salicylate,CCCC[n+]1ccn(C)c1.O=C([O-])c1ccccc1O,298.15,,SurfaceTension,0.044,0.04288948,0.0011105202,test,Random IL,IL,E,Surface tension multi-split parity plot,True
2594,1-butyl-3-methylimidazolium salicylate,CCCC[n+]1ccn(C)c1.O=C([O-])c1ccccc1O,303.15,,SurfaceTension,0.043699995,0.042267147,0.0014328472,test,Random IL,IL,E,Surface tension multi-split parity plot,True
2596,1-butyl-3-methylimidazolium salicylate,CCCC[n+]1ccn(C)c1.O=C([O-])c1ccccc1O,308.15,,SurfaceTension,0.043500002,0.041932255,0.0015677474,test,Random IL,IL,E,Surface tension multi-split parity plot,True
2598,1-butyl-3-methylimidazolium salicylate,CCCC[n+]1ccn(C)c1.O=C([O-])c1ccccc1O,313.15,,SurfaceTension,0.0433,0.04159651,0.0017034896,test,Random IL,IL,E,Surface tension multi-split parity plot,True
2600,1-butyl-3-methylimidazolium salicylate,CCCC[n+]1ccn(C)c1.O=C([O-])c1ccccc1O,318.15,,SurfaceTension,0.043199997,0.0412601,0.0019398965,test,Random IL,IL,E,Surface tension multi-split parity plot,True
2602,1-butyl-3-methylimidazolium salicylate,CCCC[n+]1ccn(C)c1.O=C([O-])c1ccccc1O,323.15,,SurfaceTension,0.042999998,0.04092216,0.0020778365,test,Random IL,IL,E,Surface tension multi-split parity plot,True
2609,1-butyl-3-methylimidazolium tris[(trifluoromethyl)sulfonyl]methide,CCCC[n+]1ccn(C)c1.O=S(=O)([C-](S(=O)(=O)C(F)(F)F)S(=O)(=O)C(F)(F)F)C(F)(F)F,298.1,,SurfaceTension,0.0351,0.0380093,0.002909299,test,Random IL,IL,E,Surface tension multi-split parity plot,True
2376,1-butyl-3-methylpyridinium dicyanamide,CCCC[n+]1cccc(C)c1.N#C[N-]C#N,278.15,,SurfaceTension,0.05159,0.056268606,0.004678607,test,Random IL,IL,E,Surface tension multi-split parity plot,True
2378,1-butyl-3-methylpyridinium dicyanamide,CCCC[n+]1cccc(C)c1.N#C[N-]C#N,280.65,,SurfaceTension,0.05146,0.056023154,0.004563153,test,Random IL,IL,E,Surface tension multi-split parity plot,True
2381,1-butyl-3-methylpyridinium dicyanamide,CCCC[n+]1cccc(C)c1.N#C[N-]C#N,283.15,,SurfaceTension,0.05131,0.05578926,0.0044792593,test,Random IL,IL,E,Surface tension multi-split parity plot,True
2383,1-butyl-3-methylpyridinium dicyanamide,CCCC[n+]1cccc(C)c1.N#C[N-]C#N,285.65,,SurfaceTension,0.05113,0.05556671,0.004436709,test,Random IL,IL,E,Surface tension multi-split parity plot,True
2386,1-butyl-3-methylpyridinium dicyanamide,CCCC[n+]1cccc(C)c1.N#C[N-]C#N,288.15,,SurfaceTension,0.05102,0.055355232,0.004335232,test,Random IL,IL,E,Surface tension multi-split parity plot,True
2388,1-butyl-3-methylpyridinium dicyanamide,CCCC[n+]1cccc(C)c1.N#C[N-]C#N,290.65,,SurfaceTension,0.050860003,0.055154413,0.0042944103,test,Random IL,IL,E,Surface tension multi-split parity plot,True
2391,1-butyl-3-methylpyridinium dicyanamide,CCCC[n+]1cccc(C)c1.N#C[N-]C#N,293.15,,SurfaceTension,0.046023328,0.05496369,0.008940361,test,Random IL,IL,E,Surface tension multi-split parity plot,True
2392,1-butyl-3-methylpyridinium dicyanamide,CCCC[n+]1cccc(C)c1.N#C[N-]C#N,293.25,,SurfaceTension,0.043399997,0.054956257,0.01155626,test,Random IL,IL,E,Surface tension multi-split parity plot,True
2394,1-butyl-3-methylpyridinium dicyanamide,CCCC[n+]1cccc(C)c1.N#C[N-]C#N,295.65,,SurfaceTension,0.05053,0.054782405,0.004252404,test,Random IL,IL,E,Surface tension multi-split parity plot,True
2397,1-butyl-3-methylpyridinium dicyanamide,CCCC[n+]1cccc(C)c1.N#C[N-]C#N,298.15,,SurfaceTension,0.050409995,0.054609716,0.004199721,test,Random IL,IL,E,Surface tension multi-split parity plot,True
2399,1-butyl-3-methylpyridinium dicyanamide,CCCC[n+]1cccc(C)c1.N#C[N-]C#N,300.65,,SurfaceTension,0.050230004,0.054444723,0.004214719,test,Random IL,IL,E,Surface tension multi-split parity plot,True
2404,1-butyl-3-methylpyridinium dicyanamide,CCCC[n+]1cccc(C)c1.N#C[N-]C#N,303.15,,SurfaceTension,0.05004,0.054286376,0.0042463765,test,Random IL,IL,E,Surface tension multi-split parity plot,True
2405,1-butyl-3-methylpyridinium dicyanamide,CCCC[n+]1cccc(C)c1.N#C[N-]C#N,304.15,,SurfaceTension,0.0423,0.054224662,0.011924662,test,Random IL,IL,E,Surface tension multi-split parity plot,True
2409,1-butyl-3-methylpyridinium dicyanamide,CCCC[n+]1cccc(C)c1.N#C[N-]C#N,305.65,,SurfaceTension,0.049890004,0.05413361,0.004243605,test,Random IL,IL,E,Surface tension multi-split parity plot,True
2413,1-butyl-3-methylpyridinium dicyanamide,CCCC[n+]1cccc(C)c1.N#C[N-]C#N,308.15,,SurfaceTension,0.049740005,0.053985275,0.00424527,test,Random IL,IL,E,Surface tension multi-split parity plot,True
2415,1-butyl-3-methylpyridinium dicyanamide,CCCC[n+]1cccc(C)c1.N#C[N-]C#N,310.65,,SurfaceTension,0.049609993,0.053840257,0.0042302646,test,Random IL,IL,E,Surface tension multi-split parity plot,True
2416,1-butyl-3-methylpyridinium dicyanamide,CCCC[n+]1cccc(C)c1.N#C[N-]C#N,312.15,,SurfaceTension,0.0391,0.05375438,0.014654383,test,Random IL,IL,E,Surface tension multi-split parity plot,True
2419,1-butyl-3-methylpyridinium dicyanamide,CCCC[n+]1cccc(C)c1.N#C[N-]C#N,313.15,,SurfaceTension,0.049490005,0.053697485,0.0042074807,test,Random IL,IL,E,Surface tension multi-split parity plot,True
2420,1-butyl-3-methylpyridinium dicyanamide,CCCC[n+]1cccc(C)c1.N#C[N-]C#N,314.05,,SurfaceTension,0.041999996,0.05364643,0.011646435,test,Random IL,IL,E,Surface tension multi-split parity plot,True
2422,1-butyl-3-methylpyridinium dicyanamide,CCCC[n+]1cccc(C)c1.N#C[N-]C#N,315.65,,SurfaceTension,0.049309995,0.053555936,0.0042459406,test,Random IL,IL,E,Surface tension multi-split parity plot,True
2425,1-butyl-3-methylpyridinium dicyanamide,CCCC[n+]1cccc(C)c1.N#C[N-]C#N,318.15,,SurfaceTension,0.049130004,0.053414706,0.0042847022,test,Random IL,IL,E,Surface tension multi-split parity plot,True
2427,1-butyl-3-methylpyridinium dicyanamide,CCCC[n+]1cccc(C)c1.N#C[N-]C#N,320.65,,SurfaceTension,0.049,0.053272974,0.004272975,test,Random IL,IL,E,Surface tension multi-split parity plot,True
2428,1-butyl-3-methylpyridinium dicyanamide,CCCC[n+]1cccc(C)c1.N#C[N-]C#N,322.35,,SurfaceTension,0.039399996,0.05317594,0.013775945,test,Random IL,IL,E,Surface tension multi-split parity plot,True
2429,1-butyl-3-methylpyridinium dicyanamide,CCCC[n+]1cccc(C)c1.N#C[N-]C#N,322.95,,SurfaceTension,0.040700004,0.053141505,0.012441501,test,Random IL,IL,E,Surface tension multi-split parity plot,True
2432,1-butyl-3-methylpyridinium dicyanamide,CCCC[n+]1cccc(C)c1.N#C[N-]C#N,323.15,,SurfaceTension,0.048879992,0.053129997,0.004250005,test,Random IL,IL,E,Surface tension multi-split parity plot,True
2434,1-butyl-3-methylpyridinium dicyanamide,CCCC[n+]1cccc(C)c1.N#C[N-]C#N,325.65,,SurfaceTension,0.048680004,0.052985035,0.004305031,test,Random IL,IL,E,Surface tension multi-split parity plot,True
2438,1-butyl-3-methylpyridinium dicyanamide,CCCC[n+]1cccc(C)c1.N#C[N-]C#N,328.15,,SurfaceTension,0.048550002,0.05283734,0.004287336,test,Random IL,IL,E,Surface tension multi-split parity plot,True
2439,1-butyl-3-methylpyridinium dicyanamide,CCCC[n+]1cccc(C)c1.N#C[N-]C#N,330.25,,SurfaceTension,0.039,0.052710548,0.013710547,test,Random IL,IL,E,Surface tension multi-split parity plot,True
2441,1-butyl-3-methylpyridinium dicyanamide,CCCC[n+]1cccc(C)c1.N#C[N-]C#N,331.15,,SurfaceTension,0.038400006,0.05265529,0.014255285,test,Random IL,IL,E,Surface tension multi-split parity plot,True
2448,1-butyl-3-methylpyridinium dicyanamide,CCCC[n+]1cccc(C)c1.N#C[N-]C#N,340.35,,SurfaceTension,0.038499996,0.052045647,0.013545651,test,Random IL,IL,E,Surface tension multi-split parity plot,True
2449,1-butyl-3-methylpyridinium dicyanamide,CCCC[n+]1cccc(C)c1.N#C[N-]C#N,340.45,,SurfaceTension,0.0383,0.05203845,0.01373845,test,Random IL,IL,E,Surface tension multi-split parity plot,True
2450,1-butyl-3-methylpyridinium dicyanamide,CCCC[n+]1cccc(C)c1.N#C[N-]C#N,340.75,,SurfaceTension,0.0387,0.05201673,0.013316732,test,Random IL,IL,E,Surface tension multi-split parity plot,True
2451,1-butyl-3-methylpyridinium dicyanamide,CCCC[n+]1cccc(C)c1.N#C[N-]C#N,341.55,,SurfaceTension,0.0376,0.051958155,0.014358155,test,Random IL,IL,E,Surface tension multi-split parity plot,True
2452,1-butyl-3-methylpyridinium dicyanamide,CCCC[n+]1cccc(C)c1.N#C[N-]C#N,342.35,,SurfaceTension,0.037199996,0.051898517,0.01469852,test,Random IL,IL,E,Surface tension multi-split parity plot,True
2457,1-butyl-3-methylpyridinium dicyanamide,CCCC[n+]1cccc(C)c1.N#C[N-]C#N,349.95,,SurfaceTension,0.0368,0.051269356,0.014469355,test,Random IL,IL,E,Surface tension multi-split parity plot,True
2458,1-butyl-3-methylpyridinium dicyanamide,CCCC[n+]1cccc(C)c1.N#C[N-]C#N,350.45,,SurfaceTension,0.036299996,0.051223326,0.01492333,test,Random IL,IL,E,Surface tension multi-split parity plot,True
2330,1-butyl-3-methylpyridinium hexafluorophosphate,CCCC[n+]1cccc(C)c1.F[P-](F)(F)(F)(F)F,323.02,,SurfaceTension,0.04324,0.041026227,0.0022137724,test,Random IL,IL,E,Surface tension multi-split parity plot,True
2332,1-butyl-3-methylpyridinium hexafluorophosphate,CCCC[n+]1cccc(C)c1.F[P-](F)(F)(F)(F)F,327.6,,SurfaceTension,0.042960003,0.040731203,0.0022288002,test,Random IL,IL,E,Surface tension multi-split parity plot,True
2335,1-butyl-3-methylpyridinium hexafluorophosphate,CCCC[n+]1cccc(C)c1.F[P-](F)(F)(F)(F)F,333.18,,SurfaceTension,0.042579997,0.040370144,0.0022098534,test,Random IL,IL,E,Surface tension multi-split parity plot,True
2338,1-butyl-3-methylpyridinium hexafluorophosphate,CCCC[n+]1cccc(C)c1.F[P-](F)(F)(F)(F)F,338.24,,SurfaceTension,0.042240005,0.040043965,0.00219604,test,Random IL,IL,E,Surface tension multi-split parity plot,True
2342,1-butyl-3-methylpyridinium hexafluorophosphate,CCCC[n+]1cccc(C)c1.F[P-](F)(F)(F)(F)F,343.75,,SurfaceTension,0.041890003,0.03969197,0.002198033,test,Random IL,IL,E,Surface tension multi-split parity plot,True
2343,1-butyl-3-methylpyridinium hexafluorophosphate,CCCC[n+]1cccc(C)c1.F[P-](F)(F)(F)(F)F,348.09,,SurfaceTension,0.041630007,0.039416935,0.002213072,test,Random IL,IL,E,Surface tension multi-split parity plot,True
2348,1-butyl-3-methylpyridinium hexafluorophosphate,CCCC[n+]1cccc(C)c1.F[P-](F)(F)(F)(F)F,353.61,,SurfaceTension,0.0413,0.039068032,0.0022319667,test,Random IL,IL,E,Surface tension multi-split parity plot,True
2350,1-butyl-3-methylpyridinium hexafluorophosphate,CCCC[n+]1cccc(C)c1.F[P-](F)(F)(F)(F)F,358.09,,SurfaceTension,0.040939998,0.03878313,0.0021568686,test,Random IL,IL,E,Surface tension multi-split parity plot,True
2354,1-butyl-3-methylpyridinium hexafluorophosphate,CCCC[n+]1cccc(C)c1.F[P-](F)(F)(F)(F)F,364.84,,SurfaceTension,0.040510003,0.038345065,0.0021649376,test,Random IL,IL,E,Surface tension multi-split parity plot,True
2356,1-butyl-3-methylpyridinium tricyanomethanide,CCCC[n+]1cccc(C)c1.N#C[C-](C#N)C#N,296.05,,SurfaceTension,0.0277,0.048934087,0.021234088,test,Random IL,IL,E,Surface tension multi-split parity plot,True
2360,1-butyl-3-methylpyridinium tricyanomethanide,CCCC[n+]1cccc(C)c1.N#C[C-](C#N)C#N,305.75,,SurfaceTension,0.0273,0.048354544,0.021054544,test,Random IL,IL,E,Surface tension multi-split parity plot,True
2363,1-butyl-3-methylpyridinium tricyanomethanide,CCCC[n+]1cccc(C)c1.N#C[C-](C#N)C#N,313.75,,SurfaceTension,0.026899999,0.047882322,0.020982323,test,Random IL,IL,E,Surface tension multi-split parity plot,True
2364,1-butyl-3-methylpyridinium tricyanomethanide,CCCC[n+]1cccc(C)c1.N#C[C-](C#N)C#N,320.65,,SurfaceTension,0.026600001,0.04746795,0.02086795,test,Random IL,IL,E,Surface tension multi-split parity plot,True
2367,1-butyl-3-methylpyridinium tricyanomethanide,CCCC[n+]1cccc(C)c1.N#C[C-](C#N)C#N,329.85,,SurfaceTension,0.026299998,0.046890613,0.020590615,test,Random IL,IL,E,Surface tension multi-split parity plot,True
2369,1-butyl-3-methylpyridinium tricyanomethanide,CCCC[n+]1cccc(C)c1.N#C[C-](C#N)C#N,338.15,,SurfaceTension,0.025999999,0.046331793,0.020331794,test,Random IL,IL,E,Surface tension multi-split parity plot,True
2371,1-butyl-3-methylpyridinium tricyanomethanide,CCCC[n+]1cccc(C)c1.N#C[C-](C#N)C#N,346.15,,SurfaceTension,0.025500001,0.045746516,0.020246515,test,Random IL,IL,E,Surface tension multi-split parity plot,True
2373,1-butyl-3-methylpyridinium tricyanomethanide,CCCC[n+]1cccc(C)c1.N#C[C-](C#N)C#N,356.15,,SurfaceTension,0.025099996,0.044933613,0.019833617,test,Random IL,IL,E,Surface tension multi-split parity plot,True
2294,1-butyl-4-methylpyridinium thiocyanate,CCCC[n+]1ccc(C)cc1.N#C[S-],302.85,,SurfaceTension,0.04769999,0.04943804,0.0017380491,test,Random IL,IL,E,Surface tension multi-split parity plot,True
2295,1-butyl-4-methylpyridinium thiocyanate,CCCC[n+]1ccc(C)cc1.N#C[S-],302.95,,SurfaceTension,0.047599997,0.049428616,0.0018286183,test,Random IL,IL,E,Surface tension multi-split parity plot,True
2300,1-butyl-4-methylpyridinium thiocyanate,CCCC[n+]1ccc(C)cc1.N#C[S-],312.35,,SurfaceTension,0.045199994,0.04852621,0.0033262148,test,Random IL,IL,E,Surface tension multi-split parity plot,True
2301,1-butyl-4-methylpyridinium thiocyanate,CCCC[n+]1ccc(C)cc1.N#C[S-],312.85,,SurfaceTension,0.045800004,0.04847667,0.0026766658,test,Random IL,IL,E,Surface tension multi-split parity plot,True
2306,1-butyl-4-methylpyridinium thiocyanate,CCCC[n+]1ccc(C)cc1.N#C[S-],320.15,,SurfaceTension,0.045800004,0.047726408,0.0019264035,test,Random IL,IL,E,Surface tension multi-split parity plot,True
2307,1-butyl-4-methylpyridinium thiocyanate,CCCC[n+]1ccc(C)cc1.N#C[S-],320.35,,SurfaceTension,0.045999996,0.047705077,0.0017050803,test,Random IL,IL,E,Surface tension multi-split parity plot,True
2312,1-butyl-4-methylpyridinium thiocyanate,CCCC[n+]1ccc(C)cc1.N#C[S-],330.15,,SurfaceTension,0.039499998,0.046607055,0.0071070567,test,Random IL,IL,E,Surface tension multi-split parity plot,True
2313,1-butyl-4-methylpyridinium thiocyanate,CCCC[n+]1ccc(C)cc1.N#C[S-],330.75,,SurfaceTension,0.040899996,0.046536624,0.0056366287,test,Random IL,IL,E,Surface tension multi-split parity plot,True
2318,1-butyl-4-methylpyridinium thiocyanate,CCCC[n+]1ccc(C)cc1.N#C[S-],341.75,,SurfaceTension,0.0361,0.045192376,0.009092376,test,Random IL,IL,E,Surface tension multi-split parity plot,True
2319,1-butyl-4-methylpyridinium thiocyanate,CCCC[n+]1ccc(C)cc1.N#C[S-],341.95,,SurfaceTension,0.040700004,0.045167148,0.0044671446,test,Random IL,IL,E,Surface tension multi-split parity plot,True
2320,1-butyl-4-methylpyridinium thiocyanate,CCCC[n+]1ccc(C)cc1.N#C[S-],342.15,,SurfaceTension,0.038400006,0.0451419,0.0067418963,test,Random IL,IL,E,Surface tension multi-split parity plot,True
2480,1-butylpyridinium trifluoromethanesulfonate,CCCC[n+]1ccccc1.O=S(=O)([O-])C(F)(F)F,298.15,,SurfaceTension,0.03647,0.038221832,0.0017518327,test,Random IL,IL,E,Surface tension multi-split parity plot,True
2482,1-butylpyridinium trifluoromethanesulfonate,CCCC[n+]1ccccc1.O=S(=O)([O-])C(F)(F)F,300.65,,SurfaceTension,0.03637,0.03807133,0.0017013289,test,Random IL,IL,E,Surface tension multi-split parity plot,True
2485,1-butylpyridinium trifluoromethanesulfonate,CCCC[n+]1ccccc1.O=S(=O)([O-])C(F)(F)F,303.15,,SurfaceTension,0.036269996,0.03791877,0.0016487725,test,Random IL,IL,E,Surface tension multi-split parity plot,True
2487,1-butylpyridinium trifluoromethanesulfonate,CCCC[n+]1ccccc1.O=S(=O)([O-])C(F)(F)F,305.65,,SurfaceTension,0.03615001,0.037764408,0.0016143993,test,Random IL,IL,E,Surface tension multi-split parity plot,True
2491,1-butylpyridinium trifluoromethanesulfonate,CCCC[n+]1ccccc1.O=S(=O)([O-])C(F)(F)F,308.15,,SurfaceTension,0.036039997,0.0376086,0.0015686043,test,Random IL,IL,E,Surface tension multi-split parity plot,True
2493,1-butylpyridinium trifluoromethanesulfonate,CCCC[n+]1ccccc1.O=S(=O)([O-])C(F)(F)F,310.65,,SurfaceTension,0.03598,0.037451696,0.0014716946,test,Random IL,IL,E,Surface tension multi-split parity plot,True
2496,1-butylpyridinium trifluoromethanesulfonate,CCCC[n+]1ccccc1.O=S(=O)([O-])C(F)(F)F,313.15,,SurfaceTension,0.03584,0.037294034,0.001454033,test,Random IL,IL,E,Surface tension multi-split parity plot,True
2498,1-butylpyridinium trifluoromethanesulfonate,CCCC[n+]1ccccc1.O=S(=O)([O-])C(F)(F)F,315.65,,SurfaceTension,0.03576,0.037135955,0.0013759546,test,Random IL,IL,E,Surface tension multi-split parity plot,True
2501,1-butylpyridinium trifluoromethanesulfonate,CCCC[n+]1ccccc1.O=S(=O)([O-])C(F)(F)F,318.15,,SurfaceTension,0.035659995,0.036977775,0.0013177805,test,Random IL,IL,E,Surface tension multi-split parity plot,True
2503,1-butylpyridinium trifluoromethanesulfonate,CCCC[n+]1ccccc1.O=S(=O)([O-])C(F)(F)F,320.65,,SurfaceTension,0.03556,0.036819756,0.0012597553,test,Random IL,IL,E,Surface tension multi-split parity plot,True
2506,1-butylpyridinium trifluoromethanesulfonate,CCCC[n+]1ccccc1.O=S(=O)([O-])C(F)(F)F,323.15,,SurfaceTension,0.035410002,0.036662117,0.0012521148,test,Random IL,IL,E,Surface tension multi-split parity plot,True
2508,1-butylpyridinium trifluoromethanesulfonate,CCCC[n+]1ccccc1.O=S(=O)([O-])C(F)(F)F,325.65,,SurfaceTension,0.035329998,0.036505006,0.0011750087,test,Random IL,IL,E,Surface tension multi-split parity plot,True
2511,1-butylpyridinium trifluoromethanesulfonate,CCCC[n+]1ccccc1.O=S(=O)([O-])C(F)(F)F,328.15,,SurfaceTension,0.035200004,0.03634853,0.0011485256,test,Random IL,IL,E,Surface tension multi-split parity plot,True
2513,1-butylpyridinium trifluoromethanesulfonate,CCCC[n+]1ccccc1.O=S(=O)([O-])C(F)(F)F,330.65,,SurfaceTension,0.035129998,0.03619272,0.001062721,test,Random IL,IL,E,Surface tension multi-split parity plot,True
2517,1-butylpyridinium trifluoromethanesulfonate,CCCC[n+]1ccccc1.O=S(=O)([O-])C(F)(F)F,333.15,,SurfaceTension,0.03504,0.036037564,0.0009975657,test,Random IL,IL,E,Surface tension multi-split parity plot,True
2519,1-butylpyridinium trifluoromethanesulfonate,CCCC[n+]1ccccc1.O=S(=O)([O-])C(F)(F)F,335.65,,SurfaceTension,0.0349,0.03588301,0.000983011,test,Random IL,IL,E,Surface tension multi-split parity plot,True
2521,1-butylpyridinium trifluoromethanesulfonate,CCCC[n+]1ccccc1.O=S(=O)([O-])C(F)(F)F,338.15,,SurfaceTension,0.03482,0.03572894,0.0009089373,test,Random IL,IL,E,Surface tension multi-split parity plot,True
893,1-decyl-3-methylimidazolium chloride,CCCCCCCCCC[n+]1ccn(C)c1.[Cl-],303.15,,SurfaceTension,0.034,0.029666983,0.0043330193,test,Random IL,IL,E,Surface tension multi-split parity plot,True
897,1-decyl-3-methylimidazolium chloride,CCCCCCCCCC[n+]1ccn(C)c1.[Cl-],313.15,,SurfaceTension,0.030200003,0.029318199,0.00088180415,test,Random IL,IL,E,Surface tension multi-split parity plot,True
898,1-decyl-3-methylimidazolium chloride,CCCCCCCCCC[n+]1ccn(C)c1.[Cl-],317.84,,SurfaceTension,0.027089996,0.02911548,0.0020254832,test,Random IL,IL,E,Surface tension multi-split parity plot,True
900,1-decyl-3-methylimidazolium chloride,CCCCCCCCCC[n+]1ccn(C)c1.[Cl-],323.12,,SurfaceTension,0.02644,0.028865865,0.0024258643,test,Random IL,IL,E,Surface tension multi-split parity plot,True
901,1-decyl-3-methylimidazolium chloride,CCCCCCCCCC[n+]1ccn(C)c1.[Cl-],323.14,,SurfaceTension,0.026849998,0.028864883,0.0020148847,test,Random IL,IL,E,Surface tension multi-split parity plot,True
905,1-decyl-3-methylimidazolium chloride,CCCCCCCCCC[n+]1ccn(C)c1.[Cl-],323.15,,SurfaceTension,0.0284,0.028864391,0.00046439096,test,Random IL,IL,E,Surface tension multi-split parity plot,True
907,1-decyl-3-methylimidazolium chloride,CCCCCCCCCC[n+]1ccn(C)c1.[Cl-],328.25,,SurfaceTension,0.02612,0.028608223,0.0024882238,test,Random IL,IL,E,Surface tension multi-split parity plot,True
908,1-decyl-3-methylimidazolium chloride,CCCCCCCCCC[n+]1ccn(C)c1.[Cl-],328.26,,SurfaceTension,0.026450003,0.028607707,0.002157705,test,Random IL,IL,E,Surface tension multi-split parity plot,True
915,1-decyl-3-methylimidazolium chloride,CCCCCCCCCC[n+]1ccn(C)c1.[Cl-],333.1,,SurfaceTension,0.025869997,0.028355867,0.0024858695,test,Random IL,IL,E,Surface tension multi-split parity plot,True
910,1-decyl-3-methylimidazolium chloride,CCCCCCCCCC[n+]1ccn(C)c1.[Cl-],333.13,,SurfaceTension,0.026139997,0.02835429,0.002214294,test,Random IL,IL,E,Surface tension multi-split parity plot,True
914,1-decyl-3-methylimidazolium chloride,CCCCCCCCCC[n+]1ccn(C)c1.[Cl-],333.15,,SurfaceTension,0.027800001,0.028353235,0.00055323355,test,Random IL,IL,E,Surface tension multi-split parity plot,True
917,1-decyl-3-methylimidazolium chloride,CCCCCCCCCC[n+]1ccn(C)c1.[Cl-],338.32,,SurfaceTension,0.02557,0.028078567,0.0025085676,test,Random IL,IL,E,Surface tension multi-split parity plot,True
918,1-decyl-3-methylimidazolium chloride,CCCCCCCCCC[n+]1ccn(C)c1.[Cl-],338.37,,SurfaceTension,0.025539998,0.028075894,0.0025358964,test,Random IL,IL,E,Surface tension multi-split parity plot,True
921,1-decyl-3-methylimidazolium chloride,CCCCCCCCCC[n+]1ccn(C)c1.[Cl-],342.9,,SurfaceTension,0.025369996,0.027832558,0.0024625622,test,Random IL,IL,E,Surface tension multi-split parity plot,True
920,1-decyl-3-methylimidazolium chloride,CCCCCCCCCC[n+]1ccn(C)c1.[Cl-],342.95,,SurfaceTension,0.0257,0.027829865,0.0021298658,test,Random IL,IL,E,Surface tension multi-split parity plot,True
925,1-decyl-3-methylimidazolium chloride,CCCCCCCCCC[n+]1ccn(C)c1.[Cl-],343.15,,SurfaceTension,0.027000003,0.027819084,0.00081908144,test,Random IL,IL,E,Surface tension multi-split parity plot,True
927,1-decyl-3-methylimidazolium chloride,CCCCCCCCCC[n+]1ccn(C)c1.[Cl-],348.09,,SurfaceTension,0.025149997,0.027552372,0.0024023745,test,Random IL,IL,E,Surface tension multi-split parity plot,True
928,1-decyl-3-methylimidazolium chloride,CCCCCCCCCC[n+]1ccn(C)c1.[Cl-],348.13,,SurfaceTension,0.025609998,0.027550207,0.0019402094,test,Random IL,IL,E,Surface tension multi-split parity plot,True
933,1-decyl-3-methylimidazolium chloride,CCCCCCCCCC[n+]1ccn(C)c1.[Cl-],353.15,,SurfaceTension,0.026200002,0.027278842,0.0010788403,test,Random IL,IL,E,Surface tension multi-split parity plot,True
934,1-decyl-3-methylimidazolium chloride,CCCCCCCCCC[n+]1ccn(C)c1.[Cl-],353.32,,SurfaceTension,0.02485,0.027269661,0.0024196617,test,Random IL,IL,E,Surface tension multi-split parity plot,True
935,1-decyl-3-methylimidazolium chloride,CCCCCCCCCC[n+]1ccn(C)c1.[Cl-],353.33,,SurfaceTension,0.024759999,0.02726912,0.0025091209,test,Random IL,IL,E,Surface tension multi-split parity plot,True
938,1-decyl-3-methylimidazolium chloride,CCCCCCCCCC[n+]1ccn(C)c1.[Cl-],358.44,,SurfaceTension,0.024590002,0.026993223,0.0024032202,test,Random IL,IL,E,Surface tension multi-split parity plot,True
939,1-decyl-3-methylimidazolium chloride,CCCCCCCCCC[n+]1ccn(C)c1.[Cl-],358.57,,SurfaceTension,0.024499996,0.026986217,0.0024862215,test,Random IL,IL,E,Surface tension multi-split parity plot,True
943,1-decyl-3-methylimidazolium chloride,CCCCCCCCCC[n+]1ccn(C)c1.[Cl-],363.15,,SurfaceTension,0.025500001,0.02673949,0.0012394879,test,Random IL,IL,E,Surface tension multi-split parity plot,True
739,1-dodecyl-3-methyl-1H-imidazolium bis(trifluoromethylsulfonyl)amide,CCCCCCCCCCCC[n+]1ccn(C)c1.O=S(=O)([N-]S(=O)(=O)C(F)(F)F)C(F)(F)F,298.15,,SurfaceTension,0.02915,0.029789863,0.0006398633,test,Random IL,IL,E,Surface tension multi-split parity plot,True
749,1-dodecyl-3-methyl-1H-imidazolium bis(trifluoromethylsulfonyl)amide,CCCCCCCCCCCC[n+]1ccn(C)c1.O=S(=O)([N-]S(=O)(=O)C(F)(F)F)C(F)(F)F,303.15,,SurfaceTension,0.0277,0.029440934,0.0017409343,test,Random IL,IL,E,Surface tension multi-split parity plot,True
766,1-dodecyl-3-methyl-1H-imidazolium bis(trifluoromethylsulfonyl)amide,CCCCCCCCCCCC[n+]1ccn(C)c1.O=S(=O)([N-]S(=O)(=O)C(F)(F)F)C(F)(F)F,313.15,,SurfaceTension,0.026899999,0.028629199,0.0017291997,test,Random IL,IL,E,Surface tension multi-split parity plot,True
783,1-dodecyl-3-methyl-1H-imidazolium bis(trifluoromethylsulfonyl)amide,CCCCCCCCCCCC[n+]1ccn(C)c1.O=S(=O)([N-]S(=O)(=O)C(F)(F)F)C(F)(F)F,323.15,,SurfaceTension,0.025899999,0.02774677,0.0018467717,test,Random IL,IL,E,Surface tension multi-split parity plot,True
800,1-dodecyl-3-methyl-1H-imidazolium bis(trifluoromethylsulfonyl)amide,CCCCCCCCCCCC[n+]1ccn(C)c1.O=S(=O)([N-]S(=O)(=O)C(F)(F)F)C(F)(F)F,333.15,,SurfaceTension,0.0249,0.026875073,0.0019750725,test,Random IL,IL,E,Surface tension multi-split parity plot,True
801,1-dodecyl-3-methyl-1H-imidazolium bis(trifluoromethylsulfonyl)amide,CCCCCCCCCCCC[n+]1ccn(C)c1.O=S(=O)([N-]S(=O)(=O)C(F)(F)F)C(F)(F)F,333.3,,SurfaceTension,0.026400002,0.026862351,0.0004623495,test,Random IL,IL,E,Surface tension multi-split parity plot,True
816,1-dodecyl-3-methyl-1H-imidazolium bis(trifluoromethylsulfonyl)amide,CCCCCCCCCCCC[n+]1ccn(C)c1.O=S(=O)([N-]S(=O)(=O)C(F)(F)F)C(F)(F)F,343.15,,SurfaceTension,0.0241,0.02605608,0.0019560792,test,Random IL,IL,E,Surface tension multi-split parity plot,True
823,1-dodecyl-3-methyl-1H-imidazolium bis(trifluoromethylsulfonyl)amide,CCCCCCCCCCCC[n+]1ccn(C)c1.O=S(=O)([N-]S(=O)(=O)C(F)(F)F)C(F)(F)F,353.15,,SurfaceTension,0.023299996,0.025297428,0.0019974317,test,Random IL,IL,E,Surface tension multi-split parity plot,True
824,1-dodecyl-3-methyl-1H-imidazolium bis(trifluoromethylsulfonyl)amide,CCCCCCCCCCCC[n+]1ccn(C)c1.O=S(=O)([N-]S(=O)(=O)C(F)(F)F)C(F)(F)F,353.6,,SurfaceTension,0.025399998,0.025264582,0.00013541616,test,Random IL,IL,E,Surface tension multi-split parity plot,True
830,1-dodecyl-3-methyl-1H-imidazolium bis(trifluoromethylsulfonyl)amide,CCCCCCCCCCCC[n+]1ccn(C)c1.O=S(=O)([N-]S(=O)(=O)C(F)(F)F)C(F)(F)F,363.15,,SurfaceTension,0.0225,0.02458939,0.0020893887,test,Random IL,IL,E,Surface tension multi-split parity plot,True
834,1-dodecyl-3-methyl-1H-imidazolium bis(trifluoromethylsulfonyl)amide,CCCCCCCCCCCC[n+]1ccn(C)c1.O=S(=O)([N-]S(=O)(=O)C(F)(F)F)C(F)(F)F,373.7,,SurfaceTension,0.024499996,0.02385154,0.0006484557,test,Random IL,IL,E,Surface tension multi-split parity plot,True
839,1-dodecyl-3-methyl-1H-imidazolium bis(trifluoromethylsulfonyl)amide,CCCCCCCCCCCC[n+]1ccn(C)c1.O=S(=O)([N-]S(=O)(=O)C(F)(F)F)C(F)(F)F,393.6,,SurfaceTension,0.0236,0.022561505,0.0010384955,test,Random IL,IL,E,Surface tension multi-split parity plot,True
843,1-dodecyl-3-methyl-1H-imidazolium bis(trifluoromethylsulfonyl)amide,CCCCCCCCCCCC[n+]1ccn(C)c1.O=S(=O)([N-]S(=O)(=O)C(F)(F)F)C(F)(F)F,413.7,,SurfaceTension,0.0225,0.021270223,0.0012297779,test,Random IL,IL,E,Surface tension multi-split parity plot,True
846,1-dodecyl-3-methyl-1H-imidazolium bis(trifluoromethylsulfonyl)amide,CCCCCCCCCCCC[n+]1ccn(C)c1.O=S(=O)([N-]S(=O)(=O)C(F)(F)F)C(F)(F)F,433.6,,SurfaceTension,0.021399999,0.020023229,0.0013767704,test,Random IL,IL,E,Surface tension multi-split parity plot,True
847,1-dodecyl-3-methyl-1H-imidazolium bis(trifluoromethylsulfonyl)amide,CCCCCCCCCCCC[n+]1ccn(C)c1.O=S(=O)([N-]S(=O)(=O)C(F)(F)F)C(F)(F)F,453.8,,SurfaceTension,0.020399997,0.01886248,0.0015375167,test,Random IL,IL,E,Surface tension multi-split parity plot,True
848,1-dodecyl-3-methyl-1H-imidazolium bis(trifluoromethylsulfonyl)amide,CCCCCCCCCCCC[n+]1ccn(C)c1.O=S(=O)([N-]S(=O)(=O)C(F)(F)F)C(F)(F)F,473.7,,SurfaceTension,0.019500002,0.017889217,0.0016107857,test,Random IL,IL,E,Surface tension multi-split parity plot,True
849,1-dodecyl-3-methyl-1H-imidazolium bis(trifluoromethylsulfonyl)amide,CCCCCCCCCCCC[n+]1ccn(C)c1.O=S(=O)([N-]S(=O)(=O)C(F)(F)F)C(F)(F)F,493.3,,SurfaceTension,0.0188,0.017127128,0.0016728714,test,Random IL,IL,E,Surface tension multi-split parity plot,True
850,1-dodecyl-3-methyl-1H-imidazolium bis(trifluoromethylsulfonyl)amide,CCCCCCCCCCCC[n+]1ccn(C)c1.O=S(=O)([N-]S(=O)(=O)C(F)(F)F)C(F)(F)F,512.9,,SurfaceTension,0.0178,0.016559515,0.0012404844,test,Random IL,IL,E,Surface tension multi-split parity plot,True
851,1-dodecyl-3-methyl-1H-imidazolium bis(trifluoromethylsulfonyl)amide,CCCCCCCCCCCC[n+]1ccn(C)c1.O=S(=O)([N-]S(=O)(=O)C(F)(F)F)C(F)(F)F,532.6,,SurfaceTension,0.016900001,0.016165936,0.0007340647,test,Random IL,IL,E,Surface tension multi-split parity plot,True
185,1-ethyl-3-(2-methoxyethyl)imidazolium acetate,CC(=O)[O-].CC[n+]1ccn(CCOC)c1,298.15,,SurfaceTension,0.045999996,0.041121658,0.0048783384,test,Random IL,IL,E,Surface tension multi-split parity plot,True
187,1-ethyl-3-(2-methoxyethyl)imidazolium acetate,CC(=O)[O-].CC[n+]1ccn(CCOC)c1,303.15,,SurfaceTension,0.04569999,0.040931575,0.0047684163,test,Random IL,IL,E,Surface tension multi-split parity plot,True
189,1-ethyl-3-(2-methoxyethyl)imidazolium acetate,CC(=O)[O-].CC[n+]1ccn(CCOC)c1,308.15,,SurfaceTension,0.045399994,0.040722452,0.0046775416,test,Random IL,IL,E,Surface tension multi-split parity plot,True
191,1-ethyl-3-(2-methoxyethyl)imidazolium acetate,CC(=O)[O-].CC[n+]1ccn(CCOC)c1,313.15,,SurfaceTension,0.045099992,0.0404805,0.004619494,test,Random IL,IL,E,Surface tension multi-split parity plot,True
193,1-ethyl-3-(2-methoxyethyl)imidazolium acetate,CC(=O)[O-].CC[n+]1ccn(CCOC)c1,318.15,,SurfaceTension,0.0448,0.04018866,0.0046113394,test,Random IL,IL,E,Surface tension multi-split parity plot,True
195,1-ethyl-3-(2-methoxyethyl)imidazolium acetate,CC(=O)[O-].CC[n+]1ccn(CCOC)c1,323.15,,SurfaceTension,0.044499997,0.03982965,0.004670348,test,Random IL,IL,E,Surface tension multi-split parity plot,True
197,1-ethyl-3-(2-methoxyethyl)imidazolium acetate,CC(=O)[O-].CC[n+]1ccn(CCOC)c1,328.15,,SurfaceTension,0.0443,0.03939108,0.0049089193,test,Random IL,IL,E,Surface tension multi-split parity plot,True
199,1-ethyl-3-(2-methoxyethyl)imidazolium acetate,CC(=O)[O-].CC[n+]1ccn(CCOC)c1,333.15,,SurfaceTension,0.0441,0.03886984,0.0052301623,test,Random IL,IL,E,Surface tension multi-split parity plot,True
201,1-ethyl-3-(2-methoxyethyl)imidazolium acetate,CC(=O)[O-].CC[n+]1ccn(CCOC)c1,338.15,,SurfaceTension,0.0439,0.038273294,0.0056267083,test,Random IL,IL,E,Surface tension multi-split parity plot,True
3733,1-ethyl-3-(2-methoxyethyl)imidazolium thiocyanate,CC[n+]1ccn(CCOC)c1.N#C[S-],288.15,,SurfaceTension,0.051399995,0.043036196,0.008363798,test,Random IL,IL,E,Surface tension multi-split parity plot,True
3735,1-ethyl-3-(2-methoxyethyl)imidazolium thiocyanate,CC[n+]1ccn(CCOC)c1.N#C[S-],293.15,,SurfaceTension,0.051100004,0.042918596,0.008181408,test,Random IL,IL,E,Surface tension multi-split parity plot,True
3737,1-ethyl-3-(2-methoxyethyl)imidazolium thiocyanate,CC[n+]1ccn(CCOC)c1.N#C[S-],298.15,,SurfaceTension,0.049899995,0.042795673,0.0071043223,test,Random IL,IL,E,Surface tension multi-split parity plot,True
3739,1-ethyl-3-(2-methoxyethyl)imidazolium thiocyanate,CC[n+]1ccn(CCOC)c1.N#C[S-],303.15,,SurfaceTension,0.0496,0.042653043,0.0069469586,test,Random IL,IL,E,Surface tension multi-split parity plot,True
3741,1-ethyl-3-(2-methoxyethyl)imidazolium thiocyanate,CC[n+]1ccn(CCOC)c1.N#C[S-],308.15,,SurfaceTension,0.049350005,0.04247301,0.006876994,test,Random IL,IL,E,Surface tension multi-split parity plot,True
3743,1-ethyl-3-(2-methoxyethyl)imidazolium thiocyanate,CC[n+]1ccn(CCOC)c1.N#C[S-],313.15,,SurfaceTension,0.049,0.04223556,0.006764438,test,Random IL,IL,E,Surface tension multi-split parity plot,True
3745,1-ethyl-3-(2-methoxyethyl)imidazolium thiocyanate,CC[n+]1ccn(CCOC)c1.N#C[S-],318.15,,SurfaceTension,0.048699994,0.041921526,0.0067784674,test,Random IL,IL,E,Surface tension multi-split parity plot,True
3747,1-ethyl-3-(2-methoxyethyl)imidazolium thiocyanate,CC[n+]1ccn(CCOC)c1.N#C[S-],323.15,,SurfaceTension,0.047499996,0.041517526,0.00598247,test,Random IL,IL,E,Surface tension multi-split parity plot,True
3749,1-ethyl-3-(2-methoxyethyl)imidazolium thiocyanate,CC[n+]1ccn(CCOC)c1.N#C[S-],328.15,,SurfaceTension,0.0473,0.0410198,0.0062801987,test,Random IL,IL,E,Surface tension multi-split parity plot,True
3751,1-ethyl-3-(2-methoxyethyl)imidazolium thiocyanate,CC[n+]1ccn(CCOC)c1.N#C[S-],333.15,,SurfaceTension,0.047100004,0.04043504,0.0066649653,test,Random IL,IL,E,Surface tension multi-split parity plot,True
3753,1-ethyl-3-(2-methoxyethyl)imidazolium thiocyanate,CC[n+]1ccn(CCOC)c1.N#C[S-],338.15,,SurfaceTension,0.0467,0.039777838,0.006922163,test,Random IL,IL,E,Surface tension multi-split parity plot,True
4039,1-ethyl-3-methylimidazolium methylphosphonate,CP([O-])([O-])=O.C(C)N1C=[N+](C=C1)C.C(C)N1C=[N+](C=C1)C,293.15,,SurfaceTension,0.045499995,0.04837293,0.0028729364,test,Random IL,IL,E,Surface tension multi-split parity plot,True
4042,1-ethyl-3-methylimidazolium methylphosphonate,CP([O-])([O-])=O.C(C)N1C=[N+](C=C1)C.C(C)N1C=[N+](C=C1)C,298.2,,SurfaceTension,0.049,0.048066717,0.0009332821,test,Random IL,IL,E,Surface tension multi-split parity plot,True
4045,1-ethyl-3-methylimidazolium methylphosphonate,CP([O-])([O-])=O.C(C)N1C=[N+](C=C1)C.C(C)N1C=[N+](C=C1)C,308.4,,SurfaceTension,0.0483,0.047392517,0.00090748444,test,Random IL,IL,E,Surface tension multi-split parity plot,True
4047,1-ethyl-3-methylimidazolium methylphosphonate,CP([O-])([O-])=O.C(C)N1C=[N+](C=C1)C.C(C)N1C=[N+](C=C1)C,318.0,,SurfaceTension,0.0479,0.04666879,0.0012312084,test,Random IL,IL,E,Surface tension multi-split parity plot,True
4051,1-ethyl-3-methylimidazolium methylphosphonate,CP([O-])([O-])=O.C(C)N1C=[N+](C=C1)C.C(C)N1C=[N+](C=C1)C,328.6,,SurfaceTension,0.047199998,0.045757893,0.0014421046,test,Random IL,IL,E,Surface tension multi-split parity plot,True
4054,1-ethyl-3-methylimidazolium methylphosphonate,CP([O-])([O-])=O.C(C)N1C=[N+](C=C1)C.C(C)N1C=[N+](C=C1)C,338.5,,SurfaceTension,0.0467,0.044804063,0.0018959381,test,Random IL,IL,E,Surface tension multi-split parity plot,True
4056,1-ethyl-3-methylimidazolium methylphosphonate,CP([O-])([O-])=O.C(C)N1C=[N+](C=C1)C.C(C)N1C=[N+](C=C1)C,343.1,,SurfaceTension,0.046299998,0.0443306,0.001969397,test,Random IL,IL,E,Surface tension multi-split parity plot,True
3209,1-ethyl-3-methylimidazolium thiocyanate,CC[n+]1ccn(C)c1.N#C[S-],293.15,,SurfaceTension,0.053699996,0.059267916,0.0055679195,test,Random IL,IL,E,Surface tension multi-split parity plot,True
3213,1-ethyl-3-methylimidazolium thiocyanate,CC[n+]1ccn(C)c1.N#C[S-],296.6,,SurfaceTension,0.049,0.059171256,0.010171257,test,Random IL,IL,E,Surface tension multi-split parity plot,True
3219,1-ethyl-3-methylimidazolium thiocyanate,CC[n+]1ccn(C)c1.N#C[S-],298.15,,SurfaceTension,0.053500004,0.059135,0.005634997,test,Random IL,IL,E,Surface tension multi-split parity plot,True
3221,1-ethyl-3-methylimidazolium thiocyanate,CC[n+]1ccn(C)c1.N#C[S-],298.2,,SurfaceTension,0.053299997,0.059133902,0.005833905,test,Random IL,IL,E,Surface tension multi-split parity plot,True
3230,1-ethyl-3-methylimidazolium thiocyanate,CC[n+]1ccn(C)c1.N#C[S-],303.15,,SurfaceTension,0.053249996,0.059039645,0.0057896487,test,Random IL,IL,E,Surface tension multi-split parity plot,True
3238,1-ethyl-3-methylimidazolium thiocyanate,CC[n+]1ccn(C)c1.N#C[S-],308.15,,SurfaceTension,0.052399993,0.05896299,0.0065629967,test,Random IL,IL,E,Surface tension multi-split parity plot,True
3241,1-ethyl-3-methylimidazolium thiocyanate,CC[n+]1ccn(C)c1.N#C[S-],308.2,,SurfaceTension,0.052299995,0.058962256,0.0066622607,test,Random IL,IL,E,Surface tension multi-split parity plot,True
3250,1-ethyl-3-methylimidazolium thiocyanate,CC[n+]1ccn(C)c1.N#C[S-],313.15,,SurfaceTension,0.052449994,0.058890004,0.00644001,test,Random IL,IL,E,Surface tension multi-split parity plot,True
3258,1-ethyl-3-methylimidazolium thiocyanate,CC[n+]1ccn(C)c1.N#C[S-],318.15,,SurfaceTension,0.0515,0.058810856,0.007310856,test,Random IL,IL,E,Surface tension multi-split parity plot,True
3261,1-ethyl-3-methylimidazolium thiocyanate,CC[n+]1ccn(C)c1.N#C[S-],318.2,,SurfaceTension,0.051800005,0.058810014,0.007010009,test,Random IL,IL,E,Surface tension multi-split parity plot,True
3270,1-ethyl-3-methylimidazolium thiocyanate,CC[n+]1ccn(C)c1.N#C[S-],323.15,,SurfaceTension,0.051599998,0.058720347,0.0071203485,test,Random IL,IL,E,Surface tension multi-split parity plot,True
3278,1-ethyl-3-methylimidazolium thiocyanate,CC[n+]1ccn(C)c1.N#C[S-],328.15,,SurfaceTension,0.050699998,0.058616016,0.007916018,test,Random IL,IL,E,Surface tension multi-split parity plot,True
3280,1-ethyl-3-methylimidazolium thiocyanate,CC[n+]1ccn(C)c1.N#C[S-],328.2,,SurfaceTension,0.050499998,0.05861489,0.008114893,test,Random IL,IL,E,Surface tension multi-split parity plot,True
3287,1-ethyl-3-methylimidazolium thiocyanate,CC[n+]1ccn(C)c1.N#C[S-],333.15,,SurfaceTension,0.0502,0.058496114,0.008296113,test,Random IL,IL,E,Surface tension multi-split parity plot,True
3296,1-ethyl-3-methylimidazolium thiocyanate,CC[n+]1ccn(C)c1.N#C[S-],338.15,,SurfaceTension,0.049799994,0.05835796,0.008557968,test,Random IL,IL,E,Surface tension multi-split parity plot,True
3298,1-ethyl-3-methylimidazolium thiocyanate,CC[n+]1ccn(C)c1.N#C[S-],338.3,,SurfaceTension,0.049799994,0.058353476,0.008553483,test,Random IL,IL,E,Surface tension multi-split parity plot,True
3304,1-ethyl-3-methylimidazolium thiocyanate,CC[n+]1ccn(C)c1.N#C[S-],343.15,,SurfaceTension,0.049399998,0.058196593,0.008796595,test,Random IL,IL,E,Surface tension multi-split parity plot,True
3306,1-ethyl-3-methylimidazolium thiocyanate,CC[n+]1ccn(C)c1.N#C[S-],343.2,,SurfaceTension,0.049399998,0.058194827,0.008794829,test,Random IL,IL,E,Surface tension multi-split parity plot,True
3388,1-ethyl-3-methylimidazolium trifluoromethanesulfonate,CC[n+]1ccn(C)c1.O=S(=O)([O-])C(F)(F)F,268.29,,SurfaceTension,0.041389998,0.043690354,0.0023003556,test,Random IL,IL,E,Surface tension multi-split parity plot,True
3389,1-ethyl-3-methylimidazolium trifluoromethanesulfonate,CC[n+]1ccn(C)c1.O=S(=O)([O-])C(F)(F)F,268.36,,SurfaceTension,0.041400008,0.043687668,0.0022876598,test,Random IL,IL,E,Surface tension multi-split parity plot,True
3392,1-ethyl-3-methylimidazolium trifluoromethanesulfonate,CC[n+]1ccn(C)c1.O=S(=O)([O-])C(F)(F)F,272.08,,SurfaceTension,0.041279998,0.043549754,0.002269756,test,Random IL,IL,E,Surface tension multi-split parity plot,True
3393,1-ethyl-3-methylimidazolium trifluoromethanesulfonate,CC[n+]1ccn(C)c1.O=S(=O)([O-])C(F)(F)F,272.13,,SurfaceTension,0.0413,0.04354796,0.002247963,test,Random IL,IL,E,Surface tension multi-split parity plot,True
3400,1-ethyl-3-methylimidazolium trifluoromethanesulfonate,CC[n+]1ccn(C)c1.O=S(=O)([O-])C(F)(F)F,276.54,,SurfaceTension,0.0411,0.04339475,0.0022947527,test,Random IL,IL,E,Surface tension multi-split parity plot,True
3401,1-ethyl-3-methylimidazolium trifluoromethanesulfonate,CC[n+]1ccn(C)c1.O=S(=O)([O-])C(F)(F)F,276.65,,SurfaceTension,0.041160006,0.043391034,0.002231028,test,Random IL,IL,E,Surface tension multi-split parity plot,True
3408,1-ethyl-3-methylimidazolium trifluoromethanesulfonate,CC[n+]1ccn(C)c1.O=S(=O)([O-])C(F)(F)F,281.0,,SurfaceTension,0.040960006,0.04324753,0.002287522,test,Random IL,IL,E,Surface tension multi-split parity plot,True
3407,1-ethyl-3-methylimidazolium trifluoromethanesulfonate,CC[n+]1ccn(C)c1.O=S(=O)([O-])C(F)(F)F,281.05,,SurfaceTension,0.0411,0.043245897,0.0021458976,test,Random IL,IL,E,Surface tension multi-split parity plot,True
3415,1-ethyl-3-methylimidazolium trifluoromethanesulfonate,CC[n+]1ccn(C)c1.O=S(=O)([O-])C(F)(F)F,287.58,,SurfaceTension,0.04079,0.043036,0.0022459999,test,Random IL,IL,E,Surface tension multi-split parity plot,True
3416,1-ethyl-3-methylimidazolium trifluoromethanesulfonate,CC[n+]1ccn(C)c1.O=S(=O)([O-])C(F)(F)F,287.63,,SurfaceTension,0.04069,0.04303438,0.0023443773,test,Random IL,IL,E,Surface tension multi-split parity plot,True
3426,1-ethyl-3-methylimidazolium trifluoromethanesulfonate,CC[n+]1ccn(C)c1.O=S(=O)([O-])C(F)(F)F,293.0,,SurfaceTension,0.040740002,0.04285781,0.002117809,test,Random IL,IL,E,Surface tension multi-split parity plot,True
3424,1-ethyl-3-methylimidazolium trifluoromethanesulfonate,CC[n+]1ccn(C)c1.O=S(=O)([O-])C(F)(F)F,293.01,,SurfaceTension,0.04052,0.042857476,0.0023374744,test,Random IL,IL,E,Surface tension multi-split parity plot,True
3438,1-ethyl-3-methylimidazolium trifluoromethanesulfonate,CC[n+]1ccn(C)c1.O=S(=O)([O-])C(F)(F)F,296.28,,SurfaceTension,0.044499997,0.042744145,0.0017558523,test,Random IL,IL,E,Surface tension multi-split parity plot,True
3440,1-ethyl-3-methylimidazolium trifluoromethanesulfonate,CC[n+]1ccn(C)c1.O=S(=O)([O-])C(F)(F)F,296.6,,SurfaceTension,0.0392,0.042732723,0.0035327226,test,Random IL,IL,E,Surface tension multi-split parity plot,True
3443,1-ethyl-3-methylimidazolium trifluoromethanesulfonate,CC[n+]1ccn(C)c1.O=S(=O)([O-])C(F)(F)F,298.01,,SurfaceTension,0.040429994,0.042681497,0.0022515021,test,Random IL,IL,E,Surface tension multi-split parity plot,True
3444,1-ethyl-3-methylimidazolium trifluoromethanesulfonate,CC[n+]1ccn(C)c1.O=S(=O)([O-])C(F)(F)F,298.04,,SurfaceTension,0.040390003,0.04268039,0.0022903867,test,Random IL,IL,E,Surface tension multi-split parity plot,True
3453,1-ethyl-3-methylimidazolium trifluoromethanesulfonate,CC[n+]1ccn(C)c1.O=S(=O)([O-])C(F)(F)F,298.2,,SurfaceTension,0.0413,0.04267449,0.0013744906,test,Random IL,IL,E,Surface tension multi-split parity plot,True
3461,1-ethyl-3-methylimidazolium trifluoromethanesulfonate,CC[n+]1ccn(C)c1.O=S(=O)([O-])C(F)(F)F,300.79,,SurfaceTension,0.044399995,0.042575877,0.0018241182,test,Random IL,IL,E,Surface tension multi-split parity plot,True
3471,1-ethyl-3-methylimidazolium trifluoromethanesulfonate,CC[n+]1ccn(C)c1.O=S(=O)([O-])C(F)(F)F,303.18,,SurfaceTension,0.040180005,0.04247928,0.0022992752,test,Random IL,IL,E,Surface tension multi-split parity plot,True
3475,1-ethyl-3-methylimidazolium trifluoromethanesulfonate,CC[n+]1ccn(C)c1.O=S(=O)([O-])C(F)(F)F,303.2,,SurfaceTension,0.04024,0.04247844,0.0022384375,test,Random IL,IL,E,Surface tension multi-split parity plot,True
3478,1-ethyl-3-methylimidazolium trifluoromethanesulfonate,CC[n+]1ccn(C)c1.O=S(=O)([O-])C(F)(F)F,304.95,,SurfaceTension,0.044200003,0.04240374,0.0017962642,test,Random IL,IL,E,Surface tension multi-split parity plot,True
3493,1-ethyl-3-methylimidazolium trifluoromethanesulfonate,CC[n+]1ccn(C)c1.O=S(=O)([O-])C(F)(F)F,308.1,,SurfaceTension,0.041000005,0.04225979,0.0012597851,test,Random IL,IL,E,Surface tension multi-split parity plot,True
3487,1-ethyl-3-methylimidazolium trifluoromethanesulfonate,CC[n+]1ccn(C)c1.O=S(=O)([O-])C(F)(F)F,308.14,,SurfaceTension,0.0441,0.042257875,0.0018421263,test,Random IL,IL,E,Surface tension multi-split parity plot,True
3496,1-ethyl-3-methylimidazolium trifluoromethanesulfonate,CC[n+]1ccn(C)c1.O=S(=O)([O-])C(F)(F)F,308.2,,SurfaceTension,0.040069997,0.042255003,0.0021850057,test,Random IL,IL,E,Surface tension multi-split parity plot,True
3497,1-ethyl-3-methylimidazolium trifluoromethanesulfonate,CC[n+]1ccn(C)c1.O=S(=O)([O-])C(F)(F)F,308.31,,SurfaceTension,0.04001,0.042249728,0.0022397265,test,Random IL,IL,E,Surface tension multi-split parity plot,True
3499,1-ethyl-3-methylimidazolium trifluoromethanesulfonate,CC[n+]1ccn(C)c1.O=S(=O)([O-])C(F)(F)F,312.41,,SurfaceTension,0.0439,0.042040512,0.0018594898,test,Random IL,IL,E,Surface tension multi-split parity plot,True
3510,1-ethyl-3-methylimidazolium trifluoromethanesulfonate,CC[n+]1ccn(C)c1.O=S(=O)([O-])C(F)(F)F,313.27,,SurfaceTension,0.039929997,0.041993402,0.0020634048,test,Random IL,IL,E,Surface tension multi-split parity plot,True
3512,1-ethyl-3-methylimidazolium trifluoromethanesulfonate,CC[n+]1ccn(C)c1.O=S(=O)([O-])C(F)(F)F,313.31,,SurfaceTension,0.039750002,0.04199119,0.0022411868,test,Random IL,IL,E,Surface tension multi-split parity plot,True
3518,1-ethyl-3-methylimidazolium trifluoromethanesulfonate,CC[n+]1ccn(C)c1.O=S(=O)([O-])C(F)(F)F,317.15,,SurfaceTension,0.043800004,0.041766163,0.0020338409,test,Random IL,IL,E,Surface tension multi-split parity plot,True
3526,1-ethyl-3-methylimidazolium trifluoromethanesulfonate,CC[n+]1ccn(C)c1.O=S(=O)([O-])C(F)(F)F,318.1,,SurfaceTension,0.040479995,0.04170677,0.0012267753,test,Random IL,IL,E,Surface tension multi-split parity plot,True
3528,1-ethyl-3-methylimidazolium trifluoromethanesulfonate,CC[n+]1ccn(C)c1.O=S(=O)([O-])C(F)(F)F,318.36,,SurfaceTension,0.03968,0.041690245,0.0020102449,test,Random IL,IL,E,Surface tension multi-split parity plot,True
3530,1-ethyl-3-methylimidazolium trifluoromethanesulfonate,CC[n+]1ccn(C)c1.O=S(=O)([O-])C(F)(F)F,318.39,,SurfaceTension,0.039830003,0.041688338,0.001858335,test,Random IL,IL,E,Surface tension multi-split parity plot,True
3534,1-ethyl-3-methylimidazolium trifluoromethanesulfonate,CC[n+]1ccn(C)c1.O=S(=O)([O-])C(F)(F)F,321.93,,SurfaceTension,0.043600004,0.041452046,0.0021479577,test,Random IL,IL,E,Surface tension multi-split parity plot,True
3547,1-ethyl-3-methylimidazolium trifluoromethanesulfonate,CC[n+]1ccn(C)c1.O=S(=O)([O-])C(F)(F)F,323.33,,SurfaceTension,0.039499998,0.04135282,0.0018528216,test,Random IL,IL,E,Surface tension multi-split parity plot,True
3548,1-ethyl-3-methylimidazolium trifluoromethanesulfonate,CC[n+]1ccn(C)c1.O=S(=O)([O-])C(F)(F)F,323.38,,SurfaceTension,0.03937999,0.04134922,0.0019692294,test,Random IL,IL,E,Surface tension multi-split parity plot,True
3561,1-ethyl-3-methylimidazolium trifluoromethanesulfonate,CC[n+]1ccn(C)c1.O=S(=O)([O-])C(F)(F)F,328.2,,SurfaceTension,0.03944,0.040982638,0.001542639,test,Random IL,IL,E,Surface tension multi-split parity plot,True
3563,1-ethyl-3-methylimidazolium trifluoromethanesulfonate,CC[n+]1ccn(C)c1.O=S(=O)([O-])C(F)(F)F,328.4,,SurfaceTension,0.0399,0.04096662,0.0010666177,test,Random IL,IL,E,Surface tension multi-split parity plot,True
3564,1-ethyl-3-methylimidazolium trifluoromethanesulfonate,CC[n+]1ccn(C)c1.O=S(=O)([O-])C(F)(F)F,328.68,,SurfaceTension,0.043399997,0.04094409,0.0024559088,test,Random IL,IL,E,Surface tension multi-split parity plot,True
3568,1-ethyl-3-methylimidazolium trifluoromethanesulfonate,CC[n+]1ccn(C)c1.O=S(=O)([O-])C(F)(F)F,333.07,,SurfaceTension,0.039160002,0.04057518,0.0014151782,test,Random IL,IL,E,Surface tension multi-split parity plot,True
3570,1-ethyl-3-methylimidazolium trifluoromethanesulfonate,CC[n+]1ccn(C)c1.O=S(=O)([O-])C(F)(F)F,333.12,,SurfaceTension,0.03924,0.04057081,0.0013308115,test,Random IL,IL,E,Surface tension multi-split parity plot,True
3578,1-ethyl-3-methylimidazolium trifluoromethanesulfonate,CC[n+]1ccn(C)c1.O=S(=O)([O-])C(F)(F)F,333.64,,SurfaceTension,0.043199997,0.040525187,0.0026748106,test,Random IL,IL,E,Surface tension multi-split parity plot,True
3582,1-ethyl-3-methylimidazolium trifluoromethanesulfonate,CC[n+]1ccn(C)c1.O=S(=O)([O-])C(F)(F)F,337.82,,SurfaceTension,0.042999998,0.040145017,0.0028549805,test,Random IL,IL,E,Surface tension multi-split parity plot,True
3589,1-ethyl-3-methylimidazolium trifluoromethanesulfonate,CC[n+]1ccn(C)c1.O=S(=O)([O-])C(F)(F)F,338.1,,SurfaceTension,0.039029997,0.040118735,0.0010887384,test,Random IL,IL,E,Surface tension multi-split parity plot,True
3586,1-ethyl-3-methylimidazolium trifluoromethanesulfonate,CC[n+]1ccn(C)c1.O=S(=O)([O-])C(F)(F)F,338.15,,SurfaceTension,0.03902,0.040114027,0.0010940284,test,Random IL,IL,E,Surface tension multi-split parity plot,True
3591,1-ethyl-3-methylimidazolium trifluoromethanesulfonate,CC[n+]1ccn(C)c1.O=S(=O)([O-])C(F)(F)F,338.3,,SurfaceTension,0.039499998,0.040099904,0.00059990585,test,Random IL,IL,E,Surface tension multi-split parity plot,True
3598,1-ethyl-3-methylimidazolium trifluoromethanesulfonate,CC[n+]1ccn(C)c1.O=S(=O)([O-])C(F)(F)F,343.14,,SurfaceTension,0.038850002,0.03962993,0.0007799268,test,Random IL,IL,E,Surface tension multi-split parity plot,True
3604,1-ethyl-3-methylimidazolium trifluoromethanesulfonate,CC[n+]1ccn(C)c1.O=S(=O)([O-])C(F)(F)F,343.21,,SurfaceTension,0.038850002,0.039622944,0.00077294186,test,Random IL,IL,E,Surface tension multi-split parity plot,True
3606,1-ethyl-3-methylimidazolium trifluoromethanesulfonate,CC[n+]1ccn(C)c1.O=S(=O)([O-])C(F)(F)F,343.49,,SurfaceTension,0.042799998,0.039594967,0.0032050312,test,Random IL,IL,E,Surface tension multi-split parity plot,True
3607,1-ethyl-3-methylimidazolium trifluoromethanesulfonate,CC[n+]1ccn(C)c1.O=S(=O)([O-])C(F)(F)F,344.9,,SurfaceTension,0.0393,0.039452855,0.00015285611,test,Random IL,IL,E,Surface tension multi-split parity plot,True
3612,1-ethyl-3-methylimidazolium trifluoromethanesulfonate,CC[n+]1ccn(C)c1.O=S(=O)([O-])C(F)(F)F,347.91,,SurfaceTension,0.042600006,0.040009104,0.0025909021,test,Random IL,IL,E,Surface tension multi-split parity plot,True
3619,1-ethyl-3-methylimidazolium trifluoromethanesulfonate,CC[n+]1ccn(C)c1.O=S(=O)([O-])C(F)(F)F,348.38,,SurfaceTension,0.038650002,0.03995351,0.0013035089,test,Random IL,IL,E,Surface tension multi-split parity plot,True
3620,1-ethyl-3-methylimidazolium trifluoromethanesulfonate,CC[n+]1ccn(C)c1.O=S(=O)([O-])C(F)(F)F,348.53,,SurfaceTension,0.038620003,0.03993573,0.0013157278,test,Random IL,IL,E,Surface tension multi-split parity plot,True
3632,1-ethyl-3-methylimidazolium trifluoromethanesulfonate,CC[n+]1ccn(C)c1.O=S(=O)([O-])C(F)(F)F,353.56,,SurfaceTension,0.042500008,0.03933124,0.0031687692,test,Random IL,IL,E,Surface tension multi-split parity plot,True
3636,1-ethyl-3-methylimidazolium trifluoromethanesulfonate,CC[n+]1ccn(C)c1.O=S(=O)([O-])C(F)(F)F,356.09,,SurfaceTension,0.038369995,0.039022293,0.00065229833,test,Random IL,IL,E,Surface tension multi-split parity plot,True
3637,1-ethyl-3-methylimidazolium trifluoromethanesulfonate,CC[n+]1ccn(C)c1.O=S(=O)([O-])C(F)(F)F,356.28,,SurfaceTension,0.038310003,0.038998995,0.00068899244,test,Random IL,IL,E,Surface tension multi-split parity plot,True
3763,1-ethyl-3-methylimidazolium tris(pentafluoroethyl)trifluorophosphate,CCn1cc[n+](C)c1.FC(F)(F)C(F)(F)[P-](F)(F)(F)(C(F)(F)C(F)(F)F)C(F)(F)C(F)(F)F,272.61,,SurfaceTension,0.036490005,0.03492855,0.0015614554,test,Random IL,IL,E,Surface tension multi-split parity plot,True
3764,1-ethyl-3-methylimidazolium tris(pentafluoroethyl)trifluorophosphate,CCn1cc[n+](C)c1.FC(F)(F)C(F)(F)[P-](F)(F)(F)(C(F)(F)C(F)(F)F)C(F)(F)C(F)(F)F,272.63,,SurfaceTension,0.036380004,0.034927376,0.0014526285,test,Random IL,IL,E,Surface tension multi-split parity plot,True
3770,1-ethyl-3-methylimidazolium tris(pentafluoroethyl)trifluorophosphate,CCn1cc[n+](C)c1.FC(F)(F)C(F)(F)[P-](F)(F)(F)(C(F)(F)C(F)(F)F)C(F)(F)C(F)(F)F,279.65,,SurfaceTension,0.03602,0.03451362,0.0015063807,test,Random IL,IL,E,Surface tension multi-split parity plot,True
3772,1-ethyl-3-methylimidazolium tris(pentafluoroethyl)trifluorophosphate,CCn1cc[n+](C)c1.FC(F)(F)C(F)(F)[P-](F)(F)(F)(C(F)(F)C(F)(F)F)C(F)(F)C(F)(F)F,279.7,,SurfaceTension,0.0361,0.03451064,0.0015893616,test,Random IL,IL,E,Surface tension multi-split parity plot,True
3775,1-ethyl-3-methylimidazolium tris(pentafluoroethyl)trifluorophosphate,CCn1cc[n+](C)c1.FC(F)(F)C(F)(F)[P-](F)(F)(F)(C(F)(F)C(F)(F)F)C(F)(F)C(F)(F)F,283.15,,SurfaceTension,0.0353,0.034324165,0.00097583607,test,Random IL,IL,E,Surface tension multi-split parity plot,True
3776,1-ethyl-3-methylimidazolium tris(pentafluoroethyl)trifluorophosphate,CCn1cc[n+](C)c1.FC(F)(F)C(F)(F)[P-](F)(F)(F)(C(F)(F)C(F)(F)F)C(F)(F)C(F)(F)F,283.21,,SurfaceTension,0.035899997,0.03432059,0.0015794076,test,Random IL,IL,E,Surface tension multi-split parity plot,True
3777,1-ethyl-3-methylimidazolium tris(pentafluoroethyl)trifluorophosphate,CCn1cc[n+](C)c1.FC(F)(F)C(F)(F)[P-](F)(F)(F)(C(F)(F)C(F)(F)F)C(F)(F)C(F)(F)F,283.24,,SurfaceTension,0.035850003,0.034318797,0.0015312061,test,Random IL,IL,E,Surface tension multi-split parity plot,True
3781,1-ethyl-3-methylimidazolium tris(pentafluoroethyl)trifluorophosphate,CCn1cc[n+](C)c1.FC(F)(F)C(F)(F)[P-](F)(F)(F)(C(F)(F)C(F)(F)F)C(F)(F)C(F)(F)F,288.15,,SurfaceTension,0.0351,0.034023143,0.0010768585,test,Random IL,IL,E,Surface tension multi-split parity plot,True
3783,1-ethyl-3-methylimidazolium tris(pentafluoroethyl)trifluorophosphate,CCn1cc[n+](C)c1.FC(F)(F)C(F)(F)[P-](F)(F)(F)(C(F)(F)C(F)(F)F)C(F)(F)C(F)(F)F,288.24,,SurfaceTension,0.035529997,0.03401767,0.0015123263,test,Random IL,IL,E,Surface tension multi-split parity plot,True
3784,1-ethyl-3-methylimidazolium tris(pentafluoroethyl)trifluorophosphate,CCn1cc[n+](C)c1.FC(F)(F)C(F)(F)[P-](F)(F)(F)(C(F)(F)C(F)(F)F)C(F)(F)C(F)(F)F,288.3,,SurfaceTension,0.035610005,0.034014028,0.0015959777,test,Random IL,IL,E,Surface tension multi-split parity plot,True
3786,1-ethyl-3-methylimidazolium tris(pentafluoroethyl)trifluorophosphate,CCn1cc[n+](C)c1.FC(F)(F)C(F)(F)[P-](F)(F)(F)(C(F)(F)C(F)(F)F)C(F)(F)C(F)(F)F,293.11,,SurfaceTension,0.0353,0.033719327,0.0015806742,test,Random IL,IL,E,Surface tension multi-split parity plot,True
3790,1-ethyl-3-methylimidazolium tris(pentafluoroethyl)trifluorophosphate,CCn1cc[n+](C)c1.FC(F)(F)C(F)(F)[P-](F)(F)(F)(C(F)(F)C(F)(F)F)C(F)(F)C(F)(F)F,293.15,,SurfaceTension,0.0349,0.03371685,0.0011831485,test,Random IL,IL,E,Surface tension multi-split parity plot,True
3791,1-ethyl-3-methylimidazolium tris(pentafluoroethyl)trifluorophosphate,CCn1cc[n+](C)c1.FC(F)(F)C(F)(F)[P-](F)(F)(F)(C(F)(F)C(F)(F)F)C(F)(F)C(F)(F)F,293.17,,SurfaceTension,0.03537,0.03371562,0.0016543791,test,Random IL,IL,E,Surface tension multi-split parity plot,True
3796,1-ethyl-3-methylimidazolium tris(pentafluoroethyl)trifluorophosphate,CCn1cc[n+](C)c1.FC(F)(F)C(F)(F)[P-](F)(F)(F)(C(F)(F)C(F)(F)F)C(F)(F)C(F)(F)F,298.15,,SurfaceTension,0.034799997,0.033406593,0.0013934039,test,Random IL,IL,E,Surface tension multi-split parity plot,True
3798,1-ethyl-3-methylimidazolium tris(pentafluoroethyl)trifluorophosphate,CCn1cc[n+](C)c1.FC(F)(F)C(F)(F)[P-](F)(F)(F)(C(F)(F)C(F)(F)F)C(F)(F)C(F)(F)F,298.17,,SurfaceTension,0.035069995,0.033405352,0.0016646422,test,Random IL,IL,E,Surface tension multi-split parity plot,True
3799,1-ethyl-3-methylimidazolium tris(pentafluoroethyl)trifluorophosphate,CCn1cc[n+](C)c1.FC(F)(F)C(F)(F)[P-](F)(F)(F)(C(F)(F)C(F)(F)F)C(F)(F)C(F)(F)F,298.3,,SurfaceTension,0.035110004,0.033397242,0.0017127618,test,Random IL,IL,E,Surface tension multi-split parity plot,True
3800,1-ethyl-3-methylimidazolium tris(pentafluoroethyl)trifluorophosphate,CCn1cc[n+](C)c1.FC(F)(F)C(F)(F)[P-](F)(F)(F)(C(F)(F)C(F)(F)F)C(F)(F)C(F)(F)F,303.04,,SurfaceTension,0.03482,0.033101138,0.0017188638,test,Random IL,IL,E,Surface tension multi-split parity plot,True
3805,1-ethyl-3-methylimidazolium tris(pentafluoroethyl)trifluorophosphate,CCn1cc[n+](C)c1.FC(F)(F)C(F)(F)[P-](F)(F)(F)(C(F)(F)C(F)(F)F)C(F)(F)C(F)(F)F,303.15,,SurfaceTension,0.034599997,0.033094253,0.0015057437,test,Random IL,IL,E,Surface tension multi-split parity plot,True
3807,1-ethyl-3-methylimidazolium tris(pentafluoroethyl)trifluorophosphate,CCn1cc[n+](C)c1.FC(F)(F)C(F)(F)[P-](F)(F)(F)(C(F)(F)C(F)(F)F)C(F)(F)C(F)(F)F,307.95,,SurfaceTension,0.034540005,0.032794237,0.0017457679,test,Random IL,IL,E,Surface tension multi-split parity plot,True
3809,1-ethyl-3-methylimidazolium tris(pentafluoroethyl)trifluorophosphate,CCn1cc[n+](C)c1.FC(F)(F)C(F)(F)[P-](F)(F)(F)(C(F)(F)C(F)(F)F)C(F)(F)C(F)(F)F,307.97,,SurfaceTension,0.03452,0.032792985,0.0017270148,test,Random IL,IL,E,Surface tension multi-split parity plot,True
3813,1-ethyl-3-methylimidazolium tris(pentafluoroethyl)trifluorophosphate,CCn1cc[n+](C)c1.FC(F)(F)C(F)(F)[P-](F)(F)(F)(C(F)(F)C(F)(F)F)C(F)(F)C(F)(F)F,308.15,,SurfaceTension,0.034400005,0.03278176,0.0016182438,test,Random IL,IL,E,Surface tension multi-split parity plot,True
3814,1-ethyl-3-methylimidazolium tris(pentafluoroethyl)trifluorophosphate,CCn1cc[n+](C)c1.FC(F)(F)C(F)(F)[P-](F)(F)(F)(C(F)(F)C(F)(F)F)C(F)(F)C(F)(F)F,313.07,,SurfaceTension,0.03427,0.03247569,0.0017943084,test,Random IL,IL,E,Surface tension multi-split parity plot,True
3816,1-ethyl-3-methylimidazolium tris(pentafluoroethyl)trifluorophosphate,CCn1cc[n+](C)c1.FC(F)(F)C(F)(F)[P-](F)(F)(F)(C(F)(F)C(F)(F)F)C(F)(F)C(F)(F)F,313.09,,SurfaceTension,0.034230005,0.032474454,0.0017555505,test,Random IL,IL,E,Surface tension multi-split parity plot,True
3821,1-ethyl-3-methylimidazolium tris(pentafluoroethyl)trifluorophosphate,CCn1cc[n+](C)c1.FC(F)(F)C(F)(F)[P-](F)(F)(F)(C(F)(F)C(F)(F)F)C(F)(F)C(F)(F)F,313.15,,SurfaceTension,0.0342,0.03247074,0.0017292611,test,Random IL,IL,E,Surface tension multi-split parity plot,True
3823,1-ethyl-3-methylimidazolium tris(pentafluoroethyl)trifluorophosphate,CCn1cc[n+](C)c1.FC(F)(F)C(F)(F)[P-](F)(F)(F)(C(F)(F)C(F)(F)F)C(F)(F)C(F)(F)F,318.06,,SurfaceTension,0.033909995,0.03216783,0.0017421655,test,Random IL,IL,E,Surface tension multi-split parity plot,True
3827,1-ethyl-3-methylimidazolium tris(pentafluoroethyl)trifluorophosphate,CCn1cc[n+](C)c1.FC(F)(F)C(F)(F)[P-](F)(F)(F)(C(F)(F)C(F)(F)F)C(F)(F)C(F)(F)F,318.15,,SurfaceTension,0.034100004,0.032162298,0.001937706,test,Random IL,IL,E,Surface tension multi-split parity plot,True
3829,1-ethyl-3-methylimidazolium tris(pentafluoroethyl)trifluorophosphate,CCn1cc[n+](C)c1.FC(F)(F)C(F)(F)[P-](F)(F)(F)(C(F)(F)C(F)(F)F)C(F)(F)C(F)(F)F,322.99,,SurfaceTension,0.03342,0.03186674,0.0015532598,test,Random IL,IL,E,Surface tension multi-split parity plot,True
3830,1-ethyl-3-methylimidazolium tris(pentafluoroethyl)trifluorophosphate,CCn1cc[n+](C)c1.FC(F)(F)C(F)(F)[P-](F)(F)(F)(C(F)(F)C(F)(F)F)C(F)(F)C(F)(F)F,323.03,,SurfaceTension,0.033670004,0.031864315,0.0018056892,test,Random IL,IL,E,Surface tension multi-split parity plot,True
3834,1-ethyl-3-methylimidazolium tris(pentafluoroethyl)trifluorophosphate,CCn1cc[n+](C)c1.FC(F)(F)C(F)(F)[P-](F)(F)(F)(C(F)(F)C(F)(F)F)C(F)(F)C(F)(F)F,323.15,,SurfaceTension,0.034,0.031857025,0.002142977,test,Random IL,IL,E,Surface tension multi-split parity plot,True
3839,1-ethyl-3-methylimidazolium tris(pentafluoroethyl)trifluorophosphate,CCn1cc[n+](C)c1.FC(F)(F)C(F)(F)[P-](F)(F)(F)(C(F)(F)C(F)(F)F)C(F)(F)C(F)(F)F,328.15,,SurfaceTension,0.033799995,0.031554982,0.0022450127,test,Random IL,IL,E,Surface tension multi-split parity plot,True
3841,1-ethyl-3-methylimidazolium tris(pentafluoroethyl)trifluorophosphate,CCn1cc[n+](C)c1.FC(F)(F)C(F)(F)[P-](F)(F)(F)(C(F)(F)C(F)(F)F)C(F)(F)C(F)(F)F,328.47,,SurfaceTension,0.033439998,0.031535756,0.0019042417,test,Random IL,IL,E,Surface tension multi-split parity plot,True
3842,1-ethyl-3-methylimidazolium tris(pentafluoroethyl)trifluorophosphate,CCn1cc[n+](C)c1.FC(F)(F)C(F)(F)[P-](F)(F)(F)(C(F)(F)C(F)(F)F)C(F)(F)C(F)(F)F,328.51,,SurfaceTension,0.03329,0.03153336,0.0017566383,test,Random IL,IL,E,Surface tension multi-split parity plot,True
3843,1-ethyl-3-methylimidazolium tris(pentafluoroethyl)trifluorophosphate,CCn1cc[n+](C)c1.FC(F)(F)C(F)(F)[P-](F)(F)(F)(C(F)(F)C(F)(F)F)C(F)(F)C(F)(F)F,332.2,,SurfaceTension,0.03323,0.031312563,0.0019174367,test,Random IL,IL,E,Surface tension multi-split parity plot,True
3844,1-ethyl-3-methylimidazolium tris(pentafluoroethyl)trifluorophosphate,CCn1cc[n+](C)c1.FC(F)(F)C(F)(F)[P-](F)(F)(F)(C(F)(F)C(F)(F)F)C(F)(F)C(F)(F)F,332.3,,SurfaceTension,0.033039995,0.031306606,0.0017333888,test,Random IL,IL,E,Surface tension multi-split parity plot,True
3848,1-ethyl-3-methylimidazolium tris(pentafluoroethyl)trifluorophosphate,CCn1cc[n+](C)c1.FC(F)(F)C(F)(F)[P-](F)(F)(F)(C(F)(F)C(F)(F)F)C(F)(F)C(F)(F)F,333.15,,SurfaceTension,0.033599995,0.031255975,0.0023440197,test,Random IL,IL,E,Surface tension multi-split parity plot,True
3851,1-ethyl-3-methylimidazolium tris(pentafluoroethyl)trifluorophosphate,CCn1cc[n+](C)c1.FC(F)(F)C(F)(F)[P-](F)(F)(F)(C(F)(F)C(F)(F)F)C(F)(F)C(F)(F)F,337.63,,SurfaceTension,0.03297999,0.030990314,0.0019896775,test,Random IL,IL,E,Surface tension multi-split parity plot,True
3852,1-ethyl-3-methylimidazolium tris(pentafluoroethyl)trifluorophosphate,CCn1cc[n+](C)c1.FC(F)(F)C(F)(F)[P-](F)(F)(F)(C(F)(F)C(F)(F)F)C(F)(F)C(F)(F)F,337.84,,SurfaceTension,0.032720003,0.030977909,0.0017420948,test,Random IL,IL,E,Surface tension multi-split parity plot,True
3856,1-ethyl-3-methylimidazolium tris(pentafluoroethyl)trifluorophosphate,CCn1cc[n+](C)c1.FC(F)(F)C(F)(F)[P-](F)(F)(F)(C(F)(F)C(F)(F)F)C(F)(F)C(F)(F)F,338.15,,SurfaceTension,0.033400003,0.030959597,0.002440406,test,Random IL,IL,E,Surface tension multi-split parity plot,True
3858,1-ethyl-3-methylimidazolium tris(pentafluoroethyl)trifluorophosphate,CCn1cc[n+](C)c1.FC(F)(F)C(F)(F)[P-](F)(F)(F)(C(F)(F)C(F)(F)F)C(F)(F)C(F)(F)F,342.92,,SurfaceTension,0.032720003,0.03067894,0.0020410642,test,Random IL,IL,E,Surface tension multi-split parity plot,True
3859,1-ethyl-3-methylimidazolium tris(pentafluoroethyl)trifluorophosphate,CCn1cc[n+](C)c1.FC(F)(F)C(F)(F)[P-](F)(F)(F)(C(F)(F)C(F)(F)F)C(F)(F)C(F)(F)F,343.07,,SurfaceTension,0.032430004,0.03067014,0.0017598644,test,Random IL,IL,E,Surface tension multi-split parity plot,True
3864,1-ethyl-3-methylimidazolium tris(pentafluoroethyl)trifluorophosphate,CCn1cc[n+](C)c1.FC(F)(F)C(F)(F)[P-](F)(F)(F)(C(F)(F)C(F)(F)F)C(F)(F)C(F)(F)F,347.61,,SurfaceTension,0.032439996,0.030404618,0.0020353775,test,Random IL,IL,E,Surface tension multi-split parity plot,True
3865,1-ethyl-3-methylimidazolium tris(pentafluoroethyl)trifluorophosphate,CCn1cc[n+](C)c1.FC(F)(F)C(F)(F)[P-](F)(F)(F)(C(F)(F)C(F)(F)F)C(F)(F)C(F)(F)F,347.77,,SurfaceTension,0.03189,0.030395288,0.0014947131,test,Random IL,IL,E,Surface tension multi-split parity plot,True
3872,1-ethyl-3-methylimidazolium tris(pentafluoroethyl)trifluorophosphate,CCn1cc[n+](C)c1.FC(F)(F)C(F)(F)[P-](F)(F)(F)(C(F)(F)C(F)(F)F)C(F)(F)C(F)(F)F,353.94,,SurfaceTension,0.032070003,0.030036496,0.0020335075,test,Random IL,IL,E,Surface tension multi-split parity plot,True
3873,1-ethyl-3-methylimidazolium tris(pentafluoroethyl)trifluorophosphate,CCn1cc[n+](C)c1.FC(F)(F)C(F)(F)[P-](F)(F)(F)(C(F)(F)C(F)(F)F)C(F)(F)C(F)(F)F,354.27,,SurfaceTension,0.031740002,0.030017367,0.0017226357,test,Random IL,IL,E,Surface tension multi-split parity plot,True
3174,1-ethyl-3-methylpyridinium perfluoropentanoate,CC[n+]1cccc(C)c1.O=C([O-])C(F)(F)C(F)(F)C(F)(F)C(F)(F)F,298.3,,SurfaceTension,0.026830003,0.026872415,4.241243e-05,test,Random IL,IL,E,Surface tension multi-split parity plot,True
3177,1-ethyl-3-methylpyridinium perfluoropentanoate,CC[n+]1cccc(C)c1.O=C([O-])C(F)(F)C(F)(F)C(F)(F)C(F)(F)F,308.2,,SurfaceTension,0.02649,0.02616094,0.00032905862,test,Random IL,IL,E,Surface tension multi-split parity plot,True
3179,1-ethyl-3-methylpyridinium perfluoropentanoate,CC[n+]1cccc(C)c1.O=C([O-])C(F)(F)C(F)(F)C(F)(F)C(F)(F)F,317.9,,SurfaceTension,0.026070004,0.025637774,0.00043223053,test,Random IL,IL,E,Surface tension multi-split parity plot,True
3182,1-ethyl-3-methylpyridinium perfluoropentanoate,CC[n+]1cccc(C)c1.O=C([O-])C(F)(F)C(F)(F)C(F)(F)C(F)(F)F,328.0,,SurfaceTension,0.025710002,0.02515311,0.0005568918,test,Random IL,IL,E,Surface tension multi-split parity plot,True
3185,1-ethyl-3-methylpyridinium perfluoropentanoate,CC[n+]1cccc(C)c1.O=C([O-])C(F)(F)C(F)(F)C(F)(F)C(F)(F)F,338.0,,SurfaceTension,0.025309999,0.024686707,0.00062329136,test,Random IL,IL,E,Surface tension multi-split parity plot,True
3188,1-ethyl-3-methylpyridinium perfluoropentanoate,CC[n+]1cccc(C)c1.O=C([O-])C(F)(F)C(F)(F)C(F)(F)C(F)(F)F,347.0,,SurfaceTension,0.024939999,0.024262229,0.00067777,test,Random IL,IL,E,Surface tension multi-split parity plot,True
1737,1-hexyl-3-methylimidazolium trifluoromethanesulfonate,CCCCCC[n+]1ccn(C)c1.O=S(=O)([O-])C(F)(F)F,293.2,,SurfaceTension,0.0326,0.033709884,0.0011098832,test,Random IL,IL,E,Surface tension multi-split parity plot,True
1739,1-hexyl-3-methylimidazolium trifluoromethanesulfonate,CCCCCC[n+]1ccn(C)c1.O=S(=O)([O-])C(F)(F)F,293.98,,SurfaceTension,0.032580003,0.03368008,0.0011000782,test,Random IL,IL,E,Surface tension multi-split parity plot,True
1740,1-hexyl-3-methylimidazolium trifluoromethanesulfonate,CCCCCC[n+]1ccn(C)c1.O=S(=O)([O-])C(F)(F)F,294.03,,SurfaceTension,0.032640003,0.033678167,0.0010381639,test,Random IL,IL,E,Surface tension multi-split parity plot,True
1745,1-hexyl-3-methylimidazolium trifluoromethanesulfonate,CCCCCC[n+]1ccn(C)c1.O=S(=O)([O-])C(F)(F)F,298.11,,SurfaceTension,0.032369997,0.033520285,0.0011502877,test,Random IL,IL,E,Surface tension multi-split parity plot,True
1747,1-hexyl-3-methylimidazolium trifluoromethanesulfonate,CCCCCC[n+]1ccn(C)c1.O=S(=O)([O-])C(F)(F)F,298.13,,SurfaceTension,0.032369997,0.033519503,0.0011495054,test,Random IL,IL,E,Surface tension multi-split parity plot,True
1751,1-hexyl-3-methylimidazolium trifluoromethanesulfonate,CCCCCC[n+]1ccn(C)c1.O=S(=O)([O-])C(F)(F)F,298.2,,SurfaceTension,0.032350004,0.03351676,0.0011667572,test,Random IL,IL,E,Surface tension multi-split parity plot,True
1764,1-hexyl-3-methylimidazolium trifluoromethanesulfonate,CCCCCC[n+]1ccn(C)c1.O=S(=O)([O-])C(F)(F)F,303.2,,SurfaceTension,0.032130007,0.033318836,0.0011888295,test,Random IL,IL,E,Surface tension multi-split parity plot,True
1760,1-hexyl-3-methylimidazolium trifluoromethanesulfonate,CCCCCC[n+]1ccn(C)c1.O=S(=O)([O-])C(F)(F)F,303.23,,SurfaceTension,0.03217,0.033317626,0.0011476241,test,Random IL,IL,E,Surface tension multi-split parity plot,True
1761,1-hexyl-3-methylimidazolium trifluoromethanesulfonate,CCCCCC[n+]1ccn(C)c1.O=S(=O)([O-])C(F)(F)F,303.24,,SurfaceTension,0.032190003,0.033317234,0.0011272319,test,Random IL,IL,E,Surface tension multi-split parity plot,True
1775,1-hexyl-3-methylimidazolium trifluoromethanesulfonate,CCCCCC[n+]1ccn(C)c1.O=S(=O)([O-])C(F)(F)F,308.2,,SurfaceTension,0.03198,0.033116266,0.0011362657,test,Random IL,IL,E,Surface tension multi-split parity plot,True
1773,1-hexyl-3-methylimidazolium trifluoromethanesulfonate,CCCCCC[n+]1ccn(C)c1.O=S(=O)([O-])C(F)(F)F,308.28,,SurfaceTension,0.031990003,0.033112988,0.001122985,test,Random IL,IL,E,Surface tension multi-split parity plot,True
1776,1-hexyl-3-methylimidazolium trifluoromethanesulfonate,CCCCCC[n+]1ccn(C)c1.O=S(=O)([O-])C(F)(F)F,308.32,,SurfaceTension,0.032009996,0.033111356,0.0011013597,test,Random IL,IL,E,Surface tension multi-split parity plot,True
1789,1-hexyl-3-methylimidazolium trifluoromethanesulfonate,CCCCCC[n+]1ccn(C)c1.O=S(=O)([O-])C(F)(F)F,313.2,,SurfaceTension,0.031850003,0.032909155,0.0010591522,test,Random IL,IL,E,Surface tension multi-split parity plot,True
1787,1-hexyl-3-methylimidazolium trifluoromethanesulfonate,CCCCCC[n+]1ccn(C)c1.O=S(=O)([O-])C(F)(F)F,313.29,,SurfaceTension,0.031799998,0.03290539,0.0011053905,test,Random IL,IL,E,Surface tension multi-split parity plot,True
1791,1-hexyl-3-methylimidazolium trifluoromethanesulfonate,CCCCCC[n+]1ccn(C)c1.O=S(=O)([O-])C(F)(F)F,313.3,,SurfaceTension,0.031860005,0.032904964,0.0010449588,test,Random IL,IL,E,Surface tension multi-split parity plot,True
1798,1-hexyl-3-methylimidazolium trifluoromethanesulfonate,CCCCCC[n+]1ccn(C)c1.O=S(=O)([O-])C(F)(F)F,318.29,,SurfaceTension,0.03166,0.032693427,0.0010334253,test,Random IL,IL,E,Surface tension multi-split parity plot,True
1800,1-hexyl-3-methylimidazolium trifluoromethanesulfonate,CCCCCC[n+]1ccn(C)c1.O=S(=O)([O-])C(F)(F)F,318.3,,SurfaceTension,0.031640004,0.032693,0.0010529943,test,Random IL,IL,E,Surface tension multi-split parity plot,True
1809,1-hexyl-3-methylimidazolium trifluoromethanesulfonate,CCCCCC[n+]1ccn(C)c1.O=S(=O)([O-])C(F)(F)F,323.49,,SurfaceTension,0.031420004,0.03246724,0.001047235,test,Random IL,IL,E,Surface tension multi-split parity plot,True
1811,1-hexyl-3-methylimidazolium trifluoromethanesulfonate,CCCCCC[n+]1ccn(C)c1.O=S(=O)([O-])C(F)(F)F,323.5,,SurfaceTension,0.031449996,0.032466795,0.0010167994,test,Random IL,IL,E,Surface tension multi-split parity plot,True
1816,1-hexyl-3-methylimidazolium trifluoromethanesulfonate,CCCCCC[n+]1ccn(C)c1.O=S(=O)([O-])C(F)(F)F,328.04,,SurfaceTension,0.03135,0.032263685,0.0009136833,test,Random IL,IL,E,Surface tension multi-split parity plot,True
1818,1-hexyl-3-methylimidazolium trifluoromethanesulfonate,CCCCCC[n+]1ccn(C)c1.O=S(=O)([O-])C(F)(F)F,328.12,,SurfaceTension,0.031249998,0.032260057,0.0010100584,test,Random IL,IL,E,Surface tension multi-split parity plot,True
1832,1-hexyl-3-methylimidazolium trifluoromethanesulfonate,CCCCCC[n+]1ccn(C)c1.O=S(=O)([O-])C(F)(F)F,333.26,,SurfaceTension,0.031089997,0.032022897,0.00093290024,test,Random IL,IL,E,Surface tension multi-split parity plot,True
1833,1-hexyl-3-methylimidazolium trifluoromethanesulfonate,CCCCCC[n+]1ccn(C)c1.O=S(=O)([O-])C(F)(F)F,333.32,,SurfaceTension,0.030889997,0.03202008,0.0011300836,test,Random IL,IL,E,Surface tension multi-split parity plot,True
1836,1-hexyl-3-methylimidazolium trifluoromethanesulfonate,CCCCCC[n+]1ccn(C)c1.O=S(=O)([O-])C(F)(F)F,337.85,,SurfaceTension,0.030920003,0.03180453,0.0008845292,test,Random IL,IL,E,Surface tension multi-split parity plot,True
1837,1-hexyl-3-methylimidazolium trifluoromethanesulfonate,CCCCCC[n+]1ccn(C)c1.O=S(=O)([O-])C(F)(F)F,337.88,,SurfaceTension,0.030810002,0.031803083,0.0009930804,test,Random IL,IL,E,Surface tension multi-split parity plot,True
1842,1-hexyl-3-methylimidazolium trifluoromethanesulfonate,CCCCCC[n+]1ccn(C)c1.O=S(=O)([O-])C(F)(F)F,342.94,,SurfaceTension,0.030720001,0.03155535,0.0008353498,test,Random IL,IL,E,Surface tension multi-split parity plot,True
1843,1-hexyl-3-methylimidazolium trifluoromethanesulfonate,CCCCCC[n+]1ccn(C)c1.O=S(=O)([O-])C(F)(F)F,343.09,,SurfaceTension,0.030499997,0.031547897,0.0010479,test,Random IL,IL,E,Surface tension multi-split parity plot,True
1850,1-hexyl-3-methylimidazolium trifluoromethanesulfonate,CCCCCC[n+]1ccn(C)c1.O=S(=O)([O-])C(F)(F)F,347.58,,SurfaceTension,0.030550001,0.031322215,0.00077221356,test,Random IL,IL,E,Surface tension multi-split parity plot,True
1851,1-hexyl-3-methylimidazolium trifluoromethanesulfonate,CCCCCC[n+]1ccn(C)c1.O=S(=O)([O-])C(F)(F)F,347.59,,SurfaceTension,0.030380001,0.031321708,0.0009417068,test,Random IL,IL,E,Surface tension multi-split parity plot,True
1859,1-hexyl-3-methylimidazolium trifluoromethanesulfonate,CCCCCC[n+]1ccn(C)c1.O=S(=O)([O-])C(F)(F)F,355.44,,SurfaceTension,0.03017,0.030916078,0.0007460788,test,Random IL,IL,E,Surface tension multi-split parity plot,True
1560,1-hexyl-4-cyanopyridinium bis(trifluoromethylsulfonyl)imide,CCCCCC[n+]1ccc(C#N)cc1.O=S(=O)([N-]S(=O)(=O)C(F)(F)F)C(F)(F)F,298.15,,SurfaceTension,0.030600002,0.029661879,0.0009381231,test,Random IL,IL,E,Surface tension multi-split parity plot,True
1563,1-hexyl-4-cyanopyridinium bis(trifluoromethylsulfonyl)imide,CCCCCC[n+]1ccc(C#N)cc1.O=S(=O)([N-]S(=O)(=O)C(F)(F)F)C(F)(F)F,308.15,,SurfaceTension,0.030249998,0.029255224,0.0009947736,test,Random IL,IL,E,Surface tension multi-split parity plot,True
1566,1-hexyl-4-cyanopyridinium bis(trifluoromethylsulfonyl)imide,CCCCCC[n+]1ccc(C#N)cc1.O=S(=O)([N-]S(=O)(=O)C(F)(F)F)C(F)(F)F,318.15,,SurfaceTension,0.029889997,0.028726138,0.0011638589,test,Random IL,IL,E,Surface tension multi-split parity plot,True
1569,1-hexyl-4-cyanopyridinium bis(trifluoromethylsulfonyl)imide,CCCCCC[n+]1ccc(C#N)cc1.O=S(=O)([N-]S(=O)(=O)C(F)(F)F)C(F)(F)F,328.15,,SurfaceTension,0.029480003,0.02811783,0.0013621729,test,Random IL,IL,E,Surface tension multi-split parity plot,True
1572,1-hexyl-4-cyanopyridinium bis(trifluoromethylsulfonyl)imide,CCCCCC[n+]1ccc(C#N)cc1.O=S(=O)([N-]S(=O)(=O)C(F)(F)F)C(F)(F)F,338.15,,SurfaceTension,0.02901,0.02747612,0.001533879,test,Random IL,IL,E,Surface tension multi-split parity plot,True
1636,1-hexylpyridinium bis(trifluromethylsulfonyl)imide,CCCCCC[n+]1ccccc1.O=S(=O)([N-]S(=O)(=O)C(F)(F)F)C(F)(F)F,278.15,,SurfaceTension,0.032609995,0.03232115,0.0002888441,test,Random IL,IL,E,Surface tension multi-split parity plot,True
1638,1-hexylpyridinium bis(trifluromethylsulfonyl)imide,CCCCCC[n+]1ccccc1.O=S(=O)([N-]S(=O)(=O)C(F)(F)F)C(F)(F)F,280.65,,SurfaceTension,0.032479998,0.032298815,0.00018118322,test,Random IL,IL,E,Surface tension multi-split parity plot,True
1643,1-hexylpyridinium bis(trifluromethylsulfonyl)imide,CCCCCC[n+]1ccccc1.O=S(=O)([N-]S(=O)(=O)C(F)(F)F)C(F)(F)F,283.15,,SurfaceTension,0.032425,0.032269854,0.00015514717,test,Random IL,IL,E,Surface tension multi-split parity plot,True
1645,1-hexylpyridinium bis(trifluromethylsulfonyl)imide,CCCCCC[n+]1ccccc1.O=S(=O)([N-]S(=O)(=O)C(F)(F)F)C(F)(F)F,285.65,,SurfaceTension,0.032220002,0.032233756,1.3753772e-05,test,Random IL,IL,E,Surface tension multi-split parity plot,True
1648,1-hexylpyridinium bis(trifluromethylsulfonyl)imide,CCCCCC[n+]1ccccc1.O=S(=O)([N-]S(=O)(=O)C(F)(F)F)C(F)(F)F,288.15,,SurfaceTension,0.032135,0.032189965,5.496666e-05,test,Random IL,IL,E,Surface tension multi-split parity plot,True
1650,1-hexylpyridinium bis(trifluromethylsulfonyl)imide,CCCCCC[n+]1ccccc1.O=S(=O)([N-]S(=O)(=O)C(F)(F)F)C(F)(F)F,290.65,,SurfaceTension,0.03192,0.03213798,0.00021797791,test,Random IL,IL,E,Surface tension multi-split parity plot,True
1655,1-hexylpyridinium bis(trifluromethylsulfonyl)imide,CCCCCC[n+]1ccccc1.O=S(=O)([N-]S(=O)(=O)C(F)(F)F)C(F)(F)F,293.15,,SurfaceTension,0.032307502,0.03207735,0.00023015216,test,Random IL,IL,E,Surface tension multi-split parity plot,True
1657,1-hexylpyridinium bis(trifluromethylsulfonyl)imide,CCCCCC[n+]1ccccc1.O=S(=O)([N-]S(=O)(=O)C(F)(F)F)C(F)(F)F,295.65,,SurfaceTension,0.031619996,0.03200768,0.0003876835,test,Random IL,IL,E,Surface tension multi-split parity plot,True
1662,1-hexylpyridinium bis(trifluromethylsulfonyl)imide,CCCCCC[n+]1ccccc1.O=S(=O)([N-]S(=O)(=O)C(F)(F)F)C(F)(F)F,298.15,,SurfaceTension,0.032039996,0.031928655,0.00011134148,test,Random IL,IL,E,Surface tension multi-split parity plot,True
1665,1-hexylpyridinium bis(trifluromethylsulfonyl)imide,CCCCCC[n+]1ccccc1.O=S(=O)([N-]S(=O)(=O)C(F)(F)F)C(F)(F)F,300.65,,SurfaceTension,0.03135,0.031840045,0.0004900433,test,Random IL,IL,E,Surface tension multi-split parity plot,True
1670,1-hexylpyridinium bis(trifluromethylsulfonyl)imide,CCCCCC[n+]1ccccc1.O=S(=O)([N-]S(=O)(=O)C(F)(F)F)C(F)(F)F,303.15,,SurfaceTension,0.0317975,0.03174175,5.574897e-05,test,Random IL,IL,E,Surface tension multi-split parity plot,True
1672,1-hexylpyridinium bis(trifluromethylsulfonyl)imide,CCCCCC[n+]1ccccc1.O=S(=O)([N-]S(=O)(=O)C(F)(F)F)C(F)(F)F,305.65,,SurfaceTension,0.031080002,0.03163372,0.00055371784,test,Random IL,IL,E,Surface tension multi-split parity plot,True
1675,1-hexylpyridinium bis(trifluromethylsulfonyl)imide,CCCCCC[n+]1ccccc1.O=S(=O)([N-]S(=O)(=O)C(F)(F)F)C(F)(F)F,308.15,,SurfaceTension,0.0315825,0.031516057,6.644428e-05,test,Random IL,IL,E,Surface tension multi-split parity plot,True
1677,1-hexylpyridinium bis(trifluromethylsulfonyl)imide,CCCCCC[n+]1ccccc1.O=S(=O)([N-]S(=O)(=O)C(F)(F)F)C(F)(F)F,310.65,,SurfaceTension,0.030819999,0.031388916,0.000568917,test,Random IL,IL,E,Surface tension multi-split parity plot,True
1682,1-hexylpyridinium bis(trifluromethylsulfonyl)imide,CCCCCC[n+]1ccccc1.O=S(=O)([N-]S(=O)(=O)C(F)(F)F)C(F)(F)F,313.15,,SurfaceTension,0.031345,0.031252567,9.24319e-05,test,Random IL,IL,E,Surface tension multi-split parity plot,True
1684,1-hexylpyridinium bis(trifluromethylsulfonyl)imide,CCCCCC[n+]1ccccc1.O=S(=O)([N-]S(=O)(=O)C(F)(F)F)C(F)(F)F,315.65,,SurfaceTension,0.030579997,0.03110735,0.0005273521,test,Random IL,IL,E,Surface tension multi-split parity plot,True
1687,1-hexylpyridinium bis(trifluromethylsulfonyl)imide,CCCCCC[n+]1ccccc1.O=S(=O)([N-]S(=O)(=O)C(F)(F)F)C(F)(F)F,318.15,,SurfaceTension,0.031112501,0.03095367,0.00015883148,test,Random IL,IL,E,Surface tension multi-split parity plot,True
1689,1-hexylpyridinium bis(trifluromethylsulfonyl)imide,CCCCCC[n+]1ccccc1.O=S(=O)([N-]S(=O)(=O)C(F)(F)F)C(F)(F)F,320.65,,SurfaceTension,0.030299999,0.030792039,0.00049204007,test,Random IL,IL,E,Surface tension multi-split parity plot,True
1693,1-hexylpyridinium bis(trifluromethylsulfonyl)imide,CCCCCC[n+]1ccccc1.O=S(=O)([N-]S(=O)(=O)C(F)(F)F)C(F)(F)F,323.15,,SurfaceTension,0.0308925,0.030623015,0.00026948564,test,Random IL,IL,E,Surface tension multi-split parity plot,True
1695,1-hexylpyridinium bis(trifluromethylsulfonyl)imide,CCCCCC[n+]1ccccc1.O=S(=O)([N-]S(=O)(=O)C(F)(F)F)C(F)(F)F,325.65,,SurfaceTension,0.030060004,0.03044722,0.000387216,test,Random IL,IL,E,Surface tension multi-split parity plot,True
1698,1-hexylpyridinium bis(trifluromethylsulfonyl)imide,CCCCCC[n+]1ccccc1.O=S(=O)([N-]S(=O)(=O)C(F)(F)F)C(F)(F)F,328.15,,SurfaceTension,0.030264994,0.030265367,3.7252903e-07,test,Random IL,IL,E,Surface tension multi-split parity plot,True
1700,1-hexylpyridinium bis(trifluromethylsulfonyl)imide,CCCCCC[n+]1ccccc1.O=S(=O)([N-]S(=O)(=O)C(F)(F)F)C(F)(F)F,330.65,,SurfaceTension,0.02979,0.030078238,0.00028823875,test,Random IL,IL,E,Surface tension multi-split parity plot,True
1704,1-hexylpyridinium bis(trifluromethylsulfonyl)imide,CCCCCC[n+]1ccccc1.O=S(=O)([N-]S(=O)(=O)C(F)(F)F)C(F)(F)F,333.15,,SurfaceTension,0.029979998,0.02988668,9.331852e-05,test,Random IL,IL,E,Surface tension multi-split parity plot,True
1706,1-hexylpyridinium bis(trifluromethylsulfonyl)imide,CCCCCC[n+]1ccccc1.O=S(=O)([N-]S(=O)(=O)C(F)(F)F)C(F)(F)F,335.65,,SurfaceTension,0.029489998,0.029691568,0.00020156987,test,Random IL,IL,E,Surface tension multi-split parity plot,True
1709,1-hexylpyridinium bis(trifluromethylsulfonyl)imide,CCCCCC[n+]1ccccc1.O=S(=O)([N-]S(=O)(=O)C(F)(F)F)C(F)(F)F,338.15,,SurfaceTension,0.02973,0.029493816,0.0002361834,test,Random IL,IL,E,Surface tension multi-split parity plot,True
220,1-isobutenyl-3-methylimidazolium tetrafluoroborate,CC(C)=C[n+]1ccn(C)c1.F[B-](F)(F)F,298.15,,SurfaceTension,0.051800005,0.0440099,0.0077901036,test,Random IL,IL,E,Surface tension multi-split parity plot,True
1163,1-methyl-3-octyl-1H-imidazol-3-ium L-prolinate,CCCCCCCC[n+]1ccn(C)c1.O=C([O-])[C@@H]1CCCN1,293.15,,SurfaceTension,0.029279996,0.02755437,0.0017256252,test,Random IL,IL,E,Surface tension multi-split parity plot,True
1166,1-methyl-3-octyl-1H-imidazol-3-ium L-prolinate,CCCCCCCC[n+]1ccn(C)c1.O=C([O-])[C@@H]1CCCN1,303.15,,SurfaceTension,0.028879998,0.027727552,0.0011524465,test,Random IL,IL,E,Surface tension multi-split parity plot,True
1169,1-methyl-3-octyl-1H-imidazol-3-ium L-prolinate,CCCCCCCC[n+]1ccn(C)c1.O=C([O-])[C@@H]1CCCN1,313.15,,SurfaceTension,0.02846,0.027609868,0.00085013174,test,Random IL,IL,E,Surface tension multi-split parity plot,True
1172,1-methyl-3-octyl-1H-imidazol-3-ium L-prolinate,CCCCCCCC[n+]1ccn(C)c1.O=C([O-])[C@@H]1CCCN1,323.15,,SurfaceTension,0.02817,0.027259976,0.0009100251,test,Random IL,IL,E,Surface tension multi-split parity plot,True
1175,1-methyl-3-octyl-1H-imidazol-3-ium L-prolinate,CCCCCCCC[n+]1ccn(C)c1.O=C([O-])[C@@H]1CCCN1,333.15,,SurfaceTension,0.027759997,0.026772046,0.0009879507,test,Random IL,IL,E,Surface tension multi-split parity plot,True
1178,1-methyl-3-octyl-1H-imidazol-3-ium L-prolinate,CCCCCCCC[n+]1ccn(C)c1.O=C([O-])[C@@H]1CCCN1,343.15,,SurfaceTension,0.027619997,0.026216665,0.0014033318,test,Random IL,IL,E,Surface tension multi-split parity plot,True
1181,1-methyl-3-octyl-1H-imidazol-3-ium L-prolinate,CCCCCCCC[n+]1ccn(C)c1.O=C([O-])[C@@H]1CCCN1,353.15,,SurfaceTension,0.027140003,0.025633834,0.0015061684,test,Random IL,IL,E,Surface tension multi-split parity plot,True
1210,1-methyl-3-octylimidazolium bis(trifluoromethylsulfonyl)imide,CCCCCCCCn1cc[n+](C)c1.O=S(=O)([N-]S(=O)(=O)C(F)(F)F)C(F)(F)F,283.15,,SurfaceTension,0.032070003,0.03150892,0.0005610846,test,Random IL,IL,E,Surface tension multi-split parity plot,True
1220,1-methyl-3-octylimidazolium bis(trifluoromethylsulfonyl)imide,CCCCCCCCn1cc[n+](C)c1.O=S(=O)([N-]S(=O)(=O)C(F)(F)F)C(F)(F)F,293.0,,SurfaceTension,0.031124996,0.031208534,8.353777e-05,test,Random IL,IL,E,Surface tension multi-split parity plot,True
1224,1-methyl-3-octylimidazolium bis(trifluoromethylsulfonyl)imide,CCCCCCCCn1cc[n+](C)c1.O=S(=O)([N-]S(=O)(=O)C(F)(F)F)C(F)(F)F,293.15,,SurfaceTension,0.031644996,0.031202907,0.0004420895,test,Random IL,IL,E,Surface tension multi-split parity plot,True
1240,1-methyl-3-octylimidazolium bis(trifluoromethylsulfonyl)imide,CCCCCCCCn1cc[n+](C)c1.O=S(=O)([N-]S(=O)(=O)C(F)(F)F)C(F)(F)F,298.15,,SurfaceTension,0.030780002,0.03099694,0.00021693669,test,Random IL,IL,E,Surface tension multi-split parity plot,True
1256,1-methyl-3-octylimidazolium bis(trifluoromethylsulfonyl)imide,CCCCCCCCn1cc[n+](C)c1.O=S(=O)([N-]S(=O)(=O)C(F)(F)F)C(F)(F)F,303.15,,SurfaceTension,0.031010006,0.030756004,0.00025400147,test,Random IL,IL,E,Surface tension multi-split parity plot,True
1272,1-methyl-3-octylimidazolium bis(trifluoromethylsulfonyl)imide,CCCCCCCCn1cc[n+](C)c1.O=S(=O)([N-]S(=O)(=O)C(F)(F)F)C(F)(F)F,308.15,,SurfaceTension,0.030115,0.030482281,0.0003672801,test,Random IL,IL,E,Surface tension multi-split parity plot,True
1282,1-methyl-3-octylimidazolium bis(trifluoromethylsulfonyl)imide,CCCCCCCCn1cc[n+](C)c1.O=S(=O)([N-]S(=O)(=O)C(F)(F)F)C(F)(F)F,313.0,,SurfaceTension,0.029200003,0.03018873,0.0009887274,test,Random IL,IL,E,Surface tension multi-split parity plot,True
1286,1-methyl-3-octylimidazolium bis(trifluoromethylsulfonyl)imide,CCCCCCCCn1cc[n+](C)c1.O=S(=O)([N-]S(=O)(=O)C(F)(F)F)C(F)(F)F,313.15,,SurfaceTension,0.03016667,0.03017925,1.2578443e-05,test,Random IL,IL,E,Surface tension multi-split parity plot,True
1289,1-methyl-3-octylimidazolium bis(trifluoromethylsulfonyl)imide,CCCCCCCCn1cc[n+](C)c1.O=S(=O)([N-]S(=O)(=O)C(F)(F)F)C(F)(F)F,313.2,,SurfaceTension,0.0285,0.030176092,0.0016760919,test,Random IL,IL,E,Surface tension multi-split parity plot,True
1302,1-methyl-3-octylimidazolium bis(trifluoromethylsulfonyl)imide,CCCCCCCCn1cc[n+](C)c1.O=S(=O)([N-]S(=O)(=O)C(F)(F)F)C(F)(F)F,318.15,,SurfaceTension,0.029860001,0.029851397,8.603558e-06,test,Random IL,IL,E,Surface tension multi-split parity plot,True
1317,1-methyl-3-octylimidazolium bis(trifluoromethylsulfonyl)imide,CCCCCCCCn1cc[n+](C)c1.O=S(=O)([N-]S(=O)(=O)C(F)(F)F)C(F)(F)F,323.15,,SurfaceTension,0.029785,0.029503824,0.0002811756,test,Random IL,IL,E,Surface tension multi-split parity plot,True
1328,1-methyl-3-octylimidazolium bis(trifluoromethylsulfonyl)imide,CCCCCCCCn1cc[n+](C)c1.O=S(=O)([N-]S(=O)(=O)C(F)(F)F)C(F)(F)F,328.15,,SurfaceTension,0.02936,0.029142011,0.00021798909,test,Random IL,IL,E,Surface tension multi-split parity plot,True
1336,1-methyl-3-octylimidazolium bis(trifluoromethylsulfonyl)imide,CCCCCCCCn1cc[n+](C)c1.O=S(=O)([N-]S(=O)(=O)C(F)(F)F)C(F)(F)F,332.6,,SurfaceTension,0.027400002,0.028812742,0.00141274,test,Random IL,IL,E,Surface tension multi-split parity plot,True
1344,1-methyl-3-octylimidazolium bis(trifluoromethylsulfonyl)imide,CCCCCCCCn1cc[n+](C)c1.O=S(=O)([N-]S(=O)(=O)C(F)(F)F)C(F)(F)F,333.15,,SurfaceTension,0.02923,0.02877179,0.0004582107,test,Random IL,IL,E,Surface tension multi-split parity plot,True
1346,1-methyl-3-octylimidazolium bis(trifluoromethylsulfonyl)imide,CCCCCCCCn1cc[n+](C)c1.O=S(=O)([N-]S(=O)(=O)C(F)(F)F)C(F)(F)F,333.3,,SurfaceTension,0.028199999,0.028760614,0.0005606152,test,Random IL,IL,E,Surface tension multi-split parity plot,True
1357,1-methyl-3-octylimidazolium bis(trifluoromethylsulfonyl)imide,CCCCCCCCn1cc[n+](C)c1.O=S(=O)([N-]S(=O)(=O)C(F)(F)F)C(F)(F)F,338.15,,SurfaceTension,0.02884,0.028399132,0.00044086762,test,Random IL,IL,E,Surface tension multi-split parity plot,True
1372,1-methyl-3-octylimidazolium bis(trifluoromethylsulfonyl)imide,CCCCCCCCn1cc[n+](C)c1.O=S(=O)([N-]S(=O)(=O)C(F)(F)F)C(F)(F)F,343.15,,SurfaceTension,0.028754998,0.028029671,0.00072532706,test,Random IL,IL,E,Surface tension multi-split parity plot,True
1385,1-methyl-3-octylimidazolium bis(trifluoromethylsulfonyl)imide,CCCCCCCCn1cc[n+](C)c1.O=S(=O)([N-]S(=O)(=O)C(F)(F)F)C(F)(F)F,352.8,,SurfaceTension,0.026099999,0.027342549,0.0012425501,test,Random IL,IL,E,Surface tension multi-split parity plot,True
1390,1-methyl-3-octylimidazolium bis(trifluoromethylsulfonyl)imide,CCCCCCCCn1cc[n+](C)c1.O=S(=O)([N-]S(=O)(=O)C(F)(F)F)C(F)(F)F,353.8,,SurfaceTension,0.0273,0.027274035,2.5965273e-05,test,Random IL,IL,E,Surface tension multi-split parity plot,True
1404,1-methyl-3-octylimidazolium bis(trifluoromethylsulfonyl)imide,CCCCCCCCn1cc[n+](C)c1.O=S(=O)([N-]S(=O)(=O)C(F)(F)F)C(F)(F)F,372.8,,SurfaceTension,0.025200002,0.026088035,0.00088803284,test,Random IL,IL,E,Surface tension multi-split parity plot,True
1407,1-methyl-3-octylimidazolium bis(trifluoromethylsulfonyl)imide,CCCCCCCCn1cc[n+](C)c1.O=S(=O)([N-]S(=O)(=O)C(F)(F)F)C(F)(F)F,373.6,,SurfaceTension,0.026299998,0.026042849,0.00025714934,test,Random IL,IL,E,Surface tension multi-split parity plot,True
1413,1-methyl-3-octylimidazolium bis(trifluoromethylsulfonyl)imide,CCCCCCCCn1cc[n+](C)c1.O=S(=O)([N-]S(=O)(=O)C(F)(F)F)C(F)(F)F,392.9,,SurfaceTension,0.024,0.025042899,0.0010428987,test,Random IL,IL,E,Surface tension multi-split parity plot,True
1416,1-methyl-3-octylimidazolium bis(trifluoromethylsulfonyl)imide,CCCCCCCCn1cc[n+](C)c1.O=S(=O)([N-]S(=O)(=O)C(F)(F)F)C(F)(F)F,393.6,,SurfaceTension,0.025300002,0.02500918,0.00029082224,test,Random IL,IL,E,Surface tension multi-split parity plot,True
1420,1-methyl-3-octylimidazolium bis(trifluoromethylsulfonyl)imide,CCCCCCCCn1cc[n+](C)c1.O=S(=O)([N-]S(=O)(=O)C(F)(F)F)C(F)(F)F,412.9,,SurfaceTension,0.023100002,0.024091762,0.0009917598,test,Random IL,IL,E,Surface tension multi-split parity plot,True
1422,1-methyl-3-octylimidazolium bis(trifluoromethylsulfonyl)imide,CCCCCCCCn1cc[n+](C)c1.O=S(=O)([N-]S(=O)(=O)C(F)(F)F)C(F)(F)F,413.4,,SurfaceTension,0.024300002,0.024068924,0.0002310779,test,Random IL,IL,E,Surface tension multi-split parity plot,True
1426,1-methyl-3-octylimidazolium bis(trifluoromethylsulfonyl)imide,CCCCCCCCn1cc[n+](C)c1.O=S(=O)([N-]S(=O)(=O)C(F)(F)F)C(F)(F)F,432.8,,SurfaceTension,0.0221,0.023173308,0.0010733083,test,Random IL,IL,E,Surface tension multi-split parity plot,True
1428,1-methyl-3-octylimidazolium bis(trifluoromethylsulfonyl)imide,CCCCCCCCn1cc[n+](C)c1.O=S(=O)([N-]S(=O)(=O)C(F)(F)F)C(F)(F)F,433.3,,SurfaceTension,0.023199996,0.023149744,5.0252303e-05,test,Random IL,IL,E,Surface tension multi-split parity plot,True
1432,1-methyl-3-octylimidazolium bis(trifluoromethylsulfonyl)imide,CCCCCCCCn1cc[n+](C)c1.O=S(=O)([N-]S(=O)(=O)C(F)(F)F)C(F)(F)F,452.5,,SurfaceTension,0.0215,0.022216015,0.00071601383,test,Random IL,IL,E,Surface tension multi-split parity plot,True
1434,1-methyl-3-octylimidazolium bis(trifluoromethylsulfonyl)imide,CCCCCCCCn1cc[n+](C)c1.O=S(=O)([N-]S(=O)(=O)C(F)(F)F)C(F)(F)F,453.4,,SurfaceTension,0.0221,0.022170797,7.079728e-05,test,Random IL,IL,E,Surface tension multi-split parity plot,True
1438,1-methyl-3-octylimidazolium bis(trifluoromethylsulfonyl)imide,CCCCCCCCn1cc[n+](C)c1.O=S(=O)([N-]S(=O)(=O)C(F)(F)F)C(F)(F)F,472.4,,SurfaceTension,0.019699998,0.021189047,0.0014890488,test,Random IL,IL,E,Surface tension multi-split parity plot,True
1440,1-methyl-3-octylimidazolium bis(trifluoromethylsulfonyl)imide,CCCCCCCCn1cc[n+](C)c1.O=S(=O)([N-]S(=O)(=O)C(F)(F)F)C(F)(F)F,473.6,,SurfaceTension,0.0207,0.021125624,0.00042562373,test,Random IL,IL,E,Surface tension multi-split parity plot,True
1441,1-methyl-3-octylimidazolium bis(trifluoromethylsulfonyl)imide,CCCCCCCCn1cc[n+](C)c1.O=S(=O)([N-]S(=O)(=O)C(F)(F)F)C(F)(F)F,493.0,,SurfaceTension,0.020099998,0.020091888,8.109957e-06,test,Random IL,IL,E,Surface tension multi-split parity plot,True
1442,1-methyl-3-octylimidazolium bis(trifluoromethylsulfonyl)imide,CCCCCCCCn1cc[n+](C)c1.O=S(=O)([N-]S(=O)(=O)C(F)(F)F)C(F)(F)F,512.6,,SurfaceTension,0.019200003,0.019070119,0.00012988411,test,Random IL,IL,E,Surface tension multi-split parity plot,True
994,1-nonyl-3-methylimidazolium tetrafluoroborate,CCCCCCCCC[n+]1ccn(C)c1.F[B-](F)(F)F,269.49,,SurfaceTension,0.03305,0.031773277,0.001276724,test,Random IL,IL,E,Surface tension multi-split parity plot,True
995,1-nonyl-3-methylimidazolium tetrafluoroborate,CCCCCCCCC[n+]1ccn(C)c1.F[B-](F)(F)F,274.62,,SurfaceTension,0.032749996,0.031637844,0.0011121519,test,Random IL,IL,E,Surface tension multi-split parity plot,True
997,1-nonyl-3-methylimidazolium tetrafluoroborate,CCCCCCCCC[n+]1ccn(C)c1.F[B-](F)(F)F,278.42,,SurfaceTension,0.0326,0.031528104,0.0010718964,test,Random IL,IL,E,Surface tension multi-split parity plot,True
999,1-nonyl-3-methylimidazolium tetrafluoroborate,CCCCCCCCC[n+]1ccn(C)c1.F[B-](F)(F)F,283.61,,SurfaceTension,0.032090005,0.03135921,0.0007307939,test,Random IL,IL,E,Surface tension multi-split parity plot,True
1000,1-nonyl-3-methylimidazolium tetrafluoroborate,CCCCCCCCC[n+]1ccn(C)c1.F[B-](F)(F)F,283.73,,SurfaceTension,0.03233,0.03135501,0.0009749904,test,Random IL,IL,E,Surface tension multi-split parity plot,True
1002,1-nonyl-3-methylimidazolium tetrafluoroborate,CCCCCCCCC[n+]1ccn(C)c1.F[B-](F)(F)F,288.37,,SurfaceTension,0.031879995,0.031182028,0.00069796667,test,Random IL,IL,E,Surface tension multi-split parity plot,True
1004,1-nonyl-3-methylimidazolium tetrafluoroborate,CCCCCCCCC[n+]1ccn(C)c1.F[B-](F)(F)F,288.41,,SurfaceTension,0.03214,0.031180443,0.0009595584,test,Random IL,IL,E,Surface tension multi-split parity plot,True
1006,1-nonyl-3-methylimidazolium tetrafluoroborate,CCCCCCCCC[n+]1ccn(C)c1.F[B-](F)(F)F,293.36,,SurfaceTension,0.031745,0.030974027,0.0007709749,test,Random IL,IL,E,Surface tension multi-split parity plot,True
1007,1-nonyl-3-methylimidazolium tetrafluoroborate,CCCCCCCCC[n+]1ccn(C)c1.F[B-](F)(F)F,298.28,,SurfaceTension,0.03159,0.030750284,0.0008397158,test,Random IL,IL,E,Surface tension multi-split parity plot,True
1008,1-nonyl-3-methylimidazolium tetrafluoroborate,CCCCCCCCC[n+]1ccn(C)c1.F[B-](F)(F)F,298.31,,SurfaceTension,0.031449996,0.03074888,0.0007011164,test,Random IL,IL,E,Surface tension multi-split parity plot,True
1010,1-nonyl-3-methylimidazolium tetrafluoroborate,CCCCCCCCC[n+]1ccn(C)c1.F[B-](F)(F)F,303.11,,SurfaceTension,0.031380005,0.0305171,0.00086290576,test,Random IL,IL,E,Surface tension multi-split parity plot,True
1011,1-nonyl-3-methylimidazolium tetrafluoroborate,CCCCCCCCC[n+]1ccn(C)c1.F[B-](F)(F)F,303.12,,SurfaceTension,0.031290002,0.03051661,0.0007733926,test,Random IL,IL,E,Surface tension multi-split parity plot,True
1013,1-nonyl-3-methylimidazolium tetrafluoroborate,CCCCCCCCC[n+]1ccn(C)c1.F[B-](F)(F)F,308.07,,SurfaceTension,0.031200001,0.030267825,0.00093217567,test,Random IL,IL,E,Surface tension multi-split parity plot,True
1015,1-nonyl-3-methylimidazolium tetrafluoroborate,CCCCCCCCC[n+]1ccn(C)c1.F[B-](F)(F)F,308.11,,SurfaceTension,0.0311,0.03026579,0.00083420984,test,Random IL,IL,E,Surface tension multi-split parity plot,True
1016,1-nonyl-3-methylimidazolium tetrafluoroborate,CCCCCCCCC[n+]1ccn(C)c1.F[B-](F)(F)F,313.04,,SurfaceTension,0.030899998,0.030011486,0.00088851154,test,Random IL,IL,E,Surface tension multi-split parity plot,True
1017,1-nonyl-3-methylimidazolium tetrafluoroborate,CCCCCCCCC[n+]1ccn(C)c1.F[B-](F)(F)F,313.06,,SurfaceTension,0.030810002,0.03001045,0.0007995516,test,Random IL,IL,E,Surface tension multi-split parity plot,True
1019,1-nonyl-3-methylimidazolium tetrafluoroborate,CCCCCCCCC[n+]1ccn(C)c1.F[B-](F)(F)F,317.79,,SurfaceTension,0.030649994,0.02976288,0.0008871127,test,Random IL,IL,E,Surface tension multi-split parity plot,True
1020,1-nonyl-3-methylimidazolium tetrafluoroborate,CCCCCCCCC[n+]1ccn(C)c1.F[B-](F)(F)F,317.83,,SurfaceTension,0.030660003,0.02976078,0.0008992236,test,Random IL,IL,E,Surface tension multi-split parity plot,True
1022,1-nonyl-3-methylimidazolium tetrafluoroborate,CCCCCCCCC[n+]1ccn(C)c1.F[B-](F)(F)F,322.85,,SurfaceTension,0.03043,0.02949646,0.000933541,test,Random IL,IL,E,Surface tension multi-split parity plot,True
1024,1-nonyl-3-methylimidazolium tetrafluoroborate,CCCCCCCCC[n+]1ccn(C)c1.F[B-](F)(F)F,322.9,,SurfaceTension,0.03039,0.029493824,0.0008961763,test,Random IL,IL,E,Surface tension multi-split parity plot,True
1025,1-nonyl-3-methylimidazolium tetrafluoroborate,CCCCCCCCC[n+]1ccn(C)c1.F[B-](F)(F)F,328.72,,SurfaceTension,0.03017,0.029187992,0.000982007,test,Random IL,IL,E,Surface tension multi-split parity plot,True
1026,1-nonyl-3-methylimidazolium tetrafluoroborate,CCCCCCCCC[n+]1ccn(C)c1.F[B-](F)(F)F,328.74,,SurfaceTension,0.030119998,0.02918695,0.00093304925,test,Random IL,IL,E,Surface tension multi-split parity plot,True
1029,1-nonyl-3-methylimidazolium tetrafluoroborate,CCCCCCCCC[n+]1ccn(C)c1.F[B-](F)(F)F,333.58,,SurfaceTension,0.02992,0.028934969,0.000985032,test,Random IL,IL,E,Surface tension multi-split parity plot,True
1030,1-nonyl-3-methylimidazolium tetrafluoroborate,CCCCCCCCC[n+]1ccn(C)c1.F[B-](F)(F)F,338.63,,SurfaceTension,0.029709999,0.028675787,0.0010342114,test,Random IL,IL,E,Surface tension multi-split parity plot,True
1032,1-nonyl-3-methylimidazolium tetrafluoroborate,CCCCCCCCC[n+]1ccn(C)c1.F[B-](F)(F)F,338.67,,SurfaceTension,0.029669994,0.028673751,0.0009962432,test,Random IL,IL,E,Surface tension multi-split parity plot,True
1034,1-nonyl-3-methylimidazolium tetrafluoroborate,CCCCCCCCC[n+]1ccn(C)c1.F[B-](F)(F)F,342.37,,SurfaceTension,0.029489998,0.02848695,0.0010030475,test,Random IL,IL,E,Surface tension multi-split parity plot,True
1035,1-nonyl-3-methylimidazolium tetrafluoroborate,CCCCCCCCC[n+]1ccn(C)c1.F[B-](F)(F)F,342.48,,SurfaceTension,0.029520001,0.028481442,0.0010385588,test,Random IL,IL,E,Surface tension multi-split parity plot,True
1036,1-nonyl-3-methylimidazolium tetrafluoroborate,CCCCCCCCC[n+]1ccn(C)c1.F[B-](F)(F)F,348.12,,SurfaceTension,0.029300002,0.028202636,0.0010973662,test,Random IL,IL,E,Surface tension multi-split parity plot,True
1037,1-nonyl-3-methylimidazolium tetrafluoroborate,CCCCCCCCC[n+]1ccn(C)c1.F[B-](F)(F)F,348.21,,SurfaceTension,0.02922,0.028198246,0.001021754,test,Random IL,IL,E,Surface tension multi-split parity plot,True
1039,1-nonyl-3-methylimidazolium tetrafluoroborate,CCCCCCCCC[n+]1ccn(C)c1.F[B-](F)(F)F,352.1,,SurfaceTension,0.02902,0.028010452,0.0010095481,test,Random IL,IL,E,Surface tension multi-split parity plot,True
1041,1-nonyl-3-methylimidazolium tetrafluoroborate,CCCCCCCCC[n+]1ccn(C)c1.F[B-](F)(F)F,353.08,,SurfaceTension,0.029070001,0.027963739,0.0011062622,test,Random IL,IL,E,Surface tension multi-split parity plot,True
1042,1-nonyl-3-methylimidazolium tetrafluoroborate,CCCCCCCCC[n+]1ccn(C)c1.F[B-](F)(F)F,357.88,,SurfaceTension,0.028829997,0.027738351,0.001091646,test,Random IL,IL,E,Surface tension multi-split parity plot,True
1044,1-nonyl-3-methylimidazolium tetrafluoroborate,CCCCCCCCC[n+]1ccn(C)c1.F[B-](F)(F)F,357.99,,SurfaceTension,0.028860003,0.027733251,0.0011267513,test,Random IL,IL,E,Surface tension multi-split parity plot,True
1046,1-nonyl-3-methylimidazolium tetrafluoroborate,CCCCCCCCC[n+]1ccn(C)c1.F[B-](F)(F)F,363.56,,SurfaceTension,0.028580002,0.027478885,0.0011011176,test,Random IL,IL,E,Surface tension multi-split parity plot,True
1047,1-nonyl-3-methylimidazolium tetrafluoroborate,CCCCCCCCC[n+]1ccn(C)c1.F[B-](F)(F)F,363.61,,SurfaceTension,0.028609999,0.027476639,0.00113336,test,Random IL,IL,E,Surface tension multi-split parity plot,True
1996,1-pentyl-3-methylimidazolium thiocyanate,CCCCC[n+]1ccn(C)c1.N#C[S-],293.15,,SurfaceTension,0.0443,0.04323966,0.0010603406,test,Random IL,IL,E,Surface tension multi-split parity plot,True
1998,1-pentyl-3-methylimidazolium thiocyanate,CCCCC[n+]1ccn(C)c1.N#C[S-],298.15,,SurfaceTension,0.043199997,0.042639907,0.00056008995,test,Random IL,IL,E,Surface tension multi-split parity plot,True
2000,1-pentyl-3-methylimidazolium thiocyanate,CCCCC[n+]1ccn(C)c1.N#C[S-],303.15,,SurfaceTension,0.0421,0.041999377,0.000100623816,test,Random IL,IL,E,Surface tension multi-split parity plot,True
2002,1-pentyl-3-methylimidazolium thiocyanate,CCCCC[n+]1ccn(C)c1.N#C[S-],308.15,,SurfaceTension,0.040899996,0.04131893,0.00041893497,test,Random IL,IL,E,Surface tension multi-split parity plot,True
2004,1-pentyl-3-methylimidazolium thiocyanate,CCCCC[n+]1ccn(C)c1.N#C[S-],313.15,,SurfaceTension,0.039799996,0.040604427,0.00080443174,test,Random IL,IL,E,Surface tension multi-split parity plot,True
2006,1-pentyl-3-methylimidazolium thiocyanate,CCCCC[n+]1ccn(C)c1.N#C[S-],318.15,,SurfaceTension,0.0387,0.03986529,0.0011652894,test,Random IL,IL,E,Surface tension multi-split parity plot,True
2008,1-pentyl-3-methylimidazolium thiocyanate,CCCCC[n+]1ccn(C)c1.N#C[S-],323.15,,SurfaceTension,0.037499998,0.03911287,0.0016128719,test,Random IL,IL,E,Surface tension multi-split parity plot,True
2010,1-pentyl-3-methylimidazolium thiocyanate,CCCCC[n+]1ccn(C)c1.N#C[S-],328.15,,SurfaceTension,0.036200006,0.03835911,0.0021591038,test,Random IL,IL,E,Surface tension multi-split parity plot,True
2012,1-pentyl-3-methylimidazolium thiocyanate,CCCCC[n+]1ccn(C)c1.N#C[S-],333.15,,SurfaceTension,0.035200004,0.037615135,0.0024151318,test,Random IL,IL,E,Surface tension multi-split parity plot,True
2014,1-pentyl-3-methylimidazolium thiocyanate,CCCCC[n+]1ccn(C)c1.N#C[S-],338.15,,SurfaceTension,0.0342,0.03689022,0.0026902184,test,Random IL,IL,E,Surface tension multi-split parity plot,True
2016,1-pentyl-3-methylimidazolium thiocyanate,CCCCC[n+]1ccn(C)c1.N#C[S-],343.15,,SurfaceTension,0.033099998,0.03619106,0.0030910634,test,Random IL,IL,E,Surface tension multi-split parity plot,True
133,1-pentylpyridinium acetate,CC(=O)[O-].CCCCC[n+]1ccccc1,293.15,,SurfaceTension,0.050499998,0.048491433,0.0020085648,test,Random IL,IL,E,Surface tension multi-split parity plot,True
135,1-pentylpyridinium acetate,CC(=O)[O-].CCCCC[n+]1ccccc1,298.15,,SurfaceTension,0.0502,0.04815655,0.002043452,test,Random IL,IL,E,Surface tension multi-split parity plot,True
137,1-pentylpyridinium acetate,CC(=O)[O-].CCCCC[n+]1ccccc1,303.15,,SurfaceTension,0.049799994,0.047829293,0.001970701,test,Random IL,IL,E,Surface tension multi-split parity plot,True
139,1-pentylpyridinium acetate,CC(=O)[O-].CCCCC[n+]1ccccc1,308.15,,SurfaceTension,0.049500003,0.047505736,0.001994267,test,Random IL,IL,E,Surface tension multi-split parity plot,True
141,1-pentylpyridinium acetate,CC(=O)[O-].CCCCC[n+]1ccccc1,313.15,,SurfaceTension,0.049099997,0.047181047,0.0019189492,test,Random IL,IL,E,Surface tension multi-split parity plot,True
143,1-pentylpyridinium acetate,CC(=O)[O-].CCCCC[n+]1ccccc1,318.15,,SurfaceTension,0.048699994,0.046849947,0.0018500462,test,Random IL,IL,E,Surface tension multi-split parity plot,True
145,1-pentylpyridinium acetate,CC(=O)[O-].CCCCC[n+]1ccccc1,323.15,,SurfaceTension,0.048500005,0.046507467,0.0019925386,test,Random IL,IL,E,Surface tension multi-split parity plot,True
147,1-pentylpyridinium acetate,CC(=O)[O-].CCCCC[n+]1ccccc1,328.15,,SurfaceTension,0.0481,0.04614925,0.0019507483,test,Random IL,IL,E,Surface tension multi-split parity plot,True
149,1-pentylpyridinium acetate,CC(=O)[O-].CCCCC[n+]1ccccc1,333.15,,SurfaceTension,0.04780001,0.04577164,0.0020283684,test,Random IL,IL,E,Surface tension multi-split parity plot,True
151,1-pentylpyridinium acetate,CC(=O)[O-].CCCCC[n+]1ccccc1,338.15,,SurfaceTension,0.0474,0.04537155,0.0020284504,test,Random IL,IL,E,Surface tension multi-split parity plot,True
153,1-pentylpyridinium acetate,CC(=O)[O-].CCCCC[n+]1ccccc1,343.15,,SurfaceTension,0.047,0.044946257,0.0020537414,test,Random IL,IL,E,Surface tension multi-split parity plot,True
2999,1-propylpyridinium bis((trifluoromethyl)sulfonyl)amide,CCC[n+]1ccccc1.O=S(=O)([N-]S(=O)(=O)C(F)(F)F)C(F)(F)F,318.35,,SurfaceTension,0.03452,0.023207702,0.0113122985,test,Random IL,IL,E,Surface tension multi-split parity plot,True
3000,1-propylpyridinium bis((trifluoromethyl)sulfonyl)amide,CCC[n+]1ccccc1.O=S(=O)([N-]S(=O)(=O)C(F)(F)F)C(F)(F)F,318.38,,SurfaceTension,0.034669995,0.023207797,0.011462199,test,Random IL,IL,E,Surface tension multi-split parity plot,True
3002,1-propylpyridinium bis((trifluoromethyl)sulfonyl)amide,CCC[n+]1ccccc1.O=S(=O)([N-]S(=O)(=O)C(F)(F)F)C(F)(F)F,322.86,,SurfaceTension,0.034289997,0.023244267,0.01104573,test,Random IL,IL,E,Surface tension multi-split parity plot,True
3003,1-propylpyridinium bis((trifluoromethyl)sulfonyl)amide,CCC[n+]1ccccc1.O=S(=O)([N-]S(=O)(=O)C(F)(F)F)C(F)(F)F,322.89,,SurfaceTension,0.03446,0.023244644,0.011215357,test,Random IL,IL,E,Surface tension multi-split parity plot,True
3008,1-propylpyridinium bis((trifluoromethyl)sulfonyl)amide,CCC[n+]1ccccc1.O=S(=O)([N-]S(=O)(=O)C(F)(F)F)C(F)(F)F,328.15,,SurfaceTension,0.03402,0.023326833,0.010693166,test,Random IL,IL,E,Surface tension multi-split parity plot,True
3009,1-propylpyridinium bis((trifluoromethyl)sulfonyl)amide,CCC[n+]1ccccc1.O=S(=O)([N-]S(=O)(=O)C(F)(F)F)C(F)(F)F,328.19,,SurfaceTension,0.03421,0.02332755,0.01088245,test,Random IL,IL,E,Surface tension multi-split parity plot,True
3013,1-propylpyridinium bis((trifluoromethyl)sulfonyl)amide,CCC[n+]1ccccc1.O=S(=O)([N-]S(=O)(=O)C(F)(F)F)C(F)(F)F,333.17,,SurfaceTension,0.033750005,0.023420464,0.010329541,test,Random IL,IL,E,Surface tension multi-split parity plot,True
3014,1-propylpyridinium bis((trifluoromethyl)sulfonyl)amide,CCC[n+]1ccccc1.O=S(=O)([N-]S(=O)(=O)C(F)(F)F)C(F)(F)F,333.21,,SurfaceTension,0.03397,0.023421213,0.010548785,test,Random IL,IL,E,Surface tension multi-split parity plot,True
3017,1-propylpyridinium bis((trifluoromethyl)sulfonyl)amide,CCC[n+]1ccccc1.O=S(=O)([N-]S(=O)(=O)C(F)(F)F)C(F)(F)F,338.0,,SurfaceTension,0.033559997,0.023506925,0.010053072,test,Random IL,IL,E,Surface tension multi-split parity plot,True
3016,1-propylpyridinium bis((trifluoromethyl)sulfonyl)amide,CCC[n+]1ccccc1.O=S(=O)([N-]S(=O)(=O)C(F)(F)F)C(F)(F)F,338.03,,SurfaceTension,0.033799995,0.023507427,0.010292567,test,Random IL,IL,E,Surface tension multi-split parity plot,True
3023,1-propylpyridinium bis((trifluoromethyl)sulfonyl)amide,CCC[n+]1ccccc1.O=S(=O)([N-]S(=O)(=O)C(F)(F)F)C(F)(F)F,343.1,,SurfaceTension,0.03335,0.02358258,0.009767419,test,Random IL,IL,E,Surface tension multi-split parity plot,True
3020,1-propylpyridinium bis((trifluoromethyl)sulfonyl)amide,CCC[n+]1ccccc1.O=S(=O)([N-]S(=O)(=O)C(F)(F)F)C(F)(F)F,343.11,,SurfaceTension,0.033559997,0.023582712,0.009977285,test,Random IL,IL,E,Surface tension multi-split parity plot,True
3025,1-propylpyridinium bis((trifluoromethyl)sulfonyl)amide,CCC[n+]1ccccc1.O=S(=O)([N-]S(=O)(=O)C(F)(F)F)C(F)(F)F,347.59,,SurfaceTension,0.03334,0.023630919,0.009709081,test,Random IL,IL,E,Surface tension multi-split parity plot,True
3026,1-propylpyridinium bis((trifluoromethyl)sulfonyl)amide,CCC[n+]1ccccc1.O=S(=O)([N-]S(=O)(=O)C(F)(F)F)C(F)(F)F,347.63,,SurfaceTension,0.033129998,0.023631262,0.009498736,test,Random IL,IL,E,Surface tension multi-split parity plot,True
3029,1-propylpyridinium bis((trifluoromethyl)sulfonyl)amide,CCC[n+]1ccccc1.O=S(=O)([N-]S(=O)(=O)C(F)(F)F)C(F)(F)F,353.31,,SurfaceTension,0.032870002,0.023665398,0.009204604,test,Random IL,IL,E,Surface tension multi-split parity plot,True
3030,1-propylpyridinium bis((trifluoromethyl)sulfonyl)amide,CCC[n+]1ccccc1.O=S(=O)([N-]S(=O)(=O)C(F)(F)F)C(F)(F)F,353.34,,SurfaceTension,0.033099998,0.023665503,0.009434495,test,Random IL,IL,E,Surface tension multi-split parity plot,True
3034,1-propylpyridinium bis((trifluoromethyl)sulfonyl)amide,CCC[n+]1ccccc1.O=S(=O)([N-]S(=O)(=O)C(F)(F)F)C(F)(F)F,358.35,,SurfaceTension,0.032640003,0.023671154,0.008968849,test,Random IL,IL,E,Surface tension multi-split parity plot,True
3035,1-propylpyridinium bis((trifluoromethyl)sulfonyl)amide,CCC[n+]1ccccc1.O=S(=O)([N-]S(=O)(=O)C(F)(F)F)C(F)(F)F,358.37,,SurfaceTension,0.032819998,0.023671133,0.009148864,test,Random IL,IL,E,Surface tension multi-split parity plot,True
3036,1-propylpyridinium bis((trifluoromethyl)sulfonyl)amide,CCC[n+]1ccccc1.O=S(=O)([N-]S(=O)(=O)C(F)(F)F)C(F)(F)F,362.09,,SurfaceTension,0.032430004,0.023661513,0.008768491,test,Random IL,IL,E,Surface tension multi-split parity plot,True
3038,1-propylpyridinium bis((trifluoromethyl)sulfonyl)amide,CCC[n+]1ccccc1.O=S(=O)([N-]S(=O)(=O)C(F)(F)F)C(F)(F)F,362.18,,SurfaceTension,0.032609995,0.02366114,0.008948855,test,Random IL,IL,E,Surface tension multi-split parity plot,True
4650,1H-imidazolium octanoate,c1c[nH+]c[nH]1.CCCCCCCC(=O)[O-],298.15,,SurfaceTension,0.0328,0.033027757,0.0002277568,test,Random IL,IL,E,Surface tension multi-split parity plot,True
4625,"2,3-dimethyl-1-propylimidazolium hydrogensulfate",S(=O)(=O)(O)[O-].CC=1N(C=C[N+]1C)CCC,288.15,,SurfaceTension,0.04769999,0.045305904,0.0023940876,test,Random IL,IL,E,Surface tension multi-split parity plot,True
4627,"2,3-dimethyl-1-propylimidazolium hydrogensulfate",S(=O)(=O)(O)[O-].CC=1N(C=C[N+]1C)CCC,293.15,,SurfaceTension,0.0474,0.045216173,0.0021838285,test,Random IL,IL,E,Surface tension multi-split parity plot,True
4629,"2,3-dimethyl-1-propylimidazolium hydrogensulfate",S(=O)(=O)(O)[O-].CC=1N(C=C[N+]1C)CCC,298.15,,SurfaceTension,0.047199998,0.04511139,0.0020886064,test,Random IL,IL,E,Surface tension multi-split parity plot,True
4631,"2,3-dimethyl-1-propylimidazolium hydrogensulfate",S(=O)(=O)(O)[O-].CC=1N(C=C[N+]1C)CCC,303.15,,SurfaceTension,0.046899993,0.044977173,0.0019228198,test,Random IL,IL,E,Surface tension multi-split parity plot,True
4633,"2,3-dimethyl-1-propylimidazolium hydrogensulfate",S(=O)(=O)(O)[O-].CC=1N(C=C[N+]1C)CCC,308.15,,SurfaceTension,0.0466,0.04479834,0.0018016584,test,Random IL,IL,E,Surface tension multi-split parity plot,True
4635,"2,3-dimethyl-1-propylimidazolium hydrogensulfate",S(=O)(=O)(O)[O-].CC=1N(C=C[N+]1C)CCC,313.15,,SurfaceTension,0.046299998,0.044561207,0.0017387904,test,Random IL,IL,E,Surface tension multi-split parity plot,True
4637,"2,3-dimethyl-1-propylimidazolium hydrogensulfate",S(=O)(=O)(O)[O-].CC=1N(C=C[N+]1C)CCC,318.15,,SurfaceTension,0.0461,0.044255927,0.0018440746,test,Random IL,IL,E,Surface tension multi-split parity plot,True
4639,"2,3-dimethyl-1-propylimidazolium hydrogensulfate",S(=O)(=O)(O)[O-].CC=1N(C=C[N+]1C)CCC,323.15,,SurfaceTension,0.045800004,0.04387847,0.0019215345,test,Random IL,IL,E,Surface tension multi-split parity plot,True
4641,"2,3-dimethyl-1-propylimidazolium hydrogensulfate",S(=O)(=O)(O)[O-].CC=1N(C=C[N+]1C)CCC,328.15,,SurfaceTension,0.045499995,0.04343198,0.0020680167,test,Random IL,IL,E,Surface tension multi-split parity plot,True
4643,"2,3-dimethyl-1-propylimidazolium hydrogensulfate",S(=O)(=O)(O)[O-].CC=1N(C=C[N+]1C)CCC,333.15,,SurfaceTension,0.045199994,0.04292637,0.002273623,test,Random IL,IL,E,Surface tension multi-split parity plot,True
4645,"2,3-dimethyl-1-propylimidazolium hydrogensulfate",S(=O)(=O)(O)[O-].CC=1N(C=C[N+]1C)CCC,338.15,,SurfaceTension,0.044899996,0.04279064,0.0021093562,test,Random IL,IL,E,Surface tension multi-split parity plot,True
4647,"2,3-dimethyl-1-propylimidazolium hydrogensulfate",S(=O)(=O)(O)[O-].CC=1N(C=C[N+]1C)CCC,343.15,,SurfaceTension,0.04469999,0.042193063,0.0025069267,test,Random IL,IL,E,Surface tension multi-split parity plot,True
277,2-hydroxyethylammonium lactate,CC(O)C(=O)[O-].[NH3+]CCO,298.15,,SurfaceTension,0.053599995,0.051356364,0.0022436306,test,Random IL,IL,E,Surface tension multi-split parity plot,True
281,2-hydroxyethylammonium lactate,CC(O)C(=O)[O-].[NH3+]CCO,300.1,,SurfaceTension,0.057199996,0.05104205,0.006157946,test,Random IL,IL,E,Surface tension multi-split parity plot,True
284,2-hydroxyethylammonium lactate,CC(O)C(=O)[O-].[NH3+]CCO,303.15,,SurfaceTension,0.052899994,0.050557744,0.0023422502,test,Random IL,IL,E,Surface tension multi-split parity plot,True
288,2-hydroxyethylammonium lactate,CC(O)C(=O)[O-].[NH3+]CCO,308.15,,SurfaceTension,0.052299995,0.049783353,0.0025166422,test,Random IL,IL,E,Surface tension multi-split parity plot,True
292,2-hydroxyethylammonium lactate,CC(O)C(=O)[O-].[NH3+]CCO,313.15,,SurfaceTension,0.051700003,0.049033694,0.0026663095,test,Random IL,IL,E,Surface tension multi-split parity plot,True
295,2-hydroxyethylammonium lactate,CC(O)C(=O)[O-].[NH3+]CCO,318.15,,SurfaceTension,0.051100004,0.04830868,0.0027913228,test,Random IL,IL,E,Surface tension multi-split parity plot,True
298,2-hydroxyethylammonium lactate,CC(O)C(=O)[O-].[NH3+]CCO,323.15,,SurfaceTension,0.050499998,0.047606785,0.0028932132,test,Random IL,IL,E,Surface tension multi-split parity plot,True
301,2-hydroxyethylammonium lactate,CC(O)C(=O)[O-].[NH3+]CCO,328.15,,SurfaceTension,0.049999993,0.046924528,0.0030754656,test,Random IL,IL,E,Surface tension multi-split parity plot,True
4327,"3,3'-(1,12-dodecanediyl)bis[1-methylimidazolium] bis((perfluoroethyl)sulfonyl)amide",C[n+]1ccn(CCCCCCCCCCCCn2cc[n+](C)c2)c1.O=S(=O)([N-]S(=O)(=O)C(F)(F)C(F)(F)F)C(F)(F)C(F)(F)F.O=S(=O)([N-]S(=O)(=O)C(F)(F)C(F)(F)F)C(F)(F)C(F)(F)F,297.0,,SurfaceTension,0.035599995,0.038431656,0.0028316602,test,Random IL,IL,E,Surface tension multi-split parity plot,True
3137,3-(2-cyanoethyl)-1-(2-ethoxyethyl)imidazolium trifluoroacetate,CCOCC[n+]1ccn(CCC#N)c1.O=C([O-])C(F)(F)F,293.1,,SurfaceTension,0.040950004,0.035087377,0.005862627,test,Random IL,IL,E,Surface tension multi-split parity plot,True
3139,3-(2-cyanoethyl)-1-(2-ethoxyethyl)imidazolium trifluoroacetate,CCOCC[n+]1ccn(CCC#N)c1.O=C([O-])C(F)(F)F,313.0,,SurfaceTension,0.03899,0.03259969,0.006390307,test,Random IL,IL,E,Surface tension multi-split parity plot,True
3142,3-(2-cyanoethyl)-1-(2-ethoxyethyl)imidazolium trifluoroacetate,CCOCC[n+]1ccn(CCC#N)c1.O=C([O-])C(F)(F)F,332.9,,SurfaceTension,0.03751,0.029737543,0.007772457,test,Random IL,IL,E,Surface tension multi-split parity plot,True
3146,3-(2-cyanoethyl)-1-(2-ethoxyethyl)imidazolium trifluoroacetate,CCOCC[n+]1ccn(CCC#N)c1.O=C([O-])C(F)(F)F,353.1,,SurfaceTension,0.036299996,0.027466394,0.008833602,test,Random IL,IL,E,Surface tension multi-split parity plot,True
3149,3-(ethoxymethyl)-1-methylimidazolium bis((trifluoromethyl)sulfonyl)amide,CCOCn1cc[n+](C)c1.O=S(=O)([N-]S(=O)(=O)C(F)(F)F)C(F)(F)F,283.15,,SurfaceTension,0.035800003,0.03599966,0.00019965693,test,Random IL,IL,E,Surface tension multi-split parity plot,True
3151,3-(ethoxymethyl)-1-methylimidazolium bis((trifluoromethyl)sulfonyl)amide,CCOCn1cc[n+](C)c1.O=S(=O)([N-]S(=O)(=O)C(F)(F)F)C(F)(F)F,293.15,,SurfaceTension,0.034599997,0.03550863,0.00090863183,test,Random IL,IL,E,Surface tension multi-split parity plot,True
3153,3-(ethoxymethyl)-1-methylimidazolium bis((trifluoromethyl)sulfonyl)amide,CCOCn1cc[n+](C)c1.O=S(=O)([N-]S(=O)(=O)C(F)(F)F)C(F)(F)F,298.15,,SurfaceTension,0.034240004,0.035240076,0.0010000728,test,Random IL,IL,E,Surface tension multi-split parity plot,True
3155,3-(ethoxymethyl)-1-methylimidazolium bis((trifluoromethyl)sulfonyl)amide,CCOCn1cc[n+](C)c1.O=S(=O)([N-]S(=O)(=O)C(F)(F)F)C(F)(F)F,303.15,,SurfaceTension,0.03371,0.03495489,0.0012448914,test,Random IL,IL,E,Surface tension multi-split parity plot,True
3157,3-(ethoxymethyl)-1-methylimidazolium bis((trifluoromethyl)sulfonyl)amide,CCOCn1cc[n+](C)c1.O=S(=O)([N-]S(=O)(=O)C(F)(F)F)C(F)(F)F,313.15,,SurfaceTension,0.03308,0.034332726,0.0012527257,test,Random IL,IL,E,Surface tension multi-split parity plot,True
3159,3-(ethoxymethyl)-1-methylimidazolium bis((trifluoromethyl)sulfonyl)amide,CCOCn1cc[n+](C)c1.O=S(=O)([N-]S(=O)(=O)C(F)(F)F)C(F)(F)F,323.15,,SurfaceTension,0.0326,0.033643603,0.0010436028,test,Random IL,IL,E,Surface tension multi-split parity plot,True
3161,3-(ethoxymethyl)-1-methylimidazolium bis((trifluoromethyl)sulfonyl)amide,CCOCn1cc[n+](C)c1.O=S(=O)([N-]S(=O)(=O)C(F)(F)F)C(F)(F)F,333.15,,SurfaceTension,0.032090005,0.032898337,0.0008083321,test,Random IL,IL,E,Surface tension multi-split parity plot,True
3163,3-(ethoxymethyl)-1-methylimidazolium bis((trifluoromethyl)sulfonyl)amide,CCOCn1cc[n+](C)c1.O=S(=O)([N-]S(=O)(=O)C(F)(F)F)C(F)(F)F,343.15,,SurfaceTension,0.031650003,0.03211552,0.000465516,test,Random IL,IL,E,Surface tension multi-split parity plot,True
3165,3-(ethoxymethyl)-1-methylimidazolium bis((trifluoromethyl)sulfonyl)amide,CCOCn1cc[n+](C)c1.O=S(=O)([N-]S(=O)(=O)C(F)(F)F)C(F)(F)F,353.15,,SurfaceTension,0.030889997,0.031320505,0.00043050759,test,Random IL,IL,E,Surface tension multi-split parity plot,True
3069,3-methyl-1-propyl-1H-imidazolium (S)-2-amino-4-carboxybutanoate,CCC[n+]1ccn(C)c1.N[C@@H](CCC(=O)O)C(=O)[O-],298.15,,SurfaceTension,0.060799997,0.04960068,0.011199318,test,Random IL,IL,E,Surface tension multi-split parity plot,True
3081,3-methyl-1-propyl-1H-imidazolium (S)-2-amino-4-carboxybutanoate,CCC[n+]1ccn(C)c1.N[C@@H](CCC(=O)O)C(=O)[O-],318.15,,SurfaceTension,0.054699995,0.04536918,0.009330813,test,Random IL,IL,E,Surface tension multi-split parity plot,True
3085,3-methyl-1-propyl-1H-imidazolium (S)-2-amino-4-carboxybutanoate,CCC[n+]1ccn(C)c1.N[C@@H](CCC(=O)O)C(=O)[O-],323.15,,SurfaceTension,0.053199995,0.04429114,0.008908857,test,Random IL,IL,E,Surface tension multi-split parity plot,True
3090,3-methyl-1-propyl-1H-imidazolium (S)-2-amino-4-carboxybutanoate,CCC[n+]1ccn(C)c1.N[C@@H](CCC(=O)O)C(=O)[O-],328.15,,SurfaceTension,0.051800005,0.04321401,0.008585997,test,Random IL,IL,E,Surface tension multi-split parity plot,True
3094,3-methyl-1-propyl-1H-imidazolium (S)-2-amino-4-carboxybutanoate,CCC[n+]1ccn(C)c1.N[C@@H](CCC(=O)O)C(=O)[O-],333.15,,SurfaceTension,0.05009999,0.042146992,0.007952999,test,Random IL,IL,E,Surface tension multi-split parity plot,True
3099,3-methyl-1-propyl-1H-imidazolium (S)-2-amino-4-carboxybutanoate,CCC[n+]1ccn(C)c1.N[C@@H](CCC(=O)O)C(=O)[O-],338.15,,SurfaceTension,0.048699994,0.04109848,0.0076015145,test,Random IL,IL,E,Surface tension multi-split parity plot,True
2847,3-methyl-1-propylpyridinium bis(trifluoromethylsulfonyl)imide,CCC[n+]1cccc(C)c1.O=S(=O)([N-]S(=O)(=O)C(F)(F)F)C(F)(F)F,264.14,,SurfaceTension,0.03635,0.037504423,0.0011544228,test,Random IL,IL,E,Surface tension multi-split parity plot,True
2849,3-methyl-1-propylpyridinium bis(trifluoromethylsulfonyl)imide,CCC[n+]1cccc(C)c1.O=S(=O)([N-]S(=O)(=O)C(F)(F)F)C(F)(F)F,268.06,,SurfaceTension,0.036229998,0.037382733,0.0011527352,test,Random IL,IL,E,Surface tension multi-split parity plot,True
2851,3-methyl-1-propylpyridinium bis(trifluoromethylsulfonyl)imide,CCC[n+]1cccc(C)c1.O=S(=O)([N-]S(=O)(=O)C(F)(F)F)C(F)(F)F,273.39,,SurfaceTension,0.0361,0.037213832,0.001113832,test,Random IL,IL,E,Surface tension multi-split parity plot,True
2852,3-methyl-1-propylpyridinium bis(trifluoromethylsulfonyl)imide,CCC[n+]1cccc(C)c1.O=S(=O)([N-]S(=O)(=O)C(F)(F)F)C(F)(F)F,273.45,,SurfaceTension,0.035779998,0.037211895,0.0014318973,test,Random IL,IL,E,Surface tension multi-split parity plot,True
2856,3-methyl-1-propylpyridinium bis(trifluoromethylsulfonyl)imide,CCC[n+]1cccc(C)c1.O=S(=O)([N-]S(=O)(=O)C(F)(F)F)C(F)(F)F,278.42,,SurfaceTension,0.035735004,0.037048373,0.0013133697,test,Random IL,IL,E,Surface tension multi-split parity plot,True
2860,3-methyl-1-propylpyridinium bis(trifluoromethylsulfonyl)imide,CCC[n+]1cccc(C)c1.O=S(=O)([N-]S(=O)(=O)C(F)(F)F)C(F)(F)F,283.19,,SurfaceTension,0.035599995,0.03688408,0.0012840852,test,Random IL,IL,E,Surface tension multi-split parity plot,True
2862,3-methyl-1-propylpyridinium bis(trifluoromethylsulfonyl)imide,CCC[n+]1cccc(C)c1.O=S(=O)([N-]S(=O)(=O)C(F)(F)F)C(F)(F)F,283.2,,SurfaceTension,0.035410002,0.03688373,0.0014737286,test,Random IL,IL,E,Surface tension multi-split parity plot,True
2866,3-methyl-1-propylpyridinium bis(trifluoromethylsulfonyl)imide,CCC[n+]1cccc(C)c1.O=S(=O)([N-]S(=O)(=O)C(F)(F)F)C(F)(F)F,288.5,,SurfaceTension,0.035389997,0.036691107,0.0013011098,test,Random IL,IL,E,Surface tension multi-split parity plot,True
2867,3-methyl-1-propylpyridinium bis(trifluoromethylsulfonyl)imide,CCC[n+]1cccc(C)c1.O=S(=O)([N-]S(=O)(=O)C(F)(F)F)C(F)(F)F,288.67,,SurfaceTension,0.03522,0.03668474,0.0014647394,test,Random IL,IL,E,Surface tension multi-split parity plot,True
2868,3-methyl-1-propylpyridinium bis(trifluoromethylsulfonyl)imide,CCC[n+]1cccc(C)c1.O=S(=O)([N-]S(=O)(=O)C(F)(F)F)C(F)(F)F,292.92,,SurfaceTension,0.035230003,0.036521554,0.0012915507,test,Random IL,IL,E,Surface tension multi-split parity plot,True
2869,3-methyl-1-propylpyridinium bis(trifluoromethylsulfonyl)imide,CCC[n+]1cccc(C)c1.O=S(=O)([N-]S(=O)(=O)C(F)(F)F)C(F)(F)F,292.99,,SurfaceTension,0.035059996,0.036518805,0.0014588088,test,Random IL,IL,E,Surface tension multi-split parity plot,True
2873,3-methyl-1-propylpyridinium bis(trifluoromethylsulfonyl)imide,CCC[n+]1cccc(C)c1.O=S(=O)([N-]S(=O)(=O)C(F)(F)F)C(F)(F)F,293.15,,SurfaceTension,0.035999995,0.03651251,0.00051251426,test,Random IL,IL,E,Surface tension multi-split parity plot,True
2875,3-methyl-1-propylpyridinium bis(trifluoromethylsulfonyl)imide,CCC[n+]1cccc(C)c1.O=S(=O)([N-]S(=O)(=O)C(F)(F)F)C(F)(F)F,293.3,,SurfaceTension,0.034999996,0.03650659,0.0015065931,test,Random IL,IL,E,Surface tension multi-split parity plot,True
2884,3-methyl-1-propylpyridinium bis(trifluoromethylsulfonyl)imide,CCC[n+]1cccc(C)c1.O=S(=O)([N-]S(=O)(=O)C(F)(F)F)C(F)(F)F,298.2,,SurfaceTension,0.034999996,0.03630805,0.0013080537,test,Random IL,IL,E,Surface tension multi-split parity plot,True
2885,3-methyl-1-propylpyridinium bis(trifluoromethylsulfonyl)imide,CCC[n+]1cccc(C)c1.O=S(=O)([N-]S(=O)(=O)C(F)(F)F)C(F)(F)F,298.3,,SurfaceTension,0.0347,0.036303885,0.0016038865,test,Random IL,IL,E,Surface tension multi-split parity plot,True
2886,3-methyl-1-propylpyridinium bis(trifluoromethylsulfonyl)imide,CCC[n+]1cccc(C)c1.O=S(=O)([N-]S(=O)(=O)C(F)(F)F)C(F)(F)F,298.42,,SurfaceTension,0.03503,0.036298893,0.0012688935,test,Random IL,IL,E,Surface tension multi-split parity plot,True
2888,3-methyl-1-propylpyridinium bis(trifluoromethylsulfonyl)imide,CCC[n+]1cccc(C)c1.O=S(=O)([N-]S(=O)(=O)C(F)(F)F)C(F)(F)F,298.44,,SurfaceTension,0.034879997,0.03629806,0.0014180616,test,Random IL,IL,E,Surface tension multi-split parity plot,True
2899,3-methyl-1-propylpyridinium bis(trifluoromethylsulfonyl)imide,CCC[n+]1cccc(C)c1.O=S(=O)([N-]S(=O)(=O)C(F)(F)F)C(F)(F)F,303.1,,SurfaceTension,0.03483,0.03609943,0.0012694299,test,Random IL,IL,E,Surface tension multi-split parity plot,True
2893,3-methyl-1-propylpyridinium bis(trifluoromethylsulfonyl)imide,CCC[n+]1cccc(C)c1.O=S(=O)([N-]S(=O)(=O)C(F)(F)F)C(F)(F)F,303.12,,SurfaceTension,0.034679998,0.03609856,0.0014185607,test,Random IL,IL,E,Surface tension multi-split parity plot,True
2896,3-methyl-1-propylpyridinium bis(trifluoromethylsulfonyl)imide,CCC[n+]1cccc(C)c1.O=S(=O)([N-]S(=O)(=O)C(F)(F)F)C(F)(F)F,303.15,,SurfaceTension,0.035529997,0.03609725,0.0005672537,test,Random IL,IL,E,Surface tension multi-split parity plot,True
2900,3-methyl-1-propylpyridinium bis(trifluoromethylsulfonyl)imide,CCC[n+]1cccc(C)c1.O=S(=O)([N-]S(=O)(=O)C(F)(F)F)C(F)(F)F,303.3,,SurfaceTension,0.034499995,0.036090713,0.0015907176,test,Random IL,IL,E,Surface tension multi-split parity plot,True
2905,3-methyl-1-propylpyridinium bis(trifluoromethylsulfonyl)imide,CCC[n+]1cccc(C)c1.O=S(=O)([N-]S(=O)(=O)C(F)(F)F)C(F)(F)F,308.03,,SurfaceTension,0.034639996,0.035880107,0.0012401119,test,Random IL,IL,E,Surface tension multi-split parity plot,True
2906,3-methyl-1-propylpyridinium bis(trifluoromethylsulfonyl)imide,CCC[n+]1cccc(C)c1.O=S(=O)([N-]S(=O)(=O)C(F)(F)F)C(F)(F)F,308.04,,SurfaceTension,0.03453,0.035879657,0.0013496578,test,Random IL,IL,E,Surface tension multi-split parity plot,True
2915,3-methyl-1-propylpyridinium bis(trifluoromethylsulfonyl)imide,CCC[n+]1cccc(C)c1.O=S(=O)([N-]S(=O)(=O)C(F)(F)F)C(F)(F)F,312.72,,SurfaceTension,0.034289997,0.03566372,0.0013737231,test,Random IL,IL,E,Surface tension multi-split parity plot,True
2916,3-methyl-1-propylpyridinium bis(trifluoromethylsulfonyl)imide,CCC[n+]1cccc(C)c1.O=S(=O)([N-]S(=O)(=O)C(F)(F)F)C(F)(F)F,312.75,,SurfaceTension,0.03439,0.03566231,0.0012723096,test,Random IL,IL,E,Surface tension multi-split parity plot,True
2920,3-methyl-1-propylpyridinium bis(trifluoromethylsulfonyl)imide,CCC[n+]1cccc(C)c1.O=S(=O)([N-]S(=O)(=O)C(F)(F)F)C(F)(F)F,313.15,,SurfaceTension,0.0351,0.03564354,0.0005435385,test,Random IL,IL,E,Surface tension multi-split parity plot,True
2922,3-methyl-1-propylpyridinium bis(trifluoromethylsulfonyl)imide,CCC[n+]1cccc(C)c1.O=S(=O)([N-]S(=O)(=O)C(F)(F)F)C(F)(F)F,313.2,,SurfaceTension,0.033899996,0.035641193,0.001741197,test,Random IL,IL,E,Surface tension multi-split parity plot,True
2930,3-methyl-1-propylpyridinium bis(trifluoromethylsulfonyl)imide,CCC[n+]1cccc(C)c1.O=S(=O)([N-]S(=O)(=O)C(F)(F)F)C(F)(F)F,318.22,,SurfaceTension,0.034119997,0.035401903,0.0012819059,test,Random IL,IL,E,Surface tension multi-split parity plot,True
2931,3-methyl-1-propylpyridinium bis(trifluoromethylsulfonyl)imide,CCC[n+]1cccc(C)c1.O=S(=O)([N-]S(=O)(=O)C(F)(F)F)C(F)(F)F,318.25,,SurfaceTension,0.03408,0.03540046,0.0013204627,test,Random IL,IL,E,Surface tension multi-split parity plot,True
2939,3-methyl-1-propylpyridinium bis(trifluoromethylsulfonyl)imide,CCC[n+]1cccc(C)c1.O=S(=O)([N-]S(=O)(=O)C(F)(F)F)C(F)(F)F,323.15,,SurfaceTension,0.03453,0.035161246,0.0006312467,test,Random IL,IL,E,Surface tension multi-split parity plot,True
2940,3-methyl-1-propylpyridinium bis(trifluoromethylsulfonyl)imide,CCC[n+]1cccc(C)c1.O=S(=O)([N-]S(=O)(=O)C(F)(F)F)C(F)(F)F,323.19,,SurfaceTension,0.033909995,0.035159275,0.0012492798,test,Random IL,IL,E,Surface tension multi-split parity plot,True
2944,3-methyl-1-propylpyridinium bis(trifluoromethylsulfonyl)imide,CCC[n+]1cccc(C)c1.O=S(=O)([N-]S(=O)(=O)C(F)(F)F)C(F)(F)F,323.2,,SurfaceTension,0.033400003,0.03515878,0.0017587766,test,Random IL,IL,E,Surface tension multi-split parity plot,True
2942,3-methyl-1-propylpyridinium bis(trifluoromethylsulfonyl)imide,CCC[n+]1cccc(C)c1.O=S(=O)([N-]S(=O)(=O)C(F)(F)F)C(F)(F)F,323.23,,SurfaceTension,0.033949997,0.035157297,0.0012072995,test,Random IL,IL,E,Surface tension multi-split parity plot,True
2949,3-methyl-1-propylpyridinium bis(trifluoromethylsulfonyl)imide,CCC[n+]1cccc(C)c1.O=S(=O)([N-]S(=O)(=O)C(F)(F)F)C(F)(F)F,328.11,,SurfaceTension,0.033670004,0.03491447,0.0012444668,test,Random IL,IL,E,Surface tension multi-split parity plot,True
2962,3-methyl-1-propylpyridinium bis(trifluoromethylsulfonyl)imide,CCC[n+]1cccc(C)c1.O=S(=O)([N-]S(=O)(=O)C(F)(F)F)C(F)(F)F,333.1,,SurfaceTension,0.032999996,0.034662087,0.0016620904,test,Random IL,IL,E,Surface tension multi-split parity plot,True
2960,3-methyl-1-propylpyridinium bis(trifluoromethylsulfonyl)imide,CCC[n+]1cccc(C)c1.O=S(=O)([N-]S(=O)(=O)C(F)(F)F)C(F)(F)F,333.15,,SurfaceTension,0.033755,0.034659542,0.00090454146,test,Random IL,IL,E,Surface tension multi-split parity plot,True
2963,3-methyl-1-propylpyridinium bis(trifluoromethylsulfonyl)imide,CCC[n+]1cccc(C)c1.O=S(=O)([N-]S(=O)(=O)C(F)(F)F)C(F)(F)F,333.21,,SurfaceTension,0.033429995,0.034656487,0.0012264922,test,Random IL,IL,E,Surface tension multi-split parity plot,True
2968,3-methyl-1-propylpyridinium bis(trifluoromethylsulfonyl)imide,CCC[n+]1cccc(C)c1.O=S(=O)([N-]S(=O)(=O)C(F)(F)F)C(F)(F)F,339.21,,SurfaceTension,0.03318,0.034347743,0.0011677444,test,Random IL,IL,E,Surface tension multi-split parity plot,True
2969,3-methyl-1-propylpyridinium bis(trifluoromethylsulfonyl)imide,CCC[n+]1cccc(C)c1.O=S(=O)([N-]S(=O)(=O)C(F)(F)F)C(F)(F)F,339.28,,SurfaceTension,0.03318,0.034344107,0.0011641085,test,Random IL,IL,E,Surface tension multi-split parity plot,True
2970,3-methyl-1-propylpyridinium bis(trifluoromethylsulfonyl)imide,CCC[n+]1cccc(C)c1.O=S(=O)([N-]S(=O)(=O)C(F)(F)F)C(F)(F)F,342.59,,SurfaceTension,0.03303,0.03417127,0.0011412688,test,Random IL,IL,E,Surface tension multi-split parity plot,True
2971,3-methyl-1-propylpyridinium bis(trifluoromethylsulfonyl)imide,CCC[n+]1cccc(C)c1.O=S(=O)([N-]S(=O)(=O)C(F)(F)F)C(F)(F)F,342.65,,SurfaceTension,0.03308,0.034168117,0.0010881163,test,Random IL,IL,E,Surface tension multi-split parity plot,True
2975,3-methyl-1-propylpyridinium bis(trifluoromethylsulfonyl)imide,CCC[n+]1cccc(C)c1.O=S(=O)([N-]S(=O)(=O)C(F)(F)F)C(F)(F)F,343.15,,SurfaceTension,0.033550005,0.034141846,0.0005918406,test,Random IL,IL,E,Surface tension multi-split parity plot,True
2976,3-methyl-1-propylpyridinium bis(trifluoromethylsulfonyl)imide,CCC[n+]1cccc(C)c1.O=S(=O)([N-]S(=O)(=O)C(F)(F)F)C(F)(F)F,343.2,,SurfaceTension,0.0325,0.03413922,0.0016392209,test,Random IL,IL,E,Surface tension multi-split parity plot,True
2977,3-methyl-1-propylpyridinium bis(trifluoromethylsulfonyl)imide,CCC[n+]1cccc(C)c1.O=S(=O)([N-]S(=O)(=O)C(F)(F)F)C(F)(F)F,347.77,,SurfaceTension,0.03285,0.033897012,0.0010470115,test,Random IL,IL,E,Surface tension multi-split parity plot,True
2978,3-methyl-1-propylpyridinium bis(trifluoromethylsulfonyl)imide,CCC[n+]1cccc(C)c1.O=S(=O)([N-]S(=O)(=O)C(F)(F)F)C(F)(F)F,347.91,,SurfaceTension,0.03278,0.033889532,0.001109533,test,Random IL,IL,E,Surface tension multi-split parity plot,True
2982,3-methyl-1-propylpyridinium bis(trifluoromethylsulfonyl)imide,CCC[n+]1cccc(C)c1.O=S(=O)([N-]S(=O)(=O)C(F)(F)F)C(F)(F)F,352.59,,SurfaceTension,0.0327,0.033637412,0.0009374134,test,Random IL,IL,E,Surface tension multi-split parity plot,True
2983,3-methyl-1-propylpyridinium bis(trifluoromethylsulfonyl)imide,CCC[n+]1cccc(C)c1.O=S(=O)([N-]S(=O)(=O)C(F)(F)F)C(F)(F)F,352.62,,SurfaceTension,0.032489996,0.033635784,0.0011457875,test,Random IL,IL,E,Surface tension multi-split parity plot,True
4525,N-butyronitrilepyridinium dicyanamide,N#CCCC[n+]1ccccc1.N#C[N-]C#N,298.1,,SurfaceTension,0.0391,0.053189956,0.014089957,test,Random IL,IL,E,Surface tension multi-split parity plot,True
156,propylammonium acetate,CC(=O)[O-].CCC[NH3+],293.15,,SurfaceTension,0.0335,0.034384884,0.0008848831,test,Random IL,IL,E,Surface tension multi-split parity plot,True
160,propylammonium acetate,CC(=O)[O-].CCC[NH3+],298.15,,SurfaceTension,0.033099998,0.034175057,0.0010750592,test,Random IL,IL,E,Surface tension multi-split parity plot,True
163,propylammonium acetate,CC(=O)[O-].CCC[NH3+],303.15,,SurfaceTension,0.0327,0.033938132,0.0012381338,test,Random IL,IL,E,Surface tension multi-split parity plot,True
166,propylammonium acetate,CC(=O)[O-].CCC[NH3+],308.15,,SurfaceTension,0.0322,0.03366111,0.0014611073,test,Random IL,IL,E,Surface tension multi-split parity plot,True
169,propylammonium acetate,CC(=O)[O-].CCC[NH3+],313.15,,SurfaceTension,0.031799998,0.033333242,0.0015332438,test,Random IL,IL,E,Surface tension multi-split parity plot,True
172,propylammonium acetate,CC(=O)[O-].CCC[NH3+],318.15,,SurfaceTension,0.0314,0.032948665,0.0015486665,test,Random IL,IL,E,Surface tension multi-split parity plot,True
175,propylammonium acetate,CC(=O)[O-].CCC[NH3+],323.15,,SurfaceTension,0.031000003,0.032507252,0.0015072487,test,Random IL,IL,E,Surface tension multi-split parity plot,True
178,propylammonium acetate,CC(=O)[O-].CCC[NH3+],328.15,,SurfaceTension,0.030600002,0.032013714,0.0014137123,test,Random IL,IL,E,Surface tension multi-split parity plot,True
181,propylammonium acetate,CC(=O)[O-].CCC[NH3+],333.15,,SurfaceTension,0.030200003,0.031476688,0.0012766849,test,Random IL,IL,E,Surface tension multi-split parity plot,True
2249,tributyl(2-(ethylthio)ethyl)phosphonium bis(trifluoromethylsulfonyl)amide,CCCC[P+](CCCC)(CCCC)CCSCC.O=S(=O)([N-]S(=O)(=O)C(F)(F)F)C(F)(F)F,293.0,,SurfaceTension,0.030499997,0.03450958,0.004009584,test,Random IL,IL,E,Surface tension multi-split parity plot,True
2247,tributyl(2-(methylthio)ethyl)phosphonium bis(trifluoromethylsulfonyl)amide,CCCC[P+](CCCC)(CCCC)CCSC.O=S(=O)([N-]S(=O)(=O)C(F)(F)F)C(F)(F)F,293.0,,SurfaceTension,0.0311,0.03550766,0.004407661,test,Random IL,IL,E,Surface tension multi-split parity plot,True
2161,tributylmethylammonium bis((trifluoromethyl)sulfonyl)imide,CCCC[N+](C)(CCCC)CCCC.O=S(=O)([N-]S(=O)(=O)C(F)(F)F)C(F)(F)F,293.3,,SurfaceTension,0.030799996,0.036458634,0.0056586377,test,Random IL,IL,E,Surface tension multi-split parity plot,True
2165,tributylmethylammonium bis((trifluoromethyl)sulfonyl)imide,CCCC[N+](C)(CCCC)CCCC.O=S(=O)([N-]S(=O)(=O)C(F)(F)F)C(F)(F)F,298.2,,SurfaceTension,0.030600002,0.03624444,0.005644439,test,Random IL,IL,E,Surface tension multi-split parity plot,True
2168,tributylmethylammonium bis((trifluoromethyl)sulfonyl)imide,CCCC[N+](C)(CCCC)CCCC.O=S(=O)([N-]S(=O)(=O)C(F)(F)F)C(F)(F)F,303.2,,SurfaceTension,0.030200003,0.035963107,0.005763104,test,Random IL,IL,E,Surface tension multi-split parity plot,True
2173,tributylmethylammonium bis((trifluoromethyl)sulfonyl)imide,CCCC[N+](C)(CCCC)CCCC.O=S(=O)([N-]S(=O)(=O)C(F)(F)F)C(F)(F)F,313.2,,SurfaceTension,0.029699998,0.035107307,0.005407309,test,Random IL,IL,E,Surface tension multi-split parity plot,True
2178,tributylmethylammonium bis((trifluoromethyl)sulfonyl)imide,CCCC[N+](C)(CCCC)CCCC.O=S(=O)([N-]S(=O)(=O)C(F)(F)F)C(F)(F)F,323.2,,SurfaceTension,0.029099997,0.033724833,0.004624836,test,Random IL,IL,E,Surface tension multi-split parity plot,True
3982,tributylmethylphosphonium methylsulfate,COS(=O)(=O)[O-].C(CCC)[P+](C)(CCCC)CCCC,293.2,,SurfaceTension,0.0355,0.030972173,0.0045278277,test,Random IL,IL,E,Surface tension multi-split parity plot,True
3986,tributylmethylphosphonium methylsulfate,COS(=O)(=O)[O-].C(CCC)[P+](C)(CCCC)CCCC,298.2,,SurfaceTension,0.0347,0.030625723,0.0040742755,test,Random IL,IL,E,Surface tension multi-split parity plot,True
3990,tributylmethylphosphonium methylsulfate,COS(=O)(=O)[O-].C(CCC)[P+](C)(CCCC)CCCC,303.2,,SurfaceTension,0.034100004,0.030266525,0.0038334783,test,Random IL,IL,E,Surface tension multi-split parity plot,True
3997,tributylmethylphosphonium methylsulfate,COS(=O)(=O)[O-].C(CCC)[P+](C)(CCCC)CCCC,313.1,,SurfaceTension,0.0335,0.029537063,0.0039629377,test,Random IL,IL,E,Surface tension multi-split parity plot,True
4004,tributylmethylphosphonium methylsulfate,COS(=O)(=O)[O-].C(CCC)[P+](C)(CCCC)CCCC,323.1,,SurfaceTension,0.032899998,0.028808516,0.0040914826,test,Random IL,IL,E,Surface tension multi-split parity plot,True
4007,tributylmethylphosphonium methylsulfate,COS(=O)(=O)[O-].C(CCC)[P+](C)(CCCC)CCCC,333.1,,SurfaceTension,0.0322,0.028122121,0.0040778797,test,Random IL,IL,E,Surface tension multi-split parity plot,True
3167,triethyl(2-(ethylthio)ethyl)phosphonium bis(fluorosulfonyl)amide,CCSCC[P+](CC)(CC)CC.O=S(=O)(F)[N-]S(=O)(=O)F,293.0,,SurfaceTension,0.046500005,0.04392299,0.0025770143,test,Random IL,IL,E,Surface tension multi-split parity plot,True
3169,triethyl(2-(ethylthio)ethyl)phosphonium bis(trifluoromethylsulfonyl)amide,CCSCC[P+](CC)(CC)CC.O=S(=O)([N-]S(=O)(=O)C(F)(F)F)C(F)(F)F,293.0,,SurfaceTension,0.035200004,0.04575916,0.010559157,test,Random IL,IL,E,Surface tension multi-split parity plot,True
3170,triethyl(2-(methylthio)ethyl)phosphonium bis(trifluoromethylsulfonyl)amide,CC[P+](CC)(CC)CCSC.O=S(=O)([N-]S(=O)(=O)C(F)(F)F)C(F)(F)F,293.0,,SurfaceTension,0.0369,0.04673138,0.00983138,test,Random IL,IL,E,Surface tension multi-split parity plot,True
1952,triethylpentylammonium bis(trifluoromethylsulfonyl)imide,CCCCC[N+](CC)(CC)CC.O=S(=O)([N-]S(=O)(=O)C(F)(F)F)C(F)(F)F,298.0,,SurfaceTension,0.035700005,0.033699717,0.0020002872,test,Random IL,IL,E,Surface tension multi-split parity plot,True
1955,triethylpentylammonium bis(trifluoromethylsulfonyl)imide,CCCCC[N+](CC)(CC)CC.O=S(=O)([N-]S(=O)(=O)C(F)(F)F)C(F)(F)F,303.0,,SurfaceTension,0.035399996,0.03354979,0.0018502064,test,Random IL,IL,E,Surface tension multi-split parity plot,True
1958,triethylpentylammonium bis(trifluoromethylsulfonyl)imide,CCCCC[N+](CC)(CC)CC.O=S(=O)([N-]S(=O)(=O)C(F)(F)F)C(F)(F)F,308.0,,SurfaceTension,0.034999996,0.033368744,0.0016312525,test,Random IL,IL,E,Surface tension multi-split parity plot,True
1961,triethylpentylammonium bis(trifluoromethylsulfonyl)imide,CCCCC[N+](CC)(CC)CC.O=S(=O)([N-]S(=O)(=O)C(F)(F)F)C(F)(F)F,313.0,,SurfaceTension,0.0347,0.03315293,0.0015470684,test,Random IL,IL,E,Surface tension multi-split parity plot,True
1964,triethylpentylammonium bis(trifluoromethylsulfonyl)imide,CCCCC[N+](CC)(CC)CC.O=S(=O)([N-]S(=O)(=O)C(F)(F)F)C(F)(F)F,318.0,,SurfaceTension,0.0343,0.0328993,0.001400698,test,Random IL,IL,E,Surface tension multi-split parity plot,True
1967,triethylpentylammonium bis(trifluoromethylsulfonyl)imide,CCCCC[N+](CC)(CC)CC.O=S(=O)([N-]S(=O)(=O)C(F)(F)F)C(F)(F)F,323.0,,SurfaceTension,0.034,0.032605506,0.0013944954,test,Random IL,IL,E,Surface tension multi-split parity plot,True
1970,triethylpentylammonium bis(trifluoromethylsulfonyl)imide,CCCCC[N+](CC)(CC)CC.O=S(=O)([N-]S(=O)(=O)C(F)(F)F)C(F)(F)F,328.0,,SurfaceTension,0.033599995,0.032270458,0.0013295375,test,Random IL,IL,E,Surface tension multi-split parity plot,True
1973,triethylpentylammonium bis(trifluoromethylsulfonyl)imide,CCCCC[N+](CC)(CC)CC.O=S(=O)([N-]S(=O)(=O)C(F)(F)F)C(F)(F)F,333.0,,SurfaceTension,0.033299997,0.031895313,0.001404684,test,Random IL,IL,E,Surface tension multi-split parity plot,True
1976,triethylpentylammonium bis(trifluoromethylsulfonyl)imide,CCCCC[N+](CC)(CC)CC.O=S(=O)([N-]S(=O)(=O)C(F)(F)F)C(F)(F)F,338.0,,SurfaceTension,0.032899998,0.031484067,0.0014159307,test,Random IL,IL,E,Surface tension multi-split parity plot,True
1979,triethylpentylammonium bis(trifluoromethylsulfonyl)imide,CCCCC[N+](CC)(CC)CC.O=S(=O)([N-]S(=O)(=O)C(F)(F)F)C(F)(F)F,343.0,,SurfaceTension,0.0326,0.031043356,0.0015566442,test,Random IL,IL,E,Surface tension multi-split parity plot,True
1982,triethylpentylammonium bis(trifluoromethylsulfonyl)imide,CCCCC[N+](CC)(CC)CC.O=S(=O)([N-]S(=O)(=O)C(F)(F)F)C(F)(F)F,348.0,,SurfaceTension,0.0322,0.030581683,0.0016183183,test,Random IL,IL,E,Surface tension multi-split parity plot,True
1985,triethylpentylammonium bis(trifluoromethylsulfonyl)imide,CCCCC[N+](CC)(CC)CC.O=S(=O)([N-]S(=O)(=O)C(F)(F)F)C(F)(F)F,353.0,,SurfaceTension,0.031799998,0.030108409,0.0016915891,test,Random IL,IL,E,Surface tension multi-split parity plot,True
1988,triethylpentylammonium bis(trifluoromethylsulfonyl)imide,CCCCC[N+](CC)(CC)CC.O=S(=O)([N-]S(=O)(=O)C(F)(F)F)C(F)(F)F,358.0,,SurfaceTension,0.031499997,0.029632768,0.0018672291,test,Random IL,IL,E,Surface tension multi-split parity plot,True
1990,triethylpentylammonium bis(trifluoromethylsulfonyl)imide,CCCCC[N+](CC)(CC)CC.O=S(=O)([N-]S(=O)(=O)C(F)(F)F)C(F)(F)F,363.0,,SurfaceTension,0.0311,0.029162958,0.0019370411,test,Random IL,IL,E,Surface tension multi-split parity plot,True
1992,triethylpentylammonium bis(trifluoromethylsulfonyl)imide,CCCCC[N+](CC)(CC)CC.O=S(=O)([N-]S(=O)(=O)C(F)(F)F)C(F)(F)F,368.0,,SurfaceTension,0.030699998,0.028705474,0.0019945242,test,Random IL,IL,E,Surface tension multi-split parity plot,True
1994,triethylpentylammonium bis(trifluoromethylsulfonyl)imide,CCCCC[N+](CC)(CC)CC.O=S(=O)([N-]S(=O)(=O)C(F)(F)F)C(F)(F)F,373.0,,SurfaceTension,0.030399999,0.028264783,0.0021352153,test,Random IL,IL,E,Surface tension multi-split parity plot,True
230,triisobutylmethylphosphonium p-toluenesulfonate,CC(C)C[P+](C)(CC(C)C)CC(C)C.Cc1ccc(S(=O)(=O)[O-])cc1,293.2,,SurfaceTension,0.038100004,0.030995151,0.007104853,test,Random IL,IL,E,Surface tension multi-split parity plot,True
232,triisobutylmethylphosphonium p-toluenesulfonate,CC(C)C[P+](C)(CC(C)C)CC(C)C.Cc1ccc(S(=O)(=O)[O-])cc1,298.15,,SurfaceTension,0.033899996,0.030759666,0.0031403303,test,Random IL,IL,E,Surface tension multi-split parity plot,True
233,triisobutylmethylphosphonium p-toluenesulfonate,CC(C)C[P+](C)(CC(C)C)CC(C)C.Cc1ccc(S(=O)(=O)[O-])cc1,298.2,,SurfaceTension,0.037299998,0.03075704,0.0065429583,test,Random IL,IL,E,Surface tension multi-split parity plot,True
236,triisobutylmethylphosphonium p-toluenesulfonate,CC(C)C[P+](C)(CC(C)C)CC(C)C.Cc1ccc(S(=O)(=O)[O-])cc1,303.15,,SurfaceTension,0.033799995,0.030475153,0.003324842,test,Random IL,IL,E,Surface tension multi-split parity plot,True
237,triisobutylmethylphosphonium p-toluenesulfonate,CC(C)C[P+](C)(CC(C)C)CC(C)C.Cc1ccc(S(=O)(=O)[O-])cc1,303.2,,SurfaceTension,0.036599997,0.030472085,0.0061279126,test,Random IL,IL,E,Surface tension multi-split parity plot,True
239,triisobutylmethylphosphonium p-toluenesulfonate,CC(C)C[P+](C)(CC(C)C)CC(C)C.Cc1ccc(S(=O)(=O)[O-])cc1,308.15,,SurfaceTension,0.033599995,0.030150527,0.003449468,test,Random IL,IL,E,Surface tension multi-split parity plot,True
244,triisobutylmethylphosphonium p-toluenesulfonate,CC(C)C[P+](C)(CC(C)C)CC(C)C.Cc1ccc(S(=O)(=O)[O-])cc1,313.1,,SurfaceTension,0.0355,0.029799333,0.0057006683,test,Random IL,IL,E,Surface tension multi-split parity plot,True
242,triisobutylmethylphosphonium p-toluenesulfonate,CC(C)C[P+](C)(CC(C)C)CC(C)C.Cc1ccc(S(=O)(=O)[O-])cc1,313.15,,SurfaceTension,0.033400003,0.029795667,0.0036043357,test,Random IL,IL,E,Surface tension multi-split parity plot,True
246,triisobutylmethylphosphonium p-toluenesulfonate,CC(C)C[P+](C)(CC(C)C)CC(C)C.Cc1ccc(S(=O)(=O)[O-])cc1,318.15,,SurfaceTension,0.033200003,0.02942104,0.0037789624,test,Random IL,IL,E,Surface tension multi-split parity plot,True
251,triisobutylmethylphosphonium p-toluenesulfonate,CC(C)C[P+](C)(CC(C)C)CC(C)C.Cc1ccc(S(=O)(=O)[O-])cc1,323.1,,SurfaceTension,0.034999996,0.029040199,0.0059597977,test,Random IL,IL,E,Surface tension multi-split parity plot,True
249,triisobutylmethylphosphonium p-toluenesulfonate,CC(C)C[P+](C)(CC(C)C)CC(C)C.Cc1ccc(S(=O)(=O)[O-])cc1,323.15,,SurfaceTension,0.032899998,0.029036328,0.00386367,test,Random IL,IL,E,Surface tension multi-split parity plot,True
253,triisobutylmethylphosphonium p-toluenesulfonate,CC(C)C[P+](C)(CC(C)C)CC(C)C.Cc1ccc(S(=O)(=O)[O-])cc1,328.15,,SurfaceTension,0.0328,0.028649945,0.0041500553,test,Random IL,IL,E,Surface tension multi-split parity plot,True
258,triisobutylmethylphosphonium p-toluenesulfonate,CC(C)C[P+](C)(CC(C)C)CC(C)C.Cc1ccc(S(=O)(=O)[O-])cc1,333.1,,SurfaceTension,0.0343,0.028272582,0.0060274173,test,Random IL,IL,E,Surface tension multi-split parity plot,True
257,triisobutylmethylphosphonium p-toluenesulfonate,CC(C)C[P+](C)(CC(C)C)CC(C)C.Cc1ccc(S(=O)(=O)[O-])cc1,333.15,,SurfaceTension,0.0326,0.028268818,0.0043311827,test,Random IL,IL,E,Surface tension multi-split parity plot,True
3336,"1,3-dibutyl-1H-imidazolium bis((trifluoromethyl)sulfonyl)amide",CCCCn1cc[n+](CCCC)c1.O=S(=O)([N-]S(=O)(=O)C(F)(F)F)C(F)(F)F,293.15,,SurfaceTension,0.029549997,0.03208877,0.0025387742,test,Balanced IL,Balanced,E,Surface tension multi-split parity plot,True
4273,1-(2-ethoxyethyl)pyridinium bis((trifluoromethyl)sulfonyl)amide,CCOCC[n+]1ccccc1.O=S(=O)([N-]S(=O)(=O)C(F)(F)F)C(F)(F)F,283.15,,SurfaceTension,0.03475,0.03626762,0.0015176199,test,Balanced IL,Balanced,E,Surface tension multi-split parity plot,True
4275,1-(2-ethoxyethyl)pyridinium bis((trifluoromethyl)sulfonyl)amide,CCOCC[n+]1ccccc1.O=S(=O)([N-]S(=O)(=O)C(F)(F)F)C(F)(F)F,293.15,,SurfaceTension,0.03413,0.035724185,0.0015941858,test,Balanced IL,Balanced,E,Surface tension multi-split parity plot,True
4277,1-(2-ethoxyethyl)pyridinium bis((trifluoromethyl)sulfonyl)amide,CCOCC[n+]1ccccc1.O=S(=O)([N-]S(=O)(=O)C(F)(F)F)C(F)(F)F,298.15,,SurfaceTension,0.03377,0.035438083,0.0016680844,test,Balanced IL,Balanced,E,Surface tension multi-split parity plot,True
4279,1-(2-ethoxyethyl)pyridinium bis((trifluoromethyl)sulfonyl)amide,CCOCC[n+]1ccccc1.O=S(=O)([N-]S(=O)(=O)C(F)(F)F)C(F)(F)F,303.15,,SurfaceTension,0.033429995,0.035140906,0.0017109104,test,Balanced IL,Balanced,E,Surface tension multi-split parity plot,True
4281,1-(2-ethoxyethyl)pyridinium bis((trifluoromethyl)sulfonyl)amide,CCOCC[n+]1ccccc1.O=S(=O)([N-]S(=O)(=O)C(F)(F)F)C(F)(F)F,313.15,,SurfaceTension,0.032880004,0.034510892,0.0016308874,test,Balanced IL,Balanced,E,Surface tension multi-split parity plot,True
4283,1-(2-ethoxyethyl)pyridinium bis((trifluoromethyl)sulfonyl)amide,CCOCC[n+]1ccccc1.O=S(=O)([N-]S(=O)(=O)C(F)(F)F)C(F)(F)F,323.15,,SurfaceTension,0.032400005,0.033832997,0.0014329925,test,Balanced IL,Balanced,E,Surface tension multi-split parity plot,True
4285,1-(2-ethoxyethyl)pyridinium bis((trifluoromethyl)sulfonyl)amide,CCOCC[n+]1ccccc1.O=S(=O)([N-]S(=O)(=O)C(F)(F)F)C(F)(F)F,333.15,,SurfaceTension,0.031650003,0.03311121,0.0014612079,test,Balanced IL,Balanced,E,Surface tension multi-split parity plot,True
4287,1-(2-ethoxyethyl)pyridinium bis((trifluoromethyl)sulfonyl)amide,CCOCC[n+]1ccccc1.O=S(=O)([N-]S(=O)(=O)C(F)(F)F)C(F)(F)F,343.15,,SurfaceTension,0.03136,0.03235307,0.0009930693,test,Balanced IL,Balanced,E,Surface tension multi-split parity plot,True
4289,1-(2-ethoxyethyl)pyridinium bis((trifluoromethyl)sulfonyl)amide,CCOCC[n+]1ccccc1.O=S(=O)([N-]S(=O)(=O)C(F)(F)F)C(F)(F)F,353.15,,SurfaceTension,0.030729998,0.031567585,0.0008375868,test,Balanced IL,Balanced,E,Surface tension multi-split parity plot,True
4733,1-(2-hydroxyethyl)-3-methylimidazolium L-alaninate,C[C@H](N)C(=O)[O-].Cn1cc[n+](CCO)c1,293.15,,SurfaceTension,0.053129997,0.05039978,0.0027302168,test,Balanced IL,Balanced,E,Surface tension multi-split parity plot,True
4737,1-(2-hydroxyethyl)-3-methylimidazolium L-alaninate,C[C@H](N)C(=O)[O-].Cn1cc[n+](CCO)c1,303.15,,SurfaceTension,0.05188,0.04959565,0.002284348,test,Balanced IL,Balanced,E,Surface tension multi-split parity plot,True
4741,1-(2-hydroxyethyl)-3-methylimidazolium L-alaninate,C[C@H](N)C(=O)[O-].Cn1cc[n+](CCO)c1,313.15,,SurfaceTension,0.05082,0.048795678,0.0020243227,test,Balanced IL,Balanced,E,Surface tension multi-split parity plot,True
4745,1-(2-hydroxyethyl)-3-methylimidazolium L-alaninate,C[C@H](N)C(=O)[O-].Cn1cc[n+](CCO)c1,323.15,,SurfaceTension,0.049500003,0.04801869,0.0014813133,test,Balanced IL,Balanced,E,Surface tension multi-split parity plot,True
4749,1-(2-hydroxyethyl)-3-methylimidazolium L-alaninate,C[C@H](N)C(=O)[O-].Cn1cc[n+](CCO)c1,333.15,,SurfaceTension,0.047920004,0.047282837,0.0006371662,test,Balanced IL,Balanced,E,Surface tension multi-split parity plot,True
4753,1-(2-hydroxyethyl)-3-methylimidazolium L-alaninate,C[C@H](N)C(=O)[O-].Cn1cc[n+](CCO)c1,343.15,,SurfaceTension,0.046629995,0.046603568,2.642721e-05,test,Balanced IL,Balanced,E,Surface tension multi-split parity plot,True
4757,1-(2-hydroxyethyl)-3-methylimidazolium L-alaninate,C[C@H](N)C(=O)[O-].Cn1cc[n+](CCO)c1,353.15,,SurfaceTension,0.04518,0.045992162,0.0008121617,test,Balanced IL,Balanced,E,Surface tension multi-split parity plot,True
5219,1-(2-hydroxyethyl)-3-methylimidazolium L-prolinate,Cn1cc[n+](CCO)c1.O=C([O-])[C@@H]1CCCN1,293.15,,SurfaceTension,0.052340005,0.04810534,0.004234664,test,Balanced IL,Balanced,E,Surface tension multi-split parity plot,True
5223,1-(2-hydroxyethyl)-3-methylimidazolium L-prolinate,Cn1cc[n+](CCO)c1.O=C([O-])[C@@H]1CCCN1,303.15,,SurfaceTension,0.050610002,0.047439046,0.003170956,test,Balanced IL,Balanced,E,Surface tension multi-split parity plot,True
5227,1-(2-hydroxyethyl)-3-methylimidazolium L-prolinate,Cn1cc[n+](CCO)c1.O=C([O-])[C@@H]1CCCN1,313.15,,SurfaceTension,0.048420005,0.046760663,0.0016593412,test,Balanced IL,Balanced,E,Surface tension multi-split parity plot,True
5231,1-(2-hydroxyethyl)-3-methylimidazolium L-prolinate,Cn1cc[n+](CCO)c1.O=C([O-])[C@@H]1CCCN1,323.15,,SurfaceTension,0.04636,0.04608259,0.0002774112,test,Balanced IL,Balanced,E,Surface tension multi-split parity plot,True
5235,1-(2-hydroxyethyl)-3-methylimidazolium L-prolinate,Cn1cc[n+](CCO)c1.O=C([O-])[C@@H]1CCCN1,333.15,,SurfaceTension,0.044249997,0.045279782,0.0010297857,test,Balanced IL,Balanced,E,Surface tension multi-split parity plot,True
5239,1-(2-hydroxyethyl)-3-methylimidazolium L-prolinate,Cn1cc[n+](CCO)c1.O=C([O-])[C@@H]1CCCN1,343.15,,SurfaceTension,0.043669995,0.044642895,0.00097290054,test,Balanced IL,Balanced,E,Surface tension multi-split parity plot,True
5243,1-(2-hydroxyethyl)-3-methylimidazolium L-prolinate,Cn1cc[n+](CCO)c1.O=C([O-])[C@@H]1CCCN1,353.15,,SurfaceTension,0.041950006,0.044042386,0.00209238,test,Balanced IL,Balanced,E,Surface tension multi-split parity plot,True
5278,1-(2-hydroxyethyl)-3-methylimidazolium bis[(trifluoromethyl)sulfonyl]imide,Cn1cc[n+](CCO)c1.O=S(=O)([N-]S(=O)(=O)C(F)(F)F)C(F)(F)F,298.1,,SurfaceTension,0.034,0.039490968,0.005490966,test,Balanced IL,Balanced,E,Surface tension multi-split parity plot,True
4701,1-(2-methoxyethyl)pyridinium bis(trifluoromethylsulfonyl)amide,COCC[n+]1ccccc1.O=S(=O)([N-]S(=O)(=O)C(F)(F)F)C(F)(F)F,283.15,,SurfaceTension,0.03733,0.03714453,0.00018547103,test,Balanced IL,Balanced,E,Surface tension multi-split parity plot,True
4703,1-(2-methoxyethyl)pyridinium bis(trifluoromethylsulfonyl)amide,COCC[n+]1ccccc1.O=S(=O)([N-]S(=O)(=O)C(F)(F)F)C(F)(F)F,293.15,,SurfaceTension,0.03663,0.036651254,2.1252781e-05,test,Balanced IL,Balanced,E,Surface tension multi-split parity plot,True
4705,1-(2-methoxyethyl)pyridinium bis(trifluoromethylsulfonyl)amide,COCC[n+]1ccccc1.O=S(=O)([N-]S(=O)(=O)C(F)(F)F)C(F)(F)F,298.15,,SurfaceTension,0.03626,0.036394622,0.00013462082,test,Balanced IL,Balanced,E,Surface tension multi-split parity plot,True
4707,1-(2-methoxyethyl)pyridinium bis(trifluoromethylsulfonyl)amide,COCC[n+]1ccccc1.O=S(=O)([N-]S(=O)(=O)C(F)(F)F)C(F)(F)F,303.15,,SurfaceTension,0.035970002,0.036129482,0.00015947968,test,Balanced IL,Balanced,E,Surface tension multi-split parity plot,True
4710,1-(2-methoxyethyl)pyridinium bis(trifluoromethylsulfonyl)amide,COCC[n+]1ccccc1.O=S(=O)([N-]S(=O)(=O)C(F)(F)F)C(F)(F)F,313.15,,SurfaceTension,0.0353,0.035569753,0.000269752,test,Balanced IL,Balanced,E,Surface tension multi-split parity plot,True
4713,1-(2-methoxyethyl)pyridinium bis(trifluoromethylsulfonyl)amide,COCC[n+]1ccccc1.O=S(=O)([N-]S(=O)(=O)C(F)(F)F)C(F)(F)F,323.15,,SurfaceTension,0.034809995,0.034967337,0.00015734136,test,Balanced IL,Balanced,E,Surface tension multi-split parity plot,True
4716,1-(2-methoxyethyl)pyridinium bis(trifluoromethylsulfonyl)amide,COCC[n+]1ccccc1.O=S(=O)([N-]S(=O)(=O)C(F)(F)F)C(F)(F)F,333.15,,SurfaceTension,0.03417,0.03432239,0.00015238672,test,Balanced IL,Balanced,E,Surface tension multi-split parity plot,True
4719,1-(2-methoxyethyl)pyridinium bis(trifluoromethylsulfonyl)amide,COCC[n+]1ccccc1.O=S(=O)([N-]S(=O)(=O)C(F)(F)F)C(F)(F)F,343.15,,SurfaceTension,0.033589996,0.033638828,4.8831105e-05,test,Balanced IL,Balanced,E,Surface tension multi-split parity plot,True
4722,1-(2-methoxyethyl)pyridinium bis(trifluoromethylsulfonyl)amide,COCC[n+]1ccccc1.O=S(=O)([N-]S(=O)(=O)C(F)(F)F)C(F)(F)F,353.15,,SurfaceTension,0.03318,0.032922495,0.00025750324,test,Balanced IL,Balanced,E,Surface tension multi-split parity plot,True
5488,1-(3-hydroxypropyl)pyridinium tricyanomethanide,N#C[C-](C#N)C#N.OCCC[n+]1ccccc1,298.15,,SurfaceTension,0.056600004,0.05831301,0.001713004,test,Balanced IL,Balanced,E,Surface tension multi-split parity plot,True
5490,1-(3-hydroxypropyl)pyridinium tricyanomethanide,N#C[C-](C#N)C#N.OCCC[n+]1ccccc1,303.15,,SurfaceTension,0.055599995,0.058015272,0.002415277,test,Balanced IL,Balanced,E,Surface tension multi-split parity plot,True
5493,1-(3-hydroxypropyl)pyridinium tricyanomethanide,N#C[C-](C#N)C#N.OCCC[n+]1ccccc1,308.15,,SurfaceTension,0.054399997,0.057693884,0.0032938868,test,Balanced IL,Balanced,E,Surface tension multi-split parity plot,True
5495,1-(3-hydroxypropyl)pyridinium tricyanomethanide,N#C[C-](C#N)C#N.OCCC[n+]1ccccc1,313.15,,SurfaceTension,0.053199995,0.057349317,0.0041493215,test,Balanced IL,Balanced,E,Surface tension multi-split parity plot,True
5498,1-(3-hydroxypropyl)pyridinium tricyanomethanide,N#C[C-](C#N)C#N.OCCC[n+]1ccccc1,318.15,,SurfaceTension,0.052200004,0.056983035,0.0047830306,test,Balanced IL,Balanced,E,Surface tension multi-split parity plot,True
5500,1-(3-hydroxypropyl)pyridinium tricyanomethanide,N#C[C-](C#N)C#N.OCCC[n+]1ccccc1,323.15,,SurfaceTension,0.050999995,0.056597658,0.005597662,test,Balanced IL,Balanced,E,Surface tension multi-split parity plot,True
5503,1-(3-hydroxypropyl)pyridinium tricyanomethanide,N#C[C-](C#N)C#N.OCCC[n+]1ccccc1,328.15,,SurfaceTension,0.049899995,0.056197062,0.006297067,test,Balanced IL,Balanced,E,Surface tension multi-split parity plot,True
4662,1-(3-methoxypropyl)pyridinium bis((trifluoromethyl)sulfonyl)amide,COCCC[n+]1ccccc1.O=S(=O)([N-]S(=O)(=O)C(F)(F)F)C(F)(F)F,283.15,,SurfaceTension,0.036949996,0.03518825,0.0017617457,test,Balanced IL,Balanced,E,Surface tension multi-split parity plot,True
4664,1-(3-methoxypropyl)pyridinium bis((trifluoromethyl)sulfonyl)amide,COCCC[n+]1ccccc1.O=S(=O)([N-]S(=O)(=O)C(F)(F)F)C(F)(F)F,293.15,,SurfaceTension,0.03614,0.034601647,0.0015383512,test,Balanced IL,Balanced,E,Surface tension multi-split parity plot,True
4666,1-(3-methoxypropyl)pyridinium bis((trifluoromethyl)sulfonyl)amide,COCCC[n+]1ccccc1.O=S(=O)([N-]S(=O)(=O)C(F)(F)F)C(F)(F)F,298.15,,SurfaceTension,0.035789996,0.034292262,0.0014977343,test,Balanced IL,Balanced,E,Surface tension multi-split parity plot,True
4668,1-(3-methoxypropyl)pyridinium bis((trifluoromethyl)sulfonyl)amide,COCCC[n+]1ccccc1.O=S(=O)([N-]S(=O)(=O)C(F)(F)F)C(F)(F)F,303.15,,SurfaceTension,0.035509996,0.0339714,0.001538597,test,Balanced IL,Balanced,E,Surface tension multi-split parity plot,True
4670,1-(3-methoxypropyl)pyridinium bis((trifluoromethyl)sulfonyl)amide,COCCC[n+]1ccccc1.O=S(=O)([N-]S(=O)(=O)C(F)(F)F)C(F)(F)F,313.15,,SurfaceTension,0.03484,0.03329507,0.00154493,test,Balanced IL,Balanced,E,Surface tension multi-split parity plot,True
4672,1-(3-methoxypropyl)pyridinium bis((trifluoromethyl)sulfonyl)amide,COCCC[n+]1ccccc1.O=S(=O)([N-]S(=O)(=O)C(F)(F)F)C(F)(F)F,323.15,,SurfaceTension,0.0343,0.03257554,0.0017244592,test,Balanced IL,Balanced,E,Surface tension multi-split parity plot,True
4674,1-(3-methoxypropyl)pyridinium bis((trifluoromethyl)sulfonyl)amide,COCCC[n+]1ccccc1.O=S(=O)([N-]S(=O)(=O)C(F)(F)F)C(F)(F)F,333.15,,SurfaceTension,0.03373,0.031819694,0.0019103065,test,Balanced IL,Balanced,E,Surface tension multi-split parity plot,True
4676,1-(3-methoxypropyl)pyridinium bis((trifluoromethyl)sulfonyl)amide,COCCC[n+]1ccccc1.O=S(=O)([N-]S(=O)(=O)C(F)(F)F)C(F)(F)F,343.15,,SurfaceTension,0.033129998,0.031036599,0.002093399,test,Balanced IL,Balanced,E,Surface tension multi-split parity plot,True
4678,1-(3-methoxypropyl)pyridinium bis((trifluoromethyl)sulfonyl)amide,COCCC[n+]1ccccc1.O=S(=O)([N-]S(=O)(=O)C(F)(F)F)C(F)(F)F,353.15,,SurfaceTension,0.03254,0.030235685,0.0023043156,test,Balanced IL,Balanced,E,Surface tension multi-split parity plot,True
5397,"1-butyl-2,3-dimethyl-1H-imidazolium bis(trifluoromethylsulfonyl)amide",FC(S(=O)(=O)[N-]S(=O)(=O)C(F)(F)F)(F)F.C(CCC)N1C(=[N+](C=C1)C)C,293.15,,SurfaceTension,0.037400007,0.032980412,0.004419595,test,Balanced IL,Balanced,E,Surface tension multi-split parity plot,True
5409,"1-butyl-2,3-dimethyl-1H-imidazolium bis(trifluoromethylsulfonyl)amide",FC(S(=O)(=O)[N-]S(=O)(=O)C(F)(F)F)(F)F.C(CCC)N1C(=[N+](C=C1)C)C,298.2,,SurfaceTension,0.034499995,0.03266338,0.0018366165,test,Balanced IL,Balanced,E,Surface tension multi-split parity plot,True
5419,"1-butyl-2,3-dimethyl-1H-imidazolium bis(trifluoromethylsulfonyl)amide",FC(S(=O)(=O)[N-]S(=O)(=O)C(F)(F)F)(F)F.C(CCC)N1C(=[N+](C=C1)C)C,303.15,,SurfaceTension,0.03554,0.032344162,0.0031958371,test,Balanced IL,Balanced,E,Surface tension multi-split parity plot,True
5437,"1-butyl-2,3-dimethyl-1H-imidazolium bis(trifluoromethylsulfonyl)amide",FC(S(=O)(=O)[N-]S(=O)(=O)C(F)(F)F)(F)F.C(CCC)N1C(=[N+](C=C1)C)C,313.15,,SurfaceTension,0.033829994,0.031675562,0.0021544322,test,Balanced IL,Balanced,E,Surface tension multi-split parity plot,True
5446,"1-butyl-2,3-dimethyl-1H-imidazolium bis(trifluoromethylsulfonyl)amide",FC(S(=O)(=O)[N-]S(=O)(=O)C(F)(F)F)(F)F.C(CCC)N1C(=[N+](C=C1)C)C,323.15,,SurfaceTension,0.0322,0.030980201,0.0012197997,test,Balanced IL,Balanced,E,Surface tension multi-split parity plot,True
5454,"1-butyl-2,3-dimethyl-1H-imidazolium bis(trifluoromethylsulfonyl)amide",FC(S(=O)(=O)[N-]S(=O)(=O)C(F)(F)F)(F)F.C(CCC)N1C(=[N+](C=C1)C)C,333.15,,SurfaceTension,0.030490002,0.030265408,0.00022459403,test,Balanced IL,Balanced,E,Surface tension multi-split parity plot,True
5460,"1-butyl-2,3-dimethyl-1H-imidazolium bis(trifluoromethylsulfonyl)amide",FC(S(=O)(=O)[N-]S(=O)(=O)C(F)(F)F)(F)F.C(CCC)N1C(=[N+](C=C1)C)C,343.15,,SurfaceTension,0.028739996,0.029538728,0.00079873204,test,Balanced IL,Balanced,E,Surface tension multi-split parity plot,True
438,"1-butyl-2,3-dimethylimidazolium DL-alaninate",CC(N)C(=O)[O-].CCCC[n+]1ccn(C)c1C,288.15,,SurfaceTension,0.05389999,0.045578036,0.008321952,test,Balanced IL,Balanced,E,Surface tension multi-split parity plot,True
440,"1-butyl-2,3-dimethylimidazolium DL-alaninate",CC(N)C(=O)[O-].CCCC[n+]1ccn(C)c1C,293.15,,SurfaceTension,0.053400002,0.04526782,0.008132182,test,Balanced IL,Balanced,E,Surface tension multi-split parity plot,True
442,"1-butyl-2,3-dimethylimidazolium DL-alaninate",CC(N)C(=O)[O-].CCCC[n+]1ccn(C)c1C,298.15,,SurfaceTension,0.053199995,0.04494667,0.008253325,test,Balanced IL,Balanced,E,Surface tension multi-split parity plot,True
444,"1-butyl-2,3-dimethylimidazolium DL-alaninate",CC(N)C(=O)[O-].CCCC[n+]1ccn(C)c1C,303.15,,SurfaceTension,0.052799996,0.044615984,0.008184012,test,Balanced IL,Balanced,E,Surface tension multi-split parity plot,True
446,"1-butyl-2,3-dimethylimidazolium DL-alaninate",CC(N)C(=O)[O-].CCCC[n+]1ccn(C)c1C,308.15,,SurfaceTension,0.052299995,0.044277534,0.008022461,test,Balanced IL,Balanced,E,Surface tension multi-split parity plot,True
448,"1-butyl-2,3-dimethylimidazolium DL-alaninate",CC(N)C(=O)[O-].CCCC[n+]1ccn(C)c1C,313.15,,SurfaceTension,0.0519,0.043933436,0.007966563,test,Balanced IL,Balanced,E,Surface tension multi-split parity plot,True
450,"1-butyl-2,3-dimethylimidazolium DL-alaninate",CC(N)C(=O)[O-].CCCC[n+]1ccn(C)c1C,318.15,,SurfaceTension,0.0515,0.043585908,0.007914092,test,Balanced IL,Balanced,E,Surface tension multi-split parity plot,True
452,"1-butyl-2,3-dimethylimidazolium DL-alaninate",CC(N)C(=O)[O-].CCCC[n+]1ccn(C)c1C,323.15,,SurfaceTension,0.051199995,0.043237254,0.007962741,test,Balanced IL,Balanced,E,Surface tension multi-split parity plot,True
454,"1-butyl-2,3-dimethylimidazolium DL-alaninate",CC(N)C(=O)[O-].CCCC[n+]1ccn(C)c1C,328.15,,SurfaceTension,0.050800003,0.042889636,0.007910367,test,Balanced IL,Balanced,E,Surface tension multi-split parity plot,True
3082,"1-butyl-2,3-dimethylimidazolium hexafluorophosphate",CCCC[n+]1ccn(C)c1C.F[P-](F)(F)(F)(F)F,298.17,,SurfaceTension,0.044419996,0.043063875,0.0013561212,test,Balanced IL,Balanced,E,Surface tension multi-split parity plot,True
3083,"1-butyl-2,3-dimethylimidazolium hexafluorophosphate",CCCC[n+]1ccn(C)c1C.F[P-](F)(F)(F)(F)F,303.15,,SurfaceTension,0.0448,0.04282855,0.0019714497,test,Balanced IL,Balanced,E,Surface tension multi-split parity plot,True
3085,"1-butyl-2,3-dimethylimidazolium hexafluorophosphate",CCCC[n+]1ccn(C)c1C.F[P-](F)(F)(F)(F)F,313.07,,SurfaceTension,0.04373,0.04235594,0.0013740584,test,Balanced IL,Balanced,E,Surface tension multi-split parity plot,True
3088,"1-butyl-2,3-dimethylimidazolium hexafluorophosphate",CCCC[n+]1ccn(C)c1C.F[P-](F)(F)(F)(F)F,313.15,,SurfaceTension,0.044070005,0.04235212,0.0017178841,test,Balanced IL,Balanced,E,Surface tension multi-split parity plot,True
3092,"1-butyl-2,3-dimethylimidazolium hexafluorophosphate",CCCC[n+]1ccn(C)c1C.F[P-](F)(F)(F)(F)F,323.15,,SurfaceTension,0.043520004,0.041875504,0.0016444996,test,Balanced IL,Balanced,E,Surface tension multi-split parity plot,True
3093,"1-butyl-2,3-dimethylimidazolium hexafluorophosphate",CCCC[n+]1ccn(C)c1C.F[P-](F)(F)(F)(F)F,323.27,,SurfaceTension,0.043160003,0.041869804,0.0012901984,test,Balanced IL,Balanced,E,Surface tension multi-split parity plot,True
3097,"1-butyl-2,3-dimethylimidazolium hexafluorophosphate",CCCC[n+]1ccn(C)c1C.F[P-](F)(F)(F)(F)F,333.13,,SurfaceTension,0.042600006,0.04140597,0.0011940375,test,Balanced IL,Balanced,E,Surface tension multi-split parity plot,True
3099,"1-butyl-2,3-dimethylimidazolium hexafluorophosphate",CCCC[n+]1ccn(C)c1C.F[P-](F)(F)(F)(F)F,333.15,,SurfaceTension,0.042680003,0.041405037,0.0012749657,test,Balanced IL,Balanced,E,Surface tension multi-split parity plot,True
3103,"1-butyl-2,3-dimethylimidazolium hexafluorophosphate",CCCC[n+]1ccn(C)c1C.F[P-](F)(F)(F)(F)F,338.38,,SurfaceTension,0.042379998,0.041163467,0.0012165308,test,Balanced IL,Balanced,E,Surface tension multi-split parity plot,True
3106,"1-butyl-2,3-dimethylimidazolium hexafluorophosphate",CCCC[n+]1ccn(C)c1C.F[P-](F)(F)(F)(F)F,343.15,,SurfaceTension,0.04202,0.040946674,0.0010733269,test,Balanced IL,Balanced,E,Surface tension multi-split parity plot,True
3109,"1-butyl-2,3-dimethylimidazolium hexafluorophosphate",CCCC[n+]1ccn(C)c1C.F[P-](F)(F)(F)(F)F,343.51,,SurfaceTension,0.042130005,0.040930465,0.0011995398,test,Balanced IL,Balanced,E,Surface tension multi-split parity plot,True
3112,"1-butyl-2,3-dimethylimidazolium hexafluorophosphate",CCCC[n+]1ccn(C)c1C.F[P-](F)(F)(F)(F)F,348.43,,SurfaceTension,0.041890003,0.04071127,0.001178734,test,Balanced IL,Balanced,E,Surface tension multi-split parity plot,True
3114,"1-butyl-2,3-dimethylimidazolium hexafluorophosphate",CCCC[n+]1ccn(C)c1C.F[P-](F)(F)(F)(F)F,353.08,,SurfaceTension,0.041679997,0.04050836,0.0011716373,test,Balanced IL,Balanced,E,Surface tension multi-split parity plot,True
3116,"1-butyl-2,3-dimethylimidazolium hexafluorophosphate",CCCC[n+]1ccn(C)c1C.F[P-](F)(F)(F)(F)F,353.15,,SurfaceTension,0.04137,0.04050534,0.00086466223,test,Balanced IL,Balanced,E,Surface tension multi-split parity plot,True
3120,"1-butyl-2,3-dimethylimidazolium hexafluorophosphate",CCCC[n+]1ccn(C)c1C.F[P-](F)(F)(F)(F)F,358.76,,SurfaceTension,0.04141,0.040266585,0.0011434145,test,Balanced IL,Balanced,E,Surface tension multi-split parity plot,True
3124,"1-butyl-2,3-dimethylimidazolium hexafluorophosphate",CCCC[n+]1ccn(C)c1C.F[P-](F)(F)(F)(F)F,364.84,,SurfaceTension,0.04111,0.04001566,0.0010943413,test,Balanced IL,Balanced,E,Surface tension multi-split parity plot,True
5547,"1-butyl-2,3-dimethylimidazolium hydrogensulfate",S(=O)(=O)(O)[O-].C(CCC)N1C(=[N+](C=C1)C)C,288.15,,SurfaceTension,0.045299996,0.03870715,0.0065928474,test,Balanced IL,Balanced,E,Surface tension multi-split parity plot,True
5549,"1-butyl-2,3-dimethylimidazolium hydrogensulfate",S(=O)(=O)(O)[O-].C(CCC)N1C(=[N+](C=C1)C)C,293.15,,SurfaceTension,0.044999994,0.038242772,0.006757222,test,Balanced IL,Balanced,E,Surface tension multi-split parity plot,True
5551,"1-butyl-2,3-dimethylimidazolium hydrogensulfate",S(=O)(=O)(O)[O-].C(CCC)N1C(=[N+](C=C1)C)C,298.15,,SurfaceTension,0.0448,0.03777743,0.007022567,test,Balanced IL,Balanced,E,Surface tension multi-split parity plot,True
5553,"1-butyl-2,3-dimethylimidazolium hydrogensulfate",S(=O)(=O)(O)[O-].C(CCC)N1C(=[N+](C=C1)C)C,303.15,,SurfaceTension,0.044499997,0.037313644,0.007186353,test,Balanced IL,Balanced,E,Surface tension multi-split parity plot,True
5555,"1-butyl-2,3-dimethylimidazolium hydrogensulfate",S(=O)(=O)(O)[O-].C(CCC)N1C(=[N+](C=C1)C)C,308.15,,SurfaceTension,0.044200003,0.036853824,0.0073461793,test,Balanced IL,Balanced,E,Surface tension multi-split parity plot,True
5557,"1-butyl-2,3-dimethylimidazolium hydrogensulfate",S(=O)(=O)(O)[O-].C(CCC)N1C(=[N+](C=C1)C)C,313.15,,SurfaceTension,0.0439,0.03640019,0.0074998103,test,Balanced IL,Balanced,E,Surface tension multi-split parity plot,True
5559,"1-butyl-2,3-dimethylimidazolium hydrogensulfate",S(=O)(=O)(O)[O-].C(CCC)N1C(=[N+](C=C1)C)C,318.15,,SurfaceTension,0.043699995,0.035954688,0.007745307,test,Balanced IL,Balanced,E,Surface tension multi-split parity plot,True
5561,"1-butyl-2,3-dimethylimidazolium hydrogensulfate",S(=O)(=O)(O)[O-].C(CCC)N1C(=[N+](C=C1)C)C,323.15,,SurfaceTension,0.043399997,0.03551887,0.007881127,test,Balanced IL,Balanced,E,Surface tension multi-split parity plot,True
5563,"1-butyl-2,3-dimethylimidazolium hydrogensulfate",S(=O)(=O)(O)[O-].C(CCC)N1C(=[N+](C=C1)C)C,328.15,,SurfaceTension,0.0431,0.03509396,0.00800604,test,Balanced IL,Balanced,E,Surface tension multi-split parity plot,True
5565,"1-butyl-2,3-dimethylimidazolium hydrogensulfate",S(=O)(=O)(O)[O-].C(CCC)N1C(=[N+](C=C1)C)C,333.15,,SurfaceTension,0.042799998,0.03468077,0.008119229,test,Balanced IL,Balanced,E,Surface tension multi-split parity plot,True
5567,"1-butyl-2,3-dimethylimidazolium hydrogensulfate",S(=O)(=O)(O)[O-].C(CCC)N1C(=[N+](C=C1)C)C,338.15,,SurfaceTension,0.042600006,0.034279756,0.00832025,test,Balanced IL,Balanced,E,Surface tension multi-split parity plot,True
5569,"1-butyl-2,3-dimethylimidazolium hydrogensulfate",S(=O)(=O)(O)[O-].C(CCC)N1C(=[N+](C=C1)C)C,343.15,,SurfaceTension,0.0423,0.03389106,0.008408941,test,Balanced IL,Balanced,E,Surface tension multi-split parity plot,True
813,"1-butyl-3-methyl-1H-imidazolium 1,4-bis((2-ethylhexyl)oxy)-1,4-dioxobutane-2-sulfonate",CCCCC(CC)COC(=O)CC(C(=O)OCC(CC)CCCC)S(=O)(=O)[O-].CCCC[n+]1ccn(C)c1,298.1,,SurfaceTension,0.0257,0.028746726,0.0030467268,test,Balanced IL,Balanced,E,Surface tension multi-split parity plot,True
2433,1-butyl-3-methyl-1H-imidazolium dimethylphosphate,CCCC[n+]1ccn(C)c1.COP(=O)([O-])OC,298.15,,SurfaceTension,0.038,0.041123867,0.0031238683,test,Balanced IL,Balanced,E,Surface tension multi-split parity plot,True
2508,1-butyl-3-methylimidazolium (S)-2-amino-4-carboxybutanoate,CCCC[n+]1ccn(C)c1.N[C@@H](CCC(=O)O)C(=O)[O-],308.15,,SurfaceTension,0.0493,0.04363789,0.0056621097,test,Balanced IL,Balanced,E,Surface tension multi-split parity plot,True
2510,1-butyl-3-methylimidazolium (S)-2-amino-4-carboxybutanoate,CCCC[n+]1ccn(C)c1.N[C@@H](CCC(=O)O)C(=O)[O-],313.15,,SurfaceTension,0.047999997,0.043148722,0.004851274,test,Balanced IL,Balanced,E,Surface tension multi-split parity plot,True
2512,1-butyl-3-methylimidazolium (S)-2-amino-4-carboxybutanoate,CCCC[n+]1ccn(C)c1.N[C@@H](CCC(=O)O)C(=O)[O-],318.15,,SurfaceTension,0.046200003,0.04260111,0.003598895,test,Balanced IL,Balanced,E,Surface tension multi-split parity plot,True
2514,1-butyl-3-methylimidazolium (S)-2-amino-4-carboxybutanoate,CCCC[n+]1ccn(C)c1.N[C@@H](CCC(=O)O)C(=O)[O-],323.15,,SurfaceTension,0.044499997,0.04199995,0.002500046,test,Balanced IL,Balanced,E,Surface tension multi-split parity plot,True
2516,1-butyl-3-methylimidazolium (S)-2-amino-4-carboxybutanoate,CCCC[n+]1ccn(C)c1.N[C@@H](CCC(=O)O)C(=O)[O-],328.15,,SurfaceTension,0.042500008,0.04135365,0.0011463575,test,Balanced IL,Balanced,E,Surface tension multi-split parity plot,True
2518,1-butyl-3-methylimidazolium (S)-2-amino-4-carboxybutanoate,CCCC[n+]1ccn(C)c1.N[C@@H](CCC(=O)O)C(=O)[O-],333.15,,SurfaceTension,0.040199995,0.0406732,0.000473205,test,Balanced IL,Balanced,E,Surface tension multi-split parity plot,True
2520,1-butyl-3-methylimidazolium (S)-2-amino-4-carboxybutanoate,CCCC[n+]1ccn(C)c1.N[C@@H](CCC(=O)O)C(=O)[O-],338.15,,SurfaceTension,0.038599998,0.03997073,0.0013707317,test,Balanced IL,Balanced,E,Surface tension multi-split parity plot,True
2522,1-butyl-3-methylimidazolium (S)-2-amino-4-carboxybutanoate,CCCC[n+]1ccn(C)c1.N[C@@H](CCC(=O)O)C(=O)[O-],343.15,,SurfaceTension,0.037100002,0.039258182,0.0021581799,test,Balanced IL,Balanced,E,Surface tension multi-split parity plot,True
2583,1-butyl-3-methylimidazolium bis(perfluoroethylsulfonyl)imide,CCCC[n+]1ccn(C)c1.O=S(=O)([N-]S(=O)(=O)C(F)(F)C(F)(F)F)C(F)(F)C(F)(F)F,297.0,,SurfaceTension,0.0317,0.0317975,9.74983e-05,test,Balanced IL,Balanced,E,Surface tension multi-split parity plot,True
2534,1-butyl-3-methylimidazolium glycolate,CCCC[n+]1ccn(C)c1.O=C([O-])CO,298.15,,SurfaceTension,0.049699992,0.037704844,0.011995148,test,Balanced IL,Balanced,E,Surface tension multi-split parity plot,True
2536,1-butyl-3-methylimidazolium glycolate,CCCC[n+]1ccn(C)c1.O=C([O-])CO,303.15,,SurfaceTension,0.04919999,0.037359294,0.011840697,test,Balanced IL,Balanced,E,Surface tension multi-split parity plot,True
2539,1-butyl-3-methylimidazolium glycolate,CCCC[n+]1ccn(C)c1.O=C([O-])CO,313.15,,SurfaceTension,0.0484,0.036670476,0.011729524,test,Balanced IL,Balanced,E,Surface tension multi-split parity plot,True
2542,1-butyl-3-methylimidazolium glycolate,CCCC[n+]1ccn(C)c1.O=C([O-])CO,323.15,,SurfaceTension,0.047599997,0.03598709,0.011612907,test,Balanced IL,Balanced,E,Surface tension multi-split parity plot,True
2545,1-butyl-3-methylimidazolium glycolate,CCCC[n+]1ccn(C)c1.O=C([O-])CO,333.15,,SurfaceTension,0.04679999,0.035312254,0.011487737,test,Balanced IL,Balanced,E,Surface tension multi-split parity plot,True
2548,1-butyl-3-methylimidazolium glycolate,CCCC[n+]1ccn(C)c1.O=C([O-])CO,343.15,,SurfaceTension,0.0461,0.034648724,0.011451278,test,Balanced IL,Balanced,E,Surface tension multi-split parity plot,True
179,1-butyl-3-methylimidazolium octylsulfate,C(CCCCCCC)OS(=O)(=O)[O-].C(CCC)N1C=[N+](C=C1)C,278.75,,SurfaceTension,0.02808,0.030681785,0.0026017856,test,Balanced IL,Balanced,E,Surface tension multi-split parity plot,True
182,1-butyl-3-methylimidazolium octylsulfate,C(CCCCCCC)OS(=O)(=O)[O-].C(CCC)N1C=[N+](C=C1)C,288.15,,SurfaceTension,0.02729,0.030055815,0.0027658157,test,Balanced IL,Balanced,E,Surface tension multi-split parity plot,True
186,1-butyl-3-methylimidazolium octylsulfate,C(CCCCCCC)OS(=O)(=O)[O-].C(CCC)N1C=[N+](C=C1)C,298.15,,SurfaceTension,0.027539998,0.029408706,0.0018687081,test,Balanced IL,Balanced,E,Surface tension multi-split parity plot,True
193,1-butyl-3-methylimidazolium octylsulfate,C(CCCCCCC)OS(=O)(=O)[O-].C(CCC)N1C=[N+](C=C1)C,303.0,,SurfaceTension,0.035700005,0.029102357,0.0065976474,test,Balanced IL,Balanced,E,Surface tension multi-split parity plot,True
200,1-butyl-3-methylimidazolium octylsulfate,C(CCCCCCC)OS(=O)(=O)[O-].C(CCC)N1C=[N+](C=C1)C,308.0,,SurfaceTension,0.035200004,0.028791832,0.0064081717,test,Balanced IL,Balanced,E,Surface tension multi-split parity plot,True
202,1-butyl-3-methylimidazolium octylsulfate,C(CCCCCCC)OS(=O)(=O)[O-].C(CCC)N1C=[N+](C=C1)C,308.15,,SurfaceTension,0.02627,0.028782595,0.0025125947,test,Balanced IL,Balanced,E,Surface tension multi-split parity plot,True
208,1-butyl-3-methylimidazolium octylsulfate,C(CCCCCCC)OS(=O)(=O)[O-].C(CCC)N1C=[N+](C=C1)C,313.0,,SurfaceTension,0.0349,0.0284867,0.0064132977,test,Balanced IL,Balanced,E,Surface tension multi-split parity plot,True
218,1-butyl-3-methylimidazolium octylsulfate,C(CCCCCCC)OS(=O)(=O)[O-].C(CCC)N1C=[N+](C=C1)C,318.0,,SurfaceTension,0.0347,0.028186873,0.006513126,test,Balanced IL,Balanced,E,Surface tension multi-split parity plot,True
221,1-butyl-3-methylimidazolium octylsulfate,C(CCCCCCC)OS(=O)(=O)[O-].C(CCC)N1C=[N+](C=C1)C,318.15,,SurfaceTension,0.02572,0.028177954,0.002457954,test,Balanced IL,Balanced,E,Surface tension multi-split parity plot,True
228,1-butyl-3-methylimidazolium octylsulfate,C(CCCCCCC)OS(=O)(=O)[O-].C(CCC)N1C=[N+](C=C1)C,323.0,,SurfaceTension,0.0343,0.027892139,0.0064078607,test,Balanced IL,Balanced,E,Surface tension multi-split parity plot,True
238,1-butyl-3-methylimidazolium octylsulfate,C(CCCCCCC)OS(=O)(=O)[O-].C(CCC)N1C=[N+](C=C1)C,328.0,,SurfaceTension,0.033899996,0.027602207,0.0062977895,test,Balanced IL,Balanced,E,Surface tension multi-split parity plot,True
241,1-butyl-3-methylimidazolium octylsulfate,C(CCCCCCC)OS(=O)(=O)[O-].C(CCC)N1C=[N+](C=C1)C,328.15,,SurfaceTension,0.024990002,0.027593572,0.00260357,test,Balanced IL,Balanced,E,Surface tension multi-split parity plot,True
2550,1-butyl-3-methylimidazolium salicylate,CCCC[n+]1ccn(C)c1.O=C([O-])c1ccccc1O,293.15,,SurfaceTension,0.044200003,0.047327533,0.0031275302,test,Balanced IL,Balanced,E,Surface tension multi-split parity plot,True
2552,1-butyl-3-methylimidazolium salicylate,CCCC[n+]1ccn(C)c1.O=C([O-])c1ccccc1O,298.15,,SurfaceTension,0.044,0.047090013,0.0030900128,test,Balanced IL,Balanced,E,Surface tension multi-split parity plot,True
2554,1-butyl-3-methylimidazolium salicylate,CCCC[n+]1ccn(C)c1.O=C([O-])c1ccccc1O,303.15,,SurfaceTension,0.043699995,0.046824392,0.0031243972,test,Balanced IL,Balanced,E,Surface tension multi-split parity plot,True
2556,1-butyl-3-methylimidazolium salicylate,CCCC[n+]1ccn(C)c1.O=C([O-])c1ccccc1O,308.15,,SurfaceTension,0.043500002,0.04653018,0.0030301772,test,Balanced IL,Balanced,E,Surface tension multi-split parity plot,True
2558,1-butyl-3-methylimidazolium salicylate,CCCC[n+]1ccn(C)c1.O=C([O-])c1ccccc1O,313.15,,SurfaceTension,0.0433,0.046207886,0.002907887,test,Balanced IL,Balanced,E,Surface tension multi-split parity plot,True
2560,1-butyl-3-methylimidazolium salicylate,CCCC[n+]1ccn(C)c1.O=C([O-])c1ccccc1O,318.15,,SurfaceTension,0.043199997,0.04585892,0.0026589222,test,Balanced IL,Balanced,E,Surface tension multi-split parity plot,True
2562,1-butyl-3-methylimidazolium salicylate,CCCC[n+]1ccn(C)c1.O=C([O-])c1ccccc1O,323.15,,SurfaceTension,0.042999998,0.045485515,0.0024855174,test,Balanced IL,Balanced,E,Surface tension multi-split parity plot,True
2677,1-butyl-3-methylimidazolium trifluoromethanesulfonate,CCCC[n+]1ccn(C)c1.O=S(=O)([O-])C(F)(F)F,292.18,,SurfaceTension,0.035389997,0.035623297,0.00023330003,test,Balanced IL,Balanced,E,Surface tension multi-split parity plot,True
2678,1-butyl-3-methylimidazolium trifluoromethanesulfonate,CCCC[n+]1ccn(C)c1.O=S(=O)([O-])C(F)(F)F,292.24,,SurfaceTension,0.035399996,0.035620186,0.00022019073,test,Balanced IL,Balanced,E,Surface tension multi-split parity plot,True
2695,1-butyl-3-methylimidazolium trifluoromethanesulfonate,CCCC[n+]1ccn(C)c1.O=S(=O)([O-])C(F)(F)F,293.2,,SurfaceTension,0.034555,0.035570342,0.0010153428,test,Balanced IL,Balanced,E,Surface tension multi-split parity plot,True
2698,1-butyl-3-methylimidazolium trifluoromethanesulfonate,CCCC[n+]1ccn(C)c1.O=S(=O)([O-])C(F)(F)F,293.4,,SurfaceTension,0.035210002,0.03555995,0.00034994632,test,Balanced IL,Balanced,E,Surface tension multi-split parity plot,True
2697,1-butyl-3-methylimidazolium trifluoromethanesulfonate,CCCC[n+]1ccn(C)c1.O=S(=O)([O-])C(F)(F)F,293.45,,SurfaceTension,0.03517,0.03555735,0.00038734823,test,Balanced IL,Balanced,E,Surface tension multi-split parity plot,True
2705,1-butyl-3-methylimidazolium trifluoromethanesulfonate,CCCC[n+]1ccn(C)c1.O=S(=O)([O-])C(F)(F)F,298.06,,SurfaceTension,0.035180002,0.0353164,0.00013639778,test,Balanced IL,Balanced,E,Surface tension multi-split parity plot,True
2714,1-butyl-3-methylimidazolium trifluoromethanesulfonate,CCCC[n+]1ccn(C)c1.O=S(=O)([O-])C(F)(F)F,298.1,,SurfaceTension,0.035859995,0.03531429,0.0005457029,test,Balanced IL,Balanced,E,Surface tension multi-split parity plot,True
2709,1-butyl-3-methylimidazolium trifluoromethanesulfonate,CCCC[n+]1ccn(C)c1.O=S(=O)([O-])C(F)(F)F,298.12,,SurfaceTension,0.035200004,0.03531325,0.0001132451,test,Balanced IL,Balanced,E,Surface tension multi-split parity plot,True
2720,1-butyl-3-methylimidazolium trifluoromethanesulfonate,CCCC[n+]1ccn(C)c1.O=S(=O)([O-])C(F)(F)F,298.2,,SurfaceTension,0.03327,0.035309035,0.002039034,test,Balanced IL,Balanced,E,Surface tension multi-split parity plot,True
2716,1-butyl-3-methylimidazolium trifluoromethanesulfonate,CCCC[n+]1ccn(C)c1.O=S(=O)([O-])C(F)(F)F,298.22,,SurfaceTension,0.035090003,0.035307985,0.00021798164,test,Balanced IL,Balanced,E,Surface tension multi-split parity plot,True
2717,1-butyl-3-methylimidazolium trifluoromethanesulfonate,CCCC[n+]1ccn(C)c1.O=S(=O)([O-])C(F)(F)F,298.27,,SurfaceTension,0.0351,0.03530536,0.00020535663,test,Balanced IL,Balanced,E,Surface tension multi-split parity plot,True
2721,1-butyl-3-methylimidazolium trifluoromethanesulfonate,CCCC[n+]1ccn(C)c1.O=S(=O)([O-])C(F)(F)F,298.45,,SurfaceTension,0.03397,0.0352959,0.0013259016,test,Balanced IL,Balanced,E,Surface tension multi-split parity plot,True
2731,1-butyl-3-methylimidazolium trifluoromethanesulfonate,CCCC[n+]1ccn(C)c1.O=S(=O)([O-])C(F)(F)F,303.03,,SurfaceTension,0.03505,0.035053775,3.773719e-06,test,Balanced IL,Balanced,E,Surface tension multi-split parity plot,True
2732,1-butyl-3-methylimidazolium trifluoromethanesulfonate,CCCC[n+]1ccn(C)c1.O=S(=O)([O-])C(F)(F)F,303.09,,SurfaceTension,0.035090003,0.035050586,3.9417297e-05,test,Balanced IL,Balanced,E,Surface tension multi-split parity plot,True
2747,1-butyl-3-methylimidazolium trifluoromethanesulfonate,CCCC[n+]1ccn(C)c1.O=S(=O)([O-])C(F)(F)F,303.18,,SurfaceTension,0.034869995,0.035045806,0.00017581135,test,Balanced IL,Balanced,E,Surface tension multi-split parity plot,True
2751,1-butyl-3-methylimidazolium trifluoromethanesulfonate,CCCC[n+]1ccn(C)c1.O=S(=O)([O-])C(F)(F)F,303.2,,SurfaceTension,0.03431667,0.035044733,0.0007280633,test,Balanced IL,Balanced,E,Surface tension multi-split parity plot,True
2760,1-butyl-3-methylimidazolium trifluoromethanesulfonate,CCCC[n+]1ccn(C)c1.O=S(=O)([O-])C(F)(F)F,307.9,,SurfaceTension,0.035290003,0.034793448,0.0004965551,test,Balanced IL,Balanced,E,Surface tension multi-split parity plot,True
2761,1-butyl-3-methylimidazolium trifluoromethanesulfonate,CCCC[n+]1ccn(C)c1.O=S(=O)([O-])C(F)(F)F,308.01,,SurfaceTension,0.03471,0.03478753,7.752702e-05,test,Balanced IL,Balanced,E,Surface tension multi-split parity plot,True
2763,1-butyl-3-methylimidazolium trifluoromethanesulfonate,CCCC[n+]1ccn(C)c1.O=S(=O)([O-])C(F)(F)F,308.06,,SurfaceTension,0.03483,0.034784846,4.5154244e-05,test,Balanced IL,Balanced,E,Surface tension multi-split parity plot,True
2764,1-butyl-3-methylimidazolium trifluoromethanesulfonate,CCCC[n+]1ccn(C)c1.O=S(=O)([O-])C(F)(F)F,308.08,,SurfaceTension,0.03485,0.034783766,6.623566e-05,test,Balanced IL,Balanced,E,Surface tension multi-split parity plot,True
2773,1-butyl-3-methylimidazolium trifluoromethanesulfonate,CCCC[n+]1ccn(C)c1.O=S(=O)([O-])C(F)(F)F,308.2,,SurfaceTension,0.03263,0.034777313,0.0021473132,test,Balanced IL,Balanced,E,Surface tension multi-split parity plot,True
2798,1-butyl-3-methylimidazolium trifluoromethanesulfonate,CCCC[n+]1ccn(C)c1.O=S(=O)([O-])C(F)(F)F,313.2,,SurfaceTension,0.033489995,0.03450665,0.0010166541,test,Balanced IL,Balanced,E,Surface tension multi-split parity plot,True
2795,1-butyl-3-methylimidazolium trifluoromethanesulfonate,CCCC[n+]1ccn(C)c1.O=S(=O)([O-])C(F)(F)F,313.26,,SurfaceTension,0.034649998,0.034503385,0.00014661252,test,Balanced IL,Balanced,E,Surface tension multi-split parity plot,True
2799,1-butyl-3-methylimidazolium trifluoromethanesulfonate,CCCC[n+]1ccn(C)c1.O=S(=O)([O-])C(F)(F)F,313.31,,SurfaceTension,0.034630004,0.034500662,0.00012934208,test,Balanced IL,Balanced,E,Surface tension multi-split parity plot,True
2802,1-butyl-3-methylimidazolium trifluoromethanesulfonate,CCCC[n+]1ccn(C)c1.O=S(=O)([O-])C(F)(F)F,313.58,,SurfaceTension,0.034590002,0.03448595,0.00010405108,test,Balanced IL,Balanced,E,Surface tension multi-split parity plot,True
2803,1-butyl-3-methylimidazolium trifluoromethanesulfonate,CCCC[n+]1ccn(C)c1.O=S(=O)([O-])C(F)(F)F,313.59,,SurfaceTension,0.034540005,0.034485407,5.4597855e-05,test,Balanced IL,Balanced,E,Surface tension multi-split parity plot,True
2809,1-butyl-3-methylimidazolium trifluoromethanesulfonate,CCCC[n+]1ccn(C)c1.O=S(=O)([O-])C(F)(F)F,318.0,,SurfaceTension,0.03495,0.034243707,0.0007062927,test,Balanced IL,Balanced,E,Surface tension multi-split parity plot,True
2814,1-butyl-3-methylimidazolium trifluoromethanesulfonate,CCCC[n+]1ccn(C)c1.O=S(=O)([O-])C(F)(F)F,318.1,,SurfaceTension,0.034440003,0.034238197,0.00020180643,test,Balanced IL,Balanced,E,Surface tension multi-split parity plot,True
2810,1-butyl-3-methylimidazolium trifluoromethanesulfonate,CCCC[n+]1ccn(C)c1.O=S(=O)([O-])C(F)(F)F,318.13,,SurfaceTension,0.03453,0.034236547,0.0002934523,test,Balanced IL,Balanced,E,Surface tension multi-split parity plot,True
2818,1-butyl-3-methylimidazolium trifluoromethanesulfonate,CCCC[n+]1ccn(C)c1.O=S(=O)([O-])C(F)(F)F,318.51,,SurfaceTension,0.034350004,0.034215596,0.00013440847,test,Balanced IL,Balanced,E,Surface tension multi-split parity plot,True
2819,1-butyl-3-methylimidazolium trifluoromethanesulfonate,CCCC[n+]1ccn(C)c1.O=S(=O)([O-])C(F)(F)F,318.68,,SurfaceTension,0.034359995,0.034206215,0.00015377998,test,Balanced IL,Balanced,E,Surface tension multi-split parity plot,True
2826,1-butyl-3-methylimidazolium trifluoromethanesulfonate,CCCC[n+]1ccn(C)c1.O=S(=O)([O-])C(F)(F)F,322.87,,SurfaceTension,0.03434,0.033973787,0.00036621466,test,Balanced IL,Balanced,E,Surface tension multi-split parity plot,True
2828,1-butyl-3-methylimidazolium trifluoromethanesulfonate,CCCC[n+]1ccn(C)c1.O=S(=O)([O-])C(F)(F)F,322.93,,SurfaceTension,0.034179993,0.03397044,0.0002095513,test,Balanced IL,Balanced,E,Surface tension multi-split parity plot,True
2829,1-butyl-3-methylimidazolium trifluoromethanesulfonate,CCCC[n+]1ccn(C)c1.O=S(=O)([O-])C(F)(F)F,322.99,,SurfaceTension,0.034220003,0.0339671,0.0002529025,test,Balanced IL,Balanced,E,Surface tension multi-split parity plot,True
2840,1-butyl-3-methylimidazolium trifluoromethanesulfonate,CCCC[n+]1ccn(C)c1.O=S(=O)([O-])C(F)(F)F,323.2,,SurfaceTension,0.034189995,0.03395538,0.00023461506,test,Balanced IL,Balanced,E,Surface tension multi-split parity plot,True
2848,1-butyl-3-methylimidazolium trifluoromethanesulfonate,CCCC[n+]1ccn(C)c1.O=S(=O)([O-])C(F)(F)F,327.64,,SurfaceTension,0.034134995,0.03370634,0.00042865425,test,Balanced IL,Balanced,E,Surface tension multi-split parity plot,True
2849,1-butyl-3-methylimidazolium trifluoromethanesulfonate,CCCC[n+]1ccn(C)c1.O=S(=O)([O-])C(F)(F)F,328.05,,SurfaceTension,0.034029998,0.033683214,0.00034678355,test,Balanced IL,Balanced,E,Surface tension multi-split parity plot,True
2851,1-butyl-3-methylimidazolium trifluoromethanesulfonate,CCCC[n+]1ccn(C)c1.O=S(=O)([O-])C(F)(F)F,328.09,,SurfaceTension,0.033799995,0.033680953,0.00011904165,test,Balanced IL,Balanced,E,Surface tension multi-split parity plot,True
2858,1-butyl-3-methylimidazolium trifluoromethanesulfonate,CCCC[n+]1ccn(C)c1.O=S(=O)([O-])C(F)(F)F,328.1,,SurfaceTension,0.034639996,0.03368039,0.000959605,test,Balanced IL,Balanced,E,Surface tension multi-split parity plot,True
2870,1-butyl-3-methylimidazolium trifluoromethanesulfonate,CCCC[n+]1ccn(C)c1.O=S(=O)([O-])C(F)(F)F,332.66,,SurfaceTension,0.033849996,0.033421643,0.0004283525,test,Balanced IL,Balanced,E,Surface tension multi-split parity plot,True
2872,1-butyl-3-methylimidazolium trifluoromethanesulfonate,CCCC[n+]1ccn(C)c1.O=S(=O)([O-])C(F)(F)F,332.74,,SurfaceTension,0.033820003,0.03341708,0.00040292367,test,Balanced IL,Balanced,E,Surface tension multi-split parity plot,True
2885,1-butyl-3-methylimidazolium trifluoromethanesulfonate,CCCC[n+]1ccn(C)c1.O=S(=O)([O-])C(F)(F)F,333.2,,SurfaceTension,0.03371,0.03339082,0.00031917915,test,Balanced IL,Balanced,E,Surface tension multi-split parity plot,True
2882,1-butyl-3-methylimidazolium trifluoromethanesulfonate,CCCC[n+]1ccn(C)c1.O=S(=O)([O-])C(F)(F)F,333.21,,SurfaceTension,0.034009997,0.033390254,0.000619743,test,Balanced IL,Balanced,E,Surface tension multi-split parity plot,True
2883,1-butyl-3-methylimidazolium trifluoromethanesulfonate,CCCC[n+]1ccn(C)c1.O=S(=O)([O-])C(F)(F)F,333.25,,SurfaceTension,0.03389,0.03338797,0.0005020313,test,Balanced IL,Balanced,E,Surface tension multi-split parity plot,True
2893,1-butyl-3-methylimidazolium trifluoromethanesulfonate,CCCC[n+]1ccn(C)c1.O=S(=O)([O-])C(F)(F)F,337.68,,SurfaceTension,0.033809997,0.03313371,0.0006762855,test,Balanced IL,Balanced,E,Surface tension multi-split parity plot,True
2895,1-butyl-3-methylimidazolium trifluoromethanesulfonate,CCCC[n+]1ccn(C)c1.O=S(=O)([O-])C(F)(F)F,337.83,,SurfaceTension,0.033739995,0.03312506,0.00061493367,test,Balanced IL,Balanced,E,Surface tension multi-split parity plot,True
2896,1-butyl-3-methylimidazolium trifluoromethanesulfonate,CCCC[n+]1ccn(C)c1.O=S(=O)([O-])C(F)(F)F,337.84,,SurfaceTension,0.033439998,0.033124488,0.00031550974,test,Balanced IL,Balanced,E,Surface tension multi-split parity plot,True
2897,1-butyl-3-methylimidazolium trifluoromethanesulfonate,CCCC[n+]1ccn(C)c1.O=S(=O)([O-])C(F)(F)F,337.92,,SurfaceTension,0.03373,0.033119865,0.0006101355,test,Balanced IL,Balanced,E,Surface tension multi-split parity plot,True
2905,1-butyl-3-methylimidazolium trifluoromethanesulfonate,CCCC[n+]1ccn(C)c1.O=S(=O)([O-])C(F)(F)F,338.3,,SurfaceTension,0.0343,0.03309793,0.0012020692,test,Balanced IL,Balanced,E,Surface tension multi-split parity plot,True
2914,1-butyl-3-methylimidazolium trifluoromethanesulfonate,CCCC[n+]1ccn(C)c1.O=S(=O)([O-])C(F)(F)F,342.72,,SurfaceTension,0.03361,0.032841507,0.00076849386,test,Balanced IL,Balanced,E,Surface tension multi-split parity plot,True
2919,1-butyl-3-methylimidazolium trifluoromethanesulfonate,CCCC[n+]1ccn(C)c1.O=S(=O)([O-])C(F)(F)F,343.12,,SurfaceTension,0.033469997,0.032818187,0.0006518103,test,Balanced IL,Balanced,E,Surface tension multi-split parity plot,True
2927,1-butyl-3-methylimidazolium trifluoromethanesulfonate,CCCC[n+]1ccn(C)c1.O=S(=O)([O-])C(F)(F)F,343.2,,SurfaceTension,0.033299997,0.032813523,0.00048647448,test,Balanced IL,Balanced,E,Surface tension multi-split parity plot,True
2928,1-butyl-3-methylimidazolium trifluoromethanesulfonate,CCCC[n+]1ccn(C)c1.O=S(=O)([O-])C(F)(F)F,343.53,,SurfaceTension,0.033469997,0.032794267,0.0006757304,test,Balanced IL,Balanced,E,Surface tension multi-split parity plot,True
2929,1-butyl-3-methylimidazolium trifluoromethanesulfonate,CCCC[n+]1ccn(C)c1.O=S(=O)([O-])C(F)(F)F,343.61,,SurfaceTension,0.033410005,0.03278959,0.0006204136,test,Balanced IL,Balanced,E,Surface tension multi-split parity plot,True
2937,1-butyl-3-methylimidazolium trifluoromethanesulfonate,CCCC[n+]1ccn(C)c1.O=S(=O)([O-])C(F)(F)F,347.73,,SurfaceTension,0.033360004,0.032548085,0.00081191957,test,Balanced IL,Balanced,E,Surface tension multi-split parity plot,True
2938,1-butyl-3-methylimidazolium trifluoromethanesulfonate,CCCC[n+]1ccn(C)c1.O=S(=O)([O-])C(F)(F)F,347.79,,SurfaceTension,0.033540003,0.032544553,0.0009954497,test,Balanced IL,Balanced,E,Surface tension multi-split parity plot,True
2948,1-butyl-3-methylimidazolium trifluoromethanesulfonate,CCCC[n+]1ccn(C)c1.O=S(=O)([O-])C(F)(F)F,348.54,,SurfaceTension,0.033279996,0.03250038,0.0007796176,test,Balanced IL,Balanced,E,Surface tension multi-split parity plot,True
2949,1-butyl-3-methylimidazolium trifluoromethanesulfonate,CCCC[n+]1ccn(C)c1.O=S(=O)([O-])C(F)(F)F,348.64,,SurfaceTension,0.032899998,0.032494485,0.00040551275,test,Balanced IL,Balanced,E,Surface tension multi-split parity plot,True
2957,1-butyl-3-methylimidazolium trifluoromethanesulfonate,CCCC[n+]1ccn(C)c1.O=S(=O)([O-])C(F)(F)F,352.45,,SurfaceTension,0.03327,0.032269098,0.0010009035,test,Balanced IL,Balanced,E,Surface tension multi-split parity plot,True
2958,1-butyl-3-methylimidazolium trifluoromethanesulfonate,CCCC[n+]1ccn(C)c1.O=S(=O)([O-])C(F)(F)F,352.7,,SurfaceTension,0.03308,0.03225426,0.0008257404,test,Balanced IL,Balanced,E,Surface tension multi-split parity plot,True
2971,1-butyl-3-methylimidazolium trifluoromethanesulfonate,CCCC[n+]1ccn(C)c1.O=S(=O)([O-])C(F)(F)F,355.89,,SurfaceTension,0.032999996,0.0320643,0.00093569607,test,Balanced IL,Balanced,E,Surface tension multi-split parity plot,True
2973,1-butyl-3-methylimidazolium trifluoromethanesulfonate,CCCC[n+]1ccn(C)c1.O=S(=O)([O-])C(F)(F)F,356.0,,SurfaceTension,0.032819998,0.032057732,0.0007622652,test,Balanced IL,Balanced,E,Surface tension multi-split parity plot,True
2147,1-butyl-3-methylpyridinium bis[(trifluoromethyl)sulfonyl]amide,CCCC[n+]1cccc(C)c1.O=S(=O)([N-]S(=O)(=O)C(F)(F)F)C(F)(F)F,283.15,,SurfaceTension,0.029200003,0.03439328,0.005193278,test,Balanced IL,Balanced,E,Surface tension multi-split parity plot,True
2154,1-butyl-3-methylpyridinium bis[(trifluoromethyl)sulfonyl]amide,CCCC[n+]1cccc(C)c1.O=S(=O)([N-]S(=O)(=O)C(F)(F)F)C(F)(F)F,288.15,,SurfaceTension,0.028800001,0.034092057,0.005292056,test,Balanced IL,Balanced,E,Surface tension multi-split parity plot,True
2162,1-butyl-3-methylpyridinium bis[(trifluoromethyl)sulfonyl]amide,CCCC[n+]1cccc(C)c1.O=S(=O)([N-]S(=O)(=O)C(F)(F)F)C(F)(F)F,293.15,,SurfaceTension,0.032099996,0.033780552,0.0016805567,test,Balanced IL,Balanced,E,Surface tension multi-split parity plot,True
2164,1-butyl-3-methylpyridinium bis[(trifluoromethyl)sulfonyl]amide,CCCC[n+]1cccc(C)c1.O=S(=O)([N-]S(=O)(=O)C(F)(F)F)C(F)(F)F,293.3,,SurfaceTension,0.033899996,0.033771046,0.00012895092,test,Balanced IL,Balanced,E,Surface tension multi-split parity plot,True
2178,1-butyl-3-methylpyridinium bis[(trifluoromethyl)sulfonyl]amide,CCCC[n+]1cccc(C)c1.O=S(=O)([N-]S(=O)(=O)C(F)(F)F)C(F)(F)F,298.15,,SurfaceTension,0.031850003,0.033458333,0.0016083308,test,Balanced IL,Balanced,E,Surface tension multi-split parity plot,True
2181,1-butyl-3-methylpyridinium bis[(trifluoromethyl)sulfonyl]amide,CCCC[n+]1cccc(C)c1.O=S(=O)([N-]S(=O)(=O)C(F)(F)F)C(F)(F)F,298.3,,SurfaceTension,0.033599995,0.033448502,0.00015149266,test,Balanced IL,Balanced,E,Surface tension multi-split parity plot,True
2195,1-butyl-3-methylpyridinium bis[(trifluoromethyl)sulfonyl]amide,CCCC[n+]1cccc(C)c1.O=S(=O)([N-]S(=O)(=O)C(F)(F)F)C(F)(F)F,303.15,,SurfaceTension,0.03155,0.033125307,0.001575306,test,Balanced IL,Balanced,E,Surface tension multi-split parity plot,True
2197,1-butyl-3-methylpyridinium bis[(trifluoromethyl)sulfonyl]amide,CCCC[n+]1cccc(C)c1.O=S(=O)([N-]S(=O)(=O)C(F)(F)F)C(F)(F)F,303.2,,SurfaceTension,0.033400003,0.033121932,0.00027807057,test,Balanced IL,Balanced,E,Surface tension multi-split parity plot,True
2209,1-butyl-3-methylpyridinium bis[(trifluoromethyl)sulfonyl]amide,CCCC[n+]1cccc(C)c1.O=S(=O)([N-]S(=O)(=O)C(F)(F)F)C(F)(F)F,308.15,,SurfaceTension,0.031249998,0.032781754,0.0015317556,test,Balanced IL,Balanced,E,Surface tension multi-split parity plot,True
2225,1-butyl-3-methylpyridinium bis[(trifluoromethyl)sulfonyl]amide,CCCC[n+]1cccc(C)c1.O=S(=O)([N-]S(=O)(=O)C(F)(F)F)C(F)(F)F,313.1,,SurfaceTension,0.032899998,0.032431796,0.00046820194,test,Balanced IL,Balanced,E,Surface tension multi-split parity plot,True
2223,1-butyl-3-methylpyridinium bis[(trifluoromethyl)sulfonyl]amide,CCCC[n+]1cccc(C)c1.O=S(=O)([N-]S(=O)(=O)C(F)(F)F)C(F)(F)F,313.15,,SurfaceTension,0.031000003,0.03242822,0.0014282167,test,Balanced IL,Balanced,E,Surface tension multi-split parity plot,True
2235,1-butyl-3-methylpyridinium bis[(trifluoromethyl)sulfonyl]amide,CCCC[n+]1cccc(C)c1.O=S(=O)([N-]S(=O)(=O)C(F)(F)F)C(F)(F)F,318.15,,SurfaceTension,0.030649994,0.03206553,0.0014155358,test,Balanced IL,Balanced,E,Surface tension multi-split parity plot,True
2246,1-butyl-3-methylpyridinium bis[(trifluoromethyl)sulfonyl]amide,CCCC[n+]1cccc(C)c1.O=S(=O)([N-]S(=O)(=O)C(F)(F)F)C(F)(F)F,323.0,,SurfaceTension,0.032400005,0.031705916,0.00069408864,test,Balanced IL,Balanced,E,Surface tension multi-split parity plot,True
2248,1-butyl-3-methylpyridinium bis[(trifluoromethyl)sulfonyl]amide,CCCC[n+]1cccc(C)c1.O=S(=O)([N-]S(=O)(=O)C(F)(F)F)C(F)(F)F,323.15,,SurfaceTension,0.030399999,0.031694673,0.0012946744,test,Balanced IL,Balanced,E,Surface tension multi-split parity plot,True
2259,1-butyl-3-methylpyridinium bis[(trifluoromethyl)sulfonyl]amide,CCCC[n+]1cccc(C)c1.O=S(=O)([N-]S(=O)(=O)C(F)(F)F)C(F)(F)F,328.15,,SurfaceTension,0.026099999,0.031316783,0.005216785,test,Balanced IL,Balanced,E,Surface tension multi-split parity plot,True
2272,1-butyl-3-methylpyridinium bis[(trifluoromethyl)sulfonyl]amide,CCCC[n+]1cccc(C)c1.O=S(=O)([N-]S(=O)(=O)C(F)(F)F)C(F)(F)F,333.15,,SurfaceTension,0.025800003,0.030933037,0.0051330347,test,Balanced IL,Balanced,E,Surface tension multi-split parity plot,True
2274,1-butyl-3-methylpyridinium bis[(trifluoromethyl)sulfonyl]amide,CCCC[n+]1cccc(C)c1.O=S(=O)([N-]S(=O)(=O)C(F)(F)F)C(F)(F)F,333.2,,SurfaceTension,0.031899996,0.030929172,0.0009708237,test,Balanced IL,Balanced,E,Surface tension multi-split parity plot,True
2280,1-butyl-3-methylpyridinium bis[(trifluoromethyl)sulfonyl]amide,CCCC[n+]1cccc(C)c1.O=S(=O)([N-]S(=O)(=O)C(F)(F)F)C(F)(F)F,338.15,,SurfaceTension,0.025399998,0.030544618,0.0051446203,test,Balanced IL,Balanced,E,Surface tension multi-split parity plot,True
2286,1-butyl-3-methylpyridinium bis[(trifluoromethyl)sulfonyl]amide,CCCC[n+]1cccc(C)c1.O=S(=O)([N-]S(=O)(=O)C(F)(F)F)C(F)(F)F,343.0,,SurfaceTension,0.0314,0.030164482,0.0012355167,test,Balanced IL,Balanced,E,Surface tension multi-split parity plot,True
2074,1-butyl-4-methylpyridinium thiocyanate,CCCC[n+]1ccc(C)cc1.N#C[S-],302.85,,SurfaceTension,0.04769999,0.043484002,0.0042159893,test,Balanced IL,Balanced,E,Surface tension multi-split parity plot,True
2075,1-butyl-4-methylpyridinium thiocyanate,CCCC[n+]1ccc(C)cc1.N#C[S-],302.95,,SurfaceTension,0.047599997,0.043472935,0.004127063,test,Balanced IL,Balanced,E,Surface tension multi-split parity plot,True
2080,1-butyl-4-methylpyridinium thiocyanate,CCCC[n+]1ccc(C)cc1.N#C[S-],312.35,,SurfaceTension,0.045199994,0.042447045,0.0027529486,test,Balanced IL,Balanced,E,Surface tension multi-split parity plot,True
2081,1-butyl-4-methylpyridinium thiocyanate,CCCC[n+]1ccc(C)cc1.N#C[S-],312.85,,SurfaceTension,0.045800004,0.042393584,0.0034064204,test,Balanced IL,Balanced,E,Surface tension multi-split parity plot,True
2086,1-butyl-4-methylpyridinium thiocyanate,CCCC[n+]1ccc(C)cc1.N#C[S-],320.15,,SurfaceTension,0.045800004,0.041631225,0.0041687787,test,Balanced IL,Balanced,E,Surface tension multi-split parity plot,True
2087,1-butyl-4-methylpyridinium thiocyanate,CCCC[n+]1ccc(C)cc1.N#C[S-],320.35,,SurfaceTension,0.045999996,0.041610863,0.0043891333,test,Balanced IL,Balanced,E,Surface tension multi-split parity plot,True
2092,1-butyl-4-methylpyridinium thiocyanate,CCCC[n+]1ccc(C)cc1.N#C[S-],330.15,,SurfaceTension,0.039499998,0.040653333,0.001153335,test,Balanced IL,Balanced,E,Surface tension multi-split parity plot,True
2093,1-butyl-4-methylpyridinium thiocyanate,CCCC[n+]1ccc(C)cc1.N#C[S-],330.75,,SurfaceTension,0.040899996,0.040597398,0.00030259788,test,Balanced IL,Balanced,E,Surface tension multi-split parity plot,True
2098,1-butyl-4-methylpyridinium thiocyanate,CCCC[n+]1ccc(C)cc1.N#C[S-],341.75,,SurfaceTension,0.0361,0.039630033,0.003530033,test,Balanced IL,Balanced,E,Surface tension multi-split parity plot,True
2099,1-butyl-4-methylpyridinium thiocyanate,CCCC[n+]1ccc(C)cc1.N#C[S-],341.95,,SurfaceTension,0.040700004,0.039613463,0.0010865405,test,Balanced IL,Balanced,E,Surface tension multi-split parity plot,True
2100,1-butyl-4-methylpyridinium thiocyanate,CCCC[n+]1ccc(C)cc1.N#C[S-],342.15,,SurfaceTension,0.038400006,0.03959693,0.0011969246,test,Balanced IL,Balanced,E,Surface tension multi-split parity plot,True
1126,1-dodecyl-3-methylimidazolium tetrafluoroborate,CCCCCCCCCCCC[n+]1ccn(C)c1.F[B-](F)(F)F,327.2,,SurfaceTension,0.025889995,0.027504317,0.0016143229,test,Balanced IL,Balanced,E,Surface tension multi-split parity plot,True
1129,1-dodecyl-3-methylimidazolium tetrafluoroborate,CCCCCCCCCCCC[n+]1ccn(C)c1.F[B-](F)(F)F,333.17,,SurfaceTension,0.025790002,0.027148882,0.0013588797,test,Balanced IL,Balanced,E,Surface tension multi-split parity plot,True
1131,1-dodecyl-3-methylimidazolium tetrafluoroborate,CCCCCCCCCCCC[n+]1ccn(C)c1.F[B-](F)(F)F,333.2,,SurfaceTension,0.025609998,0.027147103,0.0015371051,test,Balanced IL,Balanced,E,Surface tension multi-split parity plot,True
1133,1-dodecyl-3-methylimidazolium tetrafluoroborate,CCCCCCCCCCCC[n+]1ccn(C)c1.F[B-](F)(F)F,336.0,,SurfaceTension,0.025200002,0.026981534,0.0017815325,test,Balanced IL,Balanced,E,Surface tension multi-split parity plot,True
1136,1-dodecyl-3-methylimidazolium tetrafluoroborate,CCCCCCCCCCCC[n+]1ccn(C)c1.F[B-](F)(F)F,338.0,,SurfaceTension,0.025539998,0.026863698,0.0013237,test,Balanced IL,Balanced,E,Surface tension multi-split parity plot,True
1135,1-dodecyl-3-methylimidazolium tetrafluoroborate,CCCCCCCCCCCC[n+]1ccn(C)c1.F[B-](F)(F)F,338.06,,SurfaceTension,0.02559,0.026860176,0.001270175,test,Balanced IL,Balanced,E,Surface tension multi-split parity plot,True
1138,1-dodecyl-3-methylimidazolium tetrafluoroborate,CCCCCCCCCCCC[n+]1ccn(C)c1.F[B-](F)(F)F,342.73,,SurfaceTension,0.025399998,0.02658647,0.0011864714,test,Balanced IL,Balanced,E,Surface tension multi-split parity plot,True
1140,1-dodecyl-3-methylimidazolium tetrafluoroborate,CCCCCCCCCCCC[n+]1ccn(C)c1.F[B-](F)(F)F,343.23,,SurfaceTension,0.025399998,0.026557283,0.0011572856,test,Balanced IL,Balanced,E,Surface tension multi-split parity plot,True
1142,1-dodecyl-3-methylimidazolium tetrafluoroborate,CCCCCCCCCCCC[n+]1ccn(C)c1.F[B-](F)(F)F,347.11,,SurfaceTension,0.02524,0.02633152,0.0010915194,test,Balanced IL,Balanced,E,Surface tension multi-split parity plot,True
1147,1-dodecyl-3-methylimidazolium tetrafluoroborate,CCCCCCCCCCCC[n+]1ccn(C)c1.F[B-](F)(F)F,353.61,,SurfaceTension,0.025030002,0.025956197,0.0009261947,test,Balanced IL,Balanced,E,Surface tension multi-split parity plot,True
1148,1-dodecyl-3-methylimidazolium tetrafluoroborate,CCCCCCCCCCCC[n+]1ccn(C)c1.F[B-](F)(F)F,353.66,,SurfaceTension,0.025109999,0.025953319,0.00084332004,test,Balanced IL,Balanced,E,Surface tension multi-split parity plot,True
1150,1-dodecyl-3-methylimidazolium tetrafluoroborate,CCCCCCCCCCCC[n+]1ccn(C)c1.F[B-](F)(F)F,359.02,,SurfaceTension,0.024819996,0.025646424,0.0008264277,test,Balanced IL,Balanced,E,Surface tension multi-split parity plot,True
1151,1-dodecyl-3-methylimidazolium tetrafluoroborate,CCCCCCCCCCCC[n+]1ccn(C)c1.F[B-](F)(F)F,359.84,,SurfaceTension,0.024779996,0.025599666,0.00081967004,test,Balanced IL,Balanced,E,Surface tension multi-split parity plot,True
1153,1-dodecyl-3-methylimidazolium tetrafluoroborate,CCCCCCCCCCCC[n+]1ccn(C)c1.F[B-](F)(F)F,363.47,,SurfaceTension,0.024640001,0.025393281,0.0007532798,test,Balanced IL,Balanced,E,Surface tension multi-split parity plot,True
1154,1-dodecyl-3-methylimidazolium tetrafluoroborate,CCCCCCCCCCCC[n+]1ccn(C)c1.F[B-](F)(F)F,363.69,,SurfaceTension,0.024629999,0.025380807,0.00075080805,test,Balanced IL,Balanced,E,Surface tension multi-split parity plot,True
288,1-ethenyl-3-octylimidazolium bromide,C=C[n+]1ccn(CCCCCCCC)c1.[Br-],293.15,,SurfaceTension,0.059739996,0.03471559,0.025024407,test,Balanced IL,Balanced,E,Surface tension multi-split parity plot,True
289,1-ethenyl-3-octylimidazolium bromide,C=C[n+]1ccn(CCCCCCCC)c1.[Br-],298.15,,SurfaceTension,0.056819994,0.034023378,0.022796616,test,Balanced IL,Balanced,E,Surface tension multi-split parity plot,True
290,1-ethenyl-3-octylimidazolium bromide,C=C[n+]1ccn(CCCCCCCC)c1.[Br-],303.15,,SurfaceTension,0.054040004,0.033338416,0.020701587,test,Balanced IL,Balanced,E,Surface tension multi-split parity plot,True
291,1-ethenyl-3-octylimidazolium bromide,C=C[n+]1ccn(CCCCCCCC)c1.[Br-],308.15,,SurfaceTension,0.051219992,0.03266845,0.018551543,test,Balanced IL,Balanced,E,Surface tension multi-split parity plot,True
292,1-ethenyl-3-octylimidazolium bromide,C=C[n+]1ccn(CCCCCCCC)c1.[Br-],313.15,,SurfaceTension,0.048550002,0.03202005,0.016529951,test,Balanced IL,Balanced,E,Surface tension multi-split parity plot,True
293,1-ethenyl-3-octylimidazolium bromide,C=C[n+]1ccn(CCCCCCCC)c1.[Br-],318.15,,SurfaceTension,0.04579,0.03139819,0.014391813,test,Balanced IL,Balanced,E,Surface tension multi-split parity plot,True
294,1-ethenyl-3-octylimidazolium bromide,C=C[n+]1ccn(CCCCCCCC)c1.[Br-],323.15,,SurfaceTension,0.043179996,0.030806033,0.012373963,test,Balanced IL,Balanced,E,Surface tension multi-split parity plot,True
295,1-ethenyl-3-octylimidazolium bromide,C=C[n+]1ccn(CCCCCCCC)c1.[Br-],328.15,,SurfaceTension,0.0406,0.030245088,0.010354914,test,Balanced IL,Balanced,E,Surface tension multi-split parity plot,True
296,1-ethenyl-3-octylimidazolium bromide,C=C[n+]1ccn(CCCCCCCC)c1.[Br-],333.15,,SurfaceTension,0.03824,0.029715372,0.008524628,test,Balanced IL,Balanced,E,Surface tension multi-split parity plot,True
7,1-ethyl-3-methylimidazolium diethylphosphate,C(C)OP(=O)(OCC)[O-].C(C)N1C=[N+](C=C1)C,293.15,,SurfaceTension,0.03545,0.04274234,0.0072923414,test,Balanced IL,Balanced,E,Surface tension multi-split parity plot,True
12,1-ethyl-3-methylimidazolium diethylphosphate,C(C)OP(=O)(OCC)[O-].C(C)N1C=[N+](C=C1)C,298.15,,SurfaceTension,0.03583333,0.042469226,0.006635897,test,Balanced IL,Balanced,E,Surface tension multi-split parity plot,True
19,1-ethyl-3-methylimidazolium diethylphosphate,C(C)OP(=O)(OCC)[O-].C(C)N1C=[N+](C=C1)C,303.15,,SurfaceTension,0.034799997,0.042193335,0.007393338,test,Balanced IL,Balanced,E,Surface tension multi-split parity plot,True
24,1-ethyl-3-methylimidazolium diethylphosphate,C(C)OP(=O)(OCC)[O-].C(C)N1C=[N+](C=C1)C,308.15,,SurfaceTension,0.0353,0.041915532,0.0066155307,test,Balanced IL,Balanced,E,Surface tension multi-split parity plot,True
30,1-ethyl-3-methylimidazolium diethylphosphate,C(C)OP(=O)(OCC)[O-].C(C)N1C=[N+](C=C1)C,313.15,,SurfaceTension,0.0343,0.041636743,0.007336743,test,Balanced IL,Balanced,E,Surface tension multi-split parity plot,True
35,1-ethyl-3-methylimidazolium diethylphosphate,C(C)OP(=O)(OCC)[O-].C(C)N1C=[N+](C=C1)C,318.15,,SurfaceTension,0.034599997,0.04135799,0.0067579933,test,Balanced IL,Balanced,E,Surface tension multi-split parity plot,True
41,1-ethyl-3-methylimidazolium diethylphosphate,C(C)OP(=O)(OCC)[O-].C(C)N1C=[N+](C=C1)C,323.15,,SurfaceTension,0.033799995,0.04108025,0.0072802566,test,Balanced IL,Balanced,E,Surface tension multi-split parity plot,True
46,1-ethyl-3-methylimidazolium diethylphosphate,C(C)OP(=O)(OCC)[O-].C(C)N1C=[N+](C=C1)C,328.15,,SurfaceTension,0.0342,0.040804498,0.0066044964,test,Balanced IL,Balanced,E,Surface tension multi-split parity plot,True
51,1-ethyl-3-methylimidazolium diethylphosphate,C(C)OP(=O)(OCC)[O-].C(C)N1C=[N+](C=C1)C,333.15,,SurfaceTension,0.03335,0.040531628,0.0071816295,test,Balanced IL,Balanced,E,Surface tension multi-split parity plot,True
56,1-ethyl-3-methylimidazolium diethylphosphate,C(C)OP(=O)(OCC)[O-].C(C)N1C=[N+](C=C1)C,338.15,,SurfaceTension,0.033799995,0.04026239,0.006462395,test,Balanced IL,Balanced,E,Surface tension multi-split parity plot,True
4418,1-ethyl-3-methylimidazolium tetracyanoborate,CC[n+]1ccn(C)c1.N#C[B-](C#N)(C#N)C#N,283.1,,SurfaceTension,0.049699992,0.034970704,0.0147292875,test,Balanced IL,Balanced,E,Surface tension multi-split parity plot,True
4417,1-ethyl-3-methylimidazolium tetracyanoborate,CC[n+]1ccn(C)c1.N#C[B-](C#N)(C#N)C#N,283.15,,SurfaceTension,0.049399998,0.034967035,0.014432963,test,Balanced IL,Balanced,E,Surface tension multi-split parity plot,True
4420,1-ethyl-3-methylimidazolium tetracyanoborate,CC[n+]1ccn(C)c1.N#C[B-](C#N)(C#N)C#N,288.15,,SurfaceTension,0.048899997,0.034607902,0.014292095,test,Balanced IL,Balanced,E,Surface tension multi-split parity plot,True
4423,1-ethyl-3-methylimidazolium tetracyanoborate,CC[n+]1ccn(C)c1.N#C[B-](C#N)(C#N)C#N,293.15,,SurfaceTension,0.0482,0.03426304,0.013936959,test,Balanced IL,Balanced,E,Surface tension multi-split parity plot,True
4424,1-ethyl-3-methylimidazolium tetracyanoborate,CC[n+]1ccn(C)c1.N#C[B-](C#N)(C#N)C#N,293.26,,SurfaceTension,0.048699994,0.03425559,0.014444403,test,Balanced IL,Balanced,E,Surface tension multi-split parity plot,True
4426,1-ethyl-3-methylimidazolium tetracyanoborate,CC[n+]1ccn(C)c1.N#C[B-](C#N)(C#N)C#N,297.04,,SurfaceTension,0.047100004,0.034003016,0.013096988,test,Balanced IL,Balanced,E,Surface tension multi-split parity plot,True
4430,1-ethyl-3-methylimidazolium tetracyanoborate,CC[n+]1ccn(C)c1.N#C[B-](C#N)(C#N)C#N,298.1,,SurfaceTension,0.049099997,0.03393325,0.015166748,test,Balanced IL,Balanced,E,Surface tension multi-split parity plot,True
4429,1-ethyl-3-methylimidazolium tetracyanoborate,CC[n+]1ccn(C)c1.N#C[B-](C#N)(C#N)C#N,298.15,,SurfaceTension,0.04780001,0.033929966,0.013870042,test,Balanced IL,Balanced,E,Surface tension multi-split parity plot,True
4434,1-ethyl-3-methylimidazolium tetracyanoborate,CC[n+]1ccn(C)c1.N#C[B-](C#N)(C#N)C#N,303.15,,SurfaceTension,0.047599997,0.033606213,0.013993785,test,Balanced IL,Balanced,E,Surface tension multi-split parity plot,True
4435,1-ethyl-3-methylimidazolium tetracyanoborate,CC[n+]1ccn(C)c1.N#C[B-](C#N)(C#N)C#N,303.35,,SurfaceTension,0.047599997,0.03359342,0.014006577,test,Balanced IL,Balanced,E,Surface tension multi-split parity plot,True
4436,1-ethyl-3-methylimidazolium tetracyanoborate,CC[n+]1ccn(C)c1.N#C[B-](C#N)(C#N)C#N,307.8,,SurfaceTension,0.0483,0.033311438,0.014988564,test,Balanced IL,Balanced,E,Surface tension multi-split parity plot,True
4438,1-ethyl-3-methylimidazolium tetracyanoborate,CC[n+]1ccn(C)c1.N#C[B-](C#N)(C#N)C#N,308.15,,SurfaceTension,0.047100004,0.033289447,0.013810556,test,Balanced IL,Balanced,E,Surface tension multi-split parity plot,True
4441,1-ethyl-3-methylimidazolium tetracyanoborate,CC[n+]1ccn(C)c1.N#C[B-](C#N)(C#N)C#N,313.15,,SurfaceTension,0.04505,0.03297751,0.012072489,test,Balanced IL,Balanced,E,Surface tension multi-split parity plot,True
4442,1-ethyl-3-methylimidazolium tetracyanoborate,CC[n+]1ccn(C)c1.N#C[B-](C#N)(C#N)C#N,313.29,,SurfaceTension,0.0464,0.032968834,0.013431165,test,Balanced IL,Balanced,E,Surface tension multi-split parity plot,True
4443,1-ethyl-3-methylimidazolium tetracyanoborate,CC[n+]1ccn(C)c1.N#C[B-](C#N)(C#N)C#N,318.0,,SurfaceTension,0.0474,0.032677688,0.014722314,test,Balanced IL,Balanced,E,Surface tension multi-split parity plot,True
4445,1-ethyl-3-methylimidazolium tetracyanoborate,CC[n+]1ccn(C)c1.N#C[B-](C#N)(C#N)C#N,318.15,,SurfaceTension,0.0464,0.032668438,0.013731562,test,Balanced IL,Balanced,E,Surface tension multi-split parity plot,True
4448,1-ethyl-3-methylimidazolium tetracyanoborate,CC[n+]1ccn(C)c1.N#C[B-](C#N)(C#N)C#N,323.15,,SurfaceTension,0.0439,0.03236049,0.011539511,test,Balanced IL,Balanced,E,Surface tension multi-split parity plot,True
4449,1-ethyl-3-methylimidazolium tetracyanoborate,CC[n+]1ccn(C)c1.N#C[B-](C#N)(C#N)C#N,323.2,,SurfaceTension,0.04569999,0.032357413,0.013342578,test,Balanced IL,Balanced,E,Surface tension multi-split parity plot,True
4451,1-ethyl-3-methylimidazolium tetracyanoborate,CC[n+]1ccn(C)c1.N#C[B-](C#N)(C#N)C#N,328.15,,SurfaceTension,0.045499995,0.032052156,0.01344784,test,Balanced IL,Balanced,E,Surface tension multi-split parity plot,True
4452,1-ethyl-3-methylimidazolium tetracyanoborate,CC[n+]1ccn(C)c1.N#C[B-](C#N)(C#N)C#N,328.7,,SurfaceTension,0.0466,0.03201816,0.0145818405,test,Balanced IL,Balanced,E,Surface tension multi-split parity plot,True
4453,1-ethyl-3-methylimidazolium tetracyanoborate,CC[n+]1ccn(C)c1.N#C[B-](C#N)(C#N)C#N,333.09,,SurfaceTension,0.044899996,0.03174586,0.013154138,test,Balanced IL,Balanced,E,Surface tension multi-split parity plot,True
4456,1-ethyl-3-methylimidazolium tetracyanoborate,CC[n+]1ccn(C)c1.N#C[B-](C#N)(C#N)C#N,333.15,,SurfaceTension,0.042265,0.031742126,0.010522876,test,Balanced IL,Balanced,E,Surface tension multi-split parity plot,True
4458,1-ethyl-3-methylimidazolium tetracyanoborate,CC[n+]1ccn(C)c1.N#C[B-](C#N)(C#N)C#N,338.15,,SurfaceTension,0.0448,0.031429324,0.013370674,test,Balanced IL,Balanced,E,Surface tension multi-split parity plot,True
4459,1-ethyl-3-methylimidazolium tetracyanoborate,CC[n+]1ccn(C)c1.N#C[B-](C#N)(C#N)C#N,338.8,,SurfaceTension,0.045800004,0.03138841,0.014411595,test,Balanced IL,Balanced,E,Surface tension multi-split parity plot,True
4460,1-ethyl-3-methylimidazolium tetracyanoborate,CC[n+]1ccn(C)c1.N#C[B-](C#N)(C#N)C#N,343.0,,SurfaceTension,0.045399994,0.0311224,0.014277594,test,Balanced IL,Balanced,E,Surface tension multi-split parity plot,True
4461,1-ethyl-3-methylimidazolium tetracyanoborate,CC[n+]1ccn(C)c1.N#C[B-](C#N)(C#N)C#N,343.12,,SurfaceTension,0.044039994,0.031114757,0.012925237,test,Balanced IL,Balanced,E,Surface tension multi-split parity plot,True
4464,1-ethyl-3-methylimidazolium tetracyanoborate,CC[n+]1ccn(C)c1.N#C[B-](C#N)(C#N)C#N,343.15,,SurfaceTension,0.038330004,0.031112842,0.0072171614,test,Balanced IL,Balanced,E,Surface tension multi-split parity plot,True
4468,1-ethyl-3-methylimidazolium tetracyanoborate,CC[n+]1ccn(C)c1.N#C[B-](C#N)(C#N)C#N,353.15,,SurfaceTension,0.036520004,0.030466279,0.0060537253,test,Balanced IL,Balanced,E,Surface tension multi-split parity plot,True
4469,1-ethyl-3-methylimidazolium tetracyanoborate,CC[n+]1ccn(C)c1.N#C[B-](C#N)(C#N)C#N,353.45,,SurfaceTension,0.043399997,0.030446574,0.012953423,test,Balanced IL,Balanced,E,Surface tension multi-split parity plot,True
4473,1-ethyl-3-methylimidazolium tetracyanoborate,CC[n+]1ccn(C)c1.N#C[B-](C#N)(C#N)C#N,363.15,,SurfaceTension,0.035800003,0.029798893,0.0060011093,test,Balanced IL,Balanced,E,Surface tension multi-split parity plot,True
4319,1-ethylpyridinium trifluoroacetate,CC[n+]1ccccc1.O=C([O-])C(F)(F)F,293.15,,SurfaceTension,0.045199994,0.044455536,0.0007444583,test,Balanced IL,Balanced,E,Surface tension multi-split parity plot,True
4322,1-ethylpyridinium trifluoroacetate,CC[n+]1ccccc1.O=C([O-])C(F)(F)F,298.15,,SurfaceTension,0.044899996,0.044244863,0.0006551333,test,Balanced IL,Balanced,E,Surface tension multi-split parity plot,True
4324,1-ethylpyridinium trifluoroacetate,CC[n+]1ccccc1.O=C([O-])C(F)(F)F,303.15,,SurfaceTension,0.044399995,0.04403628,0.000363715,test,Balanced IL,Balanced,E,Surface tension multi-split parity plot,True
4326,1-ethylpyridinium trifluoroacetate,CC[n+]1ccccc1.O=C([O-])C(F)(F)F,308.15,,SurfaceTension,0.044,0.043828405,0.00017159432,test,Balanced IL,Balanced,E,Surface tension multi-split parity plot,True
4328,1-ethylpyridinium trifluoroacetate,CC[n+]1ccccc1.O=C([O-])C(F)(F)F,313.15,,SurfaceTension,0.043600004,0.043619912,1.9907951e-05,test,Balanced IL,Balanced,E,Surface tension multi-split parity plot,True
4330,1-ethylpyridinium trifluoroacetate,CC[n+]1ccccc1.O=C([O-])C(F)(F)F,318.15,,SurfaceTension,0.043199997,0.04340961,0.00020961091,test,Balanced IL,Balanced,E,Surface tension multi-split parity plot,True
4332,1-ethylpyridinium trifluoroacetate,CC[n+]1ccccc1.O=C([O-])C(F)(F)F,323.15,,SurfaceTension,0.042799998,0.043196566,0.00039656833,test,Balanced IL,Balanced,E,Surface tension multi-split parity plot,True
4334,1-ethylpyridinium trifluoroacetate,CC[n+]1ccccc1.O=C([O-])C(F)(F)F,328.15,,SurfaceTension,0.042400006,0.042980257,0.0005802512,test,Balanced IL,Balanced,E,Surface tension multi-split parity plot,True
4336,1-ethylpyridinium trifluoroacetate,CC[n+]1ccccc1.O=C([O-])C(F)(F)F,333.15,,SurfaceTension,0.041900005,0.042760592,0.00086058676,test,Balanced IL,Balanced,E,Surface tension multi-split parity plot,True
4338,1-ethylpyridinium trifluoroacetate,CC[n+]1ccccc1.O=C([O-])C(F)(F)F,338.15,,SurfaceTension,0.0415,0.0425379,0.0010379031,test,Balanced IL,Balanced,E,Surface tension multi-split parity plot,True
4340,1-ethylpyridinium trifluoroacetate,CC[n+]1ccccc1.O=C([O-])C(F)(F)F,343.15,,SurfaceTension,0.041199997,0.042312883,0.0011128858,test,Balanced IL,Balanced,E,Surface tension multi-split parity plot,True
1438,1-heptyl-3-methylimidazolium bis(trifluoromethylsulfonyl)amide,CCCCCCC[n+]1ccn(C)c1.O=S(=O)([N-]S(=O)(=O)C(F)(F)F)C(F)(F)F,293.15,,SurfaceTension,0.03193,0.031137696,0.00079230405,test,Balanced IL,Balanced,E,Surface tension multi-split parity plot,True
1443,1-heptyl-3-methylimidazolium bis(trifluoromethylsulfonyl)amide,CCCCCCC[n+]1ccn(C)c1.O=S(=O)([N-]S(=O)(=O)C(F)(F)F)C(F)(F)F,298.15,,SurfaceTension,0.03155,0.030789068,0.0007609334,test,Balanced IL,Balanced,E,Surface tension multi-split parity plot,True
1450,1-heptyl-3-methylimidazolium bis(trifluoromethylsulfonyl)amide,CCCCCCC[n+]1ccn(C)c1.O=S(=O)([N-]S(=O)(=O)C(F)(F)F)C(F)(F)F,303.15,,SurfaceTension,0.03131,0.030434296,0.000875704,test,Balanced IL,Balanced,E,Surface tension multi-split parity plot,True
1455,1-heptyl-3-methylimidazolium bis(trifluoromethylsulfonyl)amide,CCCCCCC[n+]1ccn(C)c1.O=S(=O)([N-]S(=O)(=O)C(F)(F)F)C(F)(F)F,308.15,,SurfaceTension,0.03097,0.030074324,0.0008956753,test,Balanced IL,Balanced,E,Surface tension multi-split parity plot,True
1461,1-heptyl-3-methylimidazolium bis(trifluoromethylsulfonyl)amide,CCCCCCC[n+]1ccn(C)c1.O=S(=O)([N-]S(=O)(=O)C(F)(F)F)C(F)(F)F,313.15,,SurfaceTension,0.030649994,0.029710222,0.00093977153,test,Balanced IL,Balanced,E,Surface tension multi-split parity plot,True
1466,1-heptyl-3-methylimidazolium bis(trifluoromethylsulfonyl)amide,CCCCCCC[n+]1ccn(C)c1.O=S(=O)([N-]S(=O)(=O)C(F)(F)F)C(F)(F)F,318.15,,SurfaceTension,0.03048,0.02934306,0.00113694,test,Balanced IL,Balanced,E,Surface tension multi-split parity plot,True
1472,1-heptyl-3-methylimidazolium bis(trifluoromethylsulfonyl)amide,CCCCCCC[n+]1ccn(C)c1.O=S(=O)([N-]S(=O)(=O)C(F)(F)F)C(F)(F)F,323.15,,SurfaceTension,0.0301,0.028973922,0.001126077,test,Balanced IL,Balanced,E,Surface tension multi-split parity plot,True
1476,1-heptyl-3-methylimidazolium bis(trifluoromethylsulfonyl)amide,CCCCCCC[n+]1ccn(C)c1.O=S(=O)([N-]S(=O)(=O)C(F)(F)F)C(F)(F)F,328.15,,SurfaceTension,0.029959999,0.02860384,0.0013561584,test,Balanced IL,Balanced,E,Surface tension multi-split parity plot,True
1481,1-heptyl-3-methylimidazolium bis(trifluoromethylsulfonyl)amide,CCCCCCC[n+]1ccn(C)c1.O=S(=O)([N-]S(=O)(=O)C(F)(F)F)C(F)(F)F,333.15,,SurfaceTension,0.029624999,0.028233757,0.0013912413,test,Balanced IL,Balanced,E,Surface tension multi-split parity plot,True
1485,1-heptyl-3-methylimidazolium bis(trifluoromethylsulfonyl)amide,CCCCCCC[n+]1ccn(C)c1.O=S(=O)([N-]S(=O)(=O)C(F)(F)F)C(F)(F)F,338.15,,SurfaceTension,0.029520001,0.027864512,0.0016554892,test,Balanced IL,Balanced,E,Surface tension multi-split parity plot,True
1490,1-heptyl-3-methylimidazolium bis(trifluoromethylsulfonyl)amide,CCCCCCC[n+]1ccn(C)c1.O=S(=O)([N-]S(=O)(=O)C(F)(F)F)C(F)(F)F,343.15,,SurfaceTension,0.029075004,0.02749685,0.001578154,test,Balanced IL,Balanced,E,Surface tension multi-split parity plot,True
1496,1-heptyl-3-methylimidazolium bis(trifluoromethylsulfonyl)amide,CCCCCCC[n+]1ccn(C)c1.O=S(=O)([N-]S(=O)(=O)C(F)(F)F)C(F)(F)F,353.15,,SurfaceTension,0.02829,0.026768625,0.001521375,test,Balanced IL,Balanced,E,Surface tension multi-split parity plot,True
1559,1-hexyl-3-methylimidazolium dicyanamide,CCCCCC[n+]1ccn(C)c1.N#C[N-]C#N,298.0,,SurfaceTension,0.042999998,0.040773056,0.0022269413,test,Balanced IL,Balanced,E,Surface tension multi-split parity plot,True
1573,1-hexyl-3-methylimidazolium dicyanamide,CCCCCC[n+]1ccn(C)c1.N#C[N-]C#N,307.9,,SurfaceTension,0.042200007,0.03984547,0.0023545362,test,Balanced IL,Balanced,E,Surface tension multi-split parity plot,True
1590,1-hexyl-3-methylimidazolium dicyanamide,CCCCCC[n+]1ccn(C)c1.N#C[N-]C#N,318.4,,SurfaceTension,0.0416,0.038899515,0.0027004853,test,Balanced IL,Balanced,E,Surface tension multi-split parity plot,True
1603,1-hexyl-3-methylimidazolium dicyanamide,CCCCCC[n+]1ccn(C)c1.N#C[N-]C#N,328.2,,SurfaceTension,0.041000005,0.038058855,0.0029411502,test,Balanced IL,Balanced,E,Surface tension multi-split parity plot,True
1612,1-hexyl-3-methylimidazolium dicyanamide,CCCCCC[n+]1ccn(C)c1.N#C[N-]C#N,338.5,,SurfaceTension,0.040499996,0.037222173,0.0032778233,test,Balanced IL,Balanced,E,Surface tension multi-split parity plot,True
1613,1-hexyl-3-methylimidazolium dicyanamide,CCCCCC[n+]1ccn(C)c1.N#C[N-]C#N,342.7,,SurfaceTension,0.040199995,0.03689467,0.0033053234,test,Balanced IL,Balanced,E,Surface tension multi-split parity plot,True
5028,"1-methyl-3-(3,3,4,4,4-pentafluorobutyl)imidazolium hexafluorophosphate",C[n+]1ccn(CCC(F)(F)C(F)(F)F)c1.F[P-](F)(F)(F)(F)F,368.18,,SurfaceTension,0.029800002,0.037682492,0.007882491,test,Balanced IL,Balanced,E,Surface tension multi-split parity plot,True
1206,1-methyl-3-nonylimidazolium bromide,CCCCCCCCCn1cc[n+](C)c1.[Br-],298.64,,SurfaceTension,0.030630004,0.03072885,9.884685e-05,test,Balanced IL,Balanced,E,Surface tension multi-split parity plot,True
1209,1-methyl-3-nonylimidazolium bromide,CCCCCCCCCn1cc[n+](C)c1.[Br-],303.27,,SurfaceTension,0.030409997,0.03023844,0.00017155707,test,Balanced IL,Balanced,E,Surface tension multi-split parity plot,True
1210,1-methyl-3-nonylimidazolium bromide,CCCCCCCCCn1cc[n+](C)c1.[Br-],303.28,,SurfaceTension,0.030119998,0.030237395,0.000117396936,test,Balanced IL,Balanced,E,Surface tension multi-split parity plot,True
1211,1-methyl-3-nonylimidazolium bromide,CCCCCCCCCn1cc[n+](C)c1.[Br-],308.54,,SurfaceTension,0.03017,0.029699422,0.0004705768,test,Balanced IL,Balanced,E,Surface tension multi-split parity plot,True
1213,1-methyl-3-nonylimidazolium bromide,CCCCCCCCCn1cc[n+](C)c1.[Br-],308.55,,SurfaceTension,0.029910004,0.029698424,0.00021157973,test,Balanced IL,Balanced,E,Surface tension multi-split parity plot,True
1214,1-methyl-3-nonylimidazolium bromide,CCCCCCCCCn1cc[n+](C)c1.[Br-],313.44,,SurfaceTension,0.029839998,0.02921895,0.00062104873,test,Balanced IL,Balanced,E,Surface tension multi-split parity plot,True
1216,1-methyl-3-nonylimidazolium bromide,CCCCCCCCCn1cc[n+](C)c1.[Br-],318.03,,SurfaceTension,0.029655004,0.028788242,0.00086676143,test,Balanced IL,Balanced,E,Surface tension multi-split parity plot,True
1220,1-methyl-3-nonylimidazolium bromide,CCCCCCCCCn1cc[n+](C)c1.[Br-],323.2,,SurfaceTension,0.029619997,0.028326038,0.0012939591,test,Balanced IL,Balanced,E,Surface tension multi-split parity plot,True
1219,1-methyl-3-nonylimidazolium bromide,CCCCCCCCCn1cc[n+](C)c1.[Br-],323.23,,SurfaceTension,0.029300002,0.028323432,0.00097657,test,Balanced IL,Balanced,E,Surface tension multi-split parity plot,True
1222,1-methyl-3-nonylimidazolium bromide,CCCCCCCCCn1cc[n+](C)c1.[Br-],327.94,,SurfaceTension,0.029410005,0.027923383,0.0014866218,test,Balanced IL,Balanced,E,Surface tension multi-split parity plot,True
1223,1-methyl-3-nonylimidazolium bromide,CCCCCCCCCn1cc[n+](C)c1.[Br-],327.97,,SurfaceTension,0.029099997,0.027920894,0.0011791028,test,Balanced IL,Balanced,E,Surface tension multi-split parity plot,True
1225,1-methyl-3-nonylimidazolium bromide,CCCCCCCCCn1cc[n+](C)c1.[Br-],333.09,,SurfaceTension,0.029189996,0.027507795,0.0016822014,test,Balanced IL,Balanced,E,Surface tension multi-split parity plot,True
1226,1-methyl-3-nonylimidazolium bromide,CCCCCCCCCn1cc[n+](C)c1.[Br-],333.11,,SurfaceTension,0.028860003,0.027506227,0.0013537761,test,Balanced IL,Balanced,E,Surface tension multi-split parity plot,True
1228,1-methyl-3-nonylimidazolium bromide,CCCCCCCCCn1cc[n+](C)c1.[Br-],338.49,,SurfaceTension,0.028654998,0.027094893,0.001560105,test,Balanced IL,Balanced,E,Surface tension multi-split parity plot,True
1230,1-methyl-3-nonylimidazolium bromide,CCCCCCCCCn1cc[n+](C)c1.[Br-],342.76,,SurfaceTension,0.028509999,0.026783573,0.0017264262,test,Balanced IL,Balanced,E,Surface tension multi-split parity plot,True
1231,1-methyl-3-nonylimidazolium bromide,CCCCCCCCCn1cc[n+](C)c1.[Br-],342.8,,SurfaceTension,0.02839,0.026780713,0.0016092863,test,Balanced IL,Balanced,E,Surface tension multi-split parity plot,True
1232,1-methyl-3-nonylimidazolium bromide,CCCCCCCCCn1cc[n+](C)c1.[Br-],348.23,,SurfaceTension,0.02846,0.026402375,0.002057625,test,Balanced IL,Balanced,E,Surface tension multi-split parity plot,True
1234,1-methyl-3-nonylimidazolium bromide,CCCCCCCCCn1cc[n+](C)c1.[Br-],348.31,,SurfaceTension,0.028179994,0.026396936,0.001783058,test,Balanced IL,Balanced,E,Surface tension multi-split parity plot,True
1235,1-methyl-3-nonylimidazolium bromide,CCCCCCCCCn1cc[n+](C)c1.[Br-],352.32,,SurfaceTension,0.027979996,0.02612895,0.0018510465,test,Balanced IL,Balanced,E,Surface tension multi-split parity plot,True
1236,1-methyl-3-nonylimidazolium bromide,CCCCCCCCCn1cc[n+](C)c1.[Br-],352.4,,SurfaceTension,0.027989998,0.026123693,0.0018663052,test,Balanced IL,Balanced,E,Surface tension multi-split parity plot,True
1238,1-methyl-3-nonylimidazolium bromide,CCCCCCCCCn1cc[n+](C)c1.[Br-],358.25,,SurfaceTension,0.027940001,0.025747977,0.0021920241,test,Balanced IL,Balanced,E,Surface tension multi-split parity plot,True
1239,1-methyl-3-nonylimidazolium bromide,CCCCCCCCCn1cc[n+](C)c1.[Br-],358.31,,SurfaceTension,0.02775,0.025744215,0.0020057857,test,Balanced IL,Balanced,E,Surface tension multi-split parity plot,True
1243,1-methyl-3-nonylimidazolium bromide,CCCCCCCCCn1cc[n+](C)c1.[Br-],361.6,,SurfaceTension,0.027820002,0.02553993,0.0022800714,test,Balanced IL,Balanced,E,Surface tension multi-split parity plot,True
1241,1-methyl-3-nonylimidazolium bromide,CCCCCCCCCn1cc[n+](C)c1.[Br-],361.68,,SurfaceTension,0.027590003,0.02553502,0.0020549837,test,Balanced IL,Balanced,E,Surface tension multi-split parity plot,True
1874,1-methyl-3-pentylimidazolium bis(trifluoromethylsulfonyl)imide,CCCCCn1cc[n+](C)c1.O=S(=O)([N-]S(=O)(=O)C(F)(F)F)C(F)(F)F,293.15,,SurfaceTension,0.032555,0.03239722,0.00015777722,test,Balanced IL,Balanced,E,Surface tension multi-split parity plot,True
1877,1-methyl-3-pentylimidazolium bis(trifluoromethylsulfonyl)imide,CCCCCn1cc[n+](C)c1.O=S(=O)([N-]S(=O)(=O)C(F)(F)F)C(F)(F)F,297.0,,SurfaceTension,0.034,0.032150224,0.001849778,test,Balanced IL,Balanced,E,Surface tension multi-split parity plot,True
1882,1-methyl-3-pentylimidazolium bis(trifluoromethylsulfonyl)imide,CCCCCn1cc[n+](C)c1.O=S(=O)([N-]S(=O)(=O)C(F)(F)F)C(F)(F)F,298.15,,SurfaceTension,0.032245,0.0320755,0.00016950071,test,Balanced IL,Balanced,E,Surface tension multi-split parity plot,True
1889,1-methyl-3-pentylimidazolium bis(trifluoromethylsulfonyl)imide,CCCCCn1cc[n+](C)c1.O=S(=O)([N-]S(=O)(=O)C(F)(F)F)C(F)(F)F,302.45,,SurfaceTension,0.031899996,0.03179235,0.00010764599,test,Balanced IL,Balanced,E,Surface tension multi-split parity plot,True
1894,1-methyl-3-pentylimidazolium bis(trifluoromethylsulfonyl)imide,CCCCCn1cc[n+](C)c1.O=S(=O)([N-]S(=O)(=O)C(F)(F)F)C(F)(F)F,303.15,,SurfaceTension,0.03208,0.03174572,0.00033427775,test,Balanced IL,Balanced,E,Surface tension multi-split parity plot,True
1900,1-methyl-3-pentylimidazolium bis(trifluoromethylsulfonyl)imide,CCCCCn1cc[n+](C)c1.O=S(=O)([N-]S(=O)(=O)C(F)(F)F)C(F)(F)F,308.15,,SurfaceTension,0.03147,0.03140846,6.1541796e-05,test,Balanced IL,Balanced,E,Surface tension multi-split parity plot,True
1901,1-methyl-3-pentylimidazolium bis(trifluoromethylsulfonyl)imide,CCCCCn1cc[n+](C)c1.O=S(=O)([N-]S(=O)(=O)C(F)(F)F)C(F)(F)F,308.35,,SurfaceTension,0.0317,0.031394828,0.00030517206,test,Balanced IL,Balanced,E,Surface tension multi-split parity plot,True
1903,1-methyl-3-pentylimidazolium bis(trifluoromethylsulfonyl)imide,CCCCCn1cc[n+](C)c1.O=S(=O)([N-]S(=O)(=O)C(F)(F)F)C(F)(F)F,312.05,,SurfaceTension,0.031499997,0.031140694,0.0003593024,test,Balanced IL,Balanced,E,Surface tension multi-split parity plot,True
1904,1-methyl-3-pentylimidazolium bis(trifluoromethylsulfonyl)imide,CCCCCn1cc[n+](C)c1.O=S(=O)([N-]S(=O)(=O)C(F)(F)F)C(F)(F)F,312.7,,SurfaceTension,0.029499998,0.031095697,0.0015956983,test,Balanced IL,Balanced,E,Surface tension multi-split parity plot,True
1910,1-methyl-3-pentylimidazolium bis(trifluoromethylsulfonyl)imide,CCCCCn1cc[n+](C)c1.O=S(=O)([N-]S(=O)(=O)C(F)(F)F)C(F)(F)F,313.15,,SurfaceTension,0.031564996,0.031064486,0.0005005095,test,Balanced IL,Balanced,E,Surface tension multi-split parity plot,True
1911,1-methyl-3-pentylimidazolium bis(trifluoromethylsulfonyl)imide,CCCCCn1cc[n+](C)c1.O=S(=O)([N-]S(=O)(=O)C(F)(F)F)C(F)(F)F,313.2,,SurfaceTension,0.030499997,0.03106102,0.00056102313,test,Balanced IL,Balanced,E,Surface tension multi-split parity plot,True
1913,1-methyl-3-pentylimidazolium bis(trifluoromethylsulfonyl)imide,CCCCCn1cc[n+](C)c1.O=S(=O)([N-]S(=O)(=O)C(F)(F)F)C(F)(F)F,315.95,,SurfaceTension,0.0313,0.030869257,0.00043074414,test,Balanced IL,Balanced,E,Surface tension multi-split parity plot,True
1918,1-methyl-3-pentylimidazolium bis(trifluoromethylsulfonyl)imide,CCCCCn1cc[n+](C)c1.O=S(=O)([N-]S(=O)(=O)C(F)(F)F)C(F)(F)F,318.15,,SurfaceTension,0.031049997,0.030714683,0.00033531338,test,Balanced IL,Balanced,E,Surface tension multi-split parity plot,True
1920,1-methyl-3-pentylimidazolium bis(trifluoromethylsulfonyl)imide,CCCCCn1cc[n+](C)c1.O=S(=O)([N-]S(=O)(=O)C(F)(F)F)C(F)(F)F,320.65,,SurfaceTension,0.0311,0.030537898,0.0005621016,test,Balanced IL,Balanced,E,Surface tension multi-split parity plot,True
1925,1-methyl-3-pentylimidazolium bis(trifluoromethylsulfonyl)imide,CCCCCn1cc[n+](C)c1.O=S(=O)([N-]S(=O)(=O)C(F)(F)F)C(F)(F)F,323.15,,SurfaceTension,0.031049997,0.030360017,0.00068997964,test,Balanced IL,Balanced,E,Surface tension multi-split parity plot,True
1927,1-methyl-3-pentylimidazolium bis(trifluoromethylsulfonyl)imide,CCCCCn1cc[n+](C)c1.O=S(=O)([N-]S(=O)(=O)C(F)(F)F)C(F)(F)F,326.45,,SurfaceTension,0.030799996,0.030123753,0.00067624263,test,Balanced IL,Balanced,E,Surface tension multi-split parity plot,True
1932,1-methyl-3-pentylimidazolium bis(trifluoromethylsulfonyl)imide,CCCCCn1cc[n+](C)c1.O=S(=O)([N-]S(=O)(=O)C(F)(F)F)C(F)(F)F,328.15,,SurfaceTension,0.03062,0.030001476,0.000618523,test,Balanced IL,Balanced,E,Surface tension multi-split parity plot,True
1935,1-methyl-3-pentylimidazolium bis(trifluoromethylsulfonyl)imide,CCCCCn1cc[n+](C)c1.O=S(=O)([N-]S(=O)(=O)C(F)(F)F)C(F)(F)F,331.35,,SurfaceTension,0.030499997,0.029770423,0.0007295739,test,Balanced IL,Balanced,E,Surface tension multi-split parity plot,True
1940,1-methyl-3-pentylimidazolium bis(trifluoromethylsulfonyl)imide,CCCCCn1cc[n+](C)c1.O=S(=O)([N-]S(=O)(=O)C(F)(F)F)C(F)(F)F,333.15,,SurfaceTension,0.030594999,0.029640025,0.00095497444,test,Balanced IL,Balanced,E,Surface tension multi-split parity plot,True
1941,1-methyl-3-pentylimidazolium bis(trifluoromethylsulfonyl)imide,CCCCCn1cc[n+](C)c1.O=S(=O)([N-]S(=O)(=O)C(F)(F)F)C(F)(F)F,333.2,,SurfaceTension,0.028299998,0.029636398,0.0013363995,test,Balanced IL,Balanced,E,Surface tension multi-split parity plot,True
1942,1-methyl-3-pentylimidazolium bis(trifluoromethylsulfonyl)imide,CCCCCn1cc[n+](C)c1.O=S(=O)([N-]S(=O)(=O)C(F)(F)F)C(F)(F)F,337.25,,SurfaceTension,0.030299999,0.029342117,0.00095788203,test,Balanced IL,Balanced,E,Surface tension multi-split parity plot,True
1946,1-methyl-3-pentylimidazolium bis(trifluoromethylsulfonyl)imide,CCCCCn1cc[n+](C)c1.O=S(=O)([N-]S(=O)(=O)C(F)(F)F)C(F)(F)F,338.15,,SurfaceTension,0.030269995,0.029276589,0.0009934064,test,Balanced IL,Balanced,E,Surface tension multi-split parity plot,True
1947,1-methyl-3-pentylimidazolium bis(trifluoromethylsulfonyl)imide,CCCCCn1cc[n+](C)c1.O=S(=O)([N-]S(=O)(=O)C(F)(F)F)C(F)(F)F,341.65,,SurfaceTension,0.029999996,0.029021462,0.0009785332,test,Balanced IL,Balanced,E,Surface tension multi-split parity plot,True
1951,1-methyl-3-pentylimidazolium bis(trifluoromethylsulfonyl)imide,CCCCCn1cc[n+](C)c1.O=S(=O)([N-]S(=O)(=O)C(F)(F)F)C(F)(F)F,343.15,,SurfaceTension,0.030195,0.02891202,0.0012829788,test,Balanced IL,Balanced,E,Surface tension multi-split parity plot,True
1952,1-methyl-3-pentylimidazolium bis(trifluoromethylsulfonyl)imide,CCCCCn1cc[n+](C)c1.O=S(=O)([N-]S(=O)(=O)C(F)(F)F)C(F)(F)F,345.95,,SurfaceTension,0.029800002,0.028707638,0.0010923631,test,Balanced IL,Balanced,E,Surface tension multi-split parity plot,True
1958,1-methyl-3-pentylimidazolium bis(trifluoromethylsulfonyl)imide,CCCCCn1cc[n+](C)c1.O=S(=O)([N-]S(=O)(=O)C(F)(F)F)C(F)(F)F,353.4,,SurfaceTension,0.0273,0.028164163,0.00086416304,test,Balanced IL,Balanced,E,Surface tension multi-split parity plot,True
1959,1-methyl-3-pentylimidazolium bis(trifluoromethylsulfonyl)imide,CCCCCn1cc[n+](C)c1.O=S(=O)([N-]S(=O)(=O)C(F)(F)F)C(F)(F)F,353.7,,SurfaceTension,0.027199998,0.028142303,0.00094230473,test,Balanced IL,Balanced,E,Surface tension multi-split parity plot,True
1965,1-methyl-3-pentylimidazolium bis(trifluoromethylsulfonyl)imide,CCCCCn1cc[n+](C)c1.O=S(=O)([N-]S(=O)(=O)C(F)(F)F)C(F)(F)F,373.5,,SurfaceTension,0.026299998,0.026711179,0.00041118078,test,Balanced IL,Balanced,E,Surface tension multi-split parity plot,True
1966,1-methyl-3-pentylimidazolium bis(trifluoromethylsulfonyl)imide,CCCCCn1cc[n+](C)c1.O=S(=O)([N-]S(=O)(=O)C(F)(F)F)C(F)(F)F,373.7,,SurfaceTension,0.026600001,0.026696872,9.6870586e-05,test,Balanced IL,Balanced,E,Surface tension multi-split parity plot,True
1970,1-methyl-3-pentylimidazolium bis(trifluoromethylsulfonyl)imide,CCCCCn1cc[n+](C)c1.O=S(=O)([N-]S(=O)(=O)C(F)(F)F)C(F)(F)F,393.7,,SurfaceTension,0.025149997,0.025285661,0.0001356639,test,Balanced IL,Balanced,E,Surface tension multi-split parity plot,True
1973,1-methyl-3-pentylimidazolium bis(trifluoromethylsulfonyl)imide,CCCCCn1cc[n+](C)c1.O=S(=O)([N-]S(=O)(=O)C(F)(F)F)C(F)(F)F,413.6,,SurfaceTension,0.024599997,0.023921827,0.0006781705,test,Balanced IL,Balanced,E,Surface tension multi-split parity plot,True
1974,1-methyl-3-pentylimidazolium bis(trifluoromethylsulfonyl)imide,CCCCCn1cc[n+](C)c1.O=S(=O)([N-]S(=O)(=O)C(F)(F)F)C(F)(F)F,413.8,,SurfaceTension,0.023499995,0.023908326,0.00040833093,test,Balanced IL,Balanced,E,Surface tension multi-split parity plot,True
1977,1-methyl-3-pentylimidazolium bis(trifluoromethylsulfonyl)imide,CCCCCn1cc[n+](C)c1.O=S(=O)([N-]S(=O)(=O)C(F)(F)F)C(F)(F)F,433.5,,SurfaceTension,0.0226,0.022598527,1.4733523e-06,test,Balanced IL,Balanced,E,Surface tension multi-split parity plot,True
1978,1-methyl-3-pentylimidazolium bis(trifluoromethylsulfonyl)imide,CCCCCn1cc[n+](C)c1.O=S(=O)([N-]S(=O)(=O)C(F)(F)F)C(F)(F)F,433.7,,SurfaceTension,0.0237,0.022585435,0.0011145659,test,Balanced IL,Balanced,E,Surface tension multi-split parity plot,True
1981,1-methyl-3-pentylimidazolium bis(trifluoromethylsulfonyl)imide,CCCCCn1cc[n+](C)c1.O=S(=O)([N-]S(=O)(=O)C(F)(F)F)C(F)(F)F,453.5,,SurfaceTension,0.021699999,0.02131158,0.00038841926,test,Balanced IL,Balanced,E,Surface tension multi-split parity plot,True
1982,1-methyl-3-pentylimidazolium bis(trifluoromethylsulfonyl)imide,CCCCCn1cc[n+](C)c1.O=S(=O)([N-]S(=O)(=O)C(F)(F)F)C(F)(F)F,453.6,,SurfaceTension,0.022799997,0.021305265,0.0014947318,test,Balanced IL,Balanced,E,Surface tension multi-split parity plot,True
1985,1-methyl-3-pentylimidazolium bis(trifluoromethylsulfonyl)imide,CCCCCn1cc[n+](C)c1.O=S(=O)([N-]S(=O)(=O)C(F)(F)F)C(F)(F)F,473.3,,SurfaceTension,0.0211,0.020089611,0.0010103881,test,Balanced IL,Balanced,E,Surface tension multi-split parity plot,True
1986,1-methyl-3-pentylimidazolium bis(trifluoromethylsulfonyl)imide,CCCCCn1cc[n+](C)c1.O=S(=O)([N-]S(=O)(=O)C(F)(F)F)C(F)(F)F,473.6,,SurfaceTension,0.021699999,0.020071585,0.0016284138,test,Balanced IL,Balanced,E,Surface tension multi-split parity plot,True
1987,1-methyl-3-pentylimidazolium bis(trifluoromethylsulfonyl)imide,CCCCCn1cc[n+](C)c1.O=S(=O)([N-]S(=O)(=O)C(F)(F)F)C(F)(F)F,493.0,,SurfaceTension,0.0216,0.018945796,0.0026542041,test,Balanced IL,Balanced,E,Surface tension multi-split parity plot,True
1988,1-methyl-3-pentylimidazolium bis(trifluoromethylsulfonyl)imide,CCCCCn1cc[n+](C)c1.O=S(=O)([N-]S(=O)(=O)C(F)(F)F)C(F)(F)F,493.2,,SurfaceTension,0.020800002,0.018934652,0.0018653497,test,Balanced IL,Balanced,E,Surface tension multi-split parity plot,True
1989,1-methyl-3-pentylimidazolium bis(trifluoromethylsulfonyl)imide,CCCCCn1cc[n+](C)c1.O=S(=O)([N-]S(=O)(=O)C(F)(F)F)C(F)(F)F,512.9,,SurfaceTension,0.020099998,0.017897133,0.0022028647,test,Balanced IL,Balanced,E,Surface tension multi-split parity plot,True
5595,1-methyl-3-pentylimidazolium galliumtetrachloride,[Cl-].[Cl-].[Cl-].[Cl-].[Ga+3].CN1C=[N+](C=C1)CCCCC,273.15,,SurfaceTension,0.044200003,0.05043036,0.006230358,test,Balanced IL,Balanced,E,Surface tension multi-split parity plot,True
5597,1-methyl-3-pentylimidazolium galliumtetrachloride,[Cl-].[Cl-].[Cl-].[Cl-].[Ga+3].CN1C=[N+](C=C1)CCCCC,278.15,,SurfaceTension,0.04395,0.05004715,0.006097153,test,Balanced IL,Balanced,E,Surface tension multi-split parity plot,True
5599,1-methyl-3-pentylimidazolium galliumtetrachloride,[Cl-].[Cl-].[Cl-].[Cl-].[Ga+3].CN1C=[N+](C=C1)CCCCC,283.15,,SurfaceTension,0.04365,0.049655918,0.0060059167,test,Balanced IL,Balanced,E,Surface tension multi-split parity plot,True
5601,1-methyl-3-pentylimidazolium galliumtetrachloride,[Cl-].[Cl-].[Cl-].[Cl-].[Ga+3].CN1C=[N+](C=C1)CCCCC,288.15,,SurfaceTension,0.0433,0.049257834,0.0059578344,test,Balanced IL,Balanced,E,Surface tension multi-split parity plot,True
5603,1-methyl-3-pentylimidazolium galliumtetrachloride,[Cl-].[Cl-].[Cl-].[Cl-].[Ga+3].CN1C=[N+](C=C1)CCCCC,293.15,,SurfaceTension,0.0431,0.048854314,0.0057543144,test,Balanced IL,Balanced,E,Surface tension multi-split parity plot,True
5605,1-methyl-3-pentylimidazolium galliumtetrachloride,[Cl-].[Cl-].[Cl-].[Cl-].[Ga+3].CN1C=[N+](C=C1)CCCCC,298.15,,SurfaceTension,0.042849995,0.048447046,0.0055970512,test,Balanced IL,Balanced,E,Surface tension multi-split parity plot,True
5607,1-methyl-3-pentylimidazolium galliumtetrachloride,[Cl-].[Cl-].[Cl-].[Cl-].[Ga+3].CN1C=[N+](C=C1)CCCCC,303.15,,SurfaceTension,0.042600006,0.048037946,0.0054379404,test,Balanced IL,Balanced,E,Surface tension multi-split parity plot,True
5609,1-methyl-3-pentylimidazolium galliumtetrachloride,[Cl-].[Cl-].[Cl-].[Cl-].[Ga+3].CN1C=[N+](C=C1)CCCCC,308.15,,SurfaceTension,0.04235,0.047629103,0.0052791014,test,Balanced IL,Balanced,E,Surface tension multi-split parity plot,True
5611,1-methyl-3-pentylimidazolium galliumtetrachloride,[Cl-].[Cl-].[Cl-].[Cl-].[Ga+3].CN1C=[N+](C=C1)CCCCC,313.15,,SurfaceTension,0.0421,0.04722275,0.0051227473,test,Balanced IL,Balanced,E,Surface tension multi-split parity plot,True
5613,1-methyl-3-pentylimidazolium galliumtetrachloride,[Cl-].[Cl-].[Cl-].[Cl-].[Ga+3].CN1C=[N+](C=C1)CCCCC,318.15,,SurfaceTension,0.041800003,0.046821073,0.005021069,test,Balanced IL,Balanced,E,Surface tension multi-split parity plot,True
5615,1-methyl-3-pentylimidazolium galliumtetrachloride,[Cl-].[Cl-].[Cl-].[Cl-].[Ga+3].CN1C=[N+](C=C1)CCCCC,323.15,,SurfaceTension,0.0415,0.04642629,0.0049262904,test,Balanced IL,Balanced,E,Surface tension multi-split parity plot,True
5617,1-methyl-3-pentylimidazolium galliumtetrachloride,[Cl-].[Cl-].[Cl-].[Cl-].[Ga+3].CN1C=[N+](C=C1)CCCCC,328.15,,SurfaceTension,0.041150004,0.04604039,0.004890386,test,Balanced IL,Balanced,E,Surface tension multi-split parity plot,True
5619,1-methyl-3-pentylimidazolium galliumtetrachloride,[Cl-].[Cl-].[Cl-].[Cl-].[Ga+3].CN1C=[N+](C=C1)CCCCC,333.15,,SurfaceTension,0.040849995,0.04566526,0.0048152655,test,Balanced IL,Balanced,E,Surface tension multi-split parity plot,True
5621,1-methyl-3-pentylimidazolium galliumtetrachloride,[Cl-].[Cl-].[Cl-].[Cl-].[Ga+3].CN1C=[N+](C=C1)CCCCC,338.15,,SurfaceTension,0.040549997,0.045302436,0.0047524385,test,Balanced IL,Balanced,E,Surface tension multi-split parity plot,True
5623,1-methyl-3-pentylimidazolium galliumtetrachloride,[Cl-].[Cl-].[Cl-].[Cl-].[Ga+3].CN1C=[N+](C=C1)CCCCC,343.15,,SurfaceTension,0.040199995,0.044953298,0.004753303,test,Balanced IL,Balanced,E,Surface tension multi-split parity plot,True
3704,1-methyl-3-propylimidazolium L-serinate,CCCn1cc[n+](C)c1.N[C@@H](CO)C(=O)[O-],298.15,,SurfaceTension,0.04679999,0.048537675,0.001737684,test,Balanced IL,Balanced,E,Surface tension multi-split parity plot,True
3706,1-methyl-3-propylimidazolium L-serinate,CCCn1cc[n+](C)c1.N[C@@H](CO)C(=O)[O-],303.15,,SurfaceTension,0.0466,0.048229907,0.0016299076,test,Balanced IL,Balanced,E,Surface tension multi-split parity plot,True
3708,1-methyl-3-propylimidazolium L-serinate,CCCn1cc[n+](C)c1.N[C@@H](CO)C(=O)[O-],308.15,,SurfaceTension,0.0464,0.04791111,0.0015111119,test,Balanced IL,Balanced,E,Surface tension multi-split parity plot,True
3710,1-methyl-3-propylimidazolium L-serinate,CCCn1cc[n+](C)c1.N[C@@H](CO)C(=O)[O-],313.15,,SurfaceTension,0.0461,0.04758265,0.0014826469,test,Balanced IL,Balanced,E,Surface tension multi-split parity plot,True
3712,1-methyl-3-propylimidazolium L-serinate,CCCn1cc[n+](C)c1.N[C@@H](CO)C(=O)[O-],318.15,,SurfaceTension,0.045800004,0.04724619,0.0014461875,test,Balanced IL,Balanced,E,Surface tension multi-split parity plot,True
3714,1-methyl-3-propylimidazolium L-serinate,CCCn1cc[n+](C)c1.N[C@@H](CO)C(=O)[O-],323.15,,SurfaceTension,0.0456,0.04690363,0.0013036281,test,Balanced IL,Balanced,E,Surface tension multi-split parity plot,True
3716,1-methyl-3-propylimidazolium L-serinate,CCCn1cc[n+](C)c1.N[C@@H](CO)C(=O)[O-],328.15,,SurfaceTension,0.045399994,0.046556972,0.0011569783,test,Balanced IL,Balanced,E,Surface tension multi-split parity plot,True
3718,1-methyl-3-propylimidazolium L-serinate,CCCn1cc[n+](C)c1.N[C@@H](CO)C(=O)[O-],333.15,,SurfaceTension,0.045099992,0.04620825,0.001108259,test,Balanced IL,Balanced,E,Surface tension multi-split parity plot,True
3720,1-methyl-3-propylimidazolium L-serinate,CCCn1cc[n+](C)c1.N[C@@H](CO)C(=O)[O-],338.15,,SurfaceTension,0.044899996,0.045859497,0.00095950067,test,Balanced IL,Balanced,E,Surface tension multi-split parity plot,True
3759,1-methyl-3-propylimidazolium bis[(trifluoromethyl)sulfonyl]imide,CCCn1cc[n+](C)c1.O=S(=O)([N-]S(=O)(=O)C(F)(F)F)C(F)(F)F,293.15,,SurfaceTension,0.034590002,0.0351963,0.00060629845,test,Balanced IL,Balanced,E,Surface tension multi-split parity plot,True
3767,1-methyl-3-propylimidazolium bis[(trifluoromethyl)sulfonyl]imide,CCCn1cc[n+](C)c1.O=S(=O)([N-]S(=O)(=O)C(F)(F)F)C(F)(F)F,297.0,,SurfaceTension,0.035899997,0.03499673,0.0009032674,test,Balanced IL,Balanced,E,Surface tension multi-split parity plot,True
3774,1-methyl-3-propylimidazolium bis[(trifluoromethyl)sulfonyl]imide,CCCn1cc[n+](C)c1.O=S(=O)([N-]S(=O)(=O)C(F)(F)F)C(F)(F)F,298.15,,SurfaceTension,0.03417,0.03493622,0.0007662177,test,Balanced IL,Balanced,E,Surface tension multi-split parity plot,True
3790,1-methyl-3-propylimidazolium bis[(trifluoromethyl)sulfonyl]imide,CCCn1cc[n+](C)c1.O=S(=O)([N-]S(=O)(=O)C(F)(F)F)C(F)(F)F,303.15,,SurfaceTension,0.034075003,0.034668054,0.0005930513,test,Balanced IL,Balanced,E,Surface tension multi-split parity plot,True
3801,1-methyl-3-propylimidazolium bis[(trifluoromethyl)sulfonyl]imide,CCCn1cc[n+](C)c1.O=S(=O)([N-]S(=O)(=O)C(F)(F)F)C(F)(F)F,308.15,,SurfaceTension,0.033739995,0.03439126,0.0006512664,test,Balanced IL,Balanced,E,Surface tension multi-split parity plot,True
3807,1-methyl-3-propylimidazolium bis[(trifluoromethyl)sulfonyl]imide,CCCn1cc[n+](C)c1.O=S(=O)([N-]S(=O)(=O)C(F)(F)F)C(F)(F)F,312.9,,SurfaceTension,0.0325,0.034120057,0.001620058,test,Balanced IL,Balanced,E,Surface tension multi-split parity plot,True
3813,1-methyl-3-propylimidazolium bis[(trifluoromethyl)sulfonyl]imide,CCCn1cc[n+](C)c1.O=S(=O)([N-]S(=O)(=O)C(F)(F)F)C(F)(F)F,313.15,,SurfaceTension,0.033615004,0.034105554,0.00049054995,test,Balanced IL,Balanced,E,Surface tension multi-split parity plot,True
3824,1-methyl-3-propylimidazolium bis[(trifluoromethyl)sulfonyl]imide,CCCn1cc[n+](C)c1.O=S(=O)([N-]S(=O)(=O)C(F)(F)F)C(F)(F)F,318.15,,SurfaceTension,0.033329997,0.033810917,0.00048092008,test,Balanced IL,Balanced,E,Surface tension multi-split parity plot,True
3835,1-methyl-3-propylimidazolium bis[(trifluoromethyl)sulfonyl]imide,CCCn1cc[n+](C)c1.O=S(=O)([N-]S(=O)(=O)C(F)(F)F)C(F)(F)F,323.15,,SurfaceTension,0.03323,0.033507563,0.00027756393,test,Balanced IL,Balanced,E,Surface tension multi-split parity plot,True
3846,1-methyl-3-propylimidazolium bis[(trifluoromethyl)sulfonyl]imide,CCCn1cc[n+](C)c1.O=S(=O)([N-]S(=O)(=O)C(F)(F)F)C(F)(F)F,328.15,,SurfaceTension,0.03308,0.033195887,0.00011588633,test,Balanced IL,Balanced,E,Surface tension multi-split parity plot,True
3858,1-methyl-3-propylimidazolium bis[(trifluoromethyl)sulfonyl]imide,CCCn1cc[n+](C)c1.O=S(=O)([N-]S(=O)(=O)C(F)(F)F)C(F)(F)F,333.15,,SurfaceTension,0.032825,0.032876436,5.1435083e-05,test,Balanced IL,Balanced,E,Surface tension multi-split parity plot,True
3859,1-methyl-3-propylimidazolium bis[(trifluoromethyl)sulfonyl]imide,CCCn1cc[n+](C)c1.O=S(=O)([N-]S(=O)(=O)C(F)(F)F)C(F)(F)F,333.6,,SurfaceTension,0.031499997,0.032847323,0.0013473257,test,Balanced IL,Balanced,E,Surface tension multi-split parity plot,True
3865,1-methyl-3-propylimidazolium bis[(trifluoromethyl)sulfonyl]imide,CCCn1cc[n+](C)c1.O=S(=O)([N-]S(=O)(=O)C(F)(F)F)C(F)(F)F,338.15,,SurfaceTension,0.03269,0.032549854,0.00014014542,test,Balanced IL,Balanced,E,Surface tension multi-split parity plot,True
3871,1-methyl-3-propylimidazolium bis[(trifluoromethyl)sulfonyl]imide,CCCn1cc[n+](C)c1.O=S(=O)([N-]S(=O)(=O)C(F)(F)F)C(F)(F)F,343.15,,SurfaceTension,0.032345004,0.03221684,0.00012816489,test,Balanced IL,Balanced,E,Surface tension multi-split parity plot,True
3879,1-methyl-3-propylimidazolium bis[(trifluoromethyl)sulfonyl]imide,CCCn1cc[n+](C)c1.O=S(=O)([N-]S(=O)(=O)C(F)(F)F)C(F)(F)F,353.9,,SurfaceTension,0.030200003,0.03148233,0.0012823287,test,Balanced IL,Balanced,E,Surface tension multi-split parity plot,True
3889,1-methyl-3-propylimidazolium bis[(trifluoromethyl)sulfonyl]imide,CCCn1cc[n+](C)c1.O=S(=O)([N-]S(=O)(=O)C(F)(F)F)C(F)(F)F,373.5,,SurfaceTension,0.028800001,0.030094953,0.0012949519,test,Balanced IL,Balanced,E,Surface tension multi-split parity plot,True
3890,1-methyl-3-propylimidazolium bis[(trifluoromethyl)sulfonyl]imide,CCCn1cc[n+](C)c1.O=S(=O)([N-]S(=O)(=O)C(F)(F)F)C(F)(F)F,374.2,,SurfaceTension,0.029099997,0.030044531,0.0009445343,test,Balanced IL,Balanced,E,Surface tension multi-split parity plot,True
3897,1-methyl-3-propylimidazolium bis[(trifluoromethyl)sulfonyl]imide,CCCn1cc[n+](C)c1.O=S(=O)([N-]S(=O)(=O)C(F)(F)F)C(F)(F)F,393.5,,SurfaceTension,0.029399997,0.028636128,0.0007638689,test,Balanced IL,Balanced,E,Surface tension multi-split parity plot,True
3898,1-methyl-3-propylimidazolium bis[(trifluoromethyl)sulfonyl]imide,CCCn1cc[n+](C)c1.O=S(=O)([N-]S(=O)(=O)C(F)(F)F)C(F)(F)F,394.5,,SurfaceTension,0.028,0.028562276,0.0005622748,test,Balanced IL,Balanced,E,Surface tension multi-split parity plot,True
3901,1-methyl-3-propylimidazolium bis[(trifluoromethyl)sulfonyl]imide,CCCn1cc[n+](C)c1.O=S(=O)([N-]S(=O)(=O)C(F)(F)F)C(F)(F)F,413.6,,SurfaceTension,0.028199999,0.027135689,0.0010643099,test,Balanced IL,Balanced,E,Surface tension multi-split parity plot,True
3902,1-methyl-3-propylimidazolium bis[(trifluoromethyl)sulfonyl]imide,CCCn1cc[n+](C)c1.O=S(=O)([N-]S(=O)(=O)C(F)(F)F)C(F)(F)F,414.9,,SurfaceTension,0.027099997,0.027037466,6.253086e-05,test,Balanced IL,Balanced,E,Surface tension multi-split parity plot,True
3905,1-methyl-3-propylimidazolium bis[(trifluoromethyl)sulfonyl]imide,CCCn1cc[n+](C)c1.O=S(=O)([N-]S(=O)(=O)C(F)(F)F)C(F)(F)F,433.3,,SurfaceTension,0.027600002,0.025631318,0.0019686837,test,Balanced IL,Balanced,E,Surface tension multi-split parity plot,True
3906,1-methyl-3-propylimidazolium bis[(trifluoromethyl)sulfonyl]imide,CCCn1cc[n+](C)c1.O=S(=O)([N-]S(=O)(=O)C(F)(F)F)C(F)(F)F,435.2,,SurfaceTension,0.026299998,0.025484392,0.00081560574,test,Balanced IL,Balanced,E,Surface tension multi-split parity plot,True
3909,1-methyl-3-propylimidazolium bis[(trifluoromethyl)sulfonyl]imide,CCCn1cc[n+](C)c1.O=S(=O)([N-]S(=O)(=O)C(F)(F)F)C(F)(F)F,453.2,,SurfaceTension,0.026799997,0.024077125,0.0027228724,test,Balanced IL,Balanced,E,Surface tension multi-split parity plot,True
3910,1-methyl-3-propylimidazolium bis[(trifluoromethyl)sulfonyl]imide,CCCn1cc[n+](C)c1.O=S(=O)([N-]S(=O)(=O)C(F)(F)F)C(F)(F)F,455.5,,SurfaceTension,0.026099999,0.023895497,0.002204502,test,Balanced IL,Balanced,E,Surface tension multi-split parity plot,True
3912,1-methyl-3-propylimidazolium bis[(trifluoromethyl)sulfonyl]imide,CCCn1cc[n+](C)c1.O=S(=O)([N-]S(=O)(=O)C(F)(F)F)C(F)(F)F,473.0,,SurfaceTension,0.0244,0.022504872,0.0018951278,test,Balanced IL,Balanced,E,Surface tension multi-split parity plot,True
3914,1-methyl-3-propylimidazolium bis[(trifluoromethyl)sulfonyl]imide,CCCn1cc[n+](C)c1.O=S(=O)([N-]S(=O)(=O)C(F)(F)F)C(F)(F)F,475.7,,SurfaceTension,0.024599997,0.02228971,0.0023102872,test,Balanced IL,Balanced,E,Surface tension multi-split parity plot,True
4125,1-methyl-3-propylimidazolium bromide,CCCn1cc[n+](C)c1.[Br-],328.53,,SurfaceTension,0.055020005,0.05663738,0.0016173758,test,Balanced IL,Balanced,E,Surface tension multi-split parity plot,True
4126,1-methyl-3-propylimidazolium bromide,CCCn1cc[n+](C)c1.[Br-],328.55,,SurfaceTension,0.05507,0.05663642,0.0015664175,test,Balanced IL,Balanced,E,Surface tension multi-split parity plot,True
4137,1-methyl-3-propylimidazolium bromide,CCCn1cc[n+](C)c1.[Br-],333.09,,SurfaceTension,0.054739993,0.05641559,0.0016755983,test,Balanced IL,Balanced,E,Surface tension multi-split parity plot,True
4139,1-methyl-3-propylimidazolium bromide,CCCn1cc[n+](C)c1.[Br-],333.1,,SurfaceTension,0.055079997,0.056415092,0.0013350956,test,Balanced IL,Balanced,E,Surface tension multi-split parity plot,True
4148,1-methyl-3-propylimidazolium bromide,CCCn1cc[n+](C)c1.[Br-],337.75,,SurfaceTension,0.054574996,0.05618426,0.0016092621,test,Balanced IL,Balanced,E,Surface tension multi-split parity plot,True
4162,1-methyl-3-propylimidazolium bromide,CCCn1cc[n+](C)c1.[Br-],343.78,,SurfaceTension,0.05417,0.055881526,0.001711525,test,Balanced IL,Balanced,E,Surface tension multi-split parity plot,True
4163,1-methyl-3-propylimidazolium bromide,CCCn1cc[n+](C)c1.[Br-],343.8,,SurfaceTension,0.053929992,0.055880513,0.001950521,test,Balanced IL,Balanced,E,Surface tension multi-split parity plot,True
4172,1-methyl-3-propylimidazolium bromide,CCCn1cc[n+](C)c1.[Br-],347.98,,SurfaceTension,0.05366,0.055671003,0.002011001,test,Balanced IL,Balanced,E,Surface tension multi-split parity plot,True
4173,1-methyl-3-propylimidazolium bromide,CCCn1cc[n+](C)c1.[Br-],348.01,,SurfaceTension,0.05375,0.055669505,0.0019195043,test,Balanced IL,Balanced,E,Surface tension multi-split parity plot,True
4180,1-methyl-3-propylimidazolium bromide,CCCn1cc[n+](C)c1.[Br-],352.22,,SurfaceTension,0.05351,0.055461064,0.0019510649,test,Balanced IL,Balanced,E,Surface tension multi-split parity plot,True
4182,1-methyl-3-propylimidazolium bromide,CCCn1cc[n+](C)c1.[Br-],352.34,,SurfaceTension,0.053520005,0.05545518,0.0019351766,test,Balanced IL,Balanced,E,Surface tension multi-split parity plot,True
4195,1-methyl-3-propylimidazolium bromide,CCCn1cc[n+](C)c1.[Br-],358.15,,SurfaceTension,0.05285999,0.055175904,0.0023159124,test,Balanced IL,Balanced,E,Surface tension multi-split parity plot,True
4196,1-methyl-3-propylimidazolium bromide,CCCn1cc[n+](C)c1.[Br-],358.17,,SurfaceTension,0.05309,0.055174977,0.002084978,test,Balanced IL,Balanced,E,Surface tension multi-split parity plot,True
4207,1-methyl-3-propylimidazolium bromide,CCCn1cc[n+](C)c1.[Br-],362.78,,SurfaceTension,0.052940004,0.0549636,0.0020235963,test,Balanced IL,Balanced,E,Surface tension multi-split parity plot,True
4208,1-methyl-3-propylimidazolium bromide,CCCn1cc[n+](C)c1.[Br-],362.89,,SurfaceTension,0.052719995,0.054958686,0.0022386909,test,Balanced IL,Balanced,E,Surface tension multi-split parity plot,True
3652,1-methyl-3-propylimidazolium hexafluorophosphate,CCCn1cc[n+](C)c1.F[P-](F)(F)(F)(F)F,318.33,,SurfaceTension,0.046409998,0.047841687,0.0014316887,test,Balanced IL,Balanced,E,Surface tension multi-split parity plot,True
3653,1-methyl-3-propylimidazolium hexafluorophosphate,CCCn1cc[n+](C)c1.F[P-](F)(F)(F)(F)F,318.39,,SurfaceTension,0.046749994,0.047838785,0.0010887906,test,Balanced IL,Balanced,E,Surface tension multi-split parity plot,True
3657,1-methyl-3-propylimidazolium hexafluorophosphate,CCCn1cc[n+](C)c1.F[P-](F)(F)(F)(F)F,323.12,,SurfaceTension,0.04608999,0.047609083,0.0015190952,test,Balanced IL,Balanced,E,Surface tension multi-split parity plot,True
3658,1-methyl-3-propylimidazolium hexafluorophosphate,CCCn1cc[n+](C)c1.F[P-](F)(F)(F)(F)F,323.13,,SurfaceTension,0.046330005,0.047608603,0.0012785979,test,Balanced IL,Balanced,E,Surface tension multi-split parity plot,True
3662,1-methyl-3-propylimidazolium hexafluorophosphate,CCCn1cc[n+](C)c1.F[P-](F)(F)(F)(F)F,328.13,,SurfaceTension,0.04576,0.04736621,0.0016062111,test,Balanced IL,Balanced,E,Surface tension multi-split parity plot,True
3663,1-methyl-3-propylimidazolium hexafluorophosphate,CCCn1cc[n+](C)c1.F[P-](F)(F)(F)(F)F,328.14,,SurfaceTension,0.04593,0.047365725,0.0014357269,test,Balanced IL,Balanced,E,Surface tension multi-split parity plot,True
3668,1-methyl-3-propylimidazolium hexafluorophosphate,CCCn1cc[n+](C)c1.F[P-](F)(F)(F)(F)F,332.59,,SurfaceTension,0.045519996,0.047151383,0.0016313866,test,Balanced IL,Balanced,E,Surface tension multi-split parity plot,True
3669,1-methyl-3-propylimidazolium hexafluorophosphate,CCCn1cc[n+](C)c1.F[P-](F)(F)(F)(F)F,332.63,,SurfaceTension,0.045199994,0.047149476,0.0019494817,test,Balanced IL,Balanced,E,Surface tension multi-split parity plot,True
3671,1-methyl-3-propylimidazolium hexafluorophosphate,CCCn1cc[n+](C)c1.F[P-](F)(F)(F)(F)F,333.28,,SurfaceTension,0.045820005,0.047118332,0.001298327,test,Balanced IL,Balanced,E,Surface tension multi-split parity plot,True
3675,1-methyl-3-propylimidazolium hexafluorophosphate,CCCn1cc[n+](C)c1.F[P-](F)(F)(F)(F)F,338.14,,SurfaceTension,0.045649998,0.046887383,0.001237385,test,Balanced IL,Balanced,E,Surface tension multi-split parity plot,True
3677,1-methyl-3-propylimidazolium hexafluorophosphate,CCCn1cc[n+](C)c1.F[P-](F)(F)(F)(F)F,338.21,,SurfaceTension,0.045140002,0.04688409,0.0017440878,test,Balanced IL,Balanced,E,Surface tension multi-split parity plot,True
3682,1-methyl-3-propylimidazolium hexafluorophosphate,CCCn1cc[n+](C)c1.F[P-](F)(F)(F)(F)F,343.25,,SurfaceTension,0.04483,0.04664902,0.001819022,test,Balanced IL,Balanced,E,Surface tension multi-split parity plot,True
3683,1-methyl-3-propylimidazolium hexafluorophosphate,CCCn1cc[n+](C)c1.F[P-](F)(F)(F)(F)F,343.26,,SurfaceTension,0.044859998,0.046648566,0.0017885678,test,Balanced IL,Balanced,E,Surface tension multi-split parity plot,True
3687,1-methyl-3-propylimidazolium hexafluorophosphate,CCCn1cc[n+](C)c1.F[P-](F)(F)(F)(F)F,348.02,,SurfaceTension,0.04465999,0.04643188,0.0017718896,test,Balanced IL,Balanced,E,Surface tension multi-split parity plot,True
3688,1-methyl-3-propylimidazolium hexafluorophosphate,CCCn1cc[n+](C)c1.F[P-](F)(F)(F)(F)F,348.08,,SurfaceTension,0.044539995,0.046429195,0.001889199,test,Balanced IL,Balanced,E,Surface tension multi-split parity plot,True
3694,1-methyl-3-propylimidazolium hexafluorophosphate,CCCn1cc[n+](C)c1.F[P-](F)(F)(F)(F)F,352.0,,SurfaceTension,0.044379994,0.046255473,0.0018754788,test,Balanced IL,Balanced,E,Surface tension multi-split parity plot,True
3693,1-methyl-3-propylimidazolium hexafluorophosphate,CCCn1cc[n+](C)c1.F[P-](F)(F)(F)(F)F,352.08,,SurfaceTension,0.044309992,0.046251975,0.0019419827,test,Balanced IL,Balanced,E,Surface tension multi-split parity plot,True
5336,1-methylimidazolium bromide,Cn1cc[nH+]c1.[Br-],323.07,,SurfaceTension,0.068174995,0.062241424,0.0059335716,test,Balanced IL,Balanced,E,Surface tension multi-split parity plot,True
5338,1-methylimidazolium bromide,Cn1cc[nH+]c1.[Br-],328.84,,SurfaceTension,0.067755006,0.062288396,0.00546661,test,Balanced IL,Balanced,E,Surface tension multi-split parity plot,True
5339,1-methylimidazolium bromide,Cn1cc[nH+]c1.[Br-],332.74,,SurfaceTension,0.067370005,0.062319692,0.0050503127,test,Balanced IL,Balanced,E,Surface tension multi-split parity plot,True
5341,1-methylimidazolium bromide,Cn1cc[nH+]c1.[Br-],332.76,,SurfaceTension,0.06739999,0.062319856,0.0050801374,test,Balanced IL,Balanced,E,Surface tension multi-split parity plot,True
5343,1-methylimidazolium bromide,Cn1cc[nH+]c1.[Br-],337.93,,SurfaceTension,0.06710001,0.062361326,0.0047386847,test,Balanced IL,Balanced,E,Surface tension multi-split parity plot,True
5344,1-methylimidazolium bromide,Cn1cc[nH+]c1.[Br-],338.02,,SurfaceTension,0.06680999,0.062362038,0.004447952,test,Balanced IL,Balanced,E,Surface tension multi-split parity plot,True
5346,1-methylimidazolium bromide,Cn1cc[nH+]c1.[Br-],344.29,,SurfaceTension,0.06599999,0.06353231,0.0024676844,test,Balanced IL,Balanced,E,Surface tension multi-split parity plot,True
5347,1-methylimidazolium bromide,Cn1cc[nH+]c1.[Br-],344.42,,SurfaceTension,0.06615999,0.0635336,0.0026263967,test,Balanced IL,Balanced,E,Surface tension multi-split parity plot,True
5349,1-methylimidazolium bromide,Cn1cc[nH+]c1.[Br-],347.21,,SurfaceTension,0.0656,0.06356165,0.0020383522,test,Balanced IL,Balanced,E,Surface tension multi-split parity plot,True
5350,1-methylimidazolium bromide,Cn1cc[nH+]c1.[Br-],347.25,,SurfaceTension,0.065850005,0.06356205,0.002287954,test,Balanced IL,Balanced,E,Surface tension multi-split parity plot,True
5352,1-methylimidazolium bromide,Cn1cc[nH+]c1.[Br-],353.02,,SurfaceTension,0.0646,0.06362255,0.0009774491,test,Balanced IL,Balanced,E,Surface tension multi-split parity plot,True
5353,1-methylimidazolium bromide,Cn1cc[nH+]c1.[Br-],353.08,,SurfaceTension,0.06523,0.063623205,0.0016067922,test,Balanced IL,Balanced,E,Surface tension multi-split parity plot,True
5355,1-methylimidazolium bromide,Cn1cc[nH+]c1.[Br-],358.29,,SurfaceTension,0.06485,0.06368177,0.0011682361,test,Balanced IL,Balanced,E,Surface tension multi-split parity plot,True
5356,1-methylimidazolium bromide,Cn1cc[nH+]c1.[Br-],358.33,,SurfaceTension,0.06467,0.063682236,0.0009877607,test,Balanced IL,Balanced,E,Surface tension multi-split parity plot,True
5358,1-methylimidazolium bromide,Cn1cc[nH+]c1.[Br-],364.65,,SurfaceTension,0.06442,0.06376031,0.0006596893,test,Balanced IL,Balanced,E,Surface tension multi-split parity plot,True
5359,1-methylimidazolium bromide,Cn1cc[nH+]c1.[Br-],364.75,,SurfaceTension,0.06396001,0.06376162,0.00019838661,test,Balanced IL,Balanced,E,Surface tension multi-split parity plot,True
5361,1-methylimidazolium chloride,Cn1cc[nH+]c1.[Cl-],333.66,,SurfaceTension,0.067,0.06311497,0.0038850307,test,Balanced IL,Balanced,E,Surface tension multi-split parity plot,True
5362,1-methylimidazolium chloride,Cn1cc[nH+]c1.[Cl-],333.67,,SurfaceTension,0.06684001,0.06311508,0.0037249252,test,Balanced IL,Balanced,E,Surface tension multi-split parity plot,True
5364,1-methylimidazolium chloride,Cn1cc[nH+]c1.[Cl-],338.7,,SurfaceTension,0.06645,0.064122446,0.002327554,test,Balanced IL,Balanced,E,Surface tension multi-split parity plot,True
5365,1-methylimidazolium chloride,Cn1cc[nH+]c1.[Cl-],343.19,,SurfaceTension,0.066130005,0.064160496,0.0019695088,test,Balanced IL,Balanced,E,Surface tension multi-split parity plot,True
5366,1-methylimidazolium chloride,Cn1cc[nH+]c1.[Cl-],343.24,,SurfaceTension,0.06650001,0.06416092,0.0023390874,test,Balanced IL,Balanced,E,Surface tension multi-split parity plot,True
5371,1-methylimidazolium chloride,Cn1cc[nH+]c1.[Cl-],348.1,,SurfaceTension,0.066199996,0.06420233,0.0019976646,test,Balanced IL,Balanced,E,Surface tension multi-split parity plot,True
5369,1-methylimidazolium chloride,Cn1cc[nH+]c1.[Cl-],348.11,,SurfaceTension,0.06578,0.064202406,0.0015775934,test,Balanced IL,Balanced,E,Surface tension multi-split parity plot,True
5373,1-methylimidazolium chloride,Cn1cc[nH+]c1.[Cl-],352.35,,SurfaceTension,0.065400004,0.06423928,0.001160726,test,Balanced IL,Balanced,E,Surface tension multi-split parity plot,True
5374,1-methylimidazolium chloride,Cn1cc[nH+]c1.[Cl-],352.38,,SurfaceTension,0.06599999,0.06423954,0.001760453,test,Balanced IL,Balanced,E,Surface tension multi-split parity plot,True
5379,1-methylimidazolium chloride,Cn1cc[nH+]c1.[Cl-],359.12,,SurfaceTension,0.06549999,0.06430123,0.0011987612,test,Balanced IL,Balanced,E,Surface tension multi-split parity plot,True
5380,1-methylimidazolium chloride,Cn1cc[nH+]c1.[Cl-],359.17,,SurfaceTension,0.06487,0.064301714,0.0005682856,test,Balanced IL,Balanced,E,Surface tension multi-split parity plot,True
5382,1-methylimidazolium chloride,Cn1cc[nH+]c1.[Cl-],363.94,,SurfaceTension,0.0651,0.06434914,0.00075086206,test,Balanced IL,Balanced,E,Surface tension multi-split parity plot,True
5383,1-methylimidazolium chloride,Cn1cc[nH+]c1.[Cl-],364.0,,SurfaceTension,0.06458,0.06434977,0.00023023039,test,Balanced IL,Balanced,E,Surface tension multi-split parity plot,True
1312,1-octylpyridinium bis((trifluoromethyl)sulfonyl)amide,CCCCCCCC[n+]1ccccc1.O=S(=O)([N-]S(=O)(=O)C(F)(F)F)C(F)(F)F,293.15,,SurfaceTension,0.031000003,0.030604934,0.0003950689,test,Balanced IL,Balanced,E,Surface tension multi-split parity plot,True
1317,1-octylpyridinium bis((trifluoromethyl)sulfonyl)amide,CCCCCCCC[n+]1ccccc1.O=S(=O)([N-]S(=O)(=O)C(F)(F)F)C(F)(F)F,298.15,,SurfaceTension,0.030699998,0.030226525,0.00047347322,test,Balanced IL,Balanced,E,Surface tension multi-split parity plot,True
1321,1-octylpyridinium bis((trifluoromethyl)sulfonyl)amide,CCCCCCCC[n+]1ccccc1.O=S(=O)([N-]S(=O)(=O)C(F)(F)F)C(F)(F)F,303.15,,SurfaceTension,0.030499997,0.02984313,0.0006568674,test,Balanced IL,Balanced,E,Surface tension multi-split parity plot,True
1326,1-octylpyridinium bis((trifluoromethyl)sulfonyl)amide,CCCCCCCC[n+]1ccccc1.O=S(=O)([N-]S(=O)(=O)C(F)(F)F)C(F)(F)F,308.15,,SurfaceTension,0.030200003,0.029456016,0.00074398704,test,Balanced IL,Balanced,E,Surface tension multi-split parity plot,True
1330,1-octylpyridinium bis((trifluoromethyl)sulfonyl)amide,CCCCCCCC[n+]1ccccc1.O=S(=O)([N-]S(=O)(=O)C(F)(F)F)C(F)(F)F,313.15,,SurfaceTension,0.0299,0.029066479,0.00083352067,test,Balanced IL,Balanced,E,Surface tension multi-split parity plot,True
1335,1-octylpyridinium bis((trifluoromethyl)sulfonyl)amide,CCCCCCCC[n+]1ccccc1.O=S(=O)([N-]S(=O)(=O)C(F)(F)F)C(F)(F)F,318.15,,SurfaceTension,0.029699998,0.028675811,0.0010241866,test,Balanced IL,Balanced,E,Surface tension multi-split parity plot,True
1339,1-octylpyridinium bis((trifluoromethyl)sulfonyl)amide,CCCCCCCC[n+]1ccccc1.O=S(=O)([N-]S(=O)(=O)C(F)(F)F)C(F)(F)F,323.15,,SurfaceTension,0.029399997,0.028285239,0.0011147577,test,Balanced IL,Balanced,E,Surface tension multi-split parity plot,True
1846,1-pentylpyridinium dicyanamide,CCCCC[n+]1ccccc1.N#C[N-]C#N,298.15,,SurfaceTension,0.053400002,0.044414006,0.008985996,test,Balanced IL,Balanced,E,Surface tension multi-split parity plot,True
1848,1-pentylpyridinium dicyanamide,CCCCC[n+]1ccccc1.N#C[N-]C#N,303.15,,SurfaceTension,0.052999992,0.043925587,0.009074405,test,Balanced IL,Balanced,E,Surface tension multi-split parity plot,True
1850,1-pentylpyridinium dicyanamide,CCCCC[n+]1ccccc1.N#C[N-]C#N,308.15,,SurfaceTension,0.0527,0.043438774,0.009261228,test,Balanced IL,Balanced,E,Surface tension multi-split parity plot,True
1852,1-pentylpyridinium dicyanamide,CCCCC[n+]1ccccc1.N#C[N-]C#N,313.15,,SurfaceTension,0.052399993,0.042956736,0.009443257,test,Balanced IL,Balanced,E,Surface tension multi-split parity plot,True
1854,1-pentylpyridinium dicyanamide,CCCCC[n+]1ccccc1.N#C[N-]C#N,318.15,,SurfaceTension,0.052100003,0.042482402,0.009617601,test,Balanced IL,Balanced,E,Surface tension multi-split parity plot,True
1856,1-pentylpyridinium dicyanamide,CCCCC[n+]1ccccc1.N#C[N-]C#N,323.15,,SurfaceTension,0.051700003,0.042018276,0.009681728,test,Balanced IL,Balanced,E,Surface tension multi-split parity plot,True
1858,1-pentylpyridinium dicyanamide,CCCCC[n+]1ccccc1.N#C[N-]C#N,328.15,,SurfaceTension,0.051399995,0.04156643,0.009833563,test,Balanced IL,Balanced,E,Surface tension multi-split parity plot,True
1860,1-pentylpyridinium dicyanamide,CCCCC[n+]1ccccc1.N#C[N-]C#N,333.15,,SurfaceTension,0.051199995,0.041128356,0.010071639,test,Balanced IL,Balanced,E,Surface tension multi-split parity plot,True
1862,1-pentylpyridinium dicyanamide,CCCCC[n+]1ccccc1.N#C[N-]C#N,338.15,,SurfaceTension,0.050999995,0.04070509,0.010294907,test,Balanced IL,Balanced,E,Surface tension multi-split parity plot,True
3584,1-propyl-3-methylimidazolium glycine,CCC[n+]1ccn(C)c1.NCC(=O)[O-],283.15,,SurfaceTension,0.0464,0.048558235,0.0021582358,test,Balanced IL,Balanced,E,Surface tension multi-split parity plot,True
3586,1-propyl-3-methylimidazolium glycine,CCC[n+]1ccn(C)c1.NCC(=O)[O-],288.15,,SurfaceTension,0.0461,0.048279457,0.002179455,test,Balanced IL,Balanced,E,Surface tension multi-split parity plot,True
3588,1-propyl-3-methylimidazolium glycine,CCC[n+]1ccn(C)c1.NCC(=O)[O-],293.15,,SurfaceTension,0.0459,0.047995728,0.002095729,test,Balanced IL,Balanced,E,Surface tension multi-split parity plot,True
3590,1-propyl-3-methylimidazolium glycine,CCC[n+]1ccn(C)c1.NCC(=O)[O-],298.15,,SurfaceTension,0.0456,0.047707573,0.0021075718,test,Balanced IL,Balanced,E,Surface tension multi-split parity plot,True
3592,1-propyl-3-methylimidazolium glycine,CCC[n+]1ccn(C)c1.NCC(=O)[O-],303.15,,SurfaceTension,0.045299996,0.04741571,0.0021157153,test,Balanced IL,Balanced,E,Surface tension multi-split parity plot,True
3594,1-propyl-3-methylimidazolium glycine,CCC[n+]1ccn(C)c1.NCC(=O)[O-],308.15,,SurfaceTension,0.044999994,0.047121055,0.002121061,test,Balanced IL,Balanced,E,Surface tension multi-split parity plot,True
3596,1-propyl-3-methylimidazolium glycine,CCC[n+]1ccn(C)c1.NCC(=O)[O-],313.15,,SurfaceTension,0.04469999,0.0468247,0.0021247119,test,Balanced IL,Balanced,E,Surface tension multi-split parity plot,True
3598,1-propyl-3-methylimidazolium glycine,CCC[n+]1ccn(C)c1.NCC(=O)[O-],318.15,,SurfaceTension,0.044399995,0.046527892,0.002127897,test,Balanced IL,Balanced,E,Surface tension multi-split parity plot,True
3600,1-propyl-3-methylimidazolium glycine,CCC[n+]1ccn(C)c1.NCC(=O)[O-],323.15,,SurfaceTension,0.044,0.046231955,0.0022319555,test,Balanced IL,Balanced,E,Surface tension multi-split parity plot,True
3602,1-propyl-3-methylimidazolium glycine,CCC[n+]1ccn(C)c1.NCC(=O)[O-],328.15,,SurfaceTension,0.043699995,0.04593824,0.0022382438,test,Balanced IL,Balanced,E,Surface tension multi-split parity plot,True
456,1-propyl-3-methylimidazolium propionate,CCC(=O)[O-].CCC[n+]1ccn(C)c1,288.15,,SurfaceTension,0.037700005,0.037141882,0.000558123,test,Balanced IL,Balanced,E,Surface tension multi-split parity plot,True
458,1-propyl-3-methylimidazolium propionate,CCC(=O)[O-].CCC[n+]1ccn(C)c1,293.15,,SurfaceTension,0.037499998,0.036846716,0.0006532818,test,Balanced IL,Balanced,E,Surface tension multi-split parity plot,True
460,1-propyl-3-methylimidazolium propionate,CCC(=O)[O-].CCC[n+]1ccn(C)c1,298.15,,SurfaceTension,0.037299998,0.03656712,0.00073287636,test,Balanced IL,Balanced,E,Surface tension multi-split parity plot,True
462,1-propyl-3-methylimidazolium propionate,CCC(=O)[O-].CCC[n+]1ccn(C)c1,303.15,,SurfaceTension,0.037100002,0.036301445,0.00079855695,test,Balanced IL,Balanced,E,Surface tension multi-split parity plot,True
464,1-propyl-3-methylimidazolium propionate,CCC(=O)[O-].CCC[n+]1ccn(C)c1,308.15,,SurfaceTension,0.0369,0.036048084,0.0008519143,test,Balanced IL,Balanced,E,Surface tension multi-split parity plot,True
466,1-propyl-3-methylimidazolium propionate,CCC(=O)[O-].CCC[n+]1ccn(C)c1,313.15,,SurfaceTension,0.036699995,0.0358056,0.0008943938,test,Balanced IL,Balanced,E,Surface tension multi-split parity plot,True
468,1-propyl-3-methylimidazolium propionate,CCC(=O)[O-].CCC[n+]1ccn(C)c1,318.15,,SurfaceTension,0.0365,0.035572715,0.00092728436,test,Balanced IL,Balanced,E,Surface tension multi-split parity plot,True
470,1-propyl-3-methylimidazolium propionate,CCC(=O)[O-].CCC[n+]1ccn(C)c1,323.15,,SurfaceTension,0.036200006,0.0353483,0.00085170567,test,Balanced IL,Balanced,E,Surface tension multi-split parity plot,True
472,1-propyl-3-methylimidazolium propionate,CCC(=O)[O-].CCC[n+]1ccn(C)c1,328.15,,SurfaceTension,0.035999995,0.035131387,0.0008686073,test,Balanced IL,Balanced,E,Surface tension multi-split parity plot,True
3497,1-propyl-3-methylimidazolium tetrafluoroborate,CCC[n+]1ccn(C)c1.F[B-](F)(F)F,262.89,,SurfaceTension,0.04304,0.050300047,0.007260047,test,Balanced IL,Balanced,E,Surface tension multi-split parity plot,True
3500,1-propyl-3-methylimidazolium tetrafluoroborate,CCC[n+]1ccn(C)c1.F[B-](F)(F)F,268.06,,SurfaceTension,0.04278,0.050038133,0.007258132,test,Balanced IL,Balanced,E,Surface tension multi-split parity plot,True
3502,1-propyl-3-methylimidazolium tetrafluoroborate,CCC[n+]1ccn(C)c1.F[B-](F)(F)F,277.78,,SurfaceTension,0.042229995,0.049527366,0.0072973706,test,Balanced IL,Balanced,E,Surface tension multi-split parity plot,True
3504,1-propyl-3-methylimidazolium tetrafluoroborate,CCC[n+]1ccn(C)c1.F[B-](F)(F)F,283.1,,SurfaceTension,0.04197,0.049236402,0.0072664022,test,Balanced IL,Balanced,E,Surface tension multi-split parity plot,True
3506,1-propyl-3-methylimidazolium tetrafluoroborate,CCC[n+]1ccn(C)c1.F[B-](F)(F)F,288.15,,SurfaceTension,0.05068,0.048952345,0.0017276555,test,Balanced IL,Balanced,E,Surface tension multi-split parity plot,True
3507,1-propyl-3-methylimidazolium tetrafluoroborate,CCC[n+]1ccn(C)c1.F[B-](F)(F)F,288.29,,SurfaceTension,0.04176,0.04894437,0.0071843676,test,Balanced IL,Balanced,E,Surface tension multi-split parity plot,True
3509,1-propyl-3-methylimidazolium tetrafluoroborate,CCC[n+]1ccn(C)c1.F[B-](F)(F)F,292.81,,SurfaceTension,0.04154,0.04868352,0.00714352,test,Balanced IL,Balanced,E,Surface tension multi-split parity plot,True
3513,1-propyl-3-methylimidazolium tetrafluoroborate,CCC[n+]1ccn(C)c1.F[B-](F)(F)F,297.0,,SurfaceTension,0.051100004,0.048436627,0.0026633777,test,Balanced IL,Balanced,E,Surface tension multi-split parity plot,True
3515,1-propyl-3-methylimidazolium tetrafluoroborate,CCC[n+]1ccn(C)c1.F[B-](F)(F)F,298.15,,SurfaceTension,0.048655,0.048368074,0.00028692558,test,Balanced IL,Balanced,E,Surface tension multi-split parity plot,True
3518,1-propyl-3-methylimidazolium tetrafluoroborate,CCC[n+]1ccn(C)c1.F[B-](F)(F)F,298.2,,SurfaceTension,0.041350003,0.048365083,0.0070150793,test,Balanced IL,Balanced,E,Surface tension multi-split parity plot,True
3520,1-propyl-3-methylimidazolium tetrafluoroborate,CCC[n+]1ccn(C)c1.F[B-](F)(F)F,303.11,,SurfaceTension,0.040960006,0.048068892,0.007108886,test,Balanced IL,Balanced,E,Surface tension multi-split parity plot,True
3522,1-propyl-3-methylimidazolium tetrafluoroborate,CCC[n+]1ccn(C)c1.F[B-](F)(F)F,303.15,,SurfaceTension,0.0467,0.04806646,0.0013664588,test,Balanced IL,Balanced,E,Surface tension multi-split parity plot,True
3525,1-propyl-3-methylimidazolium tetrafluoroborate,CCC[n+]1ccn(C)c1.F[B-](F)(F)F,308.15,,SurfaceTension,0.047879998,0.047760136,0.000119861215,test,Balanced IL,Balanced,E,Surface tension multi-split parity plot,True
3526,1-propyl-3-methylimidazolium tetrafluoroborate,CCC[n+]1ccn(C)c1.F[B-](F)(F)F,308.16,,SurfaceTension,0.040749997,0.047759503,0.007009506,test,Balanced IL,Balanced,E,Surface tension multi-split parity plot,True
3527,1-propyl-3-methylimidazolium tetrafluoroborate,CCC[n+]1ccn(C)c1.F[B-](F)(F)F,313.06,,SurfaceTension,0.04041,0.047456313,0.007046312,test,Balanced IL,Balanced,E,Surface tension multi-split parity plot,True
3530,1-propyl-3-methylimidazolium tetrafluoroborate,CCC[n+]1ccn(C)c1.F[B-](F)(F)F,313.15,,SurfaceTension,0.0461,0.047450736,0.0013507344,test,Balanced IL,Balanced,E,Surface tension multi-split parity plot,True
3531,1-propyl-3-methylimidazolium tetrafluoroborate,CCC[n+]1ccn(C)c1.F[B-](F)(F)F,317.98,,SurfaceTension,0.040229995,0.047150746,0.006920751,test,Balanced IL,Balanced,E,Surface tension multi-split parity plot,True
3534,1-propyl-3-methylimidazolium tetrafluoroborate,CCC[n+]1ccn(C)c1.F[B-](F)(F)F,318.15,,SurfaceTension,0.047264997,0.047140192,0.00012480468,test,Balanced IL,Balanced,E,Surface tension multi-split parity plot,True
3537,1-propyl-3-methylimidazolium tetrafluoroborate,CCC[n+]1ccn(C)c1.F[B-](F)(F)F,323.15,,SurfaceTension,0.045399994,0.04683061,0.0014306158,test,Balanced IL,Balanced,E,Surface tension multi-split parity plot,True
3538,1-propyl-3-methylimidazolium tetrafluoroborate,CCC[n+]1ccn(C)c1.F[B-](F)(F)F,323.19,,SurfaceTension,0.04004,0.046828136,0.0067881346,test,Balanced IL,Balanced,E,Surface tension multi-split parity plot,True
3540,1-propyl-3-methylimidazolium tetrafluoroborate,CCC[n+]1ccn(C)c1.F[B-](F)(F)F,328.15,,SurfaceTension,0.04668999,0.0465242,0.00016579032,test,Balanced IL,Balanced,E,Surface tension multi-split parity plot,True
3542,1-propyl-3-methylimidazolium tetrafluoroborate,CCC[n+]1ccn(C)c1.F[B-](F)(F)F,328.37,,SurfaceTension,0.03969,0.046510827,0.0068208277,test,Balanced IL,Balanced,E,Surface tension multi-split parity plot,True
3544,1-propyl-3-methylimidazolium tetrafluoroborate,CCC[n+]1ccn(C)c1.F[B-](F)(F)F,333.15,,SurfaceTension,0.044499997,0.046223138,0.0017231405,test,Balanced IL,Balanced,E,Surface tension multi-split parity plot,True
3546,1-propyl-3-methylimidazolium tetrafluoroborate,CCC[n+]1ccn(C)c1.F[B-](F)(F)F,333.51,,SurfaceTension,0.03940999,0.046201717,0.0067917258,test,Balanced IL,Balanced,E,Surface tension multi-split parity plot,True
3549,1-propyl-3-methylimidazolium tetrafluoroborate,CCC[n+]1ccn(C)c1.F[B-](F)(F)F,338.15,,SurfaceTension,0.0441,0.045929506,0.001829505,test,Balanced IL,Balanced,E,Surface tension multi-split parity plot,True
3550,1-propyl-3-methylimidazolium tetrafluoroborate,CCC[n+]1ccn(C)c1.F[B-](F)(F)F,338.58,,SurfaceTension,0.039090004,0.045904666,0.0068146624,test,Balanced IL,Balanced,E,Surface tension multi-split parity plot,True
3552,1-propyl-3-methylimidazolium tetrafluoroborate,CCC[n+]1ccn(C)c1.F[B-](F)(F)F,342.99,,SurfaceTension,0.038799997,0.045654155,0.006854158,test,Balanced IL,Balanced,E,Surface tension multi-split parity plot,True
3555,1-propyl-3-methylimidazolium tetrafluoroborate,CCC[n+]1ccn(C)c1.F[B-](F)(F)F,348.07,,SurfaceTension,0.038639996,0.045376256,0.00673626,test,Balanced IL,Balanced,E,Surface tension multi-split parity plot,True
3557,1-propyl-3-methylimidazolium tetrafluoroborate,CCC[n+]1ccn(C)c1.F[B-](F)(F)F,353.27,,SurfaceTension,0.038380004,0.04510511,0.0067251064,test,Balanced IL,Balanced,E,Surface tension multi-split parity plot,True
3558,1-propyl-3-methylimidazolium tetrafluoroborate,CCC[n+]1ccn(C)c1.F[B-](F)(F)F,358.34,,SurfaceTension,0.038100004,0.044855006,0.006755002,test,Balanced IL,Balanced,E,Surface tension multi-split parity plot,True
3562,1-propyl-3-methylimidazolium thiocyanate,CCC[n+]1ccn(C)c1.N#C[S-],293.15,,SurfaceTension,0.0506,0.050254762,0.00034523755,test,Balanced IL,Balanced,E,Surface tension multi-split parity plot,True
3564,1-propyl-3-methylimidazolium thiocyanate,CCC[n+]1ccn(C)c1.N#C[S-],298.15,,SurfaceTension,0.049799994,0.049714524,8.5469335e-05,test,Balanced IL,Balanced,E,Surface tension multi-split parity plot,True
3566,1-propyl-3-methylimidazolium thiocyanate,CCC[n+]1ccn(C)c1.N#C[S-],303.15,,SurfaceTension,0.049099997,0.04916117,6.117299e-05,test,Balanced IL,Balanced,E,Surface tension multi-split parity plot,True
3568,1-propyl-3-methylimidazolium thiocyanate,CCC[n+]1ccn(C)c1.N#C[S-],308.15,,SurfaceTension,0.0483,0.048599083,0.0002990812,test,Balanced IL,Balanced,E,Surface tension multi-split parity plot,True
3570,1-propyl-3-methylimidazolium thiocyanate,CCC[n+]1ccn(C)c1.N#C[S-],313.15,,SurfaceTension,0.047499996,0.04803329,0.00053329393,test,Balanced IL,Balanced,E,Surface tension multi-split parity plot,True
3572,1-propyl-3-methylimidazolium thiocyanate,CCC[n+]1ccn(C)c1.N#C[S-],318.15,,SurfaceTension,0.04679999,0.047469188,0.00066919625,test,Balanced IL,Balanced,E,Surface tension multi-split parity plot,True
3574,1-propyl-3-methylimidazolium thiocyanate,CCC[n+]1ccn(C)c1.N#C[S-],323.15,,SurfaceTension,0.045999996,0.046912275,0.0009122789,test,Balanced IL,Balanced,E,Surface tension multi-split parity plot,True
3576,1-propyl-3-methylimidazolium thiocyanate,CCC[n+]1ccn(C)c1.N#C[S-],328.15,,SurfaceTension,0.045299996,0.046367787,0.0010677911,test,Balanced IL,Balanced,E,Surface tension multi-split parity plot,True
3578,1-propyl-3-methylimidazolium thiocyanate,CCC[n+]1ccn(C)c1.N#C[S-],333.15,,SurfaceTension,0.044499997,0.045840453,0.0013404563,test,Balanced IL,Balanced,E,Surface tension multi-split parity plot,True
3580,1-propyl-3-methylimidazolium thiocyanate,CCC[n+]1ccn(C)c1.N#C[S-],338.15,,SurfaceTension,0.043800004,0.045334265,0.0015342608,test,Balanced IL,Balanced,E,Surface tension multi-split parity plot,True
3582,1-propyl-3-methylimidazolium thiocyanate,CCC[n+]1ccn(C)c1.N#C[S-],343.15,,SurfaceTension,0.042999998,0.044852406,0.001852408,test,Balanced IL,Balanced,E,Surface tension multi-split parity plot,True
3480,1-propylpyridinium dicyanamide,CCC[n+]1ccccc1.N#C[N-]C#N,298.15,,SurfaceTension,0.0579,0.055302154,0.002597846,test,Balanced IL,Balanced,E,Surface tension multi-split parity plot,True
3482,1-propylpyridinium dicyanamide,CCC[n+]1ccccc1.N#C[N-]C#N,303.15,,SurfaceTension,0.0577,0.054925766,0.0027742349,test,Balanced IL,Balanced,E,Surface tension multi-split parity plot,True
3484,1-propylpyridinium dicyanamide,CCC[n+]1ccccc1.N#C[N-]C#N,308.15,,SurfaceTension,0.057399996,0.054535504,0.0028644912,test,Balanced IL,Balanced,E,Surface tension multi-split parity plot,True
3486,1-propylpyridinium dicyanamide,CCC[n+]1ccccc1.N#C[N-]C#N,313.15,,SurfaceTension,0.057,0.054133467,0.0028665327,test,Balanced IL,Balanced,E,Surface tension multi-split parity plot,True
3488,1-propylpyridinium dicyanamide,CCC[n+]1ccccc1.N#C[N-]C#N,318.15,,SurfaceTension,0.056700002,0.05372233,0.002977673,test,Balanced IL,Balanced,E,Surface tension multi-split parity plot,True
3490,1-propylpyridinium dicyanamide,CCC[n+]1ccccc1.N#C[N-]C#N,323.15,,SurfaceTension,0.056400005,0.05330526,0.003094744,test,Balanced IL,Balanced,E,Surface tension multi-split parity plot,True
3492,1-propylpyridinium dicyanamide,CCC[n+]1ccccc1.N#C[N-]C#N,328.15,,SurfaceTension,0.056099996,0.052885875,0.0032141209,test,Balanced IL,Balanced,E,Surface tension multi-split parity plot,True
3494,1-propylpyridinium dicyanamide,CCC[n+]1ccccc1.N#C[N-]C#N,333.15,,SurfaceTension,0.0557,0.052468065,0.0032319352,test,Balanced IL,Balanced,E,Surface tension multi-split parity plot,True
3496,1-propylpyridinium dicyanamide,CCC[n+]1ccccc1.N#C[N-]C#N,338.15,,SurfaceTension,0.05539999,0.05205591,0.0033440813,test,Balanced IL,Balanced,E,Surface tension multi-split parity plot,True
970,1-tetradecyl-3-methylimidazolium bis(trifluoromethylsulfonyl)imide,CCCCCCCCCCCCCC[n+]1ccn(C)c1.O=S(=O)([N-]S(=O)(=O)C(F)(F)F)C(F)(F)F,303.15,,SurfaceTension,0.034,0.028520782,0.0054792203,test,Balanced IL,Balanced,E,Surface tension multi-split parity plot,True
978,1-tetradecyl-3-methylimidazolium bis(trifluoromethylsulfonyl)imide,CCCCCCCCCCCCCC[n+]1ccn(C)c1.O=S(=O)([N-]S(=O)(=O)C(F)(F)F)C(F)(F)F,312.8,,SurfaceTension,0.026299998,0.02778482,0.0014848225,test,Balanced IL,Balanced,E,Surface tension multi-split parity plot,True
982,1-tetradecyl-3-methylimidazolium bis(trifluoromethylsulfonyl)imide,CCCCCCCCCCCCCC[n+]1ccn(C)c1.O=S(=O)([N-]S(=O)(=O)C(F)(F)F)C(F)(F)F,313.15,,SurfaceTension,0.030200003,0.027758053,0.0024419501,test,Balanced IL,Balanced,E,Surface tension multi-split parity plot,True
1001,1-tetradecyl-3-methylimidazolium bis(trifluoromethylsulfonyl)imide,CCCCCCCCCCCCCC[n+]1ccn(C)c1.O=S(=O)([N-]S(=O)(=O)C(F)(F)F)C(F)(F)F,323.15,,SurfaceTension,0.029449996,0.026994897,0.0024550986,test,Balanced IL,Balanced,E,Surface tension multi-split parity plot,True
1002,1-tetradecyl-3-methylimidazolium bis(trifluoromethylsulfonyl)imide,CCCCCCCCCCCCCC[n+]1ccn(C)c1.O=S(=O)([N-]S(=O)(=O)C(F)(F)F)C(F)(F)F,323.3,,SurfaceTension,0.0249,0.026983501,0.0020835008,test,Balanced IL,Balanced,E,Surface tension multi-split parity plot,True
1018,1-tetradecyl-3-methylimidazolium bis(trifluoromethylsulfonyl)imide,CCCCCCCCCCCCCC[n+]1ccn(C)c1.O=S(=O)([N-]S(=O)(=O)C(F)(F)F)C(F)(F)F,333.15,,SurfaceTension,0.028700002,0.026241282,0.0024587195,test,Balanced IL,Balanced,E,Surface tension multi-split parity plot,True
1019,1-tetradecyl-3-methylimidazolium bis(trifluoromethylsulfonyl)imide,CCCCCCCCCCCCCC[n+]1ccn(C)c1.O=S(=O)([N-]S(=O)(=O)C(F)(F)F)C(F)(F)F,333.2,,SurfaceTension,0.023499995,0.026237546,0.00273755,test,Balanced IL,Balanced,E,Surface tension multi-split parity plot,True
1020,1-tetradecyl-3-methylimidazolium bis(trifluoromethylsulfonyl)imide,CCCCCCCCCCCCCC[n+]1ccn(C)c1.O=S(=O)([N-]S(=O)(=O)C(F)(F)F)C(F)(F)F,333.9,,SurfaceTension,0.0241,0.026185365,0.0020853654,test,Balanced IL,Balanced,E,Surface tension multi-split parity plot,True
1035,1-tetradecyl-3-methylimidazolium bis(trifluoromethylsulfonyl)imide,CCCCCCCCCCCCCC[n+]1ccn(C)c1.O=S(=O)([N-]S(=O)(=O)C(F)(F)F)C(F)(F)F,343.15,,SurfaceTension,0.027900001,0.025504366,0.0023956355,test,Balanced IL,Balanced,E,Surface tension multi-split parity plot,True
1050,1-tetradecyl-3-methylimidazolium bis(trifluoromethylsulfonyl)imide,CCCCCCCCCCCCCC[n+]1ccn(C)c1.O=S(=O)([N-]S(=O)(=O)C(F)(F)F)C(F)(F)F,353.15,,SurfaceTension,0.026200002,0.024788518,0.0014114846,test,Balanced IL,Balanced,E,Surface tension multi-split parity plot,True
1051,1-tetradecyl-3-methylimidazolium bis(trifluoromethylsulfonyl)imide,CCCCCCCCCCCCCC[n+]1ccn(C)c1.O=S(=O)([N-]S(=O)(=O)C(F)(F)F)C(F)(F)F,353.3,,SurfaceTension,0.023499995,0.024777953,0.0012779571,test,Balanced IL,Balanced,E,Surface tension multi-split parity plot,True
1052,1-tetradecyl-3-methylimidazolium bis(trifluoromethylsulfonyl)imide,CCCCCCCCCCCCCC[n+]1ccn(C)c1.O=S(=O)([N-]S(=O)(=O)C(F)(F)F)C(F)(F)F,354.0,,SurfaceTension,0.0237,0.024728727,0.0010287259,test,Balanced IL,Balanced,E,Surface tension multi-split parity plot,True
1063,1-tetradecyl-3-methylimidazolium bis(trifluoromethylsulfonyl)imide,CCCCCCCCCCCCCC[n+]1ccn(C)c1.O=S(=O)([N-]S(=O)(=O)C(F)(F)F)C(F)(F)F,363.15,,SurfaceTension,0.025500001,0.02409583,0.0014041718,test,Balanced IL,Balanced,E,Surface tension multi-split parity plot,True
1069,1-tetradecyl-3-methylimidazolium bis(trifluoromethylsulfonyl)imide,CCCCCCCCCCCCCC[n+]1ccn(C)c1.O=S(=O)([N-]S(=O)(=O)C(F)(F)F)C(F)(F)F,373.5,,SurfaceTension,0.0221,0.023403795,0.0013037957,test,Balanced IL,Balanced,E,Surface tension multi-split parity plot,True
1070,1-tetradecyl-3-methylimidazolium bis(trifluoromethylsulfonyl)imide,CCCCCCCCCCCCCC[n+]1ccn(C)c1.O=S(=O)([N-]S(=O)(=O)C(F)(F)F)C(F)(F)F,374.0,,SurfaceTension,0.0226,0.023371,0.0007709991,test,Balanced IL,Balanced,E,Surface tension multi-split parity plot,True
1073,1-tetradecyl-3-methylimidazolium bis(trifluoromethylsulfonyl)imide,CCCCCCCCCCCCCC[n+]1ccn(C)c1.O=S(=O)([N-]S(=O)(=O)C(F)(F)F)C(F)(F)F,393.6,,SurfaceTension,0.0215,0.022129895,0.00062989444,test,Balanced IL,Balanced,E,Surface tension multi-split parity plot,True
1074,1-tetradecyl-3-methylimidazolium bis(trifluoromethylsulfonyl)imide,CCCCCCCCCCCCCC[n+]1ccn(C)c1.O=S(=O)([N-]S(=O)(=O)C(F)(F)F)C(F)(F)F,394.7,,SurfaceTension,0.0213,0.02206274,0.00076274015,test,Balanced IL,Balanced,E,Surface tension multi-split parity plot,True
1077,1-tetradecyl-3-methylimidazolium bis(trifluoromethylsulfonyl)imide,CCCCCCCCCCCCCC[n+]1ccn(C)c1.O=S(=O)([N-]S(=O)(=O)C(F)(F)F)C(F)(F)F,413.5,,SurfaceTension,0.020899998,0.02095409,5.4091215e-05,test,Balanced IL,Balanced,E,Surface tension multi-split parity plot,True
1078,1-tetradecyl-3-methylimidazolium bis(trifluoromethylsulfonyl)imide,CCCCCCCCCCCCCC[n+]1ccn(C)c1.O=S(=O)([N-]S(=O)(=O)C(F)(F)F)C(F)(F)F,414.9,,SurfaceTension,0.019699998,0.02087444,0.0011744425,test,Balanced IL,Balanced,E,Surface tension multi-split parity plot,True
1081,1-tetradecyl-3-methylimidazolium bis(trifluoromethylsulfonyl)imide,CCCCCCCCCCCCCC[n+]1ccn(C)c1.O=S(=O)([N-]S(=O)(=O)C(F)(F)F)C(F)(F)F,433.6,,SurfaceTension,0.0187,0.019849572,0.0011495724,test,Balanced IL,Balanced,E,Surface tension multi-split parity plot,True
1082,1-tetradecyl-3-methylimidazolium bis(trifluoromethylsulfonyl)imide,CCCCCCCCCCCCCC[n+]1ccn(C)c1.O=S(=O)([N-]S(=O)(=O)C(F)(F)F)C(F)(F)F,434.8,,SurfaceTension,0.0196,0.019786334,0.00018633343,test,Balanced IL,Balanced,E,Surface tension multi-split parity plot,True
1085,1-tetradecyl-3-methylimidazolium bis(trifluoromethylsulfonyl)imide,CCCCCCCCCCCCCC[n+]1ccn(C)c1.O=S(=O)([N-]S(=O)(=O)C(F)(F)F)C(F)(F)F,453.6,,SurfaceTension,0.017500002,0.018838372,0.0013383701,test,Balanced IL,Balanced,E,Surface tension multi-split parity plot,True
1086,1-tetradecyl-3-methylimidazolium bis(trifluoromethylsulfonyl)imide,CCCCCCCCCCCCCC[n+]1ccn(C)c1.O=S(=O)([N-]S(=O)(=O)C(F)(F)F)C(F)(F)F,454.5,,SurfaceTension,0.017900001,0.01879512,0.00089511834,test,Balanced IL,Balanced,E,Surface tension multi-split parity plot,True
1089,1-tetradecyl-3-methylimidazolium bis(trifluoromethylsulfonyl)imide,CCCCCCCCCCCCCC[n+]1ccn(C)c1.O=S(=O)([N-]S(=O)(=O)C(F)(F)F)C(F)(F)F,473.5,,SurfaceTension,0.016600002,0.01793303,0.0013330281,test,Balanced IL,Balanced,E,Surface tension multi-split parity plot,True
1090,1-tetradecyl-3-methylimidazolium bis(trifluoromethylsulfonyl)imide,CCCCCCCCCCCCCC[n+]1ccn(C)c1.O=S(=O)([N-]S(=O)(=O)C(F)(F)F)C(F)(F)F,474.5,,SurfaceTension,0.016999997,0.017890554,0.0008905567,test,Balanced IL,Balanced,E,Surface tension multi-split parity plot,True
1091,1-tetradecyl-3-methylimidazolium bis(trifluoromethylsulfonyl)imide,CCCCCCCCCCCCCC[n+]1ccn(C)c1.O=S(=O)([N-]S(=O)(=O)C(F)(F)F)C(F)(F)F,493.4,,SurfaceTension,0.015899999,0.01715016,0.0012501609,test,Balanced IL,Balanced,E,Surface tension multi-split parity plot,True
1092,1-tetradecyl-3-methylimidazolium bis(trifluoromethylsulfonyl)imide,CCCCCCCCCCCCCC[n+]1ccn(C)c1.O=S(=O)([N-]S(=O)(=O)C(F)(F)F)C(F)(F)F,512.9,,SurfaceTension,0.015500003,0.016529363,0.0010293601,test,Balanced IL,Balanced,E,Surface tension multi-split parity plot,True
5571,"2,3-dimethyl-1-pentylimidazolium hydrogensulfate",S(=O)(=O)(O)[O-].CC=1N(C=C[N+]1C)CCCCC,288.15,,SurfaceTension,0.042500008,0.035627574,0.006872434,test,Balanced IL,Balanced,E,Surface tension multi-split parity plot,True
5573,"2,3-dimethyl-1-pentylimidazolium hydrogensulfate",S(=O)(=O)(O)[O-].CC=1N(C=C[N+]1C)CCCCC,293.15,,SurfaceTension,0.042200007,0.034870684,0.0073293224,test,Balanced IL,Balanced,E,Surface tension multi-split parity plot,True
5575,"2,3-dimethyl-1-pentylimidazolium hydrogensulfate",S(=O)(=O)(O)[O-].CC=1N(C=C[N+]1C)CCCCC,298.15,,SurfaceTension,0.041999996,0.03443653,0.0075634643,test,Balanced IL,Balanced,E,Surface tension multi-split parity plot,True
5577,"2,3-dimethyl-1-pentylimidazolium hydrogensulfate",S(=O)(=O)(O)[O-].CC=1N(C=C[N+]1C)CCCCC,303.15,,SurfaceTension,0.041700006,0.034007814,0.0076921917,test,Balanced IL,Balanced,E,Surface tension multi-split parity plot,True
5579,"2,3-dimethyl-1-pentylimidazolium hydrogensulfate",S(=O)(=O)(O)[O-].CC=1N(C=C[N+]1C)CCCCC,308.15,,SurfaceTension,0.0415,0.033585522,0.007914476,test,Balanced IL,Balanced,E,Surface tension multi-split parity plot,True
5581,"2,3-dimethyl-1-pentylimidazolium hydrogensulfate",S(=O)(=O)(O)[O-].CC=1N(C=C[N+]1C)CCCCC,313.15,,SurfaceTension,0.041199997,0.033170443,0.008029554,test,Balanced IL,Balanced,E,Surface tension multi-split parity plot,True
5583,"2,3-dimethyl-1-pentylimidazolium hydrogensulfate",S(=O)(=O)(O)[O-].CC=1N(C=C[N+]1C)CCCCC,318.15,,SurfaceTension,0.040899996,0.032763142,0.008136854,test,Balanced IL,Balanced,E,Surface tension multi-split parity plot,True
5585,"2,3-dimethyl-1-pentylimidazolium hydrogensulfate",S(=O)(=O)(O)[O-].CC=1N(C=C[N+]1C)CCCCC,323.15,,SurfaceTension,0.040700004,0.03236402,0.008335985,test,Balanced IL,Balanced,E,Surface tension multi-split parity plot,True
5587,"2,3-dimethyl-1-pentylimidazolium hydrogensulfate",S(=O)(=O)(O)[O-].CC=1N(C=C[N+]1C)CCCCC,328.15,,SurfaceTension,0.0404,0.03197331,0.008426689,test,Balanced IL,Balanced,E,Surface tension multi-split parity plot,True
5589,"2,3-dimethyl-1-pentylimidazolium hydrogensulfate",S(=O)(=O)(O)[O-].CC=1N(C=C[N+]1C)CCCCC,333.15,,SurfaceTension,0.0401,0.03159109,0.0085089095,test,Balanced IL,Balanced,E,Surface tension multi-split parity plot,True
5591,"2,3-dimethyl-1-pentylimidazolium hydrogensulfate",S(=O)(=O)(O)[O-].CC=1N(C=C[N+]1C)CCCCC,338.15,,SurfaceTension,0.0399,0.03121729,0.008682711,test,Balanced IL,Balanced,E,Surface tension multi-split parity plot,True
5593,"2,3-dimethyl-1-pentylimidazolium hydrogensulfate",S(=O)(=O)(O)[O-].CC=1N(C=C[N+]1C)CCCCC,343.15,,SurfaceTension,0.039599996,0.030851744,0.008748252,test,Balanced IL,Balanced,E,Surface tension multi-split parity plot,True
5064,"3,3'-(1,5-pentanediyl)bis[1-methylimidazolium] 1,1,1-trifluoro-N-[(trifluoromethyl)sulfonyl]methanesulfonamide",C[n+]1ccn(CCCCCn2cc[n+](C)c2)c1.O=S(=O)([N-]S(=O)(=O)C(F)(F)F)C(F)(F)F.O=S(=O)([N-]S(=O)(=O)C(F)(F)F)C(F)(F)F,297.0,,SurfaceTension,0.042200007,0.0429415,0.00074149296,test,Balanced IL,Balanced,E,Surface tension multi-split parity plot,True
5068,"3,3'-(1,5-pentanediyl)bis[1-methylimidazolium] 1,1,1-trifluoro-N-[(trifluoromethyl)sulfonyl]methanesulfonamide",C[n+]1ccn(CCCCCn2cc[n+](C)c2)c1.O=S(=O)([N-]S(=O)(=O)C(F)(F)F)C(F)(F)F.O=S(=O)([N-]S(=O)(=O)C(F)(F)F)C(F)(F)F,303.15,,SurfaceTension,0.042400006,0.042408533,8.5271895e-06,test,Balanced IL,Balanced,E,Surface tension multi-split parity plot,True
5070,"3,3'-(1,5-pentanediyl)bis[1-methylimidazolium] 1,1,1-trifluoro-N-[(trifluoromethyl)sulfonyl]methanesulfonamide",C[n+]1ccn(CCCCCn2cc[n+](C)c2)c1.O=S(=O)([N-]S(=O)(=O)C(F)(F)F)C(F)(F)F.O=S(=O)([N-]S(=O)(=O)C(F)(F)F)C(F)(F)F,308.15,,SurfaceTension,0.0421,0.041873477,0.00022652373,test,Balanced IL,Balanced,E,Surface tension multi-split parity plot,True
5073,"3,3'-(1,5-pentanediyl)bis[1-methylimidazolium] 1,1,1-trifluoro-N-[(trifluoromethyl)sulfonyl]methanesulfonamide",C[n+]1ccn(CCCCCn2cc[n+](C)c2)c1.O=S(=O)([N-]S(=O)(=O)C(F)(F)F)C(F)(F)F.O=S(=O)([N-]S(=O)(=O)C(F)(F)F)C(F)(F)F,313.15,,SurfaceTension,0.041700006,0.041221693,0.00047831237,test,Balanced IL,Balanced,E,Surface tension multi-split parity plot,True
5075,"3,3'-(1,5-pentanediyl)bis[1-methylimidazolium] 1,1,1-trifluoro-N-[(trifluoromethyl)sulfonyl]methanesulfonamide",C[n+]1ccn(CCCCCn2cc[n+](C)c2)c1.O=S(=O)([N-]S(=O)(=O)C(F)(F)F)C(F)(F)F.O=S(=O)([N-]S(=O)(=O)C(F)(F)F)C(F)(F)F,318.15,,SurfaceTension,0.041400008,0.040430475,0.0009695329,test,Balanced IL,Balanced,E,Surface tension multi-split parity plot,True
5078,"3,3'-(1,5-pentanediyl)bis[1-methylimidazolium] 1,1,1-trifluoro-N-[(trifluoromethyl)sulfonyl]methanesulfonamide",C[n+]1ccn(CCCCCn2cc[n+](C)c2)c1.O=S(=O)([N-]S(=O)(=O)C(F)(F)F)C(F)(F)F.O=S(=O)([N-]S(=O)(=O)C(F)(F)F)C(F)(F)F,323.15,,SurfaceTension,0.041000005,0.03948309,0.0015169159,test,Balanced IL,Balanced,E,Surface tension multi-split parity plot,True
5080,"3,3'-(1,5-pentanediyl)bis[1-methylimidazolium] 1,1,1-trifluoro-N-[(trifluoromethyl)sulfonyl]methanesulfonamide",C[n+]1ccn(CCCCCn2cc[n+](C)c2)c1.O=S(=O)([N-]S(=O)(=O)C(F)(F)F)C(F)(F)F.O=S(=O)([N-]S(=O)(=O)C(F)(F)F)C(F)(F)F,328.15,,SurfaceTension,0.040700004,0.03837465,0.0023253523,test,Balanced IL,Balanced,E,Surface tension multi-split parity plot,True
5083,"3,3'-(1,5-pentanediyl)bis[1-methylimidazolium] 1,1,1-trifluoro-N-[(trifluoromethyl)sulfonyl]methanesulfonamide",C[n+]1ccn(CCCCCn2cc[n+](C)c2)c1.O=S(=O)([N-]S(=O)(=O)C(F)(F)F)C(F)(F)F.O=S(=O)([N-]S(=O)(=O)C(F)(F)F)C(F)(F)F,333.15,,SurfaceTension,0.040499996,0.03711703,0.003382966,test,Balanced IL,Balanced,E,Surface tension multi-split parity plot,True
5085,"3,3'-(1,5-pentanediyl)bis[1-methylimidazolium] 1,1,1-trifluoro-N-[(trifluoromethyl)sulfonyl]methanesulfonamide",C[n+]1ccn(CCCCCn2cc[n+](C)c2)c1.O=S(=O)([N-]S(=O)(=O)C(F)(F)F)C(F)(F)F.O=S(=O)([N-]S(=O)(=O)C(F)(F)F)C(F)(F)F,338.15,,SurfaceTension,0.0401,0.03574016,0.0043598413,test,Balanced IL,Balanced,E,Surface tension multi-split parity plot,True
5087,"3,3'-(1,5-pentanediyl)bis[1-methylimidazolium] 1,1,1-trifluoro-N-[(trifluoromethyl)sulfonyl]methanesulfonamide",C[n+]1ccn(CCCCCn2cc[n+](C)c2)c1.O=S(=O)([N-]S(=O)(=O)C(F)(F)F)C(F)(F)F.O=S(=O)([N-]S(=O)(=O)C(F)(F)F)C(F)(F)F,343.15,,SurfaceTension,0.0399,0.03428857,0.005611431,test,Balanced IL,Balanced,E,Surface tension multi-split parity plot,True
5089,"3,3'-(1,5-pentanediyl)bis[1-methylimidazolium] 1,1,1-trifluoro-N-[(trifluoromethyl)sulfonyl]methanesulfonamide",C[n+]1ccn(CCCCCn2cc[n+](C)c2)c1.O=S(=O)([N-]S(=O)(=O)C(F)(F)F)C(F)(F)F.O=S(=O)([N-]S(=O)(=O)C(F)(F)F)C(F)(F)F,348.15,,SurfaceTension,0.039700005,0.032813966,0.006886039,test,Balanced IL,Balanced,E,Surface tension multi-split parity plot,True
5091,"3,3'-(1,5-pentanediyl)bis[1-methylimidazolium] 1,1,1-trifluoro-N-[(trifluoromethyl)sulfonyl]methanesulfonamide",C[n+]1ccn(CCCCCn2cc[n+](C)c2)c1.O=S(=O)([N-]S(=O)(=O)C(F)(F)F)C(F)(F)F.O=S(=O)([N-]S(=O)(=O)C(F)(F)F)C(F)(F)F,353.15,,SurfaceTension,0.039399996,0.031366296,0.0080337,test,Balanced IL,Balanced,E,Surface tension multi-split parity plot,True
5131,3-(2-hydroxyethyl)-1-methyl-1H-imidazolium trifluorotris(perfluoroethyl)phosphate(V),C[n+]1ccn(CCO)c1.FC(F)(F)C(F)(F)[P-](F)(F)(F)(C(F)(F)C(F)(F)F)C(F)(F)C(F)(F)F,264.2,,SurfaceTension,0.040499996,0.04326641,0.0027664118,test,Balanced IL,Balanced,E,Surface tension multi-split parity plot,True
5132,3-(2-hydroxyethyl)-1-methyl-1H-imidazolium trifluorotris(perfluoroethyl)phosphate(V),C[n+]1ccn(CCO)c1.FC(F)(F)C(F)(F)[P-](F)(F)(F)(C(F)(F)C(F)(F)F)C(F)(F)C(F)(F)F,267.46,,SurfaceTension,0.040319998,0.042950604,0.0026306063,test,Balanced IL,Balanced,E,Surface tension multi-split parity plot,True
5133,3-(2-hydroxyethyl)-1-methyl-1H-imidazolium trifluorotris(perfluoroethyl)phosphate(V),C[n+]1ccn(CCO)c1.FC(F)(F)C(F)(F)[P-](F)(F)(F)(C(F)(F)C(F)(F)F)C(F)(F)C(F)(F)F,272.51,,SurfaceTension,0.040030003,0.04246466,0.002434656,test,Balanced IL,Balanced,E,Surface tension multi-split parity plot,True
5134,3-(2-hydroxyethyl)-1-methyl-1H-imidazolium trifluorotris(perfluoroethyl)phosphate(V),C[n+]1ccn(CCO)c1.FC(F)(F)C(F)(F)[P-](F)(F)(F)(C(F)(F)C(F)(F)F)C(F)(F)C(F)(F)F,278.08,,SurfaceTension,0.03978,0.041933514,0.0021535158,test,Balanced IL,Balanced,E,Surface tension multi-split parity plot,True
5136,3-(2-hydroxyethyl)-1-methyl-1H-imidazolium trifluorotris(perfluoroethyl)phosphate(V),C[n+]1ccn(CCO)c1.FC(F)(F)C(F)(F)[P-](F)(F)(F)(C(F)(F)C(F)(F)F)C(F)(F)C(F)(F)F,283.18,,SurfaceTension,0.03955,0.04145149,0.0019014925,test,Balanced IL,Balanced,E,Surface tension multi-split parity plot,True
5137,3-(2-hydroxyethyl)-1-methyl-1H-imidazolium trifluorotris(perfluoroethyl)phosphate(V),C[n+]1ccn(CCO)c1.FC(F)(F)C(F)(F)[P-](F)(F)(F)(C(F)(F)C(F)(F)F)C(F)(F)C(F)(F)F,288.8,,SurfaceTension,0.039369997,0.040841803,0.0014718063,test,Balanced IL,Balanced,E,Surface tension multi-split parity plot,True
5139,3-(2-hydroxyethyl)-1-methyl-1H-imidazolium trifluorotris(perfluoroethyl)phosphate(V),C[n+]1ccn(CCO)c1.FC(F)(F)C(F)(F)[P-](F)(F)(F)(C(F)(F)C(F)(F)F)C(F)(F)C(F)(F)F,293.32,,SurfaceTension,0.03902,0.040424116,0.0014041178,test,Balanced IL,Balanced,E,Surface tension multi-split parity plot,True
5142,3-(2-hydroxyethyl)-1-methyl-1H-imidazolium trifluorotris(perfluoroethyl)phosphate(V),C[n+]1ccn(CCO)c1.FC(F)(F)C(F)(F)[P-](F)(F)(F)(C(F)(F)C(F)(F)F)C(F)(F)C(F)(F)F,298.24,,SurfaceTension,0.0387,0.039971314,0.0012713149,test,Balanced IL,Balanced,E,Surface tension multi-split parity plot,True
5145,3-(2-hydroxyethyl)-1-methyl-1H-imidazolium trifluorotris(perfluoroethyl)phosphate(V),C[n+]1ccn(CCO)c1.FC(F)(F)C(F)(F)[P-](F)(F)(F)(C(F)(F)C(F)(F)F)C(F)(F)C(F)(F)F,303.31,,SurfaceTension,0.03863,0.039505262,0.0008752607,test,Balanced IL,Balanced,E,Surface tension multi-split parity plot,True
5148,3-(2-hydroxyethyl)-1-methyl-1H-imidazolium trifluorotris(perfluoroethyl)phosphate(V),C[n+]1ccn(CCO)c1.FC(F)(F)C(F)(F)[P-](F)(F)(F)(C(F)(F)C(F)(F)F)C(F)(F)C(F)(F)F,308.28,,SurfaceTension,0.038359996,0.03904751,0.0006875135,test,Balanced IL,Balanced,E,Surface tension multi-split parity plot,True
5151,3-(2-hydroxyethyl)-1-methyl-1H-imidazolium trifluorotris(perfluoroethyl)phosphate(V),C[n+]1ccn(CCO)c1.FC(F)(F)C(F)(F)[P-](F)(F)(F)(C(F)(F)C(F)(F)F)C(F)(F)C(F)(F)F,313.19,,SurfaceTension,0.038080003,0.03859318,0.00051317737,test,Balanced IL,Balanced,E,Surface tension multi-split parity plot,True
5154,3-(2-hydroxyethyl)-1-methyl-1H-imidazolium trifluorotris(perfluoroethyl)phosphate(V),C[n+]1ccn(CCO)c1.FC(F)(F)C(F)(F)[P-](F)(F)(F)(C(F)(F)C(F)(F)F)C(F)(F)C(F)(F)F,318.37,,SurfaceTension,0.037760004,0.03811063,0.00035062432,test,Balanced IL,Balanced,E,Surface tension multi-split parity plot,True
5155,3-(2-hydroxyethyl)-1-methyl-1H-imidazolium trifluorotris(perfluoroethyl)phosphate(V),C[n+]1ccn(CCO)c1.FC(F)(F)C(F)(F)[P-](F)(F)(F)(C(F)(F)C(F)(F)F)C(F)(F)C(F)(F)F,322.69,,SurfaceTension,0.03748,0.037705272,0.00022527203,test,Balanced IL,Balanced,E,Surface tension multi-split parity plot,True
5158,3-(2-hydroxyethyl)-1-methyl-1H-imidazolium trifluorotris(perfluoroethyl)phosphate(V),C[n+]1ccn(CCO)c1.FC(F)(F)C(F)(F)[P-](F)(F)(F)(C(F)(F)C(F)(F)F)C(F)(F)C(F)(F)F,327.36,,SurfaceTension,0.036999997,0.037263982,0.00026398525,test,Balanced IL,Balanced,E,Surface tension multi-split parity plot,True
5161,3-(2-hydroxyethyl)-1-methyl-1H-imidazolium trifluorotris(perfluoroethyl)phosphate(V),C[n+]1ccn(CCO)c1.FC(F)(F)C(F)(F)[P-](F)(F)(F)(C(F)(F)C(F)(F)F)C(F)(F)C(F)(F)F,333.13,,SurfaceTension,0.036809996,0.036714546,9.544939e-05,test,Balanced IL,Balanced,E,Surface tension multi-split parity plot,True
5165,3-(2-hydroxyethyl)-1-methyl-1H-imidazolium trifluorotris(perfluoroethyl)phosphate(V),C[n+]1ccn(CCO)c1.FC(F)(F)C(F)(F)[P-](F)(F)(F)(C(F)(F)C(F)(F)F)C(F)(F)C(F)(F)F,338.38,,SurfaceTension,0.03642,0.036210913,0.00020908564,test,Balanced IL,Balanced,E,Surface tension multi-split parity plot,True
5166,3-(2-hydroxyethyl)-1-methyl-1H-imidazolium trifluorotris(perfluoroethyl)phosphate(V),C[n+]1ccn(CCO)c1.FC(F)(F)C(F)(F)[P-](F)(F)(F)(C(F)(F)C(F)(F)F)C(F)(F)C(F)(F)F,342.29,,SurfaceTension,0.03634,0.035833683,0.0005063154,test,Balanced IL,Balanced,E,Surface tension multi-split parity plot,True
5169,3-(2-hydroxyethyl)-1-methyl-1H-imidazolium trifluorotris(perfluoroethyl)phosphate(V),C[n+]1ccn(CCO)c1.FC(F)(F)C(F)(F)[P-](F)(F)(F)(C(F)(F)C(F)(F)F)C(F)(F)C(F)(F)F,348.0,,SurfaceTension,0.035779998,0.0352795,0.0005004965,test,Balanced IL,Balanced,E,Surface tension multi-split parity plot,True
5171,3-(2-hydroxyethyl)-1-methyl-1H-imidazolium trifluorotris(perfluoroethyl)phosphate(V),C[n+]1ccn(CCO)c1.FC(F)(F)C(F)(F)[P-](F)(F)(F)(C(F)(F)C(F)(F)F)C(F)(F)C(F)(F)F,352.31,,SurfaceTension,0.035549995,0.034858465,0.00069152936,test,Balanced IL,Balanced,E,Surface tension multi-split parity plot,True
5173,3-(2-hydroxyethyl)-1-methyl-1H-imidazolium trifluorotris(perfluoroethyl)phosphate(V),C[n+]1ccn(CCO)c1.FC(F)(F)C(F)(F)[P-](F)(F)(F)(C(F)(F)C(F)(F)F)C(F)(F)C(F)(F)F,358.66,,SurfaceTension,0.035090003,0.034233466,0.0008565374,test,Balanced IL,Balanced,E,Surface tension multi-split parity plot,True
5174,3-(2-hydroxyethyl)-1-methyl-1H-imidazolium trifluorotris(perfluoroethyl)phosphate(V),C[n+]1ccn(CCO)c1.FC(F)(F)C(F)(F)[P-](F)(F)(F)(C(F)(F)C(F)(F)F)C(F)(F)C(F)(F)F,363.2,,SurfaceTension,0.03493,0.033782937,0.0011470616,test,Balanced IL,Balanced,E,Surface tension multi-split parity plot,True
5030,3-(3-cyanopropyl)-1-methylimidazolium bis(fluorosulfonyl)amide,C[n+]1ccn(CCCC#N)c1.O=S(=O)(F)[N-]S(=O)(=O)F,288.15,,SurfaceTension,0.054099996,0.040460825,0.013639171,test,Balanced IL,Balanced,E,Surface tension multi-split parity plot,True
5032,3-(3-cyanopropyl)-1-methylimidazolium bis(fluorosulfonyl)amide,C[n+]1ccn(CCCC#N)c1.O=S(=O)(F)[N-]S(=O)(=O)F,293.15,,SurfaceTension,0.053699996,0.040139228,0.013560768,test,Balanced IL,Balanced,E,Surface tension multi-split parity plot,True
5034,3-(3-cyanopropyl)-1-methylimidazolium bis(fluorosulfonyl)amide,C[n+]1ccn(CCCC#N)c1.O=S(=O)(F)[N-]S(=O)(=O)F,298.15,,SurfaceTension,0.053400002,0.039800104,0.013599899,test,Balanced IL,Balanced,E,Surface tension multi-split parity plot,True
5036,3-(3-cyanopropyl)-1-methylimidazolium bis(fluorosulfonyl)amide,C[n+]1ccn(CCCC#N)c1.O=S(=O)(F)[N-]S(=O)(=O)F,303.15,,SurfaceTension,0.052999992,0.03944297,0.013557021,test,Balanced IL,Balanced,E,Surface tension multi-split parity plot,True
5038,3-(3-cyanopropyl)-1-methylimidazolium bis(fluorosulfonyl)amide,C[n+]1ccn(CCCC#N)c1.O=S(=O)(F)[N-]S(=O)(=O)F,308.15,,SurfaceTension,0.0527,0.039068013,0.013631988,test,Balanced IL,Balanced,E,Surface tension multi-split parity plot,True
5040,3-(3-cyanopropyl)-1-methylimidazolium bis(fluorosulfonyl)amide,C[n+]1ccn(CCCC#N)c1.O=S(=O)(F)[N-]S(=O)(=O)F,313.15,,SurfaceTension,0.052399993,0.03867599,0.013724003,test,Balanced IL,Balanced,E,Surface tension multi-split parity plot,True
5042,3-(3-cyanopropyl)-1-methylimidazolium bis(fluorosulfonyl)amide,C[n+]1ccn(CCCC#N)c1.O=S(=O)(F)[N-]S(=O)(=O)F,318.15,,SurfaceTension,0.052000005,0.038268182,0.013731822,test,Balanced IL,Balanced,E,Surface tension multi-split parity plot,True
5044,3-(3-cyanopropyl)-1-methylimidazolium bis(fluorosulfonyl)amide,C[n+]1ccn(CCCC#N)c1.O=S(=O)(F)[N-]S(=O)(=O)F,323.15,,SurfaceTension,0.051700003,0.03784625,0.013853755,test,Balanced IL,Balanced,E,Surface tension multi-split parity plot,True
5046,3-(3-cyanopropyl)-1-methylimidazolium trifluoromethanesulfonate,C[n+]1ccn(CCCC#N)c1.O=S(=O)([O-])C(F)(F)F,288.15,,SurfaceTension,0.0421,0.035154555,0.006945446,test,Balanced IL,Balanced,E,Surface tension multi-split parity plot,True
5048,3-(3-cyanopropyl)-1-methylimidazolium trifluoromethanesulfonate,C[n+]1ccn(CCCC#N)c1.O=S(=O)([O-])C(F)(F)F,293.15,,SurfaceTension,0.041800003,0.034819543,0.00698046,test,Balanced IL,Balanced,E,Surface tension multi-split parity plot,True
5050,3-(3-cyanopropyl)-1-methylimidazolium trifluoromethanesulfonate,C[n+]1ccn(CCCC#N)c1.O=S(=O)([O-])C(F)(F)F,298.15,,SurfaceTension,0.0415,0.034480482,0.007019516,test,Balanced IL,Balanced,E,Surface tension multi-split parity plot,True
5052,3-(3-cyanopropyl)-1-methylimidazolium trifluoromethanesulfonate,C[n+]1ccn(CCCC#N)c1.O=S(=O)([O-])C(F)(F)F,303.15,,SurfaceTension,0.0411,0.03413772,0.0069622807,test,Balanced IL,Balanced,E,Surface tension multi-split parity plot,True
5054,3-(3-cyanopropyl)-1-methylimidazolium trifluoromethanesulfonate,C[n+]1ccn(CCCC#N)c1.O=S(=O)([O-])C(F)(F)F,308.15,,SurfaceTension,0.0408,0.033791654,0.0070083477,test,Balanced IL,Balanced,E,Surface tension multi-split parity plot,True
5056,3-(3-cyanopropyl)-1-methylimidazolium trifluoromethanesulfonate,C[n+]1ccn(CCCC#N)c1.O=S(=O)([O-])C(F)(F)F,313.15,,SurfaceTension,0.0404,0.033442665,0.0069573335,test,Balanced IL,Balanced,E,Surface tension multi-split parity plot,True
5058,3-(3-cyanopropyl)-1-methylimidazolium trifluoromethanesulfonate,C[n+]1ccn(CCCC#N)c1.O=S(=O)([O-])C(F)(F)F,318.15,,SurfaceTension,0.0401,0.033091135,0.0070088655,test,Balanced IL,Balanced,E,Surface tension multi-split parity plot,True
5060,3-(3-cyanopropyl)-1-methylimidazolium trifluoromethanesulfonate,C[n+]1ccn(CCCC#N)c1.O=S(=O)([O-])C(F)(F)F,323.15,,SurfaceTension,0.039700005,0.032737482,0.006962523,test,Balanced IL,Balanced,E,Surface tension multi-split parity plot,True
104,3-ethyl-1-methylimidazolium butylsulfate,C(CCC)OS(=O)(=O)[O-].C(C)[N+]1=CN(C=C1)C,298.15,,SurfaceTension,0.03964,0.04086073,0.0012207329,test,Balanced IL,Balanced,E,Surface tension multi-split parity plot,True
355,3-hexyl-1-methylimidazolium acetate,CC(=O)[O-].CCCCCCn1cc[n+](C)c1,298.15,,SurfaceTension,0.03305,0.03174603,0.0013039708,test,Balanced IL,Balanced,E,Surface tension multi-split parity plot,True
359,3-hexyl-1-methylimidazolium acetate,CC(=O)[O-].CCCCCCn1cc[n+](C)c1,303.15,,SurfaceTension,0.0327,0.03151152,0.0011884794,test,Balanced IL,Balanced,E,Surface tension multi-split parity plot,True
363,3-hexyl-1-methylimidazolium acetate,CC(=O)[O-].CCCCCCn1cc[n+](C)c1,308.15,,SurfaceTension,0.0323,0.031275112,0.001024887,test,Balanced IL,Balanced,E,Surface tension multi-split parity plot,True
368,3-hexyl-1-methylimidazolium acetate,CC(=O)[O-].CCCCCCn1cc[n+](C)c1,313.15,,SurfaceTension,0.031899996,0.031036314,0.0008636825,test,Balanced IL,Balanced,E,Surface tension multi-split parity plot,True
373,3-hexyl-1-methylimidazolium acetate,CC(=O)[O-].CCCCCCn1cc[n+](C)c1,318.15,,SurfaceTension,0.0314,0.030794777,0.00060522184,test,Balanced IL,Balanced,E,Surface tension multi-split parity plot,True
377,3-hexyl-1-methylimidazolium acetate,CC(=O)[O-].CCCCCCn1cc[n+](C)c1,323.15,,SurfaceTension,0.031000003,0.030550294,0.0004497096,test,Balanced IL,Balanced,E,Surface tension multi-split parity plot,True
382,3-hexyl-1-methylimidazolium acetate,CC(=O)[O-].CCCCCCn1cc[n+](C)c1,328.15,,SurfaceTension,0.030600002,0.030426467,0.0001735352,test,Balanced IL,Balanced,E,Surface tension multi-split parity plot,True
386,3-hexyl-1-methylimidazolium acetate,CC(=O)[O-].CCCCCCn1cc[n+](C)c1,333.15,,SurfaceTension,0.030200003,0.030167216,3.278628e-05,test,Balanced IL,Balanced,E,Surface tension multi-split parity plot,True
391,3-hexyl-1-methylimidazolium acetate,CC(=O)[O-].CCCCCCn1cc[n+](C)c1,338.15,,SurfaceTension,0.029800002,0.029905476,0.000105474144,test,Balanced IL,Balanced,E,Surface tension multi-split parity plot,True
1739,3-hexyl-1-methylimidazolium tricyanomethanide,CCCCCCn1cc[n+](C)c1.N#C[C-](C#N)C#N,283.23,,SurfaceTension,0.044399995,0.0428717,0.0015282966,test,Balanced IL,Balanced,E,Surface tension multi-split parity plot,True
1747,3-hexyl-1-methylimidazolium tricyanomethanide,CCCCCCn1cc[n+](C)c1.N#C[C-](C#N)C#N,293.35,,SurfaceTension,0.043500002,0.04192054,0.0015794635,test,Balanced IL,Balanced,E,Surface tension multi-split parity plot,True
1754,3-hexyl-1-methylimidazolium tricyanomethanide,CCCCCCn1cc[n+](C)c1.N#C[C-](C#N)C#N,303.33,,SurfaceTension,0.042900003,0.04099722,0.0019027852,test,Balanced IL,Balanced,E,Surface tension multi-split parity plot,True
1760,3-hexyl-1-methylimidazolium tricyanomethanide,CCCCCCn1cc[n+](C)c1.N#C[C-](C#N)C#N,313.26,,SurfaceTension,0.0421,0.040102046,0.0019979551,test,Balanced IL,Balanced,E,Surface tension multi-split parity plot,True
1767,3-hexyl-1-methylimidazolium tricyanomethanide,CCCCCCn1cc[n+](C)c1.N#C[C-](C#N)C#N,323.25,,SurfaceTension,0.0415,0.039232828,0.0022671707,test,Balanced IL,Balanced,E,Surface tension multi-split parity plot,True
1774,3-hexyl-1-methylimidazolium tricyanomethanide,CCCCCCn1cc[n+](C)c1.N#C[C-](C#N)C#N,333.18,,SurfaceTension,0.0408,0.038405113,0.0023948886,test,Balanced IL,Balanced,E,Surface tension multi-split parity plot,True
1778,3-hexyl-1-methylimidazolium tricyanomethanide,CCCCCCn1cc[n+](C)c1.N#C[C-](C#N)C#N,343.11,,SurfaceTension,0.039910004,0.037615795,0.0022942089,test,Balanced IL,Balanced,E,Surface tension multi-split parity plot,True
1787,3-hexyl-1-methylimidazolium tricyanomethanide,CCCCCCn1cc[n+](C)c1.N#C[C-](C#N)C#N,353.53,,SurfaceTension,0.039069995,0.036828328,0.0022416674,test,Balanced IL,Balanced,E,Surface tension multi-split parity plot,True
3377,4-methyl-1-propylpyridinium bis((trifluoromethyl)sulfonyl)amide,CCC[n+]1ccc(C)cc1.O=S(=O)([N-]S(=O)(=O)C(F)(F)F)C(F)(F)F,288.19,,SurfaceTension,0.035819996,0.036182176,0.00036218017,test,Balanced IL,Balanced,E,Surface tension multi-split parity plot,True
3378,4-methyl-1-propylpyridinium bis((trifluoromethyl)sulfonyl)amide,CCC[n+]1ccc(C)cc1.O=S(=O)([N-]S(=O)(=O)C(F)(F)F)C(F)(F)F,288.22,,SurfaceTension,0.035610005,0.036180656,0.00057065114,test,Balanced IL,Balanced,E,Surface tension multi-split parity plot,True
3380,4-methyl-1-propylpyridinium bis((trifluoromethyl)sulfonyl)amide,CCC[n+]1ccc(C)cc1.O=S(=O)([N-]S(=O)(=O)C(F)(F)F)C(F)(F)F,293.49,,SurfaceTension,0.035475,0.035908658,0.00043365732,test,Balanced IL,Balanced,E,Surface tension multi-split parity plot,True
3381,4-methyl-1-propylpyridinium bis((trifluoromethyl)sulfonyl)amide,CCC[n+]1ccc(C)cc1.O=S(=O)([N-]S(=O)(=O)C(F)(F)F)C(F)(F)F,298.37,,SurfaceTension,0.035279997,0.035647918,0.00036792085,test,Balanced IL,Balanced,E,Surface tension multi-split parity plot,True
3383,4-methyl-1-propylpyridinium bis((trifluoromethyl)sulfonyl)amide,CCC[n+]1ccc(C)cc1.O=S(=O)([N-]S(=O)(=O)C(F)(F)F)C(F)(F)F,303.11,,SurfaceTension,0.03517,0.035385594,0.00021559373,test,Balanced IL,Balanced,E,Surface tension multi-split parity plot,True
3385,4-methyl-1-propylpyridinium bis((trifluoromethyl)sulfonyl)amide,CCC[n+]1ccc(C)cc1.O=S(=O)([N-]S(=O)(=O)C(F)(F)F)C(F)(F)F,303.12,,SurfaceTension,0.034999996,0.035385028,0.0003850311,test,Balanced IL,Balanced,E,Surface tension multi-split parity plot,True
3386,4-methyl-1-propylpyridinium bis((trifluoromethyl)sulfonyl)amide,CCC[n+]1ccc(C)cc1.O=S(=O)([N-]S(=O)(=O)C(F)(F)F)C(F)(F)F,308.15,,SurfaceTension,0.034959998,0.035096236,0.00013623759,test,Balanced IL,Balanced,E,Surface tension multi-split parity plot,True
3387,4-methyl-1-propylpyridinium bis((trifluoromethyl)sulfonyl)amide,CCC[n+]1ccc(C)cc1.O=S(=O)([N-]S(=O)(=O)C(F)(F)F)C(F)(F)F,308.17,,SurfaceTension,0.03485,0.03509505,0.0002450496,test,Balanced IL,Balanced,E,Surface tension multi-split parity plot,True
3389,4-methyl-1-propylpyridinium bis((trifluoromethyl)sulfonyl)amide,CCC[n+]1ccc(C)cc1.O=S(=O)([N-]S(=O)(=O)C(F)(F)F)C(F)(F)F,313.06,,SurfaceTension,0.034654994,0.034803618,0.00014862418,test,Balanced IL,Balanced,E,Surface tension multi-split parity plot,True
3392,4-methyl-1-propylpyridinium bis((trifluoromethyl)sulfonyl)amide,CCC[n+]1ccc(C)cc1.O=S(=O)([N-]S(=O)(=O)C(F)(F)F)C(F)(F)F,318.14,,SurfaceTension,0.034480006,0.034489647,9.641051e-06,test,Balanced IL,Balanced,E,Surface tension multi-split parity plot,True
3394,4-methyl-1-propylpyridinium bis((trifluoromethyl)sulfonyl)amide,CCC[n+]1ccc(C)cc1.O=S(=O)([N-]S(=O)(=O)C(F)(F)F)C(F)(F)F,318.15,,SurfaceTension,0.03446,0.034489024,2.9023737e-05,test,Balanced IL,Balanced,E,Surface tension multi-split parity plot,True
3400,4-methyl-1-propylpyridinium bis((trifluoromethyl)sulfonyl)amide,CCC[n+]1ccc(C)cc1.O=S(=O)([N-]S(=O)(=O)C(F)(F)F)C(F)(F)F,323.06,,SurfaceTension,0.034249995,0.034174904,7.509068e-05,test,Balanced IL,Balanced,E,Surface tension multi-split parity plot,True
3401,4-methyl-1-propylpyridinium bis((trifluoromethyl)sulfonyl)amide,CCC[n+]1ccc(C)cc1.O=S(=O)([N-]S(=O)(=O)C(F)(F)F)C(F)(F)F,323.07,,SurfaceTension,0.034230005,0.034174252,5.5752695e-05,test,Balanced IL,Balanced,E,Surface tension multi-split parity plot,True
3408,4-methyl-1-propylpyridinium bis((trifluoromethyl)sulfonyl)amide,CCC[n+]1ccc(C)cc1.O=S(=O)([N-]S(=O)(=O)C(F)(F)F)C(F)(F)F,327.97,,SurfaceTension,0.033949997,0.033850737,9.926036e-05,test,Balanced IL,Balanced,E,Surface tension multi-split parity plot,True
3409,4-methyl-1-propylpyridinium bis((trifluoromethyl)sulfonyl)amide,CCC[n+]1ccc(C)cc1.O=S(=O)([N-]S(=O)(=O)C(F)(F)F)C(F)(F)F,328.0,,SurfaceTension,0.034039997,0.03384873,0.00019126758,test,Balanced IL,Balanced,E,Surface tension multi-split parity plot,True
3416,4-methyl-1-propylpyridinium bis((trifluoromethyl)sulfonyl)amide,CCC[n+]1ccc(C)cc1.O=S(=O)([N-]S(=O)(=O)C(F)(F)F)C(F)(F)F,332.97,,SurfaceTension,0.0337,0.03351093,0.00018906966,test,Balanced IL,Balanced,E,Surface tension multi-split parity plot,True
3418,4-methyl-1-propylpyridinium bis((trifluoromethyl)sulfonyl)amide,CCC[n+]1ccc(C)cc1.O=S(=O)([N-]S(=O)(=O)C(F)(F)F)C(F)(F)F,333.36,,SurfaceTension,0.033789996,0.03348403,0.00030596554,test,Balanced IL,Balanced,E,Surface tension multi-split parity plot,True
3424,4-methyl-1-propylpyridinium bis((trifluoromethyl)sulfonyl)amide,CCC[n+]1ccc(C)cc1.O=S(=O)([N-]S(=O)(=O)C(F)(F)F)C(F)(F)F,338.08,,SurfaceTension,0.033599995,0.033154313,0.00044568256,test,Balanced IL,Balanced,E,Surface tension multi-split parity plot,True
3426,4-methyl-1-propylpyridinium bis((trifluoromethyl)sulfonyl)amide,CCC[n+]1ccc(C)cc1.O=S(=O)([N-]S(=O)(=O)C(F)(F)F)C(F)(F)F,338.17,,SurfaceTension,0.033439998,0.03314795,0.00029204786,test,Balanced IL,Balanced,E,Surface tension multi-split parity plot,True
3433,4-methyl-1-propylpyridinium bis((trifluoromethyl)sulfonyl)amide,CCC[n+]1ccc(C)cc1.O=S(=O)([N-]S(=O)(=O)C(F)(F)F)C(F)(F)F,343.75,,SurfaceTension,0.033429995,0.03274868,0.0006813146,test,Balanced IL,Balanced,E,Surface tension multi-split parity plot,True
3435,4-methyl-1-propylpyridinium bis((trifluoromethyl)sulfonyl)amide,CCC[n+]1ccc(C)cc1.O=S(=O)([N-]S(=O)(=O)C(F)(F)F)C(F)(F)F,343.8,,SurfaceTension,0.033200003,0.03274506,0.00045494363,test,Balanced IL,Balanced,E,Surface tension multi-split parity plot,True
3440,4-methyl-1-propylpyridinium bis((trifluoromethyl)sulfonyl)amide,CCC[n+]1ccc(C)cc1.O=S(=O)([N-]S(=O)(=O)C(F)(F)F)C(F)(F)F,347.87,,SurfaceTension,0.033200003,0.032448087,0.0007519163,test,Balanced IL,Balanced,E,Surface tension multi-split parity plot,True
3442,4-methyl-1-propylpyridinium bis((trifluoromethyl)sulfonyl)amide,CCC[n+]1ccc(C)cc1.O=S(=O)([N-]S(=O)(=O)C(F)(F)F)C(F)(F)F,348.11,,SurfaceTension,0.03297999,0.032430436,0.0005495548,test,Balanced IL,Balanced,E,Surface tension multi-split parity plot,True
3450,4-methyl-1-propylpyridinium bis((trifluoromethyl)sulfonyl)amide,CCC[n+]1ccc(C)cc1.O=S(=O)([N-]S(=O)(=O)C(F)(F)F)C(F)(F)F,353.29,,SurfaceTension,0.03301,0.03204605,0.00096394867,test,Balanced IL,Balanced,E,Surface tension multi-split parity plot,True
3451,4-methyl-1-propylpyridinium bis((trifluoromethyl)sulfonyl)amide,CCC[n+]1ccc(C)cc1.O=S(=O)([N-]S(=O)(=O)C(F)(F)F)C(F)(F)F,353.47,,SurfaceTension,0.0327,0.032032583,0.00066741556,test,Balanced IL,Balanced,E,Surface tension multi-split parity plot,True
3456,4-methyl-1-propylpyridinium bis((trifluoromethyl)sulfonyl)amide,CCC[n+]1ccc(C)cc1.O=S(=O)([N-]S(=O)(=O)C(F)(F)F)C(F)(F)F,357.58,,SurfaceTension,0.032830004,0.031723153,0.0011068508,test,Balanced IL,Balanced,E,Surface tension multi-split parity plot,True
3457,4-methyl-1-propylpyridinium bis((trifluoromethyl)sulfonyl)amide,CCC[n+]1ccc(C)cc1.O=S(=O)([N-]S(=O)(=O)C(F)(F)F)C(F)(F)F,357.72,,SurfaceTension,0.032420002,0.03171255,0.00070745125,test,Balanced IL,Balanced,E,Surface tension multi-split parity plot,True
3463,4-methyl-1-propylpyridinium bis((trifluoromethyl)sulfonyl)amide,CCC[n+]1ccc(C)cc1.O=S(=O)([N-]S(=O)(=O)C(F)(F)F)C(F)(F)F,362.45,,SurfaceTension,0.032609995,0.031352244,0.0012577511,test,Balanced IL,Balanced,E,Surface tension multi-split parity plot,True
3465,4-methyl-1-propylpyridinium bis((trifluoromethyl)sulfonyl)amide,CCC[n+]1ccc(C)cc1.O=S(=O)([N-]S(=O)(=O)C(F)(F)F)C(F)(F)F,362.65,,SurfaceTension,0.032220002,0.031336922,0.00088308007,test,Balanced IL,Balanced,E,Surface tension multi-split parity plot,True
1244,"N,N,N-trioctyl-N-methylammonium dicyanamide",CCCCCCCC[N+](C)(CCCCCCCC)CCCCCCCC.N#C[N-]C#N,293.0,,SurfaceTension,0.028800001,0.030418722,0.0016187206,test,Balanced IL,Balanced,E,Surface tension multi-split parity plot,True
2110,N-butyl-3-methylpyridinium methylsulfate,CCCC[n+]1cccc(C)c1.COS(=O)(=O)[O-],294.55,,SurfaceTension,0.042900003,0.04526591,0.0023659058,test,Balanced IL,Balanced,E,Surface tension multi-split parity plot,True
2111,N-butyl-3-methylpyridinium methylsulfate,CCCC[n+]1cccc(C)c1.COS(=O)(=O)[O-],295.45,,SurfaceTension,0.043399997,0.045194007,0.0017940104,test,Balanced IL,Balanced,E,Surface tension multi-split parity plot,True
2112,N-butyl-3-methylpyridinium methylsulfate,CCCC[n+]1cccc(C)c1.COS(=O)(=O)[O-],295.55,,SurfaceTension,0.042999998,0.04518598,0.0021859817,test,Balanced IL,Balanced,E,Surface tension multi-split parity plot,True
2113,N-butyl-3-methylpyridinium methylsulfate,CCCC[n+]1cccc(C)c1.COS(=O)(=O)[O-],302.75,,SurfaceTension,0.042699996,0.044588834,0.0018888377,test,Balanced IL,Balanced,E,Surface tension multi-split parity plot,True
2114,N-butyl-3-methylpyridinium methylsulfate,CCCC[n+]1cccc(C)c1.COS(=O)(=O)[O-],302.85,,SurfaceTension,0.042799998,0.044033844,0.001233846,test,Balanced IL,Balanced,E,Surface tension multi-split parity plot,True
2117,N-butyl-3-methylpyridinium methylsulfate,CCCC[n+]1cccc(C)c1.COS(=O)(=O)[O-],309.65,,SurfaceTension,0.0441,0.04347603,0.0006239712,test,Balanced IL,Balanced,E,Surface tension multi-split parity plot,True
2118,N-butyl-3-methylpyridinium methylsulfate,CCCC[n+]1cccc(C)c1.COS(=O)(=O)[O-],309.75,,SurfaceTension,0.042400006,0.043467633,0.0010676272,test,Balanced IL,Balanced,E,Surface tension multi-split parity plot,True
2119,N-butyl-3-methylpyridinium methylsulfate,CCCC[n+]1cccc(C)c1.COS(=O)(=O)[O-],310.15,,SurfaceTension,0.0423,0.04343399,0.0011339895,test,Balanced IL,Balanced,E,Surface tension multi-split parity plot,True
2120,N-butyl-3-methylpyridinium methylsulfate,CCCC[n+]1cccc(C)c1.COS(=O)(=O)[O-],310.65,,SurfaceTension,0.042500008,0.043391813,0.0008918047,test,Balanced IL,Balanced,E,Surface tension multi-split parity plot,True
2123,N-butyl-3-methylpyridinium methylsulfate,CCCC[n+]1cccc(C)c1.COS(=O)(=O)[O-],320.45,,SurfaceTension,0.041700006,0.04254565,0.0008456446,test,Balanced IL,Balanced,E,Surface tension multi-split parity plot,True
2124,N-butyl-3-methylpyridinium methylsulfate,CCCC[n+]1cccc(C)c1.COS(=O)(=O)[O-],321.55,,SurfaceTension,0.041900005,0.042449042,0.000549037,test,Balanced IL,Balanced,E,Surface tension multi-split parity plot,True
2127,N-butyl-3-methylpyridinium methylsulfate,CCCC[n+]1cccc(C)c1.COS(=O)(=O)[O-],331.45,,SurfaceTension,0.0413,0.041576058,0.0002760589,test,Balanced IL,Balanced,E,Surface tension multi-split parity plot,True
2128,N-butyl-3-methylpyridinium methylsulfate,CCCC[n+]1cccc(C)c1.COS(=O)(=O)[O-],331.55,,SurfaceTension,0.041150004,0.041567266,0.00041726232,test,Balanced IL,Balanced,E,Surface tension multi-split parity plot,True
2131,N-butyl-3-methylpyridinium methylsulfate,CCCC[n+]1cccc(C)c1.COS(=O)(=O)[O-],340.35,,SurfaceTension,0.0415,0.040800937,0.0006990619,test,Balanced IL,Balanced,E,Surface tension multi-split parity plot,True
2132,N-butyl-3-methylpyridinium methylsulfate,CCCC[n+]1cccc(C)c1.COS(=O)(=O)[O-],340.45,,SurfaceTension,0.040700004,0.04079235,9.234622e-05,test,Balanced IL,Balanced,E,Surface tension multi-split parity plot,True
2322,N-butylpyridinium heptachlorodialuminate,CCCC[n+]1ccccc1.Cl[Al-](Cl)(Cl)[Cl+][Al-](Cl)(Cl)Cl,298.15,,SurfaceTension,0.0403,0.04661727,0.006317269,test,Balanced IL,Balanced,E,Surface tension multi-split parity plot,True
2324,N-butylpyridinium heptachlorodialuminate,CCCC[n+]1ccccc1.Cl[Al-](Cl)(Cl)[Cl+][Al-](Cl)(Cl)Cl,303.15,,SurfaceTension,0.0401,0.046384547,0.006284546,test,Balanced IL,Balanced,E,Surface tension multi-split parity plot,True
2326,N-butylpyridinium heptachlorodialuminate,CCCC[n+]1ccccc1.Cl[Al-](Cl)(Cl)[Cl+][Al-](Cl)(Cl)Cl,308.15,,SurfaceTension,0.0399,0.04614781,0.0062478073,test,Balanced IL,Balanced,E,Surface tension multi-split parity plot,True
2328,N-butylpyridinium heptachlorodialuminate,CCCC[n+]1ccccc1.Cl[Al-](Cl)(Cl)[Cl+][Al-](Cl)(Cl)Cl,313.15,,SurfaceTension,0.039599996,0.0459078,0.006307803,test,Balanced IL,Balanced,E,Surface tension multi-split parity plot,True
2330,N-butylpyridinium heptachlorodialuminate,CCCC[n+]1ccccc1.Cl[Al-](Cl)(Cl)[Cl+][Al-](Cl)(Cl)Cl,318.15,,SurfaceTension,0.0392,0.045665465,0.006465465,test,Balanced IL,Balanced,E,Surface tension multi-split parity plot,True
2332,N-butylpyridinium heptachlorodialuminate,CCCC[n+]1ccccc1.Cl[Al-](Cl)(Cl)[Cl+][Al-](Cl)(Cl)Cl,323.15,,SurfaceTension,0.038899995,0.045421846,0.006521851,test,Balanced IL,Balanced,E,Surface tension multi-split parity plot,True
2334,N-butylpyridinium heptachlorodialuminate,CCCC[n+]1ccccc1.Cl[Al-](Cl)(Cl)[Cl+][Al-](Cl)(Cl)Cl,328.15,,SurfaceTension,0.038499996,0.04517808,0.006678086,test,Balanced IL,Balanced,E,Surface tension multi-split parity plot,True
2336,N-butylpyridinium heptachlorodialuminate,CCCC[n+]1ccccc1.Cl[Al-](Cl)(Cl)[Cl+][Al-](Cl)(Cl)Cl,333.15,,SurfaceTension,0.038199995,0.044935357,0.006735362,test,Balanced IL,Balanced,E,Surface tension multi-split parity plot,True
916,tetradecyltrihexylphosphonium bromide,CCCCCCCCCCCCCC[P+](CCCCCC)(CCCCCC)CCCCCC.[Br-],293.15,,SurfaceTension,0.02997,0.030008066,3.806688e-05,test,Balanced IL,Balanced,E,Surface tension multi-split parity plot,True
919,tetradecyltrihexylphosphonium bromide,CCCCCCCCCCCCCC[P+](CCCCCC)(CCCCCC)CCCCCC.[Br-],298.15,,SurfaceTension,0.029319994,0.029676624,0.0003566295,test,Balanced IL,Balanced,E,Surface tension multi-split parity plot,True
920,tetradecyltrihexylphosphonium bromide,CCCCCCCCCCCCCC[P+](CCCCCC)(CCCCCC)CCCCCC.[Br-],298.2,,SurfaceTension,0.030899998,0.029673306,0.0012266915,test,Balanced IL,Balanced,E,Surface tension multi-split parity plot,True
925,tetradecyltrihexylphosphonium bromide,CCCCCCCCCCCCCC[P+](CCCCCC)(CCCCCC)CCCCCC.[Br-],303.15,,SurfaceTension,0.028939998,0.029344851,0.00040485337,test,Balanced IL,Balanced,E,Surface tension multi-split parity plot,True
928,tetradecyltrihexylphosphonium bromide,CCCCCCCCCCCCCC[P+](CCCCCC)(CCCCCC)CCCCCC.[Br-],308.15,,SurfaceTension,0.028530004,0.029013194,0.00048319064,test,Balanced IL,Balanced,E,Surface tension multi-split parity plot,True
929,tetradecyltrihexylphosphonium bromide,CCCCCCCCCCCCCC[P+](CCCCCC)(CCCCCC)CCCCCC.[Br-],308.5,,SurfaceTension,0.030200003,0.028989997,0.001210006,test,Balanced IL,Balanced,E,Surface tension multi-split parity plot,True
934,tetradecyltrihexylphosphonium bromide,CCCCCCCCCCCCCC[P+](CCCCCC)(CCCCCC)CCCCCC.[Br-],313.15,,SurfaceTension,0.02815,0.028682197,0.00053219683,test,Balanced IL,Balanced,E,Surface tension multi-split parity plot,True
936,tetradecyltrihexylphosphonium bromide,CCCCCCCCCCCCCC[P+](CCCCCC)(CCCCCC)CCCCCC.[Br-],318.0,,SurfaceTension,0.029599998,0.02836232,0.0012376774,test,Balanced IL,Balanced,E,Surface tension multi-split parity plot,True
938,tetradecyltrihexylphosphonium bromide,CCCCCCCCCCCCCC[P+](CCCCCC)(CCCCCC)CCCCCC.[Br-],318.15,,SurfaceTension,0.027809998,0.02835245,0.00054245256,test,Balanced IL,Balanced,E,Surface tension multi-split parity plot,True
943,tetradecyltrihexylphosphonium bromide,CCCCCCCCCCCCCC[P+](CCCCCC)(CCCCCC)CCCCCC.[Br-],323.15,,SurfaceTension,0.027459998,0.028024565,0.00056456774,test,Balanced IL,Balanced,E,Surface tension multi-split parity plot,True
946,tetradecyltrihexylphosphonium bromide,CCCCCCCCCCCCCC[P+](CCCCCC)(CCCCCC)CCCCCC.[Br-],328.15,,SurfaceTension,0.027120003,0.027699076,0.00057907216,test,Balanced IL,Balanced,E,Surface tension multi-split parity plot,True
947,tetradecyltrihexylphosphonium bromide,CCCCCCCCCCCCCC[P+](CCCCCC)(CCCCCC)CCCCCC.[Br-],328.8,,SurfaceTension,0.028700002,0.027656967,0.0010430347,test,Balanced IL,Balanced,E,Surface tension multi-split parity plot,True
952,tetradecyltrihexylphosphonium bromide,CCCCCCCCCCCCCC[P+](CCCCCC)(CCCCCC)CCCCCC.[Br-],333.15,,SurfaceTension,0.02678,0.027376462,0.0005964618,test,Balanced IL,Balanced,E,Surface tension multi-split parity plot,True
955,tetradecyltrihexylphosphonium bromide,CCCCCCCCCCCCCC[P+](CCCCCC)(CCCCCC)CCCCCC.[Br-],338.15,,SurfaceTension,0.026570002,0.027057065,0.00048706308,test,Balanced IL,Balanced,E,Surface tension multi-split parity plot,True
956,tetradecyltrihexylphosphonium bromide,CCCCCCCCCCCCCC[P+](CCCCCC)(CCCCCC)CCCCCC.[Br-],338.6,,SurfaceTension,0.028100003,0.027028482,0.0010715201,test,Balanced IL,Balanced,E,Surface tension multi-split parity plot,True
960,tetradecyltrihexylphosphonium bromide,CCCCCCCCCCCCCC[P+](CCCCCC)(CCCCCC)CCCCCC.[Br-],343.15,,SurfaceTension,0.026239997,0.026549678,0.00030968152,test,Balanced IL,Balanced,E,Surface tension multi-split parity plot,True
961,tetradecyltrihexylphosphonium bromide,CCCCCCCCCCCCCC[P+](CCCCCC)(CCCCCC)CCCCCC.[Br-],343.4,,SurfaceTension,0.027900001,0.02653333,0.0013666712,test,Balanced IL,Balanced,E,Surface tension multi-split parity plot,True
1802,triethylpentylammonium bis(trifluoromethylsulfonyl)imide,CCCCC[N+](CC)(CC)CC.O=S(=O)([N-]S(=O)(=O)C(F)(F)F)C(F)(F)F,298.0,,SurfaceTension,0.035700005,0.033306986,0.0023930185,test,Balanced IL,Balanced,E,Surface tension multi-split parity plot,True
1805,triethylpentylammonium bis(trifluoromethylsulfonyl)imide,CCCCC[N+](CC)(CC)CC.O=S(=O)([N-]S(=O)(=O)C(F)(F)F)C(F)(F)F,303.0,,SurfaceTension,0.035399996,0.03298325,0.0024167448,test,Balanced IL,Balanced,E,Surface tension multi-split parity plot,True
1808,triethylpentylammonium bis(trifluoromethylsulfonyl)imide,CCCCC[N+](CC)(CC)CC.O=S(=O)([N-]S(=O)(=O)C(F)(F)F)C(F)(F)F,308.0,,SurfaceTension,0.034999996,0.03264755,0.0023524463,test,Balanced IL,Balanced,E,Surface tension multi-split parity plot,True
1811,triethylpentylammonium bis(trifluoromethylsulfonyl)imide,CCCCC[N+](CC)(CC)CC.O=S(=O)([N-]S(=O)(=O)C(F)(F)F)C(F)(F)F,313.0,,SurfaceTension,0.0347,0.032298863,0.0024011359,test,Balanced IL,Balanced,E,Surface tension multi-split parity plot,True
1814,triethylpentylammonium bis(trifluoromethylsulfonyl)imide,CCCCC[N+](CC)(CC)CC.O=S(=O)([N-]S(=O)(=O)C(F)(F)F)C(F)(F)F,318.0,,SurfaceTension,0.0343,0.03193664,0.0023633577,test,Balanced IL,Balanced,E,Surface tension multi-split parity plot,True
1817,triethylpentylammonium bis(trifluoromethylsulfonyl)imide,CCCCC[N+](CC)(CC)CC.O=S(=O)([N-]S(=O)(=O)C(F)(F)F)C(F)(F)F,323.0,,SurfaceTension,0.034,0.031560775,0.002439227,test,Balanced IL,Balanced,E,Surface tension multi-split parity plot,True
1820,triethylpentylammonium bis(trifluoromethylsulfonyl)imide,CCCCC[N+](CC)(CC)CC.O=S(=O)([N-]S(=O)(=O)C(F)(F)F)C(F)(F)F,328.0,,SurfaceTension,0.033599995,0.031171642,0.0024283528,test,Balanced IL,Balanced,E,Surface tension multi-split parity plot,True
1823,triethylpentylammonium bis(trifluoromethylsulfonyl)imide,CCCCC[N+](CC)(CC)CC.O=S(=O)([N-]S(=O)(=O)C(F)(F)F)C(F)(F)F,333.0,,SurfaceTension,0.033299997,0.030770008,0.00252999,test,Balanced IL,Balanced,E,Surface tension multi-split parity plot,True
1826,triethylpentylammonium bis(trifluoromethylsulfonyl)imide,CCCCC[N+](CC)(CC)CC.O=S(=O)([N-]S(=O)(=O)C(F)(F)F)C(F)(F)F,338.0,,SurfaceTension,0.032899998,0.030357001,0.0025429968,test,Balanced IL,Balanced,E,Surface tension multi-split parity plot,True
1829,triethylpentylammonium bis(trifluoromethylsulfonyl)imide,CCCCC[N+](CC)(CC)CC.O=S(=O)([N-]S(=O)(=O)C(F)(F)F)C(F)(F)F,343.0,,SurfaceTension,0.0326,0.029128216,0.0034717843,test,Balanced IL,Balanced,E,Surface tension multi-split parity plot,True
1832,triethylpentylammonium bis(trifluoromethylsulfonyl)imide,CCCCC[N+](CC)(CC)CC.O=S(=O)([N-]S(=O)(=O)C(F)(F)F)C(F)(F)F,348.0,,SurfaceTension,0.0322,0.028682504,0.0035174973,test,Balanced IL,Balanced,E,Surface tension multi-split parity plot,True
1835,triethylpentylammonium bis(trifluoromethylsulfonyl)imide,CCCCC[N+](CC)(CC)CC.O=S(=O)([N-]S(=O)(=O)C(F)(F)F)C(F)(F)F,353.0,,SurfaceTension,0.031799998,0.028231017,0.0035689808,test,Balanced IL,Balanced,E,Surface tension multi-split parity plot,True
1838,triethylpentylammonium bis(trifluoromethylsulfonyl)imide,CCCCC[N+](CC)(CC)CC.O=S(=O)([N-]S(=O)(=O)C(F)(F)F)C(F)(F)F,358.0,,SurfaceTension,0.031499997,0.027775608,0.0037243888,test,Balanced IL,Balanced,E,Surface tension multi-split parity plot,True
1840,triethylpentylammonium bis(trifluoromethylsulfonyl)imide,CCCCC[N+](CC)(CC)CC.O=S(=O)([N-]S(=O)(=O)C(F)(F)F)C(F)(F)F,363.0,,SurfaceTension,0.0311,0.027318023,0.0037819762,test,Balanced IL,Balanced,E,Surface tension multi-split parity plot,True
1842,triethylpentylammonium bis(trifluoromethylsulfonyl)imide,CCCCC[N+](CC)(CC)CC.O=S(=O)([N-]S(=O)(=O)C(F)(F)F)C(F)(F)F,368.0,,SurfaceTension,0.030699998,0.026859814,0.0038401838,test,Balanced IL,Balanced,E,Surface tension multi-split parity plot,True
1844,triethylpentylammonium bis(trifluoromethylsulfonyl)imide,CCCCC[N+](CC)(CC)CC.O=S(=O)([N-]S(=O)(=O)C(F)(F)F)C(F)(F)F,373.0,,SurfaceTension,0.030399999,0.026402406,0.0039975923,test,Balanced IL,Balanced,E,Surface tension multi-split parity plot,True
5345,"1,1'-(dodecane-1,12-diyl)bis(3-methyl-1H-imidazolium) tetrafluoroborate",Cn1cc[n+](CCCCCCCCCCCC[n+]2ccn(C)c2)c1.F[B-](F)(F)F.F[B-](F)(F)F,297.0,,SurfaceTension,0.0421,0.032925546,0.009174455,test,Ion-family,Family,E,Surface tension multi-split parity plot,True
5407,1-(2-hydroxyethyl)-3-methylimidazolium tetrafluoroborate,Cn1cc[n+](CCO)c1.F[B-](F)(F)F,572.0,,SurfaceTension,0.0647,0.01979057,0.044909433,test,Ion-family,Family,E,Surface tension multi-split parity plot,True
5408,1-(2-hydroxyethyl)-3-methylimidazolium tetrafluoroborate,Cn1cc[n+](CCO)c1.F[B-](F)(F)F,577.78,,SurfaceTension,0.0646,0.019461006,0.045138992,test,Ion-family,Family,E,Surface tension multi-split parity plot,True
5409,1-(2-hydroxyethyl)-3-methylimidazolium tetrafluoroborate,Cn1cc[n+](CCO)c1.F[B-](F)(F)F,587.55,,SurfaceTension,0.064,0.018974546,0.045025457,test,Ion-family,Family,E,Surface tension multi-split parity plot,True
5410,1-(2-hydroxyethyl)-3-methylimidazolium tetrafluoroborate,Cn1cc[n+](CCO)c1.F[B-](F)(F)F,597.81,,SurfaceTension,0.0635,0.018546259,0.04495374,test,Ion-family,Family,E,Surface tension multi-split parity plot,True
5411,1-(2-hydroxyethyl)-3-methylimidazolium tetrafluoroborate,Cn1cc[n+](CCO)c1.F[B-](F)(F)F,607.58,,SurfaceTension,0.0627,0.01820457,0.044495434,test,Ion-family,Family,E,Surface tension multi-split parity plot,True
5412,1-(2-hydroxyethyl)-3-methylimidazolium tetrafluoroborate,Cn1cc[n+](CCO)c1.F[B-](F)(F)F,626.51,,SurfaceTension,0.061699998,0.01768892,0.04401108,test,Ion-family,Family,E,Surface tension multi-split parity plot,True
5413,1-(2-hydroxyethyl)-3-methylimidazolium tetrafluoroborate,Cn1cc[n+](CCO)c1.F[B-](F)(F)F,645.35,,SurfaceTension,0.05990001,0.01732108,0.04257893,test,Ion-family,Family,E,Surface tension multi-split parity plot,True
5414,1-(2-hydroxyethyl)-3-methylimidazolium tetrafluoroborate,Cn1cc[n+](CCO)c1.F[B-](F)(F)F,665.48,,SurfaceTension,0.059100002,0.01704237,0.042057633,test,Ion-family,Family,E,Surface tension multi-split parity plot,True
5415,1-(2-hydroxyethyl)-3-methylimidazolium tetrafluoroborate,Cn1cc[n+](CCO)c1.F[B-](F)(F)F,684.42,,SurfaceTension,0.0575,0.016857635,0.040642366,test,Ion-family,Family,E,Surface tension multi-split parity plot,True
5416,1-(2-hydroxyethyl)-3-methylimidazolium tetrafluoroborate,Cn1cc[n+](CCO)c1.F[B-](F)(F)F,703.95,,SurfaceTension,0.056400005,0.016724015,0.03967599,test,Ion-family,Family,E,Surface tension multi-split parity plot,True
5417,1-(2-hydroxyethyl)-3-methylimidazolium tetrafluoroborate,Cn1cc[n+](CCO)c1.F[B-](F)(F)F,725.28,,SurfaceTension,0.05539999,0.016626049,0.038773943,test,Ion-family,Family,E,Surface tension multi-split parity plot,True
5418,1-(2-hydroxyethyl)-3-methylimidazolium tetrafluoroborate,Cn1cc[n+](CCO)c1.F[B-](F)(F)F,743.71,,SurfaceTension,0.053599995,0.016571071,0.037028924,test,Ion-family,Family,E,Surface tension multi-split parity plot,True
5115,1-(2-methoxyethyl)-3-methyl-imidazolium tetrafluoroborate,COCC[n+]1ccn(C)c1.F[B-](F)(F)F,293.0,,SurfaceTension,0.035309996,0.04793112,0.012621123,test,Ion-family,Family,E,Surface tension multi-split parity plot,True
5348,1-(3-aminopropyl)-3-methyl-1H-imidazolium tetrafluoroborate,Cn1cc[n+](CCCN)c1.F[B-](F)(F)F,293.15,,SurfaceTension,0.047199998,0.051495656,0.0042956583,test,Ion-family,Family,E,Surface tension multi-split parity plot,True
5350,1-(3-aminopropyl)-3-methyl-1H-imidazolium tetrafluoroborate,Cn1cc[n+](CCCN)c1.F[B-](F)(F)F,298.15,,SurfaceTension,0.047100004,0.05118442,0.0040844157,test,Ion-family,Family,E,Surface tension multi-split parity plot,True
5353,1-(3-aminopropyl)-3-methyl-1H-imidazolium tetrafluoroborate,Cn1cc[n+](CCCN)c1.F[B-](F)(F)F,303.15,,SurfaceTension,0.0464,0.050874606,0.0044746064,test,Ion-family,Family,E,Surface tension multi-split parity plot,True
5355,1-(3-aminopropyl)-3-methyl-1H-imidazolium tetrafluoroborate,Cn1cc[n+](CCCN)c1.F[B-](F)(F)F,308.15,,SurfaceTension,0.046200003,0.050564975,0.004364971,test,Ion-family,Family,E,Surface tension multi-split parity plot,True
5358,1-(3-aminopropyl)-3-methyl-1H-imidazolium tetrafluoroborate,Cn1cc[n+](CCCN)c1.F[B-](F)(F)F,313.15,,SurfaceTension,0.0461,0.0502542,0.004154198,test,Ion-family,Family,E,Surface tension multi-split parity plot,True
5360,1-(3-aminopropyl)-3-methyl-1H-imidazolium tetrafluoroborate,Cn1cc[n+](CCCN)c1.F[B-](F)(F)F,318.15,,SurfaceTension,0.045399994,0.049940865,0.004540872,test,Ion-family,Family,E,Surface tension multi-split parity plot,True
5363,1-(3-aminopropyl)-3-methyl-1H-imidazolium tetrafluoroborate,Cn1cc[n+](CCCN)c1.F[B-](F)(F)F,323.15,,SurfaceTension,0.045199994,0.049623538,0.004423544,test,Ion-family,Family,E,Surface tension multi-split parity plot,True
5365,1-(3-aminopropyl)-3-methyl-1H-imidazolium tetrafluoroborate,Cn1cc[n+](CCCN)c1.F[B-](F)(F)F,328.15,,SurfaceTension,0.0448,0.04930078,0.0045007803,test,Ion-family,Family,E,Surface tension multi-split parity plot,True
5368,1-(3-aminopropyl)-3-methyl-1H-imidazolium tetrafluoroborate,Cn1cc[n+](CCCN)c1.F[B-](F)(F)F,333.15,,SurfaceTension,0.044600002,0.048971187,0.004371185,test,Ion-family,Family,E,Surface tension multi-split parity plot,True
5370,1-(3-aminopropyl)-3-methyl-1H-imidazolium tetrafluoroborate,Cn1cc[n+](CCCN)c1.F[B-](F)(F)F,338.15,,SurfaceTension,0.0441,0.04863343,0.0045334287,test,Ion-family,Family,E,Surface tension multi-split parity plot,True
5373,1-(3-aminopropyl)-3-methyl-1H-imidazolium tetrafluoroborate,Cn1cc[n+](CCCN)c1.F[B-](F)(F)F,343.15,,SurfaceTension,0.043800004,0.048286285,0.0044862814,test,Ion-family,Family,E,Surface tension multi-split parity plot,True
5375,1-(3-aminopropyl)-3-methyl-1H-imidazolium tetrafluoroborate,Cn1cc[n+](CCCN)c1.F[B-](F)(F)F,348.15,,SurfaceTension,0.043399997,0.047928624,0.004528627,test,Ion-family,Family,E,Surface tension multi-split parity plot,True
5378,1-(3-aminopropyl)-3-methyl-1H-imidazolium tetrafluoroborate,Cn1cc[n+](CCCN)c1.F[B-](F)(F)F,353.15,,SurfaceTension,0.0431,0.047559462,0.004459463,test,Ion-family,Family,E,Surface tension multi-split parity plot,True
3210,1-butyl-3-methylimidazolium bis(perfluoroethylsulfonyl)imide,CCCC[n+]1ccn(C)c1.O=S(=O)([N-]S(=O)(=O)C(F)(F)C(F)(F)F)C(F)(F)C(F)(F)F,297.0,,SurfaceTension,0.0317,0.03340825,0.0017082505,test,Ion-family,Family,E,Surface tension multi-split parity plot,True
5450,1-butyl-3-methylimidazolium dihydrogenphosphate,P(=O)(O)(O)[O-].C(CCC)N1C=[N+](C=C1)C,288.15,,SurfaceTension,0.044200003,0.04472673,0.00052672625,test,Ion-family,Family,E,Surface tension multi-split parity plot,True
5452,1-butyl-3-methylimidazolium dihydrogenphosphate,P(=O)(O)(O)[O-].C(CCC)N1C=[N+](C=C1)C,293.15,,SurfaceTension,0.0439,0.044142865,0.00024286285,test,Ion-family,Family,E,Surface tension multi-split parity plot,True
5454,1-butyl-3-methylimidazolium dihydrogenphosphate,P(=O)(O)(O)[O-].C(CCC)N1C=[N+](C=C1)C,298.15,,SurfaceTension,0.043600004,0.04356238,3.7625432e-05,test,Ion-family,Family,E,Surface tension multi-split parity plot,True
5456,1-butyl-3-methylimidazolium dihydrogenphosphate,P(=O)(O)(O)[O-].C(CCC)N1C=[N+](C=C1)C,303.15,,SurfaceTension,0.043199997,0.04298516,0.00021483749,test,Ion-family,Family,E,Surface tension multi-split parity plot,True
5458,1-butyl-3-methylimidazolium dihydrogenphosphate,P(=O)(O)(O)[O-].C(CCC)N1C=[N+](C=C1)C,308.15,,SurfaceTension,0.042900003,0.042411566,0.0004884377,test,Ion-family,Family,E,Surface tension multi-split parity plot,True
5460,1-butyl-3-methylimidazolium dihydrogenphosphate,P(=O)(O)(O)[O-].C(CCC)N1C=[N+](C=C1)C,313.15,,SurfaceTension,0.042600006,0.041842304,0.0007577017,test,Ion-family,Family,E,Surface tension multi-split parity plot,True
5462,1-butyl-3-methylimidazolium dihydrogenphosphate,P(=O)(O)(O)[O-].C(CCC)N1C=[N+](C=C1)C,318.15,,SurfaceTension,0.0423,0.041278284,0.0010217167,test,Ion-family,Family,E,Surface tension multi-split parity plot,True
5464,1-butyl-3-methylimidazolium dihydrogenphosphate,P(=O)(O)(O)[O-].C(CCC)N1C=[N+](C=C1)C,323.15,,SurfaceTension,0.041999996,0.040720403,0.0012795925,test,Ion-family,Family,E,Surface tension multi-split parity plot,True
5466,1-butyl-3-methylimidazolium dihydrogenphosphate,P(=O)(O)(O)[O-].C(CCC)N1C=[N+](C=C1)C,328.15,,SurfaceTension,0.041700006,0.04016927,0.0015307367,test,Ion-family,Family,E,Surface tension multi-split parity plot,True
5468,1-butyl-3-methylimidazolium dihydrogenphosphate,P(=O)(O)(O)[O-].C(CCC)N1C=[N+](C=C1)C,333.15,,SurfaceTension,0.041400008,0.03962495,0.0017750561,test,Ion-family,Family,E,Surface tension multi-split parity plot,True
5470,1-butyl-3-methylimidazolium dihydrogenphosphate,P(=O)(O)(O)[O-].C(CCC)N1C=[N+](C=C1)C,338.15,,SurfaceTension,0.0411,0.039086822,0.0020131767,test,Ion-family,Family,E,Surface tension multi-split parity plot,True
5472,1-butyl-3-methylimidazolium dihydrogenphosphate,P(=O)(O)(O)[O-].C(CCC)N1C=[N+](C=C1)C,343.15,,SurfaceTension,0.0408,0.038553543,0.002246458,test,Ion-family,Family,E,Surface tension multi-split parity plot,True
3268,1-butyl-3-methylimidazolium perchlorate,CCCC[n+]1ccn(C)c1.[O-]Cl(=O)(=O)=O,293.15,,SurfaceTension,0.04379,0.04702918,0.0032391772,test,Ion-family,Family,E,Surface tension multi-split parity plot,True
3270,1-butyl-3-methylimidazolium perchlorate,CCCC[n+]1ccn(C)c1.[O-]Cl(=O)(=O)=O,298.15,,SurfaceTension,0.04355,0.046647877,0.003097877,test,Ion-family,Family,E,Surface tension multi-split parity plot,True
3272,1-butyl-3-methylimidazolium perchlorate,CCCC[n+]1ccn(C)c1.[O-]Cl(=O)(=O)=O,303.15,,SurfaceTension,0.04333,0.046270385,0.0029403865,test,Ion-family,Family,E,Surface tension multi-split parity plot,True
3274,1-butyl-3-methylimidazolium perchlorate,CCCC[n+]1ccn(C)c1.[O-]Cl(=O)(=O)=O,308.15,,SurfaceTension,0.04325,0.04589621,0.0026462115,test,Ion-family,Family,E,Surface tension multi-split parity plot,True
3276,1-butyl-3-methylimidazolium perchlorate,CCCC[n+]1ccn(C)c1.[O-]Cl(=O)(=O)=O,313.15,,SurfaceTension,0.04303001,0.045524873,0.0024948642,test,Ion-family,Family,E,Surface tension multi-split parity plot,True
3278,1-butyl-3-methylimidazolium perchlorate,CCCC[n+]1ccn(C)c1.[O-]Cl(=O)(=O)=O,318.15,,SurfaceTension,0.04295,0.04515591,0.0022059083,test,Ion-family,Family,E,Surface tension multi-split parity plot,True
3280,1-butyl-3-methylimidazolium perchlorate,CCCC[n+]1ccn(C)c1.[O-]Cl(=O)(=O)=O,323.15,,SurfaceTension,0.04278,0.044788808,0.002008807,test,Ion-family,Family,E,Surface tension multi-split parity plot,True
3282,1-butyl-3-methylimidazolium perchlorate,CCCC[n+]1ccn(C)c1.[O-]Cl(=O)(=O)=O,328.15,,SurfaceTension,0.042650003,0.044423062,0.0017730594,test,Ion-family,Family,E,Surface tension multi-split parity plot,True
3284,1-butyl-3-methylimidazolium perchlorate,CCCC[n+]1ccn(C)c1.[O-]Cl(=O)(=O)=O,333.15,,SurfaceTension,0.042470004,0.04405807,0.0015880652,test,Ion-family,Family,E,Surface tension multi-split parity plot,True
3286,1-butyl-3-methylimidazolium perchlorate,CCCC[n+]1ccn(C)c1.[O-]Cl(=O)(=O)=O,338.15,,SurfaceTension,0.04235,0.043693177,0.0013431758,test,Ion-family,Family,E,Surface tension multi-split parity plot,True
3288,1-butyl-3-methylimidazolium perchlorate,CCCC[n+]1ccn(C)c1.[O-]Cl(=O)(=O)=O,343.15,,SurfaceTension,0.042120002,0.043327596,0.0012075938,test,Ion-family,Family,E,Surface tension multi-split parity plot,True
3290,1-butyl-3-methylimidazolium perchlorate,CCCC[n+]1ccn(C)c1.[O-]Cl(=O)(=O)=O,348.15,,SurfaceTension,0.042049997,0.042960424,0.0009104274,test,Ion-family,Family,E,Surface tension multi-split parity plot,True
3292,1-butyl-3-methylimidazolium perchlorate,CCCC[n+]1ccn(C)c1.[O-]Cl(=O)(=O)=O,353.15,,SurfaceTension,0.041879997,0.042590618,0.0007106215,test,Ion-family,Family,E,Surface tension multi-split parity plot,True
3294,1-butyl-3-methylimidazolium phenolate,CCCC[n+]1ccn(C)c1.[O-]c1ccccc1,293.15,,SurfaceTension,0.040499996,0.043865215,0.0033652186,test,Ion-family,Family,E,Surface tension multi-split parity plot,True
3296,1-butyl-3-methylimidazolium phenolate,CCCC[n+]1ccn(C)c1.[O-]c1ccccc1,303.15,,SurfaceTension,0.039799996,0.04314943,0.0033494346,test,Ion-family,Family,E,Surface tension multi-split parity plot,True
3299,1-butyl-3-methylimidazolium phenolate,CCCC[n+]1ccn(C)c1.[O-]c1ccccc1,313.15,,SurfaceTension,0.0392,0.042444848,0.003244847,test,Ion-family,Family,E,Surface tension multi-split parity plot,True
3302,1-butyl-3-methylimidazolium phenolate,CCCC[n+]1ccn(C)c1.[O-]c1ccccc1,323.15,,SurfaceTension,0.038499996,0.041744385,0.0032443888,test,Ion-family,Family,E,Surface tension multi-split parity plot,True
3305,1-butyl-3-methylimidazolium phenolate,CCCC[n+]1ccn(C)c1.[O-]c1ccccc1,333.15,,SurfaceTension,0.038400006,0.041041326,0.0026413202,test,Ion-family,Family,E,Surface tension multi-split parity plot,True
3308,1-butyl-3-methylimidazolium phenolate,CCCC[n+]1ccn(C)c1.[O-]c1ccccc1,343.15,,SurfaceTension,0.0379,0.040328518,0.0024285167,test,Ion-family,Family,E,Surface tension multi-split parity plot,True
3311,1-butyl-3-methylimidazolium phenolate,CCCC[n+]1ccn(C)c1.[O-]c1ccccc1,353.15,,SurfaceTension,0.037199996,0.039597724,0.0023977272,test,Ion-family,Family,E,Surface tension multi-split parity plot,True
2507,1-butyl-3-methylimidazolium tetrafluoroborate,CCCC[n+]1ccn(C)c1.F[B-](F)(F)F,278.15,,SurfaceTension,0.045739997,0.04582481,8.4813684e-05,test,Ion-family,Family,E,Surface tension multi-split parity plot,True
2526,1-butyl-3-methylimidazolium tetrafluoroborate,CCCC[n+]1ccn(C)c1.F[B-](F)(F)F,283.15,,SurfaceTension,0.045549996,0.04552531,2.4687499e-05,test,Ion-family,Family,E,Surface tension multi-split parity plot,True
2527,1-butyl-3-methylimidazolium tetrafluoroborate,CCCC[n+]1ccn(C)c1.F[B-](F)(F)F,284.17,,SurfaceTension,0.045289993,0.045464534,0.00017454103,test,Ion-family,Family,E,Surface tension multi-split parity plot,True
2528,1-butyl-3-methylimidazolium tetrafluoroborate,CCCC[n+]1ccn(C)c1.F[B-](F)(F)F,284.25,,SurfaceTension,0.04544,0.045459773,1.977384e-05,test,Ion-family,Family,E,Surface tension multi-split parity plot,True
2541,1-butyl-3-methylimidazolium tetrafluoroborate,CCCC[n+]1ccn(C)c1.F[B-](F)(F)F,288.15,,SurfaceTension,0.04508499,0.04522825,0.00014325976,test,Ion-family,Family,E,Surface tension multi-split parity plot,True
2543,1-butyl-3-methylimidazolium tetrafluoroborate,CCCC[n+]1ccn(C)c1.F[B-](F)(F)F,288.28,,SurfaceTension,0.044980004,0.04522055,0.00024054572,test,Ion-family,Family,E,Surface tension multi-split parity plot,True
2545,1-butyl-3-methylimidazolium tetrafluoroborate,CCCC[n+]1ccn(C)c1.F[B-](F)(F)F,288.35,,SurfaceTension,0.04515,0.0452164,6.6399574e-05,test,Ion-family,Family,E,Surface tension multi-split parity plot,True
2562,1-butyl-3-methylimidazolium tetrafluoroborate,CCCC[n+]1ccn(C)c1.F[B-](F)(F)F,293.0,,SurfaceTension,0.044280004,0.044941615,0.00066161156,test,Ion-family,Family,E,Surface tension multi-split parity plot,True
2569,1-butyl-3-methylimidazolium tetrafluoroborate,CCCC[n+]1ccn(C)c1.F[B-](F)(F)F,293.15,,SurfaceTension,0.044777997,0.044932764,0.00015476719,test,Ion-family,Family,E,Surface tension multi-split parity plot,True
2572,1-butyl-3-methylimidazolium tetrafluoroborate,CCCC[n+]1ccn(C)c1.F[B-](F)(F)F,293.2,,SurfaceTension,0.0448,0.04492982,0.00012982264,test,Ion-family,Family,E,Surface tension multi-split parity plot,True
2573,1-butyl-3-methylimidazolium tetrafluoroborate,CCCC[n+]1ccn(C)c1.F[B-](F)(F)F,293.32,,SurfaceTension,0.044559993,0.044922736,0.0003627427,test,Ion-family,Family,E,Surface tension multi-split parity plot,True
2577,1-butyl-3-methylimidazolium tetrafluoroborate,CCCC[n+]1ccn(C)c1.F[B-](F)(F)F,293.4,,SurfaceTension,0.044600002,0.04491803,0.00031802803,test,Ion-family,Family,E,Surface tension multi-split parity plot,True
2575,1-butyl-3-methylimidazolium tetrafluoroborate,CCCC[n+]1ccn(C)c1.F[B-](F)(F)F,293.48,,SurfaceTension,0.04456999,0.044913303,0.00034331158,test,Ion-family,Family,E,Surface tension multi-split parity plot,True
2578,1-butyl-3-methylimidazolium tetrafluoroborate,CCCC[n+]1ccn(C)c1.F[B-](F)(F)F,293.65,,SurfaceTension,0.044600002,0.04490327,0.00030326843,test,Ion-family,Family,E,Surface tension multi-split parity plot,True
2597,1-butyl-3-methylimidazolium tetrafluoroborate,CCCC[n+]1ccn(C)c1.F[B-](F)(F)F,297.0,,SurfaceTension,0.046899993,0.044705823,0.00219417,test,Ion-family,Family,E,Surface tension multi-split parity plot,True
2603,1-butyl-3-methylimidazolium tetrafluoroborate,CCCC[n+]1ccn(C)c1.F[B-](F)(F)F,298.0,,SurfaceTension,0.04398,0.04464692,0.0006669201,test,Ion-family,Family,E,Surface tension multi-split parity plot,True
2614,1-butyl-3-methylimidazolium tetrafluoroborate,CCCC[n+]1ccn(C)c1.F[B-](F)(F)F,298.1,,SurfaceTension,0.044,0.04464102,0.0006410219,test,Ion-family,Family,E,Surface tension multi-split parity plot,True
2611,1-butyl-3-methylimidazolium tetrafluoroborate,CCCC[n+]1ccn(C)c1.F[B-](F)(F)F,298.15,,SurfaceTension,0.044974446,0.044638082,0.0003363639,test,Ion-family,Family,E,Surface tension multi-split parity plot,True
2620,1-butyl-3-methylimidazolium tetrafluoroborate,CCCC[n+]1ccn(C)c1.F[B-](F)(F)F,298.48,,SurfaceTension,0.04426,0.044618644,0.00035864487,test,Ion-family,Family,E,Surface tension multi-split parity plot,True
2622,1-butyl-3-methylimidazolium tetrafluoroborate,CCCC[n+]1ccn(C)c1.F[B-](F)(F)F,298.5,,SurfaceTension,0.044410005,0.044617463,0.00020745769,test,Ion-family,Family,E,Surface tension multi-split parity plot,True
2621,1-butyl-3-methylimidazolium tetrafluoroborate,CCCC[n+]1ccn(C)c1.F[B-](F)(F)F,298.55,,SurfaceTension,0.0439,0.044614516,0.0007145144,test,Ion-family,Family,E,Surface tension multi-split parity plot,True
2647,1-butyl-3-methylimidazolium tetrafluoroborate,CCCC[n+]1ccn(C)c1.F[B-](F)(F)F,303.0,,SurfaceTension,0.043425,0.044352327,0.00092732534,test,Ion-family,Family,E,Surface tension multi-split parity plot,True
2654,1-butyl-3-methylimidazolium tetrafluoroborate,CCCC[n+]1ccn(C)c1.F[B-](F)(F)F,303.15,,SurfaceTension,0.044068575,0.044343483,0.0002749078,test,Ion-family,Family,E,Surface tension multi-split parity plot,True
2661,1-butyl-3-methylimidazolium tetrafluoroborate,CCCC[n+]1ccn(C)c1.F[B-](F)(F)F,303.2,,SurfaceTension,0.0441,0.044340536,0.00024053454,test,Ion-family,Family,E,Surface tension multi-split parity plot,True
2662,1-butyl-3-methylimidazolium tetrafluoroborate,CCCC[n+]1ccn(C)c1.F[B-](F)(F)F,303.35,,SurfaceTension,0.043800004,0.04433169,0.0005316846,test,Ion-family,Family,E,Surface tension multi-split parity plot,True
2663,1-butyl-3-methylimidazolium tetrafluoroborate,CCCC[n+]1ccn(C)c1.F[B-](F)(F)F,303.41,,SurfaceTension,0.04384,0.044328146,0.00048814714,test,Ion-family,Family,E,Surface tension multi-split parity plot,True
2665,1-butyl-3-methylimidazolium tetrafluoroborate,CCCC[n+]1ccn(C)c1.F[B-](F)(F)F,303.5,,SurfaceTension,0.043800004,0.04432284,0.00052283704,test,Ion-family,Family,E,Surface tension multi-split parity plot,True
2664,1-butyl-3-methylimidazolium tetrafluoroborate,CCCC[n+]1ccn(C)c1.F[B-](F)(F)F,303.51,,SurfaceTension,0.044050004,0.04432225,0.00027224422,test,Ion-family,Family,E,Surface tension multi-split parity plot,True
2687,1-butyl-3-methylimidazolium tetrafluoroborate,CCCC[n+]1ccn(C)c1.F[B-](F)(F)F,307.9,,SurfaceTension,0.04456999,0.044063132,0.0005068593,test,Ion-family,Family,E,Surface tension multi-split parity plot,True
2691,1-butyl-3-methylimidazolium tetrafluoroborate,CCCC[n+]1ccn(C)c1.F[B-](F)(F)F,308.0,,SurfaceTension,0.04245,0.04405722,0.0016072206,test,Ion-family,Family,E,Surface tension multi-split parity plot,True
2698,1-butyl-3-methylimidazolium tetrafluoroborate,CCCC[n+]1ccn(C)c1.F[B-](F)(F)F,308.15,,SurfaceTension,0.044015,0.044048358,3.335625e-05,test,Ion-family,Family,E,Surface tension multi-split parity plot,True
2702,1-butyl-3-methylimidazolium tetrafluoroborate,CCCC[n+]1ccn(C)c1.F[B-](F)(F)F,308.38,,SurfaceTension,0.043680005,0.044034757,0.00035475194,test,Ion-family,Family,E,Surface tension multi-split parity plot,True
2703,1-butyl-3-methylimidazolium tetrafluoroborate,CCCC[n+]1ccn(C)c1.F[B-](F)(F)F,308.42,,SurfaceTension,0.043630004,0.044032395,0.00040239096,test,Ion-family,Family,E,Surface tension multi-split parity plot,True
2715,1-butyl-3-methylimidazolium tetrafluoroborate,CCCC[n+]1ccn(C)c1.F[B-](F)(F)F,312.65,,SurfaceTension,0.04358,0.043781847,0.0002018474,test,Ion-family,Family,E,Surface tension multi-split parity plot,True
2719,1-butyl-3-methylimidazolium tetrafluoroborate,CCCC[n+]1ccn(C)c1.F[B-](F)(F)F,312.7,,SurfaceTension,0.0433,0.043778874,0.0004788749,test,Ion-family,Family,E,Surface tension multi-split parity plot,True
2720,1-butyl-3-methylimidazolium tetrafluoroborate,CCCC[n+]1ccn(C)c1.F[B-](F)(F)F,312.85,,SurfaceTension,0.0433,0.04376997,0.00046997145,test,Ion-family,Family,E,Surface tension multi-split parity plot,True
2723,1-butyl-3-methylimidazolium tetrafluoroborate,CCCC[n+]1ccn(C)c1.F[B-](F)(F)F,312.95,,SurfaceTension,0.043199997,0.043764032,0.000564035,test,Ion-family,Family,E,Surface tension multi-split parity plot,True
2727,1-butyl-3-methylimidazolium tetrafluoroborate,CCCC[n+]1ccn(C)c1.F[B-](F)(F)F,313.0,,SurfaceTension,0.042633332,0.04376107,0.0011277385,test,Ion-family,Family,E,Surface tension multi-split parity plot,True
2732,1-butyl-3-methylimidazolium tetrafluoroborate,CCCC[n+]1ccn(C)c1.F[B-](F)(F)F,313.15,,SurfaceTension,0.043405004,0.04375216,0.00034715608,test,Ion-family,Family,E,Surface tension multi-split parity plot,True
2739,1-butyl-3-methylimidazolium tetrafluoroborate,CCCC[n+]1ccn(C)c1.F[B-](F)(F)F,313.2,,SurfaceTension,0.043500002,0.043749187,0.00024918467,test,Ion-family,Family,E,Surface tension multi-split parity plot,True
2742,1-butyl-3-methylimidazolium tetrafluoroborate,CCCC[n+]1ccn(C)c1.F[B-](F)(F)F,313.73,,SurfaceTension,0.04321,0.04371772,0.0005077198,test,Ion-family,Family,E,Surface tension multi-split parity plot,True
2743,1-butyl-3-methylimidazolium tetrafluoroborate,CCCC[n+]1ccn(C)c1.F[B-](F)(F)F,313.79,,SurfaceTension,0.04321,0.043714143,0.00050414354,test,Ion-family,Family,E,Surface tension multi-split parity plot,True
2757,1-butyl-3-methylimidazolium tetrafluoroborate,CCCC[n+]1ccn(C)c1.F[B-](F)(F)F,317.9,,SurfaceTension,0.043909997,0.043469377,0.0004406199,test,Ion-family,Family,E,Surface tension multi-split parity plot,True
2760,1-butyl-3-methylimidazolium tetrafluoroborate,CCCC[n+]1ccn(C)c1.F[B-](F)(F)F,318.0,,SurfaceTension,0.041550003,0.043463405,0.0019134022,test,Ion-family,Family,E,Surface tension multi-split parity plot,True
2766,1-butyl-3-methylimidazolium tetrafluoroborate,CCCC[n+]1ccn(C)c1.F[B-](F)(F)F,318.15,,SurfaceTension,0.043307144,0.043454446,0.0001473017,test,Ion-family,Family,E,Surface tension multi-split parity plot,True
2771,1-butyl-3-methylimidazolium tetrafluoroborate,CCCC[n+]1ccn(C)c1.F[B-](F)(F)F,318.19,,SurfaceTension,0.04319,0.04345206,0.000262063,test,Ion-family,Family,E,Surface tension multi-split parity plot,True
2785,1-butyl-3-methylimidazolium tetrafluoroborate,CCCC[n+]1ccn(C)c1.F[B-](F)(F)F,322.15,,SurfaceTension,0.042900003,0.043214902,0.0003148988,test,Ion-family,Family,E,Surface tension multi-split parity plot,True
2786,1-butyl-3-methylimidazolium tetrafluoroborate,CCCC[n+]1ccn(C)c1.F[B-](F)(F)F,322.3,,SurfaceTension,0.042500008,0.0432059,0.00070589036,test,Ion-family,Family,E,Surface tension multi-split parity plot,True
2787,1-butyl-3-methylimidazolium tetrafluoroborate,CCCC[n+]1ccn(C)c1.F[B-](F)(F)F,322.55,,SurfaceTension,0.042500008,0.043190885,0.00069087744,test,Ion-family,Family,E,Surface tension multi-split parity plot,True
2788,1-butyl-3-methylimidazolium tetrafluoroborate,CCCC[n+]1ccn(C)c1.F[B-](F)(F)F,322.65,,SurfaceTension,0.042500008,0.04318487,0.0006848611,test,Ion-family,Family,E,Surface tension multi-split parity plot,True
2798,1-butyl-3-methylimidazolium tetrafluoroborate,CCCC[n+]1ccn(C)c1.F[B-](F)(F)F,323.0,,SurfaceTension,0.041900005,0.043163832,0.0012638271,test,Ion-family,Family,E,Surface tension multi-split parity plot,True
2792,1-butyl-3-methylimidazolium tetrafluoroborate,CCCC[n+]1ccn(C)c1.F[B-](F)(F)F,323.01,,SurfaceTension,0.042839997,0.04316322,0.0003232248,test,Ion-family,Family,E,Surface tension multi-split parity plot,True
2793,1-butyl-3-methylimidazolium tetrafluoroborate,CCCC[n+]1ccn(C)c1.F[B-](F)(F)F,323.03,,SurfaceTension,0.042579997,0.04316202,0.00058202446,test,Ion-family,Family,E,Surface tension multi-split parity plot,True
2805,1-butyl-3-methylimidazolium tetrafluoroborate,CCCC[n+]1ccn(C)c1.F[B-](F)(F)F,323.15,,SurfaceTension,0.04290166,0.04315481,0.00025314838,test,Ion-family,Family,E,Surface tension multi-split parity plot,True
2813,1-butyl-3-methylimidazolium tetrafluoroborate,CCCC[n+]1ccn(C)c1.F[B-](F)(F)F,323.2,,SurfaceTension,0.042600006,0.043151803,0.00055179745,test,Ion-family,Family,E,Surface tension multi-split parity plot,True
2821,1-butyl-3-methylimidazolium tetrafluoroborate,CCCC[n+]1ccn(C)c1.F[B-](F)(F)F,327.8,,SurfaceTension,0.04246,0.04287407,0.00041407347,test,Ion-family,Family,E,Surface tension multi-split parity plot,True
2822,1-butyl-3-methylimidazolium tetrafluoroborate,CCCC[n+]1ccn(C)c1.F[B-](F)(F)F,327.9,,SurfaceTension,0.042619996,0.04286801,0.00024801493,test,Ion-family,Family,E,Surface tension multi-split parity plot,True
2827,1-butyl-3-methylimidazolium tetrafluoroborate,CCCC[n+]1ccn(C)c1.F[B-](F)(F)F,328.0,,SurfaceTension,0.041800003,0.042861953,0.0010619499,test,Ion-family,Family,E,Surface tension multi-split parity plot,True
2832,1-butyl-3-methylimidazolium tetrafluoroborate,CCCC[n+]1ccn(C)c1.F[B-](F)(F)F,328.15,,SurfaceTension,0.042642497,0.042852856,0.00021035969,test,Ion-family,Family,E,Surface tension multi-split parity plot,True
2839,1-butyl-3-methylimidazolium tetrafluoroborate,CCCC[n+]1ccn(C)c1.F[B-](F)(F)F,328.4,,SurfaceTension,0.043150004,0.042837687,0.00031231716,test,Ion-family,Family,E,Surface tension multi-split parity plot,True
2844,1-butyl-3-methylimidazolium tetrafluoroborate,CCCC[n+]1ccn(C)c1.F[B-](F)(F)F,331.45,,SurfaceTension,0.042269997,0.04265213,0.00038213283,test,Ion-family,Family,E,Surface tension multi-split parity plot,True
2847,1-butyl-3-methylimidazolium tetrafluoroborate,CCCC[n+]1ccn(C)c1.F[B-](F)(F)F,332.0,,SurfaceTension,0.0421,0.042618543,0.0005185418,test,Ion-family,Family,E,Surface tension multi-split parity plot,True
2848,1-butyl-3-methylimidazolium tetrafluoroborate,CCCC[n+]1ccn(C)c1.F[B-](F)(F)F,332.25,,SurfaceTension,0.0421,0.042603277,0.00050327554,test,Ion-family,Family,E,Surface tension multi-split parity plot,True
2858,1-butyl-3-methylimidazolium tetrafluoroborate,CCCC[n+]1ccn(C)c1.F[B-](F)(F)F,333.0,,SurfaceTension,0.0421,0.042557407,0.00045740604,test,Ion-family,Family,E,Surface tension multi-split parity plot,True
2860,1-butyl-3-methylimidazolium tetrafluoroborate,CCCC[n+]1ccn(C)c1.F[B-](F)(F)F,333.11,,SurfaceTension,0.042150002,0.042550668,0.00040066615,test,Ion-family,Family,E,Surface tension multi-split parity plot,True
2861,1-butyl-3-methylimidazolium tetrafluoroborate,CCCC[n+]1ccn(C)c1.F[B-](F)(F)F,333.12,,SurfaceTension,0.042070005,0.04255006,0.0004800558,test,Ion-family,Family,E,Surface tension multi-split parity plot,True
2866,1-butyl-3-methylimidazolium tetrafluoroborate,CCCC[n+]1ccn(C)c1.F[B-](F)(F)F,333.15,,SurfaceTension,0.042117503,0.042548224,0.0004307218,test,Ion-family,Family,E,Surface tension multi-split parity plot,True
2880,1-butyl-3-methylimidazolium tetrafluoroborate,CCCC[n+]1ccn(C)c1.F[B-](F)(F)F,336.0,,SurfaceTension,0.038400006,0.042373233,0.003973227,test,Ion-family,Family,E,Surface tension multi-split parity plot,True
2883,1-butyl-3-methylimidazolium tetrafluoroborate,CCCC[n+]1ccn(C)c1.F[B-](F)(F)F,337.64,,SurfaceTension,0.04196001,0.042272046,0.00031203777,test,Ion-family,Family,E,Surface tension multi-split parity plot,True
2884,1-butyl-3-methylimidazolium tetrafluoroborate,CCCC[n+]1ccn(C)c1.F[B-](F)(F)F,337.65,,SurfaceTension,0.04178,0.042271428,0.0004914291,test,Ion-family,Family,E,Surface tension multi-split parity plot,True
2889,1-butyl-3-methylimidazolium tetrafluoroborate,CCCC[n+]1ccn(C)c1.F[B-](F)(F)F,338.0,,SurfaceTension,0.041199997,0.04224978,0.0010497831,test,Ion-family,Family,E,Surface tension multi-split parity plot,True
2895,1-butyl-3-methylimidazolium tetrafluoroborate,CCCC[n+]1ccn(C)c1.F[B-](F)(F)F,338.15,,SurfaceTension,0.041950006,0.0422405,0.0002904944,test,Ion-family,Family,E,Surface tension multi-split parity plot,True
2900,1-butyl-3-methylimidazolium tetrafluoroborate,CCCC[n+]1ccn(C)c1.F[B-](F)(F)F,338.4,,SurfaceTension,0.042490005,0.042225026,0.0002649799,test,Ion-family,Family,E,Surface tension multi-split parity plot,True
2909,1-butyl-3-methylimidazolium tetrafluoroborate,CCCC[n+]1ccn(C)c1.F[B-](F)(F)F,341.35,,SurfaceTension,0.041640002,0.04204173,0.00040172786,test,Ion-family,Family,E,Surface tension multi-split parity plot,True
2910,1-butyl-3-methylimidazolium tetrafluoroborate,CCCC[n+]1ccn(C)c1.F[B-](F)(F)F,341.7,,SurfaceTension,0.0421,0.042019892,8.010864e-05,test,Ion-family,Family,E,Surface tension multi-split parity plot,True
2911,1-butyl-3-methylimidazolium tetrafluoroborate,CCCC[n+]1ccn(C)c1.F[B-](F)(F)F,341.95,,SurfaceTension,0.041999996,0.042004287,4.2915344e-06,test,Ion-family,Family,E,Surface tension multi-split parity plot,True
2912,1-butyl-3-methylimidazolium tetrafluoroborate,CCCC[n+]1ccn(C)c1.F[B-](F)(F)F,342.32,,SurfaceTension,0.04171,0.041981168,0.0002711676,test,Ion-family,Family,E,Surface tension multi-split parity plot,True
2913,1-butyl-3-methylimidazolium tetrafluoroborate,CCCC[n+]1ccn(C)c1.F[B-](F)(F)F,342.4,,SurfaceTension,0.04156,0.04197616,0.00041615963,test,Ion-family,Family,E,Surface tension multi-split parity plot,True
2920,1-butyl-3-methylimidazolium tetrafluoroborate,CCCC[n+]1ccn(C)c1.F[B-](F)(F)F,343.0,,SurfaceTension,0.04165,0.041938618,0.00028861687,test,Ion-family,Family,E,Surface tension multi-split parity plot,True
2928,1-butyl-3-methylimidazolium tetrafluoroborate,CCCC[n+]1ccn(C)c1.F[B-](F)(F)F,343.1,,SurfaceTension,0.042170003,0.04193236,0.00023764372,test,Ion-family,Family,E,Surface tension multi-split parity plot,True
2925,1-butyl-3-methylimidazolium tetrafluoroborate,CCCC[n+]1ccn(C)c1.F[B-](F)(F)F,343.15,,SurfaceTension,0.04178,0.041929234,0.00014923513,test,Ion-family,Family,E,Surface tension multi-split parity plot,True
2942,1-butyl-3-methylimidazolium tetrafluoroborate,CCCC[n+]1ccn(C)c1.F[B-](F)(F)F,348.0,,SurfaceTension,0.040700004,0.041623402,0.0009233989,test,Ion-family,Family,E,Surface tension multi-split parity plot,True
2954,1-butyl-3-methylimidazolium tetrafluoroborate,CCCC[n+]1ccn(C)c1.F[B-](F)(F)F,348.62,,SurfaceTension,0.041160006,0.041583996,0.0004239902,test,Ion-family,Family,E,Surface tension multi-split parity plot,True
2955,1-butyl-3-methylimidazolium tetrafluoroborate,CCCC[n+]1ccn(C)c1.F[B-](F)(F)F,348.74,,SurfaceTension,0.0413,0.041576363,0.0002763644,test,Ion-family,Family,E,Surface tension multi-split parity plot,True
2963,1-butyl-3-methylimidazolium tetrafluoroborate,CCCC[n+]1ccn(C)c1.F[B-](F)(F)F,351.23,,SurfaceTension,0.040890004,0.041417312,0.0005273074,test,Ion-family,Family,E,Surface tension multi-split parity plot,True
2964,1-butyl-3-methylimidazolium tetrafluoroborate,CCCC[n+]1ccn(C)c1.F[B-](F)(F)F,351.3,,SurfaceTension,0.041000005,0.04141282,0.00041281432,test,Ion-family,Family,E,Surface tension multi-split parity plot,True
2965,1-butyl-3-methylimidazolium tetrafluoroborate,CCCC[n+]1ccn(C)c1.F[B-](F)(F)F,351.44,,SurfaceTension,0.040849995,0.041403834,0.0005538389,test,Ion-family,Family,E,Surface tension multi-split parity plot,True
2966,1-butyl-3-methylimidazolium tetrafluoroborate,CCCC[n+]1ccn(C)c1.F[B-](F)(F)F,351.55,,SurfaceTension,0.041000005,0.041396778,0.00039677322,test,Ion-family,Family,E,Surface tension multi-split parity plot,True
2975,1-butyl-3-methylimidazolium tetrafluoroborate,CCCC[n+]1ccn(C)c1.F[B-](F)(F)F,353.0,,SurfaceTension,0.041050006,0.041303474,0.00025346875,test,Ion-family,Family,E,Surface tension multi-split parity plot,True
2990,1-butyl-3-methylimidazolium tetrafluoroborate,CCCC[n+]1ccn(C)c1.F[B-](F)(F)F,358.0,,SurfaceTension,0.040199995,0.040978134,0.00077813864,test,Ion-family,Family,E,Surface tension multi-split parity plot,True
3002,1-butyl-3-methylimidazolium tetrafluoroborate,CCCC[n+]1ccn(C)c1.F[B-](F)(F)F,360.7,,SurfaceTension,0.0403,0.040799897,0.0004998967,test,Ion-family,Family,E,Surface tension multi-split parity plot,True
3003,1-butyl-3-methylimidazolium tetrafluoroborate,CCCC[n+]1ccn(C)c1.F[B-](F)(F)F,360.95,,SurfaceTension,0.0403,0.040783305,0.00048330426,test,Ion-family,Family,E,Surface tension multi-split parity plot,True
3008,1-butyl-3-methylimidazolium tetrafluoroborate,CCCC[n+]1ccn(C)c1.F[B-](F)(F)F,363.0,,SurfaceTension,0.039799996,0.04064653,0.00084653497,test,Ion-family,Family,E,Surface tension multi-split parity plot,True
3022,1-butyl-3-methylimidazolium tetrafluoroborate,CCCC[n+]1ccn(C)c1.F[B-](F)(F)F,368.0,,SurfaceTension,0.039499998,0.040307734,0.00080773607,test,Ion-family,Family,E,Surface tension multi-split parity plot,True
3028,1-butyl-3-methylimidazolium tetrafluoroborate,CCCC[n+]1ccn(C)c1.F[B-](F)(F)F,373.0,,SurfaceTension,0.0392,0.039960735,0.0007607341,test,Ion-family,Family,E,Surface tension multi-split parity plot,True
3035,1-butyl-3-methylimidazolium tetrafluoroborate,CCCC[n+]1ccn(C)c1.F[B-](F)(F)F,378.0,,SurfaceTension,0.039,0.039604455,0.0006044544,test,Ion-family,Family,E,Surface tension multi-split parity plot,True
3041,1-butyl-3-methylimidazolium tetrafluoroborate,CCCC[n+]1ccn(C)c1.F[B-](F)(F)F,383.0,,SurfaceTension,0.038799997,0.039237786,0.00043778867,test,Ion-family,Family,E,Surface tension multi-split parity plot,True
3045,1-butyl-3-methylimidazolium tetrafluoroborate,CCCC[n+]1ccn(C)c1.F[B-](F)(F)F,388.0,,SurfaceTension,0.038499996,0.03885964,0.00035964325,test,Ion-family,Family,E,Surface tension multi-split parity plot,True
3051,1-butyl-3-methylimidazolium tetrafluoroborate,CCCC[n+]1ccn(C)c1.F[B-](F)(F)F,393.0,,SurfaceTension,0.038199995,0.03846893,0.00026893616,test,Ion-family,Family,E,Surface tension multi-split parity plot,True
3488,1-butyl-3-methylimidazolium tris(pentafluoroethyl)trifluorophosphate,CCCCn1cc[n+](C)c1.FC(F)(F)C(F)(F)[P-](F)(F)(F)(C(F)(F)C(F)(F)F)C(F)(F)C(F)(F)F,279.09,,SurfaceTension,0.033550005,0.03742552,0.0038755164,test,Ion-family,Family,E,Surface tension multi-split parity plot,True
3490,1-butyl-3-methylimidazolium tris(pentafluoroethyl)trifluorophosphate,CCCCn1cc[n+](C)c1.FC(F)(F)C(F)(F)[P-](F)(F)(F)(C(F)(F)C(F)(F)F)C(F)(F)C(F)(F)F,279.12,,SurfaceTension,0.033460002,0.03742423,0.0039642267,test,Ion-family,Family,E,Surface tension multi-split parity plot,True
3506,1-butyl-3-methylimidazolium tris(pentafluoroethyl)trifluorophosphate,CCCCn1cc[n+](C)c1.FC(F)(F)C(F)(F)[P-](F)(F)(F)(C(F)(F)C(F)(F)F)C(F)(F)C(F)(F)F,283.18,,SurfaceTension,0.033310004,0.03725116,0.003941156,test,Ion-family,Family,E,Surface tension multi-split parity plot,True
3507,1-butyl-3-methylimidazolium tris(pentafluoroethyl)trifluorophosphate,CCCCn1cc[n+](C)c1.FC(F)(F)C(F)(F)[P-](F)(F)(F)(C(F)(F)C(F)(F)F)C(F)(F)C(F)(F)F,283.33,,SurfaceTension,0.03302,0.037244815,0.0042248145,test,Ion-family,Family,E,Surface tension multi-split parity plot,True
3520,1-butyl-3-methylimidazolium tris(pentafluoroethyl)trifluorophosphate,CCCCn1cc[n+](C)c1.FC(F)(F)C(F)(F)[P-](F)(F)(F)(C(F)(F)C(F)(F)F)C(F)(F)C(F)(F)F,288.28,,SurfaceTension,0.033099998,0.03703704,0.0039370432,test,Ion-family,Family,E,Surface tension multi-split parity plot,True
3521,1-butyl-3-methylimidazolium tris(pentafluoroethyl)trifluorophosphate,CCCCn1cc[n+](C)c1.FC(F)(F)C(F)(F)[P-](F)(F)(F)(C(F)(F)C(F)(F)F)C(F)(F)C(F)(F)F,288.35,,SurfaceTension,0.032960005,0.03703412,0.0040741153,test,Ion-family,Family,E,Surface tension multi-split parity plot,True
3535,1-butyl-3-methylimidazolium tris(pentafluoroethyl)trifluorophosphate,CCCCn1cc[n+](C)c1.FC(F)(F)C(F)(F)[P-](F)(F)(F)(C(F)(F)C(F)(F)F)C(F)(F)C(F)(F)F,293.16,,SurfaceTension,0.032830004,0.036833607,0.004003603,test,Ion-family,Family,E,Surface tension multi-split parity plot,True
3537,1-butyl-3-methylimidazolium tris(pentafluoroethyl)trifluorophosphate,CCCCn1cc[n+](C)c1.FC(F)(F)C(F)(F)[P-](F)(F)(F)(C(F)(F)C(F)(F)F)C(F)(F)C(F)(F)F,293.26,,SurfaceTension,0.03273,0.03682943,0.0040994324,test,Ion-family,Family,E,Surface tension multi-split parity plot,True
3555,1-butyl-3-methylimidazolium tris(pentafluoroethyl)trifluorophosphate,CCCCn1cc[n+](C)c1.FC(F)(F)C(F)(F)[P-](F)(F)(F)(C(F)(F)C(F)(F)F)C(F)(F)C(F)(F)F,298.15,,SurfaceTension,0.032580003,0.036624882,0.004044879,test,Ion-family,Family,E,Surface tension multi-split parity plot,True
3559,1-butyl-3-methylimidazolium tris(pentafluoroethyl)trifluorophosphate,CCCCn1cc[n+](C)c1.FC(F)(F)C(F)(F)[P-](F)(F)(F)(C(F)(F)C(F)(F)F)C(F)(F)C(F)(F)F,298.33,,SurfaceTension,0.032489996,0.036617324,0.0041273274,test,Ion-family,Family,E,Surface tension multi-split parity plot,True
3570,1-butyl-3-methylimidazolium tris(pentafluoroethyl)trifluorophosphate,CCCCn1cc[n+](C)c1.FC(F)(F)C(F)(F)[P-](F)(F)(F)(C(F)(F)C(F)(F)F)C(F)(F)C(F)(F)F,302.75,,SurfaceTension,0.032369997,0.03643007,0.004060071,test,Ion-family,Family,E,Surface tension multi-split parity plot,True
3572,1-butyl-3-methylimidazolium tris(pentafluoroethyl)trifluorophosphate,CCCCn1cc[n+](C)c1.FC(F)(F)C(F)(F)[P-](F)(F)(F)(C(F)(F)C(F)(F)F)C(F)(F)C(F)(F)F,302.98,,SurfaceTension,0.03225,0.036420237,0.004170239,test,Ion-family,Family,E,Surface tension multi-split parity plot,True
3592,1-butyl-3-methylimidazolium tris(pentafluoroethyl)trifluorophosphate,CCCCn1cc[n+](C)c1.FC(F)(F)C(F)(F)[P-](F)(F)(F)(C(F)(F)C(F)(F)F)C(F)(F)C(F)(F)F,307.96,,SurfaceTension,0.032180004,0.036204595,0.0040245913,test,Ion-family,Family,E,Surface tension multi-split parity plot,True
3594,1-butyl-3-methylimidazolium tris(pentafluoroethyl)trifluorophosphate,CCCCn1cc[n+](C)c1.FC(F)(F)C(F)(F)[P-](F)(F)(F)(C(F)(F)C(F)(F)F)C(F)(F)C(F)(F)F,308.07,,SurfaceTension,0.03193,0.036199767,0.0042697676,test,Ion-family,Family,E,Surface tension multi-split parity plot,True
3613,1-butyl-3-methylimidazolium tris(pentafluoroethyl)trifluorophosphate,CCCCn1cc[n+](C)c1.FC(F)(F)C(F)(F)[P-](F)(F)(F)(C(F)(F)C(F)(F)F)C(F)(F)C(F)(F)F,313.27,,SurfaceTension,0.03197,0.035967447,0.003997445,test,Ion-family,Family,E,Surface tension multi-split parity plot,True
3615,1-butyl-3-methylimidazolium tris(pentafluoroethyl)trifluorophosphate,CCCCn1cc[n+](C)c1.FC(F)(F)C(F)(F)[P-](F)(F)(F)(C(F)(F)C(F)(F)F)C(F)(F)C(F)(F)F,313.37,,SurfaceTension,0.03161,0.035962895,0.0043528937,test,Ion-family,Family,E,Surface tension multi-split parity plot,True
3625,1-butyl-3-methylimidazolium tris(pentafluoroethyl)trifluorophosphate,CCCCn1cc[n+](C)c1.FC(F)(F)C(F)(F)[P-](F)(F)(F)(C(F)(F)C(F)(F)F)C(F)(F)C(F)(F)F,318.01,,SurfaceTension,0.031529997,0.035747897,0.0042179003,test,Ion-family,Family,E,Surface tension multi-split parity plot,True
3631,1-butyl-3-methylimidazolium tris(pentafluoroethyl)trifluorophosphate,CCCCn1cc[n+](C)c1.FC(F)(F)C(F)(F)[P-](F)(F)(F)(C(F)(F)C(F)(F)F)C(F)(F)C(F)(F)F,318.18,,SurfaceTension,0.03135,0.03573987,0.004389867,test,Ion-family,Family,E,Surface tension multi-split parity plot,True
3645,1-butyl-3-methylimidazolium tris(pentafluoroethyl)trifluorophosphate,CCCCn1cc[n+](C)c1.FC(F)(F)C(F)(F)[P-](F)(F)(F)(C(F)(F)C(F)(F)F)C(F)(F)C(F)(F)F,322.7,,SurfaceTension,0.03132,0.035522208,0.0042022094,test,Ion-family,Family,E,Surface tension multi-split parity plot,True
3646,1-butyl-3-methylimidazolium tris(pentafluoroethyl)trifluorophosphate,CCCCn1cc[n+](C)c1.FC(F)(F)C(F)(F)[P-](F)(F)(F)(C(F)(F)C(F)(F)F)C(F)(F)C(F)(F)F,322.84,,SurfaceTension,0.031049997,0.035515334,0.004465338,test,Ion-family,Family,E,Surface tension multi-split parity plot,True
3669,1-butyl-3-methylimidazolium tris(pentafluoroethyl)trifluorophosphate,CCCCn1cc[n+](C)c1.FC(F)(F)C(F)(F)[P-](F)(F)(F)(C(F)(F)C(F)(F)F)C(F)(F)C(F)(F)F,327.98,,SurfaceTension,0.031019999,0.03525696,0.004236961,test,Ion-family,Family,E,Surface tension multi-split parity plot,True
3670,1-butyl-3-methylimidazolium tris(pentafluoroethyl)trifluorophosphate,CCCCn1cc[n+](C)c1.FC(F)(F)C(F)(F)[P-](F)(F)(F)(C(F)(F)C(F)(F)F)C(F)(F)C(F)(F)F,327.99,,SurfaceTension,0.03075,0.03525644,0.004506441,test,Ion-family,Family,E,Surface tension multi-split parity plot,True
3696,1-butyl-3-methylimidazolium tris(pentafluoroethyl)trifluorophosphate,CCCCn1cc[n+](C)c1.FC(F)(F)C(F)(F)[P-](F)(F)(F)(C(F)(F)C(F)(F)F)C(F)(F)C(F)(F)F,333.41,,SurfaceTension,0.030830003,0.03497098,0.004140977,test,Ion-family,Family,E,Surface tension multi-split parity plot,True
3697,1-butyl-3-methylimidazolium tris(pentafluoroethyl)trifluorophosphate,CCCCn1cc[n+](C)c1.FC(F)(F)C(F)(F)[P-](F)(F)(F)(C(F)(F)C(F)(F)F)C(F)(F)C(F)(F)F,333.42,,SurfaceTension,0.030469999,0.034970436,0.0045004375,test,Ion-family,Family,E,Surface tension multi-split parity plot,True
3714,1-butyl-3-methylimidazolium tris(pentafluoroethyl)trifluorophosphate,CCCCn1cc[n+](C)c1.FC(F)(F)C(F)(F)[P-](F)(F)(F)(C(F)(F)C(F)(F)F)C(F)(F)C(F)(F)F,338.33,,SurfaceTension,0.030609999,0.034699835,0.004089836,test,Ion-family,Family,E,Surface tension multi-split parity plot,True
3715,1-butyl-3-methylimidazolium tris(pentafluoroethyl)trifluorophosphate,CCCCn1cc[n+](C)c1.FC(F)(F)C(F)(F)[P-](F)(F)(F)(C(F)(F)C(F)(F)F)C(F)(F)C(F)(F)F,338.35,,SurfaceTension,0.030150002,0.03469871,0.004548708,test,Ion-family,Family,E,Surface tension multi-split parity plot,True
3737,1-butyl-3-methylimidazolium tris(pentafluoroethyl)trifluorophosphate,CCCCn1cc[n+](C)c1.FC(F)(F)C(F)(F)[P-](F)(F)(F)(C(F)(F)C(F)(F)F)C(F)(F)C(F)(F)F,343.27,,SurfaceTension,0.030190002,0.034415968,0.0042259656,test,Ion-family,Family,E,Surface tension multi-split parity plot,True
3738,1-butyl-3-methylimidazolium tris(pentafluoroethyl)trifluorophosphate,CCCCn1cc[n+](C)c1.FC(F)(F)C(F)(F)[P-](F)(F)(F)(C(F)(F)C(F)(F)F)C(F)(F)C(F)(F)F,343.35,,SurfaceTension,0.02993,0.034411274,0.0044812746,test,Ion-family,Family,E,Surface tension multi-split parity plot,True
3754,1-butyl-3-methylimidazolium tris(pentafluoroethyl)trifluorophosphate,CCCCn1cc[n+](C)c1.FC(F)(F)C(F)(F)[P-](F)(F)(F)(C(F)(F)C(F)(F)F)C(F)(F)C(F)(F)F,348.22,,SurfaceTension,0.030090002,0.03411994,0.004029939,test,Ion-family,Family,E,Surface tension multi-split parity plot,True
3756,1-butyl-3-methylimidazolium tris(pentafluoroethyl)trifluorophosphate,CCCCn1cc[n+](C)c1.FC(F)(F)C(F)(F)[P-](F)(F)(F)(C(F)(F)C(F)(F)F)C(F)(F)C(F)(F)F,348.45,,SurfaceTension,0.029520001,0.03410591,0.0045859106,test,Ion-family,Family,E,Surface tension multi-split parity plot,True
3781,1-butyl-3-methylimidazolium tris(pentafluoroethyl)trifluorophosphate,CCCCn1cc[n+](C)c1.FC(F)(F)C(F)(F)[P-](F)(F)(F)(C(F)(F)C(F)(F)F)C(F)(F)C(F)(F)F,354.54,,SurfaceTension,0.029189996,0.033725634,0.004535638,test,Ion-family,Family,E,Surface tension multi-split parity plot,True
3782,1-butyl-3-methylimidazolium tris(pentafluoroethyl)trifluorophosphate,CCCCn1cc[n+](C)c1.FC(F)(F)C(F)(F)[P-](F)(F)(F)(C(F)(F)C(F)(F)F)C(F)(F)C(F)(F)F,354.56,,SurfaceTension,0.029499998,0.033724353,0.0042243544,test,Ion-family,Family,E,Surface tension multi-split parity plot,True
3168,1-butyl-3-methylimidazolium tris[(trifluoromethyl)sulfonyl]methide,CCCC[n+]1ccn(C)c1.O=S(=O)([C-](S(=O)(=O)C(F)(F)F)S(=O)(=O)C(F)(F)F)C(F)(F)F,298.1,,SurfaceTension,0.0351,0.036163926,0.0010639243,test,Ion-family,Family,E,Surface tension multi-split parity plot,True
2298,1-butyl-3-methylpyridinium trifluoromethanesulfonate,CCCC[n+]1cccc(C)c1.O=S(=O)([O-])C(F)(F)F,293.15,,SurfaceTension,0.038599998,0.037185557,0.0014144406,test,Ion-family,Family,E,Surface tension multi-split parity plot,True
2301,1-butyl-3-methylpyridinium trifluoromethanesulfonate,CCCC[n+]1cccc(C)c1.O=S(=O)([O-])C(F)(F)F,298.15,,SurfaceTension,0.038199995,0.036890514,0.0013094805,test,Ion-family,Family,E,Surface tension multi-split parity plot,True
2303,1-butyl-3-methylpyridinium trifluoromethanesulfonate,CCCC[n+]1cccc(C)c1.O=S(=O)([O-])C(F)(F)F,303.15,,SurfaceTension,0.037499998,0.036588985,0.0009110123,test,Ion-family,Family,E,Surface tension multi-split parity plot,True
2306,1-butyl-3-methylpyridinium trifluoromethanesulfonate,CCCC[n+]1cccc(C)c1.O=S(=O)([O-])C(F)(F)F,308.15,,SurfaceTension,0.037100002,0.036279164,0.0008208379,test,Ion-family,Family,E,Surface tension multi-split parity plot,True
2308,1-butyl-3-methylpyridinium trifluoromethanesulfonate,CCCC[n+]1cccc(C)c1.O=S(=O)([O-])C(F)(F)F,313.15,,SurfaceTension,0.0369,0.03595947,0.00094052777,test,Ion-family,Family,E,Surface tension multi-split parity plot,True
2310,1-butyl-3-methylpyridinium trifluoromethanesulfonate,CCCC[n+]1cccc(C)c1.O=S(=O)([O-])C(F)(F)F,318.15,,SurfaceTension,0.036599997,0.035628587,0.0009714104,test,Ion-family,Family,E,Surface tension multi-split parity plot,True
2312,1-butyl-3-methylpyridinium trifluoromethanesulfonate,CCCC[n+]1cccc(C)c1.O=S(=O)([O-])C(F)(F)F,323.15,,SurfaceTension,0.036200006,0.03528551,0.00091449544,test,Ion-family,Family,E,Surface tension multi-split parity plot,True
2361,1-butylpyridinium trifluoromethanesulfonate,CCCC[n+]1ccccc1.O=S(=O)([O-])C(F)(F)F,298.15,,SurfaceTension,0.03647,0.03789435,0.0014243498,test,Ion-family,Family,E,Surface tension multi-split parity plot,True
2363,1-butylpyridinium trifluoromethanesulfonate,CCCC[n+]1ccccc1.O=S(=O)([O-])C(F)(F)F,300.65,,SurfaceTension,0.03637,0.03774596,0.0013759583,test,Ion-family,Family,E,Surface tension multi-split parity plot,True
2366,1-butylpyridinium trifluoromethanesulfonate,CCCC[n+]1ccccc1.O=S(=O)([O-])C(F)(F)F,303.15,,SurfaceTension,0.036269996,0.03759581,0.0013258122,test,Ion-family,Family,E,Surface tension multi-split parity plot,True
2368,1-butylpyridinium trifluoromethanesulfonate,CCCC[n+]1ccccc1.O=S(=O)([O-])C(F)(F)F,305.65,,SurfaceTension,0.03615001,0.03744365,0.0012936406,test,Ion-family,Family,E,Surface tension multi-split parity plot,True
2372,1-butylpyridinium trifluoromethanesulfonate,CCCC[n+]1ccccc1.O=S(=O)([O-])C(F)(F)F,308.15,,SurfaceTension,0.036039997,0.037289236,0.0012492388,test,Ion-family,Family,E,Surface tension multi-split parity plot,True
2374,1-butylpyridinium trifluoromethanesulfonate,CCCC[n+]1ccccc1.O=S(=O)([O-])C(F)(F)F,310.65,,SurfaceTension,0.03598,0.037132338,0.0011523366,test,Ion-family,Family,E,Surface tension multi-split parity plot,True
2377,1-butylpyridinium trifluoromethanesulfonate,CCCC[n+]1ccccc1.O=S(=O)([O-])C(F)(F)F,313.15,,SurfaceTension,0.03584,0.03697278,0.0011327788,test,Ion-family,Family,E,Surface tension multi-split parity plot,True
2379,1-butylpyridinium trifluoromethanesulfonate,CCCC[n+]1ccccc1.O=S(=O)([O-])C(F)(F)F,315.65,,SurfaceTension,0.03576,0.036810357,0.0010503568,test,Ion-family,Family,E,Surface tension multi-split parity plot,True
2382,1-butylpyridinium trifluoromethanesulfonate,CCCC[n+]1ccccc1.O=S(=O)([O-])C(F)(F)F,318.15,,SurfaceTension,0.035659995,0.036644913,0.0009849183,test,Ion-family,Family,E,Surface tension multi-split parity plot,True
2384,1-butylpyridinium trifluoromethanesulfonate,CCCC[n+]1ccccc1.O=S(=O)([O-])C(F)(F)F,320.65,,SurfaceTension,0.03556,0.036476303,0.0009163022,test,Ion-family,Family,E,Surface tension multi-split parity plot,True
2387,1-butylpyridinium trifluoromethanesulfonate,CCCC[n+]1ccccc1.O=S(=O)([O-])C(F)(F)F,323.15,,SurfaceTension,0.035410002,0.036304414,0.0008944124,test,Ion-family,Family,E,Surface tension multi-split parity plot,True
2389,1-butylpyridinium trifluoromethanesulfonate,CCCC[n+]1ccccc1.O=S(=O)([O-])C(F)(F)F,325.65,,SurfaceTension,0.035329998,0.036129143,0.00079914555,test,Ion-family,Family,E,Surface tension multi-split parity plot,True
2392,1-butylpyridinium trifluoromethanesulfonate,CCCC[n+]1ccccc1.O=S(=O)([O-])C(F)(F)F,328.15,,SurfaceTension,0.035200004,0.03595042,0.000750415,test,Ion-family,Family,E,Surface tension multi-split parity plot,True
2394,1-butylpyridinium trifluoromethanesulfonate,CCCC[n+]1ccccc1.O=S(=O)([O-])C(F)(F)F,330.65,,SurfaceTension,0.035129998,0.035768203,0.00063820556,test,Ion-family,Family,E,Surface tension multi-split parity plot,True
2398,1-butylpyridinium trifluoromethanesulfonate,CCCC[n+]1ccccc1.O=S(=O)([O-])C(F)(F)F,333.15,,SurfaceTension,0.03504,0.035582457,0.00054245815,test,Ion-family,Family,E,Surface tension multi-split parity plot,True
2400,1-butylpyridinium trifluoromethanesulfonate,CCCC[n+]1ccccc1.O=S(=O)([O-])C(F)(F)F,335.65,,SurfaceTension,0.0349,0.035393186,0.00049318746,test,Ion-family,Family,E,Surface tension multi-split parity plot,True
2402,1-butylpyridinium trifluoromethanesulfonate,CCCC[n+]1ccccc1.O=S(=O)([O-])C(F)(F)F,338.15,,SurfaceTension,0.03482,0.03520041,0.00038040802,test,Ion-family,Family,E,Surface tension multi-split parity plot,True
5202,1-butyronitrile-3-methylimidazolium tetrafluoroborate,C[n+]1ccn(CCCC#N)c1.F[B-](F)(F)F,288.15,,SurfaceTension,0.049099997,0.04540098,0.0036990158,test,Ion-family,Family,E,Surface tension multi-split parity plot,True
5205,1-butyronitrile-3-methylimidazolium tetrafluoroborate,C[n+]1ccn(CCCC#N)c1.F[B-](F)(F)F,293.15,,SurfaceTension,0.048699994,0.045011554,0.0036884397,test,Ion-family,Family,E,Surface tension multi-split parity plot,True
5210,1-butyronitrile-3-methylimidazolium tetrafluoroborate,C[n+]1ccn(CCCC#N)c1.F[B-](F)(F)F,298.1,,SurfaceTension,0.0483,0.044626042,0.0036739595,test,Ion-family,Family,E,Surface tension multi-split parity plot,True
5208,1-butyronitrile-3-methylimidazolium tetrafluoroborate,C[n+]1ccn(CCCC#N)c1.F[B-](F)(F)F,298.15,,SurfaceTension,0.0484,0.044622142,0.0037778579,test,Ion-family,Family,E,Surface tension multi-split parity plot,True
5213,1-butyronitrile-3-methylimidazolium tetrafluoroborate,C[n+]1ccn(CCCC#N)c1.F[B-](F)(F)F,303.15,,SurfaceTension,0.0481,0.04423239,0.0038676076,test,Ion-family,Family,E,Surface tension multi-split parity plot,True
5215,1-butyronitrile-3-methylimidazolium tetrafluoroborate,C[n+]1ccn(CCCC#N)c1.F[B-](F)(F)F,308.15,,SurfaceTension,0.04769999,0.043842077,0.0038579144,test,Ion-family,Family,E,Surface tension multi-split parity plot,True
5218,1-butyronitrile-3-methylimidazolium tetrafluoroborate,C[n+]1ccn(CCCC#N)c1.F[B-](F)(F)F,313.15,,SurfaceTension,0.0474,0.043451067,0.0039489344,test,Ion-family,Family,E,Surface tension multi-split parity plot,True
5220,1-butyronitrile-3-methylimidazolium tetrafluoroborate,C[n+]1ccn(CCCC#N)c1.F[B-](F)(F)F,318.15,,SurfaceTension,0.047100004,0.043059327,0.004040677,test,Ion-family,Family,E,Surface tension multi-split parity plot,True
5223,1-butyronitrile-3-methylimidazolium tetrafluoroborate,C[n+]1ccn(CCCC#N)c1.F[B-](F)(F)F,323.15,,SurfaceTension,0.04679999,0.042666864,0.0041331276,test,Ion-family,Family,E,Surface tension multi-split parity plot,True
501,1-decyl-3-methylimidazolium phenolate,CCCCCCCCCC[n+]1ccn(C)c1.[O-]c1ccccc1,293.15,,SurfaceTension,0.02815,0.032546703,0.004396703,test,Ion-family,Family,E,Surface tension multi-split parity plot,True
503,1-decyl-3-methylimidazolium phenolate,CCCCCCCCCC[n+]1ccn(C)c1.[O-]c1ccccc1,303.15,,SurfaceTension,0.027850002,0.031896874,0.0040468723,test,Ion-family,Family,E,Surface tension multi-split parity plot,True
506,1-decyl-3-methylimidazolium phenolate,CCCCCCCCCC[n+]1ccn(C)c1.[O-]c1ccccc1,313.15,,SurfaceTension,0.027520001,0.031250026,0.0037300251,test,Ion-family,Family,E,Surface tension multi-split parity plot,True
509,1-decyl-3-methylimidazolium phenolate,CCCCCCCCCC[n+]1ccn(C)c1.[O-]c1ccccc1,323.15,,SurfaceTension,0.027190002,0.030594012,0.00340401,test,Ion-family,Family,E,Surface tension multi-split parity plot,True
512,1-decyl-3-methylimidazolium phenolate,CCCCCCCCCC[n+]1ccn(C)c1.[O-]c1ccccc1,333.15,,SurfaceTension,0.026860002,0.029919546,0.0030595437,test,Ion-family,Family,E,Surface tension multi-split parity plot,True
515,1-decyl-3-methylimidazolium phenolate,CCCCCCCCCC[n+]1ccn(C)c1.[O-]c1ccccc1,343.15,,SurfaceTension,0.02656,0.0292208,0.0026608016,test,Ion-family,Family,E,Surface tension multi-split parity plot,True
518,1-decyl-3-methylimidazolium phenolate,CCCCCCCCCC[n+]1ccn(C)c1.[O-]c1ccccc1,353.15,,SurfaceTension,0.026129996,0.028495774,0.0023657773,test,Ion-family,Family,E,Surface tension multi-split parity plot,True
426,1-decyl-3-methylimidazolium tetrafluoroborate,CCCCCCCCCC[n+]1ccn(C)c1.F[B-](F)(F)F,283.21,,SurfaceTension,0.030740002,0.034679204,0.003939202,test,Ion-family,Family,E,Surface tension multi-split parity plot,True
428,1-decyl-3-methylimidazolium tetrafluoroborate,CCCCCCCCCC[n+]1ccn(C)c1.F[B-](F)(F)F,287.98,,SurfaceTension,0.03053,0.03434395,0.0038139503,test,Ion-family,Family,E,Surface tension multi-split parity plot,True
429,1-decyl-3-methylimidazolium tetrafluoroborate,CCCCCCCCCC[n+]1ccn(C)c1.F[B-](F)(F)F,288.03,,SurfaceTension,0.03017,0.034340434,0.0041704345,test,Ion-family,Family,E,Surface tension multi-split parity plot,True
432,1-decyl-3-methylimidazolium tetrafluoroborate,CCCCCCCCCC[n+]1ccn(C)c1.F[B-](F)(F)F,293.0,,SurfaceTension,0.023649996,0.033990704,0.010340707,test,Ion-family,Family,E,Surface tension multi-split parity plot,True
435,1-decyl-3-methylimidazolium tetrafluoroborate,CCCCCCCCCC[n+]1ccn(C)c1.F[B-](F)(F)F,293.33,,SurfaceTension,0.030269995,0.033967447,0.0036974512,test,Ion-family,Family,E,Surface tension multi-split parity plot,True
436,1-decyl-3-methylimidazolium tetrafluoroborate,CCCCCCCCCC[n+]1ccn(C)c1.F[B-](F)(F)F,293.46,,SurfaceTension,0.029959999,0.03395828,0.0039982796,test,Ion-family,Family,E,Surface tension multi-split parity plot,True
440,1-decyl-3-methylimidazolium tetrafluoroborate,CCCCCCCCCC[n+]1ccn(C)c1.F[B-](F)(F)F,298.21,,SurfaceTension,0.030109994,0.033622645,0.0035126507,test,Ion-family,Family,E,Surface tension multi-split parity plot,True
441,1-decyl-3-methylimidazolium tetrafluoroborate,CCCCCCCCCC[n+]1ccn(C)c1.F[B-](F)(F)F,298.28,,SurfaceTension,0.029800002,0.03361769,0.0038176887,test,Ion-family,Family,E,Surface tension multi-split parity plot,True
443,1-decyl-3-methylimidazolium tetrafluoroborate,CCCCCCCCCC[n+]1ccn(C)c1.F[B-](F)(F)F,303.14,,SurfaceTension,0.029860001,0.03327216,0.0034121573,test,Ion-family,Family,E,Surface tension multi-split parity plot,True
447,1-decyl-3-methylimidazolium tetrafluoroborate,CCCCCCCCCC[n+]1ccn(C)c1.F[B-](F)(F)F,303.2,,SurfaceTension,0.029619997,0.033267878,0.0036478806,test,Ion-family,Family,E,Surface tension multi-split parity plot,True
448,1-decyl-3-methylimidazolium tetrafluoroborate,CCCCCCCCCC[n+]1ccn(C)c1.F[B-](F)(F)F,308.05,,SurfaceTension,0.029660001,0.03292025,0.0032602474,test,Ion-family,Family,E,Surface tension multi-split parity plot,True
449,1-decyl-3-methylimidazolium tetrafluoroborate,CCCCCCCCCC[n+]1ccn(C)c1.F[B-](F)(F)F,308.07,,SurfaceTension,0.029480003,0.032918815,0.0034388117,test,Ion-family,Family,E,Surface tension multi-split parity plot,True
452,1-decyl-3-methylimidazolium tetrafluoroborate,CCCCCCCCCC[n+]1ccn(C)c1.F[B-](F)(F)F,313.12,,SurfaceTension,0.029449996,0.032553274,0.0031032786,test,Ion-family,Family,E,Surface tension multi-split parity plot,True
454,1-decyl-3-methylimidazolium tetrafluoroborate,CCCCCCCCCC[n+]1ccn(C)c1.F[B-](F)(F)F,313.16,,SurfaceTension,0.029270003,0.032550365,0.003280362,test,Ion-family,Family,E,Surface tension multi-split parity plot,True
457,1-decyl-3-methylimidazolium tetrafluoroborate,CCCCCCCCCC[n+]1ccn(C)c1.F[B-](F)(F)F,318.14,,SurfaceTension,0.029090002,0.03218584,0.0030958392,test,Ion-family,Family,E,Surface tension multi-split parity plot,True
460,1-decyl-3-methylimidazolium tetrafluoroborate,CCCCCCCCCC[n+]1ccn(C)c1.F[B-](F)(F)F,318.22,,SurfaceTension,0.029179998,0.032179948,0.0029999502,test,Ion-family,Family,E,Surface tension multi-split parity plot,True
462,1-decyl-3-methylimidazolium tetrafluoroborate,CCCCCCCCCC[n+]1ccn(C)c1.F[B-](F)(F)F,322.9,,SurfaceTension,0.028889995,0.031833377,0.0029433817,test,Ion-family,Family,E,Surface tension multi-split parity plot,True
461,1-decyl-3-methylimidazolium tetrafluoroborate,CCCCCCCCCC[n+]1ccn(C)c1.F[B-](F)(F)F,322.91,,SurfaceTension,0.028870001,0.03183263,0.0029626302,test,Ion-family,Family,E,Surface tension multi-split parity plot,True
467,1-decyl-3-methylimidazolium tetrafluoroborate,CCCCCCCCCC[n+]1ccn(C)c1.F[B-](F)(F)F,328.39,,SurfaceTension,0.028674997,0.031421762,0.0027467646,test,Ion-family,Family,E,Surface tension multi-split parity plot,True
469,1-decyl-3-methylimidazolium tetrafluoroborate,CCCCCCCCCC[n+]1ccn(C)c1.F[B-](F)(F)F,333.13,,SurfaceTension,0.028480003,0.031061985,0.002581982,test,Ion-family,Family,E,Surface tension multi-split parity plot,True
473,1-decyl-3-methylimidazolium tetrafluoroborate,CCCCCCCCCC[n+]1ccn(C)c1.F[B-](F)(F)F,333.2,,SurfaceTension,0.028440004,0.031056646,0.002616642,test,Ion-family,Family,E,Surface tension multi-split parity plot,True
475,1-decyl-3-methylimidazolium tetrafluoroborate,CCCCCCCCCC[n+]1ccn(C)c1.F[B-](F)(F)F,338.26,,SurfaceTension,0.02828,0.030668143,0.002388144,test,Ion-family,Family,E,Surface tension multi-split parity plot,True
476,1-decyl-3-methylimidazolium tetrafluoroborate,CCCCCCCCCC[n+]1ccn(C)c1.F[B-](F)(F)F,338.28,,SurfaceTension,0.02826,0.030666597,0.0024065971,test,Ion-family,Family,E,Surface tension multi-split parity plot,True
479,1-decyl-3-methylimidazolium tetrafluoroborate,CCCCCCCCCC[n+]1ccn(C)c1.F[B-](F)(F)F,343.17,,SurfaceTension,0.028019998,0.030287107,0.0022671092,test,Ion-family,Family,E,Surface tension multi-split parity plot,True
481,1-decyl-3-methylimidazolium tetrafluoroborate,CCCCCCCCCC[n+]1ccn(C)c1.F[B-](F)(F)F,343.25,,SurfaceTension,0.028120002,0.03028087,0.0021608677,test,Ion-family,Family,E,Surface tension multi-split parity plot,True
484,1-decyl-3-methylimidazolium tetrafluoroborate,CCCCCCCCCC[n+]1ccn(C)c1.F[B-](F)(F)F,348.56,,SurfaceTension,0.027889997,0.029864633,0.0019746367,test,Ion-family,Family,E,Surface tension multi-split parity plot,True
485,1-decyl-3-methylimidazolium tetrafluoroborate,CCCCCCCCCC[n+]1ccn(C)c1.F[B-](F)(F)F,348.57,,SurfaceTension,0.027790003,0.029863847,0.002073845,test,Ion-family,Family,E,Surface tension multi-split parity plot,True
487,1-decyl-3-methylimidazolium tetrafluoroborate,CCCCCCCCCC[n+]1ccn(C)c1.F[B-](F)(F)F,353.03,,SurfaceTension,0.0277,0.029511351,0.0018113516,test,Ion-family,Family,E,Surface tension multi-split parity plot,True
488,1-decyl-3-methylimidazolium tetrafluoroborate,CCCCCCCCCC[n+]1ccn(C)c1.F[B-](F)(F)F,353.07,,SurfaceTension,0.027520001,0.029508177,0.0019881763,test,Ion-family,Family,E,Surface tension multi-split parity plot,True
492,1-decyl-3-methylimidazolium tetrafluoroborate,CCCCCCCCCC[n+]1ccn(C)c1.F[B-](F)(F)F,357.72,,SurfaceTension,0.027550003,0.029138243,0.0015882403,test,Ion-family,Family,E,Surface tension multi-split parity plot,True
493,1-decyl-3-methylimidazolium tetrafluoroborate,CCCCCCCCCC[n+]1ccn(C)c1.F[B-](F)(F)F,357.75,,SurfaceTension,0.027309999,0.029135847,0.0018258486,test,Ion-family,Family,E,Surface tension multi-split parity plot,True
497,1-decyl-3-methylimidazolium tetrafluoroborate,CCCCCCCCCC[n+]1ccn(C)c1.F[B-](F)(F)F,363.98,,SurfaceTension,0.027214997,0.02863714,0.0014221426,test,Ion-family,Family,E,Surface tension multi-split parity plot,True
366,1-dodecyl-3-methylimidazolium tetrafluoroborate,CCCCCCCCCCCC[n+]1ccn(C)c1.F[B-](F)(F)F,327.2,,SurfaceTension,0.025889995,0.029033074,0.0031430796,test,Ion-family,Family,E,Surface tension multi-split parity plot,True
369,1-dodecyl-3-methylimidazolium tetrafluoroborate,CCCCCCCCCCCC[n+]1ccn(C)c1.F[B-](F)(F)F,333.17,,SurfaceTension,0.025790002,0.028612722,0.0028227195,test,Ion-family,Family,E,Surface tension multi-split parity plot,True
371,1-dodecyl-3-methylimidazolium tetrafluoroborate,CCCCCCCCCCCC[n+]1ccn(C)c1.F[B-](F)(F)F,333.2,,SurfaceTension,0.025609998,0.028610587,0.003000589,test,Ion-family,Family,E,Surface tension multi-split parity plot,True
373,1-dodecyl-3-methylimidazolium tetrafluoroborate,CCCCCCCCCCCC[n+]1ccn(C)c1.F[B-](F)(F)F,336.0,,SurfaceTension,0.025200002,0.028410232,0.0032102298,test,Ion-family,Family,E,Surface tension multi-split parity plot,True
376,1-dodecyl-3-methylimidazolium tetrafluoroborate,CCCCCCCCCCCC[n+]1ccn(C)c1.F[B-](F)(F)F,338.0,,SurfaceTension,0.025539998,0.028265955,0.002725957,test,Ion-family,Family,E,Surface tension multi-split parity plot,True
375,1-dodecyl-3-methylimidazolium tetrafluoroborate,CCCCCCCCCCCC[n+]1ccn(C)c1.F[B-](F)(F)F,338.06,,SurfaceTension,0.02559,0.028261611,0.0026716106,test,Ion-family,Family,E,Surface tension multi-split parity plot,True
378,1-dodecyl-3-methylimidazolium tetrafluoroborate,CCCCCCCCCCCC[n+]1ccn(C)c1.F[B-](F)(F)F,342.73,,SurfaceTension,0.025399998,0.027921114,0.0025211163,test,Ion-family,Family,E,Surface tension multi-split parity plot,True
380,1-dodecyl-3-methylimidazolium tetrafluoroborate,CCCCCCCCCCCC[n+]1ccn(C)c1.F[B-](F)(F)F,343.23,,SurfaceTension,0.025399998,0.027884379,0.0024843812,test,Ion-family,Family,E,Surface tension multi-split parity plot,True
382,1-dodecyl-3-methylimidazolium tetrafluoroborate,CCCCCCCCCCCC[n+]1ccn(C)c1.F[B-](F)(F)F,347.11,,SurfaceTension,0.02524,0.02759766,0.0023576599,test,Ion-family,Family,E,Surface tension multi-split parity plot,True
387,1-dodecyl-3-methylimidazolium tetrafluoroborate,CCCCCCCCCCCC[n+]1ccn(C)c1.F[B-](F)(F)F,353.61,,SurfaceTension,0.025030002,0.027111532,0.0020815302,test,Ion-family,Family,E,Surface tension multi-split parity plot,True
388,1-dodecyl-3-methylimidazolium tetrafluoroborate,CCCCCCCCCCCC[n+]1ccn(C)c1.F[B-](F)(F)F,353.66,,SurfaceTension,0.025109999,0.027107762,0.0019977633,test,Ion-family,Family,E,Surface tension multi-split parity plot,True
390,1-dodecyl-3-methylimidazolium tetrafluoroborate,CCCCCCCCCCCC[n+]1ccn(C)c1.F[B-](F)(F)F,359.02,,SurfaceTension,0.024819996,0.026702605,0.001882609,test,Ion-family,Family,E,Surface tension multi-split parity plot,True
391,1-dodecyl-3-methylimidazolium tetrafluoroborate,CCCCCCCCCCCC[n+]1ccn(C)c1.F[B-](F)(F)F,359.84,,SurfaceTension,0.024779996,0.026640365,0.001860369,test,Ion-family,Family,E,Surface tension multi-split parity plot,True
393,1-dodecyl-3-methylimidazolium tetrafluoroborate,CCCCCCCCCCCC[n+]1ccn(C)c1.F[B-](F)(F)F,363.47,,SurfaceTension,0.024640001,0.026364224,0.0017242227,test,Ion-family,Family,E,Surface tension multi-split parity plot,True
394,1-dodecyl-3-methylimidazolium tetrafluoroborate,CCCCCCCCCCCC[n+]1ccn(C)c1.F[B-](F)(F)F,363.69,,SurfaceTension,0.024629999,0.02634746,0.0017174613,test,Ion-family,Family,E,Surface tension multi-split parity plot,True
4849,"1-ethyl-3-methylimidazolium 1,1,2,2,2-pentafluoro-N-[(pentafluoroethyl)sulfonyl]ethanesulfonamide",CC[n+]1ccn(C)c1.O=S(=O)([N-]S(=O)(=O)C(F)(F)C(F)(F)F)C(F)(F)C(F)(F)F,297.0,,SurfaceTension,0.033899996,0.037188403,0.0032884069,test,Ion-family,Family,E,Surface tension multi-split parity plot,True
5139,1-ethyl-3-methylimidazolium methylphosphonate,CP([O-])([O-])=O.C(C)N1C=[N+](C=C1)C.C(C)N1C=[N+](C=C1)C,293.15,,SurfaceTension,0.045499995,0.05139975,0.0058997534,test,Ion-family,Family,E,Surface tension multi-split parity plot,True
5142,1-ethyl-3-methylimidazolium methylphosphonate,CP([O-])([O-])=O.C(C)N1C=[N+](C=C1)C.C(C)N1C=[N+](C=C1)C,298.2,,SurfaceTension,0.049,0.05087332,0.0018733218,test,Ion-family,Family,E,Surface tension multi-split parity plot,True
5145,1-ethyl-3-methylimidazolium methylphosphonate,CP([O-])([O-])=O.C(C)N1C=[N+](C=C1)C.C(C)N1C=[N+](C=C1)C,308.4,,SurfaceTension,0.0483,0.049786057,0.0014860556,test,Ion-family,Family,E,Surface tension multi-split parity plot,True
5147,1-ethyl-3-methylimidazolium methylphosphonate,CP([O-])([O-])=O.C(C)N1C=[N+](C=C1)C.C(C)N1C=[N+](C=C1)C,318.0,,SurfaceTension,0.0479,0.04872076,0.0008207597,test,Ion-family,Family,E,Surface tension multi-split parity plot,True
5151,1-ethyl-3-methylimidazolium methylphosphonate,CP([O-])([O-])=O.C(C)N1C=[N+](C=C1)C.C(C)N1C=[N+](C=C1)C,328.6,,SurfaceTension,0.047199998,0.04748686,0.00028686225,test,Ion-family,Family,E,Surface tension multi-split parity plot,True
5154,1-ethyl-3-methylimidazolium methylphosphonate,CP([O-])([O-])=O.C(C)N1C=[N+](C=C1)C.C(C)N1C=[N+](C=C1)C,338.5,,SurfaceTension,0.0467,0.04628014,0.00041986257,test,Ion-family,Family,E,Surface tension multi-split parity plot,True
5156,1-ethyl-3-methylimidazolium methylphosphonate,CP([O-])([O-])=O.C(C)N1C=[N+](C=C1)C.C(C)N1C=[N+](C=C1)C,343.1,,SurfaceTension,0.046299998,0.045703545,0.0005964525,test,Ion-family,Family,E,Surface tension multi-split parity plot,True
4885,1-ethyl-3-methylimidazolium phenolate,CC[n+]1ccn(C)c1.[O-]c1ccccc1,293.15,,SurfaceTension,0.045299996,0.046848502,0.0015485063,test,Ion-family,Family,E,Surface tension multi-split parity plot,True
4887,1-ethyl-3-methylimidazolium phenolate,CC[n+]1ccn(C)c1.[O-]c1ccccc1,303.15,,SurfaceTension,0.044600002,0.046113856,0.0015138537,test,Ion-family,Family,E,Surface tension multi-split parity plot,True
4890,1-ethyl-3-methylimidazolium phenolate,CC[n+]1ccn(C)c1.[O-]c1ccccc1,313.15,,SurfaceTension,0.043800004,0.04538267,0.0015826672,test,Ion-family,Family,E,Surface tension multi-split parity plot,True
4893,1-ethyl-3-methylimidazolium phenolate,CC[n+]1ccn(C)c1.[O-]c1ccccc1,323.15,,SurfaceTension,0.0431,0.044644553,0.0015445538,test,Ion-family,Family,E,Surface tension multi-split parity plot,True
4896,1-ethyl-3-methylimidazolium phenolate,CC[n+]1ccn(C)c1.[O-]c1ccccc1,333.15,,SurfaceTension,0.042400006,0.043891333,0.0014913268,test,Ion-family,Family,E,Surface tension multi-split parity plot,True
4899,1-ethyl-3-methylimidazolium phenolate,CC[n+]1ccn(C)c1.[O-]c1ccccc1,343.15,,SurfaceTension,0.041700006,0.043117307,0.0014173016,test,Ion-family,Family,E,Surface tension multi-split parity plot,True
4902,1-ethyl-3-methylimidazolium phenolate,CC[n+]1ccn(C)c1.[O-]c1ccccc1,353.15,,SurfaceTension,0.0403,0.042318027,0.002018027,test,Ion-family,Family,E,Surface tension multi-split parity plot,True
4565,1-ethyl-3-methylimidazolium tetrafluoroborate,CC[n+]1ccn(C)c1.F[B-](F)(F)F,278.15,,SurfaceTension,0.051299993,0.054489896,0.0031899028,test,Ion-family,Family,E,Surface tension multi-split parity plot,True
4576,1-ethyl-3-methylimidazolium tetrafluoroborate,CC[n+]1ccn(C)c1.F[B-](F)(F)F,283.1,,SurfaceTension,0.0483,0.054169588,0.005869586,test,Ion-family,Family,E,Surface tension multi-split parity plot,True
4574,1-ethyl-3-methylimidazolium tetrafluoroborate,CC[n+]1ccn(C)c1.F[B-](F)(F)F,283.15,,SurfaceTension,0.051199995,0.054166384,0.002966389,test,Ion-family,Family,E,Surface tension multi-split parity plot,True
4580,1-ethyl-3-methylimidazolium tetrafluoroborate,CC[n+]1ccn(C)c1.F[B-](F)(F)F,288.05,,SurfaceTension,0.054609995,0.053857435,0.0007525608,test,Ion-family,Family,E,Surface tension multi-split parity plot,True
4581,1-ethyl-3-methylimidazolium tetrafluoroborate,CC[n+]1ccn(C)c1.F[B-](F)(F)F,288.06,,SurfaceTension,0.054609995,0.0538568,0.0007531941,test,Ion-family,Family,E,Surface tension multi-split parity plot,True
4586,1-ethyl-3-methylimidazolium tetrafluoroborate,CC[n+]1ccn(C)c1.F[B-](F)(F)F,288.15,,SurfaceTension,0.050899997,0.05385121,0.0029512122,test,Ion-family,Family,E,Surface tension multi-split parity plot,True
4596,1-ethyl-3-methylimidazolium tetrafluoroborate,CC[n+]1ccn(C)c1.F[B-](F)(F)F,292.92,,SurfaceTension,0.054279998,0.0535572,0.00072279945,test,Ion-family,Family,E,Surface tension multi-split parity plot,True
4597,1-ethyl-3-methylimidazolium tetrafluoroborate,CC[n+]1ccn(C)c1.F[B-](F)(F)F,292.93,,SurfaceTension,0.054550007,0.053556595,0.000993412,test,Ion-family,Family,E,Surface tension multi-split parity plot,True
4599,1-ethyl-3-methylimidazolium tetrafluoroborate,CC[n+]1ccn(C)c1.F[B-](F)(F)F,293.0,,SurfaceTension,0.052999992,0.053552322,0.00055233017,test,Ion-family,Family,E,Surface tension multi-split parity plot,True
4603,1-ethyl-3-methylimidazolium tetrafluoroborate,CC[n+]1ccn(C)c1.F[B-](F)(F)F,293.15,,SurfaceTension,0.049399998,0.053543165,0.0041431673,test,Ion-family,Family,E,Surface tension multi-split parity plot,True
4613,1-ethyl-3-methylimidazolium tetrafluoroborate,CC[n+]1ccn(C)c1.F[B-](F)(F)F,296.6,,SurfaceTension,0.0443,0.053334054,0.0090340525,test,Ion-family,Family,E,Surface tension multi-split parity plot,True
4616,1-ethyl-3-methylimidazolium tetrafluoroborate,CC[n+]1ccn(C)c1.F[B-](F)(F)F,297.0,,SurfaceTension,0.054399997,0.053309966,0.0010900311,test,Ion-family,Family,E,Surface tension multi-split parity plot,True
4630,1-ethyl-3-methylimidazolium tetrafluoroborate,CC[n+]1ccn(C)c1.F[B-](F)(F)F,298.1,,SurfaceTension,0.053969998,0.053243846,0.0007261522,test,Ion-family,Family,E,Surface tension multi-split parity plot,True
4620,1-ethyl-3-methylimidazolium tetrafluoroborate,CC[n+]1ccn(C)c1.F[B-](F)(F)F,298.12,,SurfaceTension,0.054010004,0.053242642,0.0007673614,test,Ion-family,Family,E,Surface tension multi-split parity plot,True
4626,1-ethyl-3-methylimidazolium tetrafluoroborate,CC[n+]1ccn(C)c1.F[B-](F)(F)F,298.15,,SurfaceTension,0.051918324,0.05324084,0.0013225153,test,Ion-family,Family,E,Surface tension multi-split parity plot,True
4644,1-ethyl-3-methylimidazolium tetrafluoroborate,CC[n+]1ccn(C)c1.F[B-](F)(F)F,303.0,,SurfaceTension,0.054399997,0.052951388,0.0014486089,test,Ion-family,Family,E,Surface tension multi-split parity plot,True
4646,1-ethyl-3-methylimidazolium tetrafluoroborate,CC[n+]1ccn(C)c1.F[B-](F)(F)F,303.12,,SurfaceTension,0.05365,0.052944273,0.00070572644,test,Ion-family,Family,E,Surface tension multi-split parity plot,True
4647,1-ethyl-3-methylimidazolium tetrafluoroborate,CC[n+]1ccn(C)c1.F[B-](F)(F)F,303.13,,SurfaceTension,0.053960003,0.05294368,0.0010163225,test,Ion-family,Family,E,Surface tension multi-split parity plot,True
4651,1-ethyl-3-methylimidazolium tetrafluoroborate,CC[n+]1ccn(C)c1.F[B-](F)(F)F,303.15,,SurfaceTension,0.04936667,0.052942477,0.0035758056,test,Ion-family,Family,E,Surface tension multi-split parity plot,True
4668,1-ethyl-3-methylimidazolium tetrafluoroborate,CC[n+]1ccn(C)c1.F[B-](F)(F)F,308.15,,SurfaceTension,0.050366666,0.052646104,0.002279438,test,Ion-family,Family,E,Surface tension multi-split parity plot,True
4670,1-ethyl-3-methylimidazolium tetrafluoroborate,CC[n+]1ccn(C)c1.F[B-](F)(F)F,308.27,,SurfaceTension,0.053555,0.052638985,0.00091601536,test,Ion-family,Family,E,Surface tension multi-split parity plot,True
4674,1-ethyl-3-methylimidazolium tetrafluoroborate,CC[n+]1ccn(C)c1.F[B-](F)(F)F,313.0,,SurfaceTension,0.053699996,0.052358415,0.0013415813,test,Ion-family,Family,E,Surface tension multi-split parity plot,True
4678,1-ethyl-3-methylimidazolium tetrafluoroborate,CC[n+]1ccn(C)c1.F[B-](F)(F)F,313.15,,SurfaceTension,0.04893333,0.052349485,0.0034161545,test,Ion-family,Family,E,Surface tension multi-split parity plot,True
4681,1-ethyl-3-methylimidazolium tetrafluoroborate,CC[n+]1ccn(C)c1.F[B-](F)(F)F,313.33,,SurfaceTension,0.052979995,0.052338775,0.0006412193,test,Ion-family,Family,E,Surface tension multi-split parity plot,True
4682,1-ethyl-3-methylimidazolium tetrafluoroborate,CC[n+]1ccn(C)c1.F[B-](F)(F)F,313.43,,SurfaceTension,0.053050004,0.052332826,0.000717178,test,Ion-family,Family,E,Surface tension multi-split parity plot,True
4691,1-ethyl-3-methylimidazolium tetrafluoroborate,CC[n+]1ccn(C)c1.F[B-](F)(F)F,318.15,,SurfaceTension,0.049866658,0.052050322,0.0021836646,test,Ion-family,Family,E,Surface tension multi-split parity plot,True
4695,1-ethyl-3-methylimidazolium tetrafluoroborate,CC[n+]1ccn(C)c1.F[B-](F)(F)F,318.3,,SurfaceTension,0.0527,0.052041285,0.000658717,test,Ion-family,Family,E,Surface tension multi-split parity plot,True
4694,1-ethyl-3-methylimidazolium tetrafluoroborate,CC[n+]1ccn(C)c1.F[B-](F)(F)F,318.35,,SurfaceTension,0.05285999,0.052038267,0.00082172453,test,Ion-family,Family,E,Surface tension multi-split parity plot,True
4700,1-ethyl-3-methylimidazolium tetrafluoroborate,CC[n+]1ccn(C)c1.F[B-](F)(F)F,323.0,,SurfaceTension,0.052999992,0.051755402,0.0012445897,test,Ion-family,Family,E,Surface tension multi-split parity plot,True
4705,1-ethyl-3-methylimidazolium tetrafluoroborate,CC[n+]1ccn(C)c1.F[B-](F)(F)F,323.15,,SurfaceTension,0.048500005,0.051746186,0.0032461807,test,Ion-family,Family,E,Surface tension multi-split parity plot,True
4709,1-ethyl-3-methylimidazolium tetrafluoroborate,CC[n+]1ccn(C)c1.F[B-](F)(F)F,323.5,,SurfaceTension,0.05239,0.051724646,0.0006653555,test,Ion-family,Family,E,Surface tension multi-split parity plot,True
4708,1-ethyl-3-methylimidazolium tetrafluoroborate,CC[n+]1ccn(C)c1.F[B-](F)(F)F,323.53,,SurfaceTension,0.052539997,0.0517228,0.0008171983,test,Ion-family,Family,E,Surface tension multi-split parity plot,True
4717,1-ethyl-3-methylimidazolium tetrafluoroborate,CC[n+]1ccn(C)c1.F[B-](F)(F)F,328.15,,SurfaceTension,0.0493,0.051434673,0.0021346733,test,Ion-family,Family,E,Surface tension multi-split parity plot,True
4721,1-ethyl-3-methylimidazolium tetrafluoroborate,CC[n+]1ccn(C)c1.F[B-](F)(F)F,328.4,,SurfaceTension,0.05204999,0.05141886,0.00063113123,test,Ion-family,Family,E,Surface tension multi-split parity plot,True
4722,1-ethyl-3-methylimidazolium tetrafluoroborate,CC[n+]1ccn(C)c1.F[B-](F)(F)F,328.54,,SurfaceTension,0.052179996,0.051409993,0.0007700026,test,Ion-family,Family,E,Surface tension multi-split parity plot,True
4727,1-ethyl-3-methylimidazolium tetrafluoroborate,CC[n+]1ccn(C)c1.F[B-](F)(F)F,333.0,,SurfaceTension,0.052500002,0.051123258,0.0013767444,test,Ion-family,Family,E,Surface tension multi-split parity plot,True
4731,1-ethyl-3-methylimidazolium tetrafluoroborate,CC[n+]1ccn(C)c1.F[B-](F)(F)F,333.15,,SurfaceTension,0.047933336,0.051113456,0.0031801201,test,Ion-family,Family,E,Surface tension multi-split parity plot,True
4735,1-ethyl-3-methylimidazolium tetrafluoroborate,CC[n+]1ccn(C)c1.F[B-](F)(F)F,333.32,,SurfaceTension,0.051739994,0.051102344,0.0006376505,test,Ion-family,Family,E,Surface tension multi-split parity plot,True
4736,1-ethyl-3-methylimidazolium tetrafluoroborate,CC[n+]1ccn(C)c1.F[B-](F)(F)F,333.48,,SurfaceTension,0.05187,0.05109187,0.0007781312,test,Ion-family,Family,E,Surface tension multi-split parity plot,True
4741,1-ethyl-3-methylimidazolium tetrafluoroborate,CC[n+]1ccn(C)c1.F[B-](F)(F)F,338.15,,SurfaceTension,0.048783325,0.050780382,0.0019970573,test,Ion-family,Family,E,Surface tension multi-split parity plot,True
4745,1-ethyl-3-methylimidazolium tetrafluoroborate,CC[n+]1ccn(C)c1.F[B-](F)(F)F,338.38,,SurfaceTension,0.051479995,0.050764747,0.0007152483,test,Ion-family,Family,E,Surface tension multi-split parity plot,True
4746,1-ethyl-3-methylimidazolium tetrafluoroborate,CC[n+]1ccn(C)c1.F[B-](F)(F)F,338.39,,SurfaceTension,0.051399995,0.05076407,0.0006359257,test,Ion-family,Family,E,Surface tension multi-split parity plot,True
4750,1-ethyl-3-methylimidazolium tetrafluoroborate,CC[n+]1ccn(C)c1.F[B-](F)(F)F,343.0,,SurfaceTension,0.050300002,0.05044407,0.00014406815,test,Ion-family,Family,E,Surface tension multi-split parity plot,True
4754,1-ethyl-3-methylimidazolium tetrafluoroborate,CC[n+]1ccn(C)c1.F[B-](F)(F)F,343.15,,SurfaceTension,0.04679999,0.050433442,0.0036334507,test,Ion-family,Family,E,Surface tension multi-split parity plot,True
4755,1-ethyl-3-methylimidazolium tetrafluoroborate,CC[n+]1ccn(C)c1.F[B-](F)(F)F,343.18,,SurfaceTension,0.051109996,0.05043131,0.00067868456,test,Ion-family,Family,E,Surface tension multi-split parity plot,True
4758,1-ethyl-3-methylimidazolium tetrafluoroborate,CC[n+]1ccn(C)c1.F[B-](F)(F)F,343.32,,SurfaceTension,0.051109996,0.05042137,0.00068862736,test,Ion-family,Family,E,Surface tension multi-split parity plot,True
4767,1-ethyl-3-methylimidazolium tetrafluoroborate,CC[n+]1ccn(C)c1.F[B-](F)(F)F,348.7,,SurfaceTension,0.050760005,0.050029892,0.0007301122,test,Ion-family,Family,E,Surface tension multi-split parity plot,True
4766,1-ethyl-3-methylimidazolium tetrafluoroborate,CC[n+]1ccn(C)c1.F[B-](F)(F)F,348.78,,SurfaceTension,0.05074,0.05002393,0.0007160716,test,Ion-family,Family,E,Surface tension multi-split parity plot,True
4772,1-ethyl-3-methylimidazolium tetrafluoroborate,CC[n+]1ccn(C)c1.F[B-](F)(F)F,353.0,,SurfaceTension,0.0502,0.049702566,0.0004974343,test,Ion-family,Family,E,Surface tension multi-split parity plot,True
4776,1-ethyl-3-methylimidazolium tetrafluoroborate,CC[n+]1ccn(C)c1.F[B-](F)(F)F,353.15,,SurfaceTension,0.0466,0.049690906,0.003090907,test,Ion-family,Family,E,Surface tension multi-split parity plot,True
4780,1-ethyl-3-methylimidazolium tetrafluoroborate,CC[n+]1ccn(C)c1.F[B-](F)(F)F,355.91,,SurfaceTension,0.050259996,0.04947324,0.00078675523,test,Ion-family,Family,E,Surface tension multi-split parity plot,True
4781,1-ethyl-3-methylimidazolium tetrafluoroborate,CC[n+]1ccn(C)c1.F[B-](F)(F)F,355.99,,SurfaceTension,0.05026999,0.049466852,0.00080313906,test,Ion-family,Family,E,Surface tension multi-split parity plot,True
4788,1-ethyl-3-methylimidazolium tetrafluoroborate,CC[n+]1ccn(C)c1.F[B-](F)(F)F,363.15,,SurfaceTension,0.0464,0.048873466,0.002473466,test,Ion-family,Family,E,Surface tension multi-split parity plot,True
4936,1-ethyl-3-methylimidazolium tris(pentafluoroethyl)trifluorophosphate,CCn1cc[n+](C)c1.FC(F)(F)C(F)(F)[P-](F)(F)(F)(C(F)(F)C(F)(F)F)C(F)(F)C(F)(F)F,272.61,,SurfaceTension,0.036490005,0.039468404,0.0029783994,test,Ion-family,Family,E,Surface tension multi-split parity plot,True
4937,1-ethyl-3-methylimidazolium tris(pentafluoroethyl)trifluorophosphate,CCn1cc[n+](C)c1.FC(F)(F)C(F)(F)[P-](F)(F)(F)(C(F)(F)C(F)(F)F)C(F)(F)C(F)(F)F,272.63,,SurfaceTension,0.036380004,0.039467335,0.0030873306,test,Ion-family,Family,E,Surface tension multi-split parity plot,True
4943,1-ethyl-3-methylimidazolium tris(pentafluoroethyl)trifluorophosphate,CCn1cc[n+](C)c1.FC(F)(F)C(F)(F)[P-](F)(F)(F)(C(F)(F)C(F)(F)F)C(F)(F)C(F)(F)F,279.65,,SurfaceTension,0.03602,0.039106946,0.003086947,test,Ion-family,Family,E,Surface tension multi-split parity plot,True
4945,1-ethyl-3-methylimidazolium tris(pentafluoroethyl)trifluorophosphate,CCn1cc[n+](C)c1.FC(F)(F)C(F)(F)[P-](F)(F)(F)(C(F)(F)C(F)(F)F)C(F)(F)C(F)(F)F,279.7,,SurfaceTension,0.0361,0.039104488,0.0030044876,test,Ion-family,Family,E,Surface tension multi-split parity plot,True
4948,1-ethyl-3-methylimidazolium tris(pentafluoroethyl)trifluorophosphate,CCn1cc[n+](C)c1.FC(F)(F)C(F)(F)[P-](F)(F)(F)(C(F)(F)C(F)(F)F)C(F)(F)C(F)(F)F,283.15,,SurfaceTension,0.0353,0.038938448,0.0036384463,test,Ion-family,Family,E,Surface tension multi-split parity plot,True
4949,1-ethyl-3-methylimidazolium tris(pentafluoroethyl)trifluorophosphate,CCn1cc[n+](C)c1.FC(F)(F)C(F)(F)[P-](F)(F)(F)(C(F)(F)C(F)(F)F)C(F)(F)C(F)(F)F,283.21,,SurfaceTension,0.035899997,0.038935617,0.0030356199,test,Ion-family,Family,E,Surface tension multi-split parity plot,True
4950,1-ethyl-3-methylimidazolium tris(pentafluoroethyl)trifluorophosphate,CCn1cc[n+](C)c1.FC(F)(F)C(F)(F)[P-](F)(F)(F)(C(F)(F)C(F)(F)F)C(F)(F)C(F)(F)F,283.24,,SurfaceTension,0.035850003,0.038934205,0.0030842014,test,Ion-family,Family,E,Surface tension multi-split parity plot,True
4954,1-ethyl-3-methylimidazolium tris(pentafluoroethyl)trifluorophosphate,CCn1cc[n+](C)c1.FC(F)(F)C(F)(F)[P-](F)(F)(F)(C(F)(F)C(F)(F)F)C(F)(F)C(F)(F)F,288.15,,SurfaceTension,0.0351,0.03870874,0.0036087371,test,Ion-family,Family,E,Surface tension multi-split parity plot,True
4956,1-ethyl-3-methylimidazolium tris(pentafluoroethyl)trifluorophosphate,CCn1cc[n+](C)c1.FC(F)(F)C(F)(F)[P-](F)(F)(F)(C(F)(F)C(F)(F)F)C(F)(F)C(F)(F)F,288.24,,SurfaceTension,0.035529997,0.038704704,0.0031747073,test,Ion-family,Family,E,Surface tension multi-split parity plot,True
4957,1-ethyl-3-methylimidazolium tris(pentafluoroethyl)trifluorophosphate,CCn1cc[n+](C)c1.FC(F)(F)C(F)(F)[P-](F)(F)(F)(C(F)(F)C(F)(F)F)C(F)(F)C(F)(F)F,288.3,,SurfaceTension,0.035610005,0.038702026,0.0030920208,test,Ion-family,Family,E,Surface tension multi-split parity plot,True
4959,1-ethyl-3-methylimidazolium tris(pentafluoroethyl)trifluorophosphate,CCn1cc[n+](C)c1.FC(F)(F)C(F)(F)[P-](F)(F)(F)(C(F)(F)C(F)(F)F)C(F)(F)C(F)(F)F,293.11,,SurfaceTension,0.0353,0.0384917,0.0031916983,test,Ion-family,Family,E,Surface tension multi-split parity plot,True
4963,1-ethyl-3-methylimidazolium tris(pentafluoroethyl)trifluorophosphate,CCn1cc[n+](C)c1.FC(F)(F)C(F)(F)[P-](F)(F)(F)(C(F)(F)C(F)(F)F)C(F)(F)C(F)(F)F,293.15,,SurfaceTension,0.0349,0.038489986,0.0035899878,test,Ion-family,Family,E,Surface tension multi-split parity plot,True
4964,1-ethyl-3-methylimidazolium tris(pentafluoroethyl)trifluorophosphate,CCn1cc[n+](C)c1.FC(F)(F)C(F)(F)[P-](F)(F)(F)(C(F)(F)C(F)(F)F)C(F)(F)C(F)(F)F,293.17,,SurfaceTension,0.03537,0.038489133,0.0031191334,test,Ion-family,Family,E,Surface tension multi-split parity plot,True
4969,1-ethyl-3-methylimidazolium tris(pentafluoroethyl)trifluorophosphate,CCn1cc[n+](C)c1.FC(F)(F)C(F)(F)[P-](F)(F)(F)(C(F)(F)C(F)(F)F)C(F)(F)C(F)(F)F,298.15,,SurfaceTension,0.034799997,0.03828003,0.003480032,test,Ion-family,Family,E,Surface tension multi-split parity plot,True
4971,1-ethyl-3-methylimidazolium tris(pentafluoroethyl)trifluorophosphate,CCn1cc[n+](C)c1.FC(F)(F)C(F)(F)[P-](F)(F)(F)(C(F)(F)C(F)(F)F)C(F)(F)C(F)(F)F,298.17,,SurfaceTension,0.035069995,0.038279194,0.0032091998,test,Ion-family,Family,E,Surface tension multi-split parity plot,True
4972,1-ethyl-3-methylimidazolium tris(pentafluoroethyl)trifluorophosphate,CCn1cc[n+](C)c1.FC(F)(F)C(F)(F)[P-](F)(F)(F)(C(F)(F)C(F)(F)F)C(F)(F)C(F)(F)F,298.3,,SurfaceTension,0.035110004,0.03827384,0.003163837,test,Ion-family,Family,E,Surface tension multi-split parity plot,True
4973,1-ethyl-3-methylimidazolium tris(pentafluoroethyl)trifluorophosphate,CCn1cc[n+](C)c1.FC(F)(F)C(F)(F)[P-](F)(F)(F)(C(F)(F)C(F)(F)F)C(F)(F)C(F)(F)F,303.04,,SurfaceTension,0.03482,0.03808112,0.0032611191,test,Ion-family,Family,E,Surface tension multi-split parity plot,True
4978,1-ethyl-3-methylimidazolium tris(pentafluoroethyl)trifluorophosphate,CCn1cc[n+](C)c1.FC(F)(F)C(F)(F)[P-](F)(F)(F)(C(F)(F)C(F)(F)F)C(F)(F)C(F)(F)F,303.15,,SurfaceTension,0.034599997,0.038076703,0.0034767054,test,Ion-family,Family,E,Surface tension multi-split parity plot,True
4980,1-ethyl-3-methylimidazolium tris(pentafluoroethyl)trifluorophosphate,CCn1cc[n+](C)c1.FC(F)(F)C(F)(F)[P-](F)(F)(F)(C(F)(F)C(F)(F)F)C(F)(F)C(F)(F)F,307.95,,SurfaceTension,0.034540005,0.03788578,0.0033457763,test,Ion-family,Family,E,Surface tension multi-split parity plot,True
4982,1-ethyl-3-methylimidazolium tris(pentafluoroethyl)trifluorophosphate,CCn1cc[n+](C)c1.FC(F)(F)C(F)(F)[P-](F)(F)(F)(C(F)(F)C(F)(F)F)C(F)(F)C(F)(F)F,307.97,,SurfaceTension,0.03452,0.037885,0.0033649988,test,Ion-family,Family,E,Surface tension multi-split parity plot,True
4986,1-ethyl-3-methylimidazolium tris(pentafluoroethyl)trifluorophosphate,CCn1cc[n+](C)c1.FC(F)(F)C(F)(F)[P-](F)(F)(F)(C(F)(F)C(F)(F)F)C(F)(F)C(F)(F)F,308.15,,SurfaceTension,0.034400005,0.03787789,0.0034778863,test,Ion-family,Family,E,Surface tension multi-split parity plot,True
4987,1-ethyl-3-methylimidazolium tris(pentafluoroethyl)trifluorophosphate,CCn1cc[n+](C)c1.FC(F)(F)C(F)(F)[P-](F)(F)(F)(C(F)(F)C(F)(F)F)C(F)(F)C(F)(F)F,313.07,,SurfaceTension,0.03427,0.03768469,0.0034146905,test,Ion-family,Family,E,Surface tension multi-split parity plot,True
4989,1-ethyl-3-methylimidazolium tris(pentafluoroethyl)trifluorophosphate,CCn1cc[n+](C)c1.FC(F)(F)C(F)(F)[P-](F)(F)(F)(C(F)(F)C(F)(F)F)C(F)(F)C(F)(F)F,313.09,,SurfaceTension,0.034230005,0.037683908,0.003453903,test,Ion-family,Family,E,Surface tension multi-split parity plot,True
4994,1-ethyl-3-methylimidazolium tris(pentafluoroethyl)trifluorophosphate,CCn1cc[n+](C)c1.FC(F)(F)C(F)(F)[P-](F)(F)(F)(C(F)(F)C(F)(F)F)C(F)(F)C(F)(F)F,313.15,,SurfaceTension,0.0342,0.03768157,0.003481567,test,Ion-family,Family,E,Surface tension multi-split parity plot,True
4996,1-ethyl-3-methylimidazolium tris(pentafluoroethyl)trifluorophosphate,CCn1cc[n+](C)c1.FC(F)(F)C(F)(F)[P-](F)(F)(F)(C(F)(F)C(F)(F)F)C(F)(F)C(F)(F)F,318.06,,SurfaceTension,0.033909995,0.037489295,0.0035793,test,Ion-family,Family,E,Surface tension multi-split parity plot,True
5000,1-ethyl-3-methylimidazolium tris(pentafluoroethyl)trifluorophosphate,CCn1cc[n+](C)c1.FC(F)(F)C(F)(F)[P-](F)(F)(F)(C(F)(F)C(F)(F)F)C(F)(F)C(F)(F)F,318.15,,SurfaceTension,0.034100004,0.037485763,0.00338576,test,Ion-family,Family,E,Surface tension multi-split parity plot,True
5002,1-ethyl-3-methylimidazolium tris(pentafluoroethyl)trifluorophosphate,CCn1cc[n+](C)c1.FC(F)(F)C(F)(F)[P-](F)(F)(F)(C(F)(F)C(F)(F)F)C(F)(F)C(F)(F)F,322.99,,SurfaceTension,0.03342,0.03729504,0.0038750395,test,Ion-family,Family,E,Surface tension multi-split parity plot,True
5003,1-ethyl-3-methylimidazolium tris(pentafluoroethyl)trifluorophosphate,CCn1cc[n+](C)c1.FC(F)(F)C(F)(F)[P-](F)(F)(F)(C(F)(F)C(F)(F)F)C(F)(F)C(F)(F)F,323.03,,SurfaceTension,0.033670004,0.037293445,0.0036234409,test,Ion-family,Family,E,Surface tension multi-split parity plot,True
5007,1-ethyl-3-methylimidazolium tris(pentafluoroethyl)trifluorophosphate,CCn1cc[n+](C)c1.FC(F)(F)C(F)(F)[P-](F)(F)(F)(C(F)(F)C(F)(F)F)C(F)(F)C(F)(F)F,323.15,,SurfaceTension,0.034,0.03728869,0.00328869,test,Ion-family,Family,E,Surface tension multi-split parity plot,True
5012,1-ethyl-3-methylimidazolium tris(pentafluoroethyl)trifluorophosphate,CCn1cc[n+](C)c1.FC(F)(F)C(F)(F)[P-](F)(F)(F)(C(F)(F)C(F)(F)F)C(F)(F)C(F)(F)F,328.15,,SurfaceTension,0.033799995,0.037088655,0.0032886602,test,Ion-family,Family,E,Surface tension multi-split parity plot,True
5014,1-ethyl-3-methylimidazolium tris(pentafluoroethyl)trifluorophosphate,CCn1cc[n+](C)c1.FC(F)(F)C(F)(F)[P-](F)(F)(F)(C(F)(F)C(F)(F)F)C(F)(F)C(F)(F)F,328.47,,SurfaceTension,0.033439998,0.037075713,0.0036357157,test,Ion-family,Family,E,Surface tension multi-split parity plot,True
5015,1-ethyl-3-methylimidazolium tris(pentafluoroethyl)trifluorophosphate,CCn1cc[n+](C)c1.FC(F)(F)C(F)(F)[P-](F)(F)(F)(C(F)(F)C(F)(F)F)C(F)(F)C(F)(F)F,328.51,,SurfaceTension,0.03329,0.037074093,0.003784094,test,Ion-family,Family,E,Surface tension multi-split parity plot,True
5016,1-ethyl-3-methylimidazolium tris(pentafluoroethyl)trifluorophosphate,CCn1cc[n+](C)c1.FC(F)(F)C(F)(F)[P-](F)(F)(F)(C(F)(F)C(F)(F)F)C(F)(F)C(F)(F)F,332.2,,SurfaceTension,0.03323,0.036923368,0.0036933683,test,Ion-family,Family,E,Surface tension multi-split parity plot,True
5017,1-ethyl-3-methylimidazolium tris(pentafluoroethyl)trifluorophosphate,CCn1cc[n+](C)c1.FC(F)(F)C(F)(F)[P-](F)(F)(F)(C(F)(F)C(F)(F)F)C(F)(F)C(F)(F)F,332.3,,SurfaceTension,0.033039995,0.036919244,0.003879249,test,Ion-family,Family,E,Surface tension multi-split parity plot,True
5021,1-ethyl-3-methylimidazolium tris(pentafluoroethyl)trifluorophosphate,CCn1cc[n+](C)c1.FC(F)(F)C(F)(F)[P-](F)(F)(F)(C(F)(F)C(F)(F)F)C(F)(F)C(F)(F)F,333.15,,SurfaceTension,0.033599995,0.03688409,0.0032840967,test,Ion-family,Family,E,Surface tension multi-split parity plot,True
5024,1-ethyl-3-methylimidazolium tris(pentafluoroethyl)trifluorophosphate,CCn1cc[n+](C)c1.FC(F)(F)C(F)(F)[P-](F)(F)(F)(C(F)(F)C(F)(F)F)C(F)(F)C(F)(F)F,337.63,,SurfaceTension,0.03297999,0.03669577,0.0037157796,test,Ion-family,Family,E,Surface tension multi-split parity plot,True
5025,1-ethyl-3-methylimidazolium tris(pentafluoroethyl)trifluorophosphate,CCn1cc[n+](C)c1.FC(F)(F)C(F)(F)[P-](F)(F)(F)(C(F)(F)C(F)(F)F)C(F)(F)C(F)(F)F,337.84,,SurfaceTension,0.032720003,0.036686808,0.0039668046,test,Ion-family,Family,E,Surface tension multi-split parity plot,True
5029,1-ethyl-3-methylimidazolium tris(pentafluoroethyl)trifluorophosphate,CCn1cc[n+](C)c1.FC(F)(F)C(F)(F)[P-](F)(F)(F)(C(F)(F)C(F)(F)F)C(F)(F)C(F)(F)F,338.15,,SurfaceTension,0.033400003,0.03667356,0.0032735579,test,Ion-family,Family,E,Surface tension multi-split parity plot,True
5031,1-ethyl-3-methylimidazolium tris(pentafluoroethyl)trifluorophosphate,CCn1cc[n+](C)c1.FC(F)(F)C(F)(F)[P-](F)(F)(F)(C(F)(F)C(F)(F)F)C(F)(F)C(F)(F)F,342.92,,SurfaceTension,0.032720003,0.03646595,0.003745947,test,Ion-family,Family,E,Surface tension multi-split parity plot,True
5032,1-ethyl-3-methylimidazolium tris(pentafluoroethyl)trifluorophosphate,CCn1cc[n+](C)c1.FC(F)(F)C(F)(F)[P-](F)(F)(F)(C(F)(F)C(F)(F)F)C(F)(F)C(F)(F)F,343.07,,SurfaceTension,0.032430004,0.036459297,0.0040292926,test,Ion-family,Family,E,Surface tension multi-split parity plot,True
5037,1-ethyl-3-methylimidazolium tris(pentafluoroethyl)trifluorophosphate,CCn1cc[n+](C)c1.FC(F)(F)C(F)(F)[P-](F)(F)(F)(C(F)(F)C(F)(F)F)C(F)(F)C(F)(F)F,347.61,,SurfaceTension,0.032439996,0.03625433,0.003814336,test,Ion-family,Family,E,Surface tension multi-split parity plot,True
5038,1-ethyl-3-methylimidazolium tris(pentafluoroethyl)trifluorophosphate,CCn1cc[n+](C)c1.FC(F)(F)C(F)(F)[P-](F)(F)(F)(C(F)(F)C(F)(F)F)C(F)(F)C(F)(F)F,347.77,,SurfaceTension,0.03189,0.036246967,0.0043569654,test,Ion-family,Family,E,Surface tension multi-split parity plot,True
5045,1-ethyl-3-methylimidazolium tris(pentafluoroethyl)trifluorophosphate,CCn1cc[n+](C)c1.FC(F)(F)C(F)(F)[P-](F)(F)(F)(C(F)(F)C(F)(F)F)C(F)(F)C(F)(F)F,353.94,,SurfaceTension,0.032070003,0.035955332,0.0038853288,test,Ion-family,Family,E,Surface tension multi-split parity plot,True
5046,1-ethyl-3-methylimidazolium tris(pentafluoroethyl)trifluorophosphate,CCn1cc[n+](C)c1.FC(F)(F)C(F)(F)[P-](F)(F)(F)(C(F)(F)C(F)(F)F)C(F)(F)C(F)(F)F,354.27,,SurfaceTension,0.031740002,0.035939295,0.0041992925,test,Ion-family,Family,E,Surface tension multi-split parity plot,True
1321,1-heptyl-3-methylimidazolium tetrafluoroborate,CCCCCCC[n+]1ccn(C)c1.F[B-](F)(F)F,263.76,,SurfaceTension,0.03738,0.04031116,0.0029311627,test,Ion-family,Family,E,Surface tension multi-split parity plot,True
1324,1-heptyl-3-methylimidazolium tetrafluoroborate,CCCCCCC[n+]1ccn(C)c1.F[B-](F)(F)F,268.69,,SurfaceTension,0.03721,0.039936468,0.0027264692,test,Ion-family,Family,E,Surface tension multi-split parity plot,True
1326,1-heptyl-3-methylimidazolium tetrafluoroborate,CCCCCCC[n+]1ccn(C)c1.F[B-](F)(F)F,273.9,,SurfaceTension,0.03687,0.039543126,0.0026731268,test,Ion-family,Family,E,Surface tension multi-split parity plot,True
1327,1-heptyl-3-methylimidazolium tetrafluoroborate,CCCCCCC[n+]1ccn(C)c1.F[B-](F)(F)F,278.51,,SurfaceTension,0.036660004,0.039196484,0.0025364794,test,Ion-family,Family,E,Surface tension multi-split parity plot,True
1329,1-heptyl-3-methylimidazolium tetrafluoroborate,CCCCCCC[n+]1ccn(C)c1.F[B-](F)(F)F,283.18,,SurfaceTension,0.036229998,0.038846,0.0026160032,test,Ion-family,Family,E,Surface tension multi-split parity plot,True
1331,1-heptyl-3-methylimidazolium tetrafluoroborate,CCCCCCC[n+]1ccn(C)c1.F[B-](F)(F)F,283.21,,SurfaceTension,0.03642,0.03884375,0.002423752,test,Ion-family,Family,E,Surface tension multi-split parity plot,True
1332,1-heptyl-3-methylimidazolium tetrafluoroborate,CCCCCCC[n+]1ccn(C)c1.F[B-](F)(F)F,288.47,,SurfaceTension,0.03598,0.03844916,0.0024691597,test,Ion-family,Family,E,Surface tension multi-split parity plot,True
1333,1-heptyl-3-methylimidazolium tetrafluoroborate,CCCCCCC[n+]1ccn(C)c1.F[B-](F)(F)F,288.49,,SurfaceTension,0.03615001,0.038447656,0.0022976473,test,Ion-family,Family,E,Surface tension multi-split parity plot,True
1335,1-heptyl-3-methylimidazolium tetrafluoroborate,CCCCCCC[n+]1ccn(C)c1.F[B-](F)(F)F,293.29,,SurfaceTension,0.035884995,0.038087275,0.0022022799,test,Ion-family,Family,E,Surface tension multi-split parity plot,True
1338,1-heptyl-3-methylimidazolium tetrafluoroborate,CCCCCCC[n+]1ccn(C)c1.F[B-](F)(F)F,298.21,,SurfaceTension,0.03565,0.037717238,0.002067238,test,Ion-family,Family,E,Surface tension multi-split parity plot,True
1341,1-heptyl-3-methylimidazolium tetrafluoroborate,CCCCCCC[n+]1ccn(C)c1.F[B-](F)(F)F,303.1,,SurfaceTension,0.03554,0.037348546,0.0018085465,test,Ion-family,Family,E,Surface tension multi-split parity plot,True
1340,1-heptyl-3-methylimidazolium tetrafluoroborate,CCCCCCC[n+]1ccn(C)c1.F[B-](F)(F)F,303.11,,SurfaceTension,0.035309996,0.037347797,0.0020378008,test,Ion-family,Family,E,Surface tension multi-split parity plot,True
1342,1-heptyl-3-methylimidazolium tetrafluoroborate,CCCCCCC[n+]1ccn(C)c1.F[B-](F)(F)F,308.19,,SurfaceTension,0.0351,0.03696358,0.0018635765,test,Ion-family,Family,E,Surface tension multi-split parity plot,True
1344,1-heptyl-3-methylimidazolium tetrafluoroborate,CCCCCCC[n+]1ccn(C)c1.F[B-](F)(F)F,308.2,,SurfaceTension,0.035180002,0.03696282,0.0017828159,test,Ion-family,Family,E,Surface tension multi-split parity plot,True
1345,1-heptyl-3-methylimidazolium tetrafluoroborate,CCCCCCC[n+]1ccn(C)c1.F[B-](F)(F)F,313.21,,SurfaceTension,0.0349,0.03658245,0.0016824529,test,Ion-family,Family,E,Surface tension multi-split parity plot,True
1347,1-heptyl-3-methylimidazolium tetrafluoroborate,CCCCCCC[n+]1ccn(C)c1.F[B-](F)(F)F,313.24,,SurfaceTension,0.03482,0.036580168,0.0017601661,test,Ion-family,Family,E,Surface tension multi-split parity plot,True
1349,1-heptyl-3-methylimidazolium tetrafluoroborate,CCCCCCC[n+]1ccn(C)c1.F[B-](F)(F)F,317.78,,SurfaceTension,0.034739997,0.036234014,0.0014940165,test,Ion-family,Family,E,Surface tension multi-split parity plot,True
1350,1-heptyl-3-methylimidazolium tetrafluoroborate,CCCCCCC[n+]1ccn(C)c1.F[B-](F)(F)F,317.81,,SurfaceTension,0.034599997,0.036231726,0.0016317293,test,Ion-family,Family,E,Surface tension multi-split parity plot,True
1353,1-heptyl-3-methylimidazolium tetrafluoroborate,CCCCCCC[n+]1ccn(C)c1.F[B-](F)(F)F,323.0,,SurfaceTension,0.034449995,0.035834,0.001384005,test,Ion-family,Family,E,Surface tension multi-split parity plot,True
1352,1-heptyl-3-methylimidazolium tetrafluoroborate,CCCCCCC[n+]1ccn(C)c1.F[B-](F)(F)F,323.06,,SurfaceTension,0.03433,0.035829384,0.0014993846,test,Ion-family,Family,E,Surface tension multi-split parity plot,True
1354,1-heptyl-3-methylimidazolium tetrafluoroborate,CCCCCCC[n+]1ccn(C)c1.F[B-](F)(F)F,327.79,,SurfaceTension,0.034240004,0.035464715,0.0012247115,test,Ion-family,Family,E,Surface tension multi-split parity plot,True
1356,1-heptyl-3-methylimidazolium tetrafluoroborate,CCCCCCC[n+]1ccn(C)c1.F[B-](F)(F)F,327.8,,SurfaceTension,0.03413,0.035463944,0.0013339445,test,Ion-family,Family,E,Surface tension multi-split parity plot,True
1357,1-heptyl-3-methylimidazolium tetrafluoroborate,CCCCCCC[n+]1ccn(C)c1.F[B-](F)(F)F,333.01,,SurfaceTension,0.03387,0.03505946,0.0011894591,test,Ion-family,Family,E,Surface tension multi-split parity plot,True
1359,1-heptyl-3-methylimidazolium tetrafluoroborate,CCCCCCC[n+]1ccn(C)c1.F[B-](F)(F)F,333.09,,SurfaceTension,0.033820003,0.035053227,0.0012332238,test,Ion-family,Family,E,Surface tension multi-split parity plot,True
1361,1-heptyl-3-methylimidazolium tetrafluoroborate,CCCCCCC[n+]1ccn(C)c1.F[B-](F)(F)F,338.61,,SurfaceTension,0.033619996,0.034620922,0.0010009259,test,Ion-family,Family,E,Surface tension multi-split parity plot,True
1362,1-heptyl-3-methylimidazolium tetrafluoroborate,CCCCCCC[n+]1ccn(C)c1.F[B-](F)(F)F,338.64,,SurfaceTension,0.033540003,0.03461856,0.0010785572,test,Ion-family,Family,E,Surface tension multi-split parity plot,True
1363,1-heptyl-3-methylimidazolium tetrafluoroborate,CCCCCCC[n+]1ccn(C)c1.F[B-](F)(F)F,342.42,,SurfaceTension,0.033439998,0.034320023,0.0008800253,test,Ion-family,Family,E,Surface tension multi-split parity plot,True
1364,1-heptyl-3-methylimidazolium tetrafluoroborate,CCCCCCC[n+]1ccn(C)c1.F[B-](F)(F)F,342.5,,SurfaceTension,0.033390004,0.034313686,0.000923682,test,Ion-family,Family,E,Surface tension multi-split parity plot,True
1366,1-heptyl-3-methylimidazolium tetrafluoroborate,CCCCCCC[n+]1ccn(C)c1.F[B-](F)(F)F,348.76,,SurfaceTension,0.03317,0.033814207,0.000644207,test,Ion-family,Family,E,Surface tension multi-split parity plot,True
1368,1-heptyl-3-methylimidazolium tetrafluoroborate,CCCCCCC[n+]1ccn(C)c1.F[B-](F)(F)F,348.79,,SurfaceTension,0.03317,0.033811796,0.00064179674,test,Ion-family,Family,E,Surface tension multi-split parity plot,True
1369,1-heptyl-3-methylimidazolium tetrafluoroborate,CCCCCCC[n+]1ccn(C)c1.F[B-](F)(F)F,353.93,,SurfaceTension,0.0328,0.033396516,0.00059651583,test,Ion-family,Family,E,Surface tension multi-split parity plot,True
1371,1-heptyl-3-methylimidazolium tetrafluoroborate,CCCCCCC[n+]1ccn(C)c1.F[B-](F)(F)F,353.99,,SurfaceTension,0.032860003,0.03339164,0.0005316362,test,Ion-family,Family,E,Surface tension multi-split parity plot,True
1372,1-heptyl-3-methylimidazolium tetrafluoroborate,CCCCCCC[n+]1ccn(C)c1.F[B-](F)(F)F,357.12,,SurfaceTension,0.032659996,0.033136256,0.00047625974,test,Ion-family,Family,E,Surface tension multi-split parity plot,True
1373,1-heptyl-3-methylimidazolium tetrafluoroborate,CCCCCCC[n+]1ccn(C)c1.F[B-](F)(F)F,357.16,,SurfaceTension,0.032469995,0.033132985,0.0006629899,test,Ion-family,Family,E,Surface tension multi-split parity plot,True
1376,1-heptyl-3-methylimidazolium tetrafluoroborate,CCCCCCC[n+]1ccn(C)c1.F[B-](F)(F)F,364.34,,SurfaceTension,0.03197,0.032539606,0.00056960434,test,Ion-family,Family,E,Surface tension multi-split parity plot,True
1377,1-heptyl-3-methylimidazolium tetrafluoroborate,CCCCCCC[n+]1ccn(C)c1.F[B-](F)(F)F,364.4,,SurfaceTension,0.032339998,0.0325346,0.00019460171,test,Ion-family,Family,E,Surface tension multi-split parity plot,True
1695,1-hexyl-3-methylimidazolium bis(perfluoroethylsulfonyl)imide,CCCCCC[n+]1ccn(C)c1.O=S(=O)([N-]S(=O)(=O)C(F)(F)C(F)(F)F)C(F)(F)C(F)(F)F,297.0,,SurfaceTension,0.030299999,0.03161977,0.0013197698,test,Ion-family,Family,E,Surface tension multi-split parity plot,True
1697,1-hexyl-3-methylimidazolium phenolate,CCCCCC[n+]1ccn(C)c1.[O-]c1ccccc1,293.15,,SurfaceTension,0.035960004,0.040578015,0.0046180114,test,Ion-family,Family,E,Surface tension multi-split parity plot,True
1699,1-hexyl-3-methylimidazolium phenolate,CCCCCC[n+]1ccn(C)c1.[O-]c1ccccc1,303.15,,SurfaceTension,0.03499,0.03987776,0.0048877597,test,Ion-family,Family,E,Surface tension multi-split parity plot,True
1702,1-hexyl-3-methylimidazolium phenolate,CCCCCC[n+]1ccn(C)c1.[O-]c1ccccc1,313.15,,SurfaceTension,0.03462,0.03919849,0.0045784935,test,Ion-family,Family,E,Surface tension multi-split parity plot,True
1705,1-hexyl-3-methylimidazolium phenolate,CCCCCC[n+]1ccn(C)c1.[O-]c1ccccc1,323.15,,SurfaceTension,0.034109995,0.038531065,0.00442107,test,Ion-family,Family,E,Surface tension multi-split parity plot,True
1708,1-hexyl-3-methylimidazolium phenolate,CCCCCC[n+]1ccn(C)c1.[O-]c1ccccc1,333.15,,SurfaceTension,0.033449996,0.037864804,0.004414808,test,Ion-family,Family,E,Surface tension multi-split parity plot,True
1711,1-hexyl-3-methylimidazolium phenolate,CCCCCC[n+]1ccn(C)c1.[O-]c1ccccc1,343.15,,SurfaceTension,0.032720003,0.037187703,0.0044676997,test,Ion-family,Family,E,Surface tension multi-split parity plot,True
1714,1-hexyl-3-methylimidazolium phenolate,CCCCCC[n+]1ccn(C)c1.[O-]c1ccccc1,353.15,,SurfaceTension,0.031749997,0.036487136,0.0047371387,test,Ion-family,Family,E,Surface tension multi-split parity plot,True
1416,1-hexyl-3-methylimidazolium tetrafluoroborate,CCCCCC[n+]1ccn(C)c1.F[B-](F)(F)F,268.58,,SurfaceTension,0.039799996,0.0417843,0.0019843057,test,Ion-family,Family,E,Surface tension multi-split parity plot,True
1420,1-hexyl-3-methylimidazolium tetrafluoroborate,CCCCCC[n+]1ccn(C)c1.F[B-](F)(F)F,273.34,,SurfaceTension,0.039530005,0.041446354,0.0019163489,test,Ion-family,Family,E,Surface tension multi-split parity plot,True
1422,1-hexyl-3-methylimidazolium tetrafluoroborate,CCCCCC[n+]1ccn(C)c1.F[B-](F)(F)F,277.72,,SurfaceTension,0.03929,0.04113736,0.0018473603,test,Ion-family,Family,E,Surface tension multi-split parity plot,True
1423,1-hexyl-3-methylimidazolium tetrafluoroborate,CCCCCC[n+]1ccn(C)c1.F[B-](F)(F)F,277.76,,SurfaceTension,0.03932,0.041134544,0.0018145442,test,Ion-family,Family,E,Surface tension multi-split parity plot,True
1429,1-hexyl-3-methylimidazolium tetrafluoroborate,CCCCCC[n+]1ccn(C)c1.F[B-](F)(F)F,282.51,,SurfaceTension,0.039039996,0.040800955,0.0017609596,test,Ion-family,Family,E,Surface tension multi-split parity plot,True
1430,1-hexyl-3-methylimidazolium tetrafluoroborate,CCCCCC[n+]1ccn(C)c1.F[B-](F)(F)F,282.71,,SurfaceTension,0.03921,0.040786944,0.0015769452,test,Ion-family,Family,E,Surface tension multi-split parity plot,True
1432,1-hexyl-3-methylimidazolium tetrafluoroborate,CCCCCC[n+]1ccn(C)c1.F[B-](F)(F)F,283.0,,SurfaceTension,0.041400008,0.040766615,0.0006333925,test,Ion-family,Family,E,Surface tension multi-split parity plot,True
1436,1-hexyl-3-methylimidazolium tetrafluoroborate,CCCCCC[n+]1ccn(C)c1.F[B-](F)(F)F,283.15,,SurfaceTension,0.039309997,0.0407561,0.0014461018,test,Ion-family,Family,E,Surface tension multi-split parity plot,True
1438,1-hexyl-3-methylimidazolium tetrafluoroborate,CCCCCC[n+]1ccn(C)c1.F[B-](F)(F)F,288.13,,SurfaceTension,0.03873,0.040407512,0.0016775131,test,Ion-family,Family,E,Surface tension multi-split parity plot,True
1442,1-hexyl-3-methylimidazolium tetrafluoroborate,CCCCCC[n+]1ccn(C)c1.F[B-](F)(F)F,288.15,,SurfaceTension,0.03789,0.04040612,0.0025161207,test,Ion-family,Family,E,Surface tension multi-split parity plot,True
1449,1-hexyl-3-methylimidazolium tetrafluoroborate,CCCCCC[n+]1ccn(C)c1.F[B-](F)(F)F,292.87,,SurfaceTension,0.038469996,0.04007622,0.0016062222,test,Ion-family,Family,E,Surface tension multi-split parity plot,True
1450,1-hexyl-3-methylimidazolium tetrafluoroborate,CCCCCC[n+]1ccn(C)c1.F[B-](F)(F)F,292.93,,SurfaceTension,0.038490005,0.040072035,0.0015820302,test,Ion-family,Family,E,Surface tension multi-split parity plot,True
1453,1-hexyl-3-methylimidazolium tetrafluoroborate,CCCCCC[n+]1ccn(C)c1.F[B-](F)(F)F,293.0,,SurfaceTension,0.0406,0.040067144,0.0005328581,test,Ion-family,Family,E,Surface tension multi-split parity plot,True
1458,1-hexyl-3-methylimidazolium tetrafluoroborate,CCCCCC[n+]1ccn(C)c1.F[B-](F)(F)F,293.15,,SurfaceTension,0.038639996,0.040056664,0.0014166683,test,Ion-family,Family,E,Surface tension multi-split parity plot,True
1467,1-hexyl-3-methylimidazolium tetrafluoroborate,CCCCCC[n+]1ccn(C)c1.F[B-](F)(F)F,297.0,,SurfaceTension,0.039499998,0.0397877,0.00028770044,test,Ion-family,Family,E,Surface tension multi-split parity plot,True
1472,1-hexyl-3-methylimidazolium tetrafluoroborate,CCCCCC[n+]1ccn(C)c1.F[B-](F)(F)F,298.0,,SurfaceTension,0.0392,0.03971784,0.0005178377,test,Ion-family,Family,E,Surface tension multi-split parity plot,True
1470,1-hexyl-3-methylimidazolium tetrafluoroborate,CCCCCC[n+]1ccn(C)c1.F[B-](F)(F)F,298.07,,SurfaceTension,0.038204998,0.039712954,0.0015079565,test,Ion-family,Family,E,Surface tension multi-split parity plot,True
1480,1-hexyl-3-methylimidazolium tetrafluoroborate,CCCCCC[n+]1ccn(C)c1.F[B-](F)(F)F,298.1,,SurfaceTension,0.0404,0.03971085,0.0006891489,test,Ion-family,Family,E,Surface tension multi-split parity plot,True
1478,1-hexyl-3-methylimidazolium tetrafluoroborate,CCCCCC[n+]1ccn(C)c1.F[B-](F)(F)F,298.15,,SurfaceTension,0.037938002,0.03970736,0.0017693564,test,Ion-family,Family,E,Surface tension multi-split parity plot,True
1492,1-hexyl-3-methylimidazolium tetrafluoroborate,CCCCCC[n+]1ccn(C)c1.F[B-](F)(F)F,303.0,,SurfaceTension,0.039450005,0.03936844,8.156523e-05,test,Ion-family,Family,E,Surface tension multi-split parity plot,True
1498,1-hexyl-3-methylimidazolium tetrafluoroborate,CCCCCC[n+]1ccn(C)c1.F[B-](F)(F)F,303.15,,SurfaceTension,0.03883,0.039357956,0.0005279556,test,Ion-family,Family,E,Surface tension multi-split parity plot,True
1501,1-hexyl-3-methylimidazolium tetrafluoroborate,CCCCCC[n+]1ccn(C)c1.F[B-](F)(F)F,303.19,,SurfaceTension,0.037849993,0.03935516,0.0015051663,test,Ion-family,Family,E,Surface tension multi-split parity plot,True
1510,1-hexyl-3-methylimidazolium tetrafluoroborate,CCCCCC[n+]1ccn(C)c1.F[B-](F)(F)F,308.0,,SurfaceTension,0.0387,0.03901872,0.00031872094,test,Ion-family,Family,E,Surface tension multi-split parity plot,True
1515,1-hexyl-3-methylimidazolium tetrafluoroborate,CCCCCC[n+]1ccn(C)c1.F[B-](F)(F)F,308.15,,SurfaceTension,0.0373875,0.03900822,0.0016207173,test,Ion-family,Family,E,Surface tension multi-split parity plot,True
1518,1-hexyl-3-methylimidazolium tetrafluoroborate,CCCCCC[n+]1ccn(C)c1.F[B-](F)(F)F,308.22,,SurfaceTension,0.03766,0.03900332,0.001343321,test,Ion-family,Family,E,Surface tension multi-split parity plot,True
1519,1-hexyl-3-methylimidazolium tetrafluoroborate,CCCCCC[n+]1ccn(C)c1.F[B-](F)(F)F,308.23,,SurfaceTension,0.03764,0.039002623,0.0013626218,test,Ion-family,Family,E,Surface tension multi-split parity plot,True
1529,1-hexyl-3-methylimidazolium tetrafluoroborate,CCCCCC[n+]1ccn(C)c1.F[B-](F)(F)F,313.0,,SurfaceTension,0.0391,0.038668472,0.00043152645,test,Ion-family,Family,E,Surface tension multi-split parity plot,True
1534,1-hexyl-3-methylimidazolium tetrafluoroborate,CCCCCC[n+]1ccn(C)c1.F[B-](F)(F)F,313.15,,SurfaceTension,0.038625,0.038657956,3.2957643e-05,test,Ion-family,Family,E,Surface tension multi-split parity plot,True
1538,1-hexyl-3-methylimidazolium tetrafluoroborate,CCCCCC[n+]1ccn(C)c1.F[B-](F)(F)F,313.35,,SurfaceTension,0.037319995,0.03864393,0.0013239346,test,Ion-family,Family,E,Surface tension multi-split parity plot,True
1539,1-hexyl-3-methylimidazolium tetrafluoroborate,CCCCCC[n+]1ccn(C)c1.F[B-](F)(F)F,313.48,,SurfaceTension,0.03733,0.03863481,0.001304809,test,Ion-family,Family,E,Surface tension multi-split parity plot,True
1549,1-hexyl-3-methylimidazolium tetrafluoroborate,CCCCCC[n+]1ccn(C)c1.F[B-](F)(F)F,318.0,,SurfaceTension,0.038100004,0.038317453,0.00021744892,test,Ion-family,Family,E,Surface tension multi-split parity plot,True
1554,1-hexyl-3-methylimidazolium tetrafluoroborate,CCCCCC[n+]1ccn(C)c1.F[B-](F)(F)F,318.15,,SurfaceTension,0.036574993,0.038306914,0.001731921,test,Ion-family,Family,E,Surface tension multi-split parity plot,True
1557,1-hexyl-3-methylimidazolium tetrafluoroborate,CCCCCC[n+]1ccn(C)c1.F[B-](F)(F)F,318.39,,SurfaceTension,0.037079997,0.038290042,0.0012100451,test,Ion-family,Family,E,Surface tension multi-split parity plot,True
1559,1-hexyl-3-methylimidazolium tetrafluoroborate,CCCCCC[n+]1ccn(C)c1.F[B-](F)(F)F,318.48,,SurfaceTension,0.037079997,0.038283706,0.0012037084,test,Ion-family,Family,E,Surface tension multi-split parity plot,True
1568,1-hexyl-3-methylimidazolium tetrafluoroborate,CCCCCC[n+]1ccn(C)c1.F[B-](F)(F)F,323.0,,SurfaceTension,0.038449995,0.037965365,0.00048463047,test,Ion-family,Family,E,Surface tension multi-split parity plot,True
1574,1-hexyl-3-methylimidazolium tetrafluoroborate,CCCCCC[n+]1ccn(C)c1.F[B-](F)(F)F,323.15,,SurfaceTension,0.037824996,0.037954785,0.00012978911,test,Ion-family,Family,E,Surface tension multi-split parity plot,True
1575,1-hexyl-3-methylimidazolium tetrafluoroborate,CCCCCC[n+]1ccn(C)c1.F[B-](F)(F)F,323.32,,SurfaceTension,0.036830004,0.037942786,0.0011127815,test,Ion-family,Family,E,Surface tension multi-split parity plot,True
1576,1-hexyl-3-methylimidazolium tetrafluoroborate,CCCCCC[n+]1ccn(C)c1.F[B-](F)(F)F,323.34,,SurfaceTension,0.036809996,0.037941374,0.0011313781,test,Ion-family,Family,E,Surface tension multi-split parity plot,True
1580,1-hexyl-3-methylimidazolium tetrafluoroborate,CCCCCC[n+]1ccn(C)c1.F[B-](F)(F)F,328.0,,SurfaceTension,0.037700005,0.03761179,8.8214874e-05,test,Ion-family,Family,E,Surface tension multi-split parity plot,True
1583,1-hexyl-3-methylimidazolium tetrafluoroborate,CCCCCC[n+]1ccn(C)c1.F[B-](F)(F)F,328.15,,SurfaceTension,0.035769995,0.037601154,0.001831159,test,Ion-family,Family,E,Surface tension multi-split parity plot,True
1584,1-hexyl-3-methylimidazolium tetrafluoroborate,CCCCCC[n+]1ccn(C)c1.F[B-](F)(F)F,328.17,,SurfaceTension,0.036530003,0.037599728,0.0010697246,test,Ion-family,Family,E,Surface tension multi-split parity plot,True
1587,1-hexyl-3-methylimidazolium tetrafluoroborate,CCCCCC[n+]1ccn(C)c1.F[B-](F)(F)F,328.2,,SurfaceTension,0.03654,0.0375976,0.0010575987,test,Ion-family,Family,E,Surface tension multi-split parity plot,True
1592,1-hexyl-3-methylimidazolium tetrafluoroborate,CCCCCC[n+]1ccn(C)c1.F[B-](F)(F)F,333.0,,SurfaceTension,0.037849993,0.037256204,0.0005937889,test,Ion-family,Family,E,Surface tension multi-split parity plot,True
1596,1-hexyl-3-methylimidazolium tetrafluoroborate,CCCCCC[n+]1ccn(C)c1.F[B-](F)(F)F,333.15,,SurfaceTension,0.03716,0.0372455,8.549914e-05,test,Ion-family,Family,E,Surface tension multi-split parity plot,True
1599,1-hexyl-3-methylimidazolium tetrafluoroborate,CCCCCC[n+]1ccn(C)c1.F[B-](F)(F)F,333.22,,SurfaceTension,0.036250003,0.0372405,0.0009904988,test,Ion-family,Family,E,Surface tension multi-split parity plot,True
1600,1-hexyl-3-methylimidazolium tetrafluoroborate,CCCCCC[n+]1ccn(C)c1.F[B-](F)(F)F,333.24,,SurfaceTension,0.03621,0.03723908,0.0010290779,test,Ion-family,Family,E,Surface tension multi-split parity plot,True
1606,1-hexyl-3-methylimidazolium tetrafluoroborate,CCCCCC[n+]1ccn(C)c1.F[B-](F)(F)F,337.92,,SurfaceTension,0.036009997,0.036903765,0.0008937679,test,Ion-family,Family,E,Surface tension multi-split parity plot,True
1607,1-hexyl-3-methylimidazolium tetrafluoroborate,CCCCCC[n+]1ccn(C)c1.F[B-](F)(F)F,337.97,,SurfaceTension,0.035999995,0.03690017,0.0009001754,test,Ion-family,Family,E,Surface tension multi-split parity plot,True
1608,1-hexyl-3-methylimidazolium tetrafluoroborate,CCCCCC[n+]1ccn(C)c1.F[B-](F)(F)F,338.0,,SurfaceTension,0.037199996,0.036898013,0.0003019832,test,Ion-family,Family,E,Surface tension multi-split parity plot,True
1611,1-hexyl-3-methylimidazolium tetrafluoroborate,CCCCCC[n+]1ccn(C)c1.F[B-](F)(F)F,338.15,,SurfaceTension,0.035073332,0.03688722,0.0018138885,test,Ion-family,Family,E,Surface tension multi-split parity plot,True
1615,1-hexyl-3-methylimidazolium tetrafluoroborate,CCCCCC[n+]1ccn(C)c1.F[B-](F)(F)F,343.0,,SurfaceTension,0.037049998,0.0365365,0.00051349774,test,Ion-family,Family,E,Surface tension multi-split parity plot,True
1621,1-hexyl-3-methylimidazolium tetrafluoroborate,CCCCCC[n+]1ccn(C)c1.F[B-](F)(F)F,343.79,,SurfaceTension,0.035689995,0.036479026,0.0007890314,test,Ion-family,Family,E,Surface tension multi-split parity plot,True
1622,1-hexyl-3-methylimidazolium tetrafluoroborate,CCCCCC[n+]1ccn(C)c1.F[B-](F)(F)F,348.0,,SurfaceTension,0.036599997,0.036170885,0.00042911246,test,Ion-family,Family,E,Surface tension multi-split parity plot,True
1629,1-hexyl-3-methylimidazolium tetrafluoroborate,CCCCCC[n+]1ccn(C)c1.F[B-](F)(F)F,348.5,,SurfaceTension,0.035439998,0.03613407,0.00069407374,test,Ion-family,Family,E,Surface tension multi-split parity plot,True
1628,1-hexyl-3-methylimidazolium tetrafluoroborate,CCCCCC[n+]1ccn(C)c1.F[B-](F)(F)F,348.54,,SurfaceTension,0.035389997,0.036131125,0.0007411279,test,Ion-family,Family,E,Surface tension multi-split parity plot,True
1632,1-hexyl-3-methylimidazolium tetrafluoroborate,CCCCCC[n+]1ccn(C)c1.F[B-](F)(F)F,353.0,,SurfaceTension,0.0365,0.035800368,0.00069963187,test,Ion-family,Family,E,Surface tension multi-split parity plot,True
1637,1-hexyl-3-methylimidazolium tetrafluoroborate,CCCCCC[n+]1ccn(C)c1.F[B-](F)(F)F,356.17,,SurfaceTension,0.03499,0.035562526,0.00057252496,test,Ion-family,Family,E,Surface tension multi-split parity plot,True
1638,1-hexyl-3-methylimidazolium tetrafluoroborate,CCCCCC[n+]1ccn(C)c1.F[B-](F)(F)F,356.18,,SurfaceTension,0.034999996,0.03556177,0.0005617738,test,Ion-family,Family,E,Surface tension multi-split parity plot,True
1639,1-hexyl-3-methylimidazolium tetrafluoroborate,CCCCCC[n+]1ccn(C)c1.F[B-](F)(F)F,358.0,,SurfaceTension,0.036200006,0.035424083,0.0007759221,test,Ion-family,Family,E,Surface tension multi-split parity plot,True
1642,1-hexyl-3-methylimidazolium tetrafluoroborate,CCCCCC[n+]1ccn(C)c1.F[B-](F)(F)F,363.0,,SurfaceTension,0.03605,0.03504122,0.0010087788,test,Ion-family,Family,E,Surface tension multi-split parity plot,True
1645,1-hexyl-3-methylimidazolium tetrafluoroborate,CCCCCC[n+]1ccn(C)c1.F[B-](F)(F)F,368.0,,SurfaceTension,0.035599995,0.03465099,0.0009490065,test,Ion-family,Family,E,Surface tension multi-split parity plot,True
1648,1-hexyl-3-methylimidazolium tetrafluoroborate,CCCCCC[n+]1ccn(C)c1.F[B-](F)(F)F,368.1,,SurfaceTension,0.035899997,0.034643102,0.0012568943,test,Ion-family,Family,E,Surface tension multi-split parity plot,True
1649,1-hexyl-3-methylimidazolium tetrafluoroborate,CCCCCC[n+]1ccn(C)c1.F[B-](F)(F)F,373.0,,SurfaceTension,0.035399996,0.034252666,0.0011473298,test,Ion-family,Family,E,Surface tension multi-split parity plot,True
1651,1-hexyl-3-methylimidazolium tetrafluoroborate,CCCCCC[n+]1ccn(C)c1.F[B-](F)(F)F,378.0,,SurfaceTension,0.0351,0.03384566,0.0012543425,test,Ion-family,Family,E,Surface tension multi-split parity plot,True
1653,1-hexyl-3-methylimidazolium tetrafluoroborate,CCCCCC[n+]1ccn(C)c1.F[B-](F)(F)F,383.0,,SurfaceTension,0.0349,0.033429496,0.0014705025,test,Ion-family,Family,E,Surface tension multi-split parity plot,True
1654,1-hexyl-3-methylimidazolium tetrafluoroborate,CCCCCC[n+]1ccn(C)c1.F[B-](F)(F)F,388.0,,SurfaceTension,0.034599997,0.03300387,0.0015961267,test,Ion-family,Family,E,Surface tension multi-split parity plot,True
1656,1-hexyl-3-methylimidazolium tetrafluoroborate,CCCCCC[n+]1ccn(C)c1.F[B-](F)(F)F,393.0,,SurfaceTension,0.0343,0.032568656,0.0017313436,test,Ion-family,Family,E,Surface tension multi-split parity plot,True
1773,1-hexyl-3-methylimidazolium tris(pentafluoroethyl)trifluorophosphate,CCCCCCn1cc[n+](C)c1.FC(F)(F)C(F)(F)[P-](F)(F)(F)(C(F)(F)C(F)(F)F)C(F)(F)C(F)(F)F,267.03,,SurfaceTension,0.033310004,0.035957277,0.0026472732,test,Ion-family,Family,E,Surface tension multi-split parity plot,True
1774,1-hexyl-3-methylimidazolium tris(pentafluoroethyl)trifluorophosphate,CCCCCCn1cc[n+](C)c1.FC(F)(F)C(F)(F)[P-](F)(F)(F)(C(F)(F)C(F)(F)F)C(F)(F)C(F)(F)F,267.14,,SurfaceTension,0.033439998,0.035952177,0.0025121793,test,Ion-family,Family,E,Surface tension multi-split parity plot,True
1776,1-hexyl-3-methylimidazolium tris(pentafluoroethyl)trifluorophosphate,CCCCCCn1cc[n+](C)c1.FC(F)(F)C(F)(F)[P-](F)(F)(F)(C(F)(F)C(F)(F)F)C(F)(F)C(F)(F)F,268.67,,SurfaceTension,0.033370003,0.035881344,0.0025113411,test,Ion-family,Family,E,Surface tension multi-split parity plot,True
1777,1-hexyl-3-methylimidazolium tris(pentafluoroethyl)trifluorophosphate,CCCCCCn1cc[n+](C)c1.FC(F)(F)C(F)(F)[P-](F)(F)(F)(C(F)(F)C(F)(F)F)C(F)(F)C(F)(F)F,268.69,,SurfaceTension,0.03323,0.03588042,0.002650421,test,Ion-family,Family,E,Surface tension multi-split parity plot,True
1779,1-hexyl-3-methylimidazolium tris(pentafluoroethyl)trifluorophosphate,CCCCCCn1cc[n+](C)c1.FC(F)(F)C(F)(F)[P-](F)(F)(F)(C(F)(F)C(F)(F)F)C(F)(F)C(F)(F)F,272.86,,SurfaceTension,0.033090003,0.03568809,0.0025980882,test,Ion-family,Family,E,Surface tension multi-split parity plot,True
1780,1-hexyl-3-methylimidazolium tris(pentafluoroethyl)trifluorophosphate,CCCCCCn1cc[n+](C)c1.FC(F)(F)C(F)(F)[P-](F)(F)(F)(C(F)(F)C(F)(F)F)C(F)(F)C(F)(F)F,272.93,,SurfaceTension,0.033099998,0.035684865,0.0025848672,test,Ion-family,Family,E,Surface tension multi-split parity plot,True
1782,1-hexyl-3-methylimidazolium tris(pentafluoroethyl)trifluorophosphate,CCCCCCn1cc[n+](C)c1.FC(F)(F)C(F)(F)[P-](F)(F)(F)(C(F)(F)C(F)(F)F)C(F)(F)C(F)(F)F,278.32,,SurfaceTension,0.03278,0.035435554,0.0026555546,test,Ion-family,Family,E,Surface tension multi-split parity plot,True
1783,1-hexyl-3-methylimidazolium tris(pentafluoroethyl)trifluorophosphate,CCCCCCn1cc[n+](C)c1.FC(F)(F)C(F)(F)[P-](F)(F)(F)(C(F)(F)C(F)(F)F)C(F)(F)C(F)(F)F,278.37,,SurfaceTension,0.032789998,0.035433233,0.002643235,test,Ion-family,Family,E,Surface tension multi-split parity plot,True
1786,1-hexyl-3-methylimidazolium tris(pentafluoroethyl)trifluorophosphate,CCCCCCn1cc[n+](C)c1.FC(F)(F)C(F)(F)[P-](F)(F)(F)(C(F)(F)C(F)(F)F)C(F)(F)C(F)(F)F,283.13,,SurfaceTension,0.03254,0.03520961,0.00266961,test,Ion-family,Family,E,Surface tension multi-split parity plot,True
1787,1-hexyl-3-methylimidazolium tris(pentafluoroethyl)trifluorophosphate,CCCCCCn1cc[n+](C)c1.FC(F)(F)C(F)(F)[P-](F)(F)(F)(C(F)(F)C(F)(F)F)C(F)(F)C(F)(F)F,283.22,,SurfaceTension,0.032469995,0.035205342,0.0027353466,test,Ion-family,Family,E,Surface tension multi-split parity plot,True
1789,1-hexyl-3-methylimidazolium tris(pentafluoroethyl)trifluorophosphate,CCCCCCn1cc[n+](C)c1.FC(F)(F)C(F)(F)[P-](F)(F)(F)(C(F)(F)C(F)(F)F)C(F)(F)C(F)(F)F,288.45,,SurfaceTension,0.0323,0.034952607,0.0026526079,test,Ion-family,Family,E,Surface tension multi-split parity plot,True
1790,1-hexyl-3-methylimidazolium tris(pentafluoroethyl)trifluorophosphate,CCCCCCn1cc[n+](C)c1.FC(F)(F)C(F)(F)[P-](F)(F)(F)(C(F)(F)C(F)(F)F)C(F)(F)C(F)(F)F,288.54,,SurfaceTension,0.03214,0.034948174,0.0028081723,test,Ion-family,Family,E,Surface tension multi-split parity plot,True
1792,1-hexyl-3-methylimidazolium tris(pentafluoroethyl)trifluorophosphate,CCCCCCn1cc[n+](C)c1.FC(F)(F)C(F)(F)[P-](F)(F)(F)(C(F)(F)C(F)(F)F)C(F)(F)C(F)(F)F,293.04,,SurfaceTension,0.032009996,0.034722283,0.002712287,test,Ion-family,Family,E,Surface tension multi-split parity plot,True
1793,1-hexyl-3-methylimidazolium tris(pentafluoroethyl)trifluorophosphate,CCCCCCn1cc[n+](C)c1.FC(F)(F)C(F)(F)[P-](F)(F)(F)(C(F)(F)C(F)(F)F)C(F)(F)C(F)(F)F,293.13,,SurfaceTension,0.031909995,0.034717675,0.0028076805,test,Ion-family,Family,E,Surface tension multi-split parity plot,True
1805,1-hexyl-3-methylimidazolium tris(pentafluoroethyl)trifluorophosphate,CCCCCCn1cc[n+](C)c1.FC(F)(F)C(F)(F)[P-](F)(F)(F)(C(F)(F)C(F)(F)F)C(F)(F)C(F)(F)F,298.24,,SurfaceTension,0.03181,0.03444903,0.0026390292,test,Ion-family,Family,E,Surface tension multi-split parity plot,True
1806,1-hexyl-3-methylimidazolium tris(pentafluoroethyl)trifluorophosphate,CCCCCCn1cc[n+](C)c1.FC(F)(F)C(F)(F)[P-](F)(F)(F)(C(F)(F)C(F)(F)F)C(F)(F)C(F)(F)F,298.35,,SurfaceTension,0.031599995,0.03444308,0.0028430857,test,Ion-family,Family,E,Surface tension multi-split parity plot,True
1812,1-hexyl-3-methylimidazolium tris(pentafluoroethyl)trifluorophosphate,CCCCCCn1cc[n+](C)c1.FC(F)(F)C(F)(F)[P-](F)(F)(F)(C(F)(F)C(F)(F)F)C(F)(F)C(F)(F)F,302.96,,SurfaceTension,0.031499997,0.034187518,0.0026875213,test,Ion-family,Family,E,Surface tension multi-split parity plot,True
1814,1-hexyl-3-methylimidazolium tris(pentafluoroethyl)trifluorophosphate,CCCCCCn1cc[n+](C)c1.FC(F)(F)C(F)(F)[P-](F)(F)(F)(C(F)(F)C(F)(F)F)C(F)(F)C(F)(F)F,303.01,,SurfaceTension,0.03139,0.034184664,0.0027946644,test,Ion-family,Family,E,Surface tension multi-split parity plot,True
1824,1-hexyl-3-methylimidazolium tris(pentafluoroethyl)trifluorophosphate,CCCCCCn1cc[n+](C)c1.FC(F)(F)C(F)(F)[P-](F)(F)(F)(C(F)(F)C(F)(F)F)C(F)(F)C(F)(F)F,307.84,,SurfaceTension,0.03128,0.033901937,0.0026219375,test,Ion-family,Family,E,Surface tension multi-split parity plot,True
1826,1-hexyl-3-methylimidazolium tris(pentafluoroethyl)trifluorophosphate,CCCCCCn1cc[n+](C)c1.FC(F)(F)C(F)(F)[P-](F)(F)(F)(C(F)(F)C(F)(F)F)C(F)(F)C(F)(F)F,307.9,,SurfaceTension,0.031110004,0.033898324,0.0027883202,test,Ion-family,Family,E,Surface tension multi-split parity plot,True
1835,1-hexyl-3-methylimidazolium tris(pentafluoroethyl)trifluorophosphate,CCCCCCn1cc[n+](C)c1.FC(F)(F)C(F)(F)[P-](F)(F)(F)(C(F)(F)C(F)(F)F)C(F)(F)C(F)(F)F,312.96,,SurfaceTension,0.031049997,0.03358441,0.0025344118,test,Ion-family,Family,E,Surface tension multi-split parity plot,True
1836,1-hexyl-3-methylimidazolium tris(pentafluoroethyl)trifluorophosphate,CCCCCCn1cc[n+](C)c1.FC(F)(F)C(F)(F)[P-](F)(F)(F)(C(F)(F)C(F)(F)F)C(F)(F)C(F)(F)F,312.99,,SurfaceTension,0.030729998,0.033582497,0.0028524995,test,Ion-family,Family,E,Surface tension multi-split parity plot,True
1850,1-hexyl-3-methylimidazolium tris(pentafluoroethyl)trifluorophosphate,CCCCCCn1cc[n+](C)c1.FC(F)(F)C(F)(F)[P-](F)(F)(F)(C(F)(F)C(F)(F)F)C(F)(F)C(F)(F)F,318.33,,SurfaceTension,0.030699998,0.033231072,0.002531074,test,Ion-family,Family,E,Surface tension multi-split parity plot,True
1852,1-hexyl-3-methylimidazolium tris(pentafluoroethyl)trifluorophosphate,CCCCCCn1cc[n+](C)c1.FC(F)(F)C(F)(F)[P-](F)(F)(F)(C(F)(F)C(F)(F)F)C(F)(F)C(F)(F)F,318.55,,SurfaceTension,0.030399999,0.033216145,0.0028161462,test,Ion-family,Family,E,Surface tension multi-split parity plot,True
1858,1-hexyl-3-methylimidazolium tris(pentafluoroethyl)trifluorophosphate,CCCCCCn1cc[n+](C)c1.FC(F)(F)C(F)(F)[P-](F)(F)(F)(C(F)(F)C(F)(F)F)C(F)(F)C(F)(F)F,322.78,,SurfaceTension,0.030350003,0.03292266,0.0025726557,test,Ion-family,Family,E,Surface tension multi-split parity plot,True
1864,1-hexyl-3-methylimidazolium tris(pentafluoroethyl)trifluorophosphate,CCCCCCn1cc[n+](C)c1.FC(F)(F)C(F)(F)[P-](F)(F)(F)(C(F)(F)C(F)(F)F)C(F)(F)C(F)(F)F,323.16,,SurfaceTension,0.029880002,0.03289569,0.0030156896,test,Ion-family,Family,E,Surface tension multi-split parity plot,True
1870,1-hexyl-3-methylimidazolium tris(pentafluoroethyl)trifluorophosphate,CCCCCCn1cc[n+](C)c1.FC(F)(F)C(F)(F)[P-](F)(F)(F)(C(F)(F)C(F)(F)F)C(F)(F)C(F)(F)F,327.51,,SurfaceTension,0.03007,0.03258014,0.0025101416,test,Ion-family,Family,E,Surface tension multi-split parity plot,True
1872,1-hexyl-3-methylimidazolium tris(pentafluoroethyl)trifluorophosphate,CCCCCCn1cc[n+](C)c1.FC(F)(F)C(F)(F)[P-](F)(F)(F)(C(F)(F)C(F)(F)F)C(F)(F)C(F)(F)F,327.67,,SurfaceTension,0.029839998,0.032568306,0.0027283076,test,Ion-family,Family,E,Surface tension multi-split parity plot,True
1884,1-hexyl-3-methylimidazolium tris(pentafluoroethyl)trifluorophosphate,CCCCCCn1cc[n+](C)c1.FC(F)(F)C(F)(F)[P-](F)(F)(F)(C(F)(F)C(F)(F)F)C(F)(F)C(F)(F)F,333.66,,SurfaceTension,0.029429998,0.032114293,0.0026842952,test,Ion-family,Family,E,Surface tension multi-split parity plot,True
1885,1-hexyl-3-methylimidazolium tris(pentafluoroethyl)trifluorophosphate,CCCCCCn1cc[n+](C)c1.FC(F)(F)C(F)(F)[P-](F)(F)(F)(C(F)(F)C(F)(F)F)C(F)(F)C(F)(F)F,333.67,,SurfaceTension,0.02969,0.03211351,0.0024235118,test,Ion-family,Family,E,Surface tension multi-split parity plot,True
1890,1-hexyl-3-methylimidazolium tris(pentafluoroethyl)trifluorophosphate,CCCCCCn1cc[n+](C)c1.FC(F)(F)C(F)(F)[P-](F)(F)(F)(C(F)(F)C(F)(F)F)C(F)(F)C(F)(F)F,337.76,,SurfaceTension,0.029470002,0.031792592,0.00232259,test,Ion-family,Family,E,Surface tension multi-split parity plot,True
1892,1-hexyl-3-methylimidazolium tris(pentafluoroethyl)trifluorophosphate,CCCCCCn1cc[n+](C)c1.FC(F)(F)C(F)(F)[P-](F)(F)(F)(C(F)(F)C(F)(F)F)C(F)(F)C(F)(F)F,337.8,,SurfaceTension,0.029189996,0.03178941,0.0025994144,test,Ion-family,Family,E,Surface tension multi-split parity plot,True
1900,1-hexyl-3-methylimidazolium tris(pentafluoroethyl)trifluorophosphate,CCCCCCn1cc[n+](C)c1.FC(F)(F)C(F)(F)[P-](F)(F)(F)(C(F)(F)C(F)(F)F)C(F)(F)C(F)(F)F,342.86,,SurfaceTension,0.029140003,0.031382293,0.0022422895,test,Ion-family,Family,E,Surface tension multi-split parity plot,True
1901,1-hexyl-3-methylimidazolium tris(pentafluoroethyl)trifluorophosphate,CCCCCCn1cc[n+](C)c1.FC(F)(F)C(F)(F)[P-](F)(F)(F)(C(F)(F)C(F)(F)F)C(F)(F)C(F)(F)F,342.94,,SurfaceTension,0.028860003,0.031375773,0.0025157705,test,Ion-family,Family,E,Surface tension multi-split parity plot,True
1909,1-hexyl-3-methylimidazolium tris(pentafluoroethyl)trifluorophosphate,CCCCCCn1cc[n+](C)c1.FC(F)(F)C(F)(F)[P-](F)(F)(F)(C(F)(F)C(F)(F)F)C(F)(F)C(F)(F)F,348.3,,SurfaceTension,0.02857,0.030935088,0.002365088,test,Ion-family,Family,E,Surface tension multi-split parity plot,True
1908,1-hexyl-3-methylimidazolium tris(pentafluoroethyl)trifluorophosphate,CCCCCCn1cc[n+](C)c1.FC(F)(F)C(F)(F)[P-](F)(F)(F)(C(F)(F)C(F)(F)F)C(F)(F)C(F)(F)F,348.31,,SurfaceTension,0.02884,0.030934252,0.002094252,test,Ion-family,Family,E,Surface tension multi-split parity plot,True
1911,1-hexyl-3-methylimidazolium tris(pentafluoroethyl)trifluorophosphate,CCCCCCn1cc[n+](C)c1.FC(F)(F)C(F)(F)[P-](F)(F)(F)(C(F)(F)C(F)(F)F)C(F)(F)C(F)(F)F,352.64,,SurfaceTension,0.02857,0.030573318,0.0020033177,test,Ion-family,Family,E,Surface tension multi-split parity plot,True
1912,1-hexyl-3-methylimidazolium tris(pentafluoroethyl)trifluorophosphate,CCCCCCn1cc[n+](C)c1.FC(F)(F)C(F)(F)[P-](F)(F)(F)(C(F)(F)C(F)(F)F)C(F)(F)C(F)(F)F,352.89,,SurfaceTension,0.028270002,0.030552384,0.002282381,test,Ion-family,Family,E,Surface tension multi-split parity plot,True
1915,1-hexyl-3-methylimidazolium tris(pentafluoroethyl)trifluorophosphate,CCCCCCn1cc[n+](C)c1.FC(F)(F)C(F)(F)[P-](F)(F)(F)(C(F)(F)C(F)(F)F)C(F)(F)C(F)(F)F,357.97,,SurfaceTension,0.02821,0.030125368,0.0019153692,test,Ion-family,Family,E,Surface tension multi-split parity plot,True
1916,1-hexyl-3-methylimidazolium tris(pentafluoroethyl)trifluorophosphate,CCCCCCn1cc[n+](C)c1.FC(F)(F)C(F)(F)[P-](F)(F)(F)(C(F)(F)C(F)(F)F)C(F)(F)C(F)(F)F,358.07,,SurfaceTension,0.027869996,0.030116946,0.0022469498,test,Ion-family,Family,E,Surface tension multi-split parity plot,True
1918,1-hexyl-3-methylimidazolium tris(pentafluoroethyl)trifluorophosphate,CCCCCCn1cc[n+](C)c1.FC(F)(F)C(F)(F)[P-](F)(F)(F)(C(F)(F)C(F)(F)F)C(F)(F)C(F)(F)F,359.89,,SurfaceTension,0.02807,0.029963467,0.0018934682,test,Ion-family,Family,E,Surface tension multi-split parity plot,True
1919,1-hexyl-3-methylimidazolium tris(pentafluoroethyl)trifluorophosphate,CCCCCCn1cc[n+](C)c1.FC(F)(F)C(F)(F)[P-](F)(F)(F)(C(F)(F)C(F)(F)F)C(F)(F)C(F)(F)F,360.23,,SurfaceTension,0.027619997,0.02993478,0.0023147836,test,Ion-family,Family,E,Surface tension multi-split parity plot,True
36,1-isobutenyl-3-methylimidazolium tetrafluoroborate,CC(C)=C[n+]1ccn(C)c1.F[B-](F)(F)F,298.15,,SurfaceTension,0.051800005,0.045475144,0.006324861,test,Ion-family,Family,E,Surface tension multi-split parity plot,True
1282,1-methyl-3-octylimidazolium phenolate,CCCCCCCCn1cc[n+](C)c1.[O-]c1ccccc1,293.15,,SurfaceTension,0.032430004,0.035935543,0.0035055391,test,Ion-family,Family,E,Surface tension multi-split parity plot,True
1284,1-methyl-3-octylimidazolium phenolate,CCCCCCCCn1cc[n+](C)c1.[O-]c1ccccc1,303.15,,SurfaceTension,0.03151,0.035276975,0.0037669763,test,Ion-family,Family,E,Surface tension multi-split parity plot,True
1287,1-methyl-3-octylimidazolium phenolate,CCCCCCCCn1cc[n+](C)c1.[O-]c1ccccc1,313.15,,SurfaceTension,0.03103,0.034635503,0.0036055036,test,Ion-family,Family,E,Surface tension multi-split parity plot,True
1290,1-methyl-3-octylimidazolium phenolate,CCCCCCCCn1cc[n+](C)c1.[O-]c1ccccc1,323.15,,SurfaceTension,0.030119998,0.03399781,0.003877813,test,Ion-family,Family,E,Surface tension multi-split parity plot,True
1293,1-methyl-3-octylimidazolium phenolate,CCCCCCCCn1cc[n+](C)c1.[O-]c1ccccc1,333.15,,SurfaceTension,0.02902,0.033350613,0.0043306127,test,Ion-family,Family,E,Surface tension multi-split parity plot,True
1296,1-methyl-3-octylimidazolium phenolate,CCCCCCCCn1cc[n+](C)c1.[O-]c1ccccc1,343.15,,SurfaceTension,0.02778,0.032681942,0.004901942,test,Ion-family,Family,E,Surface tension multi-split parity plot,True
1299,1-methyl-3-octylimidazolium phenolate,CCCCCCCCn1cc[n+](C)c1.[O-]c1ccccc1,353.15,,SurfaceTension,0.02678,0.031982455,0.0052024554,test,Ion-family,Family,E,Surface tension multi-split parity plot,True
939,1-methyl-3-octylimidazolium tetrafluoroborate,CCCCCCCCn1cc[n+](C)c1.F[B-](F)(F)F,288.15,,SurfaceTension,0.034149997,0.03685729,0.0027072914,test,Ion-family,Family,E,Surface tension multi-split parity plot,True
951,1-methyl-3-octylimidazolium tetrafluoroborate,CCCCCCCCn1cc[n+](C)c1.F[B-](F)(F)F,293.0,,SurfaceTension,0.033310004,0.036493175,0.0031831712,test,Ion-family,Family,E,Surface tension multi-split parity plot,True
956,1-methyl-3-octylimidazolium tetrafluoroborate,CCCCCCCCn1cc[n+](C)c1.F[B-](F)(F)F,293.15,,SurfaceTension,0.033619996,0.036481913,0.002861917,test,Ion-family,Family,E,Surface tension multi-split parity plot,True
971,1-methyl-3-octylimidazolium tetrafluoroborate,CCCCCCCCn1cc[n+](C)c1.F[B-](F)(F)F,297.8,,SurfaceTension,0.0327,0.036132667,0.0034326687,test,Ion-family,Family,E,Surface tension multi-split parity plot,True
973,1-methyl-3-octylimidazolium tetrafluoroborate,CCCCCCCCn1cc[n+](C)c1.F[B-](F)(F)F,298.0,,SurfaceTension,0.030699998,0.036117636,0.0054176375,test,Ion-family,Family,E,Surface tension multi-split parity plot,True
978,1-methyl-3-octylimidazolium tetrafluoroborate,CCCCCCCCn1cc[n+](C)c1.F[B-](F)(F)F,298.15,,SurfaceTension,0.032019995,0.03610636,0.004086364,test,Ion-family,Family,E,Surface tension multi-split parity plot,True
984,1-methyl-3-octylimidazolium tetrafluoroborate,CCCCCCCCn1cc[n+](C)c1.F[B-](F)(F)F,298.45,,SurfaceTension,0.0323,0.036083814,0.0037838146,test,Ion-family,Family,E,Surface tension multi-split parity plot,True
997,1-methyl-3-octylimidazolium tetrafluoroborate,CCCCCCCCn1cc[n+](C)c1.F[B-](F)(F)F,303.0,,SurfaceTension,0.030399999,0.035894312,0.0054943133,test,Ion-family,Family,E,Surface tension multi-split parity plot,True
1002,1-methyl-3-octylimidazolium tetrafluoroborate,CCCCCCCCn1cc[n+](C)c1.F[B-](F)(F)F,303.15,,SurfaceTension,0.033039995,0.035882898,0.0028429031,test,Ion-family,Family,E,Surface tension multi-split parity plot,True
1004,1-methyl-3-octylimidazolium tetrafluoroborate,CCCCCCCCn1cc[n+](C)c1.F[B-](F)(F)F,303.35,,SurfaceTension,0.032000005,0.035867665,0.0038676597,test,Ion-family,Family,E,Surface tension multi-split parity plot,True
1014,1-methyl-3-octylimidazolium tetrafluoroborate,CCCCCCCCn1cc[n+](C)c1.F[B-](F)(F)F,308.0,,SurfaceTension,0.0301,0.035512976,0.005412977,test,Ion-family,Family,E,Surface tension multi-split parity plot,True
1032,1-methyl-3-octylimidazolium tetrafluoroborate,CCCCCCCCn1cc[n+](C)c1.F[B-](F)(F)F,313.0,,SurfaceTension,0.0299,0.03512993,0.0052299313,test,Ion-family,Family,E,Surface tension multi-split parity plot,True
1038,1-methyl-3-octylimidazolium tetrafluoroborate,CCCCCCCCn1cc[n+](C)c1.F[B-](F)(F)F,313.15,,SurfaceTension,0.03182,0.035118416,0.0032984167,test,Ion-family,Family,E,Surface tension multi-split parity plot,True
1040,1-methyl-3-octylimidazolium tetrafluoroborate,CCCCCCCCn1cc[n+](C)c1.F[B-](F)(F)F,313.2,,SurfaceTension,0.032400005,0.035114575,0.0027145706,test,Ion-family,Family,E,Surface tension multi-split parity plot,True
1054,1-methyl-3-octylimidazolium tetrafluoroborate,CCCCCCCCn1cc[n+](C)c1.F[B-](F)(F)F,318.0,,SurfaceTension,0.029599998,0.034744777,0.0051447786,test,Ion-family,Family,E,Surface tension multi-split parity plot,True
1072,1-methyl-3-octylimidazolium tetrafluoroborate,CCCCCCCCn1cc[n+](C)c1.F[B-](F)(F)F,323.0,,SurfaceTension,0.029399997,0.0343571,0.004957104,test,Ion-family,Family,E,Surface tension multi-split parity plot,True
1069,1-methyl-3-octylimidazolium tetrafluoroborate,CCCCCCCCn1cc[n+](C)c1.F[B-](F)(F)F,323.05,,SurfaceTension,0.030899998,0.03435321,0.0034532137,test,Ion-family,Family,E,Surface tension multi-split parity plot,True
1080,1-methyl-3-octylimidazolium tetrafluoroborate,CCCCCCCCn1cc[n+](C)c1.F[B-](F)(F)F,323.15,,SurfaceTension,0.031670004,0.034345437,0.0026754327,test,Ion-family,Family,E,Surface tension multi-split parity plot,True
1089,1-methyl-3-octylimidazolium tetrafluoroborate,CCCCCCCCn1cc[n+](C)c1.F[B-](F)(F)F,328.0,,SurfaceTension,0.029200003,0.033966545,0.0047665425,test,Ion-family,Family,E,Surface tension multi-split parity plot,True
1099,1-methyl-3-octylimidazolium tetrafluoroborate,CCCCCCCCn1cc[n+](C)c1.F[B-](F)(F)F,332.85,,SurfaceTension,0.030399999,0.033584636,0.003184637,test,Ion-family,Family,E,Surface tension multi-split parity plot,True
1101,1-methyl-3-octylimidazolium tetrafluoroborate,CCCCCCCCn1cc[n+](C)c1.F[B-](F)(F)F,333.0,,SurfaceTension,0.0289,0.033572778,0.004672779,test,Ion-family,Family,E,Surface tension multi-split parity plot,True
1109,1-methyl-3-octylimidazolium tetrafluoroborate,CCCCCCCCn1cc[n+](C)c1.F[B-](F)(F)F,333.15,,SurfaceTension,0.030870002,0.03356091,0.0026909076,test,Ion-family,Family,E,Surface tension multi-split parity plot,True
1113,1-methyl-3-octylimidazolium tetrafluoroborate,CCCCCCCCn1cc[n+](C)c1.F[B-](F)(F)F,333.47,,SurfaceTension,0.0313,0.03353559,0.0022355877,test,Ion-family,Family,E,Surface tension multi-split parity plot,True
1119,1-methyl-3-octylimidazolium tetrafluoroborate,CCCCCCCCn1cc[n+](C)c1.F[B-](F)(F)F,336.0,,SurfaceTension,0.029800002,0.033334855,0.0035348535,test,Ion-family,Family,E,Surface tension multi-split parity plot,True
1122,1-methyl-3-octylimidazolium tetrafluoroborate,CCCCCCCCn1cc[n+](C)c1.F[B-](F)(F)F,338.0,,SurfaceTension,0.028700002,0.033175513,0.0044755116,test,Ion-family,Family,E,Surface tension multi-split parity plot,True
1133,1-methyl-3-octylimidazolium tetrafluoroborate,CCCCCCCCn1cc[n+](C)c1.F[B-](F)(F)F,343.0,,SurfaceTension,0.0284,0.032774534,0.004374534,test,Ion-family,Family,E,Surface tension multi-split parity plot,True
1138,1-methyl-3-octylimidazolium tetrafluoroborate,CCCCCCCCn1cc[n+](C)c1.F[B-](F)(F)F,343.15,,SurfaceTension,0.02986667,0.032762438,0.0028957687,test,Ion-family,Family,E,Surface tension multi-split parity plot,True
1146,1-methyl-3-octylimidazolium tetrafluoroborate,CCCCCCCCn1cc[n+](C)c1.F[B-](F)(F)F,348.0,,SurfaceTension,0.028199999,0.03236966,0.0041696597,test,Ion-family,Family,E,Surface tension multi-split parity plot,True
1157,1-methyl-3-octylimidazolium tetrafluoroborate,CCCCCCCCn1cc[n+](C)c1.F[B-](F)(F)F,352.11,,SurfaceTension,0.030200003,0.03203388,0.0018338766,test,Ion-family,Family,E,Surface tension multi-split parity plot,True
1159,1-methyl-3-octylimidazolium tetrafluoroborate,CCCCCCCCn1cc[n+](C)c1.F[B-](F)(F)F,352.95,,SurfaceTension,0.029099997,0.03196491,0.0028649122,test,Ion-family,Family,E,Surface tension multi-split parity plot,True
1160,1-methyl-3-octylimidazolium tetrafluoroborate,CCCCCCCCn1cc[n+](C)c1.F[B-](F)(F)F,353.0,,SurfaceTension,0.027900001,0.031960808,0.0040608067,test,Ion-family,Family,E,Surface tension multi-split parity plot,True
1170,1-methyl-3-octylimidazolium tetrafluoroborate,CCCCCCCCn1cc[n+](C)c1.F[B-](F)(F)F,358.0,,SurfaceTension,0.0277,0.03154793,0.0038479306,test,Ion-family,Family,E,Surface tension multi-split parity plot,True
1177,1-methyl-3-octylimidazolium tetrafluoroborate,CCCCCCCCn1cc[n+](C)c1.F[B-](F)(F)F,361.85,,SurfaceTension,0.028700002,0.031227296,0.0025272947,test,Ion-family,Family,E,Surface tension multi-split parity plot,True
1179,1-methyl-3-octylimidazolium tetrafluoroborate,CCCCCCCCn1cc[n+](C)c1.F[B-](F)(F)F,363.0,,SurfaceTension,0.027400002,0.031131066,0.0037310645,test,Ion-family,Family,E,Surface tension multi-split parity plot,True
1189,1-methyl-3-octylimidazolium tetrafluoroborate,CCCCCCCCn1cc[n+](C)c1.F[B-](F)(F)F,368.0,,SurfaceTension,0.027199998,0.030710336,0.0035103373,test,Ion-family,Family,E,Surface tension multi-split parity plot,True
1192,1-methyl-3-octylimidazolium tetrafluoroborate,CCCCCCCCn1cc[n+](C)c1.F[B-](F)(F)F,373.0,,SurfaceTension,0.027000003,0.03028593,0.0032859277,test,Ion-family,Family,E,Surface tension multi-split parity plot,True
1193,1-methyl-3-octylimidazolium tetrafluoroborate,CCCCCCCCn1cc[n+](C)c1.F[B-](F)(F)F,373.14,,SurfaceTension,0.028100003,0.030273987,0.0021739844,test,Ion-family,Family,E,Surface tension multi-split parity plot,True
1196,1-methyl-3-octylimidazolium tetrafluoroborate,CCCCCCCCn1cc[n+](C)c1.F[B-](F)(F)F,378.0,,SurfaceTension,0.026699997,0.029858138,0.003158141,test,Ion-family,Family,E,Surface tension multi-split parity plot,True
1198,1-methyl-3-octylimidazolium tetrafluoroborate,CCCCCCCCn1cc[n+](C)c1.F[B-](F)(F)F,383.0,,SurfaceTension,0.026499998,0.02942737,0.0029273722,test,Ion-family,Family,E,Surface tension multi-split parity plot,True
1201,1-methyl-3-octylimidazolium tetrafluoroborate,CCCCCCCCn1cc[n+](C)c1.F[B-](F)(F)F,388.0,,SurfaceTension,0.026299998,0.028994115,0.002694117,test,Ion-family,Family,E,Surface tension multi-split parity plot,True
1203,1-methyl-3-octylimidazolium tetrafluoroborate,CCCCCCCCn1cc[n+](C)c1.F[B-](F)(F)F,392.83,,SurfaceTension,0.0277,0.028573807,0.0008738078,test,Ion-family,Family,E,Surface tension multi-split parity plot,True
1204,1-methyl-3-octylimidazolium tetrafluoroborate,CCCCCCCCn1cc[n+](C)c1.F[B-](F)(F)F,393.0,,SurfaceTension,0.025999999,0.028558988,0.0025589895,test,Ion-family,Family,E,Surface tension multi-split parity plot,True
1210,1-methyl-3-octylimidazolium tetrafluoroborate,CCCCCCCCn1cc[n+](C)c1.F[B-](F)(F)F,412.26,,SurfaceTension,0.027199998,0.026879521,0.0003204774,test,Ion-family,Family,E,Surface tension multi-split parity plot,True
1215,1-methyl-3-octylimidazolium tetrafluoroborate,CCCCCCCCn1cc[n+](C)c1.F[B-](F)(F)F,431.6,,SurfaceTension,0.025300002,0.02522936,7.064082e-05,test,Ion-family,Family,E,Surface tension multi-split parity plot,True
1218,1-methyl-3-octylimidazolium tetrafluoroborate,CCCCCCCCn1cc[n+](C)c1.F[B-](F)(F)F,451.63,,SurfaceTension,0.024499996,0.02362249,0.00087750517,test,Ion-family,Family,E,Surface tension multi-split parity plot,True
1221,1-methyl-3-octylimidazolium tetrafluoroborate,CCCCCCCCn1cc[n+](C)c1.F[B-](F)(F)F,470.56,,SurfaceTension,0.0237,0.022249442,0.0014505591,test,Ion-family,Family,E,Surface tension multi-split parity plot,True
783,1-methyl-3-octylimidazolium tris(pentafluoroethyl)trifluorophosphate,CCCCCCCCn1cc[n+](C)c1.FC(F)(F)C(F)(F)[P-](F)(F)(F)(C(F)(F)C(F)(F)F)C(F)(F)C(F)(F)F,298.15,,SurfaceTension,0.030699998,0.032140084,0.0014400855,test,Ion-family,Family,E,Surface tension multi-split parity plot,True
2000,1-methyl-3-pentyl-imidazolium tetrafluoroborate,CCCCCn1cc[n+](C)c1.F[B-](F)(F)F,263.64,,SurfaceTension,0.04308,0.044284023,0.001204025,test,Ion-family,Family,E,Surface tension multi-split parity plot,True
2002,1-methyl-3-pentyl-imidazolium tetrafluoroborate,CCCCCn1cc[n+](C)c1.F[B-](F)(F)F,269.34,,SurfaceTension,0.04279,0.043906167,0.0011161678,test,Ion-family,Family,E,Surface tension multi-split parity plot,True
2004,1-methyl-3-pentyl-imidazolium tetrafluoroborate,CCCCCn1cc[n+](C)c1.F[B-](F)(F)F,273.78,,SurfaceTension,0.042669997,0.04361562,0.00094562396,test,Ion-family,Family,E,Surface tension multi-split parity plot,True
2005,1-methyl-3-pentyl-imidazolium tetrafluoroborate,CCCCCn1cc[n+](C)c1.F[B-](F)(F)F,278.75,,SurfaceTension,0.042240005,0.043293424,0.001053419,test,Ion-family,Family,E,Surface tension multi-split parity plot,True
2007,1-methyl-3-pentyl-imidazolium tetrafluoroborate,CCCCCn1cc[n+](C)c1.F[B-](F)(F)F,283.06,,SurfaceTension,0.041810002,0.043015976,0.0012059733,test,Ion-family,Family,E,Surface tension multi-split parity plot,True
2009,1-methyl-3-pentyl-imidazolium tetrafluoroborate,CCCCCn1cc[n+](C)c1.F[B-](F)(F)F,283.1,,SurfaceTension,0.042190004,0.04301341,0.00082340464,test,Ion-family,Family,E,Surface tension multi-split parity plot,True
2011,1-methyl-3-pentyl-imidazolium tetrafluoroborate,CCCCCn1cc[n+](C)c1.F[B-](F)(F)F,288.15,,SurfaceTension,0.042210005,0.042689953,0.00047994778,test,Ion-family,Family,E,Surface tension multi-split parity plot,True
2012,1-methyl-3-pentyl-imidazolium tetrafluoroborate,CCCCCn1cc[n+](C)c1.F[B-](F)(F)F,288.31,,SurfaceTension,0.04176,0.042679723,0.000919722,test,Ion-family,Family,E,Surface tension multi-split parity plot,True
2015,1-methyl-3-pentyl-imidazolium tetrafluoroborate,CCCCCn1cc[n+](C)c1.F[B-](F)(F)F,292.93,,SurfaceTension,0.041360002,0.042384833,0.0010248311,test,Ion-family,Family,E,Surface tension multi-split parity plot,True
2016,1-methyl-3-pentyl-imidazolium tetrafluoroborate,CCCCCn1cc[n+](C)c1.F[B-](F)(F)F,292.94,,SurfaceTension,0.041689996,0.042384196,0.0006942004,test,Ion-family,Family,E,Surface tension multi-split parity plot,True
2019,1-methyl-3-pentyl-imidazolium tetrafluoroborate,CCCCCn1cc[n+](C)c1.F[B-](F)(F)F,297.0,,SurfaceTension,0.042799998,0.04212548,0.0006745197,test,Ion-family,Family,E,Surface tension multi-split parity plot,True
2021,1-methyl-3-pentyl-imidazolium tetrafluoroborate,CCCCCn1cc[n+](C)c1.F[B-](F)(F)F,298.15,,SurfaceTension,0.042265,0.04205223,0.00021276996,test,Ion-family,Family,E,Surface tension multi-split parity plot,True
2023,1-methyl-3-pentyl-imidazolium tetrafluoroborate,CCCCCn1cc[n+](C)c1.F[B-](F)(F)F,298.2,,SurfaceTension,0.04125,0.042049054,0.0007990524,test,Ion-family,Family,E,Surface tension multi-split parity plot,True
2026,1-methyl-3-pentyl-imidazolium tetrafluoroborate,CCCCCn1cc[n+](C)c1.F[B-](F)(F)F,303.06,,SurfaceTension,0.040859997,0.041739564,0.0008795671,test,Ion-family,Family,E,Surface tension multi-split parity plot,True
2027,1-methyl-3-pentyl-imidazolium tetrafluoroborate,CCCCCn1cc[n+](C)c1.F[B-](F)(F)F,303.07,,SurfaceTension,0.04117,0.041738927,0.00056892633,test,Ion-family,Family,E,Surface tension multi-split parity plot,True
2029,1-methyl-3-pentyl-imidazolium tetrafluoroborate,CCCCCn1cc[n+](C)c1.F[B-](F)(F)F,303.15,,SurfaceTension,0.042500008,0.041733835,0.000766173,test,Ion-family,Family,E,Surface tension multi-split parity plot,True
2031,1-methyl-3-pentyl-imidazolium tetrafluoroborate,CCCCCn1cc[n+](C)c1.F[B-](F)(F)F,308.07,,SurfaceTension,0.040880006,0.041420385,0.00054037943,test,Ion-family,Family,E,Surface tension multi-split parity plot,True
2035,1-methyl-3-pentyl-imidazolium tetrafluoroborate,CCCCCn1cc[n+](C)c1.F[B-](F)(F)F,308.1,,SurfaceTension,0.0406,0.041418467,0.0008184649,test,Ion-family,Family,E,Surface tension multi-split parity plot,True
2033,1-methyl-3-pentyl-imidazolium tetrafluoroborate,CCCCCn1cc[n+](C)c1.F[B-](F)(F)F,308.15,,SurfaceTension,0.041765,0.041415278,0.0003497228,test,Ion-family,Family,E,Surface tension multi-split parity plot,True
2036,1-methyl-3-pentyl-imidazolium tetrafluoroborate,CCCCCn1cc[n+](C)c1.F[B-](F)(F)F,313.01,,SurfaceTension,0.04064,0.041105248,0.00046524778,test,Ion-family,Family,E,Surface tension multi-split parity plot,True
2037,1-methyl-3-pentyl-imidazolium tetrafluoroborate,CCCCCn1cc[n+](C)c1.F[B-](F)(F)F,313.04,,SurfaceTension,0.040359996,0.041103333,0.000743337,test,Ion-family,Family,E,Surface tension multi-split parity plot,True
2040,1-methyl-3-pentyl-imidazolium tetrafluoroborate,CCCCCn1cc[n+](C)c1.F[B-](F)(F)F,313.15,,SurfaceTension,0.041700006,0.041096315,0.00060369074,test,Ion-family,Family,E,Surface tension multi-split parity plot,True
2041,1-methyl-3-pentyl-imidazolium tetrafluoroborate,CCCCCn1cc[n+](C)c1.F[B-](F)(F)F,318.12,,SurfaceTension,0.04035,0.04077859,0.0004285872,test,Ion-family,Family,E,Surface tension multi-split parity plot,True
2044,1-methyl-3-pentyl-imidazolium tetrafluoroborate,CCCCCn1cc[n+](C)c1.F[B-](F)(F)F,318.15,,SurfaceTension,0.041050006,0.040776663,0.00027334318,test,Ion-family,Family,E,Surface tension multi-split parity plot,True
2045,1-methyl-3-pentyl-imidazolium tetrafluoroborate,CCCCCn1cc[n+](C)c1.F[B-](F)(F)F,318.17,,SurfaceTension,0.040069997,0.04077539,0.00070539117,test,Ion-family,Family,E,Surface tension multi-split parity plot,True
2048,1-methyl-3-pentyl-imidazolium tetrafluoroborate,CCCCCn1cc[n+](C)c1.F[B-](F)(F)F,323.15,,SurfaceTension,0.040899996,0.040456075,0.0004439205,test,Ion-family,Family,E,Surface tension multi-split parity plot,True
2050,1-methyl-3-pentyl-imidazolium tetrafluoroborate,CCCCCn1cc[n+](C)c1.F[B-](F)(F)F,323.56,,SurfaceTension,0.040019996,0.040429734,0.00040973723,test,Ion-family,Family,E,Surface tension multi-split parity plot,True
2051,1-methyl-3-pentyl-imidazolium tetrafluoroborate,CCCCCn1cc[n+](C)c1.F[B-](F)(F)F,323.62,,SurfaceTension,0.03972,0.040425878,0.0007058792,test,Ion-family,Family,E,Surface tension multi-split parity plot,True
2054,1-methyl-3-pentyl-imidazolium tetrafluoroborate,CCCCCn1cc[n+](C)c1.F[B-](F)(F)F,328.15,,SurfaceTension,0.040420003,0.040134203,0.00028580055,test,Ion-family,Family,E,Surface tension multi-split parity plot,True
2056,1-methyl-3-pentyl-imidazolium tetrafluoroborate,CCCCCn1cc[n+](C)c1.F[B-](F)(F)F,328.29,,SurfaceTension,0.039809998,0.04012516,0.00031516328,test,Ion-family,Family,E,Surface tension multi-split parity plot,True
2057,1-methyl-3-pentyl-imidazolium tetrafluoroborate,CCCCCn1cc[n+](C)c1.F[B-](F)(F)F,328.31,,SurfaceTension,0.039450005,0.040123872,0.00067386776,test,Ion-family,Family,E,Surface tension multi-split parity plot,True
2061,1-methyl-3-pentyl-imidazolium tetrafluoroborate,CCCCCn1cc[n+](C)c1.F[B-](F)(F)F,333.1,,SurfaceTension,0.039180003,0.03981383,0.00063382834,test,Ion-family,Family,E,Surface tension multi-split parity plot,True
2060,1-methyl-3-pentyl-imidazolium tetrafluoroborate,CCCCCn1cc[n+](C)c1.F[B-](F)(F)F,333.15,,SurfaceTension,0.040199995,0.039810598,0.00038939714,test,Ion-family,Family,E,Surface tension multi-split parity plot,True
2062,1-methyl-3-pentyl-imidazolium tetrafluoroborate,CCCCCn1cc[n+](C)c1.F[B-](F)(F)F,333.29,,SurfaceTension,0.03949,0.039801504,0.00031150505,test,Ion-family,Family,E,Surface tension multi-split parity plot,True
2067,1-methyl-3-pentyl-imidazolium tetrafluoroborate,CCCCCn1cc[n+](C)c1.F[B-](F)(F)F,338.15,,SurfaceTension,0.0399,0.039484717,0.0004152842,test,Ion-family,Family,E,Surface tension multi-split parity plot,True
2068,1-methyl-3-pentyl-imidazolium tetrafluoroborate,CCCCCn1cc[n+](C)c1.F[B-](F)(F)F,338.23,,SurfaceTension,0.039034996,0.039479475,0.0004444793,test,Ion-family,Family,E,Surface tension multi-split parity plot,True
2071,1-methyl-3-pentyl-imidazolium tetrafluoroborate,CCCCCn1cc[n+](C)c1.F[B-](F)(F)F,342.51,,SurfaceTension,0.03895,0.03919818,0.00024817884,test,Ion-family,Family,E,Surface tension multi-split parity plot,True
2072,1-methyl-3-pentyl-imidazolium tetrafluoroborate,CCCCCn1cc[n+](C)c1.F[B-](F)(F)F,342.52,,SurfaceTension,0.03868,0.03919752,0.00051752105,test,Ion-family,Family,E,Surface tension multi-split parity plot,True
2078,1-methyl-3-pentyl-imidazolium tetrafluoroborate,CCCCCn1cc[n+](C)c1.F[B-](F)(F)F,348.1,,SurfaceTension,0.038539995,0.038826715,0.0002867207,test,Ion-family,Family,E,Surface tension multi-split parity plot,True
2076,1-methyl-3-pentyl-imidazolium tetrafluoroborate,CCCCCn1cc[n+](C)c1.F[B-](F)(F)F,348.11,,SurfaceTension,0.038419995,0.03882605,0.00040605292,test,Ion-family,Family,E,Surface tension multi-split parity plot,True
2082,1-methyl-3-pentyl-imidazolium tetrafluoroborate,CCCCCn1cc[n+](C)c1.F[B-](F)(F)F,353.72,,SurfaceTension,0.038209997,0.03844746,0.00023746118,test,Ion-family,Family,E,Surface tension multi-split parity plot,True
2083,1-methyl-3-pentyl-imidazolium tetrafluoroborate,CCCCCn1cc[n+](C)c1.F[B-](F)(F)F,353.84,,SurfaceTension,0.03809,0.03843928,0.0003492795,test,Ion-family,Family,E,Surface tension multi-split parity plot,True
2085,1-methyl-3-pentyl-imidazolium tetrafluoroborate,CCCCCn1cc[n+](C)c1.F[B-](F)(F)F,358.24,,SurfaceTension,0.038159996,0.03813728,2.271682e-05,test,Ion-family,Family,E,Surface tension multi-split parity plot,True
2086,1-methyl-3-pentyl-imidazolium tetrafluoroborate,CCCCCn1cc[n+](C)c1.F[B-](F)(F)F,358.37,,SurfaceTension,0.03787,0.03812829,0.00025828928,test,Ion-family,Family,E,Surface tension multi-split parity plot,True
2089,1-methyl-3-pentyl-imidazolium tetrafluoroborate,CCCCCn1cc[n+](C)c1.F[B-](F)(F)F,364.6,,SurfaceTension,0.0376,0.037691485,9.148568e-05,test,Ion-family,Family,E,Surface tension multi-split parity plot,True
2088,1-methyl-3-pentyl-imidazolium tetrafluoroborate,CCCCCn1cc[n+](C)c1.F[B-](F)(F)F,364.61,,SurfaceTension,0.037569996,0.037690774,0.00012077764,test,Ion-family,Family,E,Surface tension multi-split parity plot,True
2092,"1-methyl-3-pentylimidazolium 1,1,2,2,2-pentafluoro-N-[(1,1,2,2,2-pentafluoroethyl)sulfonyl]ethanesulfonamide",CCCCCn1cc[n+](C)c1.O=S(=O)([N-]S(=O)(=O)C(F)(F)C(F)(F)F)C(F)(F)C(F)(F)F,297.0,,SurfaceTension,0.0311,0.032265186,0.001165187,test,Ion-family,Family,E,Surface tension multi-split parity plot,True
5474,1-methyl-3-pentylimidazolium dihydrogenphosphate,P(=O)(O)(O)[O-].CN1C=[N+](C=C1)CCCCC,288.15,,SurfaceTension,0.041800003,0.04183721,3.72082e-05,test,Ion-family,Family,E,Surface tension multi-split parity plot,True
5476,1-methyl-3-pentylimidazolium dihydrogenphosphate,P(=O)(O)(O)[O-].CN1C=[N+](C=C1)CCCCC,293.15,,SurfaceTension,0.0415,0.041297942,0.00020205602,test,Ion-family,Family,E,Surface tension multi-split parity plot,True
5478,1-methyl-3-pentylimidazolium dihydrogenphosphate,P(=O)(O)(O)[O-].CN1C=[N+](C=C1)CCCCC,298.15,,SurfaceTension,0.041199997,0.040764287,0.00043570995,test,Ion-family,Family,E,Surface tension multi-split parity plot,True
5480,1-methyl-3-pentylimidazolium dihydrogenphosphate,P(=O)(O)(O)[O-].CN1C=[N+](C=C1)CCCCC,303.15,,SurfaceTension,0.040899996,0.040235374,0.0006646216,test,Ion-family,Family,E,Surface tension multi-split parity plot,True
5482,1-methyl-3-pentylimidazolium dihydrogenphosphate,P(=O)(O)(O)[O-].CN1C=[N+](C=C1)CCCCC,308.15,,SurfaceTension,0.0406,0.039710462,0.0008895397,test,Ion-family,Family,E,Surface tension multi-split parity plot,True
5484,1-methyl-3-pentylimidazolium dihydrogenphosphate,P(=O)(O)(O)[O-].CN1C=[N+](C=C1)CCCCC,313.15,,SurfaceTension,0.0403,0.039188895,0.0011111051,test,Ion-family,Family,E,Surface tension multi-split parity plot,True
5486,1-methyl-3-pentylimidazolium dihydrogenphosphate,P(=O)(O)(O)[O-].CN1C=[N+](C=C1)CCCCC,318.15,,SurfaceTension,0.039999995,0.038670022,0.0013299733,test,Ion-family,Family,E,Surface tension multi-split parity plot,True
5488,1-methyl-3-pentylimidazolium dihydrogenphosphate,P(=O)(O)(O)[O-].CN1C=[N+](C=C1)CCCCC,323.15,,SurfaceTension,0.039700005,0.038153138,0.0015468672,test,Ion-family,Family,E,Surface tension multi-split parity plot,True
5490,1-methyl-3-pentylimidazolium dihydrogenphosphate,P(=O)(O)(O)[O-].CN1C=[N+](C=C1)CCCCC,328.15,,SurfaceTension,0.0393,0.037637353,0.0016626455,test,Ion-family,Family,E,Surface tension multi-split parity plot,True
5492,1-methyl-3-pentylimidazolium dihydrogenphosphate,P(=O)(O)(O)[O-].CN1C=[N+](C=C1)CCCCC,333.15,,SurfaceTension,0.039,0.037121616,0.0018783845,test,Ion-family,Family,E,Surface tension multi-split parity plot,True
5494,1-methyl-3-pentylimidazolium dihydrogenphosphate,P(=O)(O)(O)[O-].CN1C=[N+](C=C1)CCCCC,338.15,,SurfaceTension,0.0387,0.036604658,0.0020953417,test,Ion-family,Family,E,Surface tension multi-split parity plot,True
5496,1-methyl-3-pentylimidazolium dihydrogenphosphate,P(=O)(O)(O)[O-].CN1C=[N+](C=C1)CCCCC,343.15,,SurfaceTension,0.038400006,0.036085017,0.0023149885,test,Ion-family,Family,E,Surface tension multi-split parity plot,True
4431,"1-methyl-3-propyl-1H-imidazolium 1,1,2,2,2-pentafluoro-N-[(1,1,2,2,2-pentafluoroethyl)sulfonyl]ethanesulfonimidate",CCCn1cc[n+](C)c1.O=S(=O)(N=S(=O)([O-])C(F)(F)C(F)(F)F)C(F)(F)C(F)(F)F,297.0,,SurfaceTension,0.032899998,0.035009068,0.0021090694,test,Ion-family,Family,E,Surface tension multi-split parity plot,True
5498,1-methyl-3-propylimidazolium dihydrogenphosphate,P(=O)(O)(O)[O-].CN1C=[N+](C=C1)CCC,288.15,,SurfaceTension,0.0464,0.047763366,0.0013633668,test,Ion-family,Family,E,Surface tension multi-split parity plot,True
5500,1-methyl-3-propylimidazolium dihydrogenphosphate,P(=O)(O)(O)[O-].CN1C=[N+](C=C1)CCC,293.15,,SurfaceTension,0.0461,0.04706413,0.0009641275,test,Ion-family,Family,E,Surface tension multi-split parity plot,True
5502,1-methyl-3-propylimidazolium dihydrogenphosphate,P(=O)(O)(O)[O-].CN1C=[N+](C=C1)CCC,298.15,,SurfaceTension,0.045800004,0.046361286,0.00056128204,test,Ion-family,Family,E,Surface tension multi-split parity plot,True
5504,1-methyl-3-propylimidazolium dihydrogenphosphate,P(=O)(O)(O)[O-].CN1C=[N+](C=C1)CCC,303.15,,SurfaceTension,0.045499995,0.045656584,0.00015658885,test,Ion-family,Family,E,Surface tension multi-split parity plot,True
5506,1-methyl-3-propylimidazolium dihydrogenphosphate,P(=O)(O)(O)[O-].CN1C=[N+](C=C1)CCC,308.15,,SurfaceTension,0.045199994,0.04495287,0.00024712458,test,Ion-family,Family,E,Surface tension multi-split parity plot,True
5508,1-methyl-3-propylimidazolium dihydrogenphosphate,P(=O)(O)(O)[O-].CN1C=[N+](C=C1)CCC,313.15,,SurfaceTension,0.044899996,0.044253986,0.00064601004,test,Ion-family,Family,E,Surface tension multi-split parity plot,True
5510,1-methyl-3-propylimidazolium dihydrogenphosphate,P(=O)(O)(O)[O-].CN1C=[N+](C=C1)CCC,318.15,,SurfaceTension,0.044600002,0.043564394,0.0010356084,test,Ion-family,Family,E,Surface tension multi-split parity plot,True
5512,1-methyl-3-propylimidazolium dihydrogenphosphate,P(=O)(O)(O)[O-].CN1C=[N+](C=C1)CCC,323.15,,SurfaceTension,0.0443,0.0428886,0.0014114007,test,Ion-family,Family,E,Surface tension multi-split parity plot,True
5514,1-methyl-3-propylimidazolium dihydrogenphosphate,P(=O)(O)(O)[O-].CN1C=[N+](C=C1)CCC,328.15,,SurfaceTension,0.044,0.042230472,0.0017695278,test,Ion-family,Family,E,Surface tension multi-split parity plot,True
5516,1-methyl-3-propylimidazolium dihydrogenphosphate,P(=O)(O)(O)[O-].CN1C=[N+](C=C1)CCC,333.15,,SurfaceTension,0.043699995,0.04159271,0.002107285,test,Ion-family,Family,E,Surface tension multi-split parity plot,True
5518,1-methyl-3-propylimidazolium dihydrogenphosphate,P(=O)(O)(O)[O-].CN1C=[N+](C=C1)CCC,338.15,,SurfaceTension,0.043399997,0.040976375,0.0024236217,test,Ion-family,Family,E,Surface tension multi-split parity plot,True
5520,1-methyl-3-propylimidazolium dihydrogenphosphate,P(=O)(O)(O)[O-].CN1C=[N+](C=C1)CCC,343.15,,SurfaceTension,0.0431,0.040380806,0.0027191937,test,Ion-family,Family,E,Surface tension multi-split parity plot,True
600,1-nonyl-3-methylimidazolium tetrafluoroborate,CCCCCCCCC[n+]1ccn(C)c1.F[B-](F)(F)F,269.49,,SurfaceTension,0.03305,0.037045132,0.0039951317,test,Ion-family,Family,E,Surface tension multi-split parity plot,True
601,1-nonyl-3-methylimidazolium tetrafluoroborate,CCCCCCCCC[n+]1ccn(C)c1.F[B-](F)(F)F,274.62,,SurfaceTension,0.032749996,0.036659323,0.003909327,test,Ion-family,Family,E,Surface tension multi-split parity plot,True
603,1-nonyl-3-methylimidazolium tetrafluoroborate,CCCCCCCCC[n+]1ccn(C)c1.F[B-](F)(F)F,278.42,,SurfaceTension,0.0326,0.036375057,0.0037750565,test,Ion-family,Family,E,Surface tension multi-split parity plot,True
605,1-nonyl-3-methylimidazolium tetrafluoroborate,CCCCCCCCC[n+]1ccn(C)c1.F[B-](F)(F)F,283.61,,SurfaceTension,0.032090005,0.035988074,0.0038980693,test,Ion-family,Family,E,Surface tension multi-split parity plot,True
606,1-nonyl-3-methylimidazolium tetrafluoroborate,CCCCCCCCC[n+]1ccn(C)c1.F[B-](F)(F)F,283.73,,SurfaceTension,0.03233,0.035979137,0.003649138,test,Ion-family,Family,E,Surface tension multi-split parity plot,True
608,1-nonyl-3-methylimidazolium tetrafluoroborate,CCCCCCCCC[n+]1ccn(C)c1.F[B-](F)(F)F,288.37,,SurfaceTension,0.031879995,0.03563369,0.0037536956,test,Ion-family,Family,E,Surface tension multi-split parity plot,True
610,1-nonyl-3-methylimidazolium tetrafluoroborate,CCCCCCCCC[n+]1ccn(C)c1.F[B-](F)(F)F,288.41,,SurfaceTension,0.03214,0.035630718,0.0034907162,test,Ion-family,Family,E,Surface tension multi-split parity plot,True
612,1-nonyl-3-methylimidazolium tetrafluoroborate,CCCCCCCCC[n+]1ccn(C)c1.F[B-](F)(F)F,293.36,,SurfaceTension,0.031745,0.03526197,0.0035169683,test,Ion-family,Family,E,Surface tension multi-split parity plot,True
613,1-nonyl-3-methylimidazolium tetrafluoroborate,CCCCCCCCC[n+]1ccn(C)c1.F[B-](F)(F)F,298.28,,SurfaceTension,0.03159,0.034894556,0.003304556,test,Ion-family,Family,E,Surface tension multi-split parity plot,True
614,1-nonyl-3-methylimidazolium tetrafluoroborate,CCCCCCCCC[n+]1ccn(C)c1.F[B-](F)(F)F,298.31,,SurfaceTension,0.031449996,0.03489231,0.0034423135,test,Ion-family,Family,E,Surface tension multi-split parity plot,True
616,1-nonyl-3-methylimidazolium tetrafluoroborate,CCCCCCCCC[n+]1ccn(C)c1.F[B-](F)(F)F,303.11,,SurfaceTension,0.031380005,0.03453236,0.0031523556,test,Ion-family,Family,E,Surface tension multi-split parity plot,True
617,1-nonyl-3-methylimidazolium tetrafluoroborate,CCCCCCCCC[n+]1ccn(C)c1.F[B-](F)(F)F,303.12,,SurfaceTension,0.031290002,0.034531604,0.0032416023,test,Ion-family,Family,E,Surface tension multi-split parity plot,True
619,1-nonyl-3-methylimidazolium tetrafluoroborate,CCCCCCCCC[n+]1ccn(C)c1.F[B-](F)(F)F,308.07,,SurfaceTension,0.031200001,0.034158293,0.0029582921,test,Ion-family,Family,E,Surface tension multi-split parity plot,True
621,1-nonyl-3-methylimidazolium tetrafluoroborate,CCCCCCCCC[n+]1ccn(C)c1.F[B-](F)(F)F,308.11,,SurfaceTension,0.0311,0.034155264,0.0030552652,test,Ion-family,Family,E,Surface tension multi-split parity plot,True
622,1-nonyl-3-methylimidazolium tetrafluoroborate,CCCCCCCCC[n+]1ccn(C)c1.F[B-](F)(F)F,313.04,,SurfaceTension,0.030899998,0.03378079,0.002880793,test,Ion-family,Family,E,Surface tension multi-split parity plot,True
623,1-nonyl-3-methylimidazolium tetrafluoroborate,CCCCCCCCC[n+]1ccn(C)c1.F[B-](F)(F)F,313.06,,SurfaceTension,0.030810002,0.033779267,0.002969265,test,Ion-family,Family,E,Surface tension multi-split parity plot,True
625,1-nonyl-3-methylimidazolium tetrafluoroborate,CCCCCCCCC[n+]1ccn(C)c1.F[B-](F)(F)F,317.79,,SurfaceTension,0.030649994,0.033417072,0.0027670786,test,Ion-family,Family,E,Surface tension multi-split parity plot,True
626,1-nonyl-3-methylimidazolium tetrafluoroborate,CCCCCCCCC[n+]1ccn(C)c1.F[B-](F)(F)F,317.83,,SurfaceTension,0.030660003,0.033413995,0.0027539916,test,Ion-family,Family,E,Surface tension multi-split parity plot,True
628,1-nonyl-3-methylimidazolium tetrafluoroborate,CCCCCCCCC[n+]1ccn(C)c1.F[B-](F)(F)F,322.85,,SurfaceTension,0.03043,0.033026114,0.0025961138,test,Ion-family,Family,E,Surface tension multi-split parity plot,True
630,1-nonyl-3-methylimidazolium tetrafluoroborate,CCCCCCCCC[n+]1ccn(C)c1.F[B-](F)(F)F,322.9,,SurfaceTension,0.03039,0.033022232,0.0026322324,test,Ion-family,Family,E,Surface tension multi-split parity plot,True
631,1-nonyl-3-methylimidazolium tetrafluoroborate,CCCCCCCCC[n+]1ccn(C)c1.F[B-](F)(F)F,328.72,,SurfaceTension,0.03017,0.03256772,0.0023977216,test,Ion-family,Family,E,Surface tension multi-split parity plot,True
632,1-nonyl-3-methylimidazolium tetrafluoroborate,CCCCCCCCC[n+]1ccn(C)c1.F[B-](F)(F)F,328.74,,SurfaceTension,0.030119998,0.03256615,0.0024461504,test,Ion-family,Family,E,Surface tension multi-split parity plot,True
635,1-nonyl-3-methylimidazolium tetrafluoroborate,CCCCCCCCC[n+]1ccn(C)c1.F[B-](F)(F)F,333.58,,SurfaceTension,0.02992,0.03218411,0.0022641085,test,Ion-family,Family,E,Surface tension multi-split parity plot,True
636,1-nonyl-3-methylimidazolium tetrafluoroborate,CCCCCCCCC[n+]1ccn(C)c1.F[B-](F)(F)F,338.63,,SurfaceTension,0.029709999,0.031781565,0.0020715669,test,Ion-family,Family,E,Surface tension multi-split parity plot,True
638,1-nonyl-3-methylimidazolium tetrafluoroborate,CCCCCCCCC[n+]1ccn(C)c1.F[B-](F)(F)F,338.67,,SurfaceTension,0.029669994,0.03177836,0.0021083672,test,Ion-family,Family,E,Surface tension multi-split parity plot,True
640,1-nonyl-3-methylimidazolium tetrafluoroborate,CCCCCCCCC[n+]1ccn(C)c1.F[B-](F)(F)F,342.37,,SurfaceTension,0.029489998,0.03148092,0.0019909218,test,Ion-family,Family,E,Surface tension multi-split parity plot,True
641,1-nonyl-3-methylimidazolium tetrafluoroborate,CCCCCCCCC[n+]1ccn(C)c1.F[B-](F)(F)F,342.48,,SurfaceTension,0.029520001,0.03147205,0.0019520484,test,Ion-family,Family,E,Surface tension multi-split parity plot,True
642,1-nonyl-3-methylimidazolium tetrafluoroborate,CCCCCCCCC[n+]1ccn(C)c1.F[B-](F)(F)F,348.12,,SurfaceTension,0.029300002,0.031014696,0.0017146934,test,Ion-family,Family,E,Surface tension multi-split parity plot,True
643,1-nonyl-3-methylimidazolium tetrafluoroborate,CCCCCCCCC[n+]1ccn(C)c1.F[B-](F)(F)F,348.21,,SurfaceTension,0.02922,0.031007363,0.0017873626,test,Ion-family,Family,E,Surface tension multi-split parity plot,True
645,1-nonyl-3-methylimidazolium tetrafluoroborate,CCCCCCCCC[n+]1ccn(C)c1.F[B-](F)(F)F,352.1,,SurfaceTension,0.02902,0.030689334,0.0016693342,test,Ion-family,Family,E,Surface tension multi-split parity plot,True
647,1-nonyl-3-methylimidazolium tetrafluoroborate,CCCCCCCCC[n+]1ccn(C)c1.F[B-](F)(F)F,353.08,,SurfaceTension,0.029070001,0.030608904,0.0015389025,test,Ion-family,Family,E,Surface tension multi-split parity plot,True
648,1-nonyl-3-methylimidazolium tetrafluoroborate,CCCCCCCCC[n+]1ccn(C)c1.F[B-](F)(F)F,357.88,,SurfaceTension,0.028829997,0.030213324,0.001383327,test,Ion-family,Family,E,Surface tension multi-split parity plot,True
650,1-nonyl-3-methylimidazolium tetrafluoroborate,CCCCCCCCC[n+]1ccn(C)c1.F[B-](F)(F)F,357.99,,SurfaceTension,0.028860003,0.03020423,0.0013442282,test,Ion-family,Family,E,Surface tension multi-split parity plot,True
652,1-nonyl-3-methylimidazolium tetrafluoroborate,CCCCCCCCC[n+]1ccn(C)c1.F[B-](F)(F)F,363.56,,SurfaceTension,0.028580002,0.02974204,0.0011620373,test,Ion-family,Family,E,Surface tension multi-split parity plot,True
653,1-nonyl-3-methylimidazolium tetrafluoroborate,CCCCCCCCC[n+]1ccn(C)c1.F[B-](F)(F)F,363.61,,SurfaceTension,0.028609999,0.029737877,0.0011278782,test,Ion-family,Family,E,Surface tension multi-split parity plot,True
758,1-octyl-3-methylimidazolium bis(perfluoroethylsulfonyl)imide,CCCCCCCC[n+]1ccn(C)c1.O=S(=O)([N-]S(=O)(=O)C(F)(F)C(F)(F)F)C(F)(F)C(F)(F)F,298.15,,SurfaceTension,0.028,0.030900449,0.0029004477,test,Ion-family,Family,E,Surface tension multi-split parity plot,True
4365,1-propyl-3-methylimidazolium tetrafluoroborate,CCC[n+]1ccn(C)c1.F[B-](F)(F)F,262.89,,SurfaceTension,0.04304,0.05022585,0.0071858503,test,Ion-family,Family,E,Surface tension multi-split parity plot,True
4368,1-propyl-3-methylimidazolium tetrafluoroborate,CCC[n+]1ccn(C)c1.F[B-](F)(F)F,268.06,,SurfaceTension,0.04278,0.049894333,0.007114332,test,Ion-family,Family,E,Surface tension multi-split parity plot,True
4370,1-propyl-3-methylimidazolium tetrafluoroborate,CCC[n+]1ccn(C)c1.F[B-](F)(F)F,277.78,,SurfaceTension,0.042229995,0.04929325,0.0070632547,test,Ion-family,Family,E,Surface tension multi-split parity plot,True
4372,1-propyl-3-methylimidazolium tetrafluoroborate,CCC[n+]1ccn(C)c1.F[B-](F)(F)F,283.1,,SurfaceTension,0.04197,0.048974387,0.0070043877,test,Ion-family,Family,E,Surface tension multi-split parity plot,True
4374,1-propyl-3-methylimidazolium tetrafluoroborate,CCC[n+]1ccn(C)c1.F[B-](F)(F)F,288.15,,SurfaceTension,0.05068,0.048676755,0.002003245,test,Ion-family,Family,E,Surface tension multi-split parity plot,True
4375,1-propyl-3-methylimidazolium tetrafluoroborate,CCC[n+]1ccn(C)c1.F[B-](F)(F)F,288.29,,SurfaceTension,0.04176,0.04866856,0.0069085583,test,Ion-family,Family,E,Surface tension multi-split parity plot,True
4377,1-propyl-3-methylimidazolium tetrafluoroborate,CCC[n+]1ccn(C)c1.F[B-](F)(F)F,292.81,,SurfaceTension,0.04154,0.048405387,0.006865386,test,Ion-family,Family,E,Surface tension multi-split parity plot,True
4381,1-propyl-3-methylimidazolium tetrafluoroborate,CCC[n+]1ccn(C)c1.F[B-](F)(F)F,297.0,,SurfaceTension,0.051100004,0.04816326,0.0029367432,test,Ion-family,Family,E,Surface tension multi-split parity plot,True
4383,1-propyl-3-methylimidazolium tetrafluoroborate,CCC[n+]1ccn(C)c1.F[B-](F)(F)F,298.15,,SurfaceTension,0.048655,0.048097014,0.00055798516,test,Ion-family,Family,E,Surface tension multi-split parity plot,True
4386,1-propyl-3-methylimidazolium tetrafluoroborate,CCC[n+]1ccn(C)c1.F[B-](F)(F)F,298.2,,SurfaceTension,0.041350003,0.04809414,0.006744135,test,Ion-family,Family,E,Surface tension multi-split parity plot,True
4388,1-propyl-3-methylimidazolium tetrafluoroborate,CCC[n+]1ccn(C)c1.F[B-](F)(F)F,303.11,,SurfaceTension,0.040960006,0.04781178,0.0068517737,test,Ion-family,Family,E,Surface tension multi-split parity plot,True
4390,1-propyl-3-methylimidazolium tetrafluoroborate,CCC[n+]1ccn(C)c1.F[B-](F)(F)F,303.15,,SurfaceTension,0.0467,0.047809478,0.0011094771,test,Ion-family,Family,E,Surface tension multi-split parity plot,True
4393,1-propyl-3-methylimidazolium tetrafluoroborate,CCC[n+]1ccn(C)c1.F[B-](F)(F)F,308.15,,SurfaceTension,0.047879998,0.047521867,0.00035813078,test,Ion-family,Family,E,Surface tension multi-split parity plot,True
4394,1-propyl-3-methylimidazolium tetrafluoroborate,CCC[n+]1ccn(C)c1.F[B-](F)(F)F,308.16,,SurfaceTension,0.040749997,0.047521286,0.006771289,test,Ion-family,Family,E,Surface tension multi-split parity plot,True
4395,1-propyl-3-methylimidazolium tetrafluoroborate,CCC[n+]1ccn(C)c1.F[B-](F)(F)F,313.06,,SurfaceTension,0.04041,0.047238205,0.006828204,test,Ion-family,Family,E,Surface tension multi-split parity plot,True
4398,1-propyl-3-methylimidazolium tetrafluoroborate,CCC[n+]1ccn(C)c1.F[B-](F)(F)F,313.15,,SurfaceTension,0.0461,0.047232993,0.0011329912,test,Ion-family,Family,E,Surface tension multi-split parity plot,True
4399,1-propyl-3-methylimidazolium tetrafluoroborate,CCC[n+]1ccn(C)c1.F[B-](F)(F)F,317.98,,SurfaceTension,0.040229995,0.046951666,0.0067216717,test,Ion-family,Family,E,Surface tension multi-split parity plot,True
4402,1-propyl-3-methylimidazolium tetrafluoroborate,CCC[n+]1ccn(C)c1.F[B-](F)(F)F,318.15,,SurfaceTension,0.047264997,0.046941712,0.00032328442,test,Ion-family,Family,E,Surface tension multi-split parity plot,True
4405,1-propyl-3-methylimidazolium tetrafluoroborate,CCC[n+]1ccn(C)c1.F[B-](F)(F)F,323.15,,SurfaceTension,0.045399994,0.046646986,0.0012469925,test,Ion-family,Family,E,Surface tension multi-split parity plot,True
4406,1-propyl-3-methylimidazolium tetrafluoroborate,CCC[n+]1ccn(C)c1.F[B-](F)(F)F,323.19,,SurfaceTension,0.04004,0.04664462,0.0066046193,test,Ion-family,Family,E,Surface tension multi-split parity plot,True
4408,1-propyl-3-methylimidazolium tetrafluoroborate,CCC[n+]1ccn(C)c1.F[B-](F)(F)F,328.15,,SurfaceTension,0.04668999,0.04634786,0.00034213066,test,Ion-family,Family,E,Surface tension multi-split parity plot,True
4410,1-propyl-3-methylimidazolium tetrafluoroborate,CCC[n+]1ccn(C)c1.F[B-](F)(F)F,328.37,,SurfaceTension,0.03969,0.04633458,0.0066445805,test,Ion-family,Family,E,Surface tension multi-split parity plot,True
4412,1-propyl-3-methylimidazolium tetrafluoroborate,CCC[n+]1ccn(C)c1.F[B-](F)(F)F,333.15,,SurfaceTension,0.044499997,0.046043422,0.001543425,test,Ion-family,Family,E,Surface tension multi-split parity plot,True
4414,1-propyl-3-methylimidazolium tetrafluoroborate,CCC[n+]1ccn(C)c1.F[B-](F)(F)F,333.51,,SurfaceTension,0.03940999,0.04602129,0.006611299,test,Ion-family,Family,E,Surface tension multi-split parity plot,True
4417,1-propyl-3-methylimidazolium tetrafluoroborate,CCC[n+]1ccn(C)c1.F[B-](F)(F)F,338.15,,SurfaceTension,0.0441,0.045732927,0.0016329251,test,Ion-family,Family,E,Surface tension multi-split parity plot,True
4418,1-propyl-3-methylimidazolium tetrafluoroborate,CCC[n+]1ccn(C)c1.F[B-](F)(F)F,338.58,,SurfaceTension,0.039090004,0.04570592,0.0066159144,test,Ion-family,Family,E,Surface tension multi-split parity plot,True
4420,1-propyl-3-methylimidazolium tetrafluoroborate,CCC[n+]1ccn(C)c1.F[B-](F)(F)F,342.99,,SurfaceTension,0.038799997,0.04542593,0.0066259317,test,Ion-family,Family,E,Surface tension multi-split parity plot,True
4423,1-propyl-3-methylimidazolium tetrafluoroborate,CCC[n+]1ccn(C)c1.F[B-](F)(F)F,348.07,,SurfaceTension,0.038639996,0.045096215,0.0064562187,test,Ion-family,Family,E,Surface tension multi-split parity plot,True
4425,1-propyl-3-methylimidazolium tetrafluoroborate,CCC[n+]1ccn(C)c1.F[B-](F)(F)F,353.27,,SurfaceTension,0.038380004,0.044750147,0.006370142,test,Ion-family,Family,E,Surface tension multi-split parity plot,True
4426,1-propyl-3-methylimidazolium tetrafluoroborate,CCC[n+]1ccn(C)c1.F[B-](F)(F)F,358.34,,SurfaceTension,0.038100004,0.044403706,0.0063037015,test,Ion-family,Family,E,Surface tension multi-split parity plot,True
5232,"3,3'-(1,10-decanediyl)bis[1-methylimidazolium] 1,1,2,2,2-pentafluoro-N-[(1,1,2,2,2-pentafluoroethyl)sulfonyl]ethanesulfonamide",C[n+]1ccn(CCCCCCCCCCn2cc[n+](C)c2)c1.O=S(=O)([N-]S(=O)(=O)C(F)(F)C(F)(F)F)C(F)(F)C(F)(F)F.O=S(=O)([N-]S(=O)(=O)C(F)(F)C(F)(F)F)C(F)(F)C(F)(F)F,297.0,,SurfaceTension,0.036299996,0.04245484,0.0061548427,test,Ion-family,Family,E,Surface tension multi-split parity plot,True
5230,"3,3'-(1,10-decanediyl)bis[1-methylimidazolium] tetrafluoroborate",C[n+]1ccn(CCCCCCCCCCn2cc[n+](C)c2)c1.F[B-](F)(F)F.F[B-](F)(F)F,297.0,,SurfaceTension,0.0441,0.034680266,0.0094197355,test,Ion-family,Family,E,Surface tension multi-split parity plot,True
5228,"3,3'-(1,12-dodecanediyl)bis[1-methylimidazolium] bis((perfluoroethyl)sulfonyl)amide",C[n+]1ccn(CCCCCCCCCCCCn2cc[n+](C)c2)c1.O=S(=O)([N-]S(=O)(=O)C(F)(F)C(F)(F)F)C(F)(F)C(F)(F)F.O=S(=O)([N-]S(=O)(=O)C(F)(F)C(F)(F)F)C(F)(F)C(F)(F)F,297.0,,SurfaceTension,0.035599995,0.041649412,0.006049417,test,Ion-family,Family,E,Surface tension multi-split parity plot,True
5236,"3,3'-(1,5-pentanediyl)bis[1-methylimidazolium] 1,1,2,2,2-pentafluoro-N-[(1,1,2,2,2-pentafluoroethyl)sulfonyl]ethanesulfonamide",C[n+]1ccn(CCCCCn2cc[n+](C)c2)c1.O=S(=O)([N-]S(=O)(=O)C(F)(F)C(F)(F)F)C(F)(F)C(F)(F)F.O=S(=O)([N-]S(=O)(=O)C(F)(F)C(F)(F)F)C(F)(F)C(F)(F)F,297.0,,SurfaceTension,0.037799995,0.045481533,0.0076815374,test,Ion-family,Family,E,Surface tension multi-split parity plot,True
5234,"3,3'-(1,6-hexanediyl)bis[1-methylimidazolium] 1,1,2,2,2-pentafluoro-N-[(1,1,2,2,2-pentafluoroethyl)sulfonyl]ethanesulfonamide",C[n+]1ccn(CCCCCCn2cc[n+](C)c2)c1.O=S(=O)([N-]S(=O)(=O)C(F)(F)C(F)(F)F)C(F)(F)C(F)(F)F.O=S(=O)([N-]S(=O)(=O)C(F)(F)C(F)(F)F)C(F)(F)C(F)(F)F,297.0,,SurfaceTension,0.037400007,0.04473041,0.0073304027,test,Ion-family,Family,E,Surface tension multi-split parity plot,True
5238,3-(2-aminoethyl)-1-methyl-1H-imidazolium tetrafluoroborate,C[n+]1ccn(CCN)c1.F[B-](F)(F)F,293.15,,SurfaceTension,0.053800005,0.05718306,0.0033830553,test,Ion-family,Family,E,Surface tension multi-split parity plot,True
5240,3-(2-aminoethyl)-1-methyl-1H-imidazolium tetrafluoroborate,C[n+]1ccn(CCN)c1.F[B-](F)(F)F,298.15,,SurfaceTension,0.053500004,0.056916937,0.0034169331,test,Ion-family,Family,E,Surface tension multi-split parity plot,True
5242,3-(2-aminoethyl)-1-methyl-1H-imidazolium tetrafluoroborate,C[n+]1ccn(CCN)c1.F[B-](F)(F)F,303.15,,SurfaceTension,0.053199995,0.056654423,0.0034544282,test,Ion-family,Family,E,Surface tension multi-split parity plot,True
5244,3-(2-aminoethyl)-1-methyl-1H-imidazolium tetrafluoroborate,C[n+]1ccn(CCN)c1.F[B-](F)(F)F,308.15,,SurfaceTension,0.052399993,0.056394003,0.0039940104,test,Ion-family,Family,E,Surface tension multi-split parity plot,True
5246,3-(2-aminoethyl)-1-methyl-1H-imidazolium tetrafluoroborate,C[n+]1ccn(CCN)c1.F[B-](F)(F)F,313.15,,SurfaceTension,0.052000005,0.056133784,0.0041337796,test,Ion-family,Family,E,Surface tension multi-split parity plot,True
5248,3-(2-aminoethyl)-1-methyl-1H-imidazolium tetrafluoroborate,C[n+]1ccn(CCN)c1.F[B-](F)(F)F,318.15,,SurfaceTension,0.0515,0.055871457,0.004371457,test,Ion-family,Family,E,Surface tension multi-split parity plot,True
5250,3-(2-aminoethyl)-1-methyl-1H-imidazolium tetrafluoroborate,C[n+]1ccn(CCN)c1.F[B-](F)(F)F,323.15,,SurfaceTension,0.051299993,0.055604376,0.004304383,test,Ion-family,Family,E,Surface tension multi-split parity plot,True
5252,3-(2-aminoethyl)-1-methyl-1H-imidazolium tetrafluoroborate,C[n+]1ccn(CCN)c1.F[B-](F)(F)F,328.15,,SurfaceTension,0.050800003,0.055329613,0.0045296103,test,Ion-family,Family,E,Surface tension multi-split parity plot,True
5254,3-(2-aminoethyl)-1-methyl-1H-imidazolium tetrafluoroborate,C[n+]1ccn(CCN)c1.F[B-](F)(F)F,333.15,,SurfaceTension,0.050300002,0.055043984,0.004743982,test,Ion-family,Family,E,Surface tension multi-split parity plot,True
5256,3-(2-aminoethyl)-1-methyl-1H-imidazolium tetrafluoroborate,C[n+]1ccn(CCN)c1.F[B-](F)(F)F,338.15,,SurfaceTension,0.0502,0.05474421,0.0045442097,test,Ion-family,Family,E,Surface tension multi-split parity plot,True
5258,3-(2-aminoethyl)-1-methyl-1H-imidazolium tetrafluoroborate,C[n+]1ccn(CCN)c1.F[B-](F)(F)F,343.15,,SurfaceTension,0.049799994,0.054426953,0.0046269596,test,Ion-family,Family,E,Surface tension multi-split parity plot,True
5260,3-(2-aminoethyl)-1-methyl-1H-imidazolium tetrafluoroborate,C[n+]1ccn(CCN)c1.F[B-](F)(F)F,348.15,,SurfaceTension,0.049399998,0.054088894,0.0046888962,test,Ion-family,Family,E,Surface tension multi-split parity plot,True
5262,3-(2-aminoethyl)-1-methyl-1H-imidazolium tetrafluoroborate,C[n+]1ccn(CCN)c1.F[B-](F)(F)F,353.15,,SurfaceTension,0.0488,0.053726815,0.0049268156,test,Ion-family,Family,E,Surface tension multi-split parity plot,True
5263,3-(2-hydroxyethyl)-1-methyl-1H-imidazolium trifluorotris(perfluoroethyl)phosphate(V),C[n+]1ccn(CCO)c1.FC(F)(F)C(F)(F)[P-](F)(F)(F)(C(F)(F)C(F)(F)F)C(F)(F)C(F)(F)F,264.2,,SurfaceTension,0.040499996,0.042848136,0.0023481399,test,Ion-family,Family,E,Surface tension multi-split parity plot,True
5264,3-(2-hydroxyethyl)-1-methyl-1H-imidazolium trifluorotris(perfluoroethyl)phosphate(V),C[n+]1ccn(CCO)c1.FC(F)(F)C(F)(F)[P-](F)(F)(F)(C(F)(F)C(F)(F)F)C(F)(F)C(F)(F)F,267.46,,SurfaceTension,0.040319998,0.042617127,0.0022971295,test,Ion-family,Family,E,Surface tension multi-split parity plot,True
5265,3-(2-hydroxyethyl)-1-methyl-1H-imidazolium trifluorotris(perfluoroethyl)phosphate(V),C[n+]1ccn(CCO)c1.FC(F)(F)C(F)(F)[P-](F)(F)(F)(C(F)(F)C(F)(F)F)C(F)(F)C(F)(F)F,272.51,,SurfaceTension,0.040030003,0.042280216,0.0022502132,test,Ion-family,Family,E,Surface tension multi-split parity plot,True
5266,3-(2-hydroxyethyl)-1-methyl-1H-imidazolium trifluorotris(perfluoroethyl)phosphate(V),C[n+]1ccn(CCO)c1.FC(F)(F)C(F)(F)[P-](F)(F)(F)(C(F)(F)C(F)(F)F)C(F)(F)C(F)(F)F,278.08,,SurfaceTension,0.03978,0.04193596,0.0021559633,test,Ion-family,Family,E,Surface tension multi-split parity plot,True
5268,3-(2-hydroxyethyl)-1-methyl-1H-imidazolium trifluorotris(perfluoroethyl)phosphate(V),C[n+]1ccn(CCO)c1.FC(F)(F)C(F)(F)[P-](F)(F)(F)(C(F)(F)C(F)(F)F)C(F)(F)C(F)(F)F,283.18,,SurfaceTension,0.03955,0.041643377,0.0020933785,test,Ion-family,Family,E,Surface tension multi-split parity plot,True
5269,3-(2-hydroxyethyl)-1-methyl-1H-imidazolium trifluorotris(perfluoroethyl)phosphate(V),C[n+]1ccn(CCO)c1.FC(F)(F)C(F)(F)[P-](F)(F)(F)(C(F)(F)C(F)(F)F)C(F)(F)C(F)(F)F,288.8,,SurfaceTension,0.039369997,0.041342866,0.001972869,test,Ion-family,Family,E,Surface tension multi-split parity plot,True
5271,3-(2-hydroxyethyl)-1-methyl-1H-imidazolium trifluorotris(perfluoroethyl)phosphate(V),C[n+]1ccn(CCO)c1.FC(F)(F)C(F)(F)[P-](F)(F)(F)(C(F)(F)C(F)(F)F)C(F)(F)C(F)(F)F,293.32,,SurfaceTension,0.03902,0.041115414,0.0020954162,test,Ion-family,Family,E,Surface tension multi-split parity plot,True
5274,3-(2-hydroxyethyl)-1-methyl-1H-imidazolium trifluorotris(perfluoroethyl)phosphate(V),C[n+]1ccn(CCO)c1.FC(F)(F)C(F)(F)[P-](F)(F)(F)(C(F)(F)C(F)(F)F)C(F)(F)C(F)(F)F,298.24,,SurfaceTension,0.0387,0.04087971,0.002179712,test,Ion-family,Family,E,Surface tension multi-split parity plot,True
5277,3-(2-hydroxyethyl)-1-methyl-1H-imidazolium trifluorotris(perfluoroethyl)phosphate(V),C[n+]1ccn(CCO)c1.FC(F)(F)C(F)(F)[P-](F)(F)(F)(C(F)(F)C(F)(F)F)C(F)(F)C(F)(F)F,303.31,,SurfaceTension,0.03863,0.040646937,0.0020169355,test,Ion-family,Family,E,Surface tension multi-split parity plot,True
5280,3-(2-hydroxyethyl)-1-methyl-1H-imidazolium trifluorotris(perfluoroethyl)phosphate(V),C[n+]1ccn(CCO)c1.FC(F)(F)C(F)(F)[P-](F)(F)(F)(C(F)(F)C(F)(F)F)C(F)(F)C(F)(F)F,308.28,,SurfaceTension,0.038359996,0.040425785,0.002065789,test,Ion-family,Family,E,Surface tension multi-split parity plot,True
5283,3-(2-hydroxyethyl)-1-methyl-1H-imidazolium trifluorotris(perfluoroethyl)phosphate(V),C[n+]1ccn(CCO)c1.FC(F)(F)C(F)(F)[P-](F)(F)(F)(C(F)(F)C(F)(F)F)C(F)(F)C(F)(F)F,313.19,,SurfaceTension,0.038080003,0.04021123,0.0021312274,test,Ion-family,Family,E,Surface tension multi-split parity plot,True
5286,3-(2-hydroxyethyl)-1-methyl-1H-imidazolium trifluorotris(perfluoroethyl)phosphate(V),C[n+]1ccn(CCO)c1.FC(F)(F)C(F)(F)[P-](F)(F)(F)(C(F)(F)C(F)(F)F)C(F)(F)C(F)(F)F,318.37,,SurfaceTension,0.037760004,0.039986044,0.0022260398,test,Ion-family,Family,E,Surface tension multi-split parity plot,True
5287,3-(2-hydroxyethyl)-1-methyl-1H-imidazolium trifluorotris(perfluoroethyl)phosphate(V),C[n+]1ccn(CCO)c1.FC(F)(F)C(F)(F)[P-](F)(F)(F)(C(F)(F)C(F)(F)F)C(F)(F)C(F)(F)F,322.69,,SurfaceTension,0.03748,0.03979697,0.0023169704,test,Ion-family,Family,E,Surface tension multi-split parity plot,True
5290,3-(2-hydroxyethyl)-1-methyl-1H-imidazolium trifluorotris(perfluoroethyl)phosphate(V),C[n+]1ccn(CCO)c1.FC(F)(F)C(F)(F)[P-](F)(F)(F)(C(F)(F)C(F)(F)F)C(F)(F)C(F)(F)F,327.36,,SurfaceTension,0.036999997,0.039589245,0.0025892481,test,Ion-family,Family,E,Surface tension multi-split parity plot,True
5293,3-(2-hydroxyethyl)-1-methyl-1H-imidazolium trifluorotris(perfluoroethyl)phosphate(V),C[n+]1ccn(CCO)c1.FC(F)(F)C(F)(F)[P-](F)(F)(F)(C(F)(F)C(F)(F)F)C(F)(F)C(F)(F)F,333.13,,SurfaceTension,0.036809996,0.03932508,0.002515085,test,Ion-family,Family,E,Surface tension multi-split parity plot,True
5297,3-(2-hydroxyethyl)-1-methyl-1H-imidazolium trifluorotris(perfluoroethyl)phosphate(V),C[n+]1ccn(CCO)c1.FC(F)(F)C(F)(F)[P-](F)(F)(F)(C(F)(F)C(F)(F)F)C(F)(F)C(F)(F)F,338.38,,SurfaceTension,0.03642,0.03907508,0.0026550815,test,Ion-family,Family,E,Surface tension multi-split parity plot,True
5298,3-(2-hydroxyethyl)-1-methyl-1H-imidazolium trifluorotris(perfluoroethyl)phosphate(V),C[n+]1ccn(CCO)c1.FC(F)(F)C(F)(F)[P-](F)(F)(F)(C(F)(F)C(F)(F)F)C(F)(F)C(F)(F)F,342.29,,SurfaceTension,0.03634,0.038881693,0.0025416948,test,Ion-family,Family,E,Surface tension multi-split parity plot,True
5301,3-(2-hydroxyethyl)-1-methyl-1H-imidazolium trifluorotris(perfluoroethyl)phosphate(V),C[n+]1ccn(CCO)c1.FC(F)(F)C(F)(F)[P-](F)(F)(F)(C(F)(F)C(F)(F)F)C(F)(F)C(F)(F)F,348.0,,SurfaceTension,0.035779998,0.038586553,0.0028065555,test,Ion-family,Family,E,Surface tension multi-split parity plot,True
5303,3-(2-hydroxyethyl)-1-methyl-1H-imidazolium trifluorotris(perfluoroethyl)phosphate(V),C[n+]1ccn(CCO)c1.FC(F)(F)C(F)(F)[P-](F)(F)(F)(C(F)(F)C(F)(F)F)C(F)(F)C(F)(F)F,352.31,,SurfaceTension,0.035549995,0.03835271,0.0028027147,test,Ion-family,Family,E,Surface tension multi-split parity plot,True
5305,3-(2-hydroxyethyl)-1-methyl-1H-imidazolium trifluorotris(perfluoroethyl)phosphate(V),C[n+]1ccn(CCO)c1.FC(F)(F)C(F)(F)[P-](F)(F)(F)(C(F)(F)C(F)(F)F)C(F)(F)C(F)(F)F,358.66,,SurfaceTension,0.035090003,0.037989076,0.002899073,test,Ion-family,Family,E,Surface tension multi-split parity plot,True
5306,3-(2-hydroxyethyl)-1-methyl-1H-imidazolium trifluorotris(perfluoroethyl)phosphate(V),C[n+]1ccn(CCO)c1.FC(F)(F)C(F)(F)[P-](F)(F)(F)(C(F)(F)C(F)(F)F)C(F)(F)C(F)(F)F,363.2,,SurfaceTension,0.03493,0.037714075,0.002784077,test,Ion-family,Family,E,Surface tension multi-split parity plot,True
2184,tributylethylphosphonium diethylphosphate,CCCC[P+](CC)(CCCC)CCCC.CCOP(=O)([O-])OCC,293.2,,SurfaceTension,0.0314,0.03137222,2.777949e-05,test,Ion-family,Family,E,Surface tension multi-split parity plot,True
2185,tributylethylphosphonium diethylphosphate,CCCC[P+](CC)(CCCC)CCCC.CCOP(=O)([O-])OCC,294.389,,SurfaceTension,0.029433003,0.031291172,0.0018581692,test,Ion-family,Family,E,Surface tension multi-split parity plot,True
2186,tributylethylphosphonium diethylphosphate,CCCC[P+](CC)(CCCC)CCCC.CCOP(=O)([O-])OCC,296.66,,SurfaceTension,0.033599995,0.031136194,0.0024638008,test,Ion-family,Family,E,Surface tension multi-split parity plot,True
2190,tributylethylphosphonium diethylphosphate,CCCC[P+](CC)(CCCC)CCCC.CCOP(=O)([O-])OCC,298.2,,SurfaceTension,0.030499997,0.031030888,0.0005308911,test,Ion-family,Family,E,Surface tension multi-split parity plot,True
2191,tributylethylphosphonium diethylphosphate,CCCC[P+](CC)(CCCC)CCCC.CCOP(=O)([O-])OCC,302.18,,SurfaceTension,0.033299997,0.03075748,0.002542518,test,Ion-family,Family,E,Surface tension multi-split parity plot,True
2195,tributylethylphosphonium diethylphosphate,CCCC[P+](CC)(CCCC)CCCC.CCOP(=O)([O-])OCC,303.2,,SurfaceTension,0.029800002,0.030687053,0.0008870512,test,Ion-family,Family,E,Surface tension multi-split parity plot,True
2196,tributylethylphosphonium diethylphosphate,CCCC[P+](CC)(CCCC)CCCC.CCOP(=O)([O-])OCC,304.232,,SurfaceTension,0.028471,0.030615626,0.0021446254,test,Ion-family,Family,E,Surface tension multi-split parity plot,True
2197,tributylethylphosphonium diethylphosphate,CCCC[P+](CC)(CCCC)CCCC.CCOP(=O)([O-])OCC,307.24,,SurfaceTension,0.033099998,0.030406322,0.0026936755,test,Ion-family,Family,E,Surface tension multi-split parity plot,True
2200,tributylethylphosphonium diethylphosphate,CCCC[P+](CC)(CCCC)CCCC.CCOP(=O)([O-])OCC,312.34,,SurfaceTension,0.0328,0.030047141,0.0027528591,test,Ion-family,Family,E,Surface tension multi-split parity plot,True
2201,tributylethylphosphonium diethylphosphate,CCCC[P+](CC)(CCCC)CCCC.CCOP(=O)([O-])OCC,313.017,,SurfaceTension,0.027863,0.029999016,0.0021360163,test,Ion-family,Family,E,Surface tension multi-split parity plot,True
2205,tributylethylphosphonium diethylphosphate,CCCC[P+](CC)(CCCC)CCCC.CCOP(=O)([O-])OCC,313.1,,SurfaceTension,0.029200003,0.029993111,0.0007931087,test,Ion-family,Family,E,Surface tension multi-split parity plot,True
2208,tributylethylphosphonium diethylphosphate,CCCC[P+](CC)(CCCC)CCCC.CCOP(=O)([O-])OCC,318.36,,SurfaceTension,0.0322,0.029615259,0.0025847424,test,Ion-family,Family,E,Surface tension multi-split parity plot,True
2212,tributylethylphosphonium diethylphosphate,CCCC[P+](CC)(CCCC)CCCC.CCOP(=O)([O-])OCC,323.1,,SurfaceTension,0.0285,0.029268764,0.00076876394,test,Ion-family,Family,E,Surface tension multi-split parity plot,True
2209,tributylethylphosphonium diethylphosphate,CCCC[P+](CC)(CCCC)CCCC.CCOP(=O)([O-])OCC,323.129,,SurfaceTension,0.027261002,0.029266631,0.0020056292,test,Ion-family,Family,E,Surface tension multi-split parity plot,True
2213,tributylethylphosphonium diethylphosphate,CCCC[P+](CC)(CCCC)CCCC.CCOP(=O)([O-])OCC,323.59,,SurfaceTension,0.031599995,0.02923262,0.0023673754,test,Ion-family,Family,E,Surface tension multi-split parity plot,True
2216,tributylethylphosphonium diethylphosphate,CCCC[P+](CC)(CCCC)CCCC.CCOP(=O)([O-])OCC,329.67,,SurfaceTension,0.0311,0.028779102,0.0023208968,test,Ion-family,Family,E,Surface tension multi-split parity plot,True
2217,tributylethylphosphonium diethylphosphate,CCCC[P+](CC)(CCCC)CCCC.CCOP(=O)([O-])OCC,332.879,,SurfaceTension,0.026711999,0.028536147,0.001824148,test,Ion-family,Family,E,Surface tension multi-split parity plot,True
2220,tributylethylphosphonium diethylphosphate,CCCC[P+](CC)(CCCC)CCCC.CCOP(=O)([O-])OCC,333.1,,SurfaceTension,0.0275,0.028519325,0.0010193251,test,Ion-family,Family,E,Surface tension multi-split parity plot,True
2221,tributylethylphosphonium diethylphosphate,CCCC[P+](CC)(CCCC)CCCC.CCOP(=O)([O-])OCC,336.36,,SurfaceTension,0.030699998,0.02826998,0.002430018,test,Ion-family,Family,E,Surface tension multi-split parity plot,True
2224,tributylethylphosphonium diethylphosphate,CCCC[P+](CC)(CCCC)CCCC.CCOP(=O)([O-])OCC,342.732,,SurfaceTension,0.026019998,0.027776424,0.001756426,test,Ion-family,Family,E,Surface tension multi-split parity plot,True
2227,tributylethylphosphonium diethylphosphate,CCCC[P+](CC)(CCCC)CCCC.CCOP(=O)([O-])OCC,343.4,,SurfaceTension,0.0301,0.027724255,0.0023757443,test,Ion-family,Family,E,Surface tension multi-split parity plot,True
2228,tributylethylphosphonium diethylphosphate,CCCC[P+](CC)(CCCC)CCCC.CCOP(=O)([O-])OCC,347.75,,SurfaceTension,0.029800002,0.027382834,0.0024171676,test,Ion-family,Family,E,Surface tension multi-split parity plot,True
2231,tributylethylphosphonium diethylphosphate,CCCC[P+](CC)(CCCC)CCCC.CCOP(=O)([O-])OCC,350.86,,SurfaceTension,0.029599998,0.027137144,0.0024628546,test,Ion-family,Family,E,Surface tension multi-split parity plot,True
2232,tributylethylphosphonium diethylphosphate,CCCC[P+](CC)(CCCC)CCCC.CCOP(=O)([O-])OCC,351.969,,SurfaceTension,0.025389,0.027049255,0.0016602539,test,Ion-family,Family,E,Surface tension multi-split parity plot,True
2234,tributylethylphosphonium diethylphosphate,CCCC[P+](CC)(CCCC)CCCC.CCOP(=O)([O-])OCC,354.861,,SurfaceTension,0.025170999,0.026819497,0.0016484987,test,Ion-family,Family,E,Surface tension multi-split parity plot,True
209,trihexyltetradecylphosphonium methanesulfonate,CCCCCCCCCCCCCC[P+](CCCCCC)(CCCCCC)CCCCCC.CS(=O)(=O)[O-],298.3,,SurfaceTension,0.031000003,0.029481133,0.0015188698,test,Ion-family,Family,E,Surface tension multi-split parity plot,True
212,trihexyltetradecylphosphonium methanesulfonate,CCCCCCCCCCCCCC[P+](CCCCCC)(CCCCCC)CCCCCC.CS(=O)(=O)[O-],308.0,,SurfaceTension,0.030299999,0.028922996,0.0013770033,test,Ion-family,Family,E,Surface tension multi-split parity plot,True
217,trihexyltetradecylphosphonium methanesulfonate,CCCCCCCCCCCCCC[P+](CCCCCC)(CCCCCC)CCCCCC.CS(=O)(=O)[O-],318.5,,SurfaceTension,0.029599998,0.028272435,0.0013275631,test,Ion-family,Family,E,Surface tension multi-split parity plot,True
221,trihexyltetradecylphosphonium methanesulfonate,CCCCCCCCCCCCCC[P+](CCCCCC)(CCCCCC)CCCCCC.CS(=O)(=O)[O-],328.8,,SurfaceTension,0.028800001,0.027585903,0.0012140982,test,Ion-family,Family,E,Surface tension multi-split parity plot,True
225,trihexyltetradecylphosphonium methanesulfonate,CCCCCCCCCCCCCC[P+](CCCCCC)(CCCCCC)CCCCCC.CS(=O)(=O)[O-],338.7,,SurfaceTension,0.028199999,0.026883213,0.0013167858,test,Ion-family,Family,E,Surface tension multi-split parity plot,True
227,trihexyltetradecylphosphonium methanesulfonate,CCCCCCCCCCCCCC[P+](CCCCCC)(CCCCCC)CCCCCC.CS(=O)(=O)[O-],343.5,,SurfaceTension,0.027900001,0.026529184,0.0013708174,test,Ion-family,Family,E,Surface tension multi-split parity plot,True
