Name,"Temperature, K","Pressure, kPa",ActualValue,ErrorValue,Name_clean,Cation,Anion,CationSMILES,AnionSMILES,SMILES,SMILES_status
"methyltrioctylammonium 1,1,1-trifluoro-N-[(trifluoromethyl)sulfonyl]methanesulfonamide",273.15,101.325,0.1314,0.0045,"methyltrioctylammonium 1,1,1-trifluoro-N-[(trifluoromethyl)sulfonyl]methanesulfonamide",methyltrioctylammonium,"1,1,1-trifluoro-N-[(trifluoromethyl)sulfonyl]methanesulfonamide",,,,parsed;cation=unresolved;anion=unresolved
"methyltrioctylammonium 1,1,1-trifluoro-N-[(trifluoromethyl)sulfonyl]methanesulfonamide",283.15,101.325,0.1291,0.0044,"methyltrioctylammonium 1,1,1-trifluoro-N-[(trifluoromethyl)sulfonyl]methanesulfonamide",methyltrioctylammonium,"1,1,1-trifluoro-N-[(trifluoromethyl)sulfonyl]methanesulfonamide",,,,parsed;cation=unresolved;anion=unresolved
"methyltrioctylammonium 1,1,1-trifluoro-N-[(trifluoromethyl)sulfonyl]methanesulfonamide",293.15,101.325,0.1299,0.0045,"methyltrioctylammonium 1,1,1-trifluoro-N-[(trifluoromethyl)sulfonyl]methanesulfonamide",methyltrioctylammonium,"1,1,1-trifluoro-N-[(trifluoromethyl)sulfonyl]methanesulfonamide",,,,parsed;cation=unresolved;anion=unresolved
"methyltrioctylammonium 1,1,1-trifluoro-N-[(trifluoromethyl)sulfonyl]methanesulfonamide",303.15,101.325,0.1283,0.0044,"methyltrioctylammonium 1,1,1-trifluoro-N-[(trifluoromethyl)sulfonyl]methanesulfonamide",methyltrioctylammonium,"1,1,1-trifluoro-N-[(trifluoromethyl)sulfonyl]methanesulfonamide",,,,parsed;cation=unresolved;anion=unresolved
"methyltrioctylammonium 1,1,1-trifluoro-N-[(trifluoromethyl)sulfonyl]methanesulfonamide",313.15,101.325,0.1266,0.0044,"methyltrioctylammonium 1,1,1-trifluoro-N-[(trifluoromethyl)sulfonyl]methanesulfonamide",methyltrioctylammonium,"1,1,1-trifluoro-N-[(trifluoromethyl)sulfonyl]methanesulfonamide",,,,parsed;cation=unresolved;anion=unresolved
"methyltrioctylammonium 1,1,1-trifluoro-N-[(trifluoromethyl)sulfonyl]methanesulfonamide",323.15,101.325,0.1247,0.0043,"methyltrioctylammonium 1,1,1-trifluoro-N-[(trifluoromethyl)sulfonyl]methanesulfonamide",methyltrioctylammonium,"1,1,1-trifluoro-N-[(trifluoromethyl)sulfonyl]methanesulfonamide",,,,parsed;cation=unresolved;anion=unresolved
"methyltrioctylammonium 1,1,1-trifluoro-N-[(trifluoromethyl)sulfonyl]methanesulfonamide",333.15,101.325,0.1244,0.0043,"methyltrioctylammonium 1,1,1-trifluoro-N-[(trifluoromethyl)sulfonyl]methanesulfonamide",methyltrioctylammonium,"1,1,1-trifluoro-N-[(trifluoromethyl)sulfonyl]methanesulfonamide",,,,parsed;cation=unresolved;anion=unresolved
"methyltrioctylammonium 1,1,1-trifluoro-N-[(trifluoromethyl)sulfonyl]methanesulfonamide",343.15,101.325,0.1242,0.0043,"methyltrioctylammonium 1,1,1-trifluoro-N-[(trifluoromethyl)sulfonyl]methanesulfonamide",methyltrioctylammonium,"1,1,1-trifluoro-N-[(trifluoromethyl)sulfonyl]methanesulfonamide",,,,parsed;cation=unresolved;anion=unresolved
"methyltrioctylammonium 1,1,1-trifluoro-N-[(trifluoromethyl)sulfonyl]methanesulfonamide",353.15,101.325,0.1248,0.0043,"methyltrioctylammonium 1,1,1-trifluoro-N-[(trifluoromethyl)sulfonyl]methanesulfonamide",methyltrioctylammonium,"1,1,1-trifluoro-N-[(trifluoromethyl)sulfonyl]methanesulfonamide",,,,parsed;cation=unresolved;anion=unresolved
"N,N-dibutyl-N-methyl-1-butanaminium L-lysinate",298.15,101.325,0.171,0.01,"N,N-dibutyl-N-methyl-1-butanaminium L-lysinate","N,N-dibutyl-N-methyl-1-butanaminium",L-lysinate,,NCCCC[C@H](N)C([O-])=O,,parsed;cation=unresolved;anion=cache:cactus
"N,N-dibutyl-N-methyl-1-butanaminium L-lysinate",303.15,101.325,0.17,0.01,"N,N-dibutyl-N-methyl-1-butanaminium L-lysinate","N,N-dibutyl-N-methyl-1-butanaminium",L-lysinate,,NCCCC[C@H](N)C([O-])=O,,parsed;cation=unresolved;anion=cache:cactus
"N,N-dibutyl-N-methyl-1-butanaminium L-lysinate",313.15,101.325,0.169,0.01,"N,N-dibutyl-N-methyl-1-butanaminium L-lysinate","N,N-dibutyl-N-methyl-1-butanaminium",L-lysinate,,NCCCC[C@H](N)C([O-])=O,,parsed;cation=unresolved;anion=cache:cactus
"N,N-dibutyl-N-methyl-1-butanaminium L-lysinate",323.15,101.325,0.168,0.01,"N,N-dibutyl-N-methyl-1-butanaminium L-lysinate","N,N-dibutyl-N-methyl-1-butanaminium",L-lysinate,,NCCCC[C@H](N)C([O-])=O,,parsed;cation=unresolved;anion=cache:cactus
"N,N-dibutyl-N-methyl-1-butanaminium L-lysinate",333.15,101.325,0.167,0.01,"N,N-dibutyl-N-methyl-1-butanaminium L-lysinate","N,N-dibutyl-N-methyl-1-butanaminium",L-lysinate,,NCCCC[C@H](N)C([O-])=O,,parsed;cation=unresolved;anion=cache:cactus
"N,N-dibutyl-N-methyl-1-butanaminium L-lysinate",343.15,101.325,0.166,0.01,"N,N-dibutyl-N-methyl-1-butanaminium L-lysinate","N,N-dibutyl-N-methyl-1-butanaminium",L-lysinate,,NCCCC[C@H](N)C([O-])=O,,parsed;cation=unresolved;anion=cache:cactus
"N,N-dibutyl-N-methyl-1-butanaminium L-lysinate",353.15,101.325,0.165,0.01,"N,N-dibutyl-N-methyl-1-butanaminium L-lysinate","N,N-dibutyl-N-methyl-1-butanaminium",L-lysinate,,NCCCC[C@H](N)C([O-])=O,,parsed;cation=unresolved;anion=cache:cactus
"N,N-dibutyl-N-methyl-1-butanaminium L-threoninate",298.15,101.325,0.16,0.01,"N,N-dibutyl-N-methyl-1-butanaminium L-threoninate","N,N-dibutyl-N-methyl-1-butanaminium",L-threoninate,,C[C@@H](O)[C@H](N)C([O-])=O,,parsed;cation=unresolved;anion=cache:cactus
"N,N-dibutyl-N-methyl-1-butanaminium L-threoninate",303.15,101.325,0.159,0.01,"N,N-dibutyl-N-methyl-1-butanaminium L-threoninate","N,N-dibutyl-N-methyl-1-butanaminium",L-threoninate,,C[C@@H](O)[C@H](N)C([O-])=O,,parsed;cation=unresolved;anion=cache:cactus
"N,N-dibutyl-N-methyl-1-butanaminium L-threoninate",313.15,101.325,0.158,0.01,"N,N-dibutyl-N-methyl-1-butanaminium L-threoninate","N,N-dibutyl-N-methyl-1-butanaminium",L-threoninate,,C[C@@H](O)[C@H](N)C([O-])=O,,parsed;cation=unresolved;anion=cache:cactus
"N,N-dibutyl-N-methyl-1-butanaminium L-threoninate",323.15,101.325,0.157,0.01,"N,N-dibutyl-N-methyl-1-butanaminium L-threoninate","N,N-dibutyl-N-methyl-1-butanaminium",L-threoninate,,C[C@@H](O)[C@H](N)C([O-])=O,,parsed;cation=unresolved;anion=cache:cactus
"N,N-dibutyl-N-methyl-1-butanaminium L-threoninate",333.15,101.325,0.156,0.01,"N,N-dibutyl-N-methyl-1-butanaminium L-threoninate","N,N-dibutyl-N-methyl-1-butanaminium",L-threoninate,,C[C@@H](O)[C@H](N)C([O-])=O,,parsed;cation=unresolved;anion=cache:cactus
"N,N-dibutyl-N-methyl-1-butanaminium L-threoninate",343.15,101.325,0.155,0.01,"N,N-dibutyl-N-methyl-1-butanaminium L-threoninate","N,N-dibutyl-N-methyl-1-butanaminium",L-threoninate,,C[C@@H](O)[C@H](N)C([O-])=O,,parsed;cation=unresolved;anion=cache:cactus
"N,N-dibutyl-N-methyl-1-butanaminium L-threoninate",353.15,101.325,0.154,0.01,"N,N-dibutyl-N-methyl-1-butanaminium L-threoninate","N,N-dibutyl-N-methyl-1-butanaminium",L-threoninate,,C[C@@H](O)[C@H](N)C([O-])=O,,parsed;cation=unresolved;anion=cache:cactus
"N,N-dibutyl-N-methyl-1-butanaminium 2-aminoethanesulfonate",298.15,101.325,0.161,0.01,"N,N-dibutyl-N-methyl-1-butanaminium 2-aminoethanesulfonate","N,N-dibutyl-N-methyl-1-butanaminium",2-aminoethanesulfonate,,NCC[S]([O-])(=O)=O,,parsed;cation=unresolved;anion=cache:cactus
"N,N-dibutyl-N-methyl-1-butanaminium 2-aminoethanesulfonate",303.15,101.325,0.16,0.01,"N,N-dibutyl-N-methyl-1-butanaminium 2-aminoethanesulfonate","N,N-dibutyl-N-methyl-1-butanaminium",2-aminoethanesulfonate,,NCC[S]([O-])(=O)=O,,parsed;cation=unresolved;anion=cache:cactus
"N,N-dibutyl-N-methyl-1-butanaminium 2-aminoethanesulfonate",313.15,101.325,0.159,0.01,"N,N-dibutyl-N-methyl-1-butanaminium 2-aminoethanesulfonate","N,N-dibutyl-N-methyl-1-butanaminium",2-aminoethanesulfonate,,NCC[S]([O-])(=O)=O,,parsed;cation=unresolved;anion=cache:cactus
"N,N-dibutyl-N-methyl-1-butanaminium 2-aminoethanesulfonate",323.15,101.325,0.158,0.01,"N,N-dibutyl-N-methyl-1-butanaminium 2-aminoethanesulfonate","N,N-dibutyl-N-methyl-1-butanaminium",2-aminoethanesulfonate,,NCC[S]([O-])(=O)=O,,parsed;cation=unresolved;anion=cache:cactus
"N,N-dibutyl-N-methyl-1-butanaminium 2-aminoethanesulfonate",333.15,101.325,0.157,0.01,"N,N-dibutyl-N-methyl-1-butanaminium 2-aminoethanesulfonate","N,N-dibutyl-N-methyl-1-butanaminium",2-aminoethanesulfonate,,NCC[S]([O-])(=O)=O,,parsed;cation=unresolved;anion=cache:cactus
"N,N-dibutyl-N-methyl-1-butanaminium 2-aminoethanesulfonate",343.15,101.325,0.156,0.01,"N,N-dibutyl-N-methyl-1-butanaminium 2-aminoethanesulfonate","N,N-dibutyl-N-methyl-1-butanaminium",2-aminoethanesulfonate,,NCC[S]([O-])(=O)=O,,parsed;cation=unresolved;anion=cache:cactus
"N,N-dibutyl-N-methyl-1-butanaminium 2-aminoethanesulfonate",353.15,101.325,0.155,0.01,"N,N-dibutyl-N-methyl-1-butanaminium 2-aminoethanesulfonate","N,N-dibutyl-N-methyl-1-butanaminium",2-aminoethanesulfonate,,NCC[S]([O-])(=O)=O,,parsed;cation=unresolved;anion=cache:cactus
"N,N-dibutyl-N-methylbutanaminium L-serinate",298.15,101.325,0.169,0.01,"N,N-dibutyl-N-methylbutanaminium L-serinate","N,N-dibutyl-N-methylbutanaminium",L-serinate,,N[C@@H](CO)C([O-])=O,,parsed;cation=unresolved;anion=cache:cactus
"N,N-dibutyl-N-methylbutanaminium L-serinate",303.15,101.325,0.168,0.01,"N,N-dibutyl-N-methylbutanaminium L-serinate","N,N-dibutyl-N-methylbutanaminium",L-serinate,,N[C@@H](CO)C([O-])=O,,parsed;cation=unresolved;anion=cache:cactus
"N,N-dibutyl-N-methylbutanaminium L-serinate",313.15,101.325,0.167,0.01,"N,N-dibutyl-N-methylbutanaminium L-serinate","N,N-dibutyl-N-methylbutanaminium",L-serinate,,N[C@@H](CO)C([O-])=O,,parsed;cation=unresolved;anion=cache:cactus
"N,N-dibutyl-N-methylbutanaminium L-serinate",323.15,101.325,0.166,0.01,"N,N-dibutyl-N-methylbutanaminium L-serinate","N,N-dibutyl-N-methylbutanaminium",L-serinate,,N[C@@H](CO)C([O-])=O,,parsed;cation=unresolved;anion=cache:cactus
"N,N-dibutyl-N-methylbutanaminium L-serinate",333.15,101.325,0.165,0.01,"N,N-dibutyl-N-methylbutanaminium L-serinate","N,N-dibutyl-N-methylbutanaminium",L-serinate,,N[C@@H](CO)C([O-])=O,,parsed;cation=unresolved;anion=cache:cactus
"N,N-dibutyl-N-methylbutanaminium L-serinate",343.15,101.325,0.164,0.01,"N,N-dibutyl-N-methylbutanaminium L-serinate","N,N-dibutyl-N-methylbutanaminium",L-serinate,,N[C@@H](CO)C([O-])=O,,parsed;cation=unresolved;anion=cache:cactus
"N,N-dibutyl-N-methylbutanaminium L-serinate",353.15,101.325,0.163,0.01,"N,N-dibutyl-N-methylbutanaminium L-serinate","N,N-dibutyl-N-methylbutanaminium",L-serinate,,N[C@@H](CO)C([O-])=O,,parsed;cation=unresolved;anion=cache:cactus
"4-(dimethylamino)-1-hexyl-pyridinium 1,1,1-trifluoro-N-[(trifluoromethyl)sulfonyl]methanesulfonamide",300.0,101.325,0.13,0.01,"4-(dimethylamino)-1-hexyl-pyridinium 1,1,1-trifluoro-N-[(trifluoromethyl)sulfonyl]methanesulfonamide",4-(dimethylamino)-1-hexyl-pyridinium,"1,1,1-trifluoro-N-[(trifluoromethyl)sulfonyl]methanesulfonamide",CCCCCC[n+]1ccc(cc1)N(C)C,,,parsed;cation=cache:cactus;anion=unresolved
"4-(dimethylamino)-1-hexyl-pyridinium 1,1,1-trifluoro-N-[(trifluoromethyl)sulfonyl]methanesulfonamide",375.0,101.325,0.13,0.01,"4-(dimethylamino)-1-hexyl-pyridinium 1,1,1-trifluoro-N-[(trifluoromethyl)sulfonyl]methanesulfonamide",4-(dimethylamino)-1-hexyl-pyridinium,"1,1,1-trifluoro-N-[(trifluoromethyl)sulfonyl]methanesulfonamide",CCCCCC[n+]1ccc(cc1)N(C)C,,,parsed;cation=cache:cactus;anion=unresolved
"n-butyl-4-(n',n'-dimethylammonium)pyridinium bis(trifluoromethylsulfonyl)imid",300.0,101.325,0.13,0.01,"n-butyl-4-(n',n'-dimethylammonium)pyridinium bis(trifluoromethylsulfonyl)imid","n-butyl-4-(n',n'-dimethylammonium)pyridinium",bis(trifluoromethylsulfonyl)imid,,,,parsed;cation=unresolved;anion=unresolved
"n-butyl-4-(n',n'-dimethylammonium)pyridinium bis(trifluoromethylsulfonyl)imid",375.0,101.325,0.13,0.01,"n-butyl-4-(n',n'-dimethylammonium)pyridinium bis(trifluoromethylsulfonyl)imid","n-butyl-4-(n',n'-dimethylammonium)pyridinium",bis(trifluoromethylsulfonyl)imid,,,,parsed;cation=unresolved;anion=unresolved
2-hydroxyethylammonium lactate,298.15,101.325,0.255,0.001,2-hydroxyethylammonium lactate,2-hydroxyethylammonium,lactate,,,,parsed;cation=unresolved;anion=unresolved
1-butyl-3-methylimidazolium methyl sulfate,283.15,100.0,0.177,0.014,1-butyl-3-methylimidazolium methyl sulfate,1-butyl-3-methylimidazolium,methyl sulfate,CCCC[n+]1ccn(C)c1,,,parsed;cation=cache:cactus;anion=unresolved
1-butyl-3-methylimidazolium methyl sulfate,283.15,5000.0,0.181,0.015,1-butyl-3-methylimidazolium methyl sulfate,1-butyl-3-methylimidazolium,methyl sulfate,CCCC[n+]1ccn(C)c1,,,parsed;cation=cache:cactus;anion=unresolved
1-butyl-3-methylimidazolium methyl sulfate,283.15,10000.0,0.182,0.015,1-butyl-3-methylimidazolium methyl sulfate,1-butyl-3-methylimidazolium,methyl sulfate,CCCC[n+]1ccn(C)c1,,,parsed;cation=cache:cactus;anion=unresolved
1-butyl-3-methylimidazolium methyl sulfate,283.15,20000.0,0.183,0.015,1-butyl-3-methylimidazolium methyl sulfate,1-butyl-3-methylimidazolium,methyl sulfate,CCCC[n+]1ccn(C)c1,,,parsed;cation=cache:cactus;anion=unresolved
1-butyl-3-methylimidazolium methyl sulfate,283.15,30000.0,0.184,0.015,1-butyl-3-methylimidazolium methyl sulfate,1-butyl-3-methylimidazolium,methyl sulfate,CCCC[n+]1ccn(C)c1,,,parsed;cation=cache:cactus;anion=unresolved
1-butyl-3-methylimidazolium methyl sulfate,283.15,40000.0,0.187,0.015,1-butyl-3-methylimidazolium methyl sulfate,1-butyl-3-methylimidazolium,methyl sulfate,CCCC[n+]1ccn(C)c1,,,parsed;cation=cache:cactus;anion=unresolved
1-butyl-3-methylimidazolium methyl sulfate,283.15,50000.0,0.19,0.015,1-butyl-3-methylimidazolium methyl sulfate,1-butyl-3-methylimidazolium,methyl sulfate,CCCC[n+]1ccn(C)c1,,,parsed;cation=cache:cactus;anion=unresolved
1-butyl-3-methylimidazolium methyl sulfate,283.15,60000.0,0.189,0.015,1-butyl-3-methylimidazolium methyl sulfate,1-butyl-3-methylimidazolium,methyl sulfate,CCCC[n+]1ccn(C)c1,,,parsed;cation=cache:cactus;anion=unresolved
1-butyl-3-methylimidazolium methyl sulfate,283.15,65000.0,0.191,0.015,1-butyl-3-methylimidazolium methyl sulfate,1-butyl-3-methylimidazolium,methyl sulfate,CCCC[n+]1ccn(C)c1,,,parsed;cation=cache:cactus;anion=unresolved
1-butyl-3-methylimidazolium methyl sulfate,293.15,100.0,0.175,0.014,1-butyl-3-methylimidazolium methyl sulfate,1-butyl-3-methylimidazolium,methyl sulfate,CCCC[n+]1ccn(C)c1,,,parsed;cation=cache:cactus;anion=unresolved
1-butyl-3-methylimidazolium methyl sulfate,293.15,5000.0,0.176,0.014,1-butyl-3-methylimidazolium methyl sulfate,1-butyl-3-methylimidazolium,methyl sulfate,CCCC[n+]1ccn(C)c1,,,parsed;cation=cache:cactus;anion=unresolved
1-butyl-3-methylimidazolium methyl sulfate,293.15,10000.0,0.176,0.014,1-butyl-3-methylimidazolium methyl sulfate,1-butyl-3-methylimidazolium,methyl sulfate,CCCC[n+]1ccn(C)c1,,,parsed;cation=cache:cactus;anion=unresolved
1-butyl-3-methylimidazolium methyl sulfate,293.15,20000.0,0.18,0.014,1-butyl-3-methylimidazolium methyl sulfate,1-butyl-3-methylimidazolium,methyl sulfate,CCCC[n+]1ccn(C)c1,,,parsed;cation=cache:cactus;anion=unresolved
1-butyl-3-methylimidazolium methyl sulfate,293.15,30000.0,0.181,0.015,1-butyl-3-methylimidazolium methyl sulfate,1-butyl-3-methylimidazolium,methyl sulfate,CCCC[n+]1ccn(C)c1,,,parsed;cation=cache:cactus;anion=unresolved
1-butyl-3-methylimidazolium methyl sulfate,293.15,40000.0,0.184,0.015,1-butyl-3-methylimidazolium methyl sulfate,1-butyl-3-methylimidazolium,methyl sulfate,CCCC[n+]1ccn(C)c1,,,parsed;cation=cache:cactus;anion=unresolved
1-butyl-3-methylimidazolium methyl sulfate,293.15,50000.0,0.187,0.015,1-butyl-3-methylimidazolium methyl sulfate,1-butyl-3-methylimidazolium,methyl sulfate,CCCC[n+]1ccn(C)c1,,,parsed;cation=cache:cactus;anion=unresolved
1-butyl-3-methylimidazolium methyl sulfate,293.15,60000.0,0.188,0.015,1-butyl-3-methylimidazolium methyl sulfate,1-butyl-3-methylimidazolium,methyl sulfate,CCCC[n+]1ccn(C)c1,,,parsed;cation=cache:cactus;anion=unresolved
1-butyl-3-methylimidazolium methyl sulfate,293.15,65000.0,0.189,0.015,1-butyl-3-methylimidazolium methyl sulfate,1-butyl-3-methylimidazolium,methyl sulfate,CCCC[n+]1ccn(C)c1,,,parsed;cation=cache:cactus;anion=unresolved
1-butyl-3-methylimidazolium methyl sulfate,303.15,100.0,0.166,0.013,1-butyl-3-methylimidazolium methyl sulfate,1-butyl-3-methylimidazolium,methyl sulfate,CCCC[n+]1ccn(C)c1,,,parsed;cation=cache:cactus;anion=unresolved
1-butyl-3-methylimidazolium methyl sulfate,303.15,5000.0,0.171,0.014,1-butyl-3-methylimidazolium methyl sulfate,1-butyl-3-methylimidazolium,methyl sulfate,CCCC[n+]1ccn(C)c1,,,parsed;cation=cache:cactus;anion=unresolved
1-butyl-3-methylimidazolium methyl sulfate,303.15,10000.0,0.174,0.014,1-butyl-3-methylimidazolium methyl sulfate,1-butyl-3-methylimidazolium,methyl sulfate,CCCC[n+]1ccn(C)c1,,,parsed;cation=cache:cactus;anion=unresolved
1-butyl-3-methylimidazolium methyl sulfate,303.15,20000.0,0.176,0.014,1-butyl-3-methylimidazolium methyl sulfate,1-butyl-3-methylimidazolium,methyl sulfate,CCCC[n+]1ccn(C)c1,,,parsed;cation=cache:cactus;anion=unresolved
1-butyl-3-methylimidazolium methyl sulfate,303.15,30000.0,0.18,0.014,1-butyl-3-methylimidazolium methyl sulfate,1-butyl-3-methylimidazolium,methyl sulfate,CCCC[n+]1ccn(C)c1,,,parsed;cation=cache:cactus;anion=unresolved
1-butyl-3-methylimidazolium methyl sulfate,303.15,40000.0,0.181,0.015,1-butyl-3-methylimidazolium methyl sulfate,1-butyl-3-methylimidazolium,methyl sulfate,CCCC[n+]1ccn(C)c1,,,parsed;cation=cache:cactus;anion=unresolved
1-butyl-3-methylimidazolium methyl sulfate,303.15,50000.0,0.182,0.015,1-butyl-3-methylimidazolium methyl sulfate,1-butyl-3-methylimidazolium,methyl sulfate,CCCC[n+]1ccn(C)c1,,,parsed;cation=cache:cactus;anion=unresolved
1-butyl-3-methylimidazolium methyl sulfate,303.15,60000.0,0.185,0.015,1-butyl-3-methylimidazolium methyl sulfate,1-butyl-3-methylimidazolium,methyl sulfate,CCCC[n+]1ccn(C)c1,,,parsed;cation=cache:cactus;anion=unresolved
1-butyl-3-methylimidazolium methyl sulfate,303.15,65000.0,0.186,0.015,1-butyl-3-methylimidazolium methyl sulfate,1-butyl-3-methylimidazolium,methyl sulfate,CCCC[n+]1ccn(C)c1,,,parsed;cation=cache:cactus;anion=unresolved
1-butyl-3-methylimidazolium methyl sulfate,313.15,100.0,0.159,0.013,1-butyl-3-methylimidazolium methyl sulfate,1-butyl-3-methylimidazolium,methyl sulfate,CCCC[n+]1ccn(C)c1,,,parsed;cation=cache:cactus;anion=unresolved
1-butyl-3-methylimidazolium methyl sulfate,313.15,5000.0,0.164,0.013,1-butyl-3-methylimidazolium methyl sulfate,1-butyl-3-methylimidazolium,methyl sulfate,CCCC[n+]1ccn(C)c1,,,parsed;cation=cache:cactus;anion=unresolved
1-butyl-3-methylimidazolium methyl sulfate,313.15,10000.0,0.167,0.013,1-butyl-3-methylimidazolium methyl sulfate,1-butyl-3-methylimidazolium,methyl sulfate,CCCC[n+]1ccn(C)c1,,,parsed;cation=cache:cactus;anion=unresolved
1-butyl-3-methylimidazolium methyl sulfate,313.15,20000.0,0.172,0.014,1-butyl-3-methylimidazolium methyl sulfate,1-butyl-3-methylimidazolium,methyl sulfate,CCCC[n+]1ccn(C)c1,,,parsed;cation=cache:cactus;anion=unresolved
1-butyl-3-methylimidazolium methyl sulfate,313.15,30000.0,0.176,0.014,1-butyl-3-methylimidazolium methyl sulfate,1-butyl-3-methylimidazolium,methyl sulfate,CCCC[n+]1ccn(C)c1,,,parsed;cation=cache:cactus;anion=unresolved
1-butyl-3-methylimidazolium methyl sulfate,313.15,40000.0,0.176,0.014,1-butyl-3-methylimidazolium methyl sulfate,1-butyl-3-methylimidazolium,methyl sulfate,CCCC[n+]1ccn(C)c1,,,parsed;cation=cache:cactus;anion=unresolved
1-butyl-3-methylimidazolium methyl sulfate,313.15,50000.0,0.179,0.014,1-butyl-3-methylimidazolium methyl sulfate,1-butyl-3-methylimidazolium,methyl sulfate,CCCC[n+]1ccn(C)c1,,,parsed;cation=cache:cactus;anion=unresolved
1-butyl-3-methylimidazolium methyl sulfate,313.15,60000.0,0.18,0.014,1-butyl-3-methylimidazolium methyl sulfate,1-butyl-3-methylimidazolium,methyl sulfate,CCCC[n+]1ccn(C)c1,,,parsed;cation=cache:cactus;anion=unresolved
1-butyl-3-methylimidazolium methyl sulfate,313.15,65000.0,0.181,0.015,1-butyl-3-methylimidazolium methyl sulfate,1-butyl-3-methylimidazolium,methyl sulfate,CCCC[n+]1ccn(C)c1,,,parsed;cation=cache:cactus;anion=unresolved
1-butyl-3-methylimidazolium dicyanamide,283.15,100.0,0.177,0.014,1-butyl-3-methylimidazolium dicyanamide,1-butyl-3-methylimidazolium,dicyanamide,CCCC[n+]1ccn(C)c1,N#C[N-]C#N,CCCC[n+]1ccn(C)c1.N#C[N-]C#N,ok
1-butyl-3-methylimidazolium dicyanamide,283.15,5000.0,0.182,0.015,1-butyl-3-methylimidazolium dicyanamide,1-butyl-3-methylimidazolium,dicyanamide,CCCC[n+]1ccn(C)c1,N#C[N-]C#N,CCCC[n+]1ccn(C)c1.N#C[N-]C#N,ok
1-butyl-3-methylimidazolium dicyanamide,283.15,10000.0,0.183,0.015,1-butyl-3-methylimidazolium dicyanamide,1-butyl-3-methylimidazolium,dicyanamide,CCCC[n+]1ccn(C)c1,N#C[N-]C#N,CCCC[n+]1ccn(C)c1.N#C[N-]C#N,ok
1-butyl-3-methylimidazolium dicyanamide,283.15,20000.0,0.186,0.015,1-butyl-3-methylimidazolium dicyanamide,1-butyl-3-methylimidazolium,dicyanamide,CCCC[n+]1ccn(C)c1,N#C[N-]C#N,CCCC[n+]1ccn(C)c1.N#C[N-]C#N,ok
1-butyl-3-methylimidazolium dicyanamide,283.15,30000.0,0.189,0.015,1-butyl-3-methylimidazolium dicyanamide,1-butyl-3-methylimidazolium,dicyanamide,CCCC[n+]1ccn(C)c1,N#C[N-]C#N,CCCC[n+]1ccn(C)c1.N#C[N-]C#N,ok
1-butyl-3-methylimidazolium dicyanamide,283.15,40000.0,0.193,0.015,1-butyl-3-methylimidazolium dicyanamide,1-butyl-3-methylimidazolium,dicyanamide,CCCC[n+]1ccn(C)c1,N#C[N-]C#N,CCCC[n+]1ccn(C)c1.N#C[N-]C#N,ok
1-butyl-3-methylimidazolium dicyanamide,283.15,50000.0,0.194,0.016,1-butyl-3-methylimidazolium dicyanamide,1-butyl-3-methylimidazolium,dicyanamide,CCCC[n+]1ccn(C)c1,N#C[N-]C#N,CCCC[n+]1ccn(C)c1.N#C[N-]C#N,ok
1-butyl-3-methylimidazolium dicyanamide,283.15,60000.0,0.197,0.016,1-butyl-3-methylimidazolium dicyanamide,1-butyl-3-methylimidazolium,dicyanamide,CCCC[n+]1ccn(C)c1,N#C[N-]C#N,CCCC[n+]1ccn(C)c1.N#C[N-]C#N,ok
1-butyl-3-methylimidazolium dicyanamide,283.15,65000.0,0.197,0.016,1-butyl-3-methylimidazolium dicyanamide,1-butyl-3-methylimidazolium,dicyanamide,CCCC[n+]1ccn(C)c1,N#C[N-]C#N,CCCC[n+]1ccn(C)c1.N#C[N-]C#N,ok
1-butyl-3-methylimidazolium dicyanamide,293.15,100.0,0.172,0.014,1-butyl-3-methylimidazolium dicyanamide,1-butyl-3-methylimidazolium,dicyanamide,CCCC[n+]1ccn(C)c1,N#C[N-]C#N,CCCC[n+]1ccn(C)c1.N#C[N-]C#N,ok
1-butyl-3-methylimidazolium dicyanamide,293.15,5000.0,0.176,0.014,1-butyl-3-methylimidazolium dicyanamide,1-butyl-3-methylimidazolium,dicyanamide,CCCC[n+]1ccn(C)c1,N#C[N-]C#N,CCCC[n+]1ccn(C)c1.N#C[N-]C#N,ok
1-butyl-3-methylimidazolium dicyanamide,293.15,10000.0,0.178,0.014,1-butyl-3-methylimidazolium dicyanamide,1-butyl-3-methylimidazolium,dicyanamide,CCCC[n+]1ccn(C)c1,N#C[N-]C#N,CCCC[n+]1ccn(C)c1.N#C[N-]C#N,ok
1-butyl-3-methylimidazolium dicyanamide,293.15,20000.0,0.183,0.015,1-butyl-3-methylimidazolium dicyanamide,1-butyl-3-methylimidazolium,dicyanamide,CCCC[n+]1ccn(C)c1,N#C[N-]C#N,CCCC[n+]1ccn(C)c1.N#C[N-]C#N,ok
1-butyl-3-methylimidazolium dicyanamide,293.15,30000.0,0.186,0.015,1-butyl-3-methylimidazolium dicyanamide,1-butyl-3-methylimidazolium,dicyanamide,CCCC[n+]1ccn(C)c1,N#C[N-]C#N,CCCC[n+]1ccn(C)c1.N#C[N-]C#N,ok
1-butyl-3-methylimidazolium dicyanamide,293.15,40000.0,0.189,0.015,1-butyl-3-methylimidazolium dicyanamide,1-butyl-3-methylimidazolium,dicyanamide,CCCC[n+]1ccn(C)c1,N#C[N-]C#N,CCCC[n+]1ccn(C)c1.N#C[N-]C#N,ok
1-butyl-3-methylimidazolium dicyanamide,293.15,50000.0,0.19,0.015,1-butyl-3-methylimidazolium dicyanamide,1-butyl-3-methylimidazolium,dicyanamide,CCCC[n+]1ccn(C)c1,N#C[N-]C#N,CCCC[n+]1ccn(C)c1.N#C[N-]C#N,ok
1-butyl-3-methylimidazolium dicyanamide,293.15,60000.0,0.192,0.015,1-butyl-3-methylimidazolium dicyanamide,1-butyl-3-methylimidazolium,dicyanamide,CCCC[n+]1ccn(C)c1,N#C[N-]C#N,CCCC[n+]1ccn(C)c1.N#C[N-]C#N,ok
1-butyl-3-methylimidazolium dicyanamide,293.15,65000.0,0.193,0.015,1-butyl-3-methylimidazolium dicyanamide,1-butyl-3-methylimidazolium,dicyanamide,CCCC[n+]1ccn(C)c1,N#C[N-]C#N,CCCC[n+]1ccn(C)c1.N#C[N-]C#N,ok
1-butyl-3-methylimidazolium dicyanamide,303.15,100.0,0.168,0.013,1-butyl-3-methylimidazolium dicyanamide,1-butyl-3-methylimidazolium,dicyanamide,CCCC[n+]1ccn(C)c1,N#C[N-]C#N,CCCC[n+]1ccn(C)c1.N#C[N-]C#N,ok
1-butyl-3-methylimidazolium dicyanamide,303.15,5000.0,0.171,0.014,1-butyl-3-methylimidazolium dicyanamide,1-butyl-3-methylimidazolium,dicyanamide,CCCC[n+]1ccn(C)c1,N#C[N-]C#N,CCCC[n+]1ccn(C)c1.N#C[N-]C#N,ok
1-butyl-3-methylimidazolium dicyanamide,303.15,10000.0,0.173,0.014,1-butyl-3-methylimidazolium dicyanamide,1-butyl-3-methylimidazolium,dicyanamide,CCCC[n+]1ccn(C)c1,N#C[N-]C#N,CCCC[n+]1ccn(C)c1.N#C[N-]C#N,ok
1-butyl-3-methylimidazolium dicyanamide,303.15,20000.0,0.179,0.014,1-butyl-3-methylimidazolium dicyanamide,1-butyl-3-methylimidazolium,dicyanamide,CCCC[n+]1ccn(C)c1,N#C[N-]C#N,CCCC[n+]1ccn(C)c1.N#C[N-]C#N,ok
1-butyl-3-methylimidazolium dicyanamide,303.15,30000.0,0.183,0.015,1-butyl-3-methylimidazolium dicyanamide,1-butyl-3-methylimidazolium,dicyanamide,CCCC[n+]1ccn(C)c1,N#C[N-]C#N,CCCC[n+]1ccn(C)c1.N#C[N-]C#N,ok
1-butyl-3-methylimidazolium dicyanamide,303.15,40000.0,0.184,0.015,1-butyl-3-methylimidazolium dicyanamide,1-butyl-3-methylimidazolium,dicyanamide,CCCC[n+]1ccn(C)c1,N#C[N-]C#N,CCCC[n+]1ccn(C)c1.N#C[N-]C#N,ok
1-butyl-3-methylimidazolium dicyanamide,303.15,50000.0,0.185,0.015,1-butyl-3-methylimidazolium dicyanamide,1-butyl-3-methylimidazolium,dicyanamide,CCCC[n+]1ccn(C)c1,N#C[N-]C#N,CCCC[n+]1ccn(C)c1.N#C[N-]C#N,ok
1-butyl-3-methylimidazolium dicyanamide,303.15,60000.0,0.187,0.015,1-butyl-3-methylimidazolium dicyanamide,1-butyl-3-methylimidazolium,dicyanamide,CCCC[n+]1ccn(C)c1,N#C[N-]C#N,CCCC[n+]1ccn(C)c1.N#C[N-]C#N,ok
1-butyl-3-methylimidazolium dicyanamide,303.15,65000.0,0.188,0.015,1-butyl-3-methylimidazolium dicyanamide,1-butyl-3-methylimidazolium,dicyanamide,CCCC[n+]1ccn(C)c1,N#C[N-]C#N,CCCC[n+]1ccn(C)c1.N#C[N-]C#N,ok
1-butyl-3-methylimidazolium dicyanamide,313.15,100.0,0.163,0.013,1-butyl-3-methylimidazolium dicyanamide,1-butyl-3-methylimidazolium,dicyanamide,CCCC[n+]1ccn(C)c1,N#C[N-]C#N,CCCC[n+]1ccn(C)c1.N#C[N-]C#N,ok
1-butyl-3-methylimidazolium dicyanamide,313.15,5000.0,0.166,0.013,1-butyl-3-methylimidazolium dicyanamide,1-butyl-3-methylimidazolium,dicyanamide,CCCC[n+]1ccn(C)c1,N#C[N-]C#N,CCCC[n+]1ccn(C)c1.N#C[N-]C#N,ok
1-butyl-3-methylimidazolium dicyanamide,313.15,10000.0,0.169,0.014,1-butyl-3-methylimidazolium dicyanamide,1-butyl-3-methylimidazolium,dicyanamide,CCCC[n+]1ccn(C)c1,N#C[N-]C#N,CCCC[n+]1ccn(C)c1.N#C[N-]C#N,ok
1-butyl-3-methylimidazolium dicyanamide,313.15,20000.0,0.176,0.014,1-butyl-3-methylimidazolium dicyanamide,1-butyl-3-methylimidazolium,dicyanamide,CCCC[n+]1ccn(C)c1,N#C[N-]C#N,CCCC[n+]1ccn(C)c1.N#C[N-]C#N,ok
1-butyl-3-methylimidazolium dicyanamide,313.15,30000.0,0.18,0.014,1-butyl-3-methylimidazolium dicyanamide,1-butyl-3-methylimidazolium,dicyanamide,CCCC[n+]1ccn(C)c1,N#C[N-]C#N,CCCC[n+]1ccn(C)c1.N#C[N-]C#N,ok
1-butyl-3-methylimidazolium dicyanamide,313.15,40000.0,0.18,0.015,1-butyl-3-methylimidazolium dicyanamide,1-butyl-3-methylimidazolium,dicyanamide,CCCC[n+]1ccn(C)c1,N#C[N-]C#N,CCCC[n+]1ccn(C)c1.N#C[N-]C#N,ok
1-butyl-3-methylimidazolium dicyanamide,313.15,50000.0,0.181,0.015,1-butyl-3-methylimidazolium dicyanamide,1-butyl-3-methylimidazolium,dicyanamide,CCCC[n+]1ccn(C)c1,N#C[N-]C#N,CCCC[n+]1ccn(C)c1.N#C[N-]C#N,ok
1-butyl-3-methylimidazolium dicyanamide,313.15,60000.0,0.183,0.015,1-butyl-3-methylimidazolium dicyanamide,1-butyl-3-methylimidazolium,dicyanamide,CCCC[n+]1ccn(C)c1,N#C[N-]C#N,CCCC[n+]1ccn(C)c1.N#C[N-]C#N,ok
1-butyl-3-methylimidazolium dicyanamide,313.15,65000.0,0.184,0.015,1-butyl-3-methylimidazolium dicyanamide,1-butyl-3-methylimidazolium,dicyanamide,CCCC[n+]1ccn(C)c1,N#C[N-]C#N,CCCC[n+]1ccn(C)c1.N#C[N-]C#N,ok
1-butyl-3-methylimidazolium trifluoromethanesulfonate,283.15,100.0,0.144,0.011,1-butyl-3-methylimidazolium trifluoromethanesulfonate,1-butyl-3-methylimidazolium,trifluoromethanesulfonate,CCCC[n+]1ccn(C)c1,FC(F)(F)S(=O)(=O)[O-],CCCC[n+]1ccn(C)c1.FC(F)(F)S(=O)(=O)[O-],ok
1-butyl-3-methylimidazolium trifluoromethanesulfonate,283.15,5000.0,0.147,0.012,1-butyl-3-methylimidazolium trifluoromethanesulfonate,1-butyl-3-methylimidazolium,trifluoromethanesulfonate,CCCC[n+]1ccn(C)c1,FC(F)(F)S(=O)(=O)[O-],CCCC[n+]1ccn(C)c1.FC(F)(F)S(=O)(=O)[O-],ok
1-butyl-3-methylimidazolium trifluoromethanesulfonate,283.15,10000.0,0.149,0.012,1-butyl-3-methylimidazolium trifluoromethanesulfonate,1-butyl-3-methylimidazolium,trifluoromethanesulfonate,CCCC[n+]1ccn(C)c1,FC(F)(F)S(=O)(=O)[O-],CCCC[n+]1ccn(C)c1.FC(F)(F)S(=O)(=O)[O-],ok
1-butyl-3-methylimidazolium trifluoromethanesulfonate,283.15,20000.0,0.151,0.012,1-butyl-3-methylimidazolium trifluoromethanesulfonate,1-butyl-3-methylimidazolium,trifluoromethanesulfonate,CCCC[n+]1ccn(C)c1,FC(F)(F)S(=O)(=O)[O-],CCCC[n+]1ccn(C)c1.FC(F)(F)S(=O)(=O)[O-],ok
1-butyl-3-methylimidazolium trifluoromethanesulfonate,283.15,30000.0,0.151,0.012,1-butyl-3-methylimidazolium trifluoromethanesulfonate,1-butyl-3-methylimidazolium,trifluoromethanesulfonate,CCCC[n+]1ccn(C)c1,FC(F)(F)S(=O)(=O)[O-],CCCC[n+]1ccn(C)c1.FC(F)(F)S(=O)(=O)[O-],ok
1-butyl-3-methylimidazolium trifluoromethanesulfonate,283.15,40000.0,0.154,0.012,1-butyl-3-methylimidazolium trifluoromethanesulfonate,1-butyl-3-methylimidazolium,trifluoromethanesulfonate,CCCC[n+]1ccn(C)c1,FC(F)(F)S(=O)(=O)[O-],CCCC[n+]1ccn(C)c1.FC(F)(F)S(=O)(=O)[O-],ok
1-butyl-3-methylimidazolium trifluoromethanesulfonate,283.15,50000.0,0.156,0.013,1-butyl-3-methylimidazolium trifluoromethanesulfonate,1-butyl-3-methylimidazolium,trifluoromethanesulfonate,CCCC[n+]1ccn(C)c1,FC(F)(F)S(=O)(=O)[O-],CCCC[n+]1ccn(C)c1.FC(F)(F)S(=O)(=O)[O-],ok
1-butyl-3-methylimidazolium trifluoromethanesulfonate,283.15,60000.0,0.159,0.013,1-butyl-3-methylimidazolium trifluoromethanesulfonate,1-butyl-3-methylimidazolium,trifluoromethanesulfonate,CCCC[n+]1ccn(C)c1,FC(F)(F)S(=O)(=O)[O-],CCCC[n+]1ccn(C)c1.FC(F)(F)S(=O)(=O)[O-],ok
1-butyl-3-methylimidazolium trifluoromethanesulfonate,283.15,65000.0,0.155,0.012,1-butyl-3-methylimidazolium trifluoromethanesulfonate,1-butyl-3-methylimidazolium,trifluoromethanesulfonate,CCCC[n+]1ccn(C)c1,FC(F)(F)S(=O)(=O)[O-],CCCC[n+]1ccn(C)c1.FC(F)(F)S(=O)(=O)[O-],ok
1-butyl-3-methylimidazolium trifluoromethanesulfonate,293.15,100.0,0.141,0.011,1-butyl-3-methylimidazolium trifluoromethanesulfonate,1-butyl-3-methylimidazolium,trifluoromethanesulfonate,CCCC[n+]1ccn(C)c1,FC(F)(F)S(=O)(=O)[O-],CCCC[n+]1ccn(C)c1.FC(F)(F)S(=O)(=O)[O-],ok
1-butyl-3-methylimidazolium trifluoromethanesulfonate,293.15,5000.0,0.143,0.011,1-butyl-3-methylimidazolium trifluoromethanesulfonate,1-butyl-3-methylimidazolium,trifluoromethanesulfonate,CCCC[n+]1ccn(C)c1,FC(F)(F)S(=O)(=O)[O-],CCCC[n+]1ccn(C)c1.FC(F)(F)S(=O)(=O)[O-],ok
1-butyl-3-methylimidazolium trifluoromethanesulfonate,293.15,10000.0,0.146,0.012,1-butyl-3-methylimidazolium trifluoromethanesulfonate,1-butyl-3-methylimidazolium,trifluoromethanesulfonate,CCCC[n+]1ccn(C)c1,FC(F)(F)S(=O)(=O)[O-],CCCC[n+]1ccn(C)c1.FC(F)(F)S(=O)(=O)[O-],ok
1-butyl-3-methylimidazolium trifluoromethanesulfonate,293.15,20000.0,0.149,0.012,1-butyl-3-methylimidazolium trifluoromethanesulfonate,1-butyl-3-methylimidazolium,trifluoromethanesulfonate,CCCC[n+]1ccn(C)c1,FC(F)(F)S(=O)(=O)[O-],CCCC[n+]1ccn(C)c1.FC(F)(F)S(=O)(=O)[O-],ok
1-butyl-3-methylimidazolium trifluoromethanesulfonate,293.15,30000.0,0.151,0.012,1-butyl-3-methylimidazolium trifluoromethanesulfonate,1-butyl-3-methylimidazolium,trifluoromethanesulfonate,CCCC[n+]1ccn(C)c1,FC(F)(F)S(=O)(=O)[O-],CCCC[n+]1ccn(C)c1.FC(F)(F)S(=O)(=O)[O-],ok
1-butyl-3-methylimidazolium trifluoromethanesulfonate,293.15,40000.0,0.151,0.012,1-butyl-3-methylimidazolium trifluoromethanesulfonate,1-butyl-3-methylimidazolium,trifluoromethanesulfonate,CCCC[n+]1ccn(C)c1,FC(F)(F)S(=O)(=O)[O-],CCCC[n+]1ccn(C)c1.FC(F)(F)S(=O)(=O)[O-],ok
1-butyl-3-methylimidazolium trifluoromethanesulfonate,293.15,50000.0,0.153,0.012,1-butyl-3-methylimidazolium trifluoromethanesulfonate,1-butyl-3-methylimidazolium,trifluoromethanesulfonate,CCCC[n+]1ccn(C)c1,FC(F)(F)S(=O)(=O)[O-],CCCC[n+]1ccn(C)c1.FC(F)(F)S(=O)(=O)[O-],ok
1-butyl-3-methylimidazolium trifluoromethanesulfonate,293.15,60000.0,0.157,0.013,1-butyl-3-methylimidazolium trifluoromethanesulfonate,1-butyl-3-methylimidazolium,trifluoromethanesulfonate,CCCC[n+]1ccn(C)c1,FC(F)(F)S(=O)(=O)[O-],CCCC[n+]1ccn(C)c1.FC(F)(F)S(=O)(=O)[O-],ok
1-butyl-3-methylimidazolium trifluoromethanesulfonate,293.15,65000.0,0.156,0.013,1-butyl-3-methylimidazolium trifluoromethanesulfonate,1-butyl-3-methylimidazolium,trifluoromethanesulfonate,CCCC[n+]1ccn(C)c1,FC(F)(F)S(=O)(=O)[O-],CCCC[n+]1ccn(C)c1.FC(F)(F)S(=O)(=O)[O-],ok
1-butyl-3-methylimidazolium trifluoromethanesulfonate,303.15,100.0,0.14,0.011,1-butyl-3-methylimidazolium trifluoromethanesulfonate,1-butyl-3-methylimidazolium,trifluoromethanesulfonate,CCCC[n+]1ccn(C)c1,FC(F)(F)S(=O)(=O)[O-],CCCC[n+]1ccn(C)c1.FC(F)(F)S(=O)(=O)[O-],ok
1-butyl-3-methylimidazolium trifluoromethanesulfonate,303.15,5000.0,0.142,0.011,1-butyl-3-methylimidazolium trifluoromethanesulfonate,1-butyl-3-methylimidazolium,trifluoromethanesulfonate,CCCC[n+]1ccn(C)c1,FC(F)(F)S(=O)(=O)[O-],CCCC[n+]1ccn(C)c1.FC(F)(F)S(=O)(=O)[O-],ok
1-butyl-3-methylimidazolium trifluoromethanesulfonate,303.15,10000.0,0.143,0.011,1-butyl-3-methylimidazolium trifluoromethanesulfonate,1-butyl-3-methylimidazolium,trifluoromethanesulfonate,CCCC[n+]1ccn(C)c1,FC(F)(F)S(=O)(=O)[O-],CCCC[n+]1ccn(C)c1.FC(F)(F)S(=O)(=O)[O-],ok
1-butyl-3-methylimidazolium trifluoromethanesulfonate,303.15,20000.0,0.147,0.012,1-butyl-3-methylimidazolium trifluoromethanesulfonate,1-butyl-3-methylimidazolium,trifluoromethanesulfonate,CCCC[n+]1ccn(C)c1,FC(F)(F)S(=O)(=O)[O-],CCCC[n+]1ccn(C)c1.FC(F)(F)S(=O)(=O)[O-],ok
1-butyl-3-methylimidazolium trifluoromethanesulfonate,303.15,30000.0,0.15,0.012,1-butyl-3-methylimidazolium trifluoromethanesulfonate,1-butyl-3-methylimidazolium,trifluoromethanesulfonate,CCCC[n+]1ccn(C)c1,FC(F)(F)S(=O)(=O)[O-],CCCC[n+]1ccn(C)c1.FC(F)(F)S(=O)(=O)[O-],ok
1-butyl-3-methylimidazolium trifluoromethanesulfonate,303.15,40000.0,0.153,0.012,1-butyl-3-methylimidazolium trifluoromethanesulfonate,1-butyl-3-methylimidazolium,trifluoromethanesulfonate,CCCC[n+]1ccn(C)c1,FC(F)(F)S(=O)(=O)[O-],CCCC[n+]1ccn(C)c1.FC(F)(F)S(=O)(=O)[O-],ok
1-butyl-3-methylimidazolium trifluoromethanesulfonate,303.15,50000.0,0.153,0.012,1-butyl-3-methylimidazolium trifluoromethanesulfonate,1-butyl-3-methylimidazolium,trifluoromethanesulfonate,CCCC[n+]1ccn(C)c1,FC(F)(F)S(=O)(=O)[O-],CCCC[n+]1ccn(C)c1.FC(F)(F)S(=O)(=O)[O-],ok
1-butyl-3-methylimidazolium trifluoromethanesulfonate,303.15,60000.0,0.154,0.012,1-butyl-3-methylimidazolium trifluoromethanesulfonate,1-butyl-3-methylimidazolium,trifluoromethanesulfonate,CCCC[n+]1ccn(C)c1,FC(F)(F)S(=O)(=O)[O-],CCCC[n+]1ccn(C)c1.FC(F)(F)S(=O)(=O)[O-],ok
1-butyl-3-methylimidazolium trifluoromethanesulfonate,303.15,65000.0,0.156,0.013,1-butyl-3-methylimidazolium trifluoromethanesulfonate,1-butyl-3-methylimidazolium,trifluoromethanesulfonate,CCCC[n+]1ccn(C)c1,FC(F)(F)S(=O)(=O)[O-],CCCC[n+]1ccn(C)c1.FC(F)(F)S(=O)(=O)[O-],ok
1-butyl-3-methylimidazolium trifluoromethanesulfonate,313.15,100.0,0.137,0.011,1-butyl-3-methylimidazolium trifluoromethanesulfonate,1-butyl-3-methylimidazolium,trifluoromethanesulfonate,CCCC[n+]1ccn(C)c1,FC(F)(F)S(=O)(=O)[O-],CCCC[n+]1ccn(C)c1.FC(F)(F)S(=O)(=O)[O-],ok
1-butyl-3-methylimidazolium trifluoromethanesulfonate,313.15,5000.0,0.139,0.011,1-butyl-3-methylimidazolium trifluoromethanesulfonate,1-butyl-3-methylimidazolium,trifluoromethanesulfonate,CCCC[n+]1ccn(C)c1,FC(F)(F)S(=O)(=O)[O-],CCCC[n+]1ccn(C)c1.FC(F)(F)S(=O)(=O)[O-],ok
1-butyl-3-methylimidazolium trifluoromethanesulfonate,313.15,10000.0,0.14,0.011,1-butyl-3-methylimidazolium trifluoromethanesulfonate,1-butyl-3-methylimidazolium,trifluoromethanesulfonate,CCCC[n+]1ccn(C)c1,FC(F)(F)S(=O)(=O)[O-],CCCC[n+]1ccn(C)c1.FC(F)(F)S(=O)(=O)[O-],ok
1-butyl-3-methylimidazolium trifluoromethanesulfonate,313.15,20000.0,0.144,0.011,1-butyl-3-methylimidazolium trifluoromethanesulfonate,1-butyl-3-methylimidazolium,trifluoromethanesulfonate,CCCC[n+]1ccn(C)c1,FC(F)(F)S(=O)(=O)[O-],CCCC[n+]1ccn(C)c1.FC(F)(F)S(=O)(=O)[O-],ok
1-butyl-3-methylimidazolium trifluoromethanesulfonate,313.15,30000.0,0.145,0.012,1-butyl-3-methylimidazolium trifluoromethanesulfonate,1-butyl-3-methylimidazolium,trifluoromethanesulfonate,CCCC[n+]1ccn(C)c1,FC(F)(F)S(=O)(=O)[O-],CCCC[n+]1ccn(C)c1.FC(F)(F)S(=O)(=O)[O-],ok
1-butyl-3-methylimidazolium trifluoromethanesulfonate,313.15,40000.0,0.147,0.012,1-butyl-3-methylimidazolium trifluoromethanesulfonate,1-butyl-3-methylimidazolium,trifluoromethanesulfonate,CCCC[n+]1ccn(C)c1,FC(F)(F)S(=O)(=O)[O-],CCCC[n+]1ccn(C)c1.FC(F)(F)S(=O)(=O)[O-],ok
1-butyl-3-methylimidazolium trifluoromethanesulfonate,313.15,50000.0,0.15,0.012,1-butyl-3-methylimidazolium trifluoromethanesulfonate,1-butyl-3-methylimidazolium,trifluoromethanesulfonate,CCCC[n+]1ccn(C)c1,FC(F)(F)S(=O)(=O)[O-],CCCC[n+]1ccn(C)c1.FC(F)(F)S(=O)(=O)[O-],ok
1-butyl-3-methylimidazolium trifluoromethanesulfonate,313.15,60000.0,0.151,0.012,1-butyl-3-methylimidazolium trifluoromethanesulfonate,1-butyl-3-methylimidazolium,trifluoromethanesulfonate,CCCC[n+]1ccn(C)c1,FC(F)(F)S(=O)(=O)[O-],CCCC[n+]1ccn(C)c1.FC(F)(F)S(=O)(=O)[O-],ok
1-butyl-3-methylimidazolium trifluoromethanesulfonate,313.15,65000.0,0.153,0.012,1-butyl-3-methylimidazolium trifluoromethanesulfonate,1-butyl-3-methylimidazolium,trifluoromethanesulfonate,CCCC[n+]1ccn(C)c1,FC(F)(F)S(=O)(=O)[O-],CCCC[n+]1ccn(C)c1.FC(F)(F)S(=O)(=O)[O-],ok
1-butyl-3-methylimidazolium hexafluoroantimonate,283.15,100.0,0.138,0.011,1-butyl-3-methylimidazolium hexafluoroantimonate,,,,,,unparsed;cation=missing_name;anion=missing_name
1-butyl-3-methylimidazolium hexafluoroantimonate,283.15,5000.0,0.141,0.011,1-butyl-3-methylimidazolium hexafluoroantimonate,,,,,,unparsed;cation=missing_name;anion=missing_name
1-butyl-3-methylimidazolium hexafluoroantimonate,283.15,10000.0,0.143,0.011,1-butyl-3-methylimidazolium hexafluoroantimonate,,,,,,unparsed;cation=missing_name;anion=missing_name
1-butyl-3-methylimidazolium hexafluoroantimonate,283.15,20000.0,0.144,0.012,1-butyl-3-methylimidazolium hexafluoroantimonate,,,,,,unparsed;cation=missing_name;anion=missing_name
1-butyl-3-methylimidazolium hexafluoroantimonate,283.15,30000.0,0.146,0.012,1-butyl-3-methylimidazolium hexafluoroantimonate,,,,,,unparsed;cation=missing_name;anion=missing_name
1-butyl-3-methylimidazolium hexafluoroantimonate,283.15,40000.0,0.148,0.012,1-butyl-3-methylimidazolium hexafluoroantimonate,,,,,,unparsed;cation=missing_name;anion=missing_name
1-butyl-3-methylimidazolium hexafluoroantimonate,283.15,50000.0,0.148,0.012,1-butyl-3-methylimidazolium hexafluoroantimonate,,,,,,unparsed;cation=missing_name;anion=missing_name
1-butyl-3-methylimidazolium hexafluoroantimonate,283.15,60000.0,0.151,0.012,1-butyl-3-methylimidazolium hexafluoroantimonate,,,,,,unparsed;cation=missing_name;anion=missing_name
1-butyl-3-methylimidazolium hexafluoroantimonate,283.15,65000.0,0.15,0.012,1-butyl-3-methylimidazolium hexafluoroantimonate,,,,,,unparsed;cation=missing_name;anion=missing_name
1-butyl-3-methylimidazolium hexafluoroantimonate,293.15,100.0,0.136,0.011,1-butyl-3-methylimidazolium hexafluoroantimonate,,,,,,unparsed;cation=missing_name;anion=missing_name
1-butyl-3-methylimidazolium hexafluoroantimonate,293.15,5000.0,0.138,0.011,1-butyl-3-methylimidazolium hexafluoroantimonate,,,,,,unparsed;cation=missing_name;anion=missing_name
1-butyl-3-methylimidazolium hexafluoroantimonate,293.15,10000.0,0.14,0.011,1-butyl-3-methylimidazolium hexafluoroantimonate,,,,,,unparsed;cation=missing_name;anion=missing_name
1-butyl-3-methylimidazolium hexafluoroantimonate,293.15,20000.0,0.142,0.011,1-butyl-3-methylimidazolium hexafluoroantimonate,,,,,,unparsed;cation=missing_name;anion=missing_name
1-butyl-3-methylimidazolium hexafluoroantimonate,293.15,30000.0,0.144,0.012,1-butyl-3-methylimidazolium hexafluoroantimonate,,,,,,unparsed;cation=missing_name;anion=missing_name
1-butyl-3-methylimidazolium hexafluoroantimonate,293.15,40000.0,0.146,0.012,1-butyl-3-methylimidazolium hexafluoroantimonate,,,,,,unparsed;cation=missing_name;anion=missing_name
1-butyl-3-methylimidazolium hexafluoroantimonate,293.15,50000.0,0.147,0.012,1-butyl-3-methylimidazolium hexafluoroantimonate,,,,,,unparsed;cation=missing_name;anion=missing_name
1-butyl-3-methylimidazolium hexafluoroantimonate,293.15,60000.0,0.15,0.012,1-butyl-3-methylimidazolium hexafluoroantimonate,,,,,,unparsed;cation=missing_name;anion=missing_name
1-butyl-3-methylimidazolium hexafluoroantimonate,293.15,65000.0,0.149,0.012,1-butyl-3-methylimidazolium hexafluoroantimonate,,,,,,unparsed;cation=missing_name;anion=missing_name
1-butyl-3-methylimidazolium hexafluoroantimonate,303.15,100.0,0.133,0.011,1-butyl-3-methylimidazolium hexafluoroantimonate,,,,,,unparsed;cation=missing_name;anion=missing_name
1-butyl-3-methylimidazolium hexafluoroantimonate,303.15,5000.0,0.135,0.011,1-butyl-3-methylimidazolium hexafluoroantimonate,,,,,,unparsed;cation=missing_name;anion=missing_name
1-butyl-3-methylimidazolium hexafluoroantimonate,303.15,10000.0,0.137,0.011,1-butyl-3-methylimidazolium hexafluoroantimonate,,,,,,unparsed;cation=missing_name;anion=missing_name
1-butyl-3-methylimidazolium hexafluoroantimonate,303.15,20000.0,0.14,0.011,1-butyl-3-methylimidazolium hexafluoroantimonate,,,,,,unparsed;cation=missing_name;anion=missing_name
1-butyl-3-methylimidazolium hexafluoroantimonate,303.15,30000.0,0.143,0.011,1-butyl-3-methylimidazolium hexafluoroantimonate,,,,,,unparsed;cation=missing_name;anion=missing_name
1-butyl-3-methylimidazolium hexafluoroantimonate,303.15,40000.0,0.145,0.012,1-butyl-3-methylimidazolium hexafluoroantimonate,,,,,,unparsed;cation=missing_name;anion=missing_name
1-butyl-3-methylimidazolium hexafluoroantimonate,303.15,50000.0,0.145,0.012,1-butyl-3-methylimidazolium hexafluoroantimonate,,,,,,unparsed;cation=missing_name;anion=missing_name
1-butyl-3-methylimidazolium hexafluoroantimonate,303.15,60000.0,0.147,0.012,1-butyl-3-methylimidazolium hexafluoroantimonate,,,,,,unparsed;cation=missing_name;anion=missing_name
1-butyl-3-methylimidazolium hexafluoroantimonate,303.15,65000.0,0.149,0.012,1-butyl-3-methylimidazolium hexafluoroantimonate,,,,,,unparsed;cation=missing_name;anion=missing_name
1-butyl-3-methylimidazolium hexafluoroantimonate,313.15,100.0,0.131,0.011,1-butyl-3-methylimidazolium hexafluoroantimonate,,,,,,unparsed;cation=missing_name;anion=missing_name
1-butyl-3-methylimidazolium hexafluoroantimonate,313.15,5000.0,0.133,0.011,1-butyl-3-methylimidazolium hexafluoroantimonate,,,,,,unparsed;cation=missing_name;anion=missing_name
1-butyl-3-methylimidazolium hexafluoroantimonate,313.15,10000.0,0.133,0.011,1-butyl-3-methylimidazolium hexafluoroantimonate,,,,,,unparsed;cation=missing_name;anion=missing_name
1-butyl-3-methylimidazolium hexafluoroantimonate,313.15,20000.0,0.136,0.011,1-butyl-3-methylimidazolium hexafluoroantimonate,,,,,,unparsed;cation=missing_name;anion=missing_name
1-butyl-3-methylimidazolium hexafluoroantimonate,313.15,30000.0,0.138,0.011,1-butyl-3-methylimidazolium hexafluoroantimonate,,,,,,unparsed;cation=missing_name;anion=missing_name
1-butyl-3-methylimidazolium hexafluoroantimonate,313.15,40000.0,0.14,0.011,1-butyl-3-methylimidazolium hexafluoroantimonate,,,,,,unparsed;cation=missing_name;anion=missing_name
1-butyl-3-methylimidazolium hexafluoroantimonate,313.15,50000.0,0.143,0.011,1-butyl-3-methylimidazolium hexafluoroantimonate,,,,,,unparsed;cation=missing_name;anion=missing_name
1-butyl-3-methylimidazolium hexafluoroantimonate,313.15,60000.0,0.143,0.011,1-butyl-3-methylimidazolium hexafluoroantimonate,,,,,,unparsed;cation=missing_name;anion=missing_name
1-butyl-3-methylimidazolium hexafluoroantimonate,313.15,65000.0,0.145,0.012,1-butyl-3-methylimidazolium hexafluoroantimonate,,,,,,unparsed;cation=missing_name;anion=missing_name
1-butyl-3-methylimidazolium tetrafluoroborate,300.0,101.325,0.186,0.006,1-butyl-3-methylimidazolium tetrafluoroborate,1-butyl-3-methylimidazolium,tetrafluoroborate,CCCC[n+]1ccn(C)c1,F[B-](F)(F)F,CCCC[n+]1ccn(C)c1.F[B-](F)(F)F,ok
1-butyl-3-methylimidazolium tetrafluoroborate,310.0,101.325,0.185,0.006,1-butyl-3-methylimidazolium tetrafluoroborate,1-butyl-3-methylimidazolium,tetrafluoroborate,CCCC[n+]1ccn(C)c1,F[B-](F)(F)F,CCCC[n+]1ccn(C)c1.F[B-](F)(F)F,ok
1-butyl-3-methylimidazolium tetrafluoroborate,320.0,101.325,0.184,0.006,1-butyl-3-methylimidazolium tetrafluoroborate,1-butyl-3-methylimidazolium,tetrafluoroborate,CCCC[n+]1ccn(C)c1,F[B-](F)(F)F,CCCC[n+]1ccn(C)c1.F[B-](F)(F)F,ok
1-butyl-3-methylimidazolium tetrafluoroborate,330.0,101.325,0.184,0.006,1-butyl-3-methylimidazolium tetrafluoroborate,1-butyl-3-methylimidazolium,tetrafluoroborate,CCCC[n+]1ccn(C)c1,F[B-](F)(F)F,CCCC[n+]1ccn(C)c1.F[B-](F)(F)F,ok
1-butyl-3-methylimidazolium tetrafluoroborate,340.0,101.325,0.183,0.006,1-butyl-3-methylimidazolium tetrafluoroborate,1-butyl-3-methylimidazolium,tetrafluoroborate,CCCC[n+]1ccn(C)c1,F[B-](F)(F)F,CCCC[n+]1ccn(C)c1.F[B-](F)(F)F,ok
1-butyl-3-methylimidazolium tetrafluoroborate,350.0,101.325,0.183,0.006,1-butyl-3-methylimidazolium tetrafluoroborate,1-butyl-3-methylimidazolium,tetrafluoroborate,CCCC[n+]1ccn(C)c1,F[B-](F)(F)F,CCCC[n+]1ccn(C)c1.F[B-](F)(F)F,ok
1-butyl-3-methylimidazolium tetrafluoroborate,360.0,101.325,0.182,0.006,1-butyl-3-methylimidazolium tetrafluoroborate,1-butyl-3-methylimidazolium,tetrafluoroborate,CCCC[n+]1ccn(C)c1,F[B-](F)(F)F,CCCC[n+]1ccn(C)c1.F[B-](F)(F)F,ok
1-butyl-3-methylimidazolium tetrafluoroborate,370.0,101.325,0.181,0.006,1-butyl-3-methylimidazolium tetrafluoroborate,1-butyl-3-methylimidazolium,tetrafluoroborate,CCCC[n+]1ccn(C)c1,F[B-](F)(F)F,CCCC[n+]1ccn(C)c1.F[B-](F)(F)F,ok
1-butyl-3-methylimidazolium tetrafluoroborate,380.0,101.325,0.181,0.006,1-butyl-3-methylimidazolium tetrafluoroborate,1-butyl-3-methylimidazolium,tetrafluoroborate,CCCC[n+]1ccn(C)c1,F[B-](F)(F)F,CCCC[n+]1ccn(C)c1.F[B-](F)(F)F,ok
1-butyl-3-methylimidazolium tetrafluoroborate,390.0,101.325,0.18,0.006,1-butyl-3-methylimidazolium tetrafluoroborate,1-butyl-3-methylimidazolium,tetrafluoroborate,CCCC[n+]1ccn(C)c1,F[B-](F)(F)F,CCCC[n+]1ccn(C)c1.F[B-](F)(F)F,ok
"1,2-dimethyl-3-propylimidazolium bis[(trifluoromethyl)sulfonyl]imide",300.0,101.325,0.13,0.005,"1,2-dimethyl-3-propylimidazolium bis[(trifluoromethyl)sulfonyl]imide","1,2-dimethyl-3-propylimidazolium",bis[(trifluoromethyl)sulfonyl]imide,CCCn1cc[n+](C)c1C,,,parsed;cation=cache:cactus;anion=unresolved
"1,2-dimethyl-3-propylimidazolium bis[(trifluoromethyl)sulfonyl]imide",310.0,101.325,0.13,0.005,"1,2-dimethyl-3-propylimidazolium bis[(trifluoromethyl)sulfonyl]imide","1,2-dimethyl-3-propylimidazolium",bis[(trifluoromethyl)sulfonyl]imide,CCCn1cc[n+](C)c1C,,,parsed;cation=cache:cactus;anion=unresolved
"1,2-dimethyl-3-propylimidazolium bis[(trifluoromethyl)sulfonyl]imide",320.0,101.325,0.129,0.005,"1,2-dimethyl-3-propylimidazolium bis[(trifluoromethyl)sulfonyl]imide","1,2-dimethyl-3-propylimidazolium",bis[(trifluoromethyl)sulfonyl]imide,CCCn1cc[n+](C)c1C,,,parsed;cation=cache:cactus;anion=unresolved
"1,2-dimethyl-3-propylimidazolium bis[(trifluoromethyl)sulfonyl]imide",330.0,101.325,0.129,0.005,"1,2-dimethyl-3-propylimidazolium bis[(trifluoromethyl)sulfonyl]imide","1,2-dimethyl-3-propylimidazolium",bis[(trifluoromethyl)sulfonyl]imide,CCCn1cc[n+](C)c1C,,,parsed;cation=cache:cactus;anion=unresolved
"1,2-dimethyl-3-propylimidazolium bis[(trifluoromethyl)sulfonyl]imide",340.0,101.325,0.128,0.005,"1,2-dimethyl-3-propylimidazolium bis[(trifluoromethyl)sulfonyl]imide","1,2-dimethyl-3-propylimidazolium",bis[(trifluoromethyl)sulfonyl]imide,CCCn1cc[n+](C)c1C,,,parsed;cation=cache:cactus;anion=unresolved
"1,2-dimethyl-3-propylimidazolium bis[(trifluoromethyl)sulfonyl]imide",350.0,101.325,0.128,0.005,"1,2-dimethyl-3-propylimidazolium bis[(trifluoromethyl)sulfonyl]imide","1,2-dimethyl-3-propylimidazolium",bis[(trifluoromethyl)sulfonyl]imide,CCCn1cc[n+](C)c1C,,,parsed;cation=cache:cactus;anion=unresolved
"1,2-dimethyl-3-propylimidazolium bis[(trifluoromethyl)sulfonyl]imide",360.0,101.325,0.127,0.005,"1,2-dimethyl-3-propylimidazolium bis[(trifluoromethyl)sulfonyl]imide","1,2-dimethyl-3-propylimidazolium",bis[(trifluoromethyl)sulfonyl]imide,CCCn1cc[n+](C)c1C,,,parsed;cation=cache:cactus;anion=unresolved
"1,2-dimethyl-3-propylimidazolium bis[(trifluoromethyl)sulfonyl]imide",370.0,101.325,0.127,0.005,"1,2-dimethyl-3-propylimidazolium bis[(trifluoromethyl)sulfonyl]imide","1,2-dimethyl-3-propylimidazolium",bis[(trifluoromethyl)sulfonyl]imide,CCCn1cc[n+](C)c1C,,,parsed;cation=cache:cactus;anion=unresolved
"1,2-dimethyl-3-propylimidazolium bis[(trifluoromethyl)sulfonyl]imide",380.0,101.325,0.126,0.005,"1,2-dimethyl-3-propylimidazolium bis[(trifluoromethyl)sulfonyl]imide","1,2-dimethyl-3-propylimidazolium",bis[(trifluoromethyl)sulfonyl]imide,CCCn1cc[n+](C)c1C,,,parsed;cation=cache:cactus;anion=unresolved
"1,2-dimethyl-3-propylimidazolium bis[(trifluoromethyl)sulfonyl]imide",390.0,101.325,0.126,0.005,"1,2-dimethyl-3-propylimidazolium bis[(trifluoromethyl)sulfonyl]imide","1,2-dimethyl-3-propylimidazolium",bis[(trifluoromethyl)sulfonyl]imide,CCCn1cc[n+](C)c1C,,,parsed;cation=cache:cactus;anion=unresolved
1-ethyl-3-methylimidazolium tetrafluoroborate,300.0,101.325,0.199,0.006,1-ethyl-3-methylimidazolium tetrafluoroborate,1-ethyl-3-methylimidazolium,tetrafluoroborate,CC[n+]1ccn(C)c1,F[B-](F)(F)F,CC[n+]1ccn(C)c1.F[B-](F)(F)F,ok
1-ethyl-3-methylimidazolium tetrafluoroborate,310.0,101.325,0.197,0.006,1-ethyl-3-methylimidazolium tetrafluoroborate,1-ethyl-3-methylimidazolium,tetrafluoroborate,CC[n+]1ccn(C)c1,F[B-](F)(F)F,CC[n+]1ccn(C)c1.F[B-](F)(F)F,ok
1-ethyl-3-methylimidazolium tetrafluoroborate,320.0,101.325,0.196,0.006,1-ethyl-3-methylimidazolium tetrafluoroborate,1-ethyl-3-methylimidazolium,tetrafluoroborate,CC[n+]1ccn(C)c1,F[B-](F)(F)F,CC[n+]1ccn(C)c1.F[B-](F)(F)F,ok
1-ethyl-3-methylimidazolium tetrafluoroborate,330.0,101.325,0.195,0.006,1-ethyl-3-methylimidazolium tetrafluoroborate,1-ethyl-3-methylimidazolium,tetrafluoroborate,CC[n+]1ccn(C)c1,F[B-](F)(F)F,CC[n+]1ccn(C)c1.F[B-](F)(F)F,ok
1-ethyl-3-methylimidazolium tetrafluoroborate,340.0,101.325,0.194,0.006,1-ethyl-3-methylimidazolium tetrafluoroborate,1-ethyl-3-methylimidazolium,tetrafluoroborate,CC[n+]1ccn(C)c1,F[B-](F)(F)F,CC[n+]1ccn(C)c1.F[B-](F)(F)F,ok
1-ethyl-3-methylimidazolium tetrafluoroborate,350.0,101.325,0.193,0.006,1-ethyl-3-methylimidazolium tetrafluoroborate,1-ethyl-3-methylimidazolium,tetrafluoroborate,CC[n+]1ccn(C)c1,F[B-](F)(F)F,CC[n+]1ccn(C)c1.F[B-](F)(F)F,ok
1-ethyl-3-methylimidazolium tetrafluoroborate,360.0,101.325,0.191,0.006,1-ethyl-3-methylimidazolium tetrafluoroborate,1-ethyl-3-methylimidazolium,tetrafluoroborate,CC[n+]1ccn(C)c1,F[B-](F)(F)F,CC[n+]1ccn(C)c1.F[B-](F)(F)F,ok
1-ethyl-3-methylimidazolium tetrafluoroborate,370.0,101.325,0.19,0.006,1-ethyl-3-methylimidazolium tetrafluoroborate,1-ethyl-3-methylimidazolium,tetrafluoroborate,CC[n+]1ccn(C)c1,F[B-](F)(F)F,CC[n+]1ccn(C)c1.F[B-](F)(F)F,ok
1-ethyl-3-methylimidazolium tetrafluoroborate,380.0,101.325,0.189,0.006,1-ethyl-3-methylimidazolium tetrafluoroborate,1-ethyl-3-methylimidazolium,tetrafluoroborate,CC[n+]1ccn(C)c1,F[B-](F)(F)F,CC[n+]1ccn(C)c1.F[B-](F)(F)F,ok
1-ethyl-3-methylimidazolium tetrafluoroborate,390.0,101.325,0.188,0.006,1-ethyl-3-methylimidazolium tetrafluoroborate,1-ethyl-3-methylimidazolium,tetrafluoroborate,CC[n+]1ccn(C)c1,F[B-](F)(F)F,CC[n+]1ccn(C)c1.F[B-](F)(F)F,ok
1-hexyl-3-methylimidazolium bis[(trifluoromethyl)sulfonyl]imide,293.15,101.325,0.12891,0.00085,1-hexyl-3-methylimidazolium bis[(trifluoromethyl)sulfonyl]imide,1-hexyl-3-methylimidazolium,bis[(trifluoromethyl)sulfonyl]imide,CCCCCC[n+]1ccn(C)c1,,,parsed;cation=cache:cactus;anion=unresolved
1-hexyl-3-methylimidazolium bis[(trifluoromethyl)sulfonyl]imide,298.15,101.325,0.12843,0.00085,1-hexyl-3-methylimidazolium bis[(trifluoromethyl)sulfonyl]imide,1-hexyl-3-methylimidazolium,bis[(trifluoromethyl)sulfonyl]imide,CCCCCC[n+]1ccn(C)c1,,,parsed;cation=cache:cactus;anion=unresolved
1-hexyl-3-methylimidazolium bis[(trifluoromethyl)sulfonyl]imide,303.15,101.325,0.128,0.00085,1-hexyl-3-methylimidazolium bis[(trifluoromethyl)sulfonyl]imide,1-hexyl-3-methylimidazolium,bis[(trifluoromethyl)sulfonyl]imide,CCCCCC[n+]1ccn(C)c1,,,parsed;cation=cache:cactus;anion=unresolved
1-hexyl-3-methylimidazolium bis[(trifluoromethyl)sulfonyl]imide,313.15,101.325,0.12636,0.00084,1-hexyl-3-methylimidazolium bis[(trifluoromethyl)sulfonyl]imide,1-hexyl-3-methylimidazolium,bis[(trifluoromethyl)sulfonyl]imide,CCCCCC[n+]1ccn(C)c1,,,parsed;cation=cache:cactus;anion=unresolved
1-hexyl-3-methylimidazolium bis[(trifluoromethyl)sulfonyl]imide,323.15,101.325,0.12498,0.00084,1-hexyl-3-methylimidazolium bis[(trifluoromethyl)sulfonyl]imide,1-hexyl-3-methylimidazolium,bis[(trifluoromethyl)sulfonyl]imide,CCCCCC[n+]1ccn(C)c1,,,parsed;cation=cache:cactus;anion=unresolved
1-hexyl-3-methylimidazolium bis[(trifluoromethyl)sulfonyl]imide,333.15,101.325,0.1241,0.0013,1-hexyl-3-methylimidazolium bis[(trifluoromethyl)sulfonyl]imide,1-hexyl-3-methylimidazolium,bis[(trifluoromethyl)sulfonyl]imide,CCCCCC[n+]1ccn(C)c1,,,parsed;cation=cache:cactus;anion=unresolved
1-hexyl-3-methylimidazolium bis[(trifluoromethyl)sulfonyl]imide,343.15,101.325,0.1238,0.0013,1-hexyl-3-methylimidazolium bis[(trifluoromethyl)sulfonyl]imide,1-hexyl-3-methylimidazolium,bis[(trifluoromethyl)sulfonyl]imide,CCCCCC[n+]1ccn(C)c1,,,parsed;cation=cache:cactus;anion=unresolved
1-hexyl-3-methylimidazolium bis[(trifluoromethyl)sulfonyl]imide,348.15,101.325,0.1237,0.0013,1-hexyl-3-methylimidazolium bis[(trifluoromethyl)sulfonyl]imide,1-hexyl-3-methylimidazolium,bis[(trifluoromethyl)sulfonyl]imide,CCCCCC[n+]1ccn(C)c1,,,parsed;cation=cache:cactus;anion=unresolved
1-hexyl-3-methylimidazolium bis[(trifluoromethyl)sulfonyl]imide,353.15,101.325,0.1234,0.0013,1-hexyl-3-methylimidazolium bis[(trifluoromethyl)sulfonyl]imide,1-hexyl-3-methylimidazolium,bis[(trifluoromethyl)sulfonyl]imide,CCCCCC[n+]1ccn(C)c1,,,parsed;cation=cache:cactus;anion=unresolved
1-ethyl-3-methylimidazolium methanesulfonate,273.75,100.0,0.2013,0.0044,1-ethyl-3-methylimidazolium methanesulfonate,1-ethyl-3-methylimidazolium,methanesulfonate,CC[n+]1ccn(C)c1,,,parsed;cation=cache:cactus;anion=unresolved
1-ethyl-3-methylimidazolium methanesulfonate,284.54,100.0,0.2026,0.0044,1-ethyl-3-methylimidazolium methanesulfonate,1-ethyl-3-methylimidazolium,methanesulfonate,CC[n+]1ccn(C)c1,,,parsed;cation=cache:cactus;anion=unresolved
1-ethyl-3-methylimidazolium methanesulfonate,294.67,100.0,0.2044,0.0044,1-ethyl-3-methylimidazolium methanesulfonate,1-ethyl-3-methylimidazolium,methanesulfonate,CC[n+]1ccn(C)c1,,,parsed;cation=cache:cactus;anion=unresolved
1-ethyl-3-methylimidazolium methanesulfonate,304.31,100.0,0.208,0.0045,1-ethyl-3-methylimidazolium methanesulfonate,1-ethyl-3-methylimidazolium,methanesulfonate,CC[n+]1ccn(C)c1,,,parsed;cation=cache:cactus;anion=unresolved
1-ethyl-3-methylimidazolium methanesulfonate,314.53,100.0,0.2069,0.0045,1-ethyl-3-methylimidazolium methanesulfonate,1-ethyl-3-methylimidazolium,methanesulfonate,CC[n+]1ccn(C)c1,,,parsed;cation=cache:cactus;anion=unresolved
1-ethyl-3-methylimidazolium methanesulfonate,324.58,100.0,0.2085,0.0045,1-ethyl-3-methylimidazolium methanesulfonate,1-ethyl-3-methylimidazolium,methanesulfonate,CC[n+]1ccn(C)c1,,,parsed;cation=cache:cactus;anion=unresolved
1-ethyl-3-methylimidazolium methanesulfonate,334.71,100.0,0.212,0.0046,1-ethyl-3-methylimidazolium methanesulfonate,1-ethyl-3-methylimidazolium,methanesulfonate,CC[n+]1ccn(C)c1,,,parsed;cation=cache:cactus;anion=unresolved
1-ethyl-3-methylimidazolium methanesulfonate,345.26,100.0,0.2121,0.0046,1-ethyl-3-methylimidazolium methanesulfonate,1-ethyl-3-methylimidazolium,methanesulfonate,CC[n+]1ccn(C)c1,,,parsed;cation=cache:cactus;anion=unresolved
1-ethyl-3-methylimidazolium methanesulfonate,355.51,100.0,0.2101,0.0045,1-ethyl-3-methylimidazolium methanesulfonate,1-ethyl-3-methylimidazolium,methanesulfonate,CC[n+]1ccn(C)c1,,,parsed;cation=cache:cactus;anion=unresolved
1-ethyl-3-methylimidazolium methyl phosphonate,273.15,101.325,0.1941,0.0065,1-ethyl-3-methylimidazolium methyl phosphonate,1-ethyl-3-methylimidazolium,methyl phosphonate,CC[n+]1ccn(C)c1,,,parsed;cation=cache:cactus;anion=unresolved
1-ethyl-3-methylimidazolium methyl phosphonate,283.15,101.325,0.1948,0.0065,1-ethyl-3-methylimidazolium methyl phosphonate,1-ethyl-3-methylimidazolium,methyl phosphonate,CC[n+]1ccn(C)c1,,,parsed;cation=cache:cactus;anion=unresolved
1-ethyl-3-methylimidazolium methyl phosphonate,293.15,101.325,0.1914,0.0064,1-ethyl-3-methylimidazolium methyl phosphonate,1-ethyl-3-methylimidazolium,methyl phosphonate,CC[n+]1ccn(C)c1,,,parsed;cation=cache:cactus;anion=unresolved
1-ethyl-3-methylimidazolium methyl phosphonate,303.15,101.325,0.1959,0.0066,1-ethyl-3-methylimidazolium methyl phosphonate,1-ethyl-3-methylimidazolium,methyl phosphonate,CC[n+]1ccn(C)c1,,,parsed;cation=cache:cactus;anion=unresolved
1-ethyl-3-methylimidazolium methyl phosphonate,313.15,101.325,0.1915,0.0064,1-ethyl-3-methylimidazolium methyl phosphonate,1-ethyl-3-methylimidazolium,methyl phosphonate,CC[n+]1ccn(C)c1,,,parsed;cation=cache:cactus;anion=unresolved
1-ethyl-3-methylimidazolium methyl phosphonate,323.15,101.325,0.1906,0.0064,1-ethyl-3-methylimidazolium methyl phosphonate,1-ethyl-3-methylimidazolium,methyl phosphonate,CC[n+]1ccn(C)c1,,,parsed;cation=cache:cactus;anion=unresolved
1-ethyl-3-methylimidazolium methyl phosphonate,333.15,101.325,0.1908,0.0064,1-ethyl-3-methylimidazolium methyl phosphonate,1-ethyl-3-methylimidazolium,methyl phosphonate,CC[n+]1ccn(C)c1,,,parsed;cation=cache:cactus;anion=unresolved
1-ethyl-3-methylimidazolium methyl phosphonate,343.15,101.325,0.1917,0.0064,1-ethyl-3-methylimidazolium methyl phosphonate,1-ethyl-3-methylimidazolium,methyl phosphonate,CC[n+]1ccn(C)c1,,,parsed;cation=cache:cactus;anion=unresolved
1-ethyl-3-methylimidazolium methyl phosphonate,353.15,101.325,0.1902,0.0064,1-ethyl-3-methylimidazolium methyl phosphonate,1-ethyl-3-methylimidazolium,methyl phosphonate,CC[n+]1ccn(C)c1,,,parsed;cation=cache:cactus;anion=unresolved
1-ethyl-3-methylimidazolium ethyl sulfate,273.15,101.325,0.1876,0.0063,1-ethyl-3-methylimidazolium ethyl sulfate,1-ethyl-3-methylimidazolium,ethyl sulfate,CC[n+]1ccn(C)c1,,,parsed;cation=cache:cactus;anion=unresolved
1-ethyl-3-methylimidazolium ethyl sulfate,283.15,101.325,0.1882,0.0063,1-ethyl-3-methylimidazolium ethyl sulfate,1-ethyl-3-methylimidazolium,ethyl sulfate,CC[n+]1ccn(C)c1,,,parsed;cation=cache:cactus;anion=unresolved
1-ethyl-3-methylimidazolium ethyl sulfate,293.15,101.325,0.1856,0.0062,1-ethyl-3-methylimidazolium ethyl sulfate,1-ethyl-3-methylimidazolium,ethyl sulfate,CC[n+]1ccn(C)c1,,,parsed;cation=cache:cactus;anion=unresolved
1-ethyl-3-methylimidazolium ethyl sulfate,303.15,101.325,0.1872,0.0062,1-ethyl-3-methylimidazolium ethyl sulfate,1-ethyl-3-methylimidazolium,ethyl sulfate,CC[n+]1ccn(C)c1,,,parsed;cation=cache:cactus;anion=unresolved
1-ethyl-3-methylimidazolium ethyl sulfate,313.15,101.325,0.184,0.006,1-ethyl-3-methylimidazolium ethyl sulfate,1-ethyl-3-methylimidazolium,ethyl sulfate,CC[n+]1ccn(C)c1,,,parsed;cation=cache:cactus;anion=unresolved
1-ethyl-3-methylimidazolium ethyl sulfate,323.15,101.325,0.1833,0.0061,1-ethyl-3-methylimidazolium ethyl sulfate,1-ethyl-3-methylimidazolium,ethyl sulfate,CC[n+]1ccn(C)c1,,,parsed;cation=cache:cactus;anion=unresolved
1-ethyl-3-methylimidazolium ethyl sulfate,333.15,101.325,0.1832,0.0061,1-ethyl-3-methylimidazolium ethyl sulfate,1-ethyl-3-methylimidazolium,ethyl sulfate,CC[n+]1ccn(C)c1,,,parsed;cation=cache:cactus;anion=unresolved
1-ethyl-3-methylimidazolium ethyl sulfate,343.15,101.325,0.1834,0.0061,1-ethyl-3-methylimidazolium ethyl sulfate,1-ethyl-3-methylimidazolium,ethyl sulfate,CC[n+]1ccn(C)c1,,,parsed;cation=cache:cactus;anion=unresolved
1-ethyl-3-methylimidazolium ethyl sulfate,353.15,101.325,0.183,0.006,1-ethyl-3-methylimidazolium ethyl sulfate,1-ethyl-3-methylimidazolium,ethyl sulfate,CC[n+]1ccn(C)c1,,,parsed;cation=cache:cactus;anion=unresolved
1-ethyl-3-methylimidazolium octyl sulfate,273.15,101.325,0.1712,0.0057,1-ethyl-3-methylimidazolium octyl sulfate,1-ethyl-3-methylimidazolium,octyl sulfate,CC[n+]1ccn(C)c1,,,parsed;cation=cache:cactus;anion=unresolved
1-ethyl-3-methylimidazolium octyl sulfate,283.15,101.325,0.1711,0.0057,1-ethyl-3-methylimidazolium octyl sulfate,1-ethyl-3-methylimidazolium,octyl sulfate,CC[n+]1ccn(C)c1,,,parsed;cation=cache:cactus;anion=unresolved
1-ethyl-3-methylimidazolium octyl sulfate,293.15,101.325,0.167,0.006,1-ethyl-3-methylimidazolium octyl sulfate,1-ethyl-3-methylimidazolium,octyl sulfate,CC[n+]1ccn(C)c1,,,parsed;cation=cache:cactus;anion=unresolved
1-ethyl-3-methylimidazolium octyl sulfate,303.15,101.325,0.1679,0.0056,1-ethyl-3-methylimidazolium octyl sulfate,1-ethyl-3-methylimidazolium,octyl sulfate,CC[n+]1ccn(C)c1,,,parsed;cation=cache:cactus;anion=unresolved
1-ethyl-3-methylimidazolium octyl sulfate,313.15,101.325,0.1648,0.0055,1-ethyl-3-methylimidazolium octyl sulfate,1-ethyl-3-methylimidazolium,octyl sulfate,CC[n+]1ccn(C)c1,,,parsed;cation=cache:cactus;anion=unresolved
1-ethyl-3-methylimidazolium octyl sulfate,323.15,101.325,0.1629,0.0055,1-ethyl-3-methylimidazolium octyl sulfate,1-ethyl-3-methylimidazolium,octyl sulfate,CC[n+]1ccn(C)c1,,,parsed;cation=cache:cactus;anion=unresolved
1-ethyl-3-methylimidazolium octyl sulfate,333.15,101.325,0.1631,0.0055,1-ethyl-3-methylimidazolium octyl sulfate,1-ethyl-3-methylimidazolium,octyl sulfate,CC[n+]1ccn(C)c1,,,parsed;cation=cache:cactus;anion=unresolved
1-ethyl-3-methylimidazolium octyl sulfate,343.15,101.325,0.1626,0.0055,1-ethyl-3-methylimidazolium octyl sulfate,1-ethyl-3-methylimidazolium,octyl sulfate,CC[n+]1ccn(C)c1,,,parsed;cation=cache:cactus;anion=unresolved
1-ethyl-3-methylimidazolium octyl sulfate,353.15,101.325,0.1621,0.0055,1-ethyl-3-methylimidazolium octyl sulfate,1-ethyl-3-methylimidazolium,octyl sulfate,CC[n+]1ccn(C)c1,,,parsed;cation=cache:cactus;anion=unresolved
1-hexyl-3-methylimidazolium bis[(trifluoromethyl)sulfonyl]imide,273.15,101.325,0.1238,0.0043,1-hexyl-3-methylimidazolium bis[(trifluoromethyl)sulfonyl]imide,1-hexyl-3-methylimidazolium,bis[(trifluoromethyl)sulfonyl]imide,CCCCCC[n+]1ccn(C)c1,,,parsed;cation=cache:cactus;anion=unresolved
1-hexyl-3-methylimidazolium bis[(trifluoromethyl)sulfonyl]imide,283.15,101.325,0.1224,0.0042,1-hexyl-3-methylimidazolium bis[(trifluoromethyl)sulfonyl]imide,1-hexyl-3-methylimidazolium,bis[(trifluoromethyl)sulfonyl]imide,CCCCCC[n+]1ccn(C)c1,,,parsed;cation=cache:cactus;anion=unresolved
1-hexyl-3-methylimidazolium bis[(trifluoromethyl)sulfonyl]imide,293.15,101.325,0.1219,0.0042,1-hexyl-3-methylimidazolium bis[(trifluoromethyl)sulfonyl]imide,1-hexyl-3-methylimidazolium,bis[(trifluoromethyl)sulfonyl]imide,CCCCCC[n+]1ccn(C)c1,,,parsed;cation=cache:cactus;anion=unresolved
1-hexyl-3-methylimidazolium bis[(trifluoromethyl)sulfonyl]imide,303.15,101.325,0.1237,0.0043,1-hexyl-3-methylimidazolium bis[(trifluoromethyl)sulfonyl]imide,1-hexyl-3-methylimidazolium,bis[(trifluoromethyl)sulfonyl]imide,CCCCCC[n+]1ccn(C)c1,,,parsed;cation=cache:cactus;anion=unresolved
1-hexyl-3-methylimidazolium bis[(trifluoromethyl)sulfonyl]imide,313.15,101.325,0.122,0.004,1-hexyl-3-methylimidazolium bis[(trifluoromethyl)sulfonyl]imide,1-hexyl-3-methylimidazolium,bis[(trifluoromethyl)sulfonyl]imide,CCCCCC[n+]1ccn(C)c1,,,parsed;cation=cache:cactus;anion=unresolved
1-hexyl-3-methylimidazolium bis[(trifluoromethyl)sulfonyl]imide,323.15,101.325,0.1201,0.0042,1-hexyl-3-methylimidazolium bis[(trifluoromethyl)sulfonyl]imide,1-hexyl-3-methylimidazolium,bis[(trifluoromethyl)sulfonyl]imide,CCCCCC[n+]1ccn(C)c1,,,parsed;cation=cache:cactus;anion=unresolved
1-hexyl-3-methylimidazolium bis[(trifluoromethyl)sulfonyl]imide,333.15,101.325,0.1208,0.0042,1-hexyl-3-methylimidazolium bis[(trifluoromethyl)sulfonyl]imide,1-hexyl-3-methylimidazolium,bis[(trifluoromethyl)sulfonyl]imide,CCCCCC[n+]1ccn(C)c1,,,parsed;cation=cache:cactus;anion=unresolved
1-hexyl-3-methylimidazolium bis[(trifluoromethyl)sulfonyl]imide,343.15,101.325,0.1212,0.0042,1-hexyl-3-methylimidazolium bis[(trifluoromethyl)sulfonyl]imide,1-hexyl-3-methylimidazolium,bis[(trifluoromethyl)sulfonyl]imide,CCCCCC[n+]1ccn(C)c1,,,parsed;cation=cache:cactus;anion=unresolved
1-hexyl-3-methylimidazolium bis[(trifluoromethyl)sulfonyl]imide,353.15,101.325,0.1209,0.0042,1-hexyl-3-methylimidazolium bis[(trifluoromethyl)sulfonyl]imide,1-hexyl-3-methylimidazolium,bis[(trifluoromethyl)sulfonyl]imide,CCCCCC[n+]1ccn(C)c1,,,parsed;cation=cache:cactus;anion=unresolved
"1,3-dibutyl-1H-imidazolium bis((trifluoromethyl)sulfonyl)amide",273.15,101.325,0.1209,0.0041,"1,3-dibutyl-1H-imidazolium bis((trifluoromethyl)sulfonyl)amide","1,3-dibutyl-1H-imidazolium",bis((trifluoromethyl)sulfonyl)amide,CCCCN1C[NH+](CCCC)C=C1,,,parsed;cation=cache:cactus;anion=unresolved
"1,3-dibutyl-1H-imidazolium bis((trifluoromethyl)sulfonyl)amide",283.15,101.325,0.1203,0.0041,"1,3-dibutyl-1H-imidazolium bis((trifluoromethyl)sulfonyl)amide","1,3-dibutyl-1H-imidazolium",bis((trifluoromethyl)sulfonyl)amide,CCCCN1C[NH+](CCCC)C=C1,,,parsed;cation=cache:cactus;anion=unresolved
"1,3-dibutyl-1H-imidazolium bis((trifluoromethyl)sulfonyl)amide",293.15,101.325,0.1188,0.0041,"1,3-dibutyl-1H-imidazolium bis((trifluoromethyl)sulfonyl)amide","1,3-dibutyl-1H-imidazolium",bis((trifluoromethyl)sulfonyl)amide,CCCCN1C[NH+](CCCC)C=C1,,,parsed;cation=cache:cactus;anion=unresolved
"1,3-dibutyl-1H-imidazolium bis((trifluoromethyl)sulfonyl)amide",303.15,101.325,0.1198,0.0041,"1,3-dibutyl-1H-imidazolium bis((trifluoromethyl)sulfonyl)amide","1,3-dibutyl-1H-imidazolium",bis((trifluoromethyl)sulfonyl)amide,CCCCN1C[NH+](CCCC)C=C1,,,parsed;cation=cache:cactus;anion=unresolved
"1,3-dibutyl-1H-imidazolium bis((trifluoromethyl)sulfonyl)amide",313.15,101.325,0.1176,0.004,"1,3-dibutyl-1H-imidazolium bis((trifluoromethyl)sulfonyl)amide","1,3-dibutyl-1H-imidazolium",bis((trifluoromethyl)sulfonyl)amide,CCCCN1C[NH+](CCCC)C=C1,,,parsed;cation=cache:cactus;anion=unresolved
"1,3-dibutyl-1H-imidazolium bis((trifluoromethyl)sulfonyl)amide",323.15,101.325,0.117,0.004,"1,3-dibutyl-1H-imidazolium bis((trifluoromethyl)sulfonyl)amide","1,3-dibutyl-1H-imidazolium",bis((trifluoromethyl)sulfonyl)amide,CCCCN1C[NH+](CCCC)C=C1,,,parsed;cation=cache:cactus;anion=unresolved
"1,3-dibutyl-1H-imidazolium bis((trifluoromethyl)sulfonyl)amide",333.15,101.325,0.1176,0.004,"1,3-dibutyl-1H-imidazolium bis((trifluoromethyl)sulfonyl)amide","1,3-dibutyl-1H-imidazolium",bis((trifluoromethyl)sulfonyl)amide,CCCCN1C[NH+](CCCC)C=C1,,,parsed;cation=cache:cactus;anion=unresolved
"1,3-dibutyl-1H-imidazolium bis((trifluoromethyl)sulfonyl)amide",343.15,101.325,0.1171,0.004,"1,3-dibutyl-1H-imidazolium bis((trifluoromethyl)sulfonyl)amide","1,3-dibutyl-1H-imidazolium",bis((trifluoromethyl)sulfonyl)amide,CCCCN1C[NH+](CCCC)C=C1,,,parsed;cation=cache:cactus;anion=unresolved
"1,3-dibutyl-1H-imidazolium bis((trifluoromethyl)sulfonyl)amide",353.15,101.325,0.1164,0.004,"1,3-dibutyl-1H-imidazolium bis((trifluoromethyl)sulfonyl)amide","1,3-dibutyl-1H-imidazolium",bis((trifluoromethyl)sulfonyl)amide,CCCCN1C[NH+](CCCC)C=C1,,,parsed;cation=cache:cactus;anion=unresolved
1-ethyl-3-methylimidazolium dicyanamide,273.15,101.325,0.2053,0.0069,1-ethyl-3-methylimidazolium dicyanamide,1-ethyl-3-methylimidazolium,dicyanamide,CC[n+]1ccn(C)c1,N#C[N-]C#N,CC[n+]1ccn(C)c1.N#C[N-]C#N,ok
1-ethyl-3-methylimidazolium dicyanamide,283.15,101.325,0.205,0.007,1-ethyl-3-methylimidazolium dicyanamide,1-ethyl-3-methylimidazolium,dicyanamide,CC[n+]1ccn(C)c1,N#C[N-]C#N,CC[n+]1ccn(C)c1.N#C[N-]C#N,ok
1-ethyl-3-methylimidazolium dicyanamide,293.15,101.325,0.2021,0.0068,1-ethyl-3-methylimidazolium dicyanamide,1-ethyl-3-methylimidazolium,dicyanamide,CC[n+]1ccn(C)c1,N#C[N-]C#N,CC[n+]1ccn(C)c1.N#C[N-]C#N,ok
1-ethyl-3-methylimidazolium dicyanamide,303.15,101.325,0.2022,0.0068,1-ethyl-3-methylimidazolium dicyanamide,1-ethyl-3-methylimidazolium,dicyanamide,CC[n+]1ccn(C)c1,N#C[N-]C#N,CC[n+]1ccn(C)c1.N#C[N-]C#N,ok
1-ethyl-3-methylimidazolium dicyanamide,313.15,101.325,0.1986,0.0067,1-ethyl-3-methylimidazolium dicyanamide,1-ethyl-3-methylimidazolium,dicyanamide,CC[n+]1ccn(C)c1,N#C[N-]C#N,CC[n+]1ccn(C)c1.N#C[N-]C#N,ok
1-ethyl-3-methylimidazolium dicyanamide,323.15,101.325,0.1958,0.0066,1-ethyl-3-methylimidazolium dicyanamide,1-ethyl-3-methylimidazolium,dicyanamide,CC[n+]1ccn(C)c1,N#C[N-]C#N,CC[n+]1ccn(C)c1.N#C[N-]C#N,ok
1-ethyl-3-methylimidazolium dicyanamide,333.15,101.325,0.1942,0.0065,1-ethyl-3-methylimidazolium dicyanamide,1-ethyl-3-methylimidazolium,dicyanamide,CC[n+]1ccn(C)c1,N#C[N-]C#N,CC[n+]1ccn(C)c1.N#C[N-]C#N,ok
1-ethyl-3-methylimidazolium dicyanamide,343.15,101.325,0.1935,0.0065,1-ethyl-3-methylimidazolium dicyanamide,1-ethyl-3-methylimidazolium,dicyanamide,CC[n+]1ccn(C)c1,N#C[N-]C#N,CC[n+]1ccn(C)c1.N#C[N-]C#N,ok
1-ethyl-3-methylimidazolium dicyanamide,353.15,101.325,0.1914,0.0064,1-ethyl-3-methylimidazolium dicyanamide,1-ethyl-3-methylimidazolium,dicyanamide,CC[n+]1ccn(C)c1,N#C[N-]C#N,CC[n+]1ccn(C)c1.N#C[N-]C#N,ok
1-ethyl-3-methylimidazolium bis((trifluoromethyl)sulfonyl)imide,273.15,101.325,0.1208,0.0041,1-ethyl-3-methylimidazolium bis((trifluoromethyl)sulfonyl)imide,1-ethyl-3-methylimidazolium,bis((trifluoromethyl)sulfonyl)imide,CC[n+]1ccn(C)c1,,,parsed;cation=cache:cactus;anion=unresolved
1-ethyl-3-methylimidazolium bis((trifluoromethyl)sulfonyl)imide,283.15,101.325,0.1206,0.0041,1-ethyl-3-methylimidazolium bis((trifluoromethyl)sulfonyl)imide,1-ethyl-3-methylimidazolium,bis((trifluoromethyl)sulfonyl)imide,CC[n+]1ccn(C)c1,,,parsed;cation=cache:cactus;anion=unresolved
1-ethyl-3-methylimidazolium bis((trifluoromethyl)sulfonyl)imide,293.15,101.325,0.1202,0.0041,1-ethyl-3-methylimidazolium bis((trifluoromethyl)sulfonyl)imide,1-ethyl-3-methylimidazolium,bis((trifluoromethyl)sulfonyl)imide,CC[n+]1ccn(C)c1,,,parsed;cation=cache:cactus;anion=unresolved
1-ethyl-3-methylimidazolium bis((trifluoromethyl)sulfonyl)imide,303.15,101.325,0.1215,0.0042,1-ethyl-3-methylimidazolium bis((trifluoromethyl)sulfonyl)imide,1-ethyl-3-methylimidazolium,bis((trifluoromethyl)sulfonyl)imide,CC[n+]1ccn(C)c1,,,parsed;cation=cache:cactus;anion=unresolved
1-ethyl-3-methylimidazolium bis((trifluoromethyl)sulfonyl)imide,313.15,101.325,0.1195,0.0041,1-ethyl-3-methylimidazolium bis((trifluoromethyl)sulfonyl)imide,1-ethyl-3-methylimidazolium,bis((trifluoromethyl)sulfonyl)imide,CC[n+]1ccn(C)c1,,,parsed;cation=cache:cactus;anion=unresolved
1-ethyl-3-methylimidazolium bis((trifluoromethyl)sulfonyl)imide,323.15,101.325,0.1184,0.0041,1-ethyl-3-methylimidazolium bis((trifluoromethyl)sulfonyl)imide,1-ethyl-3-methylimidazolium,bis((trifluoromethyl)sulfonyl)imide,CC[n+]1ccn(C)c1,,,parsed;cation=cache:cactus;anion=unresolved
1-ethyl-3-methylimidazolium bis((trifluoromethyl)sulfonyl)imide,333.15,101.325,0.119,0.004,1-ethyl-3-methylimidazolium bis((trifluoromethyl)sulfonyl)imide,1-ethyl-3-methylimidazolium,bis((trifluoromethyl)sulfonyl)imide,CC[n+]1ccn(C)c1,,,parsed;cation=cache:cactus;anion=unresolved
1-ethyl-3-methylimidazolium bis((trifluoromethyl)sulfonyl)imide,343.15,101.325,0.1194,0.0041,1-ethyl-3-methylimidazolium bis((trifluoromethyl)sulfonyl)imide,1-ethyl-3-methylimidazolium,bis((trifluoromethyl)sulfonyl)imide,CC[n+]1ccn(C)c1,,,parsed;cation=cache:cactus;anion=unresolved
1-ethyl-3-methylimidazolium bis((trifluoromethyl)sulfonyl)imide,353.15,101.325,0.1191,0.0041,1-ethyl-3-methylimidazolium bis((trifluoromethyl)sulfonyl)imide,1-ethyl-3-methylimidazolium,bis((trifluoromethyl)sulfonyl)imide,CC[n+]1ccn(C)c1,,,parsed;cation=cache:cactus;anion=unresolved
1-ethyl-3-methyl-1H-imidazolium tricyanomethanide,273.15,101.325,0.1956,0.0066,1-ethyl-3-methyl-1H-imidazolium tricyanomethanide,1-ethyl-3-methyl-1H-imidazolium,tricyanomethanide,CC[NH+]1CN(C)C=C1,,,parsed;cation=cache:cactus;anion=unresolved
1-ethyl-3-methyl-1H-imidazolium tricyanomethanide,283.15,101.325,0.1957,0.0066,1-ethyl-3-methyl-1H-imidazolium tricyanomethanide,1-ethyl-3-methyl-1H-imidazolium,tricyanomethanide,CC[NH+]1CN(C)C=C1,,,parsed;cation=cache:cactus;anion=unresolved
1-ethyl-3-methyl-1H-imidazolium tricyanomethanide,293.15,101.325,0.193,0.007,1-ethyl-3-methyl-1H-imidazolium tricyanomethanide,1-ethyl-3-methyl-1H-imidazolium,tricyanomethanide,CC[NH+]1CN(C)C=C1,,,parsed;cation=cache:cactus;anion=unresolved
1-ethyl-3-methyl-1H-imidazolium tricyanomethanide,303.15,101.325,0.1918,0.0064,1-ethyl-3-methyl-1H-imidazolium tricyanomethanide,1-ethyl-3-methyl-1H-imidazolium,tricyanomethanide,CC[NH+]1CN(C)C=C1,,,parsed;cation=cache:cactus;anion=unresolved
1-ethyl-3-methyl-1H-imidazolium tricyanomethanide,313.15,101.325,0.19,0.01,1-ethyl-3-methyl-1H-imidazolium tricyanomethanide,1-ethyl-3-methyl-1H-imidazolium,tricyanomethanide,CC[NH+]1CN(C)C=C1,,,parsed;cation=cache:cactus;anion=unresolved
1-ethyl-3-methyl-1H-imidazolium tricyanomethanide,323.15,101.325,0.1873,0.0063,1-ethyl-3-methyl-1H-imidazolium tricyanomethanide,1-ethyl-3-methyl-1H-imidazolium,tricyanomethanide,CC[NH+]1CN(C)C=C1,,,parsed;cation=cache:cactus;anion=unresolved
1-ethyl-3-methyl-1H-imidazolium tricyanomethanide,333.15,101.325,0.1868,0.0063,1-ethyl-3-methyl-1H-imidazolium tricyanomethanide,1-ethyl-3-methyl-1H-imidazolium,tricyanomethanide,CC[NH+]1CN(C)C=C1,,,parsed;cation=cache:cactus;anion=unresolved
1-ethyl-3-methyl-1H-imidazolium tricyanomethanide,343.15,101.325,0.1847,0.0062,1-ethyl-3-methyl-1H-imidazolium tricyanomethanide,1-ethyl-3-methyl-1H-imidazolium,tricyanomethanide,CC[NH+]1CN(C)C=C1,,,parsed;cation=cache:cactus;anion=unresolved
1-ethyl-3-methyl-1H-imidazolium tricyanomethanide,353.15,101.325,0.1815,0.0061,1-ethyl-3-methyl-1H-imidazolium tricyanomethanide,1-ethyl-3-methyl-1H-imidazolium,tricyanomethanide,CC[NH+]1CN(C)C=C1,,,parsed;cation=cache:cactus;anion=unresolved
1-ethyl-3-methylimidazolium acetate,273.15,101.325,0.2137,0.0071,1-ethyl-3-methylimidazolium acetate,1-ethyl-3-methylimidazolium,acetate,CC[n+]1ccn(C)c1,CC(=O)[O-],CC[n+]1ccn(C)c1.CC(=O)[O-],ok
1-ethyl-3-methylimidazolium acetate,283.15,101.325,0.2124,0.0071,1-ethyl-3-methylimidazolium acetate,1-ethyl-3-methylimidazolium,acetate,CC[n+]1ccn(C)c1,CC(=O)[O-],CC[n+]1ccn(C)c1.CC(=O)[O-],ok
1-ethyl-3-methylimidazolium acetate,293.15,101.325,0.211,0.007,1-ethyl-3-methylimidazolium acetate,1-ethyl-3-methylimidazolium,acetate,CC[n+]1ccn(C)c1,CC(=O)[O-],CC[n+]1ccn(C)c1.CC(=O)[O-],ok
1-ethyl-3-methylimidazolium acetate,303.15,101.325,0.2102,0.007,1-ethyl-3-methylimidazolium acetate,1-ethyl-3-methylimidazolium,acetate,CC[n+]1ccn(C)c1,CC(=O)[O-],CC[n+]1ccn(C)c1.CC(=O)[O-],ok
1-ethyl-3-methylimidazolium acetate,313.15,101.325,0.2066,0.0069,1-ethyl-3-methylimidazolium acetate,1-ethyl-3-methylimidazolium,acetate,CC[n+]1ccn(C)c1,CC(=O)[O-],CC[n+]1ccn(C)c1.CC(=O)[O-],ok
1-ethyl-3-methylimidazolium acetate,323.15,101.325,0.2026,0.0068,1-ethyl-3-methylimidazolium acetate,1-ethyl-3-methylimidazolium,acetate,CC[n+]1ccn(C)c1,CC(=O)[O-],CC[n+]1ccn(C)c1.CC(=O)[O-],ok
1-ethyl-3-methylimidazolium acetate,333.15,101.325,0.2002,0.0067,1-ethyl-3-methylimidazolium acetate,1-ethyl-3-methylimidazolium,acetate,CC[n+]1ccn(C)c1,CC(=O)[O-],CC[n+]1ccn(C)c1.CC(=O)[O-],ok
1-ethyl-3-methylimidazolium acetate,343.15,101.325,0.1973,0.0066,1-ethyl-3-methylimidazolium acetate,1-ethyl-3-methylimidazolium,acetate,CC[n+]1ccn(C)c1,CC(=O)[O-],CC[n+]1ccn(C)c1.CC(=O)[O-],ok
1-ethyl-3-methylimidazolium acetate,353.15,101.325,0.1915,0.0064,1-ethyl-3-methylimidazolium acetate,1-ethyl-3-methylimidazolium,acetate,CC[n+]1ccn(C)c1,CC(=O)[O-],CC[n+]1ccn(C)c1.CC(=O)[O-],ok
1-methyl-3-octylimidazolium bis(trifluoromethylsulfonyl)imide,280.03,101.325,0.129,0.01,1-methyl-3-octylimidazolium bis(trifluoromethylsulfonyl)imide,1-methyl-3-octylimidazolium,bis(trifluoromethylsulfonyl)imide,CCCCCCCCn1cc[n+](C)c1,,,parsed;cation=cache:cactus;anion=unresolved
1-methyl-3-octylimidazolium bis(trifluoromethylsulfonyl)imide,288.73,101.325,0.128,0.012,1-methyl-3-octylimidazolium bis(trifluoromethylsulfonyl)imide,1-methyl-3-octylimidazolium,bis(trifluoromethylsulfonyl)imide,CCCCCCCCn1cc[n+](C)c1,,,parsed;cation=cache:cactus;anion=unresolved
1-methyl-3-octylimidazolium bis(trifluoromethylsulfonyl)imide,297.76,101.325,0.128,0.013,1-methyl-3-octylimidazolium bis(trifluoromethylsulfonyl)imide,1-methyl-3-octylimidazolium,bis(trifluoromethylsulfonyl)imide,CCCCCCCCn1cc[n+](C)c1,,,parsed;cation=cache:cactus;anion=unresolved
1-methyl-3-octylimidazolium bis(trifluoromethylsulfonyl)imide,307.59,101.325,0.1279,0.0082,1-methyl-3-octylimidazolium bis(trifluoromethylsulfonyl)imide,1-methyl-3-octylimidazolium,bis(trifluoromethylsulfonyl)imide,CCCCCCCCn1cc[n+](C)c1,,,parsed;cation=cache:cactus;anion=unresolved
1-methyl-3-octylimidazolium bis(trifluoromethylsulfonyl)imide,318.58,101.325,0.127,0.012,1-methyl-3-octylimidazolium bis(trifluoromethylsulfonyl)imide,1-methyl-3-octylimidazolium,bis(trifluoromethylsulfonyl)imide,CCCCCCCCn1cc[n+](C)c1,,,parsed;cation=cache:cactus;anion=unresolved
1-methyl-3-octylimidazolium bis(trifluoromethylsulfonyl)imide,328.58,101.325,0.126,0.012,1-methyl-3-octylimidazolium bis(trifluoromethylsulfonyl)imide,1-methyl-3-octylimidazolium,bis(trifluoromethylsulfonyl)imide,CCCCCCCCn1cc[n+](C)c1,,,parsed;cation=cache:cactus;anion=unresolved
1-methyl-3-octylimidazolium bis(trifluoromethylsulfonyl)imide,337.48,101.325,0.126,0.014,1-methyl-3-octylimidazolium bis(trifluoromethylsulfonyl)imide,1-methyl-3-octylimidazolium,bis(trifluoromethylsulfonyl)imide,CCCCCCCCn1cc[n+](C)c1,,,parsed;cation=cache:cactus;anion=unresolved
1-methyl-3-octylimidazolium bis(trifluoromethylsulfonyl)imide,347.72,101.325,0.126,0.013,1-methyl-3-octylimidazolium bis(trifluoromethylsulfonyl)imide,1-methyl-3-octylimidazolium,bis(trifluoromethylsulfonyl)imide,CCCCCCCCn1cc[n+](C)c1,,,parsed;cation=cache:cactus;anion=unresolved
1-methyl-3-octylimidazolium bis(trifluoromethylsulfonyl)imide,357.76,101.325,0.124,0.014,1-methyl-3-octylimidazolium bis(trifluoromethylsulfonyl)imide,1-methyl-3-octylimidazolium,bis(trifluoromethylsulfonyl)imide,CCCCCCCCn1cc[n+](C)c1,,,parsed;cation=cache:cactus;anion=unresolved
1-hexyl-3-methylimidazolium bis[(trifluoromethyl)sulfonyl]imide,285.54,101.325,0.1242,0.0025,1-hexyl-3-methylimidazolium bis[(trifluoromethyl)sulfonyl]imide,1-hexyl-3-methylimidazolium,bis[(trifluoromethyl)sulfonyl]imide,CCCCCC[n+]1ccn(C)c1,,,parsed;cation=cache:cactus;anion=unresolved
1-hexyl-3-methylimidazolium bis[(trifluoromethyl)sulfonyl]imide,295.26,101.325,0.125,0.0025,1-hexyl-3-methylimidazolium bis[(trifluoromethyl)sulfonyl]imide,1-hexyl-3-methylimidazolium,bis[(trifluoromethyl)sulfonyl]imide,CCCCCC[n+]1ccn(C)c1,,,parsed;cation=cache:cactus;anion=unresolved
1-hexyl-3-methylimidazolium bis[(trifluoromethyl)sulfonyl]imide,304.95,101.325,0.1249,0.0025,1-hexyl-3-methylimidazolium bis[(trifluoromethyl)sulfonyl]imide,1-hexyl-3-methylimidazolium,bis[(trifluoromethyl)sulfonyl]imide,CCCCCC[n+]1ccn(C)c1,,,parsed;cation=cache:cactus;anion=unresolved
1-hexyl-3-methylimidazolium bis[(trifluoromethyl)sulfonyl]imide,305.14,101.325,0.1249,0.0025,1-hexyl-3-methylimidazolium bis[(trifluoromethyl)sulfonyl]imide,1-hexyl-3-methylimidazolium,bis[(trifluoromethyl)sulfonyl]imide,CCCCCC[n+]1ccn(C)c1,,,parsed;cation=cache:cactus;anion=unresolved
1-hexyl-3-methylimidazolium bis[(trifluoromethyl)sulfonyl]imide,315.46,101.325,0.1264,0.0026,1-hexyl-3-methylimidazolium bis[(trifluoromethyl)sulfonyl]imide,1-hexyl-3-methylimidazolium,bis[(trifluoromethyl)sulfonyl]imide,CCCCCC[n+]1ccn(C)c1,,,parsed;cation=cache:cactus;anion=unresolved
1-hexyl-3-methylimidazolium bis[(trifluoromethyl)sulfonyl]imide,325.63,101.325,0.1268,0.0026,1-hexyl-3-methylimidazolium bis[(trifluoromethyl)sulfonyl]imide,1-hexyl-3-methylimidazolium,bis[(trifluoromethyl)sulfonyl]imide,CCCCCC[n+]1ccn(C)c1,,,parsed;cation=cache:cactus;anion=unresolved
1-hexyl-3-methylimidazolium bis[(trifluoromethyl)sulfonyl]imide,335.67,101.325,0.1281,0.0026,1-hexyl-3-methylimidazolium bis[(trifluoromethyl)sulfonyl]imide,1-hexyl-3-methylimidazolium,bis[(trifluoromethyl)sulfonyl]imide,CCCCCC[n+]1ccn(C)c1,,,parsed;cation=cache:cactus;anion=unresolved
1-hexyl-3-methylimidazolium bis[(trifluoromethyl)sulfonyl]imide,345.9,101.325,0.1286,0.0026,1-hexyl-3-methylimidazolium bis[(trifluoromethyl)sulfonyl]imide,1-hexyl-3-methylimidazolium,bis[(trifluoromethyl)sulfonyl]imide,CCCCCC[n+]1ccn(C)c1,,,parsed;cation=cache:cactus;anion=unresolved
1-hexyl-3-methylimidazolium bis[(trifluoromethyl)sulfonyl]imide,355.87,101.325,0.128,0.0026,1-hexyl-3-methylimidazolium bis[(trifluoromethyl)sulfonyl]imide,1-hexyl-3-methylimidazolium,bis[(trifluoromethyl)sulfonyl]imide,CCCCCC[n+]1ccn(C)c1,,,parsed;cation=cache:cactus;anion=unresolved
1-butyl-3-methylimidazolium tetrafluoroborate,294.7,100.0,0.169,0.002,1-butyl-3-methylimidazolium tetrafluoroborate,1-butyl-3-methylimidazolium,tetrafluoroborate,CCCC[n+]1ccn(C)c1,F[B-](F)(F)F,CCCC[n+]1ccn(C)c1.F[B-](F)(F)F,ok
1-butyl-3-methylimidazolium tetrafluoroborate,294.7,10000.0,0.171,0.002,1-butyl-3-methylimidazolium tetrafluoroborate,1-butyl-3-methylimidazolium,tetrafluoroborate,CCCC[n+]1ccn(C)c1,F[B-](F)(F)F,CCCC[n+]1ccn(C)c1.F[B-](F)(F)F,ok
1-butyl-3-methylimidazolium tetrafluoroborate,294.7,20000.0,0.173,0.002,1-butyl-3-methylimidazolium tetrafluoroborate,1-butyl-3-methylimidazolium,tetrafluoroborate,CCCC[n+]1ccn(C)c1,F[B-](F)(F)F,CCCC[n+]1ccn(C)c1.F[B-](F)(F)F,ok
1-butyl-3-methylimidazolium tetrafluoroborate,314.8,100.0,0.169,0.002,1-butyl-3-methylimidazolium tetrafluoroborate,1-butyl-3-methylimidazolium,tetrafluoroborate,CCCC[n+]1ccn(C)c1,F[B-](F)(F)F,CCCC[n+]1ccn(C)c1.F[B-](F)(F)F,ok
1-butyl-3-methylimidazolium tetrafluoroborate,314.8,10000.0,0.171,0.002,1-butyl-3-methylimidazolium tetrafluoroborate,1-butyl-3-methylimidazolium,tetrafluoroborate,CCCC[n+]1ccn(C)c1,F[B-](F)(F)F,CCCC[n+]1ccn(C)c1.F[B-](F)(F)F,ok
1-butyl-3-methylimidazolium tetrafluoroborate,314.8,20000.0,0.173,0.002,1-butyl-3-methylimidazolium tetrafluoroborate,1-butyl-3-methylimidazolium,tetrafluoroborate,CCCC[n+]1ccn(C)c1,F[B-](F)(F)F,CCCC[n+]1ccn(C)c1.F[B-](F)(F)F,ok
1-butyl-3-methylimidazolium tetrafluoroborate,334.9,100.0,0.168,0.002,1-butyl-3-methylimidazolium tetrafluoroborate,1-butyl-3-methylimidazolium,tetrafluoroborate,CCCC[n+]1ccn(C)c1,F[B-](F)(F)F,CCCC[n+]1ccn(C)c1.F[B-](F)(F)F,ok
1-butyl-3-methylimidazolium tetrafluoroborate,334.9,10000.0,0.171,0.002,1-butyl-3-methylimidazolium tetrafluoroborate,1-butyl-3-methylimidazolium,tetrafluoroborate,CCCC[n+]1ccn(C)c1,F[B-](F)(F)F,CCCC[n+]1ccn(C)c1.F[B-](F)(F)F,ok
1-butyl-3-methylimidazolium tetrafluoroborate,334.9,20000.0,0.173,0.002,1-butyl-3-methylimidazolium tetrafluoroborate,1-butyl-3-methylimidazolium,tetrafluoroborate,CCCC[n+]1ccn(C)c1,F[B-](F)(F)F,CCCC[n+]1ccn(C)c1.F[B-](F)(F)F,ok
1-hexyl-3-methylimidazolium hexafluorophosphate,294.1,100.0,0.145,0.006,1-hexyl-3-methylimidazolium hexafluorophosphate,1-hexyl-3-methylimidazolium,hexafluorophosphate,CCCCCC[n+]1ccn(C)c1,F[P-](F)(F)(F)(F)F,CCCCCC[n+]1ccn(C)c1.F[P-](F)(F)(F)(F)F,ok
1-hexyl-3-methylimidazolium hexafluorophosphate,294.1,10000.0,0.147,0.006,1-hexyl-3-methylimidazolium hexafluorophosphate,1-hexyl-3-methylimidazolium,hexafluorophosphate,CCCCCC[n+]1ccn(C)c1,F[P-](F)(F)(F)(F)F,CCCCCC[n+]1ccn(C)c1.F[P-](F)(F)(F)(F)F,ok
1-hexyl-3-methylimidazolium hexafluorophosphate,294.1,20000.0,0.148,0.006,1-hexyl-3-methylimidazolium hexafluorophosphate,1-hexyl-3-methylimidazolium,hexafluorophosphate,CCCCCC[n+]1ccn(C)c1,F[P-](F)(F)(F)(F)F,CCCCCC[n+]1ccn(C)c1.F[P-](F)(F)(F)(F)F,ok
1-hexyl-3-methylimidazolium hexafluorophosphate,315.1,100.0,0.145,0.006,1-hexyl-3-methylimidazolium hexafluorophosphate,1-hexyl-3-methylimidazolium,hexafluorophosphate,CCCCCC[n+]1ccn(C)c1,F[P-](F)(F)(F)(F)F,CCCCCC[n+]1ccn(C)c1.F[P-](F)(F)(F)(F)F,ok
1-hexyl-3-methylimidazolium hexafluorophosphate,315.1,10000.0,0.146,0.006,1-hexyl-3-methylimidazolium hexafluorophosphate,1-hexyl-3-methylimidazolium,hexafluorophosphate,CCCCCC[n+]1ccn(C)c1,F[P-](F)(F)(F)(F)F,CCCCCC[n+]1ccn(C)c1.F[P-](F)(F)(F)(F)F,ok
1-hexyl-3-methylimidazolium hexafluorophosphate,315.1,20000.0,0.148,0.006,1-hexyl-3-methylimidazolium hexafluorophosphate,1-hexyl-3-methylimidazolium,hexafluorophosphate,CCCCCC[n+]1ccn(C)c1,F[P-](F)(F)(F)(F)F,CCCCCC[n+]1ccn(C)c1.F[P-](F)(F)(F)(F)F,ok
1-hexyl-3-methylimidazolium hexafluorophosphate,335.2,100.0,0.144,0.006,1-hexyl-3-methylimidazolium hexafluorophosphate,1-hexyl-3-methylimidazolium,hexafluorophosphate,CCCCCC[n+]1ccn(C)c1,F[P-](F)(F)(F)(F)F,CCCCCC[n+]1ccn(C)c1.F[P-](F)(F)(F)(F)F,ok
1-hexyl-3-methylimidazolium hexafluorophosphate,335.2,10000.0,0.146,0.006,1-hexyl-3-methylimidazolium hexafluorophosphate,1-hexyl-3-methylimidazolium,hexafluorophosphate,CCCCCC[n+]1ccn(C)c1,F[P-](F)(F)(F)(F)F,CCCCCC[n+]1ccn(C)c1.F[P-](F)(F)(F)(F)F,ok
1-hexyl-3-methylimidazolium hexafluorophosphate,335.2,20000.0,0.147,0.006,1-hexyl-3-methylimidazolium hexafluorophosphate,1-hexyl-3-methylimidazolium,hexafluorophosphate,CCCCCC[n+]1ccn(C)c1,F[P-](F)(F)(F)(F)F,CCCCCC[n+]1ccn(C)c1.F[P-](F)(F)(F)(F)F,ok
1-octyl-3-methylimidazolium hexafluorophosphate,295.1,100.0,0.145,0.006,1-octyl-3-methylimidazolium hexafluorophosphate,1-octyl-3-methylimidazolium,hexafluorophosphate,CCCCCCCC[n+]1ccn(C)c1,F[P-](F)(F)(F)(F)F,CCCCCCCC[n+]1ccn(C)c1.F[P-](F)(F)(F)(F)F,ok
1-octyl-3-methylimidazolium hexafluorophosphate,295.1,10000.0,0.147,0.006,1-octyl-3-methylimidazolium hexafluorophosphate,1-octyl-3-methylimidazolium,hexafluorophosphate,CCCCCCCC[n+]1ccn(C)c1,F[P-](F)(F)(F)(F)F,CCCCCCCC[n+]1ccn(C)c1.F[P-](F)(F)(F)(F)F,ok
1-octyl-3-methylimidazolium hexafluorophosphate,295.1,20000.0,0.147,0.006,1-octyl-3-methylimidazolium hexafluorophosphate,1-octyl-3-methylimidazolium,hexafluorophosphate,CCCCCCCC[n+]1ccn(C)c1,F[P-](F)(F)(F)(F)F,CCCCCCCC[n+]1ccn(C)c1.F[P-](F)(F)(F)(F)F,ok
1-octyl-3-methylimidazolium hexafluorophosphate,315.1,100.0,0.145,0.006,1-octyl-3-methylimidazolium hexafluorophosphate,1-octyl-3-methylimidazolium,hexafluorophosphate,CCCCCCCC[n+]1ccn(C)c1,F[P-](F)(F)(F)(F)F,CCCCCCCC[n+]1ccn(C)c1.F[P-](F)(F)(F)(F)F,ok
1-octyl-3-methylimidazolium hexafluorophosphate,315.1,10000.0,0.146,0.006,1-octyl-3-methylimidazolium hexafluorophosphate,1-octyl-3-methylimidazolium,hexafluorophosphate,CCCCCCCC[n+]1ccn(C)c1,F[P-](F)(F)(F)(F)F,CCCCCCCC[n+]1ccn(C)c1.F[P-](F)(F)(F)(F)F,ok
1-octyl-3-methylimidazolium hexafluorophosphate,315.1,20000.0,0.147,0.006,1-octyl-3-methylimidazolium hexafluorophosphate,1-octyl-3-methylimidazolium,hexafluorophosphate,CCCCCCCC[n+]1ccn(C)c1,F[P-](F)(F)(F)(F)F,CCCCCCCC[n+]1ccn(C)c1.F[P-](F)(F)(F)(F)F,ok
1-octyl-3-methylimidazolium hexafluorophosphate,335.2,100.0,0.144,0.006,1-octyl-3-methylimidazolium hexafluorophosphate,1-octyl-3-methylimidazolium,hexafluorophosphate,CCCCCCCC[n+]1ccn(C)c1,F[P-](F)(F)(F)(F)F,CCCCCCCC[n+]1ccn(C)c1.F[P-](F)(F)(F)(F)F,ok
1-octyl-3-methylimidazolium hexafluorophosphate,335.2,10000.0,0.146,0.006,1-octyl-3-methylimidazolium hexafluorophosphate,1-octyl-3-methylimidazolium,hexafluorophosphate,CCCCCCCC[n+]1ccn(C)c1,F[P-](F)(F)(F)(F)F,CCCCCCCC[n+]1ccn(C)c1.F[P-](F)(F)(F)(F)F,ok
1-octyl-3-methylimidazolium hexafluorophosphate,335.2,20000.0,0.147,0.006,1-octyl-3-methylimidazolium hexafluorophosphate,1-octyl-3-methylimidazolium,hexafluorophosphate,CCCCCCCC[n+]1ccn(C)c1,F[P-](F)(F)(F)(F)F,CCCCCCCC[n+]1ccn(C)c1.F[P-](F)(F)(F)(F)F,ok
1-hexyl-3-methylimidazolium tetrafluoroborate,294.2,100.0,0.166,0.004,1-hexyl-3-methylimidazolium tetrafluoroborate,1-hexyl-3-methylimidazolium,tetrafluoroborate,CCCCCC[n+]1ccn(C)c1,F[B-](F)(F)F,CCCCCC[n+]1ccn(C)c1.F[B-](F)(F)F,ok
1-hexyl-3-methylimidazolium tetrafluoroborate,294.2,10000.0,0.168,0.004,1-hexyl-3-methylimidazolium tetrafluoroborate,1-hexyl-3-methylimidazolium,tetrafluoroborate,CCCCCC[n+]1ccn(C)c1,F[B-](F)(F)F,CCCCCC[n+]1ccn(C)c1.F[B-](F)(F)F,ok
1-hexyl-3-methylimidazolium tetrafluoroborate,294.2,20000.0,0.17,0.004,1-hexyl-3-methylimidazolium tetrafluoroborate,1-hexyl-3-methylimidazolium,tetrafluoroborate,CCCCCC[n+]1ccn(C)c1,F[B-](F)(F)F,CCCCCC[n+]1ccn(C)c1.F[B-](F)(F)F,ok
1-hexyl-3-methylimidazolium tetrafluoroborate,314.3,100.0,0.165,0.004,1-hexyl-3-methylimidazolium tetrafluoroborate,1-hexyl-3-methylimidazolium,tetrafluoroborate,CCCCCC[n+]1ccn(C)c1,F[B-](F)(F)F,CCCCCC[n+]1ccn(C)c1.F[B-](F)(F)F,ok
1-hexyl-3-methylimidazolium tetrafluoroborate,314.3,10000.0,0.168,0.004,1-hexyl-3-methylimidazolium tetrafluoroborate,1-hexyl-3-methylimidazolium,tetrafluoroborate,CCCCCC[n+]1ccn(C)c1,F[B-](F)(F)F,CCCCCC[n+]1ccn(C)c1.F[B-](F)(F)F,ok
1-hexyl-3-methylimidazolium tetrafluoroborate,314.3,20000.0,0.169,0.004,1-hexyl-3-methylimidazolium tetrafluoroborate,1-hexyl-3-methylimidazolium,tetrafluoroborate,CCCCCC[n+]1ccn(C)c1,F[B-](F)(F)F,CCCCCC[n+]1ccn(C)c1.F[B-](F)(F)F,ok
1-hexyl-3-methylimidazolium tetrafluoroborate,334.4,100.0,0.164,0.004,1-hexyl-3-methylimidazolium tetrafluoroborate,1-hexyl-3-methylimidazolium,tetrafluoroborate,CCCCCC[n+]1ccn(C)c1,F[B-](F)(F)F,CCCCCC[n+]1ccn(C)c1.F[B-](F)(F)F,ok
1-hexyl-3-methylimidazolium tetrafluoroborate,334.4,10000.0,0.167,0.004,1-hexyl-3-methylimidazolium tetrafluoroborate,1-hexyl-3-methylimidazolium,tetrafluoroborate,CCCCCC[n+]1ccn(C)c1,F[B-](F)(F)F,CCCCCC[n+]1ccn(C)c1.F[B-](F)(F)F,ok
1-hexyl-3-methylimidazolium tetrafluoroborate,334.4,20000.0,0.169,0.004,1-hexyl-3-methylimidazolium tetrafluoroborate,1-hexyl-3-methylimidazolium,tetrafluoroborate,CCCCCC[n+]1ccn(C)c1,F[B-](F)(F)F,CCCCCC[n+]1ccn(C)c1.F[B-](F)(F)F,ok
1-methyl-3-octylimidazolium tetrafluoroborate,294.2,100.0,0.164,0.004,1-methyl-3-octylimidazolium tetrafluoroborate,1-methyl-3-octylimidazolium,tetrafluoroborate,CCCCCCCCn1cc[n+](C)c1,F[B-](F)(F)F,CCCCCCCCn1cc[n+](C)c1.F[B-](F)(F)F,ok
1-methyl-3-octylimidazolium tetrafluoroborate,294.2,10000.0,0.165,0.004,1-methyl-3-octylimidazolium tetrafluoroborate,1-methyl-3-octylimidazolium,tetrafluoroborate,CCCCCCCCn1cc[n+](C)c1,F[B-](F)(F)F,CCCCCCCCn1cc[n+](C)c1.F[B-](F)(F)F,ok
1-methyl-3-octylimidazolium tetrafluoroborate,294.2,20000.0,0.167,0.004,1-methyl-3-octylimidazolium tetrafluoroborate,1-methyl-3-octylimidazolium,tetrafluoroborate,CCCCCCCCn1cc[n+](C)c1,F[B-](F)(F)F,CCCCCCCCn1cc[n+](C)c1.F[B-](F)(F)F,ok
1-methyl-3-octylimidazolium tetrafluoroborate,314.3,100.0,0.163,0.004,1-methyl-3-octylimidazolium tetrafluoroborate,1-methyl-3-octylimidazolium,tetrafluoroborate,CCCCCCCCn1cc[n+](C)c1,F[B-](F)(F)F,CCCCCCCCn1cc[n+](C)c1.F[B-](F)(F)F,ok
1-methyl-3-octylimidazolium tetrafluoroborate,314.3,10000.0,0.164,0.004,1-methyl-3-octylimidazolium tetrafluoroborate,1-methyl-3-octylimidazolium,tetrafluoroborate,CCCCCCCCn1cc[n+](C)c1,F[B-](F)(F)F,CCCCCCCCn1cc[n+](C)c1.F[B-](F)(F)F,ok
1-methyl-3-octylimidazolium tetrafluoroborate,314.3,20000.0,0.166,0.004,1-methyl-3-octylimidazolium tetrafluoroborate,1-methyl-3-octylimidazolium,tetrafluoroborate,CCCCCCCCn1cc[n+](C)c1,F[B-](F)(F)F,CCCCCCCCn1cc[n+](C)c1.F[B-](F)(F)F,ok
1-methyl-3-octylimidazolium tetrafluoroborate,334.4,100.0,0.16,0.004,1-methyl-3-octylimidazolium tetrafluoroborate,1-methyl-3-octylimidazolium,tetrafluoroborate,CCCCCCCCn1cc[n+](C)c1,F[B-](F)(F)F,CCCCCCCCn1cc[n+](C)c1.F[B-](F)(F)F,ok
1-methyl-3-octylimidazolium tetrafluoroborate,334.4,10000.0,0.162,0.004,1-methyl-3-octylimidazolium tetrafluoroborate,1-methyl-3-octylimidazolium,tetrafluoroborate,CCCCCCCCn1cc[n+](C)c1,F[B-](F)(F)F,CCCCCCCCn1cc[n+](C)c1.F[B-](F)(F)F,ok
1-methyl-3-octylimidazolium tetrafluoroborate,334.4,20000.0,0.164,0.004,1-methyl-3-octylimidazolium tetrafluoroborate,1-methyl-3-octylimidazolium,tetrafluoroborate,CCCCCCCCn1cc[n+](C)c1,F[B-](F)(F)F,CCCCCCCCn1cc[n+](C)c1.F[B-](F)(F)F,ok
1-methyl-3-octylimidazolium bromide,294.3,100.0,0.153,0.005,1-methyl-3-octylimidazolium bromide,1-methyl-3-octylimidazolium,bromide,CCCCCCCCn1cc[n+](C)c1,[Br-],CCCCCCCCn1cc[n+](C)c1.[Br-],ok
1-methyl-3-octylimidazolium bromide,294.3,10000.0,0.155,0.005,1-methyl-3-octylimidazolium bromide,1-methyl-3-octylimidazolium,bromide,CCCCCCCCn1cc[n+](C)c1,[Br-],CCCCCCCCn1cc[n+](C)c1.[Br-],ok
1-methyl-3-octylimidazolium bromide,294.3,20000.0,0.156,0.005,1-methyl-3-octylimidazolium bromide,1-methyl-3-octylimidazolium,bromide,CCCCCCCCn1cc[n+](C)c1,[Br-],CCCCCCCCn1cc[n+](C)c1.[Br-],ok
1-methyl-3-octylimidazolium bromide,314.4,100.0,0.15,0.005,1-methyl-3-octylimidazolium bromide,1-methyl-3-octylimidazolium,bromide,CCCCCCCCn1cc[n+](C)c1,[Br-],CCCCCCCCn1cc[n+](C)c1.[Br-],ok
1-methyl-3-octylimidazolium bromide,314.4,10000.0,0.152,0.005,1-methyl-3-octylimidazolium bromide,1-methyl-3-octylimidazolium,bromide,CCCCCCCCn1cc[n+](C)c1,[Br-],CCCCCCCCn1cc[n+](C)c1.[Br-],ok
1-methyl-3-octylimidazolium bromide,314.4,20000.0,0.154,0.005,1-methyl-3-octylimidazolium bromide,1-methyl-3-octylimidazolium,bromide,CCCCCCCCn1cc[n+](C)c1,[Br-],CCCCCCCCn1cc[n+](C)c1.[Br-],ok
1-methyl-3-octylimidazolium bromide,334.5,100.0,0.147,0.005,1-methyl-3-octylimidazolium bromide,1-methyl-3-octylimidazolium,bromide,CCCCCCCCn1cc[n+](C)c1,[Br-],CCCCCCCCn1cc[n+](C)c1.[Br-],ok
1-methyl-3-octylimidazolium bromide,334.5,10000.0,0.149,0.005,1-methyl-3-octylimidazolium bromide,1-methyl-3-octylimidazolium,bromide,CCCCCCCCn1cc[n+](C)c1,[Br-],CCCCCCCCn1cc[n+](C)c1.[Br-],ok
1-methyl-3-octylimidazolium bromide,334.5,20000.0,0.152,0.005,1-methyl-3-octylimidazolium bromide,1-methyl-3-octylimidazolium,bromide,CCCCCCCCn1cc[n+](C)c1,[Br-],CCCCCCCCn1cc[n+](C)c1.[Br-],ok
1-methyl-3-octylimidazolium chloride,294.2,100.0,0.173,0.006,1-methyl-3-octylimidazolium chloride,1-methyl-3-octylimidazolium,chloride,CCCCCCCCn1cc[n+](C)c1,[Cl-],CCCCCCCCn1cc[n+](C)c1.[Cl-],ok
1-methyl-3-octylimidazolium chloride,294.2,10000.0,0.175,0.006,1-methyl-3-octylimidazolium chloride,1-methyl-3-octylimidazolium,chloride,CCCCCCCCn1cc[n+](C)c1,[Cl-],CCCCCCCCn1cc[n+](C)c1.[Cl-],ok
1-methyl-3-octylimidazolium chloride,294.2,20000.0,0.178,0.006,1-methyl-3-octylimidazolium chloride,1-methyl-3-octylimidazolium,chloride,CCCCCCCCn1cc[n+](C)c1,[Cl-],CCCCCCCCn1cc[n+](C)c1.[Cl-],ok
1-methyl-3-octylimidazolium chloride,314.3,100.0,0.173,0.006,1-methyl-3-octylimidazolium chloride,1-methyl-3-octylimidazolium,chloride,CCCCCCCCn1cc[n+](C)c1,[Cl-],CCCCCCCCn1cc[n+](C)c1.[Cl-],ok
1-methyl-3-octylimidazolium chloride,314.3,10000.0,0.175,0.006,1-methyl-3-octylimidazolium chloride,1-methyl-3-octylimidazolium,chloride,CCCCCCCCn1cc[n+](C)c1,[Cl-],CCCCCCCCn1cc[n+](C)c1.[Cl-],ok
1-methyl-3-octylimidazolium chloride,314.3,20000.0,0.177,0.006,1-methyl-3-octylimidazolium chloride,1-methyl-3-octylimidazolium,chloride,CCCCCCCCn1cc[n+](C)c1,[Cl-],CCCCCCCCn1cc[n+](C)c1.[Cl-],ok
1-methyl-3-octylimidazolium chloride,334.4,100.0,0.171,0.006,1-methyl-3-octylimidazolium chloride,1-methyl-3-octylimidazolium,chloride,CCCCCCCCn1cc[n+](C)c1,[Cl-],CCCCCCCCn1cc[n+](C)c1.[Cl-],ok
1-methyl-3-octylimidazolium chloride,334.4,10000.0,0.173,0.006,1-methyl-3-octylimidazolium chloride,1-methyl-3-octylimidazolium,chloride,CCCCCCCCn1cc[n+](C)c1,[Cl-],CCCCCCCCn1cc[n+](C)c1.[Cl-],ok
1-methyl-3-octylimidazolium chloride,334.4,20000.0,0.176,0.006,1-methyl-3-octylimidazolium chloride,1-methyl-3-octylimidazolium,chloride,CCCCCCCCn1cc[n+](C)c1,[Cl-],CCCCCCCCn1cc[n+](C)c1.[Cl-],ok
1-hexyl-3-methylimidazolium chloride,294.2,100.0,0.18,0.006,1-hexyl-3-methylimidazolium chloride,1-hexyl-3-methylimidazolium,chloride,CCCCCC[n+]1ccn(C)c1,[Cl-],CCCCCC[n+]1ccn(C)c1.[Cl-],ok
1-hexyl-3-methylimidazolium chloride,294.2,10000.0,0.181,0.006,1-hexyl-3-methylimidazolium chloride,1-hexyl-3-methylimidazolium,chloride,CCCCCC[n+]1ccn(C)c1,[Cl-],CCCCCC[n+]1ccn(C)c1.[Cl-],ok
1-hexyl-3-methylimidazolium chloride,294.2,20000.0,0.182,0.006,1-hexyl-3-methylimidazolium chloride,1-hexyl-3-methylimidazolium,chloride,CCCCCC[n+]1ccn(C)c1,[Cl-],CCCCCC[n+]1ccn(C)c1.[Cl-],ok
1-hexyl-3-methylimidazolium chloride,314.3,100.0,0.178,0.006,1-hexyl-3-methylimidazolium chloride,1-hexyl-3-methylimidazolium,chloride,CCCCCC[n+]1ccn(C)c1,[Cl-],CCCCCC[n+]1ccn(C)c1.[Cl-],ok
1-hexyl-3-methylimidazolium chloride,314.3,10000.0,0.18,0.006,1-hexyl-3-methylimidazolium chloride,1-hexyl-3-methylimidazolium,chloride,CCCCCC[n+]1ccn(C)c1,[Cl-],CCCCCC[n+]1ccn(C)c1.[Cl-],ok
1-hexyl-3-methylimidazolium chloride,314.3,20000.0,0.182,0.006,1-hexyl-3-methylimidazolium chloride,1-hexyl-3-methylimidazolium,chloride,CCCCCC[n+]1ccn(C)c1,[Cl-],CCCCCC[n+]1ccn(C)c1.[Cl-],ok
1-hexyl-3-methylimidazolium chloride,334.3,100.0,0.177,0.006,1-hexyl-3-methylimidazolium chloride,1-hexyl-3-methylimidazolium,chloride,CCCCCC[n+]1ccn(C)c1,[Cl-],CCCCCC[n+]1ccn(C)c1.[Cl-],ok
1-hexyl-3-methylimidazolium chloride,334.3,10000.0,0.179,0.006,1-hexyl-3-methylimidazolium chloride,1-hexyl-3-methylimidazolium,chloride,CCCCCC[n+]1ccn(C)c1,[Cl-],CCCCCC[n+]1ccn(C)c1.[Cl-],ok
1-hexyl-3-methylimidazolium chloride,334.3,20000.0,0.181,0.006,1-hexyl-3-methylimidazolium chloride,1-hexyl-3-methylimidazolium,chloride,CCCCCC[n+]1ccn(C)c1,[Cl-],CCCCCC[n+]1ccn(C)c1.[Cl-],ok
1-ethyl-3-methylimidazolium ethyl sulfate,283.11,101.325,0.185,0.007,1-ethyl-3-methylimidazolium ethyl sulfate,1-ethyl-3-methylimidazolium,ethyl sulfate,CC[n+]1ccn(C)c1,,,parsed;cation=cache:cactus;anion=unresolved
1-ethyl-3-methylimidazolium ethyl sulfate,293.16,101.325,0.186,0.008,1-ethyl-3-methylimidazolium ethyl sulfate,1-ethyl-3-methylimidazolium,ethyl sulfate,CC[n+]1ccn(C)c1,,,parsed;cation=cache:cactus;anion=unresolved
1-ethyl-3-methylimidazolium ethyl sulfate,303.16,101.325,0.185,0.007,1-ethyl-3-methylimidazolium ethyl sulfate,1-ethyl-3-methylimidazolium,ethyl sulfate,CC[n+]1ccn(C)c1,,,parsed;cation=cache:cactus;anion=unresolved
1-ethyl-3-methylimidazolium ethyl sulfate,313.04,101.325,0.185,0.007,1-ethyl-3-methylimidazolium ethyl sulfate,1-ethyl-3-methylimidazolium,ethyl sulfate,CC[n+]1ccn(C)c1,,,parsed;cation=cache:cactus;anion=unresolved
1-ethyl-3-methylimidazolium ethyl sulfate,323.02,101.325,0.184,0.007,1-ethyl-3-methylimidazolium ethyl sulfate,1-ethyl-3-methylimidazolium,ethyl sulfate,CC[n+]1ccn(C)c1,,,parsed;cation=cache:cactus;anion=unresolved
1-ethyl-3-methylimidazolium ethyl sulfate,332.91,101.325,0.184,0.007,1-ethyl-3-methylimidazolium ethyl sulfate,1-ethyl-3-methylimidazolium,ethyl sulfate,CC[n+]1ccn(C)c1,,,parsed;cation=cache:cactus;anion=unresolved
1-ethyl-3-methylimidazolium ethyl sulfate,342.89,101.325,0.184,0.007,1-ethyl-3-methylimidazolium ethyl sulfate,1-ethyl-3-methylimidazolium,ethyl sulfate,CC[n+]1ccn(C)c1,,,parsed;cation=cache:cactus;anion=unresolved
1-ethyl-3-methylimidazolium ethyl sulfate,352.82,101.325,0.183,0.007,1-ethyl-3-methylimidazolium ethyl sulfate,1-ethyl-3-methylimidazolium,ethyl sulfate,CC[n+]1ccn(C)c1,,,parsed;cation=cache:cactus;anion=unresolved
1-butyl-3-methylimidazolium tricyanomethane,283.15,101.325,0.1772,0.006,1-butyl-3-methylimidazolium tricyanomethane,1-butyl-3-methylimidazolium,tricyanomethane,CCCC[n+]1ccn(C)c1,,,parsed;cation=cache:cactus;anion=unresolved
1-butyl-3-methylimidazolium tricyanomethane,293.15,101.325,0.1773,0.006,1-butyl-3-methylimidazolium tricyanomethane,1-butyl-3-methylimidazolium,tricyanomethane,CCCC[n+]1ccn(C)c1,,,parsed;cation=cache:cactus;anion=unresolved
1-butyl-3-methylimidazolium tricyanomethane,303.15,101.325,0.1806,0.0061,1-butyl-3-methylimidazolium tricyanomethane,1-butyl-3-methylimidazolium,tricyanomethane,CCCC[n+]1ccn(C)c1,,,parsed;cation=cache:cactus;anion=unresolved
1-butyl-3-methylimidazolium tricyanomethane,313.15,101.325,0.1798,0.0061,1-butyl-3-methylimidazolium tricyanomethane,1-butyl-3-methylimidazolium,tricyanomethane,CCCC[n+]1ccn(C)c1,,,parsed;cation=cache:cactus;anion=unresolved
1-butyl-3-methylimidazolium tricyanomethane,323.15,101.325,0.1796,0.0061,1-butyl-3-methylimidazolium tricyanomethane,1-butyl-3-methylimidazolium,tricyanomethane,CCCC[n+]1ccn(C)c1,,,parsed;cation=cache:cactus;anion=unresolved
1-butyl-3-methylimidazolium tricyanomethane,333.15,101.325,0.1777,0.006,1-butyl-3-methylimidazolium tricyanomethane,1-butyl-3-methylimidazolium,tricyanomethane,CCCC[n+]1ccn(C)c1,,,parsed;cation=cache:cactus;anion=unresolved
1-butyl-3-methylimidazolium tricyanomethane,343.15,101.325,0.1765,0.006,1-butyl-3-methylimidazolium tricyanomethane,1-butyl-3-methylimidazolium,tricyanomethane,CCCC[n+]1ccn(C)c1,,,parsed;cation=cache:cactus;anion=unresolved
1-butyl-3-methylimidazolium tricyanomethane,353.15,101.325,0.1743,0.0059,1-butyl-3-methylimidazolium tricyanomethane,1-butyl-3-methylimidazolium,tricyanomethane,CCCC[n+]1ccn(C)c1,,,parsed;cation=cache:cactus;anion=unresolved
1-ethyl-3-methyl-1H-imidazolium tricyanomethanide,283.15,101.325,0.1966,0.0066,1-ethyl-3-methyl-1H-imidazolium tricyanomethanide,1-ethyl-3-methyl-1H-imidazolium,tricyanomethanide,CC[NH+]1CN(C)C=C1,,,parsed;cation=cache:cactus;anion=unresolved
1-ethyl-3-methyl-1H-imidazolium tricyanomethanide,293.15,101.325,0.1958,0.0066,1-ethyl-3-methyl-1H-imidazolium tricyanomethanide,1-ethyl-3-methyl-1H-imidazolium,tricyanomethanide,CC[NH+]1CN(C)C=C1,,,parsed;cation=cache:cactus;anion=unresolved
1-ethyl-3-methyl-1H-imidazolium tricyanomethanide,303.15,101.325,0.1955,0.0066,1-ethyl-3-methyl-1H-imidazolium tricyanomethanide,1-ethyl-3-methyl-1H-imidazolium,tricyanomethanide,CC[NH+]1CN(C)C=C1,,,parsed;cation=cache:cactus;anion=unresolved
1-ethyl-3-methyl-1H-imidazolium tricyanomethanide,313.15,101.325,0.1928,0.0065,1-ethyl-3-methyl-1H-imidazolium tricyanomethanide,1-ethyl-3-methyl-1H-imidazolium,tricyanomethanide,CC[NH+]1CN(C)C=C1,,,parsed;cation=cache:cactus;anion=unresolved
1-ethyl-3-methyl-1H-imidazolium tricyanomethanide,323.15,101.325,0.1917,0.0064,1-ethyl-3-methyl-1H-imidazolium tricyanomethanide,1-ethyl-3-methyl-1H-imidazolium,tricyanomethanide,CC[NH+]1CN(C)C=C1,,,parsed;cation=cache:cactus;anion=unresolved
1-ethyl-3-methyl-1H-imidazolium tricyanomethanide,333.15,101.325,0.1896,0.0064,1-ethyl-3-methyl-1H-imidazolium tricyanomethanide,1-ethyl-3-methyl-1H-imidazolium,tricyanomethanide,CC[NH+]1CN(C)C=C1,,,parsed;cation=cache:cactus;anion=unresolved
1-ethyl-3-methyl-1H-imidazolium tricyanomethanide,343.15,101.325,0.1883,0.0063,1-ethyl-3-methyl-1H-imidazolium tricyanomethanide,1-ethyl-3-methyl-1H-imidazolium,tricyanomethanide,CC[NH+]1CN(C)C=C1,,,parsed;cation=cache:cactus;anion=unresolved
1-ethyl-3-methyl-1H-imidazolium tricyanomethanide,353.15,101.325,0.1874,0.0063,1-ethyl-3-methyl-1H-imidazolium tricyanomethanide,1-ethyl-3-methyl-1H-imidazolium,tricyanomethanide,CC[NH+]1CN(C)C=C1,,,parsed;cation=cache:cactus;anion=unresolved
1-butyl-3-methyl-1H-imidazolium tetracyanoborate,283.15,101.325,0.178,0.006,1-butyl-3-methyl-1H-imidazolium tetracyanoborate,1-butyl-3-methyl-1H-imidazolium,tetracyanoborate,CCCC[NH+]1CN(C)C=C1,,,parsed;cation=cache:cactus;anion=unresolved
1-butyl-3-methyl-1H-imidazolium tetracyanoborate,293.15,101.325,0.1791,0.006,1-butyl-3-methyl-1H-imidazolium tetracyanoborate,1-butyl-3-methyl-1H-imidazolium,tetracyanoborate,CCCC[NH+]1CN(C)C=C1,,,parsed;cation=cache:cactus;anion=unresolved
1-butyl-3-methyl-1H-imidazolium tetracyanoborate,303.15,101.325,0.1756,0.0059,1-butyl-3-methyl-1H-imidazolium tetracyanoborate,1-butyl-3-methyl-1H-imidazolium,tetracyanoborate,CCCC[NH+]1CN(C)C=C1,,,parsed;cation=cache:cactus;anion=unresolved
1-butyl-3-methyl-1H-imidazolium tetracyanoborate,313.15,101.325,0.1737,0.0058,1-butyl-3-methyl-1H-imidazolium tetracyanoborate,1-butyl-3-methyl-1H-imidazolium,tetracyanoborate,CCCC[NH+]1CN(C)C=C1,,,parsed;cation=cache:cactus;anion=unresolved
1-butyl-3-methyl-1H-imidazolium tetracyanoborate,323.15,101.325,0.1732,0.0058,1-butyl-3-methyl-1H-imidazolium tetracyanoborate,1-butyl-3-methyl-1H-imidazolium,tetracyanoborate,CCCC[NH+]1CN(C)C=C1,,,parsed;cation=cache:cactus;anion=unresolved
1-butyl-3-methyl-1H-imidazolium tetracyanoborate,333.15,101.325,0.1693,0.0057,1-butyl-3-methyl-1H-imidazolium tetracyanoborate,1-butyl-3-methyl-1H-imidazolium,tetracyanoborate,CCCC[NH+]1CN(C)C=C1,,,parsed;cation=cache:cactus;anion=unresolved
1-butyl-3-methyl-1H-imidazolium tetracyanoborate,343.15,101.325,0.1664,0.0056,1-butyl-3-methyl-1H-imidazolium tetracyanoborate,1-butyl-3-methyl-1H-imidazolium,tetracyanoborate,CCCC[NH+]1CN(C)C=C1,,,parsed;cation=cache:cactus;anion=unresolved
1-butyl-3-methyl-1H-imidazolium tetracyanoborate,353.15,101.325,0.1632,0.0055,1-butyl-3-methyl-1H-imidazolium tetracyanoborate,1-butyl-3-methyl-1H-imidazolium,tetracyanoborate,CCCC[NH+]1CN(C)C=C1,,,parsed;cation=cache:cactus;anion=unresolved
3-hexyl-1-methylimidazolium tricyanomethanide,283.15,101.325,0.1817,0.0061,3-hexyl-1-methylimidazolium tricyanomethanide,3-hexyl-1-methylimidazolium,tricyanomethanide,CCCCCCn1cc[n+](C)c1,,,parsed;cation=cache:cactus;anion=unresolved
3-hexyl-1-methylimidazolium tricyanomethanide,293.15,101.325,0.1815,0.0061,3-hexyl-1-methylimidazolium tricyanomethanide,3-hexyl-1-methylimidazolium,tricyanomethanide,CCCCCCn1cc[n+](C)c1,,,parsed;cation=cache:cactus;anion=unresolved
3-hexyl-1-methylimidazolium tricyanomethanide,303.15,101.325,0.1831,0.0062,3-hexyl-1-methylimidazolium tricyanomethanide,3-hexyl-1-methylimidazolium,tricyanomethanide,CCCCCCn1cc[n+](C)c1,,,parsed;cation=cache:cactus;anion=unresolved
3-hexyl-1-methylimidazolium tricyanomethanide,313.15,101.325,0.1817,0.0061,3-hexyl-1-methylimidazolium tricyanomethanide,3-hexyl-1-methylimidazolium,tricyanomethanide,CCCCCCn1cc[n+](C)c1,,,parsed;cation=cache:cactus;anion=unresolved
3-hexyl-1-methylimidazolium tricyanomethanide,323.15,101.325,0.181,0.0061,3-hexyl-1-methylimidazolium tricyanomethanide,3-hexyl-1-methylimidazolium,tricyanomethanide,CCCCCCn1cc[n+](C)c1,,,parsed;cation=cache:cactus;anion=unresolved
3-hexyl-1-methylimidazolium tricyanomethanide,333.15,101.325,0.1792,0.006,3-hexyl-1-methylimidazolium tricyanomethanide,3-hexyl-1-methylimidazolium,tricyanomethanide,CCCCCCn1cc[n+](C)c1,,,parsed;cation=cache:cactus;anion=unresolved
3-hexyl-1-methylimidazolium tricyanomethanide,343.15,101.325,0.1774,0.006,3-hexyl-1-methylimidazolium tricyanomethanide,3-hexyl-1-methylimidazolium,tricyanomethanide,CCCCCCn1cc[n+](C)c1,,,parsed;cation=cache:cactus;anion=unresolved
3-hexyl-1-methylimidazolium tricyanomethanide,353.15,101.325,0.1762,0.0059,3-hexyl-1-methylimidazolium tricyanomethanide,3-hexyl-1-methylimidazolium,tricyanomethanide,CCCCCCn1cc[n+](C)c1,,,parsed;cation=cache:cactus;anion=unresolved
1-methyl-3-octylimidazolium tricyanomethanide,283.15,101.325,0.1717,0.0058,1-methyl-3-octylimidazolium tricyanomethanide,1-methyl-3-octylimidazolium,tricyanomethanide,CCCCCCCCn1cc[n+](C)c1,,,parsed;cation=cache:cactus;anion=unresolved
1-methyl-3-octylimidazolium tricyanomethanide,293.15,101.325,0.1689,0.0057,1-methyl-3-octylimidazolium tricyanomethanide,1-methyl-3-octylimidazolium,tricyanomethanide,CCCCCCCCn1cc[n+](C)c1,,,parsed;cation=cache:cactus;anion=unresolved
1-methyl-3-octylimidazolium tricyanomethanide,303.15,101.325,0.1675,0.0057,1-methyl-3-octylimidazolium tricyanomethanide,1-methyl-3-octylimidazolium,tricyanomethanide,CCCCCCCCn1cc[n+](C)c1,,,parsed;cation=cache:cactus;anion=unresolved
1-methyl-3-octylimidazolium tricyanomethanide,313.15,101.325,0.1685,0.0057,1-methyl-3-octylimidazolium tricyanomethanide,1-methyl-3-octylimidazolium,tricyanomethanide,CCCCCCCCn1cc[n+](C)c1,,,parsed;cation=cache:cactus;anion=unresolved
1-methyl-3-octylimidazolium tricyanomethanide,323.15,101.325,0.1678,0.0057,1-methyl-3-octylimidazolium tricyanomethanide,1-methyl-3-octylimidazolium,tricyanomethanide,CCCCCCCCn1cc[n+](C)c1,,,parsed;cation=cache:cactus;anion=unresolved
1-methyl-3-octylimidazolium tricyanomethanide,333.15,101.325,0.1655,0.0056,1-methyl-3-octylimidazolium tricyanomethanide,1-methyl-3-octylimidazolium,tricyanomethanide,CCCCCCCCn1cc[n+](C)c1,,,parsed;cation=cache:cactus;anion=unresolved
1-methyl-3-octylimidazolium tricyanomethanide,343.15,101.325,0.1642,0.0056,1-methyl-3-octylimidazolium tricyanomethanide,1-methyl-3-octylimidazolium,tricyanomethanide,CCCCCCCCn1cc[n+](C)c1,,,parsed;cation=cache:cactus;anion=unresolved
1-methyl-3-octylimidazolium tricyanomethanide,353.15,101.325,0.1639,0.0056,1-methyl-3-octylimidazolium tricyanomethanide,1-methyl-3-octylimidazolium,tricyanomethanide,CCCCCCCCn1cc[n+](C)c1,,,parsed;cation=cache:cactus;anion=unresolved
1-methyl-3-octylimidazolium tetracyanoborate,283.15,101.325,0.1703,0.0057,1-methyl-3-octylimidazolium tetracyanoborate,1-methyl-3-octylimidazolium,tetracyanoborate,CCCCCCCCn1cc[n+](C)c1,,,parsed;cation=cache:cactus;anion=unresolved
1-methyl-3-octylimidazolium tetracyanoborate,293.15,101.325,0.1694,0.0057,1-methyl-3-octylimidazolium tetracyanoborate,1-methyl-3-octylimidazolium,tetracyanoborate,CCCCCCCCn1cc[n+](C)c1,,,parsed;cation=cache:cactus;anion=unresolved
1-methyl-3-octylimidazolium tetracyanoborate,303.15,101.325,0.1682,0.0056,1-methyl-3-octylimidazolium tetracyanoborate,1-methyl-3-octylimidazolium,tetracyanoborate,CCCCCCCCn1cc[n+](C)c1,,,parsed;cation=cache:cactus;anion=unresolved
1-methyl-3-octylimidazolium tetracyanoborate,313.15,101.325,0.1644,0.0055,1-methyl-3-octylimidazolium tetracyanoborate,1-methyl-3-octylimidazolium,tetracyanoborate,CCCCCCCCn1cc[n+](C)c1,,,parsed;cation=cache:cactus;anion=unresolved
1-methyl-3-octylimidazolium tetracyanoborate,323.15,101.325,0.1586,0.0053,1-methyl-3-octylimidazolium tetracyanoborate,1-methyl-3-octylimidazolium,tetracyanoborate,CCCCCCCCn1cc[n+](C)c1,,,parsed;cation=cache:cactus;anion=unresolved
1-methyl-3-octylimidazolium tetracyanoborate,333.15,101.325,0.1573,0.0053,1-methyl-3-octylimidazolium tetracyanoborate,1-methyl-3-octylimidazolium,tetracyanoborate,CCCCCCCCn1cc[n+](C)c1,,,parsed;cation=cache:cactus;anion=unresolved
1-methyl-3-octylimidazolium tetracyanoborate,343.15,101.325,0.1543,0.0052,1-methyl-3-octylimidazolium tetracyanoborate,1-methyl-3-octylimidazolium,tetracyanoborate,CCCCCCCCn1cc[n+](C)c1,,,parsed;cation=cache:cactus;anion=unresolved
1-methyl-3-octylimidazolium tetracyanoborate,353.15,101.325,0.1513,0.0051,1-methyl-3-octylimidazolium tetracyanoborate,1-methyl-3-octylimidazolium,tetracyanoborate,CCCCCCCCn1cc[n+](C)c1,,,parsed;cation=cache:cactus;anion=unresolved
1-hexyl-3-methylimidazolium tetracyanoborate,283.15,101.325,0.1762,0.0059,1-hexyl-3-methylimidazolium tetracyanoborate,1-hexyl-3-methylimidazolium,tetracyanoborate,CCCCCC[n+]1ccn(C)c1,,,parsed;cation=cache:cactus;anion=unresolved
1-hexyl-3-methylimidazolium tetracyanoborate,293.15,101.325,0.1752,0.0059,1-hexyl-3-methylimidazolium tetracyanoborate,1-hexyl-3-methylimidazolium,tetracyanoborate,CCCCCC[n+]1ccn(C)c1,,,parsed;cation=cache:cactus;anion=unresolved
1-hexyl-3-methylimidazolium tetracyanoborate,303.15,101.325,0.1741,0.0058,1-hexyl-3-methylimidazolium tetracyanoborate,1-hexyl-3-methylimidazolium,tetracyanoborate,CCCCCC[n+]1ccn(C)c1,,,parsed;cation=cache:cactus;anion=unresolved
1-hexyl-3-methylimidazolium tetracyanoborate,313.15,101.325,0.1714,0.0057,1-hexyl-3-methylimidazolium tetracyanoborate,1-hexyl-3-methylimidazolium,tetracyanoborate,CCCCCC[n+]1ccn(C)c1,,,parsed;cation=cache:cactus;anion=unresolved
1-hexyl-3-methylimidazolium tetracyanoborate,323.15,101.325,0.1722,0.0058,1-hexyl-3-methylimidazolium tetracyanoborate,1-hexyl-3-methylimidazolium,tetracyanoborate,CCCCCC[n+]1ccn(C)c1,,,parsed;cation=cache:cactus;anion=unresolved
1-hexyl-3-methylimidazolium tetracyanoborate,333.15,101.325,0.1697,0.0057,1-hexyl-3-methylimidazolium tetracyanoborate,1-hexyl-3-methylimidazolium,tetracyanoborate,CCCCCC[n+]1ccn(C)c1,,,parsed;cation=cache:cactus;anion=unresolved
1-hexyl-3-methylimidazolium tetracyanoborate,343.15,101.325,0.1677,0.0056,1-hexyl-3-methylimidazolium tetracyanoborate,1-hexyl-3-methylimidazolium,tetracyanoborate,CCCCCC[n+]1ccn(C)c1,,,parsed;cation=cache:cactus;anion=unresolved
1-hexyl-3-methylimidazolium tetracyanoborate,353.15,101.325,0.1656,0.0056,1-hexyl-3-methylimidazolium tetracyanoborate,1-hexyl-3-methylimidazolium,tetracyanoborate,CCCCCC[n+]1ccn(C)c1,,,parsed;cation=cache:cactus;anion=unresolved
1-decyl-3-methyl-1H-imidazolium tetracyanoborate,283.15,101.325,0.1665,0.0056,1-decyl-3-methyl-1H-imidazolium tetracyanoborate,1-decyl-3-methyl-1H-imidazolium,tetracyanoborate,CCCCCCCCCC[NH+]1CN(C)C=C1,,,parsed;cation=cache:cactus;anion=unresolved
1-decyl-3-methyl-1H-imidazolium tetracyanoborate,293.15,101.325,0.1673,0.0056,1-decyl-3-methyl-1H-imidazolium tetracyanoborate,1-decyl-3-methyl-1H-imidazolium,tetracyanoborate,CCCCCCCCCC[NH+]1CN(C)C=C1,,,parsed;cation=cache:cactus;anion=unresolved
1-decyl-3-methyl-1H-imidazolium tetracyanoborate,303.15,101.325,0.1667,0.0056,1-decyl-3-methyl-1H-imidazolium tetracyanoborate,1-decyl-3-methyl-1H-imidazolium,tetracyanoborate,CCCCCCCCCC[NH+]1CN(C)C=C1,,,parsed;cation=cache:cactus;anion=unresolved
1-decyl-3-methyl-1H-imidazolium tetracyanoborate,313.15,101.325,0.1646,0.0055,1-decyl-3-methyl-1H-imidazolium tetracyanoborate,1-decyl-3-methyl-1H-imidazolium,tetracyanoborate,CCCCCCCCCC[NH+]1CN(C)C=C1,,,parsed;cation=cache:cactus;anion=unresolved
1-decyl-3-methyl-1H-imidazolium tetracyanoborate,323.15,101.325,0.164,0.0055,1-decyl-3-methyl-1H-imidazolium tetracyanoborate,1-decyl-3-methyl-1H-imidazolium,tetracyanoborate,CCCCCCCCCC[NH+]1CN(C)C=C1,,,parsed;cation=cache:cactus;anion=unresolved
1-decyl-3-methyl-1H-imidazolium tetracyanoborate,333.15,101.325,0.1613,0.0054,1-decyl-3-methyl-1H-imidazolium tetracyanoborate,1-decyl-3-methyl-1H-imidazolium,tetracyanoborate,CCCCCCCCCC[NH+]1CN(C)C=C1,,,parsed;cation=cache:cactus;anion=unresolved
1-decyl-3-methyl-1H-imidazolium tetracyanoborate,343.15,101.325,0.16,0.0054,1-decyl-3-methyl-1H-imidazolium tetracyanoborate,1-decyl-3-methyl-1H-imidazolium,tetracyanoborate,CCCCCCCCCC[NH+]1CN(C)C=C1,,,parsed;cation=cache:cactus;anion=unresolved
1-decyl-3-methyl-1H-imidazolium tetracyanoborate,353.15,101.325,0.1586,0.0053,1-decyl-3-methyl-1H-imidazolium tetracyanoborate,1-decyl-3-methyl-1H-imidazolium,tetracyanoborate,CCCCCCCCCC[NH+]1CN(C)C=C1,,,parsed;cation=cache:cactus;anion=unresolved
3-decyl-1-methylimidazolium tricyanomethanide,283.15,101.325,0.168,0.0057,3-decyl-1-methylimidazolium tricyanomethanide,3-decyl-1-methylimidazolium,tricyanomethanide,,,,parsed;cation=unresolved;anion=unresolved
3-decyl-1-methylimidazolium tricyanomethanide,293.15,101.325,0.1694,0.0057,3-decyl-1-methylimidazolium tricyanomethanide,3-decyl-1-methylimidazolium,tricyanomethanide,,,,parsed;cation=unresolved;anion=unresolved
3-decyl-1-methylimidazolium tricyanomethanide,303.15,101.325,0.1674,0.0057,3-decyl-1-methylimidazolium tricyanomethanide,3-decyl-1-methylimidazolium,tricyanomethanide,,,,parsed;cation=unresolved;anion=unresolved
3-decyl-1-methylimidazolium tricyanomethanide,313.15,101.325,0.1676,0.0057,3-decyl-1-methylimidazolium tricyanomethanide,3-decyl-1-methylimidazolium,tricyanomethanide,,,,parsed;cation=unresolved;anion=unresolved
3-decyl-1-methylimidazolium tricyanomethanide,323.15,101.325,0.1673,0.0057,3-decyl-1-methylimidazolium tricyanomethanide,3-decyl-1-methylimidazolium,tricyanomethanide,,,,parsed;cation=unresolved;anion=unresolved
3-decyl-1-methylimidazolium tricyanomethanide,333.15,101.325,0.1646,0.0056,3-decyl-1-methylimidazolium tricyanomethanide,3-decyl-1-methylimidazolium,tricyanomethanide,,,,parsed;cation=unresolved;anion=unresolved
3-decyl-1-methylimidazolium tricyanomethanide,343.15,101.325,0.162,0.0055,3-decyl-1-methylimidazolium tricyanomethanide,3-decyl-1-methylimidazolium,tricyanomethanide,,,,parsed;cation=unresolved;anion=unresolved
3-decyl-1-methylimidazolium tricyanomethanide,353.15,101.325,0.1593,0.0054,3-decyl-1-methylimidazolium tricyanomethanide,3-decyl-1-methylimidazolium,tricyanomethanide,,,,parsed;cation=unresolved;anion=unresolved
1-ethyl-3-methylimidazolium methanesulfonate,293.15,100.0,0.1936,0.0042,1-ethyl-3-methylimidazolium methanesulfonate,1-ethyl-3-methylimidazolium,methanesulfonate,CC[n+]1ccn(C)c1,,,parsed;cation=cache:cactus;anion=unresolved
1-ethyl-3-methylimidazolium methanesulfonate,303.15,100.0,0.1942,0.0042,1-ethyl-3-methylimidazolium methanesulfonate,1-ethyl-3-methylimidazolium,methanesulfonate,CC[n+]1ccn(C)c1,,,parsed;cation=cache:cactus;anion=unresolved
1-ethyl-3-methylimidazolium methanesulfonate,313.15,100.0,0.1948,0.0042,1-ethyl-3-methylimidazolium methanesulfonate,1-ethyl-3-methylimidazolium,methanesulfonate,CC[n+]1ccn(C)c1,,,parsed;cation=cache:cactus;anion=unresolved
1-ethyl-3-methylimidazolium methanesulfonate,323.15,100.0,0.1955,0.0042,1-ethyl-3-methylimidazolium methanesulfonate,1-ethyl-3-methylimidazolium,methanesulfonate,CC[n+]1ccn(C)c1,,,parsed;cation=cache:cactus;anion=unresolved
1-ethyl-3-methylimidazolium methanesulfonate,333.15,100.0,0.1961,0.0042,1-ethyl-3-methylimidazolium methanesulfonate,1-ethyl-3-methylimidazolium,methanesulfonate,CC[n+]1ccn(C)c1,,,parsed;cation=cache:cactus;anion=unresolved
1-ethyl-3-methylimidazolium methanesulfonate,343.15,100.0,0.1967,0.0043,1-ethyl-3-methylimidazolium methanesulfonate,1-ethyl-3-methylimidazolium,methanesulfonate,CC[n+]1ccn(C)c1,,,parsed;cation=cache:cactus;anion=unresolved
1-ethyl-3-methylimidazolium methanesulfonate,353.15,100.0,0.1973,0.0043,1-ethyl-3-methylimidazolium methanesulfonate,1-ethyl-3-methylimidazolium,methanesulfonate,CC[n+]1ccn(C)c1,,,parsed;cation=cache:cactus;anion=unresolved
1-ethyl-3-methylimidazolium bis((trifluoromethyl)sulfonyl)imide,293.0,101.325,0.13,0.01,1-ethyl-3-methylimidazolium bis((trifluoromethyl)sulfonyl)imide,1-ethyl-3-methylimidazolium,bis((trifluoromethyl)sulfonyl)imide,CC[n+]1ccn(C)c1,,,parsed;cation=cache:cactus;anion=unresolved
1-ethyl-3-methylimidazolium bis((trifluoromethyl)sulfonyl)imide,303.0,101.325,0.13,0.01,1-ethyl-3-methylimidazolium bis((trifluoromethyl)sulfonyl)imide,1-ethyl-3-methylimidazolium,bis((trifluoromethyl)sulfonyl)imide,CC[n+]1ccn(C)c1,,,parsed;cation=cache:cactus;anion=unresolved
1-ethyl-3-methylimidazolium bis((trifluoromethyl)sulfonyl)imide,313.0,101.325,0.129,0.01,1-ethyl-3-methylimidazolium bis((trifluoromethyl)sulfonyl)imide,1-ethyl-3-methylimidazolium,bis((trifluoromethyl)sulfonyl)imide,CC[n+]1ccn(C)c1,,,parsed;cation=cache:cactus;anion=unresolved
1-ethyl-3-methylimidazolium bis((trifluoromethyl)sulfonyl)imide,323.0,101.325,0.129,0.01,1-ethyl-3-methylimidazolium bis((trifluoromethyl)sulfonyl)imide,1-ethyl-3-methylimidazolium,bis((trifluoromethyl)sulfonyl)imide,CC[n+]1ccn(C)c1,,,parsed;cation=cache:cactus;anion=unresolved
1-ethyl-3-methylimidazolium bis((trifluoromethyl)sulfonyl)imide,333.0,101.325,0.129,0.01,1-ethyl-3-methylimidazolium bis((trifluoromethyl)sulfonyl)imide,1-ethyl-3-methylimidazolium,bis((trifluoromethyl)sulfonyl)imide,CC[n+]1ccn(C)c1,,,parsed;cation=cache:cactus;anion=unresolved
1-ethyl-3-methylimidazolium bis((trifluoromethyl)sulfonyl)imide,343.0,101.325,0.129,0.01,1-ethyl-3-methylimidazolium bis((trifluoromethyl)sulfonyl)imide,1-ethyl-3-methylimidazolium,bis((trifluoromethyl)sulfonyl)imide,CC[n+]1ccn(C)c1,,,parsed;cation=cache:cactus;anion=unresolved
1-ethyl-3-methylimidazolium bis((trifluoromethyl)sulfonyl)imide,353.0,101.325,0.128,0.01,1-ethyl-3-methylimidazolium bis((trifluoromethyl)sulfonyl)imide,1-ethyl-3-methylimidazolium,bis((trifluoromethyl)sulfonyl)imide,CC[n+]1ccn(C)c1,,,parsed;cation=cache:cactus;anion=unresolved
1-butyl-3-methylimidazolium bis(trifluoromethylsulfonyl)imide,293.0,101.325,0.128,0.01,1-butyl-3-methylimidazolium bis(trifluoromethylsulfonyl)imide,1-butyl-3-methylimidazolium,bis(trifluoromethylsulfonyl)imide,CCCC[n+]1ccn(C)c1,,,parsed;cation=cache:cactus;anion=unresolved
1-butyl-3-methylimidazolium bis(trifluoromethylsulfonyl)imide,303.0,101.325,0.127,0.01,1-butyl-3-methylimidazolium bis(trifluoromethylsulfonyl)imide,1-butyl-3-methylimidazolium,bis(trifluoromethylsulfonyl)imide,CCCC[n+]1ccn(C)c1,,,parsed;cation=cache:cactus;anion=unresolved
1-butyl-3-methylimidazolium bis(trifluoromethylsulfonyl)imide,313.0,101.325,0.127,0.01,1-butyl-3-methylimidazolium bis(trifluoromethylsulfonyl)imide,1-butyl-3-methylimidazolium,bis(trifluoromethylsulfonyl)imide,CCCC[n+]1ccn(C)c1,,,parsed;cation=cache:cactus;anion=unresolved
1-butyl-3-methylimidazolium bis(trifluoromethylsulfonyl)imide,323.0,101.325,0.126,0.01,1-butyl-3-methylimidazolium bis(trifluoromethylsulfonyl)imide,1-butyl-3-methylimidazolium,bis(trifluoromethylsulfonyl)imide,CCCC[n+]1ccn(C)c1,,,parsed;cation=cache:cactus;anion=unresolved
1-butyl-3-methylimidazolium bis(trifluoromethylsulfonyl)imide,333.0,101.325,0.125,0.01,1-butyl-3-methylimidazolium bis(trifluoromethylsulfonyl)imide,1-butyl-3-methylimidazolium,bis(trifluoromethylsulfonyl)imide,CCCC[n+]1ccn(C)c1,,,parsed;cation=cache:cactus;anion=unresolved
1-butyl-3-methylimidazolium bis(trifluoromethylsulfonyl)imide,343.0,101.325,0.124,0.01,1-butyl-3-methylimidazolium bis(trifluoromethylsulfonyl)imide,1-butyl-3-methylimidazolium,bis(trifluoromethylsulfonyl)imide,CCCC[n+]1ccn(C)c1,,,parsed;cation=cache:cactus;anion=unresolved
1-butyl-3-methylimidazolium bis(trifluoromethylsulfonyl)imide,353.0,101.325,0.124,0.01,1-butyl-3-methylimidazolium bis(trifluoromethylsulfonyl)imide,1-butyl-3-methylimidazolium,bis(trifluoromethylsulfonyl)imide,CCCC[n+]1ccn(C)c1,,,parsed;cation=cache:cactus;anion=unresolved
1-hexyl-3-methylimidazolium bis[(trifluoromethyl)sulfonyl]imide,293.0,101.325,0.127,0.01,1-hexyl-3-methylimidazolium bis[(trifluoromethyl)sulfonyl]imide,1-hexyl-3-methylimidazolium,bis[(trifluoromethyl)sulfonyl]imide,CCCCCC[n+]1ccn(C)c1,,,parsed;cation=cache:cactus;anion=unresolved
1-hexyl-3-methylimidazolium bis[(trifluoromethyl)sulfonyl]imide,303.0,101.325,0.127,0.01,1-hexyl-3-methylimidazolium bis[(trifluoromethyl)sulfonyl]imide,1-hexyl-3-methylimidazolium,bis[(trifluoromethyl)sulfonyl]imide,CCCCCC[n+]1ccn(C)c1,,,parsed;cation=cache:cactus;anion=unresolved
1-hexyl-3-methylimidazolium bis[(trifluoromethyl)sulfonyl]imide,313.0,101.325,0.127,0.01,1-hexyl-3-methylimidazolium bis[(trifluoromethyl)sulfonyl]imide,1-hexyl-3-methylimidazolium,bis[(trifluoromethyl)sulfonyl]imide,CCCCCC[n+]1ccn(C)c1,,,parsed;cation=cache:cactus;anion=unresolved
1-hexyl-3-methylimidazolium bis[(trifluoromethyl)sulfonyl]imide,323.0,101.325,0.126,0.01,1-hexyl-3-methylimidazolium bis[(trifluoromethyl)sulfonyl]imide,1-hexyl-3-methylimidazolium,bis[(trifluoromethyl)sulfonyl]imide,CCCCCC[n+]1ccn(C)c1,,,parsed;cation=cache:cactus;anion=unresolved
1-hexyl-3-methylimidazolium bis[(trifluoromethyl)sulfonyl]imide,333.0,101.325,0.125,0.01,1-hexyl-3-methylimidazolium bis[(trifluoromethyl)sulfonyl]imide,1-hexyl-3-methylimidazolium,bis[(trifluoromethyl)sulfonyl]imide,CCCCCC[n+]1ccn(C)c1,,,parsed;cation=cache:cactus;anion=unresolved
1-hexyl-3-methylimidazolium bis[(trifluoromethyl)sulfonyl]imide,343.0,101.325,0.125,0.01,1-hexyl-3-methylimidazolium bis[(trifluoromethyl)sulfonyl]imide,1-hexyl-3-methylimidazolium,bis[(trifluoromethyl)sulfonyl]imide,CCCCCC[n+]1ccn(C)c1,,,parsed;cation=cache:cactus;anion=unresolved
1-hexyl-3-methylimidazolium bis[(trifluoromethyl)sulfonyl]imide,353.0,101.325,0.125,0.01,1-hexyl-3-methylimidazolium bis[(trifluoromethyl)sulfonyl]imide,1-hexyl-3-methylimidazolium,bis[(trifluoromethyl)sulfonyl]imide,CCCCCC[n+]1ccn(C)c1,,,parsed;cation=cache:cactus;anion=unresolved
1-methyl-3-octylimidazolium bis(trifluoromethylsulfonyl)imide,293.0,101.325,0.128,0.01,1-methyl-3-octylimidazolium bis(trifluoromethylsulfonyl)imide,1-methyl-3-octylimidazolium,bis(trifluoromethylsulfonyl)imide,CCCCCCCCn1cc[n+](C)c1,,,parsed;cation=cache:cactus;anion=unresolved
1-methyl-3-octylimidazolium bis(trifluoromethylsulfonyl)imide,303.0,101.325,0.128,0.01,1-methyl-3-octylimidazolium bis(trifluoromethylsulfonyl)imide,1-methyl-3-octylimidazolium,bis(trifluoromethylsulfonyl)imide,CCCCCCCCn1cc[n+](C)c1,,,parsed;cation=cache:cactus;anion=unresolved
1-methyl-3-octylimidazolium bis(trifluoromethylsulfonyl)imide,313.0,101.325,0.128,0.01,1-methyl-3-octylimidazolium bis(trifluoromethylsulfonyl)imide,1-methyl-3-octylimidazolium,bis(trifluoromethylsulfonyl)imide,CCCCCCCCn1cc[n+](C)c1,,,parsed;cation=cache:cactus;anion=unresolved
1-methyl-3-octylimidazolium bis(trifluoromethylsulfonyl)imide,323.0,101.325,0.126,0.01,1-methyl-3-octylimidazolium bis(trifluoromethylsulfonyl)imide,1-methyl-3-octylimidazolium,bis(trifluoromethylsulfonyl)imide,CCCCCCCCn1cc[n+](C)c1,,,parsed;cation=cache:cactus;anion=unresolved
1-methyl-3-octylimidazolium bis(trifluoromethylsulfonyl)imide,333.0,101.325,0.126,0.01,1-methyl-3-octylimidazolium bis(trifluoromethylsulfonyl)imide,1-methyl-3-octylimidazolium,bis(trifluoromethylsulfonyl)imide,CCCCCCCCn1cc[n+](C)c1,,,parsed;cation=cache:cactus;anion=unresolved
1-methyl-3-octylimidazolium bis(trifluoromethylsulfonyl)imide,343.0,101.325,0.125,0.01,1-methyl-3-octylimidazolium bis(trifluoromethylsulfonyl)imide,1-methyl-3-octylimidazolium,bis(trifluoromethylsulfonyl)imide,CCCCCCCCn1cc[n+](C)c1,,,parsed;cation=cache:cactus;anion=unresolved
1-methyl-3-octylimidazolium bis(trifluoromethylsulfonyl)imide,353.0,101.325,0.126,0.01,1-methyl-3-octylimidazolium bis(trifluoromethylsulfonyl)imide,1-methyl-3-octylimidazolium,bis(trifluoromethylsulfonyl)imide,CCCCCCCCn1cc[n+](C)c1,,,parsed;cation=cache:cactus;anion=unresolved
1-decyl-3-methylimidazolium bis(trifluoromethylsulfonyl)amide,293.0,101.325,0.132,0.01,1-decyl-3-methylimidazolium bis(trifluoromethylsulfonyl)amide,1-decyl-3-methylimidazolium,bis(trifluoromethylsulfonyl)amide,CCCCCCCCCC[n+]1ccn(C)c1,,,parsed;cation=cache:cactus;anion=unresolved
1-decyl-3-methylimidazolium bis(trifluoromethylsulfonyl)amide,303.0,101.325,0.131,0.01,1-decyl-3-methylimidazolium bis(trifluoromethylsulfonyl)amide,1-decyl-3-methylimidazolium,bis(trifluoromethylsulfonyl)amide,CCCCCCCCCC[n+]1ccn(C)c1,,,parsed;cation=cache:cactus;anion=unresolved
1-decyl-3-methylimidazolium bis(trifluoromethylsulfonyl)amide,313.0,101.325,0.13,0.01,1-decyl-3-methylimidazolium bis(trifluoromethylsulfonyl)amide,1-decyl-3-methylimidazolium,bis(trifluoromethylsulfonyl)amide,CCCCCCCCCC[n+]1ccn(C)c1,,,parsed;cation=cache:cactus;anion=unresolved
1-decyl-3-methylimidazolium bis(trifluoromethylsulfonyl)amide,323.0,101.325,0.129,0.01,1-decyl-3-methylimidazolium bis(trifluoromethylsulfonyl)amide,1-decyl-3-methylimidazolium,bis(trifluoromethylsulfonyl)amide,CCCCCCCCCC[n+]1ccn(C)c1,,,parsed;cation=cache:cactus;anion=unresolved
1-decyl-3-methylimidazolium bis(trifluoromethylsulfonyl)amide,333.0,101.325,0.128,0.01,1-decyl-3-methylimidazolium bis(trifluoromethylsulfonyl)amide,1-decyl-3-methylimidazolium,bis(trifluoromethylsulfonyl)amide,CCCCCCCCCC[n+]1ccn(C)c1,,,parsed;cation=cache:cactus;anion=unresolved
1-decyl-3-methylimidazolium bis(trifluoromethylsulfonyl)amide,343.0,101.325,0.128,0.01,1-decyl-3-methylimidazolium bis(trifluoromethylsulfonyl)amide,1-decyl-3-methylimidazolium,bis(trifluoromethylsulfonyl)amide,CCCCCCCCCC[n+]1ccn(C)c1,,,parsed;cation=cache:cactus;anion=unresolved
1-decyl-3-methylimidazolium bis(trifluoromethylsulfonyl)amide,353.0,101.325,0.128,0.01,1-decyl-3-methylimidazolium bis(trifluoromethylsulfonyl)amide,1-decyl-3-methylimidazolium,bis(trifluoromethylsulfonyl)amide,CCCCCCCCCC[n+]1ccn(C)c1,,,parsed;cation=cache:cactus;anion=unresolved
1-butyl-3-methylimidazolium trifluoromethanesulfonate,293.0,101.325,0.147,0.01,1-butyl-3-methylimidazolium trifluoromethanesulfonate,1-butyl-3-methylimidazolium,trifluoromethanesulfonate,CCCC[n+]1ccn(C)c1,FC(F)(F)S(=O)(=O)[O-],CCCC[n+]1ccn(C)c1.FC(F)(F)S(=O)(=O)[O-],ok
1-butyl-3-methylimidazolium trifluoromethanesulfonate,303.0,101.325,0.146,0.01,1-butyl-3-methylimidazolium trifluoromethanesulfonate,1-butyl-3-methylimidazolium,trifluoromethanesulfonate,CCCC[n+]1ccn(C)c1,FC(F)(F)S(=O)(=O)[O-],CCCC[n+]1ccn(C)c1.FC(F)(F)S(=O)(=O)[O-],ok
1-butyl-3-methylimidazolium trifluoromethanesulfonate,313.0,101.325,0.145,0.01,1-butyl-3-methylimidazolium trifluoromethanesulfonate,1-butyl-3-methylimidazolium,trifluoromethanesulfonate,CCCC[n+]1ccn(C)c1,FC(F)(F)S(=O)(=O)[O-],CCCC[n+]1ccn(C)c1.FC(F)(F)S(=O)(=O)[O-],ok
1-butyl-3-methylimidazolium trifluoromethanesulfonate,323.0,101.325,0.144,0.01,1-butyl-3-methylimidazolium trifluoromethanesulfonate,1-butyl-3-methylimidazolium,trifluoromethanesulfonate,CCCC[n+]1ccn(C)c1,FC(F)(F)S(=O)(=O)[O-],CCCC[n+]1ccn(C)c1.FC(F)(F)S(=O)(=O)[O-],ok
1-butyl-3-methylimidazolium trifluoromethanesulfonate,333.0,101.325,0.144,0.01,1-butyl-3-methylimidazolium trifluoromethanesulfonate,1-butyl-3-methylimidazolium,trifluoromethanesulfonate,CCCC[n+]1ccn(C)c1,FC(F)(F)S(=O)(=O)[O-],CCCC[n+]1ccn(C)c1.FC(F)(F)S(=O)(=O)[O-],ok
1-butyl-3-methylimidazolium trifluoromethanesulfonate,343.0,101.325,0.143,0.01,1-butyl-3-methylimidazolium trifluoromethanesulfonate,1-butyl-3-methylimidazolium,trifluoromethanesulfonate,CCCC[n+]1ccn(C)c1,FC(F)(F)S(=O)(=O)[O-],CCCC[n+]1ccn(C)c1.FC(F)(F)S(=O)(=O)[O-],ok
1-butyl-3-methylimidazolium trifluoromethanesulfonate,353.0,101.325,0.142,0.01,1-butyl-3-methylimidazolium trifluoromethanesulfonate,1-butyl-3-methylimidazolium,trifluoromethanesulfonate,CCCC[n+]1ccn(C)c1,FC(F)(F)S(=O)(=O)[O-],CCCC[n+]1ccn(C)c1.FC(F)(F)S(=O)(=O)[O-],ok
1-ethyl-3-methylimidazolium ethyl sulfate,293.0,101.325,0.182,0.01,1-ethyl-3-methylimidazolium ethyl sulfate,1-ethyl-3-methylimidazolium,ethyl sulfate,CC[n+]1ccn(C)c1,,,parsed;cation=cache:cactus;anion=unresolved
1-ethyl-3-methylimidazolium ethyl sulfate,303.0,101.325,0.181,0.01,1-ethyl-3-methylimidazolium ethyl sulfate,1-ethyl-3-methylimidazolium,ethyl sulfate,CC[n+]1ccn(C)c1,,,parsed;cation=cache:cactus;anion=unresolved
1-ethyl-3-methylimidazolium ethyl sulfate,313.0,101.325,0.181,0.01,1-ethyl-3-methylimidazolium ethyl sulfate,1-ethyl-3-methylimidazolium,ethyl sulfate,CC[n+]1ccn(C)c1,,,parsed;cation=cache:cactus;anion=unresolved
1-ethyl-3-methylimidazolium ethyl sulfate,323.0,101.325,0.179,0.01,1-ethyl-3-methylimidazolium ethyl sulfate,1-ethyl-3-methylimidazolium,ethyl sulfate,CC[n+]1ccn(C)c1,,,parsed;cation=cache:cactus;anion=unresolved
1-ethyl-3-methylimidazolium ethyl sulfate,333.0,101.325,0.179,0.01,1-ethyl-3-methylimidazolium ethyl sulfate,1-ethyl-3-methylimidazolium,ethyl sulfate,CC[n+]1ccn(C)c1,,,parsed;cation=cache:cactus;anion=unresolved
1-ethyl-3-methylimidazolium ethyl sulfate,343.0,101.325,0.178,0.01,1-ethyl-3-methylimidazolium ethyl sulfate,1-ethyl-3-methylimidazolium,ethyl sulfate,CC[n+]1ccn(C)c1,,,parsed;cation=cache:cactus;anion=unresolved
1-ethyl-3-methylimidazolium ethyl sulfate,353.0,101.325,0.177,0.01,1-ethyl-3-methylimidazolium ethyl sulfate,1-ethyl-3-methylimidazolium,ethyl sulfate,CC[n+]1ccn(C)c1,,,parsed;cation=cache:cactus;anion=unresolved
1-butyl-3-methylimidazolium bis(trifluoromethylsulfonyl)imide,283.1,101.325,0.123,0.001,1-butyl-3-methylimidazolium bis(trifluoromethylsulfonyl)imide,1-butyl-3-methylimidazolium,bis(trifluoromethylsulfonyl)imide,CCCC[n+]1ccn(C)c1,,,parsed;cation=cache:cactus;anion=unresolved
1-butyl-3-methylimidazolium bis(trifluoromethylsulfonyl)imide,293.15,101.325,0.122,0.001,1-butyl-3-methylimidazolium bis(trifluoromethylsulfonyl)imide,1-butyl-3-methylimidazolium,bis(trifluoromethylsulfonyl)imide,CCCC[n+]1ccn(C)c1,,,parsed;cation=cache:cactus;anion=unresolved
1-butyl-3-methylimidazolium bis(trifluoromethylsulfonyl)imide,303.15,101.325,0.121,0.001,1-butyl-3-methylimidazolium bis(trifluoromethylsulfonyl)imide,1-butyl-3-methylimidazolium,bis(trifluoromethylsulfonyl)imide,CCCC[n+]1ccn(C)c1,,,parsed;cation=cache:cactus;anion=unresolved
1-butyl-3-methylimidazolium bis(trifluoromethylsulfonyl)imide,313.05,101.325,0.123,0.001,1-butyl-3-methylimidazolium bis(trifluoromethylsulfonyl)imide,1-butyl-3-methylimidazolium,bis(trifluoromethylsulfonyl)imide,CCCC[n+]1ccn(C)c1,,,parsed;cation=cache:cactus;anion=unresolved
1-butyl-3-methylimidazolium bis(trifluoromethylsulfonyl)imide,323.05,101.325,0.121,0.001,1-butyl-3-methylimidazolium bis(trifluoromethylsulfonyl)imide,1-butyl-3-methylimidazolium,bis(trifluoromethylsulfonyl)imide,CCCC[n+]1ccn(C)c1,,,parsed;cation=cache:cactus;anion=unresolved
1-butyl-3-methylimidazolium bis(trifluoromethylsulfonyl)imide,333.05,101.325,0.119,0.001,1-butyl-3-methylimidazolium bis(trifluoromethylsulfonyl)imide,1-butyl-3-methylimidazolium,bis(trifluoromethylsulfonyl)imide,CCCC[n+]1ccn(C)c1,,,parsed;cation=cache:cactus;anion=unresolved
1-butyl-3-methylimidazolium bis(trifluoromethylsulfonyl)imide,343.15,101.325,0.117,0.001,1-butyl-3-methylimidazolium bis(trifluoromethylsulfonyl)imide,1-butyl-3-methylimidazolium,bis(trifluoromethylsulfonyl)imide,CCCC[n+]1ccn(C)c1,,,parsed;cation=cache:cactus;anion=unresolved
1-hexyl-3-methylimidazolium tetrafluoroborate,293.0,101.325,0.158,0.01,1-hexyl-3-methylimidazolium tetrafluoroborate,1-hexyl-3-methylimidazolium,tetrafluoroborate,CCCCCC[n+]1ccn(C)c1,F[B-](F)(F)F,CCCCCC[n+]1ccn(C)c1.F[B-](F)(F)F,ok
1-hexyl-3-methylimidazolium tetrafluoroborate,303.0,101.325,0.157,0.01,1-hexyl-3-methylimidazolium tetrafluoroborate,1-hexyl-3-methylimidazolium,tetrafluoroborate,CCCCCC[n+]1ccn(C)c1,F[B-](F)(F)F,CCCCCC[n+]1ccn(C)c1.F[B-](F)(F)F,ok
1-hexyl-3-methylimidazolium tetrafluoroborate,313.0,101.325,0.156,0.01,1-hexyl-3-methylimidazolium tetrafluoroborate,1-hexyl-3-methylimidazolium,tetrafluoroborate,CCCCCC[n+]1ccn(C)c1,F[B-](F)(F)F,CCCCCC[n+]1ccn(C)c1.F[B-](F)(F)F,ok
1-hexyl-3-methylimidazolium tetrafluoroborate,323.0,101.325,0.155,0.01,1-hexyl-3-methylimidazolium tetrafluoroborate,1-hexyl-3-methylimidazolium,tetrafluoroborate,CCCCCC[n+]1ccn(C)c1,F[B-](F)(F)F,CCCCCC[n+]1ccn(C)c1.F[B-](F)(F)F,ok
1-hexyl-3-methylimidazolium tetrafluoroborate,333.0,101.325,0.153,0.01,1-hexyl-3-methylimidazolium tetrafluoroborate,1-hexyl-3-methylimidazolium,tetrafluoroborate,CCCCCC[n+]1ccn(C)c1,F[B-](F)(F)F,CCCCCC[n+]1ccn(C)c1.F[B-](F)(F)F,ok
1-hexyl-3-methylimidazolium tetrafluoroborate,343.0,101.325,0.152,0.01,1-hexyl-3-methylimidazolium tetrafluoroborate,1-hexyl-3-methylimidazolium,tetrafluoroborate,CCCCCC[n+]1ccn(C)c1,F[B-](F)(F)F,CCCCCC[n+]1ccn(C)c1.F[B-](F)(F)F,ok
1-hexyl-3-methylimidazolium tetrafluoroborate,353.0,101.325,0.151,0.01,1-hexyl-3-methylimidazolium tetrafluoroborate,1-hexyl-3-methylimidazolium,tetrafluoroborate,CCCCCC[n+]1ccn(C)c1,F[B-](F)(F)F,CCCCCC[n+]1ccn(C)c1.F[B-](F)(F)F,ok
1-butyl-3-methylimidazolium hexafluorophosphate,293.0,101.325,0.145,0.01,1-butyl-3-methylimidazolium hexafluorophosphate,1-butyl-3-methylimidazolium,hexafluorophosphate,CCCC[n+]1ccn(C)c1,F[P-](F)(F)(F)(F)F,CCCC[n+]1ccn(C)c1.F[P-](F)(F)(F)(F)F,ok
1-butyl-3-methylimidazolium hexafluorophosphate,303.0,101.325,0.145,0.01,1-butyl-3-methylimidazolium hexafluorophosphate,1-butyl-3-methylimidazolium,hexafluorophosphate,CCCC[n+]1ccn(C)c1,F[P-](F)(F)(F)(F)F,CCCC[n+]1ccn(C)c1.F[P-](F)(F)(F)(F)F,ok
1-butyl-3-methylimidazolium hexafluorophosphate,313.0,101.325,0.145,0.01,1-butyl-3-methylimidazolium hexafluorophosphate,1-butyl-3-methylimidazolium,hexafluorophosphate,CCCC[n+]1ccn(C)c1,F[P-](F)(F)(F)(F)F,CCCC[n+]1ccn(C)c1.F[P-](F)(F)(F)(F)F,ok
1-butyl-3-methylimidazolium hexafluorophosphate,323.0,101.325,0.144,0.01,1-butyl-3-methylimidazolium hexafluorophosphate,1-butyl-3-methylimidazolium,hexafluorophosphate,CCCC[n+]1ccn(C)c1,F[P-](F)(F)(F)(F)F,CCCC[n+]1ccn(C)c1.F[P-](F)(F)(F)(F)F,ok
1-butyl-3-methylimidazolium hexafluorophosphate,333.0,101.325,0.143,0.01,1-butyl-3-methylimidazolium hexafluorophosphate,1-butyl-3-methylimidazolium,hexafluorophosphate,CCCC[n+]1ccn(C)c1,F[P-](F)(F)(F)(F)F,CCCC[n+]1ccn(C)c1.F[P-](F)(F)(F)(F)F,ok
1-butyl-3-methylimidazolium hexafluorophosphate,343.0,101.325,0.143,0.01,1-butyl-3-methylimidazolium hexafluorophosphate,1-butyl-3-methylimidazolium,hexafluorophosphate,CCCC[n+]1ccn(C)c1,F[P-](F)(F)(F)(F)F,CCCC[n+]1ccn(C)c1.F[P-](F)(F)(F)(F)F,ok
1-butyl-3-methylimidazolium hexafluorophosphate,353.0,101.325,0.143,0.01,1-butyl-3-methylimidazolium hexafluorophosphate,1-butyl-3-methylimidazolium,hexafluorophosphate,CCCC[n+]1ccn(C)c1,F[P-](F)(F)(F)(F)F,CCCC[n+]1ccn(C)c1.F[P-](F)(F)(F)(F)F,ok
1-hexyl-3-methylimidazolium hexafluorophosphate,293.0,101.325,0.142,0.01,1-hexyl-3-methylimidazolium hexafluorophosphate,1-hexyl-3-methylimidazolium,hexafluorophosphate,CCCCCC[n+]1ccn(C)c1,F[P-](F)(F)(F)(F)F,CCCCCC[n+]1ccn(C)c1.F[P-](F)(F)(F)(F)F,ok
1-hexyl-3-methylimidazolium hexafluorophosphate,303.0,101.325,0.141,0.01,1-hexyl-3-methylimidazolium hexafluorophosphate,1-hexyl-3-methylimidazolium,hexafluorophosphate,CCCCCC[n+]1ccn(C)c1,F[P-](F)(F)(F)(F)F,CCCCCC[n+]1ccn(C)c1.F[P-](F)(F)(F)(F)F,ok
1-hexyl-3-methylimidazolium hexafluorophosphate,313.0,101.325,0.141,0.01,1-hexyl-3-methylimidazolium hexafluorophosphate,1-hexyl-3-methylimidazolium,hexafluorophosphate,CCCCCC[n+]1ccn(C)c1,F[P-](F)(F)(F)(F)F,CCCCCC[n+]1ccn(C)c1.F[P-](F)(F)(F)(F)F,ok
1-hexyl-3-methylimidazolium hexafluorophosphate,323.0,101.325,0.139,0.01,1-hexyl-3-methylimidazolium hexafluorophosphate,1-hexyl-3-methylimidazolium,hexafluorophosphate,CCCCCC[n+]1ccn(C)c1,F[P-](F)(F)(F)(F)F,CCCCCC[n+]1ccn(C)c1.F[P-](F)(F)(F)(F)F,ok
1-hexyl-3-methylimidazolium hexafluorophosphate,333.0,101.325,0.139,0.01,1-hexyl-3-methylimidazolium hexafluorophosphate,1-hexyl-3-methylimidazolium,hexafluorophosphate,CCCCCC[n+]1ccn(C)c1,F[P-](F)(F)(F)(F)F,CCCCCC[n+]1ccn(C)c1.F[P-](F)(F)(F)(F)F,ok
1-hexyl-3-methylimidazolium hexafluorophosphate,343.0,101.325,0.138,0.01,1-hexyl-3-methylimidazolium hexafluorophosphate,1-hexyl-3-methylimidazolium,hexafluorophosphate,CCCCCC[n+]1ccn(C)c1,F[P-](F)(F)(F)(F)F,CCCCCC[n+]1ccn(C)c1.F[P-](F)(F)(F)(F)F,ok
1-hexyl-3-methylimidazolium hexafluorophosphate,353.0,101.325,0.138,0.01,1-hexyl-3-methylimidazolium hexafluorophosphate,1-hexyl-3-methylimidazolium,hexafluorophosphate,CCCCCC[n+]1ccn(C)c1,F[P-](F)(F)(F)(F)F,CCCCCC[n+]1ccn(C)c1.F[P-](F)(F)(F)(F)F,ok
1-butyl-3-methylimidazolium trifluoromethanesulfonate,293.0,101.325,0.142,0.01,1-butyl-3-methylimidazolium trifluoromethanesulfonate,1-butyl-3-methylimidazolium,trifluoromethanesulfonate,CCCC[n+]1ccn(C)c1,FC(F)(F)S(=O)(=O)[O-],CCCC[n+]1ccn(C)c1.FC(F)(F)S(=O)(=O)[O-],ok
1-butyl-3-methylimidazolium trifluoromethanesulfonate,303.0,101.325,0.141,0.01,1-butyl-3-methylimidazolium trifluoromethanesulfonate,1-butyl-3-methylimidazolium,trifluoromethanesulfonate,CCCC[n+]1ccn(C)c1,FC(F)(F)S(=O)(=O)[O-],CCCC[n+]1ccn(C)c1.FC(F)(F)S(=O)(=O)[O-],ok
1-butyl-3-methylimidazolium trifluoromethanesulfonate,313.0,101.325,0.14,0.01,1-butyl-3-methylimidazolium trifluoromethanesulfonate,1-butyl-3-methylimidazolium,trifluoromethanesulfonate,CCCC[n+]1ccn(C)c1,FC(F)(F)S(=O)(=O)[O-],CCCC[n+]1ccn(C)c1.FC(F)(F)S(=O)(=O)[O-],ok
1-butyl-3-methylimidazolium trifluoromethanesulfonate,323.0,101.325,0.139,0.01,1-butyl-3-methylimidazolium trifluoromethanesulfonate,1-butyl-3-methylimidazolium,trifluoromethanesulfonate,CCCC[n+]1ccn(C)c1,FC(F)(F)S(=O)(=O)[O-],CCCC[n+]1ccn(C)c1.FC(F)(F)S(=O)(=O)[O-],ok
1-butyl-3-methylimidazolium trifluoromethanesulfonate,333.0,101.325,0.139,0.01,1-butyl-3-methylimidazolium trifluoromethanesulfonate,1-butyl-3-methylimidazolium,trifluoromethanesulfonate,CCCC[n+]1ccn(C)c1,FC(F)(F)S(=O)(=O)[O-],CCCC[n+]1ccn(C)c1.FC(F)(F)S(=O)(=O)[O-],ok
1-butyl-3-methylimidazolium trifluoromethanesulfonate,343.0,101.325,0.138,0.01,1-butyl-3-methylimidazolium trifluoromethanesulfonate,1-butyl-3-methylimidazolium,trifluoromethanesulfonate,CCCC[n+]1ccn(C)c1,FC(F)(F)S(=O)(=O)[O-],CCCC[n+]1ccn(C)c1.FC(F)(F)S(=O)(=O)[O-],ok
1-butyl-3-methylimidazolium trifluoromethanesulfonate,353.0,101.325,0.138,0.01,1-butyl-3-methylimidazolium trifluoromethanesulfonate,1-butyl-3-methylimidazolium,trifluoromethanesulfonate,CCCC[n+]1ccn(C)c1,FC(F)(F)S(=O)(=O)[O-],CCCC[n+]1ccn(C)c1.FC(F)(F)S(=O)(=O)[O-],ok
1-butyl-3-methylimidazolium methyl sulfate,283.15,101.325,0.179,0.002,1-butyl-3-methylimidazolium methyl sulfate,1-butyl-3-methylimidazolium,methyl sulfate,CCCC[n+]1ccn(C)c1,,,parsed;cation=cache:cactus;anion=unresolved
1-butyl-3-methylimidazolium methyl sulfate,293.15,101.325,0.177,0.002,1-butyl-3-methylimidazolium methyl sulfate,1-butyl-3-methylimidazolium,methyl sulfate,CCCC[n+]1ccn(C)c1,,,parsed;cation=cache:cactus;anion=unresolved
1-butyl-3-methylimidazolium methyl sulfate,303.15,101.325,0.176,0.002,1-butyl-3-methylimidazolium methyl sulfate,1-butyl-3-methylimidazolium,methyl sulfate,CCCC[n+]1ccn(C)c1,,,parsed;cation=cache:cactus;anion=unresolved
1-butyl-3-methylimidazolium methyl sulfate,313.15,101.325,0.176,0.002,1-butyl-3-methylimidazolium methyl sulfate,1-butyl-3-methylimidazolium,methyl sulfate,CCCC[n+]1ccn(C)c1,,,parsed;cation=cache:cactus;anion=unresolved
1-butyl-3-methylimidazolium methyl sulfate,323.15,101.325,0.174,0.002,1-butyl-3-methylimidazolium methyl sulfate,1-butyl-3-methylimidazolium,methyl sulfate,CCCC[n+]1ccn(C)c1,,,parsed;cation=cache:cactus;anion=unresolved
1-butyl-3-methylimidazolium methyl sulfate,333.15,101.325,0.173,0.002,1-butyl-3-methylimidazolium methyl sulfate,1-butyl-3-methylimidazolium,methyl sulfate,CCCC[n+]1ccn(C)c1,,,parsed;cation=cache:cactus;anion=unresolved
1-butyl-3-methylimidazolium methyl sulfate,343.15,101.325,0.172,0.002,1-butyl-3-methylimidazolium methyl sulfate,1-butyl-3-methylimidazolium,methyl sulfate,CCCC[n+]1ccn(C)c1,,,parsed;cation=cache:cactus;anion=unresolved
1-butyl-3-methylimidazolium tris(pentafluoroethyl)trifluorophosphate,293.0,100.0,0.1,0.006,1-butyl-3-methylimidazolium tris(pentafluoroethyl)trifluorophosphate,1-butyl-3-methylimidazolium,tris(pentafluoroethyl)trifluorophosphate,CCCC[n+]1ccn(C)c1,,,parsed;cation=cache:cactus;anion=unresolved
1-butyl-3-methylimidazolium tris(pentafluoroethyl)trifluorophosphate,303.0,100.0,0.1,0.006,1-butyl-3-methylimidazolium tris(pentafluoroethyl)trifluorophosphate,1-butyl-3-methylimidazolium,tris(pentafluoroethyl)trifluorophosphate,CCCC[n+]1ccn(C)c1,,,parsed;cation=cache:cactus;anion=unresolved
1-butyl-3-methylimidazolium tris(pentafluoroethyl)trifluorophosphate,313.0,100.0,0.099,0.006,1-butyl-3-methylimidazolium tris(pentafluoroethyl)trifluorophosphate,1-butyl-3-methylimidazolium,tris(pentafluoroethyl)trifluorophosphate,CCCC[n+]1ccn(C)c1,,,parsed;cation=cache:cactus;anion=unresolved
1-butyl-3-methylimidazolium tris(pentafluoroethyl)trifluorophosphate,323.0,100.0,0.098,0.006,1-butyl-3-methylimidazolium tris(pentafluoroethyl)trifluorophosphate,1-butyl-3-methylimidazolium,tris(pentafluoroethyl)trifluorophosphate,CCCC[n+]1ccn(C)c1,,,parsed;cation=cache:cactus;anion=unresolved
1-butyl-3-methylimidazolium tris(pentafluoroethyl)trifluorophosphate,333.0,100.0,0.096,0.006,1-butyl-3-methylimidazolium tris(pentafluoroethyl)trifluorophosphate,1-butyl-3-methylimidazolium,tris(pentafluoroethyl)trifluorophosphate,CCCC[n+]1ccn(C)c1,,,parsed;cation=cache:cactus;anion=unresolved
1-butyl-3-methylimidazolium tris(pentafluoroethyl)trifluorophosphate,343.0,100.0,0.095,0.006,1-butyl-3-methylimidazolium tris(pentafluoroethyl)trifluorophosphate,1-butyl-3-methylimidazolium,tris(pentafluoroethyl)trifluorophosphate,CCCC[n+]1ccn(C)c1,,,parsed;cation=cache:cactus;anion=unresolved
1-butyl-3-methylimidazolium tris(pentafluoroethyl)trifluorophosphate,353.0,100.0,0.094,0.006,1-butyl-3-methylimidazolium tris(pentafluoroethyl)trifluorophosphate,1-butyl-3-methylimidazolium,tris(pentafluoroethyl)trifluorophosphate,CCCC[n+]1ccn(C)c1,,,parsed;cation=cache:cactus;anion=unresolved
1-ethyl-3-methylimidazolium methanesulfonate,283.15,101.0,0.187,0.011,1-ethyl-3-methylimidazolium methanesulfonate,1-ethyl-3-methylimidazolium,methanesulfonate,CC[n+]1ccn(C)c1,,,parsed;cation=cache:cactus;anion=unresolved
1-ethyl-3-methylimidazolium methanesulfonate,293.15,101.0,0.187,0.011,1-ethyl-3-methylimidazolium methanesulfonate,1-ethyl-3-methylimidazolium,methanesulfonate,CC[n+]1ccn(C)c1,,,parsed;cation=cache:cactus;anion=unresolved
1-ethyl-3-methylimidazolium methanesulfonate,303.15,101.0,0.187,0.011,1-ethyl-3-methylimidazolium methanesulfonate,1-ethyl-3-methylimidazolium,methanesulfonate,CC[n+]1ccn(C)c1,,,parsed;cation=cache:cactus;anion=unresolved
1-ethyl-3-methylimidazolium methanesulfonate,313.15,101.0,0.188,0.012,1-ethyl-3-methylimidazolium methanesulfonate,1-ethyl-3-methylimidazolium,methanesulfonate,CC[n+]1ccn(C)c1,,,parsed;cation=cache:cactus;anion=unresolved
1-ethyl-3-methylimidazolium methanesulfonate,323.15,101.0,0.185,0.011,1-ethyl-3-methylimidazolium methanesulfonate,1-ethyl-3-methylimidazolium,methanesulfonate,CC[n+]1ccn(C)c1,,,parsed;cation=cache:cactus;anion=unresolved
1-ethyl-3-methylimidazolium methanesulfonate,333.15,101.0,0.186,0.011,1-ethyl-3-methylimidazolium methanesulfonate,1-ethyl-3-methylimidazolium,methanesulfonate,CC[n+]1ccn(C)c1,,,parsed;cation=cache:cactus;anion=unresolved
1-butyl-3-methylimidazolium dicyanamide,293.6,101.325,0.167,0.011,1-butyl-3-methylimidazolium dicyanamide,1-butyl-3-methylimidazolium,dicyanamide,CCCC[n+]1ccn(C)c1,N#C[N-]C#N,CCCC[n+]1ccn(C)c1.N#C[N-]C#N,ok
1-butyl-3-methylimidazolium dicyanamide,303.3,101.325,0.166,0.011,1-butyl-3-methylimidazolium dicyanamide,1-butyl-3-methylimidazolium,dicyanamide,CCCC[n+]1ccn(C)c1,N#C[N-]C#N,CCCC[n+]1ccn(C)c1.N#C[N-]C#N,ok
1-butyl-3-methylimidazolium dicyanamide,313.4,101.325,0.163,0.011,1-butyl-3-methylimidazolium dicyanamide,1-butyl-3-methylimidazolium,dicyanamide,CCCC[n+]1ccn(C)c1,N#C[N-]C#N,CCCC[n+]1ccn(C)c1.N#C[N-]C#N,ok
1-butyl-3-methylimidazolium dicyanamide,323.5,101.325,0.163,0.011,1-butyl-3-methylimidazolium dicyanamide,1-butyl-3-methylimidazolium,dicyanamide,CCCC[n+]1ccn(C)c1,N#C[N-]C#N,CCCC[n+]1ccn(C)c1.N#C[N-]C#N,ok
1-butyl-3-methylimidazolium dicyanamide,333.7,101.325,0.153,0.011,1-butyl-3-methylimidazolium dicyanamide,1-butyl-3-methylimidazolium,dicyanamide,CCCC[n+]1ccn(C)c1,N#C[N-]C#N,CCCC[n+]1ccn(C)c1.N#C[N-]C#N,ok
1-butyl-3-methylimidazolium dicyanamide,344.2,101.325,0.15,0.011,1-butyl-3-methylimidazolium dicyanamide,1-butyl-3-methylimidazolium,dicyanamide,CCCC[n+]1ccn(C)c1,N#C[N-]C#N,CCCC[n+]1ccn(C)c1.N#C[N-]C#N,ok
1-ethyl-3-methylimidazolium dicyanamide,293.4,101.325,0.183,0.011,1-ethyl-3-methylimidazolium dicyanamide,1-ethyl-3-methylimidazolium,dicyanamide,CC[n+]1ccn(C)c1,N#C[N-]C#N,CC[n+]1ccn(C)c1.N#C[N-]C#N,ok
1-ethyl-3-methylimidazolium dicyanamide,303.3,101.325,0.179,0.011,1-ethyl-3-methylimidazolium dicyanamide,1-ethyl-3-methylimidazolium,dicyanamide,CC[n+]1ccn(C)c1,N#C[N-]C#N,CC[n+]1ccn(C)c1.N#C[N-]C#N,ok
1-ethyl-3-methylimidazolium dicyanamide,313.1,101.325,0.178,0.02,1-ethyl-3-methylimidazolium dicyanamide,1-ethyl-3-methylimidazolium,dicyanamide,CC[n+]1ccn(C)c1,N#C[N-]C#N,CC[n+]1ccn(C)c1.N#C[N-]C#N,ok
1-ethyl-3-methylimidazolium dicyanamide,323.0,101.325,0.181,0.02,1-ethyl-3-methylimidazolium dicyanamide,1-ethyl-3-methylimidazolium,dicyanamide,CC[n+]1ccn(C)c1,N#C[N-]C#N,CC[n+]1ccn(C)c1.N#C[N-]C#N,ok
1-ethyl-3-methylimidazolium dicyanamide,333.2,101.325,0.17,0.02,1-ethyl-3-methylimidazolium dicyanamide,1-ethyl-3-methylimidazolium,dicyanamide,CC[n+]1ccn(C)c1,N#C[N-]C#N,CC[n+]1ccn(C)c1.N#C[N-]C#N,ok
1-ethyl-3-methylimidazolium dicyanamide,343.4,101.325,0.165,0.02,1-ethyl-3-methylimidazolium dicyanamide,1-ethyl-3-methylimidazolium,dicyanamide,CC[n+]1ccn(C)c1,N#C[N-]C#N,CC[n+]1ccn(C)c1.N#C[N-]C#N,ok
1-ethyl-3-methylimidazolium acetate,293.15,100.0,0.202,0.014,1-ethyl-3-methylimidazolium acetate,1-ethyl-3-methylimidazolium,acetate,CC[n+]1ccn(C)c1,CC(=O)[O-],CC[n+]1ccn(C)c1.CC(=O)[O-],ok
1-ethyl-3-methylimidazolium acetate,303.15,100.0,0.203,0.014,1-ethyl-3-methylimidazolium acetate,1-ethyl-3-methylimidazolium,acetate,CC[n+]1ccn(C)c1,CC(=O)[O-],CC[n+]1ccn(C)c1.CC(=O)[O-],ok
1-ethyl-3-methylimidazolium acetate,313.15,100.0,0.204,0.014,1-ethyl-3-methylimidazolium acetate,1-ethyl-3-methylimidazolium,acetate,CC[n+]1ccn(C)c1,CC(=O)[O-],CC[n+]1ccn(C)c1.CC(=O)[O-],ok
1-ethyl-3-methylimidazolium acetate,323.15,100.0,0.207,0.015,1-ethyl-3-methylimidazolium acetate,1-ethyl-3-methylimidazolium,acetate,CC[n+]1ccn(C)c1,CC(=O)[O-],CC[n+]1ccn(C)c1.CC(=O)[O-],ok
1-ethyl-3-methylimidazolium acetate,333.15,100.0,0.207,0.015,1-ethyl-3-methylimidazolium acetate,1-ethyl-3-methylimidazolium,acetate,CC[n+]1ccn(C)c1,CC(=O)[O-],CC[n+]1ccn(C)c1.CC(=O)[O-],ok
1-ethyl-3-methylimidazolium ethyl sulfate,303.15,101.325,0.1808,0.0073,1-ethyl-3-methylimidazolium ethyl sulfate,1-ethyl-3-methylimidazolium,ethyl sulfate,CC[n+]1ccn(C)c1,,,parsed;cation=cache:cactus;anion=unresolved
1-ethyl-3-methylimidazolium ethyl sulfate,308.15,101.325,0.18,0.0072,1-ethyl-3-methylimidazolium ethyl sulfate,1-ethyl-3-methylimidazolium,ethyl sulfate,CC[n+]1ccn(C)c1,,,parsed;cation=cache:cactus;anion=unresolved
1-ethyl-3-methylimidazolium ethyl sulfate,313.15,101.325,0.1795,0.0072,1-ethyl-3-methylimidazolium ethyl sulfate,1-ethyl-3-methylimidazolium,ethyl sulfate,CC[n+]1ccn(C)c1,,,parsed;cation=cache:cactus;anion=unresolved
1-ethyl-3-methylimidazolium ethyl sulfate,318.15,101.325,0.1787,0.0072,1-ethyl-3-methylimidazolium ethyl sulfate,1-ethyl-3-methylimidazolium,ethyl sulfate,CC[n+]1ccn(C)c1,,,parsed;cation=cache:cactus;anion=unresolved
1-ethyl-3-methylimidazolium ethyl sulfate,323.15,101.325,0.178,0.0072,1-ethyl-3-methylimidazolium ethyl sulfate,1-ethyl-3-methylimidazolium,ethyl sulfate,CC[n+]1ccn(C)c1,,,parsed;cation=cache:cactus;anion=unresolved
1-butyl-3-methylimidazolium bis(trifluoromethylsulfonyl)imide,298.15,101.325,0.126,0.008,1-butyl-3-methylimidazolium bis(trifluoromethylsulfonyl)imide,1-butyl-3-methylimidazolium,bis(trifluoromethylsulfonyl)imide,CCCC[n+]1ccn(C)c1,,,parsed;cation=cache:cactus;anion=unresolved
1-butyl-3-methylimidazolium bis(trifluoromethylsulfonyl)imide,303.15,101.325,0.13,0.008,1-butyl-3-methylimidazolium bis(trifluoromethylsulfonyl)imide,1-butyl-3-methylimidazolium,bis(trifluoromethylsulfonyl)imide,CCCC[n+]1ccn(C)c1,,,parsed;cation=cache:cactus;anion=unresolved
1-butyl-3-methylimidazolium bis(trifluoromethylsulfonyl)imide,308.15,101.325,0.13,0.008,1-butyl-3-methylimidazolium bis(trifluoromethylsulfonyl)imide,1-butyl-3-methylimidazolium,bis(trifluoromethylsulfonyl)imide,CCCC[n+]1ccn(C)c1,,,parsed;cation=cache:cactus;anion=unresolved
1-butyl-3-methylimidazolium bis(trifluoromethylsulfonyl)imide,313.15,101.325,0.13,0.008,1-butyl-3-methylimidazolium bis(trifluoromethylsulfonyl)imide,1-butyl-3-methylimidazolium,bis(trifluoromethylsulfonyl)imide,CCCC[n+]1ccn(C)c1,,,parsed;cation=cache:cactus;anion=unresolved
1-butyl-3-methylimidazolium tetrafluoroborate,288.1,101.325,0.165,0.01,1-butyl-3-methylimidazolium tetrafluoroborate,1-butyl-3-methylimidazolium,tetrafluoroborate,CCCC[n+]1ccn(C)c1,F[B-](F)(F)F,CCCC[n+]1ccn(C)c1.F[B-](F)(F)F,ok
1-butyl-3-methylimidazolium tetrafluoroborate,298.1,101.325,0.159,0.01,1-butyl-3-methylimidazolium tetrafluoroborate,1-butyl-3-methylimidazolium,tetrafluoroborate,CCCC[n+]1ccn(C)c1,F[B-](F)(F)F,CCCC[n+]1ccn(C)c1.F[B-](F)(F)F,ok
1-butyl-3-methylimidazolium tetrafluoroborate,308.1,101.325,0.151,0.009,1-butyl-3-methylimidazolium tetrafluoroborate,1-butyl-3-methylimidazolium,tetrafluoroborate,CCCC[n+]1ccn(C)c1,F[B-](F)(F)F,CCCC[n+]1ccn(C)c1.F[B-](F)(F)F,ok
1-butyl-3-methylimidazolium tetrafluoroborate,318.1,101.325,0.144,0.009,1-butyl-3-methylimidazolium tetrafluoroborate,1-butyl-3-methylimidazolium,tetrafluoroborate,CCCC[n+]1ccn(C)c1,F[B-](F)(F)F,CCCC[n+]1ccn(C)c1.F[B-](F)(F)F,ok
1-ethyl-3-methylimidazolium diethyl phosphate,302.76,101.325,0.1749,0.0071,1-ethyl-3-methylimidazolium diethyl phosphate,1-ethyl-3-methylimidazolium,diethyl phosphate,CC[n+]1ccn(C)c1,,,parsed;cation=cache:cactus;anion=unresolved
1-ethyl-3-methylimidazolium diethyl phosphate,312.58,101.325,0.1745,0.0071,1-ethyl-3-methylimidazolium diethyl phosphate,1-ethyl-3-methylimidazolium,diethyl phosphate,CC[n+]1ccn(C)c1,,,parsed;cation=cache:cactus;anion=unresolved
1-ethyl-3-methylimidazolium diethyl phosphate,332.31,101.325,0.1732,0.007,1-ethyl-3-methylimidazolium diethyl phosphate,1-ethyl-3-methylimidazolium,diethyl phosphate,CC[n+]1ccn(C)c1,,,parsed;cation=cache:cactus;anion=unresolved
1-ethyl-3-methylimidazolium diethyl phosphate,350.29,101.325,0.1718,0.007,1-ethyl-3-methylimidazolium diethyl phosphate,1-ethyl-3-methylimidazolium,diethyl phosphate,CC[n+]1ccn(C)c1,,,parsed;cation=cache:cactus;anion=unresolved
1-ethyl-3-methylimidazolium trifluoromethanesulfonate,300.0,101.325,0.16,0.01,1-ethyl-3-methylimidazolium trifluoromethanesulfonate,1-ethyl-3-methylimidazolium,trifluoromethanesulfonate,CC[n+]1ccn(C)c1,FC(F)(F)S(=O)(=O)[O-],CC[n+]1ccn(C)c1.FC(F)(F)S(=O)(=O)[O-],ok
1-ethyl-3-methylimidazolium trifluoromethanesulfonate,375.0,101.325,0.16,0.01,1-ethyl-3-methylimidazolium trifluoromethanesulfonate,1-ethyl-3-methylimidazolium,trifluoromethanesulfonate,CC[n+]1ccn(C)c1,FC(F)(F)S(=O)(=O)[O-],CC[n+]1ccn(C)c1.FC(F)(F)S(=O)(=O)[O-],ok
1-ethyl-3-methylimidazolium trifluoroacetate,300.0,101.325,0.17,0.01,1-ethyl-3-methylimidazolium trifluoroacetate,1-ethyl-3-methylimidazolium,trifluoroacetate,CC[n+]1ccn(C)c1,FC(F)(F)C(=O)[O-],CC[n+]1ccn(C)c1.FC(F)(F)C(=O)[O-],ok
1-ethyl-3-methylimidazolium trifluoroacetate,375.0,101.325,0.17,0.01,1-ethyl-3-methylimidazolium trifluoroacetate,1-ethyl-3-methylimidazolium,trifluoroacetate,CC[n+]1ccn(C)c1,FC(F)(F)C(=O)[O-],CC[n+]1ccn(C)c1.FC(F)(F)C(=O)[O-],ok
1-ethyl-3-methylimidazolium diethyl phosphate,300.0,101.325,0.19,0.02,1-ethyl-3-methylimidazolium diethyl phosphate,1-ethyl-3-methylimidazolium,diethyl phosphate,CC[n+]1ccn(C)c1,,,parsed;cation=cache:cactus;anion=unresolved
1-ethyl-3-methylimidazolium diethyl phosphate,375.0,101.325,0.19,0.02,1-ethyl-3-methylimidazolium diethyl phosphate,1-ethyl-3-methylimidazolium,diethyl phosphate,CC[n+]1ccn(C)c1,,,parsed;cation=cache:cactus;anion=unresolved
1-ethyl-3-methylimidazolium methanesulfonate,300.0,101.325,0.21,0.02,1-ethyl-3-methylimidazolium methanesulfonate,1-ethyl-3-methylimidazolium,methanesulfonate,CC[n+]1ccn(C)c1,,,parsed;cation=cache:cactus;anion=unresolved
1-ethyl-3-methylimidazolium methanesulfonate,375.0,101.325,0.21,0.02,1-ethyl-3-methylimidazolium methanesulfonate,1-ethyl-3-methylimidazolium,methanesulfonate,CC[n+]1ccn(C)c1,,,parsed;cation=cache:cactus;anion=unresolved
1-hexyl-3-methylimidazolium bis[(trifluoromethyl)sulfonyl]imide,300.0,101.325,0.12,0.01,1-hexyl-3-methylimidazolium bis[(trifluoromethyl)sulfonyl]imide,1-hexyl-3-methylimidazolium,bis[(trifluoromethyl)sulfonyl]imide,CCCCCC[n+]1ccn(C)c1,,,parsed;cation=cache:cactus;anion=unresolved
1-hexyl-3-methylimidazolium bis[(trifluoromethyl)sulfonyl]imide,375.0,101.325,0.12,0.01,1-hexyl-3-methylimidazolium bis[(trifluoromethyl)sulfonyl]imide,1-hexyl-3-methylimidazolium,bis[(trifluoromethyl)sulfonyl]imide,CCCCCC[n+]1ccn(C)c1,,,parsed;cation=cache:cactus;anion=unresolved
1-ethyl-3-methylimidazolium thiocyanate,300.0,101.325,0.21,0.02,1-ethyl-3-methylimidazolium thiocyanate,1-ethyl-3-methylimidazolium,thiocyanate,CC[n+]1ccn(C)c1,,,parsed;cation=cache:cactus;anion=unresolved
1-ethyl-3-methylimidazolium thiocyanate,375.0,101.325,0.21,0.02,1-ethyl-3-methylimidazolium thiocyanate,1-ethyl-3-methylimidazolium,thiocyanate,CC[n+]1ccn(C)c1,,,parsed;cation=cache:cactus;anion=unresolved
1-ethyl-3-methylimidazolium diethyl phosphate,300.0,101.325,0.19,0.02,1-ethyl-3-methylimidazolium diethyl phosphate,1-ethyl-3-methylimidazolium,diethyl phosphate,CC[n+]1ccn(C)c1,,,parsed;cation=cache:cactus;anion=unresolved
1-ethyl-3-methylimidazolium diethyl phosphate,375.0,101.325,0.19,0.02,1-ethyl-3-methylimidazolium diethyl phosphate,1-ethyl-3-methylimidazolium,diethyl phosphate,CC[n+]1ccn(C)c1,,,parsed;cation=cache:cactus;anion=unresolved
"1,3-dimethylimidazolium dimethyl phosphate",298.15,101.0,0.238,0.019,"1,3-dimethylimidazolium dimethyl phosphate",,,,,,unparsed;cation=missing_name;anion=missing_name
"1-butyl-2,3-dimethyl-1H-imidazolium bis(trifluoromethylsulfonyl)amide",311.1,101.325,0.13,0.01,"1-butyl-2,3-dimethyl-1H-imidazolium bis(trifluoromethylsulfonyl)amide","1-butyl-2,3-dimethyl-1H-imidazolium",bis(trifluoromethylsulfonyl)amide,CCCC[NH+]1C=CN(C)C1C,,,parsed;cation=cache:cactus;anion=unresolved
1-ethyl-3-methylimidazolium diethyl phosphate,313.15,100.0,0.1745,0.0071,1-ethyl-3-methylimidazolium diethyl phosphate,1-ethyl-3-methylimidazolium,diethyl phosphate,CC[n+]1ccn(C)c1,,,parsed;cation=cache:cactus;anion=unresolved
"trihexyltetradecylphosphonium bis(2,4,4-trimethylpentyl)phosphinate",282.47,101.325,0.137,0.02,"trihexyltetradecylphosphonium bis(2,4,4-trimethylpentyl)phosphinate",trihexyltetradecylphosphonium,"bis(2,4,4-trimethylpentyl)phosphinate",,,,parsed;cation=unresolved;anion=unresolved
"trihexyltetradecylphosphonium bis(2,4,4-trimethylpentyl)phosphinate",292.94,101.325,0.136,0.02,"trihexyltetradecylphosphonium bis(2,4,4-trimethylpentyl)phosphinate",trihexyltetradecylphosphonium,"bis(2,4,4-trimethylpentyl)phosphinate",,,,parsed;cation=unresolved;anion=unresolved
"trihexyltetradecylphosphonium bis(2,4,4-trimethylpentyl)phosphinate",298.04,101.325,0.135,0.02,"trihexyltetradecylphosphonium bis(2,4,4-trimethylpentyl)phosphinate",trihexyltetradecylphosphonium,"bis(2,4,4-trimethylpentyl)phosphinate",,,,parsed;cation=unresolved;anion=unresolved
"trihexyltetradecylphosphonium bis(2,4,4-trimethylpentyl)phosphinate",303.15,101.325,0.135,0.02,"trihexyltetradecylphosphonium bis(2,4,4-trimethylpentyl)phosphinate",trihexyltetradecylphosphonium,"bis(2,4,4-trimethylpentyl)phosphinate",,,,parsed;cation=unresolved;anion=unresolved
"trihexyltetradecylphosphonium bis(2,4,4-trimethylpentyl)phosphinate",313.45,101.325,0.133,0.02,"trihexyltetradecylphosphonium bis(2,4,4-trimethylpentyl)phosphinate",trihexyltetradecylphosphonium,"bis(2,4,4-trimethylpentyl)phosphinate",,,,parsed;cation=unresolved;anion=unresolved
"trihexyltetradecylphosphonium bis(2,4,4-trimethylpentyl)phosphinate",323.45,101.325,0.132,0.02,"trihexyltetradecylphosphonium bis(2,4,4-trimethylpentyl)phosphinate",trihexyltetradecylphosphonium,"bis(2,4,4-trimethylpentyl)phosphinate",,,,parsed;cation=unresolved;anion=unresolved
"trihexyltetradecylphosphonium bis(2,4,4-trimethylpentyl)phosphinate",333.55,101.325,0.131,0.02,"trihexyltetradecylphosphonium bis(2,4,4-trimethylpentyl)phosphinate",trihexyltetradecylphosphonium,"bis(2,4,4-trimethylpentyl)phosphinate",,,,parsed;cation=unresolved;anion=unresolved
"trihexyltetradecylphosphonium bis(2,4,4-trimethylpentyl)phosphinate",343.59,101.325,0.131,0.02,"trihexyltetradecylphosphonium bis(2,4,4-trimethylpentyl)phosphinate",trihexyltetradecylphosphonium,"bis(2,4,4-trimethylpentyl)phosphinate",,,,parsed;cation=unresolved;anion=unresolved
"trihexyltetradecylphosphonium bis(2,4,4-trimethylpentyl)phosphinate",353.62,101.325,0.131,0.02,"trihexyltetradecylphosphonium bis(2,4,4-trimethylpentyl)phosphinate",trihexyltetradecylphosphonium,"bis(2,4,4-trimethylpentyl)phosphinate",,,,parsed;cation=unresolved;anion=unresolved
tributylmethylphosphonium methyl sulfate,283.34,101.325,0.157,0.02,tributylmethylphosphonium methyl sulfate,Tributylmethylphosphonium,methyl sulfate,CCCC[P+](C)(CCCC)CCCC,,,parsed;cation=cache:cactus;anion=unresolved
tributylmethylphosphonium methyl sulfate,293.28,101.325,0.156,0.02,tributylmethylphosphonium methyl sulfate,Tributylmethylphosphonium,methyl sulfate,CCCC[P+](C)(CCCC)CCCC,,,parsed;cation=cache:cactus;anion=unresolved
tributylmethylphosphonium methyl sulfate,298.36,101.325,0.155,0.02,tributylmethylphosphonium methyl sulfate,Tributylmethylphosphonium,methyl sulfate,CCCC[P+](C)(CCCC)CCCC,,,parsed;cation=cache:cactus;anion=unresolved
tributylmethylphosphonium methyl sulfate,303.45,101.325,0.155,0.02,tributylmethylphosphonium methyl sulfate,Tributylmethylphosphonium,methyl sulfate,CCCC[P+](C)(CCCC)CCCC,,,parsed;cation=cache:cactus;anion=unresolved
tributylmethylphosphonium methyl sulfate,313.5,101.325,0.153,0.02,tributylmethylphosphonium methyl sulfate,Tributylmethylphosphonium,methyl sulfate,CCCC[P+](C)(CCCC)CCCC,,,parsed;cation=cache:cactus;anion=unresolved
tributylmethylphosphonium methyl sulfate,323.6,101.325,0.153,0.02,tributylmethylphosphonium methyl sulfate,Tributylmethylphosphonium,methyl sulfate,CCCC[P+](C)(CCCC)CCCC,,,parsed;cation=cache:cactus;anion=unresolved
tributylmethylphosphonium methyl sulfate,333.58,101.325,0.153,0.02,tributylmethylphosphonium methyl sulfate,Tributylmethylphosphonium,methyl sulfate,CCCC[P+](C)(CCCC)CCCC,,,parsed;cation=cache:cactus;anion=unresolved
tributylmethylphosphonium methyl sulfate,343.61,101.325,0.153,0.02,tributylmethylphosphonium methyl sulfate,Tributylmethylphosphonium,methyl sulfate,CCCC[P+](C)(CCCC)CCCC,,,parsed;cation=cache:cactus;anion=unresolved
tributylmethylphosphonium methyl sulfate,353.51,101.325,0.153,0.02,tributylmethylphosphonium methyl sulfate,Tributylmethylphosphonium,methyl sulfate,CCCC[P+](C)(CCCC)CCCC,,,parsed;cation=cache:cactus;anion=unresolved
trihexyl(tetradecyl)phosphonium tris(pentafluoroethyl)trifluorophosphate,282.19,101.325,0.126,0.02,trihexyl(tetradecyl)phosphonium tris(pentafluoroethyl)trifluorophosphate,trihexyl(tetradecyl)phosphonium,tris(pentafluoroethyl)trifluorophosphate,,,,parsed;cation=unresolved;anion=unresolved
trihexyl(tetradecyl)phosphonium tris(pentafluoroethyl)trifluorophosphate,292.99,101.325,0.125,0.02,trihexyl(tetradecyl)phosphonium tris(pentafluoroethyl)trifluorophosphate,trihexyl(tetradecyl)phosphonium,tris(pentafluoroethyl)trifluorophosphate,,,,parsed;cation=unresolved;anion=unresolved
trihexyl(tetradecyl)phosphonium tris(pentafluoroethyl)trifluorophosphate,298.41,101.325,0.125,0.02,trihexyl(tetradecyl)phosphonium tris(pentafluoroethyl)trifluorophosphate,trihexyl(tetradecyl)phosphonium,tris(pentafluoroethyl)trifluorophosphate,,,,parsed;cation=unresolved;anion=unresolved
trihexyl(tetradecyl)phosphonium tris(pentafluoroethyl)trifluorophosphate,303.54,101.325,0.125,0.02,trihexyl(tetradecyl)phosphonium tris(pentafluoroethyl)trifluorophosphate,trihexyl(tetradecyl)phosphonium,tris(pentafluoroethyl)trifluorophosphate,,,,parsed;cation=unresolved;anion=unresolved
trihexyl(tetradecyl)phosphonium tris(pentafluoroethyl)trifluorophosphate,314.37,101.325,0.123,0.02,trihexyl(tetradecyl)phosphonium tris(pentafluoroethyl)trifluorophosphate,trihexyl(tetradecyl)phosphonium,tris(pentafluoroethyl)trifluorophosphate,,,,parsed;cation=unresolved;anion=unresolved
trihexyl(tetradecyl)phosphonium tris(pentafluoroethyl)trifluorophosphate,325.65,101.325,0.123,0.02,trihexyl(tetradecyl)phosphonium tris(pentafluoroethyl)trifluorophosphate,trihexyl(tetradecyl)phosphonium,tris(pentafluoroethyl)trifluorophosphate,,,,parsed;cation=unresolved;anion=unresolved
trihexyl(tetradecyl)phosphonium tris(pentafluoroethyl)trifluorophosphate,334.58,101.325,0.123,0.02,trihexyl(tetradecyl)phosphonium tris(pentafluoroethyl)trifluorophosphate,trihexyl(tetradecyl)phosphonium,tris(pentafluoroethyl)trifluorophosphate,,,,parsed;cation=unresolved;anion=unresolved
trihexyl(tetradecyl)phosphonium tris(pentafluoroethyl)trifluorophosphate,344.18,101.325,0.123,0.02,trihexyl(tetradecyl)phosphonium tris(pentafluoroethyl)trifluorophosphate,trihexyl(tetradecyl)phosphonium,tris(pentafluoroethyl)trifluorophosphate,,,,parsed;cation=unresolved;anion=unresolved
trihexyl(tetradecyl)phosphonium tris(pentafluoroethyl)trifluorophosphate,355.07,101.325,0.121,0.02,trihexyl(tetradecyl)phosphonium tris(pentafluoroethyl)trifluorophosphate,trihexyl(tetradecyl)phosphonium,tris(pentafluoroethyl)trifluorophosphate,,,,parsed;cation=unresolved;anion=unresolved
trihexyl(tetradecyl)phosphonium butyrate,277.77,101.325,0.16,0.0097,trihexyl(tetradecyl)phosphonium butyrate,trihexyl(tetradecyl)phosphonium,butyrate,,,,parsed;cation=unresolved;anion=unresolved
trihexyl(tetradecyl)phosphonium butyrate,288.17,101.325,0.159,0.0087,trihexyl(tetradecyl)phosphonium butyrate,trihexyl(tetradecyl)phosphonium,butyrate,,,,parsed;cation=unresolved;anion=unresolved
trihexyl(tetradecyl)phosphonium butyrate,298.48,101.325,0.1566,0.0095,trihexyl(tetradecyl)phosphonium butyrate,trihexyl(tetradecyl)phosphonium,butyrate,,,,parsed;cation=unresolved;anion=unresolved
trihexyl(tetradecyl)phosphonium butyrate,306.44,101.325,0.1553,0.0095,trihexyl(tetradecyl)phosphonium butyrate,trihexyl(tetradecyl)phosphonium,butyrate,,,,parsed;cation=unresolved;anion=unresolved
trihexyl(tetradecyl)phosphonium butyrate,318.11,101.325,0.1543,0.0081,trihexyl(tetradecyl)phosphonium butyrate,trihexyl(tetradecyl)phosphonium,butyrate,,,,parsed;cation=unresolved;anion=unresolved
trihexyl(tetradecyl)phosphonium butyrate,327.69,101.325,0.153,0.011,trihexyl(tetradecyl)phosphonium butyrate,trihexyl(tetradecyl)phosphonium,butyrate,,,,parsed;cation=unresolved;anion=unresolved
trihexyl(tetradecyl)phosphonium butyrate,336.59,101.325,0.151,0.012,trihexyl(tetradecyl)phosphonium butyrate,trihexyl(tetradecyl)phosphonium,butyrate,,,,parsed;cation=unresolved;anion=unresolved
trihexyl(tetradecyl)phosphonium butyrate,348.16,101.325,0.15,0.01,trihexyl(tetradecyl)phosphonium butyrate,trihexyl(tetradecyl)phosphonium,butyrate,,,,parsed;cation=unresolved;anion=unresolved
trihexyl(tetradecyl)phosphonium butyrate,355.83,101.325,0.149,0.011,trihexyl(tetradecyl)phosphonium butyrate,trihexyl(tetradecyl)phosphonium,butyrate,,,,parsed;cation=unresolved;anion=unresolved
trihexyl(tetradecyl)phosphonium hexanoate,278.22,101.325,0.1591,0.0095,trihexyl(tetradecyl)phosphonium hexanoate,trihexyl(tetradecyl)phosphonium,hexanoate,,,,parsed;cation=unresolved;anion=unresolved
trihexyl(tetradecyl)phosphonium hexanoate,287.73,101.325,0.157,0.01,trihexyl(tetradecyl)phosphonium hexanoate,trihexyl(tetradecyl)phosphonium,hexanoate,,,,parsed;cation=unresolved;anion=unresolved
trihexyl(tetradecyl)phosphonium hexanoate,298.98,101.325,0.156,0.0096,trihexyl(tetradecyl)phosphonium hexanoate,trihexyl(tetradecyl)phosphonium,hexanoate,,,,parsed;cation=unresolved;anion=unresolved
trihexyl(tetradecyl)phosphonium hexanoate,307.3,101.325,0.155,0.01,trihexyl(tetradecyl)phosphonium hexanoate,trihexyl(tetradecyl)phosphonium,hexanoate,,,,parsed;cation=unresolved;anion=unresolved
trihexyl(tetradecyl)phosphonium hexanoate,318.15,101.325,0.153,0.01,trihexyl(tetradecyl)phosphonium hexanoate,trihexyl(tetradecyl)phosphonium,hexanoate,,,,parsed;cation=unresolved;anion=unresolved
trihexyl(tetradecyl)phosphonium hexanoate,329.17,101.325,0.151,0.011,trihexyl(tetradecyl)phosphonium hexanoate,trihexyl(tetradecyl)phosphonium,hexanoate,,,,parsed;cation=unresolved;anion=unresolved
trihexyl(tetradecyl)phosphonium hexanoate,336.96,101.325,0.15,0.011,trihexyl(tetradecyl)phosphonium hexanoate,trihexyl(tetradecyl)phosphonium,hexanoate,,,,parsed;cation=unresolved;anion=unresolved
trihexyl(tetradecyl)phosphonium hexanoate,347.73,101.325,0.15,0.011,trihexyl(tetradecyl)phosphonium hexanoate,trihexyl(tetradecyl)phosphonium,hexanoate,,,,parsed;cation=unresolved;anion=unresolved
trihexyl(tetradecyl)phosphonium hexanoate,357.74,101.325,0.148,0.01,trihexyl(tetradecyl)phosphonium hexanoate,trihexyl(tetradecyl)phosphonium,hexanoate,,,,parsed;cation=unresolved;anion=unresolved
trihexyltetradecylphosphonium decanoate,278.09,101.325,0.1601,0.0093,trihexyltetradecylphosphonium decanoate,trihexyltetradecylphosphonium,decanoate,,,,parsed;cation=unresolved;anion=unresolved
trihexyltetradecylphosphonium decanoate,288.0,101.325,0.1591,0.0091,trihexyltetradecylphosphonium decanoate,trihexyltetradecylphosphonium,decanoate,,,,parsed;cation=unresolved;anion=unresolved
trihexyltetradecylphosphonium decanoate,297.79,101.325,0.1571,0.0097,trihexyltetradecylphosphonium decanoate,trihexyltetradecylphosphonium,decanoate,,,,parsed;cation=unresolved;anion=unresolved
trihexyltetradecylphosphonium decanoate,308.16,101.325,0.154,0.01,trihexyltetradecylphosphonium decanoate,trihexyltetradecylphosphonium,decanoate,,,,parsed;cation=unresolved;anion=unresolved
trihexyltetradecylphosphonium decanoate,318.13,101.325,0.154,0.01,trihexyltetradecylphosphonium decanoate,trihexyltetradecylphosphonium,decanoate,,,,parsed;cation=unresolved;anion=unresolved
trihexyltetradecylphosphonium decanoate,326.82,101.325,0.1535,0.0098,trihexyltetradecylphosphonium decanoate,trihexyltetradecylphosphonium,decanoate,,,,parsed;cation=unresolved;anion=unresolved
trihexyltetradecylphosphonium decanoate,338.5,101.325,0.151,0.011,trihexyltetradecylphosphonium decanoate,trihexyltetradecylphosphonium,decanoate,,,,parsed;cation=unresolved;anion=unresolved
trihexyltetradecylphosphonium decanoate,347.3,101.325,0.15,0.012,trihexyltetradecylphosphonium decanoate,trihexyltetradecylphosphonium,decanoate,,,,parsed;cation=unresolved;anion=unresolved
trihexyltetradecylphosphonium decanoate,358.21,101.325,0.149,0.011,trihexyltetradecylphosphonium decanoate,trihexyltetradecylphosphonium,decanoate,,,,parsed;cation=unresolved;anion=unresolved
trihexyl(tetradecyl)phosphonium acetate,278.37,101.325,0.1629,0.0089,trihexyl(tetradecyl)phosphonium acetate,trihexyl(tetradecyl)phosphonium,acetate,,CC(=O)[O-],,parsed;cation=unresolved;anion=builtin
trihexyl(tetradecyl)phosphonium acetate,288.1,101.325,0.1612,0.0085,trihexyl(tetradecyl)phosphonium acetate,trihexyl(tetradecyl)phosphonium,acetate,,CC(=O)[O-],,parsed;cation=unresolved;anion=builtin
trihexyl(tetradecyl)phosphonium acetate,298.16,101.325,0.1602,0.0095,trihexyl(tetradecyl)phosphonium acetate,trihexyl(tetradecyl)phosphonium,acetate,,CC(=O)[O-],,parsed;cation=unresolved;anion=builtin
trihexyl(tetradecyl)phosphonium acetate,307.92,101.325,0.16,0.01,trihexyl(tetradecyl)phosphonium acetate,trihexyl(tetradecyl)phosphonium,acetate,,CC(=O)[O-],,parsed;cation=unresolved;anion=builtin
trihexyl(tetradecyl)phosphonium acetate,317.98,101.325,0.158,0.01,trihexyl(tetradecyl)phosphonium acetate,trihexyl(tetradecyl)phosphonium,acetate,,CC(=O)[O-],,parsed;cation=unresolved;anion=builtin
trihexyl(tetradecyl)phosphonium acetate,328.08,101.325,0.157,0.011,trihexyl(tetradecyl)phosphonium acetate,trihexyl(tetradecyl)phosphonium,acetate,,CC(=O)[O-],,parsed;cation=unresolved;anion=builtin
trihexyl(tetradecyl)phosphonium acetate,338.0,101.325,0.156,0.011,trihexyl(tetradecyl)phosphonium acetate,trihexyl(tetradecyl)phosphonium,acetate,,CC(=O)[O-],,parsed;cation=unresolved;anion=builtin
trihexyl(tetradecyl)phosphonium acetate,348.06,101.325,0.155,0.01,trihexyl(tetradecyl)phosphonium acetate,trihexyl(tetradecyl)phosphonium,acetate,,CC(=O)[O-],,parsed;cation=unresolved;anion=builtin
trihexyl(tetradecyl)phosphonium acetate,357.1,101.325,0.154,0.01,trihexyl(tetradecyl)phosphonium acetate,trihexyl(tetradecyl)phosphonium,acetate,,CC(=O)[O-],,parsed;cation=unresolved;anion=builtin
trihexyl(tetradecyl)phosphonium octanoate,278.28,101.325,0.161,0.011,trihexyl(tetradecyl)phosphonium octanoate,trihexyl(tetradecyl)phosphonium,octanoate,,,,parsed;cation=unresolved;anion=unresolved
trihexyl(tetradecyl)phosphonium octanoate,288.24,101.325,0.16,0.011,trihexyl(tetradecyl)phosphonium octanoate,trihexyl(tetradecyl)phosphonium,octanoate,,,,parsed;cation=unresolved;anion=unresolved
trihexyl(tetradecyl)phosphonium octanoate,297.87,101.325,0.158,0.01,trihexyl(tetradecyl)phosphonium octanoate,trihexyl(tetradecyl)phosphonium,octanoate,,,,parsed;cation=unresolved;anion=unresolved
trihexyl(tetradecyl)phosphonium octanoate,307.71,101.325,0.157,0.011,trihexyl(tetradecyl)phosphonium octanoate,trihexyl(tetradecyl)phosphonium,octanoate,,,,parsed;cation=unresolved;anion=unresolved
trihexyl(tetradecyl)phosphonium octanoate,317.92,101.325,0.156,0.011,trihexyl(tetradecyl)phosphonium octanoate,trihexyl(tetradecyl)phosphonium,octanoate,,,,parsed;cation=unresolved;anion=unresolved
trihexyl(tetradecyl)phosphonium octanoate,328.17,101.325,0.155,0.012,trihexyl(tetradecyl)phosphonium octanoate,trihexyl(tetradecyl)phosphonium,octanoate,,,,parsed;cation=unresolved;anion=unresolved
trihexyl(tetradecyl)phosphonium octanoate,337.66,101.325,0.153,0.012,trihexyl(tetradecyl)phosphonium octanoate,trihexyl(tetradecyl)phosphonium,octanoate,,,,parsed;cation=unresolved;anion=unresolved
trihexyl(tetradecyl)phosphonium octanoate,347.76,101.325,0.151,0.012,trihexyl(tetradecyl)phosphonium octanoate,trihexyl(tetradecyl)phosphonium,octanoate,,,,parsed;cation=unresolved;anion=unresolved
trihexyl(tetradecyl)phosphonium octanoate,358.08,101.325,0.15,0.012,trihexyl(tetradecyl)phosphonium octanoate,trihexyl(tetradecyl)phosphonium,octanoate,,,,parsed;cation=unresolved;anion=unresolved
trihexyl(tetradecyl)phosphonium bis[(trifluoromethyl)sulfonyl]imide,285.65,101.325,0.139,0.02,trihexyl(tetradecyl)phosphonium bis[(trifluoromethyl)sulfonyl]imide,trihexyl(tetradecyl)phosphonium,bis[(trifluoromethyl)sulfonyl]imide,,,,parsed;cation=unresolved;anion=unresolved
trihexyl(tetradecyl)phosphonium bis[(trifluoromethyl)sulfonyl]imide,293.14,101.325,0.138,0.02,trihexyl(tetradecyl)phosphonium bis[(trifluoromethyl)sulfonyl]imide,trihexyl(tetradecyl)phosphonium,bis[(trifluoromethyl)sulfonyl]imide,,,,parsed;cation=unresolved;anion=unresolved
trihexyl(tetradecyl)phosphonium bis[(trifluoromethyl)sulfonyl]imide,297.72,101.325,0.137,0.02,trihexyl(tetradecyl)phosphonium bis[(trifluoromethyl)sulfonyl]imide,trihexyl(tetradecyl)phosphonium,bis[(trifluoromethyl)sulfonyl]imide,,,,parsed;cation=unresolved;anion=unresolved
trihexyl(tetradecyl)phosphonium bis[(trifluoromethyl)sulfonyl]imide,302.37,101.325,0.137,0.02,trihexyl(tetradecyl)phosphonium bis[(trifluoromethyl)sulfonyl]imide,trihexyl(tetradecyl)phosphonium,bis[(trifluoromethyl)sulfonyl]imide,,,,parsed;cation=unresolved;anion=unresolved
trihexyl(tetradecyl)phosphonium bis[(trifluoromethyl)sulfonyl]imide,313.04,101.325,0.135,0.02,trihexyl(tetradecyl)phosphonium bis[(trifluoromethyl)sulfonyl]imide,trihexyl(tetradecyl)phosphonium,bis[(trifluoromethyl)sulfonyl]imide,,,,parsed;cation=unresolved;anion=unresolved
trihexyl(tetradecyl)phosphonium bis[(trifluoromethyl)sulfonyl]imide,323.58,101.325,0.134,0.02,trihexyl(tetradecyl)phosphonium bis[(trifluoromethyl)sulfonyl]imide,trihexyl(tetradecyl)phosphonium,bis[(trifluoromethyl)sulfonyl]imide,,,,parsed;cation=unresolved;anion=unresolved
trihexyl(tetradecyl)phosphonium bis[(trifluoromethyl)sulfonyl]imide,333.55,101.325,0.135,0.02,trihexyl(tetradecyl)phosphonium bis[(trifluoromethyl)sulfonyl]imide,trihexyl(tetradecyl)phosphonium,bis[(trifluoromethyl)sulfonyl]imide,,,,parsed;cation=unresolved;anion=unresolved
tetrabutylphosphonium L-cysteinate,298.15,101.325,0.152,0.01,tetrabutylphosphonium L-cysteinate,tetrabutylphosphonium,L-cysteinate,,N[C@@H](CS)C([O-])=O,,parsed;cation=unresolved;anion=cache:cactus
tetrabutylphosphonium L-cysteinate,303.15,101.325,0.151,0.01,tetrabutylphosphonium L-cysteinate,tetrabutylphosphonium,L-cysteinate,,N[C@@H](CS)C([O-])=O,,parsed;cation=unresolved;anion=cache:cactus
tetrabutylphosphonium L-cysteinate,313.15,101.325,0.15,0.01,tetrabutylphosphonium L-cysteinate,tetrabutylphosphonium,L-cysteinate,,N[C@@H](CS)C([O-])=O,,parsed;cation=unresolved;anion=cache:cactus
tetrabutylphosphonium L-cysteinate,323.15,101.325,0.149,0.01,tetrabutylphosphonium L-cysteinate,tetrabutylphosphonium,L-cysteinate,,N[C@@H](CS)C([O-])=O,,parsed;cation=unresolved;anion=cache:cactus
tetrabutylphosphonium L-cysteinate,333.15,101.325,0.148,0.01,tetrabutylphosphonium L-cysteinate,tetrabutylphosphonium,L-cysteinate,,N[C@@H](CS)C([O-])=O,,parsed;cation=unresolved;anion=cache:cactus
tetrabutylphosphonium L-cysteinate,343.15,101.325,0.147,0.01,tetrabutylphosphonium L-cysteinate,tetrabutylphosphonium,L-cysteinate,,N[C@@H](CS)C([O-])=O,,parsed;cation=unresolved;anion=cache:cactus
tetrabutylphosphonium L-cysteinate,353.15,101.325,0.146,0.01,tetrabutylphosphonium L-cysteinate,tetrabutylphosphonium,L-cysteinate,,N[C@@H](CS)C([O-])=O,,parsed;cation=unresolved;anion=cache:cactus
tetrabutylphosphonium L-lysinate,298.15,101.325,0.163,0.01,tetrabutylphosphonium L-lysinate,tetrabutylphosphonium,L-lysinate,,NCCCC[C@H](N)C([O-])=O,,parsed;cation=unresolved;anion=cache:cactus
tetrabutylphosphonium L-lysinate,303.15,101.325,0.163,0.01,tetrabutylphosphonium L-lysinate,tetrabutylphosphonium,L-lysinate,,NCCCC[C@H](N)C([O-])=O,,parsed;cation=unresolved;anion=cache:cactus
tetrabutylphosphonium L-lysinate,313.15,101.325,0.162,0.01,tetrabutylphosphonium L-lysinate,tetrabutylphosphonium,L-lysinate,,NCCCC[C@H](N)C([O-])=O,,parsed;cation=unresolved;anion=cache:cactus
tetrabutylphosphonium L-lysinate,323.15,101.325,0.161,0.01,tetrabutylphosphonium L-lysinate,tetrabutylphosphonium,L-lysinate,,NCCCC[C@H](N)C([O-])=O,,parsed;cation=unresolved;anion=cache:cactus
tetrabutylphosphonium L-lysinate,333.15,101.325,0.16,0.01,tetrabutylphosphonium L-lysinate,tetrabutylphosphonium,L-lysinate,,NCCCC[C@H](N)C([O-])=O,,parsed;cation=unresolved;anion=cache:cactus
tetrabutylphosphonium L-lysinate,343.15,101.325,0.159,0.01,tetrabutylphosphonium L-lysinate,tetrabutylphosphonium,L-lysinate,,NCCCC[C@H](N)C([O-])=O,,parsed;cation=unresolved;anion=cache:cactus
tetrabutylphosphonium L-lysinate,353.15,101.325,0.158,0.01,tetrabutylphosphonium L-lysinate,tetrabutylphosphonium,L-lysinate,,NCCCC[C@H](N)C([O-])=O,,parsed;cation=unresolved;anion=cache:cactus
tetrabutylphosphonium 2-aminoethanesulfonate,298.15,101.325,0.16,0.01,tetrabutylphosphonium 2-aminoethanesulfonate,tetrabutylphosphonium,2-aminoethanesulfonate,,NCC[S]([O-])(=O)=O,,parsed;cation=unresolved;anion=cache:cactus
tetrabutylphosphonium 2-aminoethanesulfonate,303.15,101.325,0.16,0.01,tetrabutylphosphonium 2-aminoethanesulfonate,tetrabutylphosphonium,2-aminoethanesulfonate,,NCC[S]([O-])(=O)=O,,parsed;cation=unresolved;anion=cache:cactus
tetrabutylphosphonium 2-aminoethanesulfonate,313.15,101.325,0.159,0.01,tetrabutylphosphonium 2-aminoethanesulfonate,tetrabutylphosphonium,2-aminoethanesulfonate,,NCC[S]([O-])(=O)=O,,parsed;cation=unresolved;anion=cache:cactus
tetrabutylphosphonium 2-aminoethanesulfonate,323.15,101.325,0.158,0.01,tetrabutylphosphonium 2-aminoethanesulfonate,tetrabutylphosphonium,2-aminoethanesulfonate,,NCC[S]([O-])(=O)=O,,parsed;cation=unresolved;anion=cache:cactus
tetrabutylphosphonium 2-aminoethanesulfonate,333.15,101.325,0.157,0.01,tetrabutylphosphonium 2-aminoethanesulfonate,tetrabutylphosphonium,2-aminoethanesulfonate,,NCC[S]([O-])(=O)=O,,parsed;cation=unresolved;anion=cache:cactus
tetrabutylphosphonium 2-aminoethanesulfonate,343.15,101.325,0.156,0.01,tetrabutylphosphonium 2-aminoethanesulfonate,tetrabutylphosphonium,2-aminoethanesulfonate,,NCC[S]([O-])(=O)=O,,parsed;cation=unresolved;anion=cache:cactus
tetrabutylphosphonium 2-aminoethanesulfonate,353.15,101.325,0.155,0.01,tetrabutylphosphonium 2-aminoethanesulfonate,tetrabutylphosphonium,2-aminoethanesulfonate,,NCC[S]([O-])(=O)=O,,parsed;cation=unresolved;anion=cache:cactus
tetrabutylphosphonium L-serinate,298.15,101.325,0.161,0.01,tetrabutylphosphonium L-serinate,tetrabutylphosphonium,L-serinate,,N[C@@H](CO)C([O-])=O,,parsed;cation=unresolved;anion=cache:cactus
tetrabutylphosphonium L-serinate,303.15,101.325,0.16,0.01,tetrabutylphosphonium L-serinate,tetrabutylphosphonium,L-serinate,,N[C@@H](CO)C([O-])=O,,parsed;cation=unresolved;anion=cache:cactus
tetrabutylphosphonium L-serinate,313.15,101.325,0.159,0.01,tetrabutylphosphonium L-serinate,tetrabutylphosphonium,L-serinate,,N[C@@H](CO)C([O-])=O,,parsed;cation=unresolved;anion=cache:cactus
tetrabutylphosphonium L-serinate,323.15,101.325,0.158,0.01,tetrabutylphosphonium L-serinate,tetrabutylphosphonium,L-serinate,,N[C@@H](CO)C([O-])=O,,parsed;cation=unresolved;anion=cache:cactus
tetrabutylphosphonium L-serinate,333.15,101.325,0.157,0.01,tetrabutylphosphonium L-serinate,tetrabutylphosphonium,L-serinate,,N[C@@H](CO)C([O-])=O,,parsed;cation=unresolved;anion=cache:cactus
tetrabutylphosphonium L-serinate,343.15,101.325,0.156,0.01,tetrabutylphosphonium L-serinate,tetrabutylphosphonium,L-serinate,,N[C@@H](CO)C([O-])=O,,parsed;cation=unresolved;anion=cache:cactus
tetrabutylphosphonium L-serinate,353.15,101.325,0.155,0.01,tetrabutylphosphonium L-serinate,tetrabutylphosphonium,L-serinate,,N[C@@H](CO)C([O-])=O,,parsed;cation=unresolved;anion=cache:cactus
tetrabutylphosphonium L-prolinate,298.15,101.325,0.154,0.01,tetrabutylphosphonium L-prolinate,tetrabutylphosphonium,L-prolinate,,[O-]C(=O)[C@@H]1CCCN1,,parsed;cation=unresolved;anion=cache:cactus
tetrabutylphosphonium L-prolinate,303.15,101.325,0.153,0.01,tetrabutylphosphonium L-prolinate,tetrabutylphosphonium,L-prolinate,,[O-]C(=O)[C@@H]1CCCN1,,parsed;cation=unresolved;anion=cache:cactus
tetrabutylphosphonium L-prolinate,313.15,101.325,0.152,0.01,tetrabutylphosphonium L-prolinate,tetrabutylphosphonium,L-prolinate,,[O-]C(=O)[C@@H]1CCCN1,,parsed;cation=unresolved;anion=cache:cactus
tetrabutylphosphonium L-prolinate,323.15,101.325,0.151,0.01,tetrabutylphosphonium L-prolinate,tetrabutylphosphonium,L-prolinate,,[O-]C(=O)[C@@H]1CCCN1,,parsed;cation=unresolved;anion=cache:cactus
tetrabutylphosphonium L-prolinate,333.15,101.325,0.15,0.01,tetrabutylphosphonium L-prolinate,tetrabutylphosphonium,L-prolinate,,[O-]C(=O)[C@@H]1CCCN1,,parsed;cation=unresolved;anion=cache:cactus
tetrabutylphosphonium L-prolinate,343.15,101.325,0.149,0.01,tetrabutylphosphonium L-prolinate,tetrabutylphosphonium,L-prolinate,,[O-]C(=O)[C@@H]1CCCN1,,parsed;cation=unresolved;anion=cache:cactus
tetrabutylphosphonium L-prolinate,353.15,101.325,0.148,0.01,tetrabutylphosphonium L-prolinate,tetrabutylphosphonium,L-prolinate,,[O-]C(=O)[C@@H]1CCCN1,,parsed;cation=unresolved;anion=cache:cactus
tetrabutylphosphonium L-threoninate,298.15,101.325,0.156,0.01,tetrabutylphosphonium L-threoninate,tetrabutylphosphonium,L-threoninate,,C[C@@H](O)[C@H](N)C([O-])=O,,parsed;cation=unresolved;anion=cache:cactus
tetrabutylphosphonium L-threoninate,303.15,101.325,0.155,0.01,tetrabutylphosphonium L-threoninate,tetrabutylphosphonium,L-threoninate,,C[C@@H](O)[C@H](N)C([O-])=O,,parsed;cation=unresolved;anion=cache:cactus
tetrabutylphosphonium L-threoninate,313.15,101.325,0.154,0.01,tetrabutylphosphonium L-threoninate,tetrabutylphosphonium,L-threoninate,,C[C@@H](O)[C@H](N)C([O-])=O,,parsed;cation=unresolved;anion=cache:cactus
tetrabutylphosphonium L-threoninate,323.15,101.325,0.153,0.01,tetrabutylphosphonium L-threoninate,tetrabutylphosphonium,L-threoninate,,C[C@@H](O)[C@H](N)C([O-])=O,,parsed;cation=unresolved;anion=cache:cactus
tetrabutylphosphonium L-threoninate,333.15,101.325,0.152,0.01,tetrabutylphosphonium L-threoninate,tetrabutylphosphonium,L-threoninate,,C[C@@H](O)[C@H](N)C([O-])=O,,parsed;cation=unresolved;anion=cache:cactus
tetrabutylphosphonium L-threoninate,343.15,101.325,0.152,0.01,tetrabutylphosphonium L-threoninate,tetrabutylphosphonium,L-threoninate,,C[C@@H](O)[C@H](N)C([O-])=O,,parsed;cation=unresolved;anion=cache:cactus
tetrabutylphosphonium L-threoninate,353.15,101.325,0.151,0.01,tetrabutylphosphonium L-threoninate,tetrabutylphosphonium,L-threoninate,,C[C@@H](O)[C@H](N)C([O-])=O,,parsed;cation=unresolved;anion=cache:cactus
trihexyl(tetradecyl)phosphonium chloride,293.0,101.325,0.161,0.01,trihexyl(tetradecyl)phosphonium chloride,trihexyl(tetradecyl)phosphonium,chloride,,[Cl-],,parsed;cation=unresolved;anion=builtin
trihexyl(tetradecyl)phosphonium chloride,303.0,101.325,0.16,0.01,trihexyl(tetradecyl)phosphonium chloride,trihexyl(tetradecyl)phosphonium,chloride,,[Cl-],,parsed;cation=unresolved;anion=builtin
trihexyl(tetradecyl)phosphonium chloride,313.0,101.325,0.159,0.01,trihexyl(tetradecyl)phosphonium chloride,trihexyl(tetradecyl)phosphonium,chloride,,[Cl-],,parsed;cation=unresolved;anion=builtin
trihexyl(tetradecyl)phosphonium chloride,323.0,101.325,0.157,0.01,trihexyl(tetradecyl)phosphonium chloride,trihexyl(tetradecyl)phosphonium,chloride,,[Cl-],,parsed;cation=unresolved;anion=builtin
trihexyl(tetradecyl)phosphonium chloride,333.0,101.325,0.157,0.01,trihexyl(tetradecyl)phosphonium chloride,trihexyl(tetradecyl)phosphonium,chloride,,[Cl-],,parsed;cation=unresolved;anion=builtin
trihexyl(tetradecyl)phosphonium chloride,343.0,101.325,0.156,0.01,trihexyl(tetradecyl)phosphonium chloride,trihexyl(tetradecyl)phosphonium,chloride,,[Cl-],,parsed;cation=unresolved;anion=builtin
trihexyl(tetradecyl)phosphonium chloride,353.0,101.325,0.155,0.01,trihexyl(tetradecyl)phosphonium chloride,trihexyl(tetradecyl)phosphonium,chloride,,[Cl-],,parsed;cation=unresolved;anion=builtin
trihexyl(tetradecyl)phosphonium bis[(trifluoromethyl)sulfonyl]imide,293.0,101.325,0.144,0.01,trihexyl(tetradecyl)phosphonium bis[(trifluoromethyl)sulfonyl]imide,trihexyl(tetradecyl)phosphonium,bis[(trifluoromethyl)sulfonyl]imide,,,,parsed;cation=unresolved;anion=unresolved
trihexyl(tetradecyl)phosphonium bis[(trifluoromethyl)sulfonyl]imide,303.0,101.325,0.143,0.01,trihexyl(tetradecyl)phosphonium bis[(trifluoromethyl)sulfonyl]imide,trihexyl(tetradecyl)phosphonium,bis[(trifluoromethyl)sulfonyl]imide,,,,parsed;cation=unresolved;anion=unresolved
trihexyl(tetradecyl)phosphonium bis[(trifluoromethyl)sulfonyl]imide,313.0,101.325,0.142,0.01,trihexyl(tetradecyl)phosphonium bis[(trifluoromethyl)sulfonyl]imide,trihexyl(tetradecyl)phosphonium,bis[(trifluoromethyl)sulfonyl]imide,,,,parsed;cation=unresolved;anion=unresolved
trihexyl(tetradecyl)phosphonium bis[(trifluoromethyl)sulfonyl]imide,323.0,101.325,0.141,0.01,trihexyl(tetradecyl)phosphonium bis[(trifluoromethyl)sulfonyl]imide,trihexyl(tetradecyl)phosphonium,bis[(trifluoromethyl)sulfonyl]imide,,,,parsed;cation=unresolved;anion=unresolved
trihexyl(tetradecyl)phosphonium bis[(trifluoromethyl)sulfonyl]imide,333.0,101.325,0.141,0.01,trihexyl(tetradecyl)phosphonium bis[(trifluoromethyl)sulfonyl]imide,trihexyl(tetradecyl)phosphonium,bis[(trifluoromethyl)sulfonyl]imide,,,,parsed;cation=unresolved;anion=unresolved
trihexyl(tetradecyl)phosphonium bis[(trifluoromethyl)sulfonyl]imide,343.0,101.325,0.14,0.01,trihexyl(tetradecyl)phosphonium bis[(trifluoromethyl)sulfonyl]imide,trihexyl(tetradecyl)phosphonium,bis[(trifluoromethyl)sulfonyl]imide,,,,parsed;cation=unresolved;anion=unresolved
trihexyl(tetradecyl)phosphonium bis[(trifluoromethyl)sulfonyl]imide,353.0,101.325,0.139,0.01,trihexyl(tetradecyl)phosphonium bis[(trifluoromethyl)sulfonyl]imide,trihexyl(tetradecyl)phosphonium,bis[(trifluoromethyl)sulfonyl]imide,,,,parsed;cation=unresolved;anion=unresolved
Tributylmethylphosphonium bis[(trifluoromethyl)sulfonyl]imide,283.15,101.325,0.126,0.002,Tributylmethylphosphonium bis[(trifluoromethyl)sulfonyl]imide,Tributylmethylphosphonium,bis[(trifluoromethyl)sulfonyl]imide,CCCC[P+](C)(CCCC)CCCC,,,parsed;cation=cache:cactus;anion=unresolved
Tributylmethylphosphonium bis[(trifluoromethyl)sulfonyl]imide,293.15,101.325,0.126,0.002,Tributylmethylphosphonium bis[(trifluoromethyl)sulfonyl]imide,Tributylmethylphosphonium,bis[(trifluoromethyl)sulfonyl]imide,CCCC[P+](C)(CCCC)CCCC,,,parsed;cation=cache:cactus;anion=unresolved
Tributylmethylphosphonium bis[(trifluoromethyl)sulfonyl]imide,303.15,101.325,0.125,0.002,Tributylmethylphosphonium bis[(trifluoromethyl)sulfonyl]imide,Tributylmethylphosphonium,bis[(trifluoromethyl)sulfonyl]imide,CCCC[P+](C)(CCCC)CCCC,,,parsed;cation=cache:cactus;anion=unresolved
Tributylmethylphosphonium bis[(trifluoromethyl)sulfonyl]imide,313.15,101.325,0.122,0.002,Tributylmethylphosphonium bis[(trifluoromethyl)sulfonyl]imide,Tributylmethylphosphonium,bis[(trifluoromethyl)sulfonyl]imide,CCCC[P+](C)(CCCC)CCCC,,,parsed;cation=cache:cactus;anion=unresolved
Tributylmethylphosphonium bis[(trifluoromethyl)sulfonyl]imide,323.15,101.325,0.123,0.002,Tributylmethylphosphonium bis[(trifluoromethyl)sulfonyl]imide,Tributylmethylphosphonium,bis[(trifluoromethyl)sulfonyl]imide,CCCC[P+](C)(CCCC)CCCC,,,parsed;cation=cache:cactus;anion=unresolved
Tributylmethylphosphonium bis[(trifluoromethyl)sulfonyl]imide,333.15,101.325,0.122,0.002,Tributylmethylphosphonium bis[(trifluoromethyl)sulfonyl]imide,Tributylmethylphosphonium,bis[(trifluoromethyl)sulfonyl]imide,CCCC[P+](C)(CCCC)CCCC,,,parsed;cation=cache:cactus;anion=unresolved
Tributylmethylphosphonium bis[(trifluoromethyl)sulfonyl]imide,343.15,101.325,0.121,0.002,Tributylmethylphosphonium bis[(trifluoromethyl)sulfonyl]imide,Tributylmethylphosphonium,bis[(trifluoromethyl)sulfonyl]imide,CCCC[P+](C)(CCCC)CCCC,,,parsed;cation=cache:cactus;anion=unresolved
tributylmethylphosphonium methyl sulfate,293.15,101.325,0.16,0.002,tributylmethylphosphonium methyl sulfate,Tributylmethylphosphonium,methyl sulfate,CCCC[P+](C)(CCCC)CCCC,,,parsed;cation=cache:cactus;anion=unresolved
tributylmethylphosphonium methyl sulfate,303.15,101.325,0.159,0.002,tributylmethylphosphonium methyl sulfate,Tributylmethylphosphonium,methyl sulfate,CCCC[P+](C)(CCCC)CCCC,,,parsed;cation=cache:cactus;anion=unresolved
tributylmethylphosphonium methyl sulfate,313.15,101.325,0.159,0.002,tributylmethylphosphonium methyl sulfate,Tributylmethylphosphonium,methyl sulfate,CCCC[P+](C)(CCCC)CCCC,,,parsed;cation=cache:cactus;anion=unresolved
tributylmethylphosphonium methyl sulfate,323.15,101.325,0.158,0.002,tributylmethylphosphonium methyl sulfate,Tributylmethylphosphonium,methyl sulfate,CCCC[P+](C)(CCCC)CCCC,,,parsed;cation=cache:cactus;anion=unresolved
tributylmethylphosphonium methyl sulfate,333.15,101.325,0.157,0.002,tributylmethylphosphonium methyl sulfate,Tributylmethylphosphonium,methyl sulfate,CCCC[P+](C)(CCCC)CCCC,,,parsed;cation=cache:cactus;anion=unresolved
tributylmethylphosphonium methyl sulfate,343.15,101.325,0.157,0.002,tributylmethylphosphonium methyl sulfate,Tributylmethylphosphonium,methyl sulfate,CCCC[P+](C)(CCCC)CCCC,,,parsed;cation=cache:cactus;anion=unresolved
tetrabutylphosphonium L-valinate,313.15,101.325,0.157,0.01,tetrabutylphosphonium L-valinate,tetrabutylphosphonium,L-valinate,,CC(C)[C@H](N)C([O-])=O,,parsed;cation=unresolved;anion=cache:cactus
tetrabutylphosphonium L-valinate,323.15,101.325,0.156,0.01,tetrabutylphosphonium L-valinate,tetrabutylphosphonium,L-valinate,,CC(C)[C@H](N)C([O-])=O,,parsed;cation=unresolved;anion=cache:cactus
tetrabutylphosphonium L-valinate,333.15,101.325,0.155,0.01,tetrabutylphosphonium L-valinate,tetrabutylphosphonium,L-valinate,,CC(C)[C@H](N)C([O-])=O,,parsed;cation=unresolved;anion=cache:cactus
tetrabutylphosphonium L-valinate,343.15,101.325,0.154,0.01,tetrabutylphosphonium L-valinate,tetrabutylphosphonium,L-valinate,,CC(C)[C@H](N)C([O-])=O,,parsed;cation=unresolved;anion=cache:cactus
tetrabutylphosphonium L-valinate,353.15,101.325,0.153,0.01,tetrabutylphosphonium L-valinate,tetrabutylphosphonium,L-valinate,,CC(C)[C@H](N)C([O-])=O,,parsed;cation=unresolved;anion=cache:cactus
1-hexylpyridinium tetrafluoroborate,294.2,100.0,0.163,0.009,1-hexylpyridinium tetrafluoroborate,1-hexylpyridinium,tetrafluoroborate,CCCCCC[n+]1ccccc1,F[B-](F)(F)F,CCCCCC[n+]1ccccc1.F[B-](F)(F)F,ok
1-hexylpyridinium tetrafluoroborate,294.2,10000.0,0.165,0.009,1-hexylpyridinium tetrafluoroborate,1-hexylpyridinium,tetrafluoroborate,CCCCCC[n+]1ccccc1,F[B-](F)(F)F,CCCCCC[n+]1ccccc1.F[B-](F)(F)F,ok
1-hexylpyridinium tetrafluoroborate,294.2,20000.0,0.166,0.009,1-hexylpyridinium tetrafluoroborate,1-hexylpyridinium,tetrafluoroborate,CCCCCC[n+]1ccccc1,F[B-](F)(F)F,CCCCCC[n+]1ccccc1.F[B-](F)(F)F,ok
1-hexylpyridinium tetrafluoroborate,314.3,100.0,0.163,0.009,1-hexylpyridinium tetrafluoroborate,1-hexylpyridinium,tetrafluoroborate,CCCCCC[n+]1ccccc1,F[B-](F)(F)F,CCCCCC[n+]1ccccc1.F[B-](F)(F)F,ok
1-hexylpyridinium tetrafluoroborate,314.3,10000.0,0.163,0.009,1-hexylpyridinium tetrafluoroborate,1-hexylpyridinium,tetrafluoroborate,CCCCCC[n+]1ccccc1,F[B-](F)(F)F,CCCCCC[n+]1ccccc1.F[B-](F)(F)F,ok
1-hexylpyridinium tetrafluoroborate,314.3,20000.0,0.164,0.009,1-hexylpyridinium tetrafluoroborate,1-hexylpyridinium,tetrafluoroborate,CCCCCC[n+]1ccccc1,F[B-](F)(F)F,CCCCCC[n+]1ccccc1.F[B-](F)(F)F,ok
1-hexylpyridinium tetrafluoroborate,334.3,100.0,0.161,0.008,1-hexylpyridinium tetrafluoroborate,1-hexylpyridinium,tetrafluoroborate,CCCCCC[n+]1ccccc1,F[B-](F)(F)F,CCCCCC[n+]1ccccc1.F[B-](F)(F)F,ok
1-hexylpyridinium tetrafluoroborate,334.3,10000.0,0.162,0.009,1-hexylpyridinium tetrafluoroborate,1-hexylpyridinium,tetrafluoroborate,CCCCCC[n+]1ccccc1,F[B-](F)(F)F,CCCCCC[n+]1ccccc1.F[B-](F)(F)F,ok
1-hexylpyridinium tetrafluoroborate,334.3,20000.0,0.163,0.009,1-hexylpyridinium tetrafluoroborate,1-hexylpyridinium,tetrafluoroborate,CCCCCC[n+]1ccccc1,F[B-](F)(F)F,CCCCCC[n+]1ccccc1.F[B-](F)(F)F,ok
1-octylpyridinium tetrafluoroborate,294.2,100.0,0.16,0.008,1-octylpyridinium tetrafluoroborate,1-octylpyridinium,tetrafluoroborate,CCCCCCCC[n+]1ccccc1,F[B-](F)(F)F,CCCCCCCC[n+]1ccccc1.F[B-](F)(F)F,ok
1-octylpyridinium tetrafluoroborate,294.2,10000.0,0.163,0.009,1-octylpyridinium tetrafluoroborate,1-octylpyridinium,tetrafluoroborate,CCCCCCCC[n+]1ccccc1,F[B-](F)(F)F,CCCCCCCC[n+]1ccccc1.F[B-](F)(F)F,ok
1-octylpyridinium tetrafluoroborate,294.2,20000.0,0.165,0.009,1-octylpyridinium tetrafluoroborate,1-octylpyridinium,tetrafluoroborate,CCCCCCCC[n+]1ccccc1,F[B-](F)(F)F,CCCCCCCC[n+]1ccccc1.F[B-](F)(F)F,ok
1-octylpyridinium tetrafluoroborate,314.3,100.0,0.16,0.008,1-octylpyridinium tetrafluoroborate,1-octylpyridinium,tetrafluoroborate,CCCCCCCC[n+]1ccccc1,F[B-](F)(F)F,CCCCCCCC[n+]1ccccc1.F[B-](F)(F)F,ok
1-octylpyridinium tetrafluoroborate,314.3,10000.0,0.161,0.008,1-octylpyridinium tetrafluoroborate,1-octylpyridinium,tetrafluoroborate,CCCCCCCC[n+]1ccccc1,F[B-](F)(F)F,CCCCCCCC[n+]1ccccc1.F[B-](F)(F)F,ok
1-octylpyridinium tetrafluoroborate,314.3,20000.0,0.164,0.009,1-octylpyridinium tetrafluoroborate,1-octylpyridinium,tetrafluoroborate,CCCCCCCC[n+]1ccccc1,F[B-](F)(F)F,CCCCCCCC[n+]1ccccc1.F[B-](F)(F)F,ok
1-octylpyridinium tetrafluoroborate,334.3,100.0,0.158,0.008,1-octylpyridinium tetrafluoroborate,1-octylpyridinium,tetrafluoroborate,CCCCCCCC[n+]1ccccc1,F[B-](F)(F)F,CCCCCCCC[n+]1ccccc1.F[B-](F)(F)F,ok
1-octylpyridinium tetrafluoroborate,334.3,10000.0,0.159,0.008,1-octylpyridinium tetrafluoroborate,1-octylpyridinium,tetrafluoroborate,CCCCCCCC[n+]1ccccc1,F[B-](F)(F)F,CCCCCCCC[n+]1ccccc1.F[B-](F)(F)F,ok
1-octylpyridinium tetrafluoroborate,334.3,20000.0,0.161,0.008,1-octylpyridinium tetrafluoroborate,1-octylpyridinium,tetrafluoroborate,CCCCCCCC[n+]1ccccc1,F[B-](F)(F)F,CCCCCCCC[n+]1ccccc1.F[B-](F)(F)F,ok
1-butylpyridinium tetrafluoroborate,294.2,100.0,0.171,0.009,1-butylpyridinium tetrafluoroborate,1-butylpyridinium,tetrafluoroborate,CCCC[n+]1ccccc1,F[B-](F)(F)F,CCCC[n+]1ccccc1.F[B-](F)(F)F,ok
1-butylpyridinium tetrafluoroborate,294.2,10000.0,0.171,0.009,1-butylpyridinium tetrafluoroborate,1-butylpyridinium,tetrafluoroborate,CCCC[n+]1ccccc1,F[B-](F)(F)F,CCCC[n+]1ccccc1.F[B-](F)(F)F,ok
1-butylpyridinium tetrafluoroborate,294.2,20000.0,0.173,0.009,1-butylpyridinium tetrafluoroborate,1-butylpyridinium,tetrafluoroborate,CCCC[n+]1ccccc1,F[B-](F)(F)F,CCCC[n+]1ccccc1.F[B-](F)(F)F,ok
1-butylpyridinium tetrafluoroborate,314.3,100.0,0.17,0.009,1-butylpyridinium tetrafluoroborate,1-butylpyridinium,tetrafluoroborate,CCCC[n+]1ccccc1,F[B-](F)(F)F,CCCC[n+]1ccccc1.F[B-](F)(F)F,ok
1-butylpyridinium tetrafluoroborate,314.3,10000.0,0.171,0.009,1-butylpyridinium tetrafluoroborate,1-butylpyridinium,tetrafluoroborate,CCCC[n+]1ccccc1,F[B-](F)(F)F,CCCC[n+]1ccccc1.F[B-](F)(F)F,ok
1-butylpyridinium tetrafluoroborate,314.3,20000.0,0.173,0.009,1-butylpyridinium tetrafluoroborate,1-butylpyridinium,tetrafluoroborate,CCCC[n+]1ccccc1,F[B-](F)(F)F,CCCC[n+]1ccccc1.F[B-](F)(F)F,ok
1-butylpyridinium tetrafluoroborate,334.3,100.0,0.169,0.009,1-butylpyridinium tetrafluoroborate,1-butylpyridinium,tetrafluoroborate,CCCC[n+]1ccccc1,F[B-](F)(F)F,CCCC[n+]1ccccc1.F[B-](F)(F)F,ok
1-butylpyridinium tetrafluoroborate,334.3,10000.0,0.171,0.009,1-butylpyridinium tetrafluoroborate,1-butylpyridinium,tetrafluoroborate,CCCC[n+]1ccccc1,F[B-](F)(F)F,CCCC[n+]1ccccc1.F[B-](F)(F)F,ok
1-butylpyridinium tetrafluoroborate,334.3,20000.0,0.172,0.009,1-butylpyridinium tetrafluoroborate,1-butylpyridinium,tetrafluoroborate,CCCC[n+]1ccccc1,F[B-](F)(F)F,CCCC[n+]1ccccc1.F[B-](F)(F)F,ok
1-methylpyridinium methylsulfate,283.15,101.325,0.205,0.002,1-methylpyridinium methylsulfate,1-methylpyridinium,methylsulfate,C[n+]1ccccc1,,,parsed;cation=cache:cactus;anion=unresolved
1-methylpyridinium methylsulfate,293.15,101.325,0.205,0.002,1-methylpyridinium methylsulfate,1-methylpyridinium,methylsulfate,C[n+]1ccccc1,,,parsed;cation=cache:cactus;anion=unresolved
1-methylpyridinium methylsulfate,303.15,101.325,0.204,0.002,1-methylpyridinium methylsulfate,1-methylpyridinium,methylsulfate,C[n+]1ccccc1,,,parsed;cation=cache:cactus;anion=unresolved
1-methylpyridinium methylsulfate,313.15,101.325,0.204,0.002,1-methylpyridinium methylsulfate,1-methylpyridinium,methylsulfate,C[n+]1ccccc1,,,parsed;cation=cache:cactus;anion=unresolved
1-methylpyridinium methylsulfate,323.15,101.325,0.203,0.002,1-methylpyridinium methylsulfate,1-methylpyridinium,methylsulfate,C[n+]1ccccc1,,,parsed;cation=cache:cactus;anion=unresolved
1-methylpyridinium methylsulfate,333.15,101.325,0.202,0.002,1-methylpyridinium methylsulfate,1-methylpyridinium,methylsulfate,C[n+]1ccccc1,,,parsed;cation=cache:cactus;anion=unresolved
1-methylpyridinium methylsulfate,343.15,101.325,0.201,0.002,1-methylpyridinium methylsulfate,1-methylpyridinium,methylsulfate,C[n+]1ccccc1,,,parsed;cation=cache:cactus;anion=unresolved
1-butylpyridinium bis[(trifluoromethyl)sulfonyl]imide,283.15,100.0,0.1176,0.0094,1-butylpyridinium bis[(trifluoromethyl)sulfonyl]imide,1-butylpyridinium,bis[(trifluoromethyl)sulfonyl]imide,CCCC[n+]1ccccc1,,,parsed;cation=cache:cactus;anion=unresolved
1-butylpyridinium bis[(trifluoromethyl)sulfonyl]imide,283.15,5000.0,0.1189,0.0095,1-butylpyridinium bis[(trifluoromethyl)sulfonyl]imide,1-butylpyridinium,bis[(trifluoromethyl)sulfonyl]imide,CCCC[n+]1ccccc1,,,parsed;cation=cache:cactus;anion=unresolved
1-butylpyridinium bis[(trifluoromethyl)sulfonyl]imide,283.15,10000.0,0.1217,0.0098,1-butylpyridinium bis[(trifluoromethyl)sulfonyl]imide,1-butylpyridinium,bis[(trifluoromethyl)sulfonyl]imide,CCCC[n+]1ccccc1,,,parsed;cation=cache:cactus;anion=unresolved
1-butylpyridinium bis[(trifluoromethyl)sulfonyl]imide,313.15,100.0,0.1237,0.0099,1-butylpyridinium bis[(trifluoromethyl)sulfonyl]imide,1-butylpyridinium,bis[(trifluoromethyl)sulfonyl]imide,CCCC[n+]1ccccc1,,,parsed;cation=cache:cactus;anion=unresolved
"1-hexyl-3-methyl-4-(dimethylamino)pyridinium 1,1,1-trifluoro-N-[(trifluoromethyl)sulfonyl]methanesulfonamide",300.0,101.325,0.12,0.01,"1-hexyl-3-methyl-4-(dimethylamino)pyridinium 1,1,1-trifluoro-N-[(trifluoromethyl)sulfonyl]methanesulfonamide",1-hexyl-3-methyl-4-(dimethylamino)pyridinium,"1,1,1-trifluoro-N-[(trifluoromethyl)sulfonyl]methanesulfonamide",CCCCCC[n+]1ccc(N(C)C)c(C)c1,,,parsed;cation=cache:cactus;anion=unresolved
"1-hexyl-3-methyl-4-(dimethylamino)pyridinium 1,1,1-trifluoro-N-[(trifluoromethyl)sulfonyl]methanesulfonamide",375.0,101.325,0.12,0.01,"1-hexyl-3-methyl-4-(dimethylamino)pyridinium 1,1,1-trifluoro-N-[(trifluoromethyl)sulfonyl]methanesulfonamide",1-hexyl-3-methyl-4-(dimethylamino)pyridinium,"1,1,1-trifluoro-N-[(trifluoromethyl)sulfonyl]methanesulfonamide",CCCCCC[n+]1ccc(N(C)C)c(C)c1,,,parsed;cation=cache:cactus;anion=unresolved
"4-(dimethylamino)-1-hexyl-pyridinium 1,1,1-trifluoro-N-[(trifluoromethyl)sulfonyl]methanesulfonamide",300.0,101.325,0.13,0.01,"4-(dimethylamino)-1-hexyl-pyridinium 1,1,1-trifluoro-N-[(trifluoromethyl)sulfonyl]methanesulfonamide",4-(dimethylamino)-1-hexyl-pyridinium,"1,1,1-trifluoro-N-[(trifluoromethyl)sulfonyl]methanesulfonamide",CCCCCC[n+]1ccc(cc1)N(C)C,,,parsed;cation=cache:cactus;anion=unresolved
"4-(dimethylamino)-1-hexyl-pyridinium 1,1,1-trifluoro-N-[(trifluoromethyl)sulfonyl]methanesulfonamide",375.0,101.325,0.13,0.01,"4-(dimethylamino)-1-hexyl-pyridinium 1,1,1-trifluoro-N-[(trifluoromethyl)sulfonyl]methanesulfonamide",4-(dimethylamino)-1-hexyl-pyridinium,"1,1,1-trifluoro-N-[(trifluoromethyl)sulfonyl]methanesulfonamide",CCCCCC[n+]1ccc(cc1)N(C)C,,,parsed;cation=cache:cactus;anion=unresolved
"n-butyl-4-(n',n'-dimethylammonium)pyridinium bis(trifluoromethylsulfonyl)imid",300.0,101.325,0.13,0.01,"n-butyl-4-(n',n'-dimethylammonium)pyridinium bis(trifluoromethylsulfonyl)imid","n-butyl-4-(n',n'-dimethylammonium)pyridinium",bis(trifluoromethylsulfonyl)imid,,,,parsed;cation=unresolved;anion=unresolved
"n-butyl-4-(n',n'-dimethylammonium)pyridinium bis(trifluoromethylsulfonyl)imid",375.0,101.325,0.13,0.01,"n-butyl-4-(n',n'-dimethylammonium)pyridinium bis(trifluoromethylsulfonyl)imid","n-butyl-4-(n',n'-dimethylammonium)pyridinium",bis(trifluoromethylsulfonyl)imid,,,,parsed;cation=unresolved;anion=unresolved
