sample_id,IL_Name,IL_SMILES,Temperature_K,Pressure_kPa,property,y_true,y_pred,absolute_error,split,split_strategy,split_short,panel,panel_title,plot_included
2668,1-butyl-3-methylpyridinium bis[(trifluoromethyl)sulfonyl]amide,CCCC[n+]1cccc(C)c1.O=S(=O)([N-]S(=O)(=O)C(F)(F)F)C(F)(F)F,303.15,101.325,ElectricalConductivity,0.335,0.36050496,0.025504947,test,Random point,Point,C,Electrical conductivity multi-split parity plot,True
1762,1-hexyl-4-methylpyridinium bis(trifluoromethanesulfonyl)imide,CCCCCC[n+]1ccc(C)cc1.O=S(=O)([N-]S(=O)(=O)C(F)(F)F)C(F)(F)F,338.15,100.0,ElectricalConductivity,0.756,0.8111117,0.055111706,test,Random point,Point,C,Electrical conductivity multi-split parity plot,True
4365,1-ethyl-2-methylpyridinium bis((trifluoromethyl)sulfonyl)amide,CC[n+]1ccccc1C.O=S(=O)([N-]S(=O)(=O)C(F)(F)F)C(F)(F)F,325.65,101.325,ElectricalConductivity,0.88,0.8366348,0.04336518,test,Random point,Point,C,Electrical conductivity multi-split parity plot,True
2351,1-butoxy-3-butylimidazolium bromide,CCCCO[n+]1ccn(CCCC)c1.[Br-],300.15,101.325,ElectricalConductivity,0.31,0.25328034,0.05671966,test,Random point,Point,C,Electrical conductivity multi-split parity plot,True
4476,1-ethyl-3-methylimidazolium tetrafluoroborate,CC[n+]1ccn(C)c1.F[B-](F)(F)F,393.1,101.325,ElectricalConductivity,8.785,9.258072,0.47307205,test,Random point,Point,C,Electrical conductivity multi-split parity plot,True
2722,1-butylpyridinium phenyltrifluoroborate,CCCC[n+]1ccccc1.F[B-](F)(F)c1ccccc1,338.0,101.325,ElectricalConductivity,0.794,0.8194611,0.025461078,test,Random point,Point,C,Electrical conductivity multi-split parity plot,True
3414,1-butyl-3-methylimidazolium trifluoroacetate,CCCC[n+]1ccn(C)c1.O=C([O-])C(F)(F)F,308.15,101.325,ElectricalConductivity,0.5805,0.5552829,0.025217116,test,Random point,Point,C,Electrical conductivity multi-split parity plot,True
864,tetradecyl(trihexyl)phosphonium dicyanamide,CCCCCCCCCCCCCC[P+](CCCCCC)(CCCCCC)CCCCCC.N#C[N-]C#N,213.0,101.325,ElectricalConductivity,1.0999995e-05,4.5131324e-06,6.4868623e-06,test,Random point,Point,C,Electrical conductivity multi-split parity plot,True
1030,1-dodecyl-3-methyl-1H-imidazolium bis(trifluoromethylsulfonyl)amide,CCCCCCCCCCCC[n+]1ccn(C)c1.O=S(=O)([N-]S(=O)(=O)C(F)(F)F)C(F)(F)F,313.0,100.0,ElectricalConductivity,0.09050001,0.0937882,0.003288187,test,Random point,Point,C,Electrical conductivity multi-split parity plot,True
3831,1-butyl-3-methyl-1H-imidazol-3-ium trifluoro(4-methoxyphenyl)borate,CCCCn1cc[n+](C)c1.c1cc(OC)ccc1[B-](F)(F)F,338.02,101.325,ElectricalConductivity,0.46400002,0.47657555,0.012575537,test,Random point,Point,C,Electrical conductivity multi-split parity plot,True
5478,N-butyronitrilepyridinium dicyanamide,N#CCCC[n+]1ccccc1.N#C[N-]C#N,303.0,101.325,ElectricalConductivity,0.971,0.8041763,0.16682374,test,Random point,Point,C,Electrical conductivity multi-split parity plot,True
3801,3-butyl-1-methylimidazolium benzoate,CCCCn1cc[n+](C)c1.O=C([O-])c1ccccc1,313.15,101.325,ElectricalConductivity,0.037199996,0.038758244,0.001558248,test,Random point,Point,C,Electrical conductivity multi-split parity plot,True
404,1-ethyl-3-methylimidazolium acetate,CC(=O)[O-].CC[n+]1ccn(C)c1,358.15,101.0,ElectricalConductivity,2.5029998,2.7153344,0.21233463,test,Random point,Point,C,Electrical conductivity multi-split parity plot,True
1659,triethylheptylammonium bis[(trifluoromethyl)sulfonyl]imide,CCCCCCC[N+](CC)(CC)CC.O=S(=O)([N-]S(=O)(=O)C(F)(F)F)C(F)(F)F,312.85,101.325,ElectricalConductivity,0.18399997,0.16174997,0.022249997,test,Random point,Point,C,Electrical conductivity multi-split parity plot,True
2834,1-butyl-3-methylimidazolium tetrafluoroborate,CCCC[n+]1ccn(C)c1.F[B-](F)(F)F,278.15,101.0,ElectricalConductivity,0.11299999,0.106912546,0.0060874447,test,Random point,Point,C,Electrical conductivity multi-split parity plot,True
3980,2-methyl-1-propylpyridinium bis((trifluoromethyl)sulfonyl)amide,CCC[n+]1ccccc1C.O=S(=O)([N-]S(=O)(=O)C(F)(F)F)C(F)(F)F,323.15,101.325,ElectricalConductivity,0.74200004,0.7148697,0.027130365,test,Random point,Point,C,Electrical conductivity multi-split parity plot,True
937,trihexyltetradecylphosphonium heptadecafluorooctanesulfonate,CCCCCCCCCCCCCC[P+](CCCCCC)(CCCCCC)CCCCCC.O=S(=O)([O-])C(F)(F)C(F)(F)C(F)(F)C(F)(F)C(F)(F)C(F)(F)C(F)(F)C(F)(F)F,308.6,101.325,ElectricalConductivity,0.0012999999,0.0014047647,0.000104764826,test,Random point,Point,C,Electrical conductivity multi-split parity plot,True
3663,1-butyl-3-ethylimidazolium bromide,CCCC[n+]1ccn(CC)c1.[Br-],318.15,101.325,ElectricalConductivity,0.1951,0.12752916,0.067570835,test,Random point,Point,C,Electrical conductivity multi-split parity plot,True
3542,1-butyl-3-methylimidazolium trifluoromethanesulfonate,CCCC[n+]1ccn(C)c1.O=S(=O)([O-])C(F)(F)F,338.15,101.325,ElectricalConductivity,1.117,1.0339715,0.083028436,test,Random point,Point,C,Electrical conductivity multi-split parity plot,True
3927,3-methyl-1-propylpyridinium bis(trifluoromethylsulfonyl)imide,CCC[n+]1cccc(C)c1.O=S(=O)([N-]S(=O)(=O)C(F)(F)F)C(F)(F)F,293.15,100.0,ElectricalConductivity,0.318,0.31773555,0.000264436,test,Random point,Point,C,Electrical conductivity multi-split parity plot,True
2753,1-butylpyridinium trifluoromethanesulfonate,CCCC[n+]1ccccc1.O=S(=O)([O-])C(F)(F)F,330.65,101.325,ElectricalConductivity,0.77300006,0.7616589,0.011341155,test,Random point,Point,C,Electrical conductivity multi-split parity plot,True
4745,1-ethyl-3-methylimidazolium bis((trifluoromethyl)sulfonyl)imide,CC[n+]1ccn(C)c1.O=S(=O)([N-]S(=O)(=O)C(F)(F)F)C(F)(F)F,293.15,101.0,ElectricalConductivity,0.75199986,0.7599802,0.007980347,test,Random point,Point,C,Electrical conductivity multi-split parity plot,True
5335,"1,3-dimethylimidazolium bis((trifluoromethyl)sulfonyl)amide",Cn1cc[n+](C)c1.O=S(=O)([N-]S(=O)(=O)C(F)(F)F)C(F)(F)F,323.15,101.325,ElectricalConductivity,1.7639998,1.71365,0.05034983,test,Random point,Point,C,Electrical conductivity multi-split parity plot,True
544,2-hydroxyethylammonium lactate,CC(O)C(=O)[O-].[NH3+]CCO,298.1,101.325,ElectricalConductivity,0.004800001,0.12893492,0.12413492,test,Random point,Point,C,Electrical conductivity multi-split parity plot,True
2261,3-methyl-1-pentylimidazolium dicyanamide,CCCCC[n+]1ccn(C)c1.N#C[N-]C#N,338.15,101.3,ElectricalConductivity,2.2790003,2.3532615,0.07426119,test,Random point,Point,C,Electrical conductivity multi-split parity plot,True
3780,1-butyl-3-methyl-1H-imidazol-3-ium trifluoro(3-fluorophenyl)borate,CCCCn1cc[n+](C)c1.Fc1cccc([B-](F)(F)F)c1,338.26,101.325,ElectricalConductivity,1.0160002,0.9284581,0.08754206,test,Random point,Point,C,Electrical conductivity multi-split parity plot,True
333,butylammonium acetate,CC(=O)[O-].CCCC[NH3+],323.15,100.0,ElectricalConductivity,0.197,0.16258398,0.03441602,test,Random point,Point,C,Electrical conductivity multi-split parity plot,True
4856,1-ethyl-3-methylimidazolium bromide,CC[n+]1ccn(C)c1.[Br-],484.1,101.325,ElectricalConductivity,13.700002,12.243414,1.4565878,test,Random point,Point,C,Electrical conductivity multi-split parity plot,True
4988,3-(3-methoxypropyl)-1-methylimidazolium bis((trifluoromethyl)sulfonyl)amide,COCCCn1cc[n+](C)c1.O=S(=O)([N-]S(=O)(=O)C(F)(F)F)C(F)(F)F,303.15,101.325,ElectricalConductivity,0.40500003,0.4231574,0.018157363,test,Random point,Point,C,Electrical conductivity multi-split parity plot,True
5042,1-(methoxymethyl)-3-methylimidazolium bis((trifluoromethyl)sulfonyl)amide,COC[n+]1ccn(C)c1.O=S(=O)([N-]S(=O)(=O)C(F)(F)F)C(F)(F)F,333.15,101.325,ElectricalConductivity,0.88600004,0.85330087,0.032699168,test,Random point,Point,C,Electrical conductivity multi-split parity plot,True
2899,1-butyl-3-methylimidazolium tetrafluoroborate,CCCC[n+]1ccn(C)c1.F[B-](F)(F)F,343.2,101.325,ElectricalConductivity,1.2510002,1.6030114,0.3520112,test,Random point,Point,C,Electrical conductivity multi-split parity plot,True
496,(3-aminopropyl)tributylphosphonium L-leucinate,CC(C)C[C@H](N)C(=O)[O-].CCCC[P+](CCCC)(CCCC)CCCN,303.15,101.0,ElectricalConductivity,0.010839995,0.010113597,0.0007263981,test,Random point,Point,C,Electrical conductivity multi-split parity plot,True
866,tetradecyl(trihexyl)phosphonium dicyanamide,CCCCCCCCCCCCCC[P+](CCCCCC)(CCCCCC)CCCCCC.N#C[N-]C#N,256.0,101.325,ElectricalConductivity,0.042999998,0.055572845,0.012572847,test,Random point,Point,C,Electrical conductivity multi-split parity plot,True
4871,1-ethyl-3-methylimidazolium iodide,CC[n+]1ccn(C)c1.[I-],348.1,101.325,ElectricalConductivity,1.0,1.9788803,0.9788803,test,Random point,Point,C,Electrical conductivity multi-split parity plot,True
4719,1-ethyl-3-methyl-1H-imidazolium bis(fluorosulfonyl)amide,CC[n+]1ccn(C)c1.O=S(=O)(F)[N-]S(=O)(=O)F,313.15,101.325,ElectricalConductivity,2.4239998,2.5347369,0.110737085,test,Random point,Point,C,Electrical conductivity multi-split parity plot,True
4427,1-ethyl-3-methylimidazolium tetrafluoroborate,CC[n+]1ccn(C)c1.F[B-](F)(F)F,268.15,101.325,ElectricalConductivity,0.4316,0.47097427,0.039374262,test,Random point,Point,C,Electrical conductivity multi-split parity plot,True
2925,1-butyl-3-methylimidazolium tetrafluoroborate,CCCC[n+]1ccn(C)c1.F[B-](F)(F)F,418.15,101.325,ElectricalConductivity,6.6400023,6.779122,0.13911963,test,Random point,Point,C,Electrical conductivity multi-split parity plot,True
1593,1-methyl-3-octylimidazolium bis(trifluoromethylsulfonyl)imide,CCCCCCCCn1cc[n+](C)c1.O=S(=O)([N-]S(=O)(=O)C(F)(F)F)C(F)(F)F,323.15,101.325,ElectricalConductivity,0.35,0.36383533,0.013835341,test,Random point,Point,C,Electrical conductivity multi-split parity plot,True
1009,3-dodecyl-1H-imidazol-3-ium bis((trifluoromethyl)sulfonyl)amide,CCCCCCCCCCCC[n+]1cc[nH]c1.O=S(=O)([N-]S(=O)(=O)C(F)(F)F)C(F)(F)F,464.75,101.325,ElectricalConductivity,1.037,0.99219966,0.04480028,test,Random point,Point,C,Electrical conductivity multi-split parity plot,True
1524,1-methyl-3-octylimidazolium tetrafluoroborate,CCCCCCCCn1cc[n+](C)c1.F[B-](F)(F)F,353.15,101.325,ElectricalConductivity,0.5709999,0.6223478,0.05134785,test,Random point,Point,C,Electrical conductivity multi-split parity plot,True
1658,"N-ethyl-N,N-dimethylheptanaminium bis((trifluoromethyl)sulfonyl)amide",CCCCCCC[N+](C)(C)CC.O=S(=O)([N-]S(=O)(=O)C(F)(F)F)C(F)(F)F,303.15,101.325,ElectricalConductivity,0.1049,0.08084633,0.02405367,test,Random point,Point,C,Electrical conductivity multi-split parity plot,True
789,trihexyltetradecylphosphonium decanoate,CCCCCCCCCC(=O)[O-].CCCCCCCCCCCCCC[P+](CCCCCC)(CCCCCC)CCCCCC,343.5,101.325,ElectricalConductivity,0.01371,0.014646381,0.0009363815,test,Random point,Point,C,Electrical conductivity multi-split parity plot,True
624,trihexyl(tetradecyl)phosphonium butyrate,CCCC(=O)[O-].CCCCCCCCCCCCCC[P+](CCCCCC)(CCCCCC)CCCCCC,313.9,101.325,ElectricalConductivity,0.010630001,0.009695789,0.00093421247,test,Random point,Point,C,Electrical conductivity multi-split parity plot,True
3413,1-butyl-3-methylimidazolium trifluoroacetate,CCCC[n+]1ccn(C)c1.O=C([O-])C(F)(F)F,278.15,101.325,ElectricalConductivity,0.11440001,0.1247345,0.010334492,test,Random point,Point,C,Electrical conductivity multi-split parity plot,True
301,trihexyl(tetradecyl)phosphonium acetate,CC(=O)[O-].CCCCCCCCCCCCCC[P+](CCCCCC)(CCCCCC)CCCCCC,303.9,101.325,ElectricalConductivity,0.007669999,0.0065442673,0.0011257315,test,Random point,Point,C,Electrical conductivity multi-split parity plot,True
3040,1-butyl-3-methylimidazolium hexafluorophosphate,CCCC[n+]1ccn(C)c1.F[P-](F)(F)(F)(F)F,343.14,100.0,ElectricalConductivity,0.858,0.9264189,0.06841892,test,Random point,Point,C,Electrical conductivity multi-split parity plot,True
83,1-ethyl-3-methylimidazolium ethylsulfate,C(C)OS(=O)(=O)[O-].C(C)N1C=[N+](C=C1)C,313.1,101.325,ElectricalConductivity,0.72,0.75563323,0.035633206,test,Random point,Point,C,Electrical conductivity multi-split parity plot,True
5240,"3-(3-cyanopropyl)-1-methylimidazolium 1,1,1-trifluoro-N-[(trifluoromethyl)sulfonyl]methanesulfonamide",C[n+]1ccn(CCCC#N)c1.O=S(=O)([N-]S(=O)(=O)C(F)(F)F)C(F)(F)F,352.65,101.325,ElectricalConductivity,1.0769999,1.5178479,0.440848,test,Random point,Point,C,Electrical conductivity multi-split parity plot,True
2144,1-hexyl-3-methylimidazolium tris(pentafluoroethyl)trifluorophosphate,CCCCCCn1cc[n+](C)c1.FC(F)(F)C(F)(F)[P-](F)(F)(F)(C(F)(F)C(F)(F)F)C(F)(F)C(F)(F)F,308.15,101.325,ElectricalConductivity,0.258,0.2675114,0.009511411,test,Random point,Point,C,Electrical conductivity multi-split parity plot,True
4473,1-ethyl-3-methylimidazolium tetrafluoroborate,CC[n+]1ccn(C)c1.F[B-](F)(F)F,378.1,101.325,ElectricalConductivity,7.3800015,7.97918,0.5991783,test,Random point,Point,C,Electrical conductivity multi-split parity plot,True
2765,1-butyl-2-methylpyridinium tetrafluoroborate,CCCC[n+]1ccccc1C.F[B-](F)(F)F,305.65,101.325,ElectricalConductivity,0.166,0.16514589,0.00085410476,test,Random point,Point,C,Electrical conductivity multi-split parity plot,True
2714,1-butylpyridinium tetrafluoroborate,CCCC[n+]1ccccc1.F[B-](F)(F)F,333.0,101.325,ElectricalConductivity,0.8510001,1.1038941,0.25289404,test,Random point,Point,C,Electrical conductivity multi-split parity plot,True
2349,1-butoxy-3-butylimidazolium trifluoromethanesulfonate,CCCCO[n+]1ccn(CCCC)c1.O=S(=O)([O-])C(F)(F)F,300.15,101.325,ElectricalConductivity,0.39,0.29966724,0.09033275,test,Random point,Point,C,Electrical conductivity multi-split parity plot,True
2169,3-hexyl-1-methylimidazolium tricyanomethanide,CCCCCCn1cc[n+](C)c1.N#C[C-](C#N)C#N,308.2,100.0,ElectricalConductivity,0.6000001,0.6389861,0.038986027,test,Random point,Point,C,Electrical conductivity multi-split parity plot,True
3822,1-butyl-3-methylimidazolium bis(fluorosulfonyl)imide,CCCCn1cc[n+](C)c1.O=S(=O)(F)[N-]S(=O)(=O)F,318.15,101.0,ElectricalConductivity,1.4649999,1.4938697,0.028869748,test,Random point,Point,C,Electrical conductivity multi-split parity plot,True
272,3-(2-amino-2-oxoethyl)-1-vinylimidazolium bis(trifluoromethylsulfonyl)amide,C=C[n+]1ccn(CC(N)=O)c1.O=S(=O)([N-]S(=O)(=O)C(F)(F)F)C(F)(F)F,313.15,100.0,ElectricalConductivity,0.049999993,0.044773053,0.00522694,test,Random point,Point,C,Electrical conductivity multi-split parity plot,True
5243,3-(3-cyanopropyl)-1-methylimidazolium trifluoromethanesulfonate,C[n+]1ccn(CCCC#N)c1.O=S(=O)([O-])C(F)(F)F,288.15,101.0,ElectricalConductivity,0.022999998,0.021172946,0.0018270519,test,Random point,Point,C,Electrical conductivity multi-split parity plot,True
444,2-methylpyridinium acetate,CC(=O)[O-].Cc1cccc[nH+]1,303.15,101.325,ElectricalConductivity,0.006220001,0.0049360082,0.0012839925,test,Random point,Point,C,Electrical conductivity multi-split parity plot,True
2833,1-butyl-3-methylimidazolium tetrafluoroborate,CCCC[n+]1ccn(C)c1.F[B-](F)(F)F,277.5,101.325,ElectricalConductivity,0.049,0.10228332,0.053283323,test,Random point,Point,C,Electrical conductivity multi-split parity plot,True
4408,1-ethyl-3-methylimidazolium 4-methylbenzenesulfonate,CC[n+]1ccn(C)c1.Cc1ccc(S(=O)(=O)[O-])cc1,288.1,101.325,ElectricalConductivity,0.00809,0.014830162,0.006740162,test,Random point,Point,C,Electrical conductivity multi-split parity plot,True
2163,3-hexyl-1-methylimidazolium tricyanomethanide,CCCCCCn1cc[n+](C)c1.N#C[C-](C#N)C#N,243.2,100.0,ElectricalConductivity,0.0032000004,0.0027044686,0.0004955318,test,Random point,Point,C,Electrical conductivity multi-split parity plot,True
4479,1-ethyl-3-methylimidazolium phenyltrifluoroborate,CC[n+]1ccn(C)c1.F[B-](F)(F)c1ccccc1,328.0,101.325,ElectricalConductivity,1.392,1.4647801,0.07278013,test,Random point,Point,C,Electrical conductivity multi-split parity plot,True
1810,1-hexylpyridinium bis(trifluromethylsulfonyl)imide,CCCCCC[n+]1ccccc1.O=S(=O)([N-]S(=O)(=O)C(F)(F)F)C(F)(F)F,318.15,101.325,ElectricalConductivity,0.387,0.32432976,0.06267023,test,Random point,Point,C,Electrical conductivity multi-split parity plot,True
2251,1-pentylpyridinium bis(trifluoromethylsulfonyl)amide,CCCCC[n+]1ccccc1.O=S(=O)([N-]S(=O)(=O)C(F)(F)F)C(F)(F)F,323.15,101.325,ElectricalConductivity,0.563,0.5834894,0.020489395,test,Random point,Point,C,Electrical conductivity multi-split parity plot,True
1602,1-methyl-3-octylimidazolium bis(trifluoromethylsulfonyl)imide,CCCCCCCCn1cc[n+](C)c1.O=S(=O)([N-]S(=O)(=O)C(F)(F)F)C(F)(F)F,343.15,101.325,ElectricalConductivity,0.627,0.64124894,0.014248967,test,Random point,Point,C,Electrical conductivity multi-split parity plot,True
1088,1-decyl-3-methylimidazolium tetrafluoroborate,CCCCCCCCCC[n+]1ccn(C)c1.F[B-](F)(F)F,318.1,101.325,ElectricalConductivity,0.0989,0.10585186,0.006951861,test,Random point,Point,C,Electrical conductivity multi-split parity plot,True
1862,1-hexyl-3-methylimidazolium hexafluorophosphate,CCCCCC[n+]1ccn(C)c1.F[P-](F)(F)(F)(F)F,298.1,101.325,ElectricalConductivity,0.061999995,0.054746002,0.0072539933,test,Random point,Point,C,Electrical conductivity multi-split parity plot,True
3376,1-butyl-3-methylimidazolium dicyanamide,CCCC[n+]1ccn(C)c1.N#C[N-]C#N,408.15,101.325,ElectricalConductivity,9.149999,8.860659,0.28934002,test,Random point,Point,C,Electrical conductivity multi-split parity plot,True
2234,triethyl(pentyl)phosphonium bis((trifluoromethyl)sulfonyl)amide,CCCCC[P+](CC)(CC)CC.O=S(=O)([N-]S(=O)(=O)C(F)(F)F)C(F)(F)F,324.15,100.0,ElectricalConductivity,0.521,0.4418997,0.07910034,test,Random point,Point,C,Electrical conductivity multi-split parity plot,True
445,1-methylimidazolium acetate,CC(=O)[O-].Cn1cc[nH+]c1,298.15,100.0,ElectricalConductivity,0.44790003,0.34868786,0.09921217,test,Random point,Point,C,Electrical conductivity multi-split parity plot,True
4864,1-ethyl-3-methylimidazolium chloride,CC[n+]1ccn(C)c1.[Cl-],350.1,101.325,ElectricalConductivity,1.57,1.5009167,0.06908333,test,Random point,Point,C,Electrical conductivity multi-split parity plot,True
786,trihexyltetradecylphosphonium decanoate,CCCCCCCCCC(=O)[O-].CCCCCCCCCCCCCC[P+](CCCCCC)(CCCCCC)CCCCCC,323.2,101.325,ElectricalConductivity,0.0063099996,0.0066020167,0.00029201712,test,Random point,Point,C,Electrical conductivity multi-split parity plot,True
797,1-hexadecyl-3-methylimidazolium tetrafluoroborate,CCCCCCCCCCCCCCCC[n+]1ccn(C)c1.F[B-](F)(F)F,288.1,101.325,ElectricalConductivity,8.799998e-05,7.59426e-05,1.2057382e-05,test,Random point,Point,C,Electrical conductivity multi-split parity plot,True
4753,1-ethyl-3-methylimidazolium bis((trifluoromethyl)sulfonyl)imide,CC[n+]1ccn(C)c1.O=S(=O)([N-]S(=O)(=O)C(F)(F)F)C(F)(F)F,299.05,101.325,ElectricalConductivity,0.93000007,0.93094206,0.0009419918,test,Random point,Point,C,Electrical conductivity multi-split parity plot,True
4387,1-ethyl-3-methylimidazolium methanesulfonate,CC[n+]1ccn(C)c1.CS(=O)(=O)[O-],313.1,101.325,ElectricalConductivity,0.56,0.5489481,0.011051893,test,Random point,Point,C,Electrical conductivity multi-split parity plot,True
4190,1-(2-ethoxyethyl)pyridinium bis((trifluoromethyl)sulfonyl)amide,CCOCC[n+]1ccccc1.O=S(=O)([N-]S(=O)(=O)C(F)(F)F)C(F)(F)F,353.15,101.325,ElectricalConductivity,0.79999995,0.82992786,0.02992791,test,Random point,Point,C,Electrical conductivity multi-split parity plot,True
4851,1-ethyl-3-methylimidazolium bromide,CC[n+]1ccn(C)c1.[Br-],368.1,101.325,ElectricalConductivity,2.89,2.9349265,0.044926405,test,Random point,Point,C,Electrical conductivity multi-split parity plot,True
4428,1-ethyl-3-methylimidazolium tetrafluoroborate,CC[n+]1ccn(C)c1.F[B-](F)(F)F,273.1,101.325,ElectricalConductivity,0.611,0.58603317,0.024966836,test,Random point,Point,C,Electrical conductivity multi-split parity plot,True
3423,1-butyl-3-methylimidazolium salicylate,CCCC[n+]1ccn(C)c1.O=C([O-])c1ccccc1O,333.15,101.325,ElectricalConductivity,0.21,0.1966736,0.013326392,test,Random point,Point,C,Electrical conductivity multi-split parity plot,True
4667,1-ethyl-3-methylimidazolium thiocyanate,CC[n+]1ccn(C)c1.N#C[S-],308.15,101.3,ElectricalConductivity,2.169,2.4978461,0.32884622,test,Random point,Point,C,Electrical conductivity multi-split parity plot,True
1727,triethylhexylammonium bis((trifluoromethyl)sulfonyl)imide,CCCCCC[N+](CC)(CC)CC.O=S(=O)([N-]S(=O)(=O)C(F)(F)F)C(F)(F)F,298.1,101.325,ElectricalConductivity,0.067,0.088483214,0.021483213,test,Random point,Point,C,Electrical conductivity multi-split parity plot,True
4857,1-ethyl-3-methylimidazolium chloride,CC[n+]1ccn(C)c1.[Cl-],328.4,101.325,ElectricalConductivity,0.628,0.6041334,0.023866594,test,Random point,Point,C,Electrical conductivity multi-split parity plot,True
4060,1-methyl-3-propylimidazolium bis[(trifluoromethyl)sulfonyl]imide,CCCn1cc[n+](C)c1.O=S(=O)([N-]S(=O)(=O)C(F)(F)F)C(F)(F)F,243.0,101.325,ElectricalConductivity,0.022999998,0.012999253,0.010000745,test,Random point,Point,C,Electrical conductivity multi-split parity plot,True
3359,1-butyl-3-methylimidazolium dicyanamide,CCCC[n+]1ccn(C)c1.N#C[N-]C#N,338.15,101.325,ElectricalConductivity,3.2200005,3.2022455,0.017755032,test,Random point,Point,C,Electrical conductivity multi-split parity plot,True
5086,1-butyl-3-methylimidazolium methylsulfate,COS(=O)(=O)[O-].C(CCC)N1C=[N+](C=C1)C,313.15,101.325,ElectricalConductivity,0.25766665,0.32186964,0.064202994,test,Random point,Point,C,Electrical conductivity multi-split parity plot,True
1812,1-hexylpyridinium bis(trifluromethylsulfonyl)imide,CCCCCC[n+]1ccccc1.O=S(=O)([N-]S(=O)(=O)C(F)(F)F)C(F)(F)F,323.15,101.325,ElectricalConductivity,0.446,0.38205457,0.06394544,test,Random point,Point,C,Electrical conductivity multi-split parity plot,True
4424,1-ethyl-3-methylimidazolium tetrafluoroborate,CC[n+]1ccn(C)c1.F[B-](F)(F)F,258.05,101.325,ElectricalConductivity,0.22800003,0.28017128,0.052171245,test,Random point,Point,C,Electrical conductivity multi-split parity plot,True
2478,n-butylammonium nitrate,CCCC[NH3+].O=[N+]([O-])[O-],298.15,101.0,ElectricalConductivity,0.867,0.43452358,0.4324764,test,Random point,Point,C,Electrical conductivity multi-split parity plot,True
905,trihexyltetradecylphosphonium nonafluoropentanoate,CCCCCCCCCCCCCC[P+](CCCCCC)(CCCCCC)CCCCCC.O=C([O-])C(F)(F)C(F)(F)C(F)(F)C(F)(F)F,313.7,101.325,ElectricalConductivity,0.010099998,0.010657346,0.00055734813,test,Random point,Point,C,Electrical conductivity multi-split parity plot,True
3493,1-butyl-3-methylimidazolium bis(trifluoromethylsulfonyl)imide,CCCC[n+]1ccn(C)c1.O=S(=O)([N-]S(=O)(=O)C(F)(F)F)C(F)(F)F,373.1,101.325,ElectricalConductivity,2.3770006,2.5652802,0.18827963,test,Random point,Point,C,Electrical conductivity multi-split parity plot,True
748,trihexyl(tetradecyl)phosphonium hexanoate,CCCCCC(=O)[O-].CCCCCCCCCCCCCC[P+](CCCCCC)(CCCCCC)CCCCCC,308.1,101.325,ElectricalConductivity,0.0056299996,0.005256943,0.00037305662,test,Random point,Point,C,Electrical conductivity multi-split parity plot,True
2945,1-butyl-3-methylimidazolium hexafluorophosphate,CCCC[n+]1ccn(C)c1.F[P-](F)(F)(F)(F)F,283.0,101.325,ElectricalConductivity,0.0575,0.06350036,0.0060003586,test,Random point,Point,C,Electrical conductivity multi-split parity plot,True
5571,1-methyl-3-pentylimidazolium dihydrogenphosphate,P(=O)(O)(O)[O-].CN1C=[N+](C=C1)CCCCC,293.15,101.325,ElectricalConductivity,0.20100002,0.22084475,0.019844726,test,Random point,Point,C,Electrical conductivity multi-split parity plot,True
4459,1-ethyl-3-methylimidazolium tetrafluoroborate,CC[n+]1ccn(C)c1.F[B-](F)(F)F,338.15,101.325,ElectricalConductivity,4.340001,4.1705375,0.16946363,test,Random point,Point,C,Electrical conductivity multi-split parity plot,True
5140,"2-hydroxy-N,N,N-trimethylethanaminium (S)-2-hydroxypropanoate",C[C@H](O)C(=O)[O-].C[N+](C)(C)CCO,293.15,101.325,ElectricalConductivity,0.013750003,0.016162066,0.002412063,test,Random point,Point,C,Electrical conductivity multi-split parity plot,True
3274,1-butyl-3-methylimidazolium tricyanomethane,CCCC[n+]1ccn(C)c1.N#C[C-](C#N)C#N,213.2,100.0,ElectricalConductivity,1.8499995e-05,1.9151215e-05,6.5122003e-07,test,Random point,Point,C,Electrical conductivity multi-split parity plot,True
3353,1-butyl-3-methylimidazolium dicyanamide,CCCC[n+]1ccn(C)c1.N#C[N-]C#N,333.15,101.3,ElectricalConductivity,2.7989998,2.8750455,0.07604575,test,Random point,Point,C,Electrical conductivity multi-split parity plot,True
4966,1-ethylimidazolium bis[(trifluoromethyl)sulfonyl]imide,CCn1cc[nH+]c1.O=S(=O)([N-]S(=O)(=O)C(F)(F)F)C(F)(F)F,404.15,101.325,ElectricalConductivity,2.122,2.3112335,0.18923354,test,Random point,Point,C,Electrical conductivity multi-split parity plot,True
1610,1-methyl-3-octylimidazolium bis(trifluoromethylsulfonyl)imide,CCCCCCCCn1cc[n+](C)c1.O=S(=O)([N-]S(=O)(=O)C(F)(F)F)C(F)(F)F,398.15,101.0,ElectricalConductivity,1.8499999,1.883758,0.033758044,test,Random point,Point,C,Electrical conductivity multi-split parity plot,True
2161,3-hexyl-1-methylimidazolium tricyanomethanide,CCCCCCn1cc[n+](C)c1.N#C[C-](C#N)C#N,203.2,100.0,ElectricalConductivity,7.0499844e-08,6.4634314e-08,5.8655303e-09,test,Random point,Point,C,Electrical conductivity multi-split parity plot,True
1577,1-methyl-3-octylimidazolium bis(trifluoromethylsulfonyl)imide,CCCCCCCCn1cc[n+](C)c1.O=S(=O)([N-]S(=O)(=O)C(F)(F)F)C(F)(F)F,283.0,101.325,ElectricalConductivity,0.058999985,0.06547373,0.0064737424,test,Random point,Point,C,Electrical conductivity multi-split parity plot,True
2726,1-butylpyridinium dicyanamide,CCCC[n+]1ccccc1.N#C[N-]C#N,333.15,101.0,ElectricalConductivity,3.4909997,3.2008762,0.29012346,test,Random point,Point,C,Electrical conductivity multi-split parity plot,True
5388,1-(2-hydroxyethyl)-3-methylimidazolium perfluoropentanoate,Cn1cc[n+](CCO)c1.O=C([O-])C(F)(F)C(F)(F)C(F)(F)C(F)(F)F,303.15,101.325,ElectricalConductivity,0.045499995,0.043115683,0.0023843125,test,Random point,Point,C,Electrical conductivity multi-split parity plot,True
297,tetraethylammonium diacetoxydifluoroborate,CC(=O)O[B-](F)(F)OC(C)=O.CC[N+](CC)(CC)CC,323.15,101.325,ElectricalConductivity,0.42249998,0.4138214,0.008678585,test,Random point,Point,C,Electrical conductivity multi-split parity plot,True
1736,triethylhexylammonium bis((trifluoromethyl)sulfonyl)imide,CCCCCC[N+](CC)(CC)CC.O=S(=O)([N-]S(=O)(=O)C(F)(F)F)C(F)(F)F,337.95,101.325,ElectricalConductivity,0.59000003,0.57914966,0.01085037,test,Random point,Point,C,Electrical conductivity multi-split parity plot,True
1848,1-hexyl-3-methylimidazolium tetrafluoroborate,CCCCCC[n+]1ccn(C)c1.F[B-](F)(F)F,358.15,101.325,ElectricalConductivity,1.2140001,1.202084,0.011916161,test,Random point,Point,C,Electrical conductivity multi-split parity plot,True
4205,3-(ethoxymethyl)-1-methylimidazolium bis((trifluoromethyl)sulfonyl)amide,CCOCn1cc[n+](C)c1.O=S(=O)([N-]S(=O)(=O)C(F)(F)F)C(F)(F)F,303.15,101.325,ElectricalConductivity,0.43699998,0.4820067,0.045006722,test,Random point,Point,C,Electrical conductivity multi-split parity plot,True
4070,1-methyl-3-propylimidazolium bis[(trifluoromethyl)sulfonyl]imide,CCCn1cc[n+](C)c1.O=S(=O)([N-]S(=O)(=O)C(F)(F)F)C(F)(F)F,318.15,101.3,ElectricalConductivity,1.05,1.0404419,0.009558082,test,Random point,Point,C,Electrical conductivity multi-split parity plot,True
330,butylammonium acetate,CC(=O)[O-].CCCC[NH3+],308.15,100.0,ElectricalConductivity,0.103,0.080520034,0.022479966,test,Random point,Point,C,Electrical conductivity multi-split parity plot,True
4433,1-ethyl-3-methylimidazolium tetrafluoroborate,CC[n+]1ccn(C)c1.F[B-](F)(F)F,288.15,101.325,ElectricalConductivity,1.0861001,1.0799088,0.0061912537,test,Random point,Point,C,Electrical conductivity multi-split parity plot,True
1756,3-hexyl-1H-imidazol-3-ium bis((trifluoromethyl)sulfonyl)amide,CCCCCC[n+]1cc[nH]c1.O=S(=O)([N-]S(=O)(=O)C(F)(F)F)C(F)(F)F,461.65,101.325,ElectricalConductivity,1.425,1.4600551,0.03505516,test,Random point,Point,C,Electrical conductivity multi-split parity plot,True
2337,1-butyl-3-pentylimidazolium bis((trifluoromethyl)sulfonyl)imide,CCCCCn1cc[n+](CCCC)c1.O=S(=O)([N-]S(=O)(=O)C(F)(F)F)C(F)(F)F,323.15,101.325,ElectricalConductivity,0.427,0.4254375,0.0015624762,test,Random point,Point,C,Electrical conductivity multi-split parity plot,True
4294,ethylammonium nitrate,CC[NH3+].O=[N+]([O-])[O-],313.15,101.0,ElectricalConductivity,3.3700001,3.8837686,0.51376843,test,Random point,Point,C,Electrical conductivity multi-split parity plot,True
4298,ethylammonium nitrate,CC[NH3+].O=[N+]([O-])[O-],315.716,101.325,ElectricalConductivity,3.7387996,4.0970273,0.35822773,test,Random point,Point,C,Electrical conductivity multi-split parity plot,True
93,1-ethyl-3-methylimidazolium ethylsulfate,C(C)OS(=O)(=O)[O-].C(C)N1C=[N+](C=C1)C,323.1,101.325,ElectricalConductivity,1.01,1.0512995,0.041299462,test,Random point,Point,C,Electrical conductivity multi-split parity plot,True
4870,1-ethyl-3-methylimidazolium iodide,CC[n+]1ccn(C)c1.[I-],333.1,101.325,ElectricalConductivity,0.63299996,1.0808781,0.44787818,test,Random point,Point,C,Electrical conductivity multi-split parity plot,True
2725,1-butylpyridinium dicyanamide,CCCC[n+]1ccccc1.N#C[N-]C#N,308.15,101.0,ElectricalConductivity,2.0070002,1.5931561,0.4138441,test,Random point,Point,C,Electrical conductivity multi-split parity plot,True
513,(3-aminopropyl)tributylphosphonium L-valinate,CC(C)[C@H](N)C(=O)[O-].CCCC[P+](CCCC)(CCCC)CCCN,343.15,101.0,ElectricalConductivity,0.065,0.08399193,0.018991932,test,Random point,Point,C,Electrical conductivity multi-split parity plot,True
4468,1-ethyl-3-methylimidazolium tetrafluoroborate,CC[n+]1ccn(C)c1.F[B-](F)(F)F,353.0,101.325,ElectricalConductivity,4.6910005,5.5511236,0.86012316,test,Random point,Point,C,Electrical conductivity multi-split parity plot,True
2164,3-hexyl-1-methylimidazolium tricyanomethanide,CCCCCCn1cc[n+](C)c1.N#C[C-](C#N)C#N,253.2,100.0,ElectricalConductivity,0.011,0.0098011205,0.0011988794,test,Random point,Point,C,Electrical conductivity multi-split parity plot,True
3661,1-butyl-3-ethylimidazolium mesylate,CCCC[n+]1ccn(CC)c1.CS(=O)(=O)[O-],298.1,101.325,ElectricalConductivity,0.05500001,0.70828164,0.6532816,test,Random point,Point,C,Electrical conductivity multi-split parity plot,True
2229,triethyl(pentyl)phosphonium bis(fluorosulfonyl)amide,CCCCC[P+](CC)(CC)CC.O=S(=O)(F)[N-]S(=O)(=O)F,348.15,100.0,ElectricalConductivity,1.7600001,1.7852226,0.02522254,test,Random point,Point,C,Electrical conductivity multi-split parity plot,True
1025,1-dodecyl-3-methyl-1H-imidazolium bis(trifluoromethylsulfonyl)amide,CCCCCCCCCCCC[n+]1ccn(C)c1.O=S(=O)([N-]S(=O)(=O)C(F)(F)F)C(F)(F)F,303.0,100.0,ElectricalConductivity,0.069000006,0.0682303,0.0007697046,test,Random point,Point,C,Electrical conductivity multi-split parity plot,True
2727,1-butylpyridinium dicyanamide,CCCC[n+]1ccccc1.N#C[N-]C#N,333.15,101.325,ElectricalConductivity,2.5919998,3.2007618,0.608762,test,Random point,Point,C,Electrical conductivity multi-split parity plot,True
1970,1-hexyl-3-methylimidazolium bis[(trifluoromethyl)sulfonyl]imide,CCCCCC[n+]1ccn(C)c1.O=S(=O)([N-]S(=O)(=O)C(F)(F)F)C(F)(F)F,298.15,101.0,ElectricalConductivity,0.21779999,0.226922,0.009122014,test,Random point,Point,C,Electrical conductivity multi-split parity plot,True
40,1-ethyl-3-methylimidazolium ethylsulfate,C(C)OS(=O)(=O)[O-].C(C)N1C=[N+](C=C1)C,258.1,101.325,ElectricalConductivity,0.028600005,0.021748122,0.0068518836,test,Random point,Point,C,Electrical conductivity multi-split parity plot,True
1276,triethyloctylphosphonium bis(trifluoromethylsulfonyl)imide,CCCCCCCC[P+](CC)(CC)CC.O=S(=O)([N-]S(=O)(=O)C(F)(F)F)C(F)(F)F,338.1,101.325,ElectricalConductivity,0.40400004,0.4260493,0.022049248,test,Random point,Point,C,Electrical conductivity multi-split parity plot,True
3297,1-butyl-3-methylimidazolium tricyanomethane,CCCC[n+]1ccn(C)c1.N#C[C-](C#N)C#N,341.65,101.325,ElectricalConductivity,2.8799994,2.99664,0.11664057,test,Random point,Point,C,Electrical conductivity multi-split parity plot,True
1405,1-octyl-3-methylimidazolium hexafluorophosphate,CCCCCCCC[n+]1ccn(C)c1.F[P-](F)(F)(F)(F)F,353.17,101.325,ElectricalConductivity,0.35899997,0.35578713,0.0032128394,test,Random point,Point,C,Electrical conductivity multi-split parity plot,True
762,trihexyl(tetradecyl)phosphonium octanoate,CCCCCCCC(=O)[O-].CCCCCCCCCCCCCC[P+](CCCCCC)(CCCCCC)CCCCCC,328.4,101.325,ElectricalConductivity,0.011,0.010034347,0.000965653,test,Random point,Point,C,Electrical conductivity multi-split parity plot,True
2232,triethyl(pentyl)phosphonium bis((trifluoromethyl)sulfonyl)amide,CCCCC[P+](CC)(CC)CC.O=S(=O)([N-]S(=O)(=O)C(F)(F)F)C(F)(F)F,318.15,101.325,ElectricalConductivity,0.37164998,0.35829544,0.01335454,test,Random point,Point,C,Electrical conductivity multi-split parity plot,True
4483,1-ethyl-3-methylimidazolium hexafluorophosphate,CC[n+]1ccn(C)c1.F[P-](F)(F)(F)(F)F,348.1,101.325,ElectricalConductivity,2.3299997,2.2329335,0.097066164,test,Random point,Point,C,Electrical conductivity multi-split parity plot,True
1785,"1-hexyl-3-methylpyridinium 1,1,1-trifluoro-N-[(trifluoromethyl)sulfonyl]methanesulfonamide",CCCCCC[n+]1cccc(C)c1.O=S(=O)([N-]S(=O)(=O)C(F)(F)F)C(F)(F)F,348.15,100.0,ElectricalConductivity,0.822,0.76658815,0.055411875,test,Random point,Point,C,Electrical conductivity multi-split parity plot,True
289,tributyl(octyl)phosphonium acetylacetonate,CC(=O)C=C(C)[O-].CCCCCCCC[P+](CCCC)(CCCC)CCCC,303.179,101.325,ElectricalConductivity,0.0045400006,0.003885306,0.0006546946,test,Random point,Point,C,Electrical conductivity multi-split parity plot,True
5310,2-methylpyridinium bis(trifluoromethanesulfonyl)imide,Cc1cccc[nH+]1.O=S(=O)([N-]S(=O)(=O)C(F)(F)F)C(F)(F)F,343.35,101.325,ElectricalConductivity,1.49,1.5482432,0.058243155,test,Random point,Point,C,Electrical conductivity multi-split parity plot,True
1548,1-methyl-3-octylimidazolium tricyanomethanide,CCCCCCCCn1cc[n+](C)c1.N#C[C-](C#N)C#N,287.2,100.0,ElectricalConductivity,0.098,0.103125975,0.005125977,test,Random point,Point,C,Electrical conductivity multi-split parity plot,True
4822,1-ethyl-3-methylimidazolium trifluoromethanesulfonate,CC[n+]1ccn(C)c1.O=S(=O)([O-])C(F)(F)F,313.15,100.0,ElectricalConductivity,1.3999999,1.4801036,0.080103755,test,Random point,Point,C,Electrical conductivity multi-split parity plot,True
2028,1-hexyl-3-methylimidazolium bis[(trifluoromethyl)sulfonyl]imide,CCCCCC[n+]1ccn(C)c1.O=S(=O)([N-]S(=O)(=O)C(F)(F)F)C(F)(F)F,408.15,101.0,ElectricalConductivity,2.8779998,3.0631711,0.18517137,test,Random point,Point,C,Electrical conductivity multi-split parity plot,True
3437,1-butyl-3-methylimidazolium bis(trifluoromethylsulfonyl)imide,CCCC[n+]1ccn(C)c1.O=S(=O)([N-]S(=O)(=O)C(F)(F)F)C(F)(F)F,288.15,101.0,ElectricalConductivity,0.259,0.28312087,0.024120867,test,Random point,Point,C,Electrical conductivity multi-split parity plot,True
2023,1-hexyl-3-methylimidazolium bis[(trifluoromethyl)sulfonyl]imide,CCCCCC[n+]1ccn(C)c1.O=S(=O)([N-]S(=O)(=O)C(F)(F)F)C(F)(F)F,363.15,101.325,ElectricalConductivity,1.4409997,1.5705471,0.12954736,test,Random point,Point,C,Electrical conductivity multi-split parity plot,True
2170,3-hexyl-1-methylimidazolium tricyanomethanide,CCCCCCn1cc[n+](C)c1.N#C[C-](C#N)C#N,318.2,100.0,ElectricalConductivity,0.89,0.87323767,0.016762316,test,Random point,Point,C,Electrical conductivity multi-split parity plot,True
4290,ethylammonium nitrate,CC[NH3+].O=[N+]([O-])[O-],303.15,101.325,ElectricalConductivity,2.6000001,3.0311139,0.43111372,test,Random point,Point,C,Electrical conductivity multi-split parity plot,True
4410,1-ethyl-3-methylimidazolium 4-methylbenzenesulfonate,CC[n+]1ccn(C)c1.Cc1ccc(S(=O)(=O)[O-])cc1,313.1,101.325,ElectricalConductivity,0.091499984,0.11380239,0.022302404,test,Random point,Point,C,Electrical conductivity multi-split parity plot,True
2539,"1-butyl-3,5-dimethylpyridinium bis(trifluoromethylsulfonyl)amide",CCCC[n+]1cc(C)cc(C)c1.O=S(=O)([N-]S(=O)(=O)C(F)(F)F)C(F)(F)F,313.15,101.325,ElectricalConductivity,0.375,0.4057153,0.030715287,test,Random point,Point,C,Electrical conductivity multi-split parity plot,True
2628,1-butyl-3-methylpyridinium tetrafluoroborate,CCCC[n+]1cccc(C)c1.F[B-](F)(F)F,298.15,101.325,ElectricalConductivity,0.21,0.20781855,0.0021814406,test,Random point,Point,C,Electrical conductivity multi-split parity plot,True
408,1-ethyl-3-methylimidazolium acetate,CC(=O)[O-].CC[n+]1ccn(C)c1,398.15,101.0,ElectricalConductivity,5.3100004,5.809631,0.49963045,test,Random point,Point,C,Electrical conductivity multi-split parity plot,True
3951,1-propylpyridinium tetrafluoroborate,CCC[n+]1ccccc1.F[B-](F)(F)F,293.15,101.325,ElectricalConductivity,0.302,0.30303523,0.0010352433,test,Random point,Point,C,Electrical conductivity multi-split parity plot,True
322,1-pentylpyridinium acetate,CC(=O)[O-].CCCCC[n+]1ccccc1,303.15,101.325,ElectricalConductivity,0.0076900003,0.006649858,0.0010401425,test,Random point,Point,C,Electrical conductivity multi-split parity plot,True
5578,1-methyl-3-propylimidazolium dihydrogenphosphate,P(=O)(O)(O)[O-].CN1C=[N+](C=C1)CCC,323.15,101.325,ElectricalConductivity,1.0820001,1.1512731,0.069272995,test,Random point,Point,C,Electrical conductivity multi-split parity plot,True
2504,"tributyl(3,3,4,4,5,5,6,6,7,7,8,8,8-tridecafluorooctyl)phosphonium tris(perfluoroethyl)trifluorophosphate",CCCC[P+](CCCC)(CCCC)CCC(F)(F)C(F)(F)C(F)(F)C(F)(F)C(F)(F)C(F)(F)F.FC(F)(F)C(F)(F)[P-](F)(F)(F)(C(F)(F)C(F)(F)F)C(F)(F)C(F)(F)F,303.6,101.325,ElectricalConductivity,0.018,0.018342689,0.00034268945,test,Random point,Point,C,Electrical conductivity multi-split parity plot,True
2005,1-hexyl-3-methylimidazolium bis[(trifluoromethyl)sulfonyl]imide,CCCCCC[n+]1ccn(C)c1.O=S(=O)([N-]S(=O)(=O)C(F)(F)F)C(F)(F)F,338.15,101.0,ElectricalConductivity,0.83,0.8958311,0.065831125,test,Random point,Point,C,Electrical conductivity multi-split parity plot,True
3953,1-propylpyridinium tetrafluoroborate,CCC[n+]1ccccc1.F[B-](F)(F)F,303.15,101.0,ElectricalConductivity,0.516,0.5120389,0.0039610863,test,Random point,Point,C,Electrical conductivity multi-split parity plot,True
3948,1-propylpyridinium tetrafluoroborate,CCC[n+]1ccccc1.F[B-](F)(F)F,278.15,101.325,ElectricalConductivity,0.10189999,0.116392,0.014492013,test,Random point,Point,C,Electrical conductivity multi-split parity plot,True
4715,1-ethyl-3-methyl-1H-imidazolium bis(fluorosulfonyl)amide,CC[n+]1ccn(C)c1.O=S(=O)(F)[N-]S(=O)(=O)F,298.0,101.0,ElectricalConductivity,1.6400002,1.7986686,0.1586684,test,Random point,Point,C,Electrical conductivity multi-split parity plot,True
2590,1-butyl-4-methylpyridinium bis((trifluoromethyl)sulfonyl)amide,CCCC[n+]1ccc(C)cc1.O=S(=O)([N-]S(=O)(=O)C(F)(F)F)C(F)(F)F,298.15,101.0,ElectricalConductivity,0.33249998,0.373491,0.04099101,test,Random point,Point,C,Electrical conductivity multi-split parity plot,True
232,"N-ethyl-N,N-dimethylprop-2-en-1-aminium trifluoroacetate",C=CC[N+](C)(C)CC.O=C([O-])C(F)(F)F,298.0,101.325,ElectricalConductivity,0.35699996,0.41679263,0.059792668,test,Random point,Point,C,Electrical conductivity multi-split parity plot,True
4813,1-ethyl-3-methylimidazolium trifluoromethanesulfonate,CC[n+]1ccn(C)c1.O=S(=O)([O-])C(F)(F)F,298.15,101.0,ElectricalConductivity,0.85899997,0.96303463,0.10403466,test,Random point,Point,C,Electrical conductivity multi-split parity plot,True
4872,1-ethyl-3-methylimidazolium iodide,CC[n+]1ccn(C)c1.[I-],353.1,101.325,ElectricalConductivity,1.7133332,2.2872064,0.57387316,test,Random point,Point,C,Electrical conductivity multi-split parity plot,True
908,trihexyl(tetradecyl)phosphonium bis[(trifluoromethyl)sulfonyl]imide,CCCCCCCCCCCCCC[P+](CCCCCC)(CCCCCC)CCCCCC.O=S(=O)([N-]S(=O)(=O)C(F)(F)F)C(F)(F)F,234.0,101.325,ElectricalConductivity,0.00028999988,0.00041339576,0.00012339588,test,Random point,Point,C,Electrical conductivity multi-split parity plot,True
1314,"2,3-dimethyl-1-octylpyridinium bis(trifluoromethylsulfonyl)amide",CCCCCCCC[n+]1cccc(C)c1C.O=S(=O)([N-]S(=O)(=O)C(F)(F)F)C(F)(F)F,283.15,101.325,ElectricalConductivity,0.020100003,0.020227708,0.00012770481,test,Random point,Point,C,Electrical conductivity multi-split parity plot,True
2653,1-butyl-3-methylpyridinium bis[(trifluoromethyl)sulfonyl]amide,CCCC[n+]1cccc(C)c1.O=S(=O)([N-]S(=O)(=O)C(F)(F)F)C(F)(F)F,283.15,101.325,ElectricalConductivity,0.13199998,0.13574593,0.0037459433,test,Random point,Point,C,Electrical conductivity multi-split parity plot,True
2942,1-butyl-3-methylimidazolium hexafluorophosphate,CCCC[n+]1ccn(C)c1.F[P-](F)(F)(F)(F)F,276.0,101.325,ElectricalConductivity,0.036999993,0.03765514,0.0006551482,test,Random point,Point,C,Electrical conductivity multi-split parity plot,True
1089,1-decyl-3-methylimidazolium tetrafluoroborate,CCCCCCCCCC[n+]1ccn(C)c1.F[B-](F)(F)F,328.1,101.325,ElectricalConductivity,0.153,0.15803044,0.0050304383,test,Random point,Point,C,Electrical conductivity multi-split parity plot,True
4721,1-ethyl-3-methyl-1H-imidazolium bis(fluorosulfonyl)amide,CC[n+]1ccn(C)c1.O=S(=O)(F)[N-]S(=O)(=O)F,323.0,101.0,ElectricalConductivity,2.89,3.0633426,0.17334247,test,Random point,Point,C,Electrical conductivity multi-split parity plot,True
2523,tetrabutylphosphonium L-prolinate,CCCC[P+](CCCC)(CCCC)CCCC.O=C([O-])[C@@H]1CCCN1,343.15,101.325,ElectricalConductivity,0.091000006,0.0754711,0.015528902,test,Random point,Point,C,Electrical conductivity multi-split parity plot,True
3985,2-methyl-1-propylpyridinium bis((trifluoromethyl)sulfonyl)amide,CCC[n+]1ccccc1C.O=S(=O)([N-]S(=O)(=O)C(F)(F)F)C(F)(F)F,338.15,101.325,ElectricalConductivity,1.141,1.0555434,0.08545661,test,Random point,Point,C,Electrical conductivity multi-split parity plot,True
4949,1-ethyl-3-methylimidazolium difluoromono(malonato)borate,CCn1cc[n+](C)c1.O=C1CC(=O)O[B-](F)(F)O1,303.15,101.325,ElectricalConductivity,0.45029998,0.46213084,0.011830866,test,Random point,Point,C,Electrical conductivity multi-split parity plot,True
4963,1-ethylimidazolium bis[(trifluoromethyl)sulfonyl]imide,CCn1cc[nH+]c1.O=S(=O)([N-]S(=O)(=O)C(F)(F)F)C(F)(F)F,278.15,101.325,ElectricalConductivity,0.14149998,0.1432899,0.0017899126,test,Random point,Point,C,Electrical conductivity multi-split parity plot,True
1660,triethylheptylammonium bis[(trifluoromethyl)sulfonyl]imide,CCCCCCC[N+](CC)(CC)CC.O=S(=O)([N-]S(=O)(=O)C(F)(F)F)C(F)(F)F,318.25,101.325,ElectricalConductivity,0.22800003,0.21187092,0.016129106,test,Random point,Point,C,Electrical conductivity multi-split parity plot,True
4438,1-ethyl-3-methylimidazolium tetrafluoroborate,CC[n+]1ccn(C)c1.F[B-](F)(F)F,293.0,101.325,ElectricalConductivity,1.1433,1.2935324,0.15023232,test,Random point,Point,C,Electrical conductivity multi-split parity plot,True
2235,triethyl(pentyl)phosphonium bis((trifluoromethyl)sulfonyl)amide,CCCCC[P+](CC)(CC)CC.O=S(=O)([N-]S(=O)(=O)C(F)(F)F)C(F)(F)F,336.15,100.0,ElectricalConductivity,0.71099997,0.646009,0.06499094,test,Random point,Point,C,Electrical conductivity multi-split parity plot,True
4695,3-ethyl-1-methyl-1H-imidazol-3-ium (S)-2-amino-3-carboxypropanoate,CC[n+]1ccn(C)c1.N[C@@H](CC(=O)O)C(=O)[O-],298.1,101.325,ElectricalConductivity,1.7000005e-07,0.09102825,0.09102808,test,Random point,Point,C,Electrical conductivity multi-split parity plot,True
3954,1-propylpyridinium tetrafluoroborate,CCC[n+]1ccccc1.F[B-](F)(F)F,303.15,101.325,ElectricalConductivity,0.516,0.5120217,0.0039782524,test,Random point,Point,C,Electrical conductivity multi-split parity plot,True
3275,1-butyl-3-methylimidazolium tricyanomethane,CCCC[n+]1ccn(C)c1.N#C[C-](C#N)C#N,217.2,100.0,ElectricalConductivity,6.199998e-05,7.190706e-05,9.907082e-06,test,Random point,Point,C,Electrical conductivity multi-split parity plot,True
176,1-ethyl-3-methylimidazolium octylsulfate,C(CCCCCCC)OS(=O)(=O)[O-].C(C)N1C=[N+](C=C1)C,298.1,101.325,ElectricalConductivity,0.045999996,0.044746898,0.0012530982,test,Random point,Point,C,Electrical conductivity multi-split parity plot,True
3859,N-butylimidazolium salicylate,CCCCn1cc[nH+]c1.O=C([O-])c1ccccc1O,328.0,101.325,ElectricalConductivity,0.07999998,0.103455186,0.023455203,test,Random point,Point,C,Electrical conductivity multi-split parity plot,True
3486,1-butyl-3-methylimidazolium bis(trifluoromethylsulfonyl)imide,CCCC[n+]1ccn(C)c1.O=S(=O)([N-]S(=O)(=O)C(F)(F)F)C(F)(F)F,349.15,101.325,ElectricalConductivity,1.819,1.6951311,0.12386894,test,Random point,Point,C,Electrical conductivity multi-split parity plot,True
3924,3-methyl-1-propylpyridinium bis(trifluoromethylsulfonyl)imide,CCC[n+]1cccc(C)c1.O=S(=O)([N-]S(=O)(=O)C(F)(F)F)C(F)(F)F,278.15,100.0,ElectricalConductivity,0.1524,0.14032502,0.012074977,test,Random point,Point,C,Electrical conductivity multi-split parity plot,True
360,propylammonium acetate,CC(=O)[O-].CCC[NH3+],318.15,101.325,ElectricalConductivity,0.17000002,0.16099972,0.009000301,test,Random point,Point,C,Electrical conductivity multi-split parity plot,True
1010,3-dodecyl-1H-imidazol-3-ium bis((trifluoromethyl)sulfonyl)amide,CCCCCCCCCCCC[n+]1cc[nH]c1.O=S(=O)([N-]S(=O)(=O)C(F)(F)F)C(F)(F)F,503.85,101.325,ElectricalConductivity,0.89699996,0.81383866,0.083161294,test,Random point,Point,C,Electrical conductivity multi-split parity plot,True
3463,1-butyl-3-methylimidazolium bis(trifluoromethylsulfonyl)imide,CCCC[n+]1ccn(C)c1.O=S(=O)([N-]S(=O)(=O)C(F)(F)F)C(F)(F)F,308.15,101.325,ElectricalConductivity,0.57273334,0.6024671,0.029733777,test,Random point,Point,C,Electrical conductivity multi-split parity plot,True
2210,"N,N-dimethyl-N-ethyl-N-pentylammonium bis(trifluoromethylsulfonyl)",CCCCC[N+](C)(C)CC.O=S(=O)([N-]S(=O)(=O)C(F)(F)F)C(F)(F)F,288.15,101.325,ElectricalConductivity,0.07999998,0.07224015,0.007759832,test,Random point,Point,C,Electrical conductivity multi-split parity plot,True
4285,diethylmethylammonium trifluoromethanesulfonate,CC[NH+](C)CC.O=S(=O)([O-])C(F)(F)F,403.1,101.325,ElectricalConductivity,4.729999,5.4300666,0.7000675,test,Random point,Point,C,Electrical conductivity multi-split parity plot,True
43,1-ethyl-3-methylimidazolium ethylsulfate,C(C)OS(=O)(=O)[O-].C(C)N1C=[N+](C=C1)C,268.1,101.325,ElectricalConductivity,0.04950001,0.053598907,0.004098896,test,Random point,Point,C,Electrical conductivity multi-split parity plot,True
2693,"1-butyl-2,3-dimethylpyridinium bis(trifluoromethylsulfonyl)amide",CCCC[n+]1cccc(C)c1C.O=S(=O)([N-]S(=O)(=O)C(F)(F)F)C(F)(F)F,343.15,101.325,ElectricalConductivity,0.83199996,0.886574,0.054574013,test,Random point,Point,C,Electrical conductivity multi-split parity plot,True
4051,1-methyl-3-propylimidazolium L-serinate,CCCn1cc[n+](C)c1.N[C@@H](CO)C(=O)[O-],318.15,101.325,ElectricalConductivity,0.08410001,0.08573898,0.0016389713,test,Random point,Point,C,Electrical conductivity multi-split parity plot,True
2776,1-butyl-2-methylpyridinium tetrafluoroborate,CCCC[n+]1ccccc1C.F[B-](F)(F)F,333.15,101.325,ElectricalConductivity,0.6399999,0.61801016,0.021989763,test,Random point,Point,C,Electrical conductivity multi-split parity plot,True
4948,"1-ethyl-3-methylimidazolium difluorobis(2,2,2-trifluoroacetoxy)borate",CCn1cc[n+](C)c1.O=C(O[B-](F)(F)OC(=O)C(F)(F)F)C(F)(F)F,353.15,101.325,ElectricalConductivity,3.7491004,3.9982042,0.24910378,test,Random point,Point,C,Electrical conductivity multi-split parity plot,True
2744,1-butylpyridinium bis[(trifluoromethyl)sulfonyl]imide,CCCC[n+]1ccccc1.O=S(=O)([N-]S(=O)(=O)C(F)(F)F)C(F)(F)F,343.1,101.325,ElectricalConductivity,1.275,1.2354817,0.039518237,test,Random point,Point,C,Electrical conductivity multi-split parity plot,True
4792,1-ethyl-3-methylimidazolium bis((trifluoromethyl)sulfonyl)imide,CC[n+]1ccn(C)c1.O=S(=O)([N-]S(=O)(=O)C(F)(F)F)C(F)(F)F,355.8,101.325,ElectricalConductivity,3.5199997,3.2811632,0.23883653,test,Random point,Point,C,Electrical conductivity multi-split parity plot,True
1377,1-octyl-3-methylimidazolium hexafluorophosphate,CCCCCCCC[n+]1ccn(C)c1.F[P-](F)(F)(F)(F)F,318.15,101.325,ElectricalConductivity,0.086175,0.08910865,0.0029336512,test,Random point,Point,C,Electrical conductivity multi-split parity plot,True
3478,1-butyl-3-methylimidazolium bis(trifluoromethylsulfonyl)imide,CCCC[n+]1ccn(C)c1.O=S(=O)([N-]S(=O)(=O)C(F)(F)F)C(F)(F)F,328.15,101.325,ElectricalConductivity,1.0750002,1.0514817,0.023518443,test,Random point,Point,C,Electrical conductivity multi-split parity plot,True
4419,1-ethyl-3-methylimidazolium 4-methylbenzenesulfonate,CC[n+]1ccn(C)c1.Cc1ccc(S(=O)(=O)[O-])cc1,368.1,101.325,ElectricalConductivity,1.1299999,1.1203495,0.00965035,test,Random point,Point,C,Electrical conductivity multi-split parity plot,True
4469,1-ethyl-3-methylimidazolium tetrafluoroborate,CC[n+]1ccn(C)c1.F[B-](F)(F)F,353.15,101.325,ElectricalConductivity,5.7938,5.5660634,0.22773647,test,Random point,Point,C,Electrical conductivity multi-split parity plot,True
2263,1-pentyl-3-methylimidazolium thiocyanate,CCCCC[n+]1ccn(C)c1.N#C[S-],318.15,101.325,ElectricalConductivity,0.69100004,0.71536565,0.024365604,test,Random point,Point,C,Electrical conductivity multi-split parity plot,True
5399,1-(2-hydroxyethyl)-3-methylimidazolium bis[(trifluoromethyl)sulfonyl]imide,Cn1cc[n+](CCO)c1.O=S(=O)([N-]S(=O)(=O)C(F)(F)F)C(F)(F)F,295.1,101.325,ElectricalConductivity,0.29999998,0.29473844,0.0052615404,test,Random point,Point,C,Electrical conductivity multi-split parity plot,True
5574,1-methyl-3-pentylimidazolium dihydrogenphosphate,P(=O)(O)(O)[O-].CN1C=[N+](C=C1)CCCCC,328.15,101.325,ElectricalConductivity,0.58800006,0.6261831,0.038183033,test,Random point,Point,C,Electrical conductivity multi-split parity plot,True
4496,1-ethyl-3-methyl-1H-imidazolium tricyanomethanide,CC[n+]1ccn(C)c1.N#C[C-](C#N)C#N,195.2,100.0,ElectricalConductivity,1.4000005e-07,6.8996314e-08,7.100374e-08,test,Random point,Point,C,Electrical conductivity multi-split parity plot,True
741,N-(2-ethylhexyl)ethylenediammonium trifluoroacetate,CCCCC(CC)C[NH2+]CCN.O=C([O-])C(F)(F)F,303.15,101.325,ElectricalConductivity,0.015800003,0.015282737,0.0005172659,test,Random point,Point,C,Electrical conductivity multi-split parity plot,True
379,1-ethyl-3-methylimidazolium acetate,CC(=O)[O-].CC[n+]1ccn(C)c1,288.15,101.325,ElectricalConductivity,0.162,0.1638743,0.0018742979,test,Random point,Point,C,Electrical conductivity multi-split parity plot,True
1656,heptyltrimethylammonium bis[(trifluoromethyl)sulfonyl]imide,CCCCCCC[N+](C)(C)C.O=S(=O)([N-]S(=O)(=O)C(F)(F)F)C(F)(F)F,298.1,101.325,ElectricalConductivity,0.039999995,0.049792632,0.009792637,test,Random point,Point,C,Electrical conductivity multi-split parity plot,True
1726,triethylhexylammonium bis((trifluoromethyl)sulfonyl)imide,CCCCCC[N+](CC)(CC)CC.O=S(=O)([N-]S(=O)(=O)C(F)(F)F)C(F)(F)F,298.15,101.325,ElectricalConductivity,0.08869999,0.088740855,4.0866435e-05,test,Random point,Point,C,Electrical conductivity multi-split parity plot,True
234,"N-ethyl-N,N-dimethylprop-2-en-1-aminium trifluoroacetate",C=CC[N+](C)(C)CC.O=C([O-])C(F)(F)F,353.0,101.325,ElectricalConductivity,2.1020002,2.139427,0.03742671,test,Random point,Point,C,Electrical conductivity multi-split parity plot,True
5567,1-butyl-3-methylimidazolium dihydrogenphosphate,P(=O)(O)(O)[O-].C(CCC)N1C=[N+](C=C1)C,318.15,101.325,ElectricalConductivity,0.70699996,0.7238139,0.016813934,test,Random point,Point,C,Electrical conductivity multi-split parity plot,True
1014,1-dodecyl-3-methylimidazolium tetrafluoroborate,CCCCCCCCCCCC[n+]1ccn(C)c1.F[B-](F)(F)F,293.1,101.325,ElectricalConductivity,0.016400004,0.0075377566,0.008862248,test,Random point,Point,C,Electrical conductivity multi-split parity plot,True
1579,1-methyl-3-octylimidazolium bis(trifluoromethylsulfonyl)imide,CCCCCCCCn1cc[n+](C)c1.O=S(=O)([N-]S(=O)(=O)C(F)(F)F)C(F)(F)F,283.15,101.325,ElectricalConductivity,0.0601,0.06607125,0.005971249,test,Random point,Point,C,Electrical conductivity multi-split parity plot,True
747,trihexyl(tetradecyl)phosphonium hexanoate,CCCCCC(=O)[O-].CCCCCCCCCCCCCC[P+](CCCCCC)(CCCCCC)CCCCCC,303.8,101.325,ElectricalConductivity,0.0045400006,0.004109845,0.00043015555,test,Random point,Point,C,Electrical conductivity multi-split parity plot,True
3455,1-butyl-3-methylimidazolium bis(trifluoromethylsulfonyl)imide,CCCC[n+]1ccn(C)c1.O=S(=O)([N-]S(=O)(=O)C(F)(F)F)C(F)(F)F,300.15,101.325,ElectricalConductivity,0.4346,0.4604456,0.025845617,test,Random point,Point,C,Electrical conductivity multi-split parity plot,True
3484,1-butyl-3-methylimidazolium bis(trifluoromethylsulfonyl)imide,CCCC[n+]1ccn(C)c1.O=S(=O)([N-]S(=O)(=O)C(F)(F)F)C(F)(F)F,347.15,101.325,ElectricalConductivity,1.744,1.6279988,0.11600113,test,Random point,Point,C,Electrical conductivity multi-split parity plot,True
2551,1-butyl-4-methylpyridinium tetrafluoroborate,CCCC[n+]1ccc(C)cc1.F[B-](F)(F)F,308.15,101.325,ElectricalConductivity,0.33900002,0.36525378,0.02625376,test,Random point,Point,C,Electrical conductivity multi-split parity plot,True
4206,3-(ethoxymethyl)-1-methylimidazolium bis((trifluoromethyl)sulfonyl)amide,CCOCn1cc[n+](C)c1.O=S(=O)([N-]S(=O)(=O)C(F)(F)F)C(F)(F)F,313.15,101.325,ElectricalConductivity,0.543,0.56715864,0.024158657,test,Random point,Point,C,Electrical conductivity multi-split parity plot,True
944,trihexyltetradecylphosphonium nonafluorobutanesulfonate,CCCCCCCCCCCCCC[P+](CCCCCC)(CCCCCC)CCCCCC.O=S(=O)([O-])C(F)(F)C(F)(F)C(F)(F)C(F)(F)F,363.7,101.325,ElectricalConductivity,0.0376,0.03499848,0.0026015192,test,Random point,Point,C,Electrical conductivity multi-split parity plot,True
853,trihexyl(tetradecyl)phosphonium tris(pentafluoroethyl)trifluorophosphate,CCCCCCCCCCCCCC[P+](CCCCCC)(CCCCCC)CCCCCC.FC(F)(F)C(F)(F)[P-](F)(F)(F)(C(F)(F)C(F)(F)F)C(F)(F)C(F)(F)F,358.4,101.325,ElectricalConductivity,0.124000005,0.11412937,0.0098706335,test,Random point,Point,C,Electrical conductivity multi-split parity plot,True
4790,1-ethyl-3-methylimidazolium bis((trifluoromethyl)sulfonyl)imide,CC[n+]1ccn(C)c1.O=S(=O)([N-]S(=O)(=O)C(F)(F)F)C(F)(F)F,353.15,101.325,ElectricalConductivity,3.11325,3.1278083,0.014558315,test,Random point,Point,C,Electrical conductivity multi-split parity plot,True
4854,1-ethyl-3-methylimidazolium bromide,CC[n+]1ccn(C)c1.[Br-],458.1,101.325,ElectricalConductivity,11.200003,10.809402,0.3906002,test,Random point,Point,C,Electrical conductivity multi-split parity plot,True
2746,1-butylpyridinium bis[(trifluoromethyl)sulfonyl]imide,CCCC[n+]1ccccc1.O=S(=O)([N-]S(=O)(=O)C(F)(F)F)C(F)(F)F,373.0,101.325,ElectricalConductivity,2.2999997,2.1848147,0.11518502,test,Random point,Point,C,Electrical conductivity multi-split parity plot,True
4875,1-ethyl-3-methylimidazolium iodide,CC[n+]1ccn(C)c1.[I-],367.7,101.325,ElectricalConductivity,3.6600006,3.094494,0.56550646,test,Random point,Point,C,Electrical conductivity multi-split parity plot,True
3682,1-butyl-3-isopentylimidazolium bis((trifluoromethyl)sulfonyl)amide,CCCC[n+]1ccn(CCC(C)C)c1.O=S(=O)([N-]S(=O)(=O)C(F)(F)F)C(F)(F)F,343.15,101.325,ElectricalConductivity,0.694,0.7366081,0.042608082,test,Random point,Point,C,Electrical conductivity multi-split parity plot,True
62,1-ethyl-3-methylimidazolium ethylsulfate,C(C)OS(=O)(=O)[O-].C(C)N1C=[N+](C=C1)C,298.15,101.3,ElectricalConductivity,0.398,0.39416996,0.0038300455,test,Random point,Point,C,Electrical conductivity multi-split parity plot,True
1079,3-decyl-1H-imidazol-3-ium bis((trifluoromethyl)sulfonyl)amide,CCCCCCCCCC[n+]1cc[nH]c1.O=S(=O)([N-]S(=O)(=O)C(F)(F)F)C(F)(F)F,382.45,101.325,ElectricalConductivity,0.45099998,0.45327765,0.0022776723,test,Random point,Point,C,Electrical conductivity multi-split parity plot,True
1732,triethylhexylammonium bis((trifluoromethyl)sulfonyl)imide,CCCCCC[N+](CC)(CC)CC.O=S(=O)([N-]S(=O)(=O)C(F)(F)F)C(F)(F)F,314.15,101.325,ElectricalConductivity,0.212,0.21584317,0.0038431734,test,Random point,Point,C,Electrical conductivity multi-split parity plot,True
2734,1-butylpyridinium bis[(trifluoromethyl)sulfonyl]imide,CCCC[n+]1ccccc1.O=S(=O)([N-]S(=O)(=O)C(F)(F)F)C(F)(F)F,283.0,101.325,ElectricalConductivity,0.16,0.16511825,0.005118251,test,Random point,Point,C,Electrical conductivity multi-split parity plot,True
3621,1-butyl-3-methylimidazolium iodide,CCCC[n+]1ccn(C)c1.[I-],293.0,101.325,ElectricalConductivity,0.057,0.053106114,0.0038938858,test,Random point,Point,C,Electrical conductivity multi-split parity plot,True
3061,1-butyl-3-methylimidazolium hexafluorophosphate,CCCC[n+]1ccn(C)c1.F[P-](F)(F)(F)(F)F,353.2,101.325,ElectricalConductivity,1.2140001,1.2594748,0.04547465,test,Random point,Point,C,Electrical conductivity multi-split parity plot,True
3457,1-butyl-3-methylimidazolium bis(trifluoromethylsulfonyl)imide,CCCC[n+]1ccn(C)c1.O=S(=O)([N-]S(=O)(=O)C(F)(F)F)C(F)(F)F,302.15,101.325,ElectricalConductivity,0.46959996,0.49398908,0.024389118,test,Random point,Point,C,Electrical conductivity multi-split parity plot,True
3422,1-butyl-3-methylimidazolium glycolate,CCCC[n+]1ccn(C)c1.O=C([O-])CO,323.15,101.325,ElectricalConductivity,0.21100001,0.21126781,0.00026780367,test,Random point,Point,C,Electrical conductivity multi-split parity plot,True
1826,1-hexyl-3-methylimidazolium tetrafluoroborate,CCCCCC[n+]1ccn(C)c1.F[B-](F)(F)F,288.15,101.325,ElectricalConductivity,0.06719999,0.06979232,0.0025923327,test,Random point,Point,C,Electrical conductivity multi-split parity plot,True
5465,"1-butyl-2,3-dimethyl-1H-imidazolium bis(trifluoromethylsulfonyl)amide",FC(S(=O)(=O)[N-]S(=O)(=O)C(F)(F)F)(F)F.C(CCC)N1C(=[N+](C=C1)C)C,298.1,101.325,ElectricalConductivity,0.22199999,0.20857953,0.013420463,test,Random point,Point,C,Electrical conductivity multi-split parity plot,True
1264,N-octylethylenediammonium trifluoromethanesulfonate,CCCCCCCC[NH2+]CCN.O=S(=O)([O-])C(F)(F)F,338.15,101.325,ElectricalConductivity,0.128,0.1206832,0.0073168054,test,Random point,Point,C,Electrical conductivity multi-split parity plot,True
760,trihexyl(tetradecyl)phosphonium octanoate,CCCCCCCC(=O)[O-].CCCCCCCCCCCCCC[P+](CCCCCC)(CCCCCC)CCCCCC,313.4,101.325,ElectricalConductivity,0.0056999996,0.0051916535,0.00050834613,test,Random point,Point,C,Electrical conductivity multi-split parity plot,True
361,propylammonium acetate,CC(=O)[O-].CCC[NH3+],328.15,101.325,ElectricalConductivity,0.27,0.24819067,0.02180934,test,Random point,Point,C,Electrical conductivity multi-split parity plot,True
4848,1-ethyl-3-methylimidazolium bromide,CC[n+]1ccn(C)c1.[Br-],353.9,101.325,ElectricalConductivity,1.9199996,2.0071409,0.087141275,test,Random point,Point,C,Electrical conductivity multi-split parity plot,True
4477,1-ethyl-3-methylimidazolium tetrafluoroborate,CC[n+]1ccn(C)c1.F[B-](F)(F)F,428.15,101.325,ElectricalConductivity,14.220004,11.943662,2.2763424,test,Random point,Point,C,Electrical conductivity multi-split parity plot,True
1303,3-octyl-1H-imidazol-3-ium bis((trifluoromethyl)sulfonyl)amide,CCCCCCCC[n+]1cc[nH]c1.O=S(=O)([N-]S(=O)(=O)C(F)(F)F)C(F)(F)F,485.75,101.325,ElectricalConductivity,1.7749999,1.4104975,0.3645023,test,Random point,Point,C,Electrical conductivity multi-split parity plot,True
3029,1-butyl-3-methylimidazolium hexafluorophosphate,CCCC[n+]1ccn(C)c1.F[P-](F)(F)(F)(F)F,338.2,101.325,ElectricalConductivity,0.55600005,0.78532314,0.22932309,test,Random point,Point,C,Electrical conductivity multi-split parity plot,True
1304,3-octyl-1H-imidazol-3-ium bis((trifluoromethyl)sulfonyl)amide,CCCCCCCC[n+]1cc[nH]c1.O=S(=O)([N-]S(=O)(=O)C(F)(F)F)C(F)(F)F,516.45,101.325,ElectricalConductivity,1.159,1.1370764,0.021923661,test,Random point,Point,C,Electrical conductivity multi-split parity plot,True
3819,3-butyl-1-methyl-1H-imidazolium formate,CCCCn1cc[n+](C)c1.O=C[O-],343.15,101.325,ElectricalConductivity,1.04,0.9889953,0.05100465,test,Random point,Point,C,Electrical conductivity multi-split parity plot,True
4425,1-ethyl-3-methylimidazolium tetrafluoroborate,CC[n+]1ccn(C)c1.F[B-](F)(F)F,258.15,101.325,ElectricalConductivity,0.23330002,0.28181878,0.048518762,test,Random point,Point,C,Electrical conductivity multi-split parity plot,True
4713,1-ethyl-3-methyl-1H-imidazolium bis(fluorosulfonyl)amide,CC[n+]1ccn(C)c1.O=S(=O)(F)[N-]S(=O)(=O)F,283.0,101.0,ElectricalConductivity,1.05,1.1631126,0.11311269,test,Random point,Point,C,Electrical conductivity multi-split parity plot,True
4942,1-ethyl-3-methylimidazolium tris(pentafluoroethyl)trifluorophosphate,CCn1cc[n+](C)c1.FC(F)(F)C(F)(F)[P-](F)(F)(F)(C(F)(F)C(F)(F)F)C(F)(F)C(F)(F)F,388.15,101.0,ElectricalConductivity,3.7809992,4.0501137,0.2691145,test,Random point,Point,C,Electrical conductivity multi-split parity plot,True
1077,3-decyl-1H-imidazol-3-ium bis((trifluoromethyl)sulfonyl)amide,CCCCCCCCCC[n+]1cc[nH]c1.O=S(=O)([N-]S(=O)(=O)C(F)(F)F)C(F)(F)F,342.75,101.325,ElectricalConductivity,0.165,0.18602102,0.021021008,test,Random point,Point,C,Electrical conductivity multi-split parity plot,True
3802,1-butyl-3-methylimidazolium difluoromono(malonato)borate,CCCCn1cc[n+](C)c1.O=C1CC(=O)O[B-](F)(F)O1,303.15,101.325,ElectricalConductivity,0.2544,0.2690866,0.0146865845,test,Random point,Point,C,Electrical conductivity multi-split parity plot,True
5087,1-butyl-3-methylimidazolium methylsulfate,COS(=O)(=O)[O-].C(CCC)N1C=[N+](C=C1)C,318.15,101.325,ElectricalConductivity,0.29700002,0.4038273,0.10682729,test,Random point,Point,C,Electrical conductivity multi-split parity plot,True
2353,butyltrimethylammonium bis(trifluoromethylsulfonyl)imide,CCCC[N+](C)(C)C.O=S(=O)([N-]S(=O)(=O)C(F)(F)F)C(F)(F)F,263.0,101.325,ElectricalConductivity,0.021000005,0.020437298,0.00056270696,test,Random point,Point,C,Electrical conductivity multi-split parity plot,True
2231,triethyl(pentyl)phosphonium bis((trifluoromethyl)sulfonyl)amide,CCCCC[P+](CC)(CC)CC.O=S(=O)([N-]S(=O)(=O)C(F)(F)F)C(F)(F)F,306.15,100.0,ElectricalConductivity,0.286,0.23701745,0.04898256,test,Random point,Point,C,Electrical conductivity multi-split parity plot,True
4283,diethylmethylammonium methanesulfonate,CC[NH+](C)CC.CS(=O)(=O)[O-],393.1,101.325,ElectricalConductivity,2.22,2.6168365,0.39683652,test,Random point,Point,C,Electrical conductivity multi-split parity plot,True
3290,1-butyl-3-methylimidazolium tricyanomethane,CCCC[n+]1ccn(C)c1.N#C[C-](C#N)C#N,313.4,101.325,ElectricalConductivity,1.54,1.6389754,0.09897542,test,Random point,Point,C,Electrical conductivity multi-split parity plot,True
1323,1-octylpyridinium bis((trifluoromethyl)sulfonyl)amide,CCCCCCCC[n+]1ccccc1.O=S(=O)([N-]S(=O)(=O)C(F)(F)F)C(F)(F)F,298.15,100.0,ElectricalConductivity,0.096999995,0.096711546,0.00028844923,test,Random point,Point,C,Electrical conductivity multi-split parity plot,True
2915,1-butyl-3-methylimidazolium tetrafluoroborate,CCCC[n+]1ccn(C)c1.F[B-](F)(F)F,358.15,101.0,ElectricalConductivity,2.5299997,2.3148267,0.215173,test,Random point,Point,C,Electrical conductivity multi-split parity plot,True
4759,1-ethyl-3-methylimidazolium bis((trifluoromethyl)sulfonyl)imide,CC[n+]1ccn(C)c1.O=S(=O)([N-]S(=O)(=O)C(F)(F)F)C(F)(F)F,306.55,101.325,ElectricalConductivity,1.2799999,1.1557413,0.12425852,test,Random point,Point,C,Electrical conductivity multi-split parity plot,True
3157,1-butyl-3-methylimidazolium hexafluorophosphate,CCCC[n+]1ccn(C)c1.F[P-](F)(F)(F)(F)F,428.15,101.325,ElectricalConductivity,5.01,5.3024154,0.29241514,test,Random point,Point,C,Electrical conductivity multi-split parity plot,True
4487,1-ethyl-3-methylimidazolium hexafluorophosphate,CC[n+]1ccn(C)c1.F[P-](F)(F)(F)(F)F,393.1,101.325,ElectricalConductivity,5.0599995,4.825919,0.23408031,test,Random point,Point,C,Electrical conductivity multi-split parity plot,True
1287,tributyloctylphosphonium tris(pentafluoroethyl)trifluorophosphate,CCCCCCCC[P+](CCCC)(CCCC)CCCC.FC(F)(F)C(F)(F)[P-](F)(F)(F)(C(F)(F)C(F)(F)F)C(F)(F)C(F)(F)F,328.3,101.325,ElectricalConductivity,0.096999995,0.08241426,0.014585733,test,Random point,Point,C,Electrical conductivity multi-split parity plot,True
3965,1-propylpyridinium bis((trifluoromethyl)sulfonyl)amide,CCC[n+]1ccccc1.O=S(=O)([N-]S(=O)(=O)C(F)(F)F)C(F)(F)F,323.0,101.325,ElectricalConductivity,0.69699997,0.93069994,0.23369998,test,Random point,Point,C,Electrical conductivity multi-split parity plot,True
1871,1-hexyl-3-methylimidazolium hexafluorophosphate,CCCCCC[n+]1ccn(C)c1.F[P-](F)(F)(F)(F)F,313.15,101.325,ElectricalConductivity,0.1301,0.12828478,0.0018152148,test,Random point,Point,C,Electrical conductivity multi-split parity plot,True
5432,1-methylimidazolium bis(trifluoromethylsulfonyl)imide,Cn1cc[nH+]c1.O=S(=O)([N-]S(=O)(=O)C(F)(F)F)C(F)(F)F,378.0,101.325,ElectricalConductivity,3.1500006,3.214778,0.064777374,test,Random point,Point,C,Electrical conductivity multi-split parity plot,True
5400,1-(2-hydroxyethyl)-3-methylimidazolium bis[(trifluoromethyl)sulfonyl]imide,Cn1cc[n+](CCO)c1.O=S(=O)([N-]S(=O)(=O)C(F)(F)F)C(F)(F)F,313.15,101.3,ElectricalConductivity,0.606,0.62330055,0.017300546,test,Random point,Point,C,Electrical conductivity multi-split parity plot,True
1889,1-hexyl-3-methylimidazolium hexafluorophosphate,CCCCCC[n+]1ccn(C)c1.F[P-](F)(F)(F)(F)F,343.14,100.0,ElectricalConductivity,0.44100004,0.45361716,0.012617111,test,Random point,Point,C,Electrical conductivity multi-split parity plot,True
1400,1-octyl-3-methylimidazolium hexafluorophosphate,CCCCCCCC[n+]1ccn(C)c1.F[P-](F)(F)(F)(F)F,348.15,100.0,ElectricalConductivity,0.29,0.304483,0.014483005,test,Random point,Point,C,Electrical conductivity multi-split parity plot,True
4917,"3-ethyl-1,5-dimethylimidazolium bis((trifluoromethyl)sulfonyl)amide",CCn1cc(C)[n+](C)c1.O=S(=O)([N-]S(=O)(=O)C(F)(F)F)C(F)(F)F,293.0,101.325,ElectricalConductivity,0.66,0.4326049,0.22739512,test,Random point,Point,C,Electrical conductivity multi-split parity plot,True
3281,1-butyl-3-methylimidazolium tricyanomethane,CCCC[n+]1ccn(C)c1.N#C[C-](C#N)C#N,293.25,101.325,ElectricalConductivity,1.027,0.80044025,0.2265597,test,Random point,Point,C,Electrical conductivity multi-split parity plot,True
4847,1-ethyl-3-methylimidazolium bromide,CC[n+]1ccn(C)c1.[Br-],335.6,101.325,ElectricalConductivity,1.0600001,1.1021708,0.042170763,test,Random point,Point,C,Electrical conductivity multi-split parity plot,True
3783,1-butyl-3-methyl-1H-imidazol-3-ium trifluoro(2-fluorophenyl)borate,CCCCn1cc[n+](C)c1.Fc1ccccc1[B-](F)(F)F,318.25,101.325,ElectricalConductivity,0.36399996,0.35565695,0.008343011,test,Random point,Point,C,Electrical conductivity multi-split parity plot,True
848,trihexyl(tetradecyl)phosphonium tris(pentafluoroethyl)trifluorophosphate,CCCCCCCCCCCCCC[P+](CCCCCC)(CCCCCC)CCCCCC.FC(F)(F)C(F)(F)[P-](F)(F)(F)(C(F)(F)C(F)(F)F)C(F)(F)C(F)(F)F,333.3,101.325,ElectricalConductivity,0.05500001,0.044783965,0.010216046,test,Random point,Point,C,Electrical conductivity multi-split parity plot,True
390,1-ethyl-3-methylimidazolium acetate,CC(=O)[O-].CC[n+]1ccn(C)c1,313.15,101.0,ElectricalConductivity,0.59066665,0.64829534,0.05762869,test,Random point,Point,C,Electrical conductivity multi-split parity plot,True
5590,"1-ethyl-2,3-dimethylimidazolium hydrogensulfate",S(=O)(=O)(O)[O-].C(C)N1C(=[N+](C=C1)C)C,313.15,101.325,ElectricalConductivity,0.308,0.31309187,0.005091876,test,Random point,Point,C,Electrical conductivity multi-split parity plot,True
4855,1-ethyl-3-methylimidazolium bromide,CC[n+]1ccn(C)c1.[Br-],478.1,101.325,ElectricalConductivity,13.200001,12.006341,1.1936598,test,Random point,Point,C,Electrical conductivity multi-split parity plot,True
3787,1-butyl-3-methyl-1H-imidazol-3-ium (4-cyanophenyl)trifluoroborate,CCCCn1cc[n+](C)c1.N#Cc1ccc([B-](F)(F)F)cc1,308.32,101.325,ElectricalConductivity,0.179,0.14590688,0.033093125,test,Random point,Point,C,Electrical conductivity multi-split parity plot,True
4947,"1-ethyl-3-methylimidazolium difluorobis(2,2,2-trifluoroacetoxy)borate",CCn1cc[n+](C)c1.O=C(O[B-](F)(F)OC(=O)C(F)(F)F)C(F)(F)F,313.15,101.325,ElectricalConductivity,1.7072002,1.8068044,0.09960425,test,Random point,Point,C,Electrical conductivity multi-split parity plot,True
817,"N,N,N-triethyltetradecan-1-aminium bis((trifluoromethyl)sulfonyl)amide",CCCCCCCCCCCCCC[N+](CC)(CC)CC.O=S(=O)([N-]S(=O)(=O)C(F)(F)F)C(F)(F)F,298.15,101.325,ElectricalConductivity,0.009999999,0.012629552,0.002629553,test,Random point,Point,C,Electrical conductivity multi-split parity plot,True
1531,1-methyl-3-octylimidazolium tetrafluoroborate,CCCCCCCCn1cc[n+](C)c1.F[B-](F)(F)F,448.15,101.325,ElectricalConductivity,3.56,3.6681974,0.10819745,test,Random point,Point,C,Electrical conductivity multi-split parity plot,True
2913,1-butyl-3-methylimidazolium tetrafluoroborate,CCCC[n+]1ccn(C)c1.F[B-](F)(F)F,353.1,100.0,ElectricalConductivity,1.8893,2.05488,0.16557992,test,Random point,Point,C,Electrical conductivity multi-split parity plot,True
4074,1-methyl-3-propylimidazolium bis[(trifluoromethyl)sulfonyl]imide,CCCn1cc[n+](C)c1.O=S(=O)([N-]S(=O)(=O)C(F)(F)F)C(F)(F)F,333.15,101.3,ElectricalConductivity,1.53,1.5028318,0.027168155,test,Random point,Point,C,Electrical conductivity multi-split parity plot,True
2629,1-butyl-3-methylpyridinium tetrafluoroborate,CCCC[n+]1cccc(C)c1.F[B-](F)(F)F,300.65,101.325,ElectricalConductivity,0.238,0.24224873,0.0042487234,test,Random point,Point,C,Electrical conductivity multi-split parity plot,True
4480,1-ethyl-3-methylimidazolium phenyltrifluoroborate,CC[n+]1ccn(C)c1.F[B-](F)(F)c1ccccc1,338.0,101.325,ElectricalConductivity,1.857,1.8958169,0.03881693,test,Random point,Point,C,Electrical conductivity multi-split parity plot,True
332,butylammonium acetate,CC(=O)[O-].CCCC[NH3+],318.15,100.0,ElectricalConductivity,0.15900001,0.12992705,0.029072955,test,Random point,Point,C,Electrical conductivity multi-split parity plot,True
1254,triethyloctylammonium bis[(trifluoromethyl)sulfonyl]imide,CCCCCCCC[N+](CC)(CC)CC.O=S(=O)([N-]S(=O)(=O)C(F)(F)F)C(F)(F)F,313.15,101.325,ElectricalConductivity,0.13099998,0.13287088,0.0018709004,test,Random point,Point,C,Electrical conductivity multi-split parity plot,True
3950,1-propylpyridinium tetrafluoroborate,CCC[n+]1ccccc1.F[B-](F)(F)F,283.15,101.325,ElectricalConductivity,0.1514,0.16371244,0.012312442,test,Random point,Point,C,Electrical conductivity multi-split parity plot,True
5575,1-methyl-3-pentylimidazolium dihydrogenphosphate,P(=O)(O)(O)[O-].CN1C=[N+](C=C1)CCCCC,333.15,101.325,ElectricalConductivity,0.66499996,0.70405936,0.0390594,test,Random point,Point,C,Electrical conductivity multi-split parity plot,True
1912,1-hexyl-3-methylimidazolium dicyanamide,CCCCCC[n+]1ccn(C)c1.N#C[N-]C#N,293.0,101.325,ElectricalConductivity,0.53,0.40842584,0.12157413,test,Random point,Point,C,Electrical conductivity multi-split parity plot,True
55,1-ethyl-3-methylimidazolium ethylsulfate,C(C)OS(=O)(=O)[O-].C(C)N1C=[N+](C=C1)C,293.1,101.325,ElectricalConductivity,0.291,0.30072415,0.00972414,test,Random point,Point,C,Electrical conductivity multi-split parity plot,True
550,2-hydroxypropanaminium formate,CC(O)C[NH3+].O=C[O-],298.1,101.325,ElectricalConductivity,0.049,0.36013818,0.31113818,test,Random point,Point,C,Electrical conductivity multi-split parity plot,True
3420,1-butyl-3-methylimidazolium trifluoroacetate,CCCC[n+]1ccn(C)c1.O=C([O-])C(F)(F)F,353.15,101.325,ElectricalConductivity,1.7000002,2.1713917,0.47139156,test,Random point,Point,C,Electrical conductivity multi-split parity plot,True
313,1-hexylpyridinium acetate,CC(=O)[O-].CCCCCC[n+]1ccccc1,303.15,101.325,ElectricalConductivity,0.004719997,0.004857052,0.0001370553,test,Random point,Point,C,Electrical conductivity multi-split parity plot,True
5039,1-(methoxymethyl)-3-methylimidazolium bis((trifluoromethyl)sulfonyl)amide,COC[n+]1ccn(C)c1.O=S(=O)([N-]S(=O)(=O)C(F)(F)F)C(F)(F)F,303.15,101.325,ElectricalConductivity,0.51199996,0.5411918,0.029191852,test,Random point,Point,C,Electrical conductivity multi-split parity plot,True
3324,1-butyl-3-methylimidazolium dicyanamide,CCCC[n+]1ccn(C)c1.N#C[N-]C#N,298.15,101.0,ElectricalConductivity,0.98233336,1.1882362,0.20590287,test,Random point,Point,C,Electrical conductivity multi-split parity plot,True
3660,"1-butyl-2,3-dimethylimidazolium azide",CCCC[n+]1ccn(C)c1C.[N-]=[N+]=[N-],368.15,101.0,ElectricalConductivity,1.5192,1.4542553,0.064944625,test,Random point,Point,C,Electrical conductivity multi-split parity plot,True
5061,1-ethyl-3-methylimidazolium methylsulfate,COS(=O)(=O)[O-].C(C)N1C=[N+](C=C1)C,313.15,101.325,ElectricalConductivity,1.0190002,1.0252975,0.00629735,test,Random point,Point,C,Electrical conductivity multi-split parity plot,True
4874,1-ethyl-3-methylimidazolium iodide,CC[n+]1ccn(C)c1.[I-],363.1,101.325,ElectricalConductivity,1.3999999,2.8693624,1.4693625,test,Random point,Point,C,Electrical conductivity multi-split parity plot,True
446,1-methylimidazolium acetate,CC(=O)[O-].Cn1cc[nH+]c1,298.15,101.325,ElectricalConductivity,0.33299997,0.34868726,0.015687287,test,Random point,Point,C,Electrical conductivity multi-split parity plot,True
1866,1-hexyl-3-methylimidazolium hexafluorophosphate,CCCCCC[n+]1ccn(C)c1.F[P-](F)(F)(F)(F)F,303.15,100.0,ElectricalConductivity,0.0724,0.07452937,0.0021293685,test,Random point,Point,C,Electrical conductivity multi-split parity plot,True
3775,1-butyl-3-methyl-1H-imidazol-3-ium trifluoro(3-fluorophenyl)borate,CCCCn1cc[n+](C)c1.Fc1cccc([B-](F)(F)F)c1,303.1,101.325,ElectricalConductivity,0.27,0.26206854,0.007931471,test,Random point,Point,C,Electrical conductivity multi-split parity plot,True
3955,1-propylpyridinium tetrafluoroborate,CCC[n+]1ccccc1.F[B-](F)(F)F,313.15,101.0,ElectricalConductivity,0.79899997,0.7951955,0.0038044453,test,Random point,Point,C,Electrical conductivity multi-split parity plot,True
1015,1-dodecyl-3-methylimidazolium tetrafluoroborate,CCCCCCCCCCCC[n+]1ccn(C)c1.F[B-](F)(F)F,298.1,101.325,ElectricalConductivity,0.0226,0.013787616,0.008812385,test,Random point,Point,C,Electrical conductivity multi-split parity plot,True
511,(3-aminopropyl)tributylphosphonium L-valinate,CC(C)[C@H](N)C(=O)[O-].CCCC[P+](CCCC)(CCCC)CCCN,298.15,101.325,ElectricalConductivity,0.014354002,0.010722577,0.003631425,test,Random point,Point,C,Electrical conductivity multi-split parity plot,True
1080,3-decyl-1H-imidazol-3-ium bis((trifluoromethyl)sulfonyl)amide,CCCCCCCCCC[n+]1cc[nH]c1.O=S(=O)([N-]S(=O)(=O)C(F)(F)F)C(F)(F)F,452.65,101.325,ElectricalConductivity,0.92000014,0.9863062,0.066306055,test,Random point,Point,C,Electrical conductivity multi-split parity plot,True
1263,N-octylethylenediammonium trifluoroacetate,CCCCCCCC[NH2+]CCN.O=C([O-])C(F)(F)F,343.15,101.325,ElectricalConductivity,0.156,0.1455048,0.010495201,test,Random point,Point,C,Electrical conductivity multi-split parity plot,True
5404,1-(2-hydroxyethyl)-3-methylimidazolium nonafluoro-1-butanesulfonate,Cn1cc[n+](CCO)c1.O=S(=O)([O-])C(F)(F)C(F)(F)C(F)(F)C(F)(F)F,283.15,101.325,ElectricalConductivity,0.013100001,0.011748191,0.0013518101,test,Random point,Point,C,Electrical conductivity multi-split parity plot,True
4554,1-ethyl-3-methylimidazolium dicyanamide,CC[n+]1ccn(C)c1.N#C[N-]C#N,288.15,101.325,ElectricalConductivity,1.1605002,1.9531999,0.7926997,test,Random point,Point,C,Electrical conductivity multi-split parity plot,True
2866,1-butyl-3-methylimidazolium tetrafluoroborate,CCCC[n+]1ccn(C)c1.F[B-](F)(F)F,313.15,101.325,ElectricalConductivity,0.730575,0.62569225,0.10488278,test,Random point,Point,C,Electrical conductivity multi-split parity plot,True
1852,1-hexyl-3-methylimidazolium tetrafluoroborate,CCCCCC[n+]1ccn(C)c1.F[B-](F)(F)F,388.15,101.325,ElectricalConductivity,2.3299997,2.3080082,0.021991491,test,Random point,Point,C,Electrical conductivity multi-split parity plot,True
2230,triethyl(pentyl)phosphonium bis((trifluoromethyl)sulfonyl)amide,CCCCC[P+](CC)(CC)CC.O=S(=O)([N-]S(=O)(=O)C(F)(F)F)C(F)(F)F,300.15,100.0,ElectricalConductivity,0.22300002,0.18566312,0.0373369,test,Random point,Point,C,Electrical conductivity multi-split parity plot,True
5094,1-butyl-3-methylimidazolium methylsulfate,COS(=O)(=O)[O-].C(CCC)N1C=[N+](C=C1)C,343.15,101.325,ElectricalConductivity,0.82049996,0.97530377,0.15480381,test,Random point,Point,C,Electrical conductivity multi-split parity plot,True
2062,1-hexyl-3-methyl-1H-imidazolium bromide,CCCCCC[n+]1ccn(C)c1.[Br-],298.15,101.325,ElectricalConductivity,6.054252,0.11331218,5.94094,test,Random point,Point,C,Electrical conductivity multi-split parity plot,True
540,1-butyl-3-methylimidazolium lactate,CC(O)C(=O)[O-].CCCC[n+]1ccn(C)c1,308.15,101.325,ElectricalConductivity,0.054299995,0.048299838,0.0060001574,test,Random point,Point,C,Electrical conductivity multi-split parity plot,True
4767,1-ethyl-3-methylimidazolium bis((trifluoromethyl)sulfonyl)imide,CC[n+]1ccn(C)c1.O=S(=O)([N-]S(=O)(=O)C(F)(F)F)C(F)(F)F,318.15,101.325,ElectricalConductivity,1.2315,1.5214412,0.2899412,test,Random point,Point,C,Electrical conductivity multi-split parity plot,True
5309,2-methylpyridinium bis(trifluoromethanesulfonyl)imide,Cc1cccc[nH+]1.O=S(=O)([N-]S(=O)(=O)C(F)(F)F)C(F)(F)F,311.05,101.325,ElectricalConductivity,0.549,0.6125922,0.063592196,test,Random point,Point,C,Electrical conductivity multi-split parity plot,True
930,trihexyl(tetradecyl)phosphonium bis[(trifluoromethyl)sulfonyl]imide,CCCCCCCCCCCCCC[P+](CCCCCC)(CCCCCC)CCCCCC.O=S(=O)([N-]S(=O)(=O)C(F)(F)F)C(F)(F)F,353.15,101.0,ElectricalConductivity,0.09129998,0.09294988,0.0016499013,test,Random point,Point,C,Electrical conductivity multi-split parity plot,True
5110,"1,3-dimethylimidazolium methylsulfate",COS(=O)(=O)[O-].Cn1cc[n+](C)c1,308.15,101.325,ElectricalConductivity,0.595,0.6009376,0.0059375763,test,Random point,Point,C,Electrical conductivity multi-split parity plot,True
4752,1-ethyl-3-methylimidazolium bis((trifluoromethyl)sulfonyl)imide,CC[n+]1ccn(C)c1.O=S(=O)([N-]S(=O)(=O)C(F)(F)F)C(F)(F)F,298.15,101.0,ElectricalConductivity,0.883,0.90454936,0.021549344,test,Random point,Point,C,Electrical conductivity multi-split parity plot,True
178,1-ethyl-3-methylimidazolium octylsulfate,C(CCCCCCC)OS(=O)(=O)[O-].C(C)N1C=[N+](C=C1)C,303.1,101.325,ElectricalConductivity,0.060000002,0.0600351,3.509596e-05,test,Random point,Point,C,Electrical conductivity multi-split parity plot,True
1576,1-methyl-3-octylimidazolium bis(trifluoromethylsulfonyl)imide,CCCCCCCCn1cc[n+](C)c1.O=S(=O)([N-]S(=O)(=O)C(F)(F)F)C(F)(F)F,278.15,101.0,ElectricalConductivity,0.043199997,0.04809206,0.0048920624,test,Random point,Point,C,Electrical conductivity multi-split parity plot,True
3862,N-butylimidazolium salicylate,CCCCn1cc[nH+]c1.O=C([O-])c1ccccc1O,348.0,101.325,ElectricalConductivity,0.16,0.17606357,0.016063571,test,Random point,Point,C,Electrical conductivity multi-split parity plot,True
4886,"1-ethyl-2,3-dimethylimidazolium bis[(trifluoromethyl)sulfonyl]imide",CC[n+]1ccn(C)c1C.O=S(=O)([N-]S(=O)(=O)C(F)(F)F)C(F)(F)F,293.0,101.325,ElectricalConductivity,0.31999996,0.36397734,0.04397738,test,Random point,Point,C,Electrical conductivity multi-split parity plot,True
907,trihexyl(tetradecyl)phosphonium bis[(trifluoromethyl)sulfonyl]imide,CCCCCCCCCCCCCC[P+](CCCCCC)(CCCCCC)CCCCCC.O=S(=O)([N-]S(=O)(=O)C(F)(F)F)C(F)(F)F,209.0,101.325,ElectricalConductivity,4.1999985e-07,4.5492735e-07,3.4927496e-08,test,Random point,Point,C,Electrical conductivity multi-split parity plot,True
3378,1-butyl-3-methylimidazolium dicyanamide,CCCC[n+]1ccn(C)c1.N#C[N-]C#N,468.15,101.325,ElectricalConductivity,14.540004,13.146613,1.3933907,test,Random point,Point,C,Electrical conductivity multi-split parity plot,True
382,1-ethyl-3-methylimidazolium acetate,CC(=O)[O-].CC[n+]1ccn(C)c1,293.15,100.0,ElectricalConductivity,0.2232,0.23573853,0.012538537,test,Random point,Point,C,Electrical conductivity multi-split parity plot,True
1763,1-hexyl-4-methylpyridinium bis(trifluoromethanesulfonyl)imide,CCCCCC[n+]1ccc(C)cc1.O=S(=O)([N-]S(=O)(=O)C(F)(F)F)C(F)(F)F,353.15,100.0,ElectricalConductivity,1.0750002,1.1577383,0.08273816,test,Random point,Point,C,Electrical conductivity multi-split parity plot,True
3476,1-butyl-3-methylimidazolium bis(trifluoromethylsulfonyl)imide,CCCC[n+]1ccn(C)c1.O=S(=O)([N-]S(=O)(=O)C(F)(F)F)C(F)(F)F,323.15,101.325,ElectricalConductivity,0.88925,0.92262614,0.033376157,test,Random point,Point,C,Electrical conductivity multi-split parity plot,True
800,1-hexadecyl-3-methylimidazolium tetrafluoroborate,CCCCCCCCCCCCCCCC[n+]1ccn(C)c1.F[B-](F)(F)F,340.1,101.325,ElectricalConductivity,0.105,0.1259462,0.020946197,test,Random point,Point,C,Electrical conductivity multi-split parity plot,True
4985,1-(3-methoxypropyl)pyridinium bis((trifluoromethyl)sulfonyl)amide,COCCC[n+]1ccccc1.O=S(=O)([N-]S(=O)(=O)C(F)(F)F)C(F)(F)F,353.15,101.325,ElectricalConductivity,0.794,0.87589955,0.081899524,test,Random point,Point,C,Electrical conductivity multi-split parity plot,True
4050,1-methyl-3-propylimidazolium L-serinate,CCCn1cc[n+](C)c1.N[C@@H](CO)C(=O)[O-],313.15,101.325,ElectricalConductivity,0.057099998,0.059272386,0.0021723881,test,Random point,Point,C,Electrical conductivity multi-split parity plot,True
4877,1-ethyl-3-methylimidazolium iodide,CC[n+]1ccn(C)c1.[I-],413.1,101.325,ElectricalConductivity,2.84,4.85564,2.01564,test,Random point,Point,C,Electrical conductivity multi-split parity plot,True
1983,1-hexyl-3-methylimidazolium bis[(trifluoromethyl)sulfonyl]imide,CCCCCC[n+]1ccn(C)c1.O=S(=O)([N-]S(=O)(=O)C(F)(F)F)C(F)(F)F,313.15,101.325,ElectricalConductivity,0.39225003,0.41057244,0.018322408,test,Random point,Point,C,Electrical conductivity multi-split parity plot,True
1018,1-dodecyl-3-methylimidazolium tetrafluoroborate,CCCCCCCCCCCC[n+]1ccn(C)c1.F[B-](F)(F)F,353.1,101.325,ElectricalConductivity,0.2805,0.24420822,0.036291778,test,Random point,Point,C,Electrical conductivity multi-split parity plot,True
134,1-ethyl-3-methylimidazolium ethylsulfate,C(C)OS(=O)(=O)[O-].C(C)N1C=[N+](C=C1)C,408.1,101.325,ElectricalConductivity,5.399999,5.5282674,0.12826824,test,Random point,Point,C,Electrical conductivity multi-split parity plot,True
2829,1-butyl-3-methylimidazolium tetrafluoroborate,CCCC[n+]1ccn(C)c1.F[B-](F)(F)F,258.05,101.325,ElectricalConductivity,0.0225,0.020714624,0.001785377,test,Random point,Point,C,Electrical conductivity multi-split parity plot,True
2944,1-butyl-3-methylimidazolium hexafluorophosphate,CCCC[n+]1ccn(C)c1.F[P-](F)(F)(F)(F)F,278.0,101.325,ElectricalConductivity,0.041999996,0.04406592,0.002065923,test,Random point,Point,C,Electrical conductivity multi-split parity plot,True
959,trihexyl(tetradecyl)phosphonium chloride,CCCCCCCCCCCCCC[P+](CCCCCC)(CCCCCC)CCCCCC.[Cl-],212.0,101.325,ElectricalConductivity,2.6000006e-07,7.1492923e-07,4.5492916e-07,test,Random point,Point,C,Electrical conductivity multi-split parity plot,True
4075,1-methyl-3-propylimidazolium bis[(trifluoromethyl)sulfonyl]imide,CCCn1cc[n+](C)c1.O=S(=O)([N-]S(=O)(=O)C(F)(F)F)C(F)(F)F,338.15,101.3,ElectricalConductivity,1.71,1.6870543,0.022945762,test,Random point,Point,C,Electrical conductivity multi-split parity plot,True
2228,triethyl(pentyl)phosphonium bis(fluorosulfonyl)amide,CCCCC[P+](CC)(CC)CC.O=S(=O)(F)[N-]S(=O)(=O)F,318.15,100.0,ElectricalConductivity,0.86,0.89685583,0.036855817,test,Random point,Point,C,Electrical conductivity multi-split parity plot,True
5233,1-butyronitrile-3-methylimidazolium tetrafluoroborate,C[n+]1ccn(CCCC#N)c1.F[B-](F)(F)F,283.0,101.325,ElectricalConductivity,0.0029999996,0.038077153,0.035077155,test,Random point,Point,C,Electrical conductivity multi-split parity plot,True
2247,1-pentylpyridinium dicyanamide,CCCCC[n+]1ccccc1.N#C[N-]C#N,318.15,101.325,ElectricalConductivity,1.186,1.241775,0.055775046,test,Random point,Point,C,Electrical conductivity multi-split parity plot,True
799,1-hexadecyl-3-methylimidazolium tetrafluoroborate,CCCCCCCCCCCCCCCC[n+]1ccn(C)c1.F[B-](F)(F)F,307.1,101.325,ElectricalConductivity,0.00443,0.005692237,0.0012622369,test,Random point,Point,C,Electrical conductivity multi-split parity plot,True
3407,1-butyl-3-methylimidazolium L-serinate,CCCC[n+]1ccn(C)c1.N[C@@H](CO)C(=O)[O-],323.15,101.325,ElectricalConductivity,0.032899998,0.031942908,0.0009570904,test,Random point,Point,C,Electrical conductivity multi-split parity plot,True
1499,1-methyl-3-octylimidazolium tetrafluoroborate,CCCCCCCCn1cc[n+](C)c1.F[B-](F)(F)F,298.15,100.0,ElectricalConductivity,0.05869999,0.057613306,0.0010866858,test,Random point,Point,C,Electrical conductivity multi-split parity plot,True
447,1-methylimidazolium acetate,CC(=O)[O-].Cn1cc[nH+]c1,303.09,101.325,ElectricalConductivity,0.342,0.36447698,0.022476971,test,Random point,Point,C,Electrical conductivity multi-split parity plot,True
1757,3-hexyl-1H-imidazol-3-ium bis((trifluoromethyl)sulfonyl)amide,CCCCCC[n+]1cc[nH]c1.O=S(=O)([N-]S(=O)(=O)C(F)(F)F)C(F)(F)F,494.05,101.325,ElectricalConductivity,0.87600005,1.4109763,0.53497624,test,Random point,Point,C,Electrical conductivity multi-split parity plot,True
1991,1-hexyl-3-methylimidazolium bis[(trifluoromethyl)sulfonyl]imide,CCCCCC[n+]1ccn(C)c1.O=S(=O)([N-]S(=O)(=O)C(F)(F)F)C(F)(F)F,318.15,101.0,ElectricalConductivity,0.466,0.4874317,0.021431714,test,Random point,Point,C,Electrical conductivity multi-split parity plot,True
2537,"1-butyl-3,5-dimethylpyridinium bis(trifluoromethylsulfonyl)amide",CCCC[n+]1cc(C)cc(C)c1.O=S(=O)([N-]S(=O)(=O)C(F)(F)F)C(F)(F)F,298.15,101.325,ElectricalConductivity,0.1984,0.21091627,0.01251626,test,Random point,Point,C,Electrical conductivity multi-split parity plot,True
373,triethylammonium acetate,CC(=O)[O-].CC[NH+](CC)CC,337.9,101.325,ElectricalConductivity,0.8489999,0.92396486,0.07496494,test,Random point,Point,C,Electrical conductivity multi-split parity plot,True
4482,1-ethyl-3-methylimidazolium hexafluorophosphate,CC[n+]1ccn(C)c1.F[P-](F)(F)(F)(F)F,343.6,101.325,ElectricalConductivity,1.8100003,1.986255,0.17625475,test,Random point,Point,C,Electrical conductivity multi-split parity plot,True
5102,tributylmethylphosphonium methylsulfate,COS(=O)(=O)[O-].C(CCC)[P+](C)(CCCC)CCCC,343.15,101.325,ElectricalConductivity,0.139,0.13397653,0.0050234646,test,Random point,Point,C,Electrical conductivity multi-split parity plot,True
4817,1-ethyl-3-methylimidazolium trifluoromethanesulfonate,CC[n+]1ccn(C)c1.O=S(=O)([O-])C(F)(F)F,303.15,101.325,ElectricalConductivity,1.061,1.1221966,0.061196566,test,Random point,Point,C,Electrical conductivity multi-split parity plot,True
1743,N-hexylethylenediammonium trifluoroacetate,CCCCCC[NH2+]CCN.O=C([O-])C(F)(F)F,303.15,101.325,ElectricalConductivity,0.034,0.03163354,0.0023664609,test,Random point,Point,C,Electrical conductivity multi-split parity plot,True
4828,1-ethyl-3-methylimidazolium trifluoromethanesulfonate,CC[n+]1ccn(C)c1.O=S(=O)([O-])C(F)(F)F,327.8,101.325,ElectricalConductivity,2.006,2.0222406,0.016240597,test,Random point,Point,C,Electrical conductivity multi-split parity plot,True
1822,1-hexyl-3-methylimidazolium tetrafluoroborate,CCCCCC[n+]1ccn(C)c1.F[B-](F)(F)F,268.1,101.325,ElectricalConductivity,0.014510002,0.013863834,0.00064616837,test,Random point,Point,C,Electrical conductivity multi-split parity plot,True
4462,1-ethyl-3-methylimidazolium tetrafluoroborate,CC[n+]1ccn(C)c1.F[B-](F)(F)F,343.1,101.325,ElectricalConductivity,4.35,4.604674,0.25467396,test,Random point,Point,C,Electrical conductivity multi-split parity plot,True
4964,1-ethylimidazolium bis[(trifluoromethyl)sulfonyl]imide,CCn1cc[nH+]c1.O=S(=O)([N-]S(=O)(=O)C(F)(F)F)C(F)(F)F,323.0,101.325,ElectricalConductivity,0.81799996,0.66338694,0.15461302,test,Random point,Point,C,Electrical conductivity multi-split parity plot,True
2233,triethyl(pentyl)phosphonium bis((trifluoromethyl)sulfonyl)amide,CCCCC[P+](CC)(CC)CC.O=S(=O)([N-]S(=O)(=O)C(F)(F)F)C(F)(F)F,323.15,101.325,ElectricalConductivity,0.4394333,0.4269139,0.012519419,test,Random point,Point,C,Electrical conductivity multi-split parity plot,True
5475,N-butyronitrilepyridinium dicyanamide,N#CCCC[n+]1ccccc1.N#C[N-]C#N,268.0,101.325,ElectricalConductivity,0.005999998,0.012974854,0.0069748554,test,Random point,Point,C,Electrical conductivity multi-split parity plot,True
1262,N-octylethylenediammonium trifluoroacetate,CCCCCCCC[NH2+]CCN.O=C([O-])C(F)(F)F,323.15,101.325,ElectricalConductivity,0.077800006,0.06732917,0.010470837,test,Random point,Point,C,Electrical conductivity multi-split parity plot,True
5334,"1,3-dimethylimidazolium bis((trifluoromethyl)sulfonyl)amide",Cn1cc[n+](C)c1.O=S(=O)([N-]S(=O)(=O)C(F)(F)F)C(F)(F)F,323.15,100.0,ElectricalConductivity,1.514,1.7138367,0.19983661,test,Random point,Point,C,Electrical conductivity multi-split parity plot,True
5476,N-butyronitrilepyridinium dicyanamide,N#CCCC[n+]1ccccc1.N#C[N-]C#N,293.0,101.325,ElectricalConductivity,0.39099997,0.34975678,0.041243196,test,Random point,Point,C,Electrical conductivity multi-split parity plot,True
3518,1-butyl-3-methylimidazolium trifluoromethanesulfonate,CCCC[n+]1ccn(C)c1.O=S(=O)([O-])C(F)(F)F,303.15,101.325,ElectricalConductivity,0.369,0.34802872,0.020971268,test,Random point,Point,C,Electrical conductivity multi-split parity plot,True
766,trihexyl(tetradecyl)phosphonium octanoate,CCCCCCCC(=O)[O-].CCCCCCCCCCCCCC[P+](CCCCCC)(CCCCCC)CCCCCC,349.5,101.325,ElectricalConductivity,0.0247,0.022776298,0.0019237027,test,Random point,Point,C,Electrical conductivity multi-split parity plot,True
4420,1-ethyl-3-methylimidazolium 4-methylbenzenesulfonate,CC[n+]1ccn(C)c1.Cc1ccc(S(=O)(=O)[O-])cc1,383.1,101.325,ElectricalConductivity,1.6400002,1.6206802,0.019320011,test,Random point,Point,C,Electrical conductivity multi-split parity plot,True
4867,1-ethyl-3-methylimidazolium chloride,CC[n+]1ccn(C)c1.[Cl-],373.1,101.325,ElectricalConductivity,2.9999998,3.0221095,0.022109747,test,Random point,Point,C,Electrical conductivity multi-split parity plot,True
801,1-hexadecyl-3-methylimidazolium tetrafluoroborate,CCCCCCCCCCCCCCCC[n+]1ccn(C)c1.F[B-](F)(F)F,346.1,101.325,ElectricalConductivity,0.128,0.15099388,0.022993878,test,Random point,Point,C,Electrical conductivity multi-split parity plot,True
4052,1-methyl-3-propylimidazolium L-serinate,CCCn1cc[n+](C)c1.N[C@@H](CO)C(=O)[O-],333.15,101.325,ElectricalConductivity,0.214,0.20379297,0.010207027,test,Random point,Point,C,Electrical conductivity multi-split parity plot,True
2153,1-hexyl-3-methylimidazolium tris(pentafluoroethyl)trifluorophosphate,CCCCCCn1cc[n+](C)c1.FC(F)(F)C(F)(F)[P-](F)(F)(F)(C(F)(F)C(F)(F)F)C(F)(F)C(F)(F)F,323.15,101.325,ElectricalConductivity,0.44,0.44501212,0.005012125,test,Random point,Point,C,Electrical conductivity multi-split parity plot,True
4471,1-ethyl-3-methylimidazolium tetrafluoroborate,CC[n+]1ccn(C)c1.F[B-](F)(F)F,358.15,101.325,ElectricalConductivity,6.1999984,6.0684333,0.1315651,test,Random point,Point,C,Electrical conductivity multi-split parity plot,True
4504,1-ethyl-3-methyl-1H-imidazolium tricyanomethanide,CC[n+]1ccn(C)c1.N#C[C-](C#N)C#N,298.0,101.325,ElectricalConductivity,0.76000005,1.4205931,0.6605931,test,Random point,Point,C,Electrical conductivity multi-split parity plot,True
3861,N-butylimidazolium salicylate,CCCCn1cc[nH+]c1.O=C([O-])c1ccccc1O,338.0,101.325,ElectricalConductivity,0.10999999,0.13839373,0.028393738,test,Random point,Point,C,Electrical conductivity multi-split parity plot,True
4723,1-ethyl-3-methyl-1H-imidazolium bis(fluorosulfonyl)amide,CC[n+]1ccn(C)c1.O=S(=O)(F)[N-]S(=O)(=O)F,338.0,101.0,ElectricalConductivity,3.7899995,4.031238,0.2412386,test,Random point,Point,C,Electrical conductivity multi-split parity plot,True
4432,1-ethyl-3-methylimidazolium tetrafluoroborate,CC[n+]1ccn(C)c1.F[B-](F)(F)F,286.4,101.325,ElectricalConductivity,1.168,1.0089982,0.15900183,test,Random point,Point,C,Electrical conductivity multi-split parity plot,True
1657,"N-ethyl-N,N-dimethylheptanaminium bis((trifluoromethyl)sulfonyl)amide",CCCCCCC[N+](C)(C)CC.O=S(=O)([N-]S(=O)(=O)C(F)(F)F)C(F)(F)F,298.15,101.325,ElectricalConductivity,0.08099999,0.06173754,0.019262452,test,Random point,Point,C,Electrical conductivity multi-split parity plot,True
2971,1-butyl-3-methylimidazolium hexafluorophosphate,CCCC[n+]1ccn(C)c1.F[P-](F)(F)(F)(F)F,303.15,101.0,ElectricalConductivity,0.24000001,0.19628616,0.043713853,test,Random point,Point,C,Electrical conductivity multi-split parity plot,True
5431,1-methylimidazolium bis(trifluoromethylsulfonyl)imide,Cn1cc[nH+]c1.O=S(=O)([N-]S(=O)(=O)C(F)(F)F)C(F)(F)F,318.0,101.325,ElectricalConductivity,0.9700001,1.1138716,0.14387149,test,Random point,Point,C,Electrical conductivity multi-split parity plot,True
1604,1-methyl-3-octylimidazolium bis(trifluoromethylsulfonyl)imide,CCCCCCCCn1cc[n+](C)c1.O=S(=O)([N-]S(=O)(=O)C(F)(F)F)C(F)(F)F,348.15,101.0,ElectricalConductivity,0.72,0.7235468,0.0035467744,test,Random point,Point,C,Electrical conductivity multi-split parity plot,True
942,trihexyltetradecylphosphonium nonafluorobutanesulfonate,CCCCCCCCCCCCCC[P+](CCCCCC)(CCCCCC)CCCCCC.O=S(=O)([O-])C(F)(F)C(F)(F)C(F)(F)C(F)(F)F,348.8,101.325,ElectricalConductivity,0.023100007,0.020116054,0.0029839538,test,Random point,Point,C,Electrical conductivity multi-split parity plot,True
2930,1-butyl-3-methylimidazolium phenyltrifluoroborate,CCCC[n+]1ccn(C)c1.F[B-](F)(F)c1ccccc1,328.0,101.325,ElectricalConductivity,0.596,0.6325933,0.03659326,test,Random point,Point,C,Electrical conductivity multi-split parity plot,True
2837,1-butyl-3-methylimidazolium tetrafluoroborate,CCCC[n+]1ccn(C)c1.F[B-](F)(F)F,283.0,101.325,ElectricalConductivity,0.16,0.14651497,0.013485029,test,Random point,Point,C,Electrical conductivity multi-split parity plot,True
5336,"1,3-dimethylimidazolium bis((trifluoromethyl)sulfonyl)amide",Cn1cc[n+](C)c1.O=S(=O)([N-]S(=O)(=O)C(F)(F)F)C(F)(F)F,363.15,101.325,ElectricalConductivity,3.7059999,3.6193714,0.08662844,test,Random point,Point,C,Electrical conductivity multi-split parity plot,True
4500,1-ethyl-3-methyl-1H-imidazolium tricyanomethanide,CC[n+]1ccn(C)c1.N#C[C-](C#N)C#N,278.2,100.0,ElectricalConductivity,0.81000006,0.6564904,0.15350968,test,Random point,Point,C,Electrical conductivity multi-split parity plot,True
2403,"N-butyl-N,N-dimethyl-N-ethylammonium bis(trifluoromethanesulfonyl)amide",CCCC[N+](C)(C)CC.O=S(=O)([N-]S(=O)(=O)C(F)(F)F)C(F)(F)F,308.15,100.0,ElectricalConductivity,0.198,0.27928305,0.08128305,test,Random point,Point,C,Electrical conductivity multi-split parity plot,True
798,1-hexadecyl-3-methylimidazolium tetrafluoroborate,CCCCCCCCCCCCCCCC[n+]1ccn(C)c1.F[B-](F)(F)F,306.1,101.325,ElectricalConductivity,0.0030699994,0.0041778036,0.0011078042,test,Random point,Point,C,Electrical conductivity multi-split parity plot,True
2733,1-butylpyridinium bis[(trifluoromethyl)sulfonyl]imide,CCCC[n+]1ccccc1.O=S(=O)([N-]S(=O)(=O)C(F)(F)F)C(F)(F)F,278.15,101.325,ElectricalConductivity,0.118599996,0.12480488,0.006204881,test,Random point,Point,C,Electrical conductivity multi-split parity plot,True
4672,1-ethyl-3-methylimidazolium thiocyanate,CC[n+]1ccn(C)c1.N#C[S-],318.15,101.3,ElectricalConductivity,2.638,3.0188513,0.38085127,test,Random point,Point,C,Electrical conductivity multi-split parity plot,True
2882,1-butyl-3-methylimidazolium tetrafluoroborate,CCCC[n+]1ccn(C)c1.F[B-](F)(F)F,328.17,100.0,ElectricalConductivity,1.0490001,1.0393265,0.009673595,test,Random point,Point,C,Electrical conductivity multi-split parity plot,True
4411,1-ethyl-3-methylimidazolium 4-methylbenzenesulfonate,CC[n+]1ccn(C)c1.Cc1ccc(S(=O)(=O)[O-])cc1,323.1,101.325,ElectricalConductivity,0.176,0.20808426,0.032084256,test,Random point,Point,C,Electrical conductivity multi-split parity plot,True
5337,3-(cyanomethyl)-1-methyl-1H-imidazol-3-ium bis((trifluoromethyl)sulfonyl)amide,Cn1cc[n+](CC#N)c1.O=S(=O)([N-]S(=O)(=O)C(F)(F)F)C(F)(F)F,333.15,101.325,ElectricalConductivity,0.53599995,0.5654715,0.029471517,test,Random point,Point,C,Electrical conductivity multi-split parity plot,True
2932,1-butyl-3-methylimidazolium phenyltrifluoroborate,CCCC[n+]1ccn(C)c1.F[B-](F)(F)c1ccccc1,348.0,101.325,ElectricalConductivity,1.059,1.1375507,0.0785507,test,Random point,Point,C,Electrical conductivity multi-split parity plot,True
2905,1-butyl-3-methylimidazolium tetrafluoroborate,CCCC[n+]1ccn(C)c1.F[B-](F)(F)F,348.1,100.0,ElectricalConductivity,1.7034,1.8177183,0.11431825,test,Random point,Point,C,Electrical conductivity multi-split parity plot,True
3696,1-butyl-3-methyl-1H-imidazol-3-ium trifluoro(3-methoxyphenyl)borate,CCCCn1cc[n+](C)c1.COc1cccc([B-](F)(F)F)c1,323.13,101.325,ElectricalConductivity,0.32499996,0.2653804,0.059619546,test,Random point,Point,C,Electrical conductivity multi-split parity plot,True
3400,1-butyl-3-methylimidazolium taurate,CCCC[n+]1ccn(C)c1.NCCS(=O)(=O)[O-],293.15,101.325,ElectricalConductivity,0.0098,0.010959639,0.0011596391,test,Random point,Point,C,Electrical conductivity multi-split parity plot,True
2259,3-methyl-1-pentylimidazolium dicyanamide,CCCCC[n+]1ccn(C)c1.N#C[N-]C#N,293.15,101.3,ElectricalConductivity,0.619,0.66755986,0.048559844,test,Random point,Point,C,Electrical conductivity multi-split parity plot,True
803,1-hexadecyl-3-methylimidazolium tetrafluoroborate,CCCCCCCCCCCCCCCC[n+]1ccn(C)c1.F[B-](F)(F)F,453.1,101.325,ElectricalConductivity,1.1700001,1.0741556,0.09584451,test,Random point,Point,C,Electrical conductivity multi-split parity plot,True
3796,1-butyl-3-methyl-1H-imidazol-3-ium (3-cyanophenyl)trifluoroborate,CCCCn1cc[n+](C)c1.N#Cc1cccc([B-](F)(F)F)c1,328.4,101.325,ElectricalConductivity,0.344,0.36286616,0.018866152,test,Random point,Point,C,Electrical conductivity multi-split parity plot,True
3449,1-butyl-3-methylimidazolium bis(trifluoromethylsulfonyl)imide,CCCC[n+]1ccn(C)c1.O=S(=O)([N-]S(=O)(=O)C(F)(F)F)C(F)(F)F,298.15,101.325,ElectricalConductivity,0.37274,0.42810747,0.05536747,test,Random point,Point,C,Electrical conductivity multi-split parity plot,True
3981,2-methyl-1-propylpyridinium bis((trifluoromethyl)sulfonyl)amide,CCC[n+]1ccccc1C.O=S(=O)([N-]S(=O)(=O)C(F)(F)F)C(F)(F)F,325.65,101.325,ElectricalConductivity,0.8029999,0.7677314,0.035268486,test,Random point,Point,C,Electrical conductivity multi-split parity plot,True
1744,N-hexylethylenediammonium trifluoroacetate,CCCCCC[NH2+]CCN.O=C([O-])C(F)(F)F,313.15,101.325,ElectricalConductivity,0.059200004,0.053882185,0.0053178184,test,Random point,Point,C,Electrical conductivity multi-split parity plot,True
850,trihexyl(tetradecyl)phosphonium tris(pentafluoroethyl)trifluorophosphate,CCCCCCCCCCCCCC[P+](CCCCCC)(CCCCCC)CCCCCC.FC(F)(F)C(F)(F)[P-](F)(F)(F)(C(F)(F)C(F)(F)F)C(F)(F)C(F)(F)F,343.3,101.325,ElectricalConductivity,0.074,0.06548944,0.00851056,test,Random point,Point,C,Electrical conductivity multi-split parity plot,True
5398,1-(2-hydroxyethyl)-3-methylimidazolium bis[(trifluoromethyl)sulfonyl]imide,Cn1cc[n+](CCO)c1.O=S(=O)([N-]S(=O)(=O)C(F)(F)F)C(F)(F)F,288.15,101.325,ElectricalConductivity,0.1794,0.19883996,0.019439965,test,Random point,Point,C,Electrical conductivity multi-split parity plot,True
2767,1-butyl-2-methylpyridinium tetrafluoroborate,CCCC[n+]1ccccc1C.F[B-](F)(F)F,310.65,101.325,ElectricalConductivity,0.22199999,0.22162648,0.0003735125,test,Random point,Point,C,Electrical conductivity multi-split parity plot,True
2589,1-butyl-4-methylpyridinium bis((trifluoromethyl)sulfonyl)amide,CCCC[n+]1ccc(C)cc1.O=S(=O)([N-]S(=O)(=O)C(F)(F)F)C(F)(F)F,283.15,101.325,ElectricalConductivity,0.166,0.17856367,0.012563676,test,Random point,Point,C,Electrical conductivity multi-split parity plot,True
5236,1-butyronitrile-3-methylimidazolium tetrafluoroborate,C[n+]1ccn(CCCC#N)c1.F[B-](F)(F)F,323.0,101.325,ElectricalConductivity,0.28,0.4180732,0.1380732,test,Random point,Point,C,Electrical conductivity multi-split parity plot,True
1292,"tributyl(octyl)phosphonium 1,3-dioxo-2,3-dihydro-1H-inden-2-ide",CCCCCCCC[P+](CCCC)(CCCC)CCCC.[O-]C1=CC(=O)c2ccccc21,313.156,101.325,ElectricalConductivity,0.00565,0.005357535,0.0002924651,test,Random point,Point,C,Electrical conductivity multi-split parity plot,True
1544,1-methyl-3-octylimidazolium tricyanomethanide,CCCCCCCCn1cc[n+](C)c1.N#C[C-](C#N)C#N,251.2,100.0,ElectricalConductivity,0.0035000006,0.0030695412,0.0004304594,test,Random point,Point,C,Electrical conductivity multi-split parity plot,True
1578,1-methyl-3-octylimidazolium bis(trifluoromethylsulfonyl)imide,CCCCCCCCn1cc[n+](C)c1.O=S(=O)([N-]S(=O)(=O)C(F)(F)F)C(F)(F)F,283.15,101.0,ElectricalConductivity,0.058999985,0.06607152,0.0070715323,test,Random point,Point,C,Electrical conductivity multi-split parity plot,True
4306,triethyl(2-methoxyethyl)phosphonium bis((trifluoromethyl)sulfonyl)amide,CC[P+](CC)(CC)CCOC.O=S(=O)([N-]S(=O)(=O)C(F)(F)F)C(F)(F)F,300.15,100.0,ElectricalConductivity,0.411,0.48943967,0.07843965,test,Random point,Point,C,Electrical conductivity multi-split parity plot,True
4860,1-ethyl-3-methylimidazolium chloride,CC[n+]1ccn(C)c1.[Cl-],333.5,101.325,ElectricalConductivity,0.80199987,0.76121044,0.040789425,test,Random point,Point,C,Electrical conductivity multi-split parity plot,True
4876,1-ethyl-3-methylimidazolium iodide,CC[n+]1ccn(C)c1.[I-],373.0,101.325,ElectricalConductivity,3.86,3.3398378,0.5201621,test,Random point,Point,C,Electrical conductivity multi-split parity plot,True
2642,1-butyl-3-methylpyridinium dicyanamide,CCCC[n+]1cccc(C)c1.N#C[N-]C#N,295.65,101.325,ElectricalConductivity,0.7529999,0.8153278,0.06232792,test,Random point,Point,C,Electrical conductivity multi-split parity plot,True
3382,1-butyl-3-methylimidazolium thiocyanate,CCCC[n+]1ccn(C)c1.N#C[S-],298.15,101.325,ElectricalConductivity,0.59966666,0.63159835,0.0319317,test,Random point,Point,C,Electrical conductivity multi-split parity plot,True
3006,1-butyl-3-methylimidazolium hexafluorophosphate,CCCC[n+]1ccn(C)c1.F[P-](F)(F)(F)(F)F,323.2,101.325,ElectricalConductivity,0.308,0.45222905,0.14422905,test,Random point,Point,C,Electrical conductivity multi-split parity plot,True
1078,3-decyl-1H-imidazol-3-ium bis((trifluoromethyl)sulfonyl)amide,CCCCCCCCCC[n+]1cc[nH]c1.O=S(=O)([N-]S(=O)(=O)C(F)(F)F)C(F)(F)F,372.05,101.325,ElectricalConductivity,0.351,0.37492463,0.023924619,test,Random point,Point,C,Electrical conductivity multi-split parity plot,True
3441,1-butyl-3-methylimidazolium bis(trifluoromethylsulfonyl)imide,CCCC[n+]1ccn(C)c1.O=S(=O)([N-]S(=O)(=O)C(F)(F)F)C(F)(F)F,293.1,101.325,ElectricalConductivity,0.318,0.35136655,0.03336656,test,Random point,Point,C,Electrical conductivity multi-split parity plot,True
1853,1-hexyl-3-methylimidazolium tetrafluoroborate,CCCCCC[n+]1ccn(C)c1.F[B-](F)(F)F,448.15,101.325,ElectricalConductivity,5.459998,5.807145,0.347147,test,Random point,Point,C,Electrical conductivity multi-split parity plot,True
302,trihexyl(tetradecyl)phosphonium acetate,CC(=O)[O-].CCCCCCCCCCCCCC[P+](CCCCCC)(CCCCCC)CCCCCC,308.7,101.325,ElectricalConductivity,0.010080001,0.008796289,0.0012837127,test,Random point,Point,C,Electrical conductivity multi-split parity plot,True
3531,1-butyl-3-methylimidazolium trifluoromethanesulfonate,CCCC[n+]1ccn(C)c1.O=S(=O)([O-])C(F)(F)F,323.15,101.325,ElectricalConductivity,0.763,0.67634577,0.086654246,test,Random point,Point,C,Electrical conductivity multi-split parity plot,True
3866,N-butylimidazolium trifluoromethanesulfonate,CCCCn1cc[nH+]c1.O=S(=O)([O-])C(F)(F)F,338.0,101.325,ElectricalConductivity,0.59000003,0.5739049,0.016095161,test,Random point,Point,C,Electrical conductivity multi-split parity plot,True
5308,2-methylpyridinium bis(trifluoromethanesulfonyl)imide,Cc1cccc[nH+]1.O=S(=O)([N-]S(=O)(=O)C(F)(F)F)C(F)(F)F,301.05,101.325,ElectricalConductivity,0.35799998,0.42598903,0.06798905,test,Random point,Point,C,Electrical conductivity multi-split parity plot,True
941,trihexyltetradecylphosphonium nonafluorobutanesulfonate,CCCCCCCCCCCCCC[P+](CCCCCC)(CCCCCC)CCCCCC.O=S(=O)([O-])C(F)(F)C(F)(F)C(F)(F)C(F)(F)F,333.6,101.325,ElectricalConductivity,0.013200002,0.011423615,0.001776387,test,Random point,Point,C,Electrical conductivity multi-split parity plot,True
5088,1-butyl-3-methylimidazolium methylsulfate,COS(=O)(=O)[O-].C(CCC)N1C=[N+](C=C1)C,318.2,101.325,ElectricalConductivity,0.43,0.4046975,0.0253025,test,Random point,Point,C,Electrical conductivity multi-split parity plot,True
4336,1-ethyl-3-methylpyridinium perfluoropentanoate,CC[n+]1cccc(C)c1.O=C([O-])C(F)(F)C(F)(F)C(F)(F)C(F)(F)F,308.15,101.325,ElectricalConductivity,0.19399999,0.19010985,0.0038901418,test,Random point,Point,C,Electrical conductivity multi-split parity plot,True
5566,1-butyl-3-methylimidazolium dihydrogenphosphate,P(=O)(O)(O)[O-].C(CCC)N1C=[N+](C=C1)C,308.15,101.325,ElectricalConductivity,0.555,0.5820638,0.027063787,test,Random point,Point,C,Electrical conductivity multi-split parity plot,True
4499,1-ethyl-3-methyl-1H-imidazolium tricyanomethanide,CC[n+]1ccn(C)c1.N#C[C-](C#N)C#N,268.2,100.0,ElectricalConductivity,0.45,0.40111676,0.04888323,test,Random point,Point,C,Electrical conductivity multi-split parity plot,True
388,1-ethyl-3-methylimidazolium acetate,CC(=O)[O-].CC[n+]1ccn(C)c1,308.15,101.325,ElectricalConductivity,0.48000002,0.53017294,0.050172925,test,Random point,Point,C,Electrical conductivity multi-split parity plot,True
1027,1-dodecyl-3-methyl-1H-imidazolium bis(trifluoromethylsulfonyl)amide,CCCCCCCCCCCC[n+]1ccn(C)c1.O=S(=O)([N-]S(=O)(=O)C(F)(F)F)C(F)(F)F,308.0,100.0,ElectricalConductivity,0.0793,0.08052604,0.0012260377,test,Random point,Point,C,Electrical conductivity multi-split parity plot,True
4863,1-ethyl-3-methylimidazolium chloride,CC[n+]1ccn(C)c1.[Cl-],345.6,101.325,ElectricalConductivity,1.3299999,1.2656708,0.06432915,test,Random point,Point,C,Electrical conductivity multi-split parity plot,True
4064,1-methyl-3-propylimidazolium bis[(trifluoromethyl)sulfonyl]imide,CCCn1cc[n+](C)c1.O=S(=O)([N-]S(=O)(=O)C(F)(F)F)C(F)(F)F,298.15,100.0,ElectricalConductivity,0.435,0.5753777,0.1403777,test,Random point,Point,C,Electrical conductivity multi-split parity plot,True
4434,1-ethyl-3-methylimidazolium tetrafluoroborate,CC[n+]1ccn(C)c1.F[B-](F)(F)F,288.1,101.325,ElectricalConductivity,1.091,1.077835,0.013164997,test,Random point,Point,C,Electrical conductivity multi-split parity plot,True
4488,1-ethyl-3-methylimidazolium hexafluorophosphate,CC[n+]1ccn(C)c1.F[P-](F)(F)(F)(F)F,408.1,101.325,ElectricalConductivity,6.119999,5.677859,0.4421401,test,Random point,Point,C,Electrical conductivity multi-split parity plot,True
4413,1-ethyl-3-methylimidazolium 4-methylbenzenesulfonate,CC[n+]1ccn(C)c1.Cc1ccc(S(=O)(=O)[O-])cc1,338.15,101.325,ElectricalConductivity,0.537,0.42374453,0.11325547,test,Random point,Point,C,Electrical conductivity multi-split parity plot,True
1233,trimethyloctylammonium bis[(trifluoromethyl)sulfonyl]imide,CCCCCCCC[N+](C)(C)C.O=S(=O)([N-]S(=O)(=O)C(F)(F)F)C(F)(F)F,338.15,101.325,ElectricalConductivity,0.09999999,0.23344064,0.13344064,test,Random point,Point,C,Electrical conductivity multi-split parity plot,True
296,tetraethylammonium diacetoxydifluoroborate,CC(=O)O[B-](F)(F)OC(C)=O.CC[N+](CC)(CC)CC,303.15,101.325,ElectricalConductivity,0.1577,0.14811306,0.009586945,test,Random point,Point,C,Electrical conductivity multi-split parity plot,True
5592,"1-ethyl-2,3-dimethylimidazolium hydrogensulfate",S(=O)(=O)(O)[O-].C(C)N1C(=[N+](C=C1)C)C,338.15,101.325,ElectricalConductivity,0.7869999,0.6946312,0.09236866,test,Random point,Point,C,Electrical conductivity multi-split parity plot,True
2701,1-butylpyridinium tetrafluoroborate,CCCC[n+]1ccccc1.F[B-](F)(F)F,293.0,101.325,ElectricalConductivity,0.14199999,0.17117111,0.029171124,test,Random point,Point,C,Electrical conductivity multi-split parity plot,True
2813,1-butyl-3-methylimidazolium methanesulfonate,CCCC[n+]1ccn(C)c1.CS(=O)(=O)[O-],358.15,101.0,ElectricalConductivity,0.81000006,2.2796977,1.4696976,test,Random point,Point,C,Electrical conductivity multi-split parity plot,True
401,1-ethyl-3-methylimidazolium acetate,CC(=O)[O-].CC[n+]1ccn(C)c1,338.15,101.0,ElectricalConductivity,1.4719999,1.5442803,0.07228041,test,Random point,Point,C,Electrical conductivity multi-split parity plot,True
4188,1-(2-ethoxyethyl)pyridinium bis((trifluoromethyl)sulfonyl)amide,CCOCC[n+]1ccccc1.O=S(=O)([N-]S(=O)(=O)C(F)(F)F)C(F)(F)F,303.15,101.325,ElectricalConductivity,0.37100002,0.3826609,0.011660874,test,Random point,Point,C,Electrical conductivity multi-split parity plot,True
2738,1-butylpyridinium bis[(trifluoromethyl)sulfonyl]imide,CCCC[n+]1ccccc1.O=S(=O)([N-]S(=O)(=O)C(F)(F)F)C(F)(F)F,303.15,101.325,ElectricalConductivity,0.3875,0.40717417,0.019674182,test,Random point,Point,C,Electrical conductivity multi-split parity plot,True
133,1-ethyl-3-methylimidazolium ethylsulfate,C(C)OS(=O)(=O)[O-].C(C)N1C=[N+](C=C1)C,393.1,101.325,ElectricalConductivity,4.4699993,4.4594917,0.010507584,test,Random point,Point,C,Electrical conductivity multi-split parity plot,True
2510,"tributyl(3,3,4,4,5,5,6,6,7,7,8,8,8-tridecafluorooctyl)phosphonium tris(perfluoroethyl)trifluorophosphate",CCCC[P+](CCCC)(CCCC)CCC(F)(F)C(F)(F)C(F)(F)C(F)(F)C(F)(F)C(F)(F)F.FC(F)(F)C(F)(F)[P-](F)(F)(F)(C(F)(F)C(F)(F)F)C(F)(F)C(F)(F)F,333.4,101.325,ElectricalConductivity,0.06599999,0.06776267,0.0017626807,test,Random point,Point,C,Electrical conductivity multi-split parity plot,True
2102,1-hexyl-3-methylimidazolium iodide,CCCCCC[n+]1ccn(C)c1.[I-],355.1,101.325,ElectricalConductivity,0.435,0.46511623,0.03011623,test,Random point,Point,C,Electrical conductivity multi-split parity plot,True
2543,"1-butyl-3,5-dimethylpyridinium bis(trifluoromethylsulfonyl)amide",CCCC[n+]1cc(C)cc(C)c1.O=S(=O)([N-]S(=O)(=O)C(F)(F)F)C(F)(F)F,343.15,101.325,ElectricalConductivity,0.948,1.0294545,0.081454456,test,Random point,Point,C,Electrical conductivity multi-split parity plot,True
4722,1-ethyl-3-methyl-1H-imidazolium bis(fluorosulfonyl)amide,CC[n+]1ccn(C)c1.O=S(=O)(F)[N-]S(=O)(=O)F,323.15,101.325,ElectricalConductivity,2.98,3.071819,0.09181905,test,Random point,Point,C,Electrical conductivity multi-split parity plot,True
409,1-ethyl-3-methylimidazolium acetate,CC(=O)[O-].CC[n+]1ccn(C)c1,408.15,101.0,ElectricalConductivity,6.1259985,6.5216985,0.39569998,test,Random point,Point,C,Electrical conductivity multi-split parity plot,True
3470,1-butyl-3-methylimidazolium bis(trifluoromethylsulfonyl)imide,CCCC[n+]1ccn(C)c1.O=S(=O)([N-]S(=O)(=O)C(F)(F)F)C(F)(F)F,319.15,101.325,ElectricalConductivity,0.8196,0.82892495,0.009324968,test,Random point,Point,C,Electrical conductivity multi-split parity plot,True
1507,1-methyl-3-octylimidazolium tetrafluoroborate,CCCCCCCCn1cc[n+](C)c1.F[B-](F)(F)F,313.15,101.325,ElectricalConductivity,0.12996666,0.13017759,0.00021092594,test,Random point,Point,C,Electrical conductivity multi-split parity plot,True
910,trihexyl(tetradecyl)phosphonium bis[(trifluoromethyl)sulfonyl]imide,CCCCCCCCCCCCCC[P+](CCCCCC)(CCCCCC)CCCCCC.O=S(=O)([N-]S(=O)(=O)C(F)(F)F)C(F)(F)F,263.0,101.325,ElectricalConductivity,0.0119999945,0.014851511,0.002851517,test,Random point,Point,C,Electrical conductivity multi-split parity plot,True
3406,1-butyl-3-methylimidazolium L-serinate,CCCC[n+]1ccn(C)c1.N[C@@H](CO)C(=O)[O-],313.15,101.325,ElectricalConductivity,0.015199994,0.01409718,0.0011028135,test,Random point,Point,C,Electrical conductivity multi-split parity plot,True
4774,1-ethyl-3-methylimidazolium bis((trifluoromethyl)sulfonyl)imide,CC[n+]1ccn(C)c1.O=S(=O)([N-]S(=O)(=O)C(F)(F)F)C(F)(F)F,323.0,101.325,ElectricalConductivity,1.815,1.6887302,0.12626982,test,Random point,Point,C,Electrical conductivity multi-split parity plot,True
3825,1-butyl-3-methylimidazolium bis(fluorosulfonyl)imide,CCCCn1cc[n+](C)c1.O=S(=O)(F)[N-]S(=O)(=O)F,348.15,101.0,ElectricalConductivity,2.7670002,2.87225,0.10524988,test,Random point,Point,C,Electrical conductivity multi-split parity plot,True
2751,1-butylpyridinium bis[(trifluoromethyl)sulfonyl]imide,CCCC[n+]1ccccc1.O=S(=O)([N-]S(=O)(=O)C(F)(F)F)C(F)(F)F,438.15,101.325,ElectricalConductivity,5.2429996,4.5158353,0.72716427,test,Random point,Point,C,Electrical conductivity multi-split parity plot,True
3864,3-butyl-1H-imidazol-3-ium bis((trifluoromethyl)sulfonyl)amide,CCCCn1cc[nH+]c1.O=S(=O)([N-]S(=O)(=O)C(F)(F)F)C(F)(F)F,333.95,101.325,ElectricalConductivity,0.33700007,0.29628935,0.040710717,test,Random point,Point,C,Electrical conductivity multi-split parity plot,True
904,trihexyltetradecylphosphonium nonafluoropentanoate,CCCCCCCCCCCCCC[P+](CCCCCC)(CCCCCC)CCCCCC.O=C([O-])C(F)(F)C(F)(F)C(F)(F)C(F)(F)F,298.4,101.325,ElectricalConductivity,0.005300001,0.0046139373,0.00068606343,test,Random point,Point,C,Electrical conductivity multi-split parity plot,True
4307,triethyl(2-methoxyethyl)phosphonium bis((trifluoromethyl)sulfonyl)amide,CC[P+](CC)(CC)CCOC.O=S(=O)([N-]S(=O)(=O)C(F)(F)F)C(F)(F)F,330.15,100.0,ElectricalConductivity,0.99000007,0.98767716,0.0023229122,test,Random point,Point,C,Electrical conductivity multi-split parity plot,True
5024,1-(2-methoxyethyl)-3-methyl-1H-imidazolium bis((trifluoromethyl)sulfonyl)amide,COCC[n+]1ccn(C)c1.O=S(=O)([N-]S(=O)(=O)C(F)(F)F)C(F)(F)F,298.15,101.325,ElectricalConductivity,0.468,0.4983638,0.030363798,test,Random point,Point,C,Electrical conductivity multi-split parity plot,True
4204,1-(ethoxymethyl)pyridinium bis((trifluoromethyl)sulfonyl)amide,CCOC[n+]1ccccc1.O=S(=O)([N-]S(=O)(=O)C(F)(F)F)C(F)(F)F,323.15,101.325,ElectricalConductivity,0.676,0.60172004,0.074279964,test,Random point,Point,C,Electrical conductivity multi-split parity plot,True
3052,1-butyl-3-methylimidazolium hexafluorophosphate,CCCC[n+]1ccn(C)c1.F[P-](F)(F)(F)(F)F,348.2,101.325,ElectricalConductivity,0.91699994,1.086317,0.169317,test,Random point,Point,C,Electrical conductivity multi-split parity plot,True
210,1-butyl-3-methylimidazolium hydrogencarbonate,C(O)([O-])=O.C(CCC)N1C=[N+](C=C1)C,288.15,101.325,ElectricalConductivity,0.274,0.2576965,0.01630348,test,Random point,Point,C,Electrical conductivity multi-split parity plot,True
1761,1-hexyl-4-methylpyridinium bis(trifluoromethanesulfonyl)imide,CCCCCC[n+]1ccc(C)cc1.O=S(=O)([N-]S(=O)(=O)C(F)(F)F)C(F)(F)F,288.15,100.0,ElectricalConductivity,0.110100016,0.11021312,0.000113107264,test,Random point,Point,C,Electrical conductivity multi-split parity plot,True
449,1-methylimidazolium acetate,CC(=O)[O-].Cn1cc[nH+]c1,335.05,101.325,ElectricalConductivity,0.39599997,0.41107184,0.015071869,test,Random point,Point,C,Electrical conductivity multi-split parity plot,True
3785,1-butyl-3-methyl-1H-imidazol-3-ium trifluoro(2-fluorophenyl)borate,CCCCn1cc[n+](C)c1.Fc1ccccc1[B-](F)(F)F,353.31,101.325,ElectricalConductivity,1.2489998,1.1946553,0.054344535,test,Random point,Point,C,Electrical conductivity multi-split parity plot,True
4755,1-ethyl-3-methylimidazolium bis((trifluoromethyl)sulfonyl)imide,CC[n+]1ccn(C)c1.O=S(=O)([N-]S(=O)(=O)C(F)(F)F)C(F)(F)F,300.15,101.325,ElectricalConductivity,0.96000004,0.9633719,0.0033718348,test,Random point,Point,C,Electrical conductivity multi-split parity plot,True
3479,1-butyl-3-methylimidazolium bis(trifluoromethylsulfonyl)imide,CCCC[n+]1ccn(C)c1.O=S(=O)([N-]S(=O)(=O)C(F)(F)F)C(F)(F)F,333.1,101.325,ElectricalConductivity,1.127,1.1903079,0.06330788,test,Random point,Point,C,Electrical conductivity multi-split parity plot,True
5591,"1-ethyl-2,3-dimethylimidazolium hydrogensulfate",S(=O)(=O)(O)[O-].C(C)N1C(=[N+](C=C1)C)C,323.15,101.325,ElectricalConductivity,0.458,0.4430709,0.014929116,test,Random point,Point,C,Electrical conductivity multi-split parity plot,True
3473,1-butyl-3-methylimidazolium bis(trifluoromethylsulfonyl)imide,CCCC[n+]1ccn(C)c1.O=S(=O)([N-]S(=O)(=O)C(F)(F)F)C(F)(F)F,322.15,101.325,ElectricalConductivity,0.89099985,0.8984287,0.007428825,test,Random point,Point,C,Electrical conductivity multi-split parity plot,True
2030,1-hexyl-3-methylimidazolium bis[(trifluoromethyl)sulfonyl]imide,CCCCCC[n+]1ccn(C)c1.O=S(=O)([N-]S(=O)(=O)C(F)(F)F)C(F)(F)F,448.15,101.0,ElectricalConductivity,4.4139996,4.7186537,0.30465412,test,Random point,Point,C,Electrical conductivity multi-split parity plot,True
4498,1-ethyl-3-methyl-1H-imidazolium tricyanomethanide,CC[n+]1ccn(C)c1.N#C[C-](C#N)C#N,248.2,100.0,ElectricalConductivity,0.093,0.09877618,0.0057761744,test,Random point,Point,C,Electrical conductivity multi-split parity plot,True
2691,"1-butyl-2,3-dimethylpyridinium bis(trifluoromethylsulfonyl)amide",CCCC[n+]1cccc(C)c1C.O=S(=O)([N-]S(=O)(=O)C(F)(F)F)C(F)(F)F,323.15,101.325,ElectricalConductivity,0.46400002,0.48138943,0.017389417,test,Random point,Point,C,Electrical conductivity multi-split parity plot,True
5331,"1,3-dimethylimidazolium bis((trifluoromethyl)sulfonyl)amide",Cn1cc[n+](C)c1.O=S(=O)([N-]S(=O)(=O)C(F)(F)F)C(F)(F)F,303.15,100.0,ElectricalConductivity,0.9150001,1.0827028,0.16770267,test,Random point,Point,C,Electrical conductivity multi-split parity plot,True
5238,"3-(3-cyanopropyl)-1-methylimidazolium 1,1,1-trifluoro-N-[(trifluoromethyl)sulfonyl]methanesulfonamide",C[n+]1ccn(CCCC#N)c1.O=S(=O)([N-]S(=O)(=O)C(F)(F)F)C(F)(F)F,298.4,101.325,ElectricalConductivity,0.12499999,0.14618394,0.021183945,test,Random point,Point,C,Electrical conductivity multi-split parity plot,True
3358,1-butyl-3-methylimidazolium dicyanamide,CCCC[n+]1ccn(C)c1.N#C[N-]C#N,338.15,101.3,ElectricalConductivity,3.093,3.202253,0.10925317,test,Random point,Point,C,Electrical conductivity multi-split parity plot,True
173,1-ethyl-3-methylimidazolium octylsulfate,C(CCCCCCC)OS(=O)(=O)[O-].C(C)N1C=[N+](C=C1)C,278.1,101.325,ElectricalConductivity,0.0119999945,0.011190654,0.00080934074,test,Random point,Point,C,Electrical conductivity multi-split parity plot,True
5332,"1,3-dimethylimidazolium bis((trifluoromethyl)sulfonyl)amide",Cn1cc[n+](C)c1.O=S(=O)([N-]S(=O)(=O)C(F)(F)F)C(F)(F)F,303.15,101.325,ElectricalConductivity,1.0660001,1.0826389,0.016638756,test,Random point,Point,C,Electrical conductivity multi-split parity plot,True
5249,"3,3'-(1,5-pentanediyl)bis[1-methylimidazolium] 1,1,1-trifluoro-N-[(trifluoromethyl)sulfonyl]methanesulfonamide",C[n+]1ccn(CCCCCn2cc[n+](C)c2)c1.O=S(=O)([N-]S(=O)(=O)C(F)(F)F)C(F)(F)F.O=S(=O)([N-]S(=O)(=O)C(F)(F)F)C(F)(F)F,298.15,101.325,ElectricalConductivity,0.060000002,0.0647284,0.004728399,test,Random point,Point,C,Electrical conductivity multi-split parity plot,True
1584,1-methyl-3-octylimidazolium bis(trifluoromethylsulfonyl)imide,CCCCCCCCn1cc[n+](C)c1.O=S(=O)([N-]S(=O)(=O)C(F)(F)F)C(F)(F)F,298.15,101.0,ElectricalConductivity,0.1311,0.14465609,0.013556093,test,Random point,Point,C,Electrical conductivity multi-split parity plot,True
4472,1-ethyl-3-methylimidazolium tetrafluoroborate,CC[n+]1ccn(C)c1.F[B-](F)(F)F,378.15,101.325,ElectricalConductivity,8.290003,7.983618,0.30638504,test,Random point,Point,C,Electrical conductivity multi-split parity plot,True
1742,tributylhexylammonium bis[(trifluoromethyl)sulfonyl]imide,CCCCCC[N+](CCCC)(CCCC)CCCC.O=S(=O)([N-]S(=O)(=O)C(F)(F)F)C(F)(F)F,298.1,101.325,ElectricalConductivity,0.015999999,0.014644258,0.0013557412,test,Random point,Point,C,Electrical conductivity multi-split parity plot,True
5579,1-methyl-3-propylimidazolium dihydrogenphosphate,P(=O)(O)(O)[O-].CN1C=[N+](C=C1)CCC,328.15,101.325,ElectricalConductivity,1.186,1.2520226,0.066022635,test,Random point,Point,C,Electrical conductivity multi-split parity plot,True
298,tetraethylammonium diacetoxydifluoroborate,CC(=O)O[B-](F)(F)OC(C)=O.CC[N+](CC)(CC)CC,333.15,101.325,ElectricalConductivity,0.62380004,0.6263054,0.002505362,test,Random point,Point,C,Electrical conductivity multi-split parity plot,True
2699,1-butylpyridinium tetrafluoroborate,CCCC[n+]1ccccc1.F[B-](F)(F)F,288.15,101.325,ElectricalConductivity,0.1282,0.12314555,0.005054444,test,Random point,Point,C,Electrical conductivity multi-split parity plot,True
3703,1-butyl-3-methylimidazolium trifluoro(2-methoxyphenyl)borate,CCCCn1cc[n+](C)c1.COc1ccccc1[B-](F)(F)F,343.3,101.325,ElectricalConductivity,0.31300002,0.28169304,0.031306982,test,Random point,Point,C,Electrical conductivity multi-split parity plot,True
1533,1-methyl-3-octylimidazolium tetrafluoroborate,CCCCCCCCn1cc[n+](C)c1.F[B-](F)(F)F,458.15,101.325,ElectricalConductivity,3.9900005,3.98692,0.003080368,test,Random point,Point,C,Electrical conductivity multi-split parity plot,True
4441,1-ethyl-3-methylimidazolium tetrafluoroborate,CC[n+]1ccn(C)c1.F[B-](F)(F)F,293.8,101.325,ElectricalConductivity,1.3170002,1.3309424,0.013942242,test,Random point,Point,C,Electrical conductivity multi-split parity plot,True
5433,1-methylimidazolium bis(trifluoromethylsulfonyl)imide,Cn1cc[nH+]c1.O=S(=O)([N-]S(=O)(=O)C(F)(F)F)C(F)(F)F,408.0,101.325,ElectricalConductivity,4.689999,4.202024,0.48797512,test,Random point,Point,C,Electrical conductivity multi-split parity plot,True
1301,"3,5-dimethyl-1-octylpyridinium bis(trifluoromethylsulfonyl)amide",CCCCCCCC[n+]1cc(C)cc(C)c1.O=S(=O)([N-]S(=O)(=O)C(F)(F)F)C(F)(F)F,323.15,101.325,ElectricalConductivity,0.22699998,0.2218594,0.0051405877,test,Random point,Point,C,Electrical conductivity multi-split parity plot,True
3428,1-butyl-3-methylimidazolium bis(perfluoroethylsulfonyl)imide,CCCC[n+]1ccn(C)c1.O=S(=O)([N-]S(=O)(=O)C(F)(F)C(F)(F)F)C(F)(F)C(F)(F)F,293.15,101.325,ElectricalConductivity,0.10999999,0.11273052,0.002730526,test,Random point,Point,C,Electrical conductivity multi-split parity plot,True
3368,1-butyl-3-methylimidazolium dicyanamide,CCCC[n+]1ccn(C)c1.N#C[N-]C#N,348.15,101.3,ElectricalConductivity,3.7120001,3.9028573,0.19085717,test,Random point,Point,C,Electrical conductivity multi-split parity plot,True
2536,"1-butyl-3,5-dimethylpyridinium bis(trifluoromethylsulfonyl)amide",CCCC[n+]1cc(C)cc(C)c1.O=S(=O)([N-]S(=O)(=O)C(F)(F)F)C(F)(F)F,273.15,101.325,ElectricalConductivity,0.044899996,0.04487904,2.0954758e-05,test,Random point,Point,C,Electrical conductivity multi-split parity plot,True
2165,3-hexyl-1-methylimidazolium tricyanomethanide,CCCCCCn1cc[n+](C)c1.N#C[C-](C#N)C#N,273.2,100.0,ElectricalConductivity,0.06849999,0.08217509,0.013675101,test,Random point,Point,C,Electrical conductivity multi-split parity plot,True
1754,3-hexyl-1H-imidazol-3-ium bis((trifluoromethyl)sulfonyl)amide,CCCCCC[n+]1cc[nH]c1.O=S(=O)([N-]S(=O)(=O)C(F)(F)F)C(F)(F)F,302.85,101.325,ElectricalConductivity,0.0838,0.074394874,0.009405129,test,Random point,Point,C,Electrical conductivity multi-split parity plot,True
3827,1-butyl-3-methylimidazolium bis(fluorosulfonyl)imide,CCCCn1cc[n+](C)c1.O=S(=O)(F)[N-]S(=O)(=O)F,458.15,101.0,ElectricalConductivity,9.617998,10.090881,0.47288322,test,Random point,Point,C,Electrical conductivity multi-split parity plot,True
542,1-butyl-3-methylimidazolium lactate,CC(O)C(=O)[O-].CCCC[n+]1ccn(C)c1,338.15,101.325,ElectricalConductivity,0.288,0.29021806,0.0022180676,test,Random point,Point,C,Electrical conductivity multi-split parity plot,True
909,trihexyl(tetradecyl)phosphonium bis[(trifluoromethyl)sulfonyl]imide,CCCCCCCCCCCCCC[P+](CCCCCC)(CCCCCC)CCCCCC.O=S(=O)([N-]S(=O)(=O)C(F)(F)F)C(F)(F)F,243.0,101.325,ElectricalConductivity,0.0010999999,0.0015513354,0.00045133557,test,Random point,Point,C,Electrical conductivity multi-split parity plot,True
4918,3-ethyl-1-methylimidazolium (S)-2-hydroxypropanoate,CCn1cc[n+](C)c1.C[C@H](O)C(=O)[O-],288.15,101.325,ElectricalConductivity,0.09200001,0.084507026,0.007492982,test,Random point,Point,C,Electrical conductivity multi-split parity plot,True
4951,1-ethyl-3-methylimidazolium difluoromono(oxalato)borate,CCn1cc[n+](C)c1.O=C1O[B-](F)(F)OC1=O,333.15,101.325,ElectricalConductivity,2.3607001,2.2962623,0.064437866,test,Random point,Point,C,Electrical conductivity multi-split parity plot,True
1865,1-hexyl-3-methylimidazolium hexafluorophosphate,CCCCCC[n+]1ccn(C)c1.F[P-](F)(F)(F)(F)F,303.14,100.0,ElectricalConductivity,0.07219999,0.07448578,0.002285786,test,Random point,Point,C,Electrical conductivity multi-split parity plot,True
1353,1-octyl-3-methylimidazolium hexafluorophosphate,CCCCCCCC[n+]1ccn(C)c1.F[P-](F)(F)(F)(F)F,298.1,101.325,ElectricalConductivity,0.030799996,0.027885504,0.002914492,test,Random point,Point,C,Electrical conductivity multi-split parity plot,True
4426,1-ethyl-3-methylimidazolium tetrafluoroborate,CC[n+]1ccn(C)c1.F[B-](F)(F)F,263.0,101.325,ElectricalConductivity,0.263,0.36728504,0.10428503,test,Random point,Point,C,Electrical conductivity multi-split parity plot,True
2348,1-butoxy-3-butylimidazolium tetrafluoroborate,CCCCO[n+]1ccn(CCCC)c1.F[B-](F)(F)F,300.15,101.325,ElectricalConductivity,0.24999999,0.14053775,0.10946223,test,Random point,Point,C,Electrical conductivity multi-split parity plot,True
2554,1-butyl-4-methylpyridinium tetrafluoroborate,CCCC[n+]1ccc(C)cc1.F[B-](F)(F)F,313.15,101.325,ElectricalConductivity,0.43900004,0.46937627,0.030376226,test,Random point,Point,C,Electrical conductivity multi-split parity plot,True
2739,1-butylpyridinium bis[(trifluoromethyl)sulfonyl]imide,CCCC[n+]1ccccc1.O=S(=O)([N-]S(=O)(=O)C(F)(F)F)C(F)(F)F,323.0,101.325,ElectricalConductivity,0.581,0.74227846,0.16127849,test,Random point,Point,C,Electrical conductivity multi-split parity plot,True
2956,1-butyl-3-methylimidazolium hexafluorophosphate,CCCC[n+]1ccn(C)c1.F[P-](F)(F)(F)(F)F,295.1,101.325,ElectricalConductivity,0.19999999,0.13193713,0.06806286,test,Random point,Point,C,Electrical conductivity multi-split parity plot,True
3271,1-butyl-3-methylimidazolium tricyanomethane,CCCC[n+]1ccn(C)c1.N#C[C-](C#N)C#N,195.2,100.0,ElectricalConductivity,2.50001e-09,1.0709077e-08,8.209067e-09,test,Random point,Point,C,Electrical conductivity multi-split parity plot,True
4284,diethylmethylammonium trifluoromethanesulfonate,CC[NH+](C)CC.O=S(=O)([O-])C(F)(F)F,323.0,101.325,ElectricalConductivity,1.4499999,1.5883619,0.13836193,test,Random point,Point,C,Electrical conductivity multi-split parity plot,True
4465,1-ethyl-3-methylimidazolium tetrafluoroborate,CC[n+]1ccn(C)c1.F[B-](F)(F)F,348.1,101.325,ElectricalConductivity,4.77,5.0714493,0.3014493,test,Random point,Point,C,Electrical conductivity multi-split parity plot,True
4159,1-ethyl-3-propylimidazolium bis(trifluoromethylsulfonyl)imide,CCCn1cc[n+](CC)c1.O=S(=O)([N-]S(=O)(=O)C(F)(F)F)C(F)(F)F,293.15,101.325,ElectricalConductivity,0.5725,0.5761705,0.0036705136,test,Random point,Point,C,Electrical conductivity multi-split parity plot,True
2402,"N-butyl-N,N-dimethyl-N-ethylammonium bis(trifluoromethanesulfonyl)amide",CCCC[N+](C)(C)CC.O=S(=O)([N-]S(=O)(=O)C(F)(F)F)C(F)(F)F,308.0,100.0,ElectricalConductivity,0.21999998,0.27758682,0.057586834,test,Random point,Point,C,Electrical conductivity multi-split parity plot,True
5108,1-methylpyridinium methylsulfate,COS(=O)(=O)[O-].C[n+]1ccccc1,293.15,101.325,ElectricalConductivity,0.28699997,0.27453652,0.01246345,test,Random point,Point,C,Electrical conductivity multi-split parity plot,True
5329,"1,3-dimethylimidazolium bis((trifluoromethyl)sulfonyl)amide",Cn1cc[n+](C)c1.O=S(=O)([N-]S(=O)(=O)C(F)(F)F)C(F)(F)F,273.15,101.325,ElectricalConductivity,0.31500003,0.34700072,0.03200069,test,Random point,Point,C,Electrical conductivity multi-split parity plot,True
4447,1-ethyl-3-methylimidazolium tetrafluoroborate,CC[n+]1ccn(C)c1.F[B-](F)(F)F,303.15,101.325,ElectricalConductivity,1.8466002,1.8108774,0.035722733,test,Random point,Point,C,Electrical conductivity multi-split parity plot,True
174,1-ethyl-3-methylimidazolium octylsulfate,C(CCCCCCC)OS(=O)(=O)[O-].C(C)N1C=[N+](C=C1)C,283.1,101.325,ElectricalConductivity,0.016999997,0.016379956,0.00062004104,test,Random point,Point,C,Electrical conductivity multi-split parity plot,True
4299,ethylammonium nitrate,CC[NH3+].O=[N+]([O-])[O-],317.231,101.325,ElectricalConductivity,3.8750002,4.221116,0.34611583,test,Random point,Point,C,Electrical conductivity multi-split parity plot,True
865,tetradecyl(trihexyl)phosphonium dicyanamide,CCCCCCCCCCCCCC[P+](CCCCCC)(CCCCCC)CCCCCC.N#C[N-]C#N,221.0,101.325,ElectricalConductivity,0.00015999998,0.000101080805,5.8919177e-05,test,Random point,Point,C,Electrical conductivity multi-split parity plot,True
2168,3-hexyl-1-methylimidazolium tricyanomethanide,CCCCCCn1cc[n+](C)c1.N#C[C-](C#N)C#N,303.2,100.0,ElectricalConductivity,0.45999998,0.528648,0.06864804,test,Random point,Point,C,Electrical conductivity multi-split parity plot,True
4982,1-(3-methoxypropyl)pyridinium bis((trifluoromethyl)sulfonyl)amide,COCCC[n+]1ccccc1.O=S(=O)([N-]S(=O)(=O)C(F)(F)F)C(F)(F)F,298.15,101.325,ElectricalConductivity,0.314,0.3473812,0.033381194,test,Random point,Point,C,Electrical conductivity multi-split parity plot,True
2736,1-butylpyridinium bis[(trifluoromethyl)sulfonyl]imide,CCCC[n+]1ccccc1.O=S(=O)([N-]S(=O)(=O)C(F)(F)F)C(F)(F)F,298.15,101.325,ElectricalConductivity,0.31846,0.33721614,0.018756151,test,Random point,Point,C,Electrical conductivity multi-split parity plot,True
1735,triethylhexylammonium bis((trifluoromethyl)sulfonyl)imide,CCCCCC[N+](CC)(CC)CC.O=S(=O)([N-]S(=O)(=O)C(F)(F)F)C(F)(F)F,325.65,101.325,ElectricalConductivity,0.351,0.3661475,0.015147477,test,Random point,Point,C,Electrical conductivity multi-split parity plot,True
2529,(3-aminopropyl)tributylphosphonium L-alaninate,CCCC[P+](CCCC)(CCCC)CCCN.C[C@H](N)C(=O)[O-],298.15,101.0,ElectricalConductivity,0.014049996,0.014875298,0.0008253027,test,Random point,Point,C,Electrical conductivity multi-split parity plot,True
4478,1-ethyl-3-methylimidazolium phenyltrifluoroborate,CC[n+]1ccn(C)c1.F[B-](F)(F)c1ccccc1,308.0,101.325,ElectricalConductivity,0.783,0.84778446,0.06478447,test,Random point,Point,C,Electrical conductivity multi-split parity plot,True
2763,1-butyl-2-methylpyridinium tetrafluoroborate,CCCC[n+]1ccccc1C.F[B-](F)(F)F,295.65,101.325,ElectricalConductivity,0.084699996,0.08611965,0.001419656,test,Random point,Point,C,Electrical conductivity multi-split parity plot,True
764,trihexyl(tetradecyl)phosphonium octanoate,CCCCCCCC(=O)[O-].CCCCCCCCCCCCCC[P+](CCCCCC)(CCCCCC)CCCCCC,338.6,101.325,ElectricalConductivity,0.016959999,0.01480784,0.0021521589,test,Random point,Point,C,Electrical conductivity multi-split parity plot,True
2162,3-hexyl-1-methylimidazolium tricyanomethanide,CCCCCCn1cc[n+](C)c1.N#C[C-](C#N)C#N,238.2,100.0,ElectricalConductivity,0.0015999997,0.0013603036,0.00023969612,test,Random point,Point,C,Electrical conductivity multi-split parity plot,True
5091,1-butyl-3-methylimidazolium methylsulfate,COS(=O)(=O)[O-].C(CCC)N1C=[N+](C=C1)C,323.15,101.325,ElectricalConductivity,0.39066663,0.49643672,0.10577008,test,Random point,Point,C,Electrical conductivity multi-split parity plot,True
1008,3-dodecyl-1H-imidazol-3-ium bis((trifluoromethyl)sulfonyl)amide,CCCCCCCCCCCC[n+]1cc[nH]c1.O=S(=O)([N-]S(=O)(=O)C(F)(F)F)C(F)(F)F,333.15,101.325,ElectricalConductivity,0.117999986,0.13330728,0.015307292,test,Random point,Point,C,Electrical conductivity multi-split parity plot,True
4393,1-ethyl-3-methylimidazolium methanesulfonate,CC[n+]1ccn(C)c1.CS(=O)(=O)[O-],328.15,101.325,ElectricalConductivity,0.9700001,0.97848946,0.00848937,test,Random point,Point,C,Electrical conductivity multi-split parity plot,True
3803,1-butyl-3-methylimidazolium difluoromono(malonato)borate,CCCCn1cc[n+](C)c1.O=C1CC(=O)O[B-](F)(F)O1,353.15,101.325,ElectricalConductivity,1.7445998,1.819933,0.07533324,test,Random point,Point,C,Electrical conductivity multi-split parity plot,True
3450,1-butyl-3-methylimidazolium bis(trifluoromethylsulfonyl)imide,CCCC[n+]1ccn(C)c1.O=S(=O)([N-]S(=O)(=O)C(F)(F)F)C(F)(F)F,298.1,101.325,ElectricalConductivity,0.41125,0.4273139,0.016063899,test,Random point,Point,C,Electrical conductivity multi-split parity plot,True
3957,1-propylpyridinium tetrafluoroborate,CCC[n+]1ccccc1.F[B-](F)(F)F,338.15,101.325,ElectricalConductivity,1.8690001,1.786548,0.08245206,test,Random point,Point,C,Electrical conductivity multi-split parity plot,True
3945,3-methyl-1-propylpyridinium bis(trifluoromethylsulfonyl)imide,CCC[n+]1cccc(C)c1.O=S(=O)([N-]S(=O)(=O)C(F)(F)F)C(F)(F)F,348.15,100.0,ElectricalConductivity,1.6499997,1.6325783,0.017421484,test,Random point,Point,C,Electrical conductivity multi-split parity plot,True
4435,1-ethyl-3-methylimidazolium tetrafluoroborate,CC[n+]1ccn(C)c1.F[B-](F)(F)F,288.5,101.325,ElectricalConductivity,0.611,1.0945084,0.4835084,test,Random point,Point,C,Electrical conductivity multi-split parity plot,True
3662,1-butyl-3-ethylimidazolium bromide,CCCC[n+]1ccn(CC)c1.[Br-],293.15,101.325,ElectricalConductivity,0.037199996,0.036503892,0.000696104,test,Random point,Point,C,Electrical conductivity multi-split parity plot,True
3014,1-butyl-3-methylimidazolium hexafluorophosphate,CCCC[n+]1ccn(C)c1.F[P-](F)(F)(F)(F)F,328.2,101.325,ElectricalConductivity,0.38299996,0.54733807,0.16433811,test,Random point,Point,C,Electrical conductivity multi-split parity plot,True
2769,1-butyl-2-methylpyridinium tetrafluoroborate,CCCC[n+]1ccccc1C.F[B-](F)(F)F,318.15,101.325,ElectricalConductivity,0.331,0.32762977,0.0033702254,test,Random point,Point,C,Electrical conductivity multi-split parity plot,True
1716,hexyltrimethylammonium bis[(trifluoromethyl)sulfonyl]imide,CCCCCC[N+](C)(C)C.O=S(=O)([N-]S(=O)(=O)C(F)(F)F)C(F)(F)F,308.1,101.325,ElectricalConductivity,0.17000002,0.11435138,0.05564864,test,Random point,Point,C,Electrical conductivity multi-split parity plot,True
4416,1-ethyl-3-methylimidazolium 4-methylbenzenesulfonate,CC[n+]1ccn(C)c1.Cc1ccc(S(=O)(=O)[O-])cc1,358.15,101.325,ElectricalConductivity,0.93000007,0.84776634,0.08223373,test,Random point,Point,C,Electrical conductivity multi-split parity plot,True
1783,"1-hexyl-3-methylpyridinium 1,1,1-trifluoro-N-[(trifluoromethyl)sulfonyl]methanesulfonamide",CCCCCC[n+]1cccc(C)c1.O=S(=O)([N-]S(=O)(=O)C(F)(F)F)C(F)(F)F,318.15,100.0,ElectricalConductivity,0.342,0.3161418,0.025858194,test,Random point,Point,C,Electrical conductivity multi-split parity plot,True
4808,1-ethyl-3-methylimidazolium trifluoromethanesulfonate,CC[n+]1ccn(C)c1.O=S(=O)([O-])C(F)(F)F,283.0,101.325,ElectricalConductivity,0.537,0.5520017,0.015001714,test,Random point,Point,C,Electrical conductivity multi-split parity plot,True
2555,1-butyl-4-methylpyridinium tetrafluoroborate,CCCC[n+]1ccc(C)cc1.F[B-](F)(F)F,323.15,101.0,ElectricalConductivity,0.687,0.721982,0.034982026,test,Random point,Point,C,Electrical conductivity multi-split parity plot,True
752,trihexyl(tetradecyl)phosphonium hexanoate,CCCCCC(=O)[O-].CCCCCCCCCCCCCC[P+](CCCCCC)(CCCCCC)CCCCCC,338.9,101.325,ElectricalConductivity,0.022299998,0.02006593,0.0022340678,test,Random point,Point,C,Electrical conductivity multi-split parity plot,True
3695,1-butyl-3-methyl-1H-imidazol-3-ium trifluoro(3-methoxyphenyl)borate,CCCCn1cc[n+](C)c1.COc1cccc([B-](F)(F)F)c1,318.04,101.325,ElectricalConductivity,0.26,0.20783308,0.05216691,test,Random point,Point,C,Electrical conductivity multi-split parity plot,True
3272,1-butyl-3-methylimidazolium tricyanomethane,CCCC[n+]1ccn(C)c1.N#C[C-](C#N)C#N,203.2,100.0,ElectricalConductivity,3.4999994e-07,2.87199e-07,6.280095e-08,test,Random point,Point,C,Electrical conductivity multi-split parity plot,True
1846,1-hexyl-3-methylimidazolium tetrafluoroborate,CCCCCC[n+]1ccn(C)c1.F[B-](F)(F)F,348.15,101.325,ElectricalConductivity,0.926,0.92872727,0.0027272701,test,Random point,Point,C,Electrical conductivity multi-split parity plot,True
1755,3-hexyl-1H-imidazol-3-ium bis((trifluoromethyl)sulfonyl)amide,CCCCCC[n+]1cc[nH]c1.O=S(=O)([N-]S(=O)(=O)C(F)(F)F)C(F)(F)F,362.45,101.325,ElectricalConductivity,0.562,0.56976616,0.007766187,test,Random point,Point,C,Electrical conductivity multi-split parity plot,True
4853,1-ethyl-3-methylimidazolium bromide,CC[n+]1ccn(C)c1.[Br-],404.5,101.325,ElectricalConductivity,6.4200015,6.116788,0.3032136,test,Random point,Point,C,Electrical conductivity multi-split parity plot,True
4202,1-(ethoxymethyl)pyridinium bis((trifluoromethyl)sulfonyl)amide,CCOC[n+]1ccccc1.O=S(=O)([N-]S(=O)(=O)C(F)(F)F)C(F)(F)F,293.15,101.325,ElectricalConductivity,0.374,0.3475419,0.026458114,test,Random point,Point,C,Electrical conductivity multi-split parity plot,True
4360,1-ethyl-2-methylpyridinium bis((trifluoromethyl)sulfonyl)amide,CC[n+]1ccccc1C.O=S(=O)([N-]S(=O)(=O)C(F)(F)F)C(F)(F)F,310.65,101.325,ElectricalConductivity,0.539,0.5443786,0.005378604,test,Random point,Point,C,Electrical conductivity multi-split parity plot,True
213,3-methyl-1-pentylimidazolium hydrogencarbonate,C(O)([O-])=O.C[N+]1=CN(C=C1)CCCCC,303.15,101.325,ElectricalConductivity,0.305,0.31501532,0.010015309,test,Random point,Point,C,Electrical conductivity multi-split parity plot,True
2735,1-butylpyridinium bis[(trifluoromethyl)sulfonyl]imide,CCCC[n+]1ccccc1.O=S(=O)([N-]S(=O)(=O)C(F)(F)F)C(F)(F)F,283.1,101.325,ElectricalConductivity,0.15799999,0.16602775,0.008027762,test,Random point,Point,C,Electrical conductivity multi-split parity plot,True
2768,1-butyl-2-methylpyridinium tetrafluoroborate,CCCC[n+]1ccccc1C.F[B-](F)(F)F,315.65,101.325,ElectricalConductivity,0.292,0.28951064,0.0024893582,test,Random point,Point,C,Electrical conductivity multi-split parity plot,True
405,1-ethyl-3-methylimidazolium acetate,CC(=O)[O-].CC[n+]1ccn(C)c1,368.15,101.0,ElectricalConductivity,3.1139998,3.469492,0.35549212,test,Random point,Point,C,Electrical conductivity multi-split parity plot,True
231,"N-ethyl-N,N-dimethylprop-2-en-1-aminium dicyanamide",C=CC[N+](C)(C)CC.N#C[N-]C#N,318.0,101.325,ElectricalConductivity,3.1600003,3.2735534,0.11355305,test,Random point,Point,C,Electrical conductivity multi-split parity plot,True
1517,1-methyl-3-octylimidazolium tetrafluoroborate,CCCCCCCCn1cc[n+](C)c1.F[B-](F)(F)F,338.15,101.325,ElectricalConductivity,0.36799997,0.3759777,0.007977724,test,Random point,Point,C,Electrical conductivity multi-split parity plot,True
4297,ethylammonium nitrate,CC[NH3+].O=[N+]([O-])[O-],315.518,101.325,ElectricalConductivity,3.7213998,4.0807123,0.35931253,test,Random point,Point,C,Electrical conductivity multi-split parity plot,True
2209,"N,N-dimethyl-N-ethyl-N-pentylammonium bis(trifluoromethylsulfonyl)",CCCCC[N+](C)(C)CC.O=S(=O)([N-]S(=O)(=O)C(F)(F)F)C(F)(F)F,273.15,101.325,ElectricalConductivity,0.028600005,0.026717564,0.0018824413,test,Random point,Point,C,Electrical conductivity multi-split parity plot,True
2650,1-butyl-3-methylpyridinium dicyanamide,CCCC[n+]1cccc(C)c1.N#C[N-]C#N,333.15,101.325,ElectricalConductivity,2.5799997,2.728652,0.14865232,test,Random point,Point,C,Electrical conductivity multi-split parity plot,True
2096,1-hexyl-3-methylimidazolium iodide,CCCCCC[n+]1ccn(C)c1.[I-],316.0,101.325,ElectricalConductivity,0.070999995,0.074453995,0.0034539998,test,Random point,Point,C,Electrical conductivity multi-split parity plot,True
4367,1-ethyl-2-methylpyridinium bis((trifluoromethyl)sulfonyl)amide,CC[n+]1ccccc1C.O=S(=O)([N-]S(=O)(=O)C(F)(F)F)C(F)(F)F,330.65,101.325,ElectricalConductivity,1.014,0.9511859,0.062814176,test,Random point,Point,C,Electrical conductivity multi-split parity plot,True
914,trihexyl(tetradecyl)phosphonium bis[(trifluoromethyl)sulfonyl]imide,CCCCCCCCCCCCCC[P+](CCCCCC)(CCCCCC)CCCCCC.O=S(=O)([N-]S(=O)(=O)C(F)(F)F)C(F)(F)F,293.15,101.0,ElectricalConductivity,0.0071899993,0.039105296,0.031915296,test,Random point,Point,C,Electrical conductivity multi-split parity plot,True
2929,1-butyl-3-methylimidazolium phenyltrifluoroborate,CCCC[n+]1ccn(C)c1.F[B-](F)(F)c1ccccc1,323.34,101.325,ElectricalConductivity,0.549,0.5369502,0.012049854,test,Random point,Point,C,Electrical conductivity multi-split parity plot,True
2706,1-butylpyridinium tetrafluoroborate,CCCC[n+]1ccccc1.F[B-](F)(F)F,308.15,101.325,ElectricalConductivity,0.41200003,0.40635902,0.0056410134,test,Random point,Point,C,Electrical conductivity multi-split parity plot,True
4445,1-ethyl-3-methylimidazolium tetrafluoroborate,CC[n+]1ccn(C)c1.F[B-](F)(F)F,298.8,101.325,ElectricalConductivity,1.5064999,1.5775627,0.0710628,test,Random point,Point,C,Electrical conductivity multi-split parity plot,True
4265,tetraethylammonium difluorobis(trifluoroacetato)borate,CC[N+](CC)(CC)CC.O=C(O[B-](F)(F)OC(=O)C(F)(F)F)C(F)(F)F,303.15,101.325,ElectricalConductivity,0.5223,0.5388282,0.01652819,test,Random point,Point,C,Electrical conductivity multi-split parity plot,True
2704,1-butylpyridinium tetrafluoroborate,CCCC[n+]1ccccc1.F[B-](F)(F)F,300.65,101.325,ElectricalConductivity,0.28,0.27195346,0.008046538,test,Random point,Point,C,Electrical conductivity multi-split parity plot,True
4045,1-methyl-3-propylimidazolium dicyanamide,CCCn1cc[n+](C)c1.N#C[N-]C#N,353.15,101.3,ElectricalConductivity,5.7850018,6.0576296,0.27262783,test,Random point,Point,C,Electrical conductivity multi-split parity plot,True
3480,1-butyl-3-methylimidazolium bis(trifluoromethylsulfonyl)imide,CCCC[n+]1ccn(C)c1.O=S(=O)([N-]S(=O)(=O)C(F)(F)F)C(F)(F)F,342.15,101.325,ElectricalConductivity,1.555,1.4654359,0.089564085,test,Random point,Point,C,Electrical conductivity multi-split parity plot,True
3447,1-butyl-3-methylimidazolium bis(trifluoromethylsulfonyl)imide,CCCC[n+]1ccn(C)c1.O=S(=O)([N-]S(=O)(=O)C(F)(F)F)C(F)(F)F,298.0,101.325,ElectricalConductivity,0.406,0.42572832,0.019728333,test,Random point,Point,C,Electrical conductivity multi-split parity plot,True
3417,1-butyl-3-methylimidazolium trifluoroacetate,CCCC[n+]1ccn(C)c1.O=C([O-])C(F)(F)F,323.15,101.325,ElectricalConductivity,1.05,0.9963323,0.053667665,test,Random point,Point,C,Electrical conductivity multi-split parity plot,True
2723,1-butylpyridinium phenyltrifluoroborate,CCCC[n+]1ccccc1.F[B-](F)(F)c1ccccc1,348.0,101.325,ElectricalConductivity,1.0439998,1.0725669,0.028567076,test,Random point,Point,C,Electrical conductivity multi-split parity plot,True
4716,1-ethyl-3-methyl-1H-imidazolium bis(fluorosulfonyl)amide,CC[n+]1ccn(C)c1.O=S(=O)(F)[N-]S(=O)(=O)F,308.0,100.0,ElectricalConductivity,2.0699997,2.2735915,0.20359182,test,Random point,Point,C,Electrical conductivity multi-split parity plot,True
295,1-butyl-3-methylimidazolium diacetoxydifluoroborate,CC(=O)O[B-](F)(F)OC(C)=O.CCCCn1cc[n+](C)c1,353.15,101.325,ElectricalConductivity,1.0763,1.1187553,0.042455316,test,Random point,Point,C,Electrical conductivity multi-split parity plot,True
1541,1-methyl-3-octylimidazolium tricyanomethanide,CCCCCCCCn1cc[n+](C)c1.N#C[C-](C#N)C#N,213.2,100.0,ElectricalConductivity,1.1000004e-06,6.590531e-07,4.409473e-07,test,Random point,Point,C,Electrical conductivity multi-split parity plot,True
5338,1-(3-cyanopropyl)-3-methylimidazolium cyanocyanamide,Cn1cc[n+](CCCC#N)c1.N#C[N-]C#N,293.0,101.325,ElectricalConductivity,0.272,0.29053295,0.018532932,test,Random point,Point,C,Electrical conductivity multi-split parity plot,True
3946,3-methyl-1-propylpyridinium bis(trifluoromethylsulfonyl)imide,CCC[n+]1cccc(C)c1.O=S(=O)([N-]S(=O)(=O)C(F)(F)F)C(F)(F)F,353.15,100.0,ElectricalConductivity,1.8279998,1.8018724,0.026127458,test,Random point,Point,C,Electrical conductivity multi-split parity plot,True
5113,"1,3-dimethylimidazolium methylsulfate",COS(=O)(=O)[O-].Cn1cc[n+](C)c1,368.15,101.325,ElectricalConductivity,2.5299997,2.9684656,0.43846583,test,Random point,Point,C,Electrical conductivity multi-split parity plot,True
3791,1-butyl-3-methyl-1H-imidazol-3-ium (4-cyanophenyl)trifluoroborate,CCCCn1cc[n+](C)c1.N#Cc1ccc([B-](F)(F)F)cc1,342.57,101.325,ElectricalConductivity,0.65,0.61418414,0.035815835,test,Random point,Point,C,Electrical conductivity multi-split parity plot,True
1252,triethyloctylammonium bis[(trifluoromethyl)sulfonyl]imide,CCCCCCCC[N+](CC)(CC)CC.O=S(=O)([N-]S(=O)(=O)C(F)(F)F)C(F)(F)F,303.25,101.325,ElectricalConductivity,0.078,0.07586396,0.0021360442,test,Random point,Point,C,Electrical conductivity multi-split parity plot,True
1076,3-decyl-1H-imidazol-3-ium bis((trifluoromethyl)sulfonyl)amide,CCCCCCCCCC[n+]1cc[nH]c1.O=S(=O)([N-]S(=O)(=O)C(F)(F)F)C(F)(F)F,322.75,101.325,ElectricalConductivity,0.08500001,0.09839575,0.013395742,test,Random point,Point,C,Electrical conductivity multi-split parity plot,True
402,1-ethyl-3-methylimidazolium acetate,CC(=O)[O-].CC[n+]1ccn(C)c1,343.15,101.0,ElectricalConductivity,1.705,1.7954481,0.09044802,test,Random point,Point,C,Electrical conductivity multi-split parity plot,True
3824,1-butyl-3-methylimidazolium bis(fluorosulfonyl)imide,CCCCn1cc[n+](C)c1.O=S(=O)(F)[N-]S(=O)(=O)F,343.15,101.0,ElectricalConductivity,2.475,2.5935352,0.11853528,test,Random point,Point,C,Electrical conductivity multi-split parity plot,True
1861,1-hexyl-3-methylimidazolium hexafluorophosphate,CCCCCC[n+]1ccn(C)c1.F[P-](F)(F)(F)(F)F,298.15,101.325,ElectricalConductivity,0.054299995,0.054920528,0.0006205328,test,Random point,Point,C,Electrical conductivity multi-split parity plot,True
4873,1-ethyl-3-methylimidazolium iodide,CC[n+]1ccn(C)c1.[I-],357.8,101.325,ElectricalConductivity,3.2200005,2.5932372,0.62676334,test,Random point,Point,C,Electrical conductivity multi-split parity plot,True
3487,1-butyl-3-methylimidazolium bis(trifluoromethylsulfonyl)imide,CCCC[n+]1ccn(C)c1.O=S(=O)([N-]S(=O)(=O)C(F)(F)F)C(F)(F)F,350.15,101.325,ElectricalConductivity,1.8600001,1.7291448,0.13085532,test,Random point,Point,C,Electrical conductivity multi-split parity plot,True
2019,1-hexyl-3-methylimidazolium bis[(trifluoromethyl)sulfonyl]imide,CCCCCC[n+]1ccn(C)c1.O=S(=O)([N-]S(=O)(=O)C(F)(F)F)C(F)(F)F,358.15,101.0,ElectricalConductivity,1.3039999,1.4229735,0.11897361,test,Random point,Point,C,Electrical conductivity multi-split parity plot,True
2887,1-butyl-3-methylimidazolium tetrafluoroborate,CCCC[n+]1ccn(C)c1.F[B-](F)(F)F,333.15,101.325,ElectricalConductivity,1.3125,1.2109077,0.1015923,test,Random point,Point,C,Electrical conductivity multi-split parity plot,True
4578,1-ethyl-3-methylimidazolium dicyanamide,CC[n+]1ccn(C)c1.N#C[N-]C#N,313.15,100.0,ElectricalConductivity,3.85,3.7550187,0.09498119,test,Random point,Point,C,Electrical conductivity multi-split parity plot,True
350,1-butyl-3-methylimidazolium acetate,CC(=O)[O-].CCCC[n+]1ccn(C)c1,333.15,101.0,ElectricalConductivity,0.369,0.35770145,0.011298537,test,Random point,Point,C,Electrical conductivity multi-split parity plot,True
2511,"tributyl(3,3,4,4,5,5,6,6,7,7,8,8,8-tridecafluorooctyl)phosphonium tris(perfluoroethyl)trifluorophosphate",CCCC[P+](CCCC)(CCCC)CCC(F)(F)C(F)(F)C(F)(F)C(F)(F)C(F)(F)C(F)(F)F.FC(F)(F)C(F)(F)[P-](F)(F)(F)(C(F)(F)C(F)(F)F)C(F)(F)C(F)(F)F,348.4,101.325,ElectricalConductivity,0.11199999,0.11333856,0.0013385713,test,Random point,Point,C,Electrical conductivity multi-split parity plot,True
2346,3-(2-(butylamino)-2-oxoethyl)-1-ethyl-1H-imidazolium bis((trifluoromethyl)sulfonyl)amide,CCCCNC(=O)Cn1cc[n+](CC)c1.O=S(=O)([N-]S(=O)(=O)C(F)(F)F)C(F)(F)F,313.15,101.325,ElectricalConductivity,0.0639,0.06045757,0.0034424327,test,Random point,Point,C,Electrical conductivity multi-split parity plot,True
1307,N-octyl-3-methylpyridinium tetrafluoroborate,CCCCCCCC[n+]1cccc(C)c1.F[B-](F)(F)F,285.65,101.325,ElectricalConductivity,0.014400003,0.015086153,0.00068615004,test,Random point,Point,C,Electrical conductivity multi-split parity plot,True
2712,1-butylpyridinium tetrafluoroborate,CCCC[n+]1ccccc1.F[B-](F)(F)F,323.15,101.0,ElectricalConductivity,0.785,0.77682763,0.008172393,test,Random point,Point,C,Electrical conductivity multi-split parity plot,True
2853,1-butyl-3-methylimidazolium tetrafluoroborate,CCCC[n+]1ccn(C)c1.F[B-](F)(F)F,303.13,101.325,ElectricalConductivity,0.6000001,0.4156371,0.18436298,test,Random point,Point,C,Electrical conductivity multi-split parity plot,True
3446,1-butyl-3-methylimidazolium bis(trifluoromethylsulfonyl)imide,CCCC[n+]1ccn(C)c1.O=S(=O)([N-]S(=O)(=O)C(F)(F)F)C(F)(F)F,295.4,101.325,ElectricalConductivity,0.273,0.38546634,0.112466335,test,Random point,Point,C,Electrical conductivity multi-split parity plot,True
1542,1-methyl-3-octylimidazolium tricyanomethanide,CCCCCCCCn1cc[n+](C)c1.N#C[C-](C#N)C#N,215.2,100.0,ElectricalConductivity,2.2e-06,1.4716422e-06,7.283577e-07,test,Random point,Point,C,Electrical conductivity multi-split parity plot,True
2061,1-hexyl-3-methyl-1H-imidazolium bromide,CCCCCC[n+]1ccn(C)c1.[Br-],293.15,101.325,ElectricalConductivity,7.4499993,0.0743859,7.375613,test,Random point,Point,C,Electrical conductivity multi-split parity plot,True
4300,ethylammonium nitrate,CC[NH3+].O=[N+]([O-])[O-],318.15,101.325,ElectricalConductivity,3.78,4.295817,0.5158169,test,Random point,Point,C,Electrical conductivity multi-split parity plot,True
1366,1-octyl-3-methylimidazolium hexafluorophosphate,CCCCCCCC[n+]1ccn(C)c1.F[P-](F)(F)(F)(F)F,308.16,101.325,ElectricalConductivity,0.049099997,0.052441657,0.00334166,test,Random point,Point,C,Electrical conductivity multi-split parity plot,True
512,(3-aminopropyl)tributylphosphonium L-valinate,CC(C)[C@H](N)C(=O)[O-].CCCC[P+](CCCC)(CCCC)CCCN,313.15,101.325,ElectricalConductivity,0.032017007,0.025009302,0.007007705,test,Random point,Point,C,Electrical conductivity multi-split parity plot,True
4812,1-ethyl-3-methylimidazolium trifluoromethanesulfonate,CC[n+]1ccn(C)c1.O=S(=O)([O-])C(F)(F)F,297.65,101.325,ElectricalConductivity,0.81000006,0.9478833,0.13788325,test,Random point,Point,C,Electrical conductivity multi-split parity plot,True
4295,ethylammonium nitrate,CC[NH3+].O=[N+]([O-])[O-],313.236,101.325,ElectricalConductivity,3.5213997,3.8908863,0.36948657,test,Random point,Point,C,Electrical conductivity multi-split parity plot,True
3768,1-butyl-3-methyl-1H-imidazol-3-ium trifluoro(3-(trifluoromethyl)phenyl)borate,CCCCn1cc[n+](C)c1.F[B-](F)(F)c1cccc(C(F)(F)F)c1,313.3,101.325,ElectricalConductivity,0.291,0.29611605,0.0051160455,test,Random point,Point,C,Electrical conductivity multi-split parity plot,True
4786,1-ethyl-3-methylimidazolium bis((trifluoromethyl)sulfonyl)imide,CC[n+]1ccn(C)c1.O=S(=O)([N-]S(=O)(=O)C(F)(F)F)C(F)(F)F,343.25,101.325,ElectricalConductivity,2.8000004,2.5829928,0.21700764,test,Random point,Point,C,Electrical conductivity multi-split parity plot,True
4415,1-ethyl-3-methylimidazolium 4-methylbenzenesulfonate,CC[n+]1ccn(C)c1.Cc1ccc(S(=O)(=O)[O-])cc1,348.15,101.325,ElectricalConductivity,0.71499985,0.61535263,0.099647224,test,Random point,Point,C,Electrical conductivity multi-split parity plot,True
1745,trihexyl(isobutyl)phosphonium bromide,CCCCCC[P+](CCCCCC)(CCCCCC)CC(C)C.[Br-],353.0,101.325,ElectricalConductivity,0.011199997,0.009214069,0.001985928,test,Random point,Point,C,Electrical conductivity multi-split parity plot,True
4503,1-ethyl-3-methyl-1H-imidazolium tricyanomethanide,CC[n+]1ccn(C)c1.N#C[C-](C#N)C#N,293.2,100.0,ElectricalConductivity,1.6,1.2186676,0.3813324,test,Random point,Point,C,Electrical conductivity multi-split parity plot,True
2876,1-butyl-3-methylimidazolium tetrafluoroborate,CCCC[n+]1ccn(C)c1.F[B-](F)(F)F,323.12,100.0,ElectricalConductivity,0.8730001,0.88307065,0.010070562,test,Random point,Point,C,Electrical conductivity multi-split parity plot,True
1841,1-hexyl-3-methylimidazolium tetrafluoroborate,CCCCCC[n+]1ccn(C)c1.F[B-](F)(F)F,328.15,101.325,ElectricalConductivity,0.483,0.49201512,0.009015113,test,Random point,Point,C,Electrical conductivity multi-split parity plot,True
1022,1-dodecyl-3-methyl-1H-imidazolium bis(trifluoromethylsulfonyl)amide,CCCCCCCCCCCC[n+]1ccn(C)c1.O=S(=O)([N-]S(=O)(=O)C(F)(F)F)C(F)(F)F,293.0,100.0,ElectricalConductivity,0.050800018,0.047759417,0.0030406006,test,Random point,Point,C,Electrical conductivity multi-split parity plot,True
4337,1-ethyl-3-methylpyridinium perfluoropentanoate,CC[n+]1cccc(C)c1.O=C([O-])C(F)(F)C(F)(F)C(F)(F)C(F)(F)F,318.15,101.325,ElectricalConductivity,0.289,0.28574008,0.003259927,test,Random point,Point,C,Electrical conductivity multi-split parity plot,True
3826,1-butyl-3-methylimidazolium bis(fluorosulfonyl)imide,CCCCn1cc[n+](C)c1.O=S(=O)(F)[N-]S(=O)(=O)F,408.15,101.0,ElectricalConductivity,6.2290025,6.744099,0.51509666,test,Random point,Point,C,Electrical conductivity multi-split parity plot,True
4429,1-ethyl-3-methylimidazolium tetrafluoroborate,CC[n+]1ccn(C)c1.F[B-](F)(F)F,278.15,101.325,ElectricalConductivity,0.7167999,0.72395796,0.007158041,test,Random point,Point,C,Electrical conductivity multi-split parity plot,True
4486,1-ethyl-3-methylimidazolium hexafluorophosphate,CC[n+]1ccn(C)c1.F[P-](F)(F)(F)(F)F,378.1,101.325,ElectricalConductivity,4.04,3.9674387,0.072561264,test,Random point,Point,C,Electrical conductivity multi-split parity plot,True
4421,1-ethyl-3-methylimidazolium 4-methylbenzenesulfonate,CC[n+]1ccn(C)c1.Cc1ccc(S(=O)(=O)[O-])cc1,408.1,101.325,ElectricalConductivity,2.69,2.6423726,0.04762745,test,Random point,Point,C,Electrical conductivity multi-split parity plot,True
4406,1-ethyl-3-methylimidazolium 4-methylbenzenesulfonate,CC[n+]1ccn(C)c1.Cc1ccc(S(=O)(=O)[O-])cc1,278.15,101.325,ElectricalConductivity,0.018300002,0.0051652743,0.013134728,test,Random point,Point,C,Electrical conductivity multi-split parity plot,True
1575,1-methyl-3-octylimidazolium bis(trifluoromethylsulfonyl)imide,CCCCCCCCn1cc[n+](C)c1.O=S(=O)([N-]S(=O)(=O)C(F)(F)F)C(F)(F)F,273.0,101.325,ElectricalConductivity,0.031000003,0.03352585,0.0025258474,test,Random point,Point,C,Electrical conductivity multi-split parity plot,True
4869,1-ethyl-3-methylimidazolium chloride,CC[n+]1ccn(C)c1.[Cl-],428.1,101.325,ElectricalConductivity,7.3800015,8.130593,0.75059175,test,Random point,Point,C,Electrical conductivity multi-split parity plot,True
383,1-ethyl-3-methylimidazolium acetate,CC(=O)[O-].CC[n+]1ccn(C)c1,293.15,101.325,ElectricalConductivity,0.22199999,0.23571137,0.013711378,test,Random point,Point,C,Electrical conductivity multi-split parity plot,True
5041,1-(methoxymethyl)-3-methylimidazolium bis((trifluoromethyl)sulfonyl)amide,COC[n+]1ccn(C)c1.O=S(=O)([N-]S(=O)(=O)C(F)(F)F)C(F)(F)F,323.15,101.325,ElectricalConductivity,0.75899994,0.7286316,0.030368328,test,Random point,Point,C,Electrical conductivity multi-split parity plot,True
1546,1-methyl-3-octylimidazolium tricyanomethanide,CCCCCCCCn1cc[n+](C)c1.N#C[C-](C#N)C#N,273.2,100.0,ElectricalConductivity,0.033000004,0.034225713,0.0012257099,test,Random point,Point,C,Electrical conductivity multi-split parity plot,True
5093,1-butyl-3-methylimidazolium methylsulfate,COS(=O)(=O)[O-].C(CCC)N1C=[N+](C=C1)C,338.2,101.325,ElectricalConductivity,0.867,0.8412278,0.025772154,test,Random point,Point,C,Electrical conductivity multi-split parity plot,True
5100,tributylmethylphosphonium methylsulfate,COS(=O)(=O)[O-].C(CCC)[P+](C)(CCCC)CCCC,303.15,101.325,ElectricalConductivity,0.015800003,0.015113096,0.0006869072,test,Random point,Point,C,Electrical conductivity multi-split parity plot,True
233,"N-ethyl-N,N-dimethylprop-2-en-1-aminium trifluoroacetate",C=CC[N+](C)(C)CC.O=C([O-])C(F)(F)F,328.0,101.325,ElectricalConductivity,1.089,1.1966739,0.10767388,test,Random point,Point,C,Electrical conductivity multi-split parity plot,True
3088,1-butyl-3-methylimidazolium hexafluorophosphate,CCCC[n+]1ccn(C)c1.F[P-](F)(F)(F)(F)F,368.15,101.325,ElectricalConductivity,1.8250002,1.8574142,0.03241408,test,Random point,Point,C,Electrical conductivity multi-split parity plot,True
5237,3-(3-cyanopropyl)-1-methylimidazolium bis(fluorosulfonyl)amide,C[n+]1ccn(CCCC#N)c1.O=S(=O)(F)[N-]S(=O)(=O)F,313.15,101.0,ElectricalConductivity,0.377,0.37192094,0.005079061,test,Random point,Point,C,Electrical conductivity multi-split parity plot,True
131,1-ethyl-3-methylimidazolium ethylsulfate,C(C)OS(=O)(=O)[O-].C(C)N1C=[N+](C=C1)C,388.1,101.325,ElectricalConductivity,4.1500006,4.130827,0.019173622,test,Random point,Point,C,Electrical conductivity multi-split parity plot,True
3431,1-butyl-3-methylimidazolium bis(trifluoromethylsulfonyl)imide,CCCC[n+]1ccn(C)c1.O=S(=O)([N-]S(=O)(=O)C(F)(F)F)C(F)(F)F,253.0,101.325,ElectricalConductivity,0.038,0.029765775,0.008234223,test,Random point,Point,C,Electrical conductivity multi-split parity plot,True
3900,"N,N-diethylpropan-1-aminium trifluoromethanesulfonate",CCC[NH+](CC)CC.O=S(=O)([O-])C(F)(F)F,323.0,101.325,ElectricalConductivity,0.71,0.74121505,0.031215072,test,Random point,Point,C,Electrical conductivity multi-split parity plot,True
3800,3-butyl-1-methylimidazolium benzoate,CCCCn1cc[n+](C)c1.O=C([O-])c1ccccc1,308.15,101.325,ElectricalConductivity,0.02520001,0.028185807,0.0029857978,test,Random point,Point,C,Electrical conductivity multi-split parity plot,True
5307,2-methylpyridinium bis(trifluoromethanesulfonyl)imide,Cc1cccc[nH+]1.O=S(=O)([N-]S(=O)(=O)C(F)(F)F)C(F)(F)F,298.85,101.325,ElectricalConductivity,0.33700007,0.38830435,0.05130428,test,Random point,Point,C,Electrical conductivity multi-split parity plot,True
5565,triethylammonium dihydrogenphosphate,P(=O)(O)(O)[O-].C(C)[NH+](CC)CC,358.1,101.325,ElectricalConductivity,0.09200001,0.07364764,0.018352367,test,Random point,Point,C,Electrical conductivity multi-split parity plot,True
2955,1-butyl-3-methylimidazolium hexafluorophosphate,CCCC[n+]1ccn(C)c1.F[P-](F)(F)(F)(F)F,293.5,101.325,ElectricalConductivity,0.12,0.12109032,0.0010903254,test,Random point,Point,C,Electrical conductivity multi-split parity plot,True
3858,N-butylimidazolium trifluoroacetate,CCCCn1cc[nH+]c1.O=C([O-])C(F)(F)F,348.0,101.325,ElectricalConductivity,0.61,0.60614413,0.003855884,test,Random point,Point,C,Electrical conductivity multi-split parity plot,True
4016,1-propyl-3-methylimidazolium thiocyanate,CCC[n+]1ccn(C)c1.N#C[S-],298.15,101.325,ElectricalConductivity,0.7429999,0.74448174,0.0014818311,test,Random point,Point,C,Electrical conductivity multi-split parity plot,True
1845,1-hexyl-3-methylimidazolium tetrafluoroborate,CCCCCC[n+]1ccn(C)c1.F[B-](F)(F)F,343.11,100.0,ElectricalConductivity,0.76329994,0.80621487,0.042914927,test,Random point,Point,C,Electrical conductivity multi-split parity plot,True
4407,1-ethyl-3-methylimidazolium 4-methylbenzenesulfonate,CC[n+]1ccn(C)c1.Cc1ccc(S(=O)(=O)[O-])cc1,278.1,101.325,ElectricalConductivity,0.0018600002,0.0051354053,0.0032754051,test,Random point,Point,C,Electrical conductivity multi-split parity plot,True
211,1-butyl-3-methylimidazolium hydrogencarbonate,C(O)([O-])=O.C(CCC)N1C=[N+](C=C1)C,313.15,101.325,ElectricalConductivity,0.55700004,0.56778246,0.010782421,test,Random point,Point,C,Electrical conductivity multi-split parity plot,True
3475,1-butyl-3-methylimidazolium bis(trifluoromethylsulfonyl)imide,CCCC[n+]1ccn(C)c1.O=S(=O)([N-]S(=O)(=O)C(F)(F)F)C(F)(F)F,323.15,100.0,ElectricalConductivity,0.91,0.9227631,0.012763083,test,Random point,Point,C,Electrical conductivity multi-split parity plot,True
1302,"3,5-dimethyl-1-octylpyridinium bis(trifluoromethylsulfonyl)amide",CCCCCCCC[n+]1cc(C)cc(C)c1.O=S(=O)([N-]S(=O)(=O)C(F)(F)F)C(F)(F)F,353.15,101.325,ElectricalConductivity,0.577,0.51323617,0.06376386,test,Random point,Point,C,Electrical conductivity multi-split parity plot,True
2538,"1-butyl-3,5-dimethylpyridinium bis(trifluoromethylsulfonyl)amide",CCCC[n+]1cc(C)cc(C)c1.O=S(=O)([N-]S(=O)(=O)C(F)(F)F)C(F)(F)F,303.15,101.325,ElectricalConductivity,0.24900001,0.26697844,0.01797843,test,Random point,Point,C,Electrical conductivity multi-split parity plot,True
5305,2-methylpyridinium trifluoroacetate,Cc1cccc[nH+]1.O=C([O-])C(F)(F)F,312.45,101.325,ElectricalConductivity,0.51,0.5664458,0.056445837,test,Random point,Point,C,Electrical conductivity multi-split parity plot,True
3637,1-butyl-3-methylimidazolium iodide,CCCC[n+]1ccn(C)c1.[I-],349.0,101.325,ElectricalConductivity,1.2000002,1.1785524,0.021447778,test,Random point,Point,C,Electrical conductivity multi-split parity plot,True
2643,1-butyl-3-methylpyridinium dicyanamide,CCCC[n+]1cccc(C)c1.N#C[N-]C#N,298.15,101.325,ElectricalConductivity,0.83800006,0.9047141,0.06671405,test,Random point,Point,C,Electrical conductivity multi-split parity plot,True
2354,butyltrimethylammonium bis(trifluoromethylsulfonyl)imide,CCCC[N+](C)(C)C.O=S(=O)([N-]S(=O)(=O)C(F)(F)F)C(F)(F)F,263.1,101.325,ElectricalConductivity,0.020500008,0.020627106,0.00012709759,test,Random point,Point,C,Electrical conductivity multi-split parity plot,True
2926,1-butyl-3-methylimidazolium tetrafluoroborate,CCCC[n+]1ccn(C)c1.F[B-](F)(F)F,438.15,101.325,ElectricalConductivity,8.290003,8.679815,0.38981247,test,Random point,Point,C,Electrical conductivity multi-split parity plot,True
4868,1-ethyl-3-methylimidazolium chloride,CC[n+]1ccn(C)c1.[Cl-],378.1,101.325,ElectricalConductivity,3.3899994,3.4212332,0.031233788,test,Random point,Point,C,Electrical conductivity multi-split parity plot,True
4835,1-ethyl-3-methylimidazolium trifluoromethanesulfonate,CC[n+]1ccn(C)c1.O=S(=O)([O-])C(F)(F)F,347.35,101.325,ElectricalConductivity,2.98,2.93661,0.043390036,test,Random point,Point,C,Electrical conductivity multi-split parity plot,True
4712,1-ethyl-3-methyl-1H-imidazolium bis(fluorosulfonyl)amide,CC[n+]1ccn(C)c1.O=S(=O)(F)[N-]S(=O)(=O)F,278.0,101.0,ElectricalConductivity,0.88,0.98268425,0.10268426,test,Random point,Point,C,Electrical conductivity multi-split parity plot,True
4720,1-ethyl-3-methyl-1H-imidazolium bis(fluorosulfonyl)amide,CC[n+]1ccn(C)c1.O=S(=O)(F)[N-]S(=O)(=O)F,318.0,100.0,ElectricalConductivity,2.5699995,2.7886207,0.21862125,test,Random point,Point,C,Electrical conductivity multi-split parity plot,True
2902,1-butyl-3-methylimidazolium tetrafluoroborate,CCCC[n+]1ccn(C)c1.F[B-](F)(F)F,348.13,100.0,ElectricalConductivity,1.618,1.8190838,0.20108378,test,Random point,Point,C,Electrical conductivity multi-split parity plot,True
5572,1-methyl-3-pentylimidazolium dihydrogenphosphate,P(=O)(O)(O)[O-].CN1C=[N+](C=C1)CCCCC,303.15,101.325,ElectricalConductivity,0.29,0.32844293,0.03844294,test,Random point,Point,C,Electrical conductivity multi-split parity plot,True
3436,1-butyl-3-methylimidazolium bis(trifluoromethylsulfonyl)imide,CCCC[n+]1ccn(C)c1.O=S(=O)([N-]S(=O)(=O)C(F)(F)F)C(F)(F)F,288.14,101.0,ElectricalConductivity,0.262,0.28299105,0.020991057,test,Random point,Point,C,Electrical conductivity multi-split parity plot,True
1977,1-hexyl-3-methylimidazolium bis[(trifluoromethyl)sulfonyl]imide,CCCCCC[n+]1ccn(C)c1.O=S(=O)([N-]S(=O)(=O)C(F)(F)F)C(F)(F)F,303.15,101.325,ElectricalConductivity,0.27049997,0.28057075,0.010070771,test,Random point,Point,C,Electrical conductivity multi-split parity plot,True
2476,butylammonium formate,CCCC[NH3+].O=C[O-],298.1,101.325,ElectricalConductivity,0.31,0.29738376,0.012616247,test,Random point,Point,C,Electrical conductivity multi-split parity plot,True
5568,1-butyl-3-methylimidazolium dihydrogenphosphate,P(=O)(O)(O)[O-].C(CCC)N1C=[N+](C=C1)C,333.15,101.325,ElectricalConductivity,0.965,0.98315376,0.018153787,test,Random point,Point,C,Electrical conductivity multi-split parity plot,True
5244,3-(3-cyanopropyl)-1-methylimidazolium trifluoromethanesulfonate,C[n+]1ccn(CCCC#N)c1.O=S(=O)([O-])C(F)(F)F,323.15,101.0,ElectricalConductivity,0.16100001,0.17698704,0.015987024,test,Random point,Point,C,Electrical conductivity multi-split parity plot,True
448,1-methylimidazolium acetate,CC(=O)[O-].Cn1cc[nH+]c1,323.11,101.325,ElectricalConductivity,0.37599996,0.38377327,0.00777331,test,Random point,Point,C,Electrical conductivity multi-split parity plot,True
3269,1-butyl-3-methylimidazolium tricyanomethane,CCCC[n+]1ccn(C)c1.N#C[C-](C#N)C#N,185.2,100.0,ElectricalConductivity,8.7485574e-13,-1.1201413e-09,1.1210162e-09,test,Random point,Point,C,Electrical conductivity multi-split parity plot,False
3659,"1-butyl-2,3-dimethylimidazolium azide",CCCC[n+]1ccn(C)c1C.[N-]=[N+]=[N-],348.15,101.0,ElectricalConductivity,0.756,0.77000576,0.01400578,test,Random point,Point,C,Electrical conductivity multi-split parity plot,True
2626,1-butyl-3-methylpyridinium tetrafluoroborate,CCCC[n+]1cccc(C)c1.F[B-](F)(F)F,293.15,101.0,ElectricalConductivity,0.1549,0.1500605,0.004839495,test,Random point,Point,C,Electrical conductivity multi-split parity plot,True
1540,1-methyl-3-octylimidazolium tricyanomethanide,CCCCCCCCn1cc[n+](C)c1.N#C[C-](C#N)C#N,193.2,100.0,ElectricalConductivity,6.789236e-12,-8.314114e-10,8.382006e-10,test,Random point,Point,C,Electrical conductivity multi-split parity plot,False
3646,"1-butyl-2,3-dimethylimidazolium tetrafluoroborate",CCCC[n+]1ccn(C)c1C.F[B-](F)(F)F,308.15,101.0,ElectricalConductivity,0.106,0.10694923,0.00094923377,test,Random point,Point,C,Electrical conductivity multi-split parity plot,True
3867,N-butylimidazolium trifluoromethanesulfonate,CCCCn1cc[nH+]c1.O=S(=O)([O-])C(F)(F)F,398.0,101.325,ElectricalConductivity,1.9799998,1.9114294,0.068570375,test,Random point,Point,C,Electrical conductivity multi-split parity plot,True
5524,diethanolammonium formate,O=C[O-].OCC[NH2+]CCO,298.15,101.325,ElectricalConductivity,0.09731998,0.0705052,0.026814781,test,Random point,Point,C,Electrical conductivity multi-split parity plot,True
1872,1-hexyl-3-methylimidazolium hexafluorophosphate,CCCCCC[n+]1ccn(C)c1.F[P-](F)(F)(F)(F)F,313.16,100.0,ElectricalConductivity,0.12839998,0.12837644,2.3543835e-05,test,Random point,Point,C,Electrical conductivity multi-split parity plot,True
5141,"2-hydroxy-N,N,N-trimethylethanaminium (S)-2-hydroxypropanoate",C[C@H](O)C(=O)[O-].C[N+](C)(C)CCO,323.15,101.325,ElectricalConductivity,0.10939999,0.106979914,0.0024200752,test,Random point,Point,C,Electrical conductivity multi-split parity plot,True
4474,1-ethyl-3-methylimidazolium tetrafluoroborate,CC[n+]1ccn(C)c1.F[B-](F)(F)F,383.1,101.325,ElectricalConductivity,7.815001,8.415854,0.60085344,test,Random point,Point,C,Electrical conductivity multi-split parity plot,True
4852,1-ethyl-3-methylimidazolium bromide,CC[n+]1ccn(C)c1.[Br-],390.0,101.325,ElectricalConductivity,5.0800014,4.763812,0.3161893,test,Random point,Point,C,Electrical conductivity multi-split parity plot,True
5241,"3-(3-cyanopropyl)-1-methylimidazolium 1,1,1-trifluoro-N-[(trifluoromethyl)sulfonyl]methanesulfonamide",C[n+]1ccn(CCCC#N)c1.O=S(=O)([N-]S(=O)(=O)C(F)(F)F)C(F)(F)F,372.49,101.325,ElectricalConductivity,1.751,2.1320314,0.3810314,test,Random point,Point,C,Electrical conductivity multi-split parity plot,True
236,"N-ethyl-N,N-dimethylprop-2-en-1-aminium trifluoromethanesulfonate",C=CC[N+](C)(C)CC.O=S(=O)([O-])C(F)(F)F,318.0,101.325,ElectricalConductivity,0.50400007,0.48868752,0.015312552,test,Random point,Point,C,Electrical conductivity multi-split parity plot,True
181,1-ethyl-3-methylimidazolium octylsulfate,C(CCCCCCC)OS(=O)(=O)[O-].C(C)N1C=[N+](C=C1)C,323.1,101.325,ElectricalConductivity,0.153,0.15251537,0.00048463047,test,Random point,Point,C,Electrical conductivity multi-split parity plot,True
4266,tetraethylammonium difluorobis(trifluoroacetato)borate,CC[N+](CC)(CC)CC.O=C(O[B-](F)(F)OC(=O)C(F)(F)F)C(F)(F)F,313.15,101.325,ElectricalConductivity,0.7279001,0.7339483,0.0060482025,test,Random point,Point,C,Electrical conductivity multi-split parity plot,True
3273,1-butyl-3-methylimidazolium tricyanomethane,CCCC[n+]1ccn(C)c1.N#C[C-](C#N)C#N,205.2,100.0,ElectricalConductivity,8.900002e-07,6.940401e-07,1.9596007e-07,test,Random point,Point,C,Electrical conductivity multi-split parity plot,True
4310,triethyl(2-(methylthio)ethyl)phosphonium bis(fluorosulfonyl)amide,CC[P+](CC)(CC)CCSC.O=S(=O)(F)[N-]S(=O)(=O)F,293.0,100.0,ElectricalConductivity,0.18299997,0.23594199,0.052942023,test,Random point,Point,C,Electrical conductivity multi-split parity plot,True
3377,1-butyl-3-methylimidazolium dicyanamide,CCCC[n+]1ccn(C)c1.N#C[N-]C#N,418.15,101.325,ElectricalConductivity,10.120001,9.691468,0.4285326,test,Random point,Point,C,Electrical conductivity multi-split parity plot,True
5619,"2,3-dimethyl-1-pentylimidazolium hydrogensulfate",S(=O)(=O)(O)[O-].CC=1N(C=C[N+]1C)CCCCC,308.15,101.325,ElectricalConductivity,0.145,0.15198125,0.0069812536,test,Random point,Point,C,Electrical conductivity multi-split parity plot,True
235,"N-ethyl-N,N-dimethylprop-2-en-1-aminium bis((trifluoromethyl)sulfonyl)amide",C=CC[N+](C)(C)CC.O=S(=O)([N-]S(=O)(=O)C(F)(F)F)C(F)(F)F,308.0,101.325,ElectricalConductivity,0.511,0.5230661,0.012066126,test,Random point,Point,C,Electrical conductivity multi-split parity plot,True
4386,1-ethyl-3-methylimidazolium methanesulfonate,CC[n+]1ccn(C)c1.CS(=O)(=O)[O-],308.15,101.325,ElectricalConductivity,0.43509996,0.44292003,0.00782007,test,Random point,Point,C,Electrical conductivity multi-split parity plot,True
4950,1-ethyl-3-methylimidazolium difluoromono(malonato)borate,CCn1cc[n+](C)c1.O=C1CC(=O)O[B-](F)(F)O1,323.15,101.325,ElectricalConductivity,1.0396,1.061895,0.022294998,test,Random point,Point,C,Electrical conductivity multi-split parity plot,True
3025,1-butyl-3-methylimidazolium hexafluorophosphate,CCCC[n+]1ccn(C)c1.F[P-](F)(F)(F)(F)F,337.0,101.325,ElectricalConductivity,0.7399999,0.7534273,0.013427436,test,Random point,Point,C,Electrical conductivity multi-split parity plot,True
4418,1-ethyl-3-methylimidazolium 4-methylbenzenesulfonate,CC[n+]1ccn(C)c1.Cc1ccc(S(=O)(=O)[O-])cc1,368.15,101.325,ElectricalConductivity,1.1730001,1.1218313,0.0511688,test,Random point,Point,C,Electrical conductivity multi-split parity plot,True
4384,1-ethyl-3-methylimidazolium methanesulfonate,CC[n+]1ccn(C)c1.CS(=O)(=O)[O-],298.15,101.325,ElectricalConductivity,0.2631,0.27183372,0.00873372,test,Random point,Point,C,Electrical conductivity multi-split parity plot,True
1504,1-methyl-3-octylimidazolium tetrafluoroborate,CCCCCCCCn1cc[n+](C)c1.F[B-](F)(F)F,308.0,101.0,ElectricalConductivity,0.106999986,0.10053873,0.0064612553,test,Random point,Point,C,Electrical conductivity multi-split parity plot,True
3270,1-butyl-3-methylimidazolium tricyanomethane,CCCC[n+]1ccn(C)c1.N#C[C-](C#N)C#N,193.2,100.0,ElectricalConductivity,5.9000005e-10,4.254563e-09,3.6645629e-09,test,Random point,Point,C,Electrical conductivity multi-split parity plot,True
5577,1-methyl-3-propylimidazolium dihydrogenphosphate,P(=O)(O)(O)[O-].CN1C=[N+](C=C1)CCC,293.15,101.325,ElectricalConductivity,0.53599995,0.5897959,0.053795934,test,Random point,Point,C,Electrical conductivity multi-split parity plot,True
3393,1-butyl-3-methylimidazolium glycinate,CCCC[n+]1ccn(C)c1.NCC(=O)[O-],308.15,101.325,ElectricalConductivity,0.012199992,0.013136902,0.0009369096,test,Random point,Point,C,Electrical conductivity multi-split parity plot,True
4518,1-ethyl-3-methyl-1H-imidazolium tricyanomethanide,CC[n+]1ccn(C)c1.N#C[C-](C#N)C#N,323.0,101.325,ElectricalConductivity,1.73,2.418758,0.6887579,test,Random point,Point,C,Electrical conductivity multi-split parity plot,True
3865,3-butyl-1H-imidazol-3-ium bis((trifluoromethyl)sulfonyl)amide,CCCCn1cc[nH+]c1.O=S(=O)([N-]S(=O)(=O)C(F)(F)F)C(F)(F)F,424.25,101.325,ElectricalConductivity,1.2929999,1.2783598,0.014640093,test,Random point,Point,C,Electrical conductivity multi-split parity plot,True
3000,1-butyl-3-methylimidazolium hexafluorophosphate,CCCC[n+]1ccn(C)c1.F[P-](F)(F)(F)(F)F,318.15,100.0,ElectricalConductivity,0.36199996,0.37160847,0.009608507,test,Random point,Point,C,Electrical conductivity multi-split parity plot,True
2121,"1-hexyl-2,3-dimethylimidazolium bis[(trifluoromethyl)sulfonyl]imide",CCCCCC[n+]1ccn(C)c1C.O=S(=O)([N-]S(=O)(=O)C(F)(F)F)C(F)(F)F,318.15,101.0,ElectricalConductivity,0.319,0.29818013,0.020819873,test,Random point,Point,C,Electrical conductivity multi-split parity plot,True
1605,1-methyl-3-octylimidazolium bis(trifluoromethylsulfonyl)imide,CCCCCCCCn1cc[n+](C)c1.O=S(=O)([N-]S(=O)(=O)C(F)(F)F)C(F)(F)F,353.15,101.325,ElectricalConductivity,0.79999995,0.81298286,0.012982905,test,Random point,Point,C,Electrical conductivity multi-split parity plot,True
4718,1-ethyl-3-methyl-1H-imidazolium bis(fluorosulfonyl)amide,CC[n+]1ccn(C)c1.O=S(=O)(F)[N-]S(=O)(=O)F,313.0,101.0,ElectricalConductivity,2.35,2.5270736,0.17707372,test,Random point,Point,C,Electrical conductivity multi-split parity plot,True
1844,1-hexyl-3-methylimidazolium tetrafluoroborate,CCCCCC[n+]1ccn(C)c1.F[B-](F)(F)F,338.13,100.0,ElectricalConductivity,0.6541,0.6935647,0.039464712,test,Random point,Point,C,Electrical conductivity multi-split parity plot,True
4437,1-ethyl-3-methylimidazolium tetrafluoroborate,CC[n+]1ccn(C)c1.F[B-](F)(F)F,290.7,101.325,ElectricalConductivity,1.0700002,1.1892841,0.119283915,test,Random point,Point,C,Electrical conductivity multi-split parity plot,True
3772,1-butyl-3-methyl-1H-imidazol-3-ium trifluoro(4-fluorophenyl)borate,CCCCn1cc[n+](C)c1.Fc1ccc([B-](F)(F)F)cc1,343.05,101.325,ElectricalConductivity,0.943,0.91342187,0.02957815,test,Random point,Point,C,Electrical conductivity multi-split parity plot,True
943,trihexyltetradecylphosphonium nonafluorobutanesulfonate,CCCCCCCCCCCCCC[P+](CCCCCC)(CCCCCC)CCCCCC.O=S(=O)([O-])C(F)(F)C(F)(F)C(F)(F)C(F)(F)F,353.4,101.325,ElectricalConductivity,0.0273,0.023951182,0.003348818,test,Random point,Point,C,Electrical conductivity multi-split parity plot,True
4296,ethylammonium nitrate,CC[NH3+].O=[N+]([O-])[O-],314.532,101.325,ElectricalConductivity,3.6341,3.9990976,0.36499763,test,Random point,Point,C,Electrical conductivity multi-split parity plot,True
314,1-hexylpyridinium acetate,CC(=O)[O-].CCCCCC[n+]1ccccc1,323.15,101.325,ElectricalConductivity,0.02098,0.024006868,0.0030268673,test,Random point,Point,C,Electrical conductivity multi-split parity plot,True
262,1-allyl-3-methylimidazolium chloride,C=CC[n+]1ccn(C)c1.[Cl-],308.0,101.0,ElectricalConductivity,0.498,0.53722066,0.03922066,test,Random point,Point,C,Electrical conductivity multi-split parity plot,True
5554,"1,3-dibenzyl-1H-imidazol-3-ium bis((trifluoromethyl)sulfonyl)amide",O=S(=O)([N-]S(=O)(=O)C(F)(F)F)C(F)(F)F.c1ccc(Cn2cc[n+](Cc3ccccc3)c2)cc1,298.15,101.325,ElectricalConductivity,0.023800006,0.12122574,0.09742573,test,Random point,Point,C,Electrical conductivity multi-split parity plot,True
1286,tributyloctylphosphonium tris(pentafluoroethyl)trifluorophosphate,CCCCCCCC[P+](CCCC)(CCCC)CCCC.FC(F)(F)C(F)(F)[P-](F)(F)(F)(C(F)(F)C(F)(F)F)C(F)(F)C(F)(F)F,318.6,101.325,ElectricalConductivity,0.063,0.05597231,0.0070276894,test,Random point,Point,C,Electrical conductivity multi-split parity plot,True
802,1-hexadecyl-3-methylimidazolium tetrafluoroborate,CCCCCCCCCCCCCCCC[n+]1ccn(C)c1.F[B-](F)(F)F,355.1,101.325,ElectricalConductivity,0.171,0.19402319,0.023023188,test,Random point,Point,C,Electrical conductivity multi-split parity plot,True
2141,1-hexyl-3-methylimidazolium tris(pentafluoroethyl)trifluorophosphate,CCCCCCn1cc[n+](C)c1.FC(F)(F)C(F)(F)[P-](F)(F)(F)(C(F)(F)C(F)(F)F)C(F)(F)C(F)(F)F,293.15,101.325,ElectricalConductivity,0.13029999,0.14226869,0.011968702,test,Random point,Point,C,Electrical conductivity multi-split parity plot,True
2120,"1-hexyl-2,3-dimethylimidazolium bis[(trifluoromethyl)sulfonyl]imide",CCCCCC[n+]1ccn(C)c1C.O=S(=O)([N-]S(=O)(=O)C(F)(F)F)C(F)(F)F,303.15,101.0,ElectricalConductivity,0.1577,0.1587453,0.0010453016,test,Random point,Point,C,Electrical conductivity multi-split parity plot,True
3784,1-butyl-3-methyl-1H-imidazol-3-ium trifluoro(2-fluorophenyl)borate,CCCCn1cc[n+](C)c1.Fc1ccccc1[B-](F)(F)F,343.05,101.325,ElectricalConductivity,0.943,0.90372384,0.039276183,test,Random point,Point,C,Electrical conductivity multi-split parity plot,True
903,trihexyltetradecylphosphonium heptadecafluorononanoate,CCCCCCCCCCCCCC[P+](CCCCCC)(CCCCCC)CCCCCC.O=C([O-])C(F)(F)C(F)(F)C(F)(F)C(F)(F)C(F)(F)C(F)(F)C(F)(F)C(F)(F)F,363.5,101.325,ElectricalConductivity,0.026099999,0.02599507,0.00010492839,test,Random point,Point,C,Electrical conductivity multi-split parity plot,True
1980,1-hexyl-3-methylimidazolium bis[(trifluoromethyl)sulfonyl]imide,CCCCCC[n+]1ccn(C)c1.O=S(=O)([N-]S(=O)(=O)C(F)(F)F)C(F)(F)F,308.15,101.0,ElectricalConductivity,0.32750002,0.34183788,0.0143378675,test,Random point,Point,C,Electrical conductivity multi-split parity plot,True
742,"N1-(2-ethylhexyl)ethane-1,2-diamine trifluoromethanesulfonate",CCCCC(CC)C[NH2+]CCN.O=S(=O)([O-])C(F)(F)F,298.15,101.325,ElectricalConductivity,0.010199999,0.009748437,0.000451562,test,Random point,Point,C,Electrical conductivity multi-split parity plot,True
2260,3-methyl-1-pentylimidazolium dicyanamide,CCCCC[n+]1ccn(C)c1.N#C[N-]C#N,318.15,101.3,ElectricalConductivity,1.4279999,1.437788,0.009788156,test,Random point,Point,C,Electrical conductivity multi-split parity plot,True
5563,triethylammonium dihydrogenphosphate,P(=O)(O)(O)[O-].C(C)[NH+](CC)CC,343.0,101.325,ElectricalConductivity,0.041400008,0.035744265,0.005655743,test,Random point,Point,C,Electrical conductivity multi-split parity plot,True
558,"tributyl(octyl)phosphonium 4,4-dimethyl-2,6-dioxocyclohexan-1-ide",CC1(C)CC([O-])=CC(=O)C1.CCCCCCCC[P+](CCCC)(CCCC)CCCC,308.153,101.325,ElectricalConductivity,0.0024399997,0.0022631441,0.0001768556,test,Random point,Point,C,Electrical conductivity multi-split parity plot,True
1324,1-octylpyridinium bis((trifluoromethyl)sulfonyl)amide,CCCCCCCC[n+]1ccccc1.O=S(=O)([N-]S(=O)(=O)C(F)(F)F)C(F)(F)F,303.0,101.325,ElectricalConductivity,0.091000006,0.12043496,0.029434957,test,Random point,Point,C,Electrical conductivity multi-split parity plot,True
4368,1-ethyl-2-methylpyridinium bis((trifluoromethyl)sulfonyl)amide,CC[n+]1ccccc1C.O=S(=O)([N-]S(=O)(=O)C(F)(F)F)C(F)(F)F,338.15,101.325,ElectricalConductivity,1.236,1.1413618,0.09463811,test,Random point,Point,C,Electrical conductivity multi-split parity plot,True
1293,"tributyl(octyl)phosphonium 1,3-dioxo-2,3-dihydro-1H-inden-2-ide",CCCCCCCC[P+](CCCC)(CCCC)CCCC.[O-]C1=CC(=O)c2ccccc21,318.162,101.325,ElectricalConductivity,0.0072799963,0.006706988,0.0005730083,test,Random point,Point,C,Electrical conductivity multi-split parity plot,True
3805,1-butyl-3-methylimidazolium difluoromono(oxalato)borate,CCCCn1cc[n+](C)c1.O=C1O[B-](F)(F)OC1=O,298.15,101.325,ElectricalConductivity,0.2976,0.30693617,0.009336174,test,Random point,Point,C,Electrical conductivity multi-split parity plot,True
3871,1-methyl-3-(2-propoxyethyl)imidazolium bis((trifluoromethyl)sulfonyl)amide,CCCOCCn1cc[n+](C)c1.O=S(=O)([N-]S(=O)(=O)C(F)(F)F)C(F)(F)F,303.15,101.325,ElectricalConductivity,0.35899997,0.36836898,0.009369016,test,Random point,Point,C,Electrical conductivity multi-split parity plot,True
1892,1-hexyl-3-methylimidazolium hexafluorophosphate,CCCCCC[n+]1ccn(C)c1.F[P-](F)(F)(F)(F)F,348.13,100.0,ElectricalConductivity,0.521,0.5320857,0.011085689,test,Random point,Point,C,Electrical conductivity multi-split parity plot,True
1011,3-dodecyl-1H-imidazol-3-ium bis((trifluoromethyl)sulfonyl)amide,CCCCCCCCCCCC[n+]1cc[nH]c1.O=S(=O)([N-]S(=O)(=O)C(F)(F)F)C(F)(F)F,515.35,101.325,ElectricalConductivity,0.776,0.68504953,0.09095049,test,Random point,Point,C,Electrical conductivity multi-split parity plot,True
3799,1-butyl-3-methyl-1H-imidazol-3-ium (3-cyanophenyl)trifluoroborate,CCCCn1cc[n+](C)c1.N#Cc1cccc([B-](F)(F)F)c1,352.54,101.325,ElectricalConductivity,0.8440001,0.8449442,0.00094407797,test,Random point,Point,C,Electrical conductivity multi-split parity plot,True
5339,1-(3-cyanopropyl)-3-methylimidazolium cyanocyanamide,Cn1cc[n+](CCCC#N)c1.N#C[N-]C#N,323.0,101.325,ElectricalConductivity,1.8510001,1.8726397,0.021639585,test,Random point,Point,C,Electrical conductivity multi-split parity plot,True
2854,1-butyl-3-methylimidazolium tetrafluoroborate,CCCC[n+]1ccn(C)c1.F[B-](F)(F)F,303.15,101.325,ElectricalConductivity,0.50846,0.4160005,0.0924595,test,Random point,Point,C,Electrical conductivity multi-split parity plot,True
906,trihexyltetradecylphosphonium nonafluoropentanoate,CCCCCCCCCCCCCC[P+](CCCCCC)(CCCCCC)CCCCCC.O=C([O-])C(F)(F)C(F)(F)C(F)(F)C(F)(F)F,358.6,101.325,ElectricalConductivity,0.0479,0.050599188,0.002699189,test,Random point,Point,C,Electrical conductivity multi-split parity plot,True
1288,tributyloctylphosphonium tris(pentafluoroethyl)trifluorophosphate,CCCCCCCC[P+](CCCC)(CCCC)CCCC.FC(F)(F)C(F)(F)[P-](F)(F)(F)(C(F)(F)C(F)(F)F)C(F)(F)C(F)(F)F,333.3,101.325,ElectricalConductivity,0.117999986,0.09555069,0.022449292,test,Random point,Point,C,Electrical conductivity multi-split parity plot,True
2262,3-methyl-1-pentylimidazolium dicyanamide,CCCCC[n+]1ccn(C)c1.N#C[N-]C#N,348.15,101.3,ElectricalConductivity,2.7640002,2.8894024,0.12540221,test,Random point,Point,C,Electrical conductivity multi-split parity plot,True
3870,1-methyl-3-(2-propoxyethyl)imidazolium bis((trifluoromethyl)sulfonyl)amide,CCCOCCn1cc[n+](C)c1.O=S(=O)([N-]S(=O)(=O)C(F)(F)F)C(F)(F)F,293.15,101.325,ElectricalConductivity,0.283,0.28210136,0.0008986294,test,Random point,Point,C,Electrical conductivity multi-split parity plot,True
5573,1-methyl-3-pentylimidazolium dihydrogenphosphate,P(=O)(O)(O)[O-].CN1C=[N+](C=C1)CCCCC,313.15,101.325,ElectricalConductivity,0.398,0.43588,0.037880003,test,Random point,Point,C,Electrical conductivity multi-split parity plot,True
2358,butyltrimethylammonium bis(trifluoromethylsulfonyl)imide,CCCC[N+](C)(C)C.O=S(=O)([N-]S(=O)(=O)C(F)(F)F)C(F)(F)F,283.1,101.325,ElectricalConductivity,0.093,0.090826534,0.0021734685,test,Random point,Point,C,Electrical conductivity multi-split parity plot,True
569,3-butyl-1-methyl-1H-imidazolium propanoate,CCC(=O)[O-].CCCCn1cc[n+](C)c1,333.15,101.325,ElectricalConductivity,0.3057,0.30715182,0.0014518201,test,Random point,Point,C,Electrical conductivity multi-split parity plot,True
5234,1-butyronitrile-3-methylimidazolium tetrafluoroborate,C[n+]1ccn(CCCC#N)c1.F[B-](F)(F)F,293.0,101.325,ElectricalConductivity,0.019999998,0.082848415,0.06284842,test,Random point,Point,C,Electrical conductivity multi-split parity plot,True
2508,"tributyl(3,3,4,4,5,5,6,6,7,7,8,8,8-tridecafluorooctyl)phosphonium tris(perfluoroethyl)trifluorophosphate",CCCC[P+](CCCC)(CCCC)CCC(F)(F)C(F)(F)C(F)(F)C(F)(F)C(F)(F)C(F)(F)F.FC(F)(F)C(F)(F)[P-](F)(F)(F)(C(F)(F)C(F)(F)F)C(F)(F)C(F)(F)F,328.6,101.325,ElectricalConductivity,0.057,0.05652367,0.00047633052,test,Random point,Point,C,Electrical conductivity multi-split parity plot,True
3765,1-butyl-3-methyl-1H-imidazol-3-ium trifluoro(4-(trifluoromethyl)phenyl)borate,CCCCn1cc[n+](C)c1.F[B-](F)(F)c1ccc(C(F)(F)F)cc1,327.95,101.325,ElectricalConductivity,0.385,0.3556142,0.029385805,test,Random point,Point,C,Electrical conductivity multi-split parity plot,True
3488,1-butyl-3-methylimidazolium bis(trifluoromethylsulfonyl)imide,CCCC[n+]1ccn(C)c1.O=S(=O)([N-]S(=O)(=O)C(F)(F)F)C(F)(F)F,351.15,101.325,ElectricalConductivity,1.8990002,1.763452,0.13554811,test,Random point,Point,C,Electrical conductivity multi-split parity plot,True
2725,(R)-1-(1-phenylethyl)-3-butylimidazolium tetrafluoroborate,CCCCn1cc[n+]([C@H](C)c2ccccc2)c1.F[B-](F)(F)F,296.1,101.325,ElectricalConductivity,0.10999999,0.07763058,0.032369412,test,Random IL,IL,C,Electrical conductivity multi-split parity plot,True
203,"1,3-dimethylimidazolium acetate",CC(=O)[O-].Cn1cc[n+](C)c1,293.15,101.325,ElectricalConductivity,0.275,0.1971965,0.07780351,test,Random IL,IL,C,Electrical conductivity multi-split parity plot,True
204,"1,3-dimethylimidazolium acetate",CC(=O)[O-].Cn1cc[n+](C)c1,295.16,101.325,ElectricalConductivity,0.279,0.21043934,0.068560675,test,Random IL,IL,C,Electrical conductivity multi-split parity plot,True
205,"1,3-dimethylimidazolium acetate",CC(=O)[O-].Cn1cc[n+](C)c1,298.15,101.325,ElectricalConductivity,0.286,0.23038816,0.05561185,test,Random IL,IL,C,Electrical conductivity multi-split parity plot,True
206,"1,3-dimethylimidazolium acetate",CC(=O)[O-].Cn1cc[n+](C)c1,303.09,101.325,ElectricalConductivity,0.29299998,0.2642038,0.028796196,test,Random IL,IL,C,Electrical conductivity multi-split parity plot,True
207,"1,3-dimethylimidazolium acetate",CC(=O)[O-].Cn1cc[n+](C)c1,308.13,101.325,ElectricalConductivity,0.305,0.30036,0.004640013,test,Random IL,IL,C,Electrical conductivity multi-split parity plot,True
208,"1,3-dimethylimidazolium acetate",CC(=O)[O-].Cn1cc[n+](C)c1,313.17,101.325,ElectricalConductivity,0.317,0.33910477,0.02210477,test,Random IL,IL,C,Electrical conductivity multi-split parity plot,True
209,"1,3-dimethylimidazolium acetate",CC(=O)[O-].Cn1cc[n+](C)c1,318.16,101.325,ElectricalConductivity,0.329,0.38114035,0.052140355,test,Random IL,IL,C,Electrical conductivity multi-split parity plot,True
210,"1,3-dimethylimidazolium acetate",CC(=O)[O-].Cn1cc[n+](C)c1,323.11,101.325,ElectricalConductivity,0.34,0.42767647,0.087676466,test,Random IL,IL,C,Electrical conductivity multi-split parity plot,True
211,"1,3-dimethylimidazolium acetate",CC(=O)[O-].Cn1cc[n+](C)c1,328.14,101.325,ElectricalConductivity,0.349,0.48120964,0.13220963,test,Random IL,IL,C,Electrical conductivity multi-split parity plot,True
212,"1,3-dimethylimidazolium acetate",CC(=O)[O-].Cn1cc[n+](C)c1,330.09,101.325,ElectricalConductivity,0.351,0.50394666,0.15294665,test,Random IL,IL,C,Electrical conductivity multi-split parity plot,True
213,"1,3-dimethylimidazolium acetate",CC(=O)[O-].Cn1cc[n+](C)c1,333.16,101.325,ElectricalConductivity,0.35599998,0.54227453,0.18627456,test,Random IL,IL,C,Electrical conductivity multi-split parity plot,True
214,"1,3-dimethylimidazolium acetate",CC(=O)[O-].Cn1cc[n+](C)c1,335.05,101.325,ElectricalConductivity,0.35899997,0.56752956,0.20852959,test,Random IL,IL,C,Electrical conductivity multi-split parity plot,True
215,"1,3-dimethylimidazolium acetate",CC(=O)[O-].Cn1cc[n+](C)c1,338.14,101.325,ElectricalConductivity,0.36399996,0.6117717,0.24777174,test,Random IL,IL,C,Electrical conductivity multi-split parity plot,True
4409,1-(2-hydroxyethyl)-3-methylimidazolium nonafluoro-1-butanesulfonate,Cn1cc[n+](CCO)c1.O=S(=O)([O-])C(F)(F)C(F)(F)C(F)(F)C(F)(F)F,283.15,101.325,ElectricalConductivity,0.013100001,0.01328824,0.00018823892,test,Random IL,IL,C,Electrical conductivity multi-split parity plot,True
4410,1-(2-hydroxyethyl)-3-methylimidazolium nonafluoro-1-butanesulfonate,Cn1cc[n+](CCO)c1.O=S(=O)([O-])C(F)(F)C(F)(F)C(F)(F)C(F)(F)F,288.15,101.325,ElectricalConductivity,0.019199999,0.022287622,0.003087623,test,Random IL,IL,C,Electrical conductivity multi-split parity plot,True
4411,1-(2-hydroxyethyl)-3-methylimidazolium nonafluoro-1-butanesulfonate,Cn1cc[n+](CCO)c1.O=S(=O)([O-])C(F)(F)C(F)(F)C(F)(F)C(F)(F)F,293.15,101.325,ElectricalConductivity,0.027800001,0.03596665,0.008166648,test,Random IL,IL,C,Electrical conductivity multi-split parity plot,True
4412,1-(2-hydroxyethyl)-3-methylimidazolium nonafluoro-1-butanesulfonate,Cn1cc[n+](CCO)c1.O=S(=O)([O-])C(F)(F)C(F)(F)C(F)(F)C(F)(F)F,298.15,101.0,ElectricalConductivity,0.032999996,0.05578064,0.022780646,test,Random IL,IL,C,Electrical conductivity multi-split parity plot,True
4413,1-(2-hydroxyethyl)-3-methylimidazolium nonafluoro-1-butanesulfonate,Cn1cc[n+](CCO)c1.O=S(=O)([O-])C(F)(F)C(F)(F)C(F)(F)C(F)(F)F,298.15,101.325,ElectricalConductivity,0.038499996,0.055779602,0.017279606,test,Random IL,IL,C,Electrical conductivity multi-split parity plot,True
4414,1-(2-hydroxyethyl)-3-methylimidazolium nonafluoro-1-butanesulfonate,Cn1cc[n+](CCO)c1.O=S(=O)([O-])C(F)(F)C(F)(F)C(F)(F)C(F)(F)F,303.15,101.325,ElectricalConductivity,0.054,0.083007686,0.029007684,test,Random IL,IL,C,Electrical conductivity multi-split parity plot,True
4415,1-(2-hydroxyethyl)-3-methylimidazolium nonafluoro-1-butanesulfonate,Cn1cc[n+](CCO)c1.O=S(=O)([O-])C(F)(F)C(F)(F)C(F)(F)C(F)(F)F,308.15,101.325,ElectricalConductivity,0.070999995,0.11850714,0.047507145,test,Random IL,IL,C,Electrical conductivity multi-split parity plot,True
4416,1-(2-hydroxyethyl)-3-methylimidazolium nonafluoro-1-butanesulfonate,Cn1cc[n+](CCO)c1.O=S(=O)([O-])C(F)(F)C(F)(F)C(F)(F)C(F)(F)F,313.15,101.325,ElectricalConductivity,0.093,0.16262355,0.06962355,test,Random IL,IL,C,Electrical conductivity multi-split parity plot,True
4417,1-(2-hydroxyethyl)-3-methylimidazolium nonafluoro-1-butanesulfonate,Cn1cc[n+](CCO)c1.O=S(=O)([O-])C(F)(F)C(F)(F)C(F)(F)C(F)(F)F,318.15,101.325,ElectricalConductivity,0.11900001,0.21529785,0.09629784,test,Random IL,IL,C,Electrical conductivity multi-split parity plot,True
4418,1-(2-hydroxyethyl)-3-methylimidazolium nonafluoro-1-butanesulfonate,Cn1cc[n+](CCO)c1.O=S(=O)([O-])C(F)(F)C(F)(F)C(F)(F)C(F)(F)F,323.15,101.325,ElectricalConductivity,0.151,0.27626178,0.12526178,test,Random IL,IL,C,Electrical conductivity multi-split parity plot,True
4394,1-(2-hydroxyethyl)-3-methylimidazolium perfluoropentanoate,Cn1cc[n+](CCO)c1.O=C([O-])C(F)(F)C(F)(F)C(F)(F)C(F)(F)F,283.15,101.325,ElectricalConductivity,0.009399999,0.0043645957,0.005035403,test,Random IL,IL,C,Electrical conductivity multi-split parity plot,True
4395,1-(2-hydroxyethyl)-3-methylimidazolium perfluoropentanoate,Cn1cc[n+](CCO)c1.O=C([O-])C(F)(F)C(F)(F)C(F)(F)C(F)(F)F,288.15,101.325,ElectricalConductivity,0.0145,0.009785696,0.0047143036,test,Random IL,IL,C,Electrical conductivity multi-split parity plot,True
4396,1-(2-hydroxyethyl)-3-methylimidazolium perfluoropentanoate,Cn1cc[n+](CCO)c1.O=C([O-])C(F)(F)C(F)(F)C(F)(F)C(F)(F)F,293.15,101.325,ElectricalConductivity,0.021699995,0.019835256,0.0018647388,test,Random IL,IL,C,Electrical conductivity multi-split parity plot,True
4397,1-(2-hydroxyethyl)-3-methylimidazolium perfluoropentanoate,Cn1cc[n+](CCO)c1.O=C([O-])C(F)(F)C(F)(F)C(F)(F)C(F)(F)F,298.15,101.325,ElectricalConductivity,0.031499997,0.03610426,0.0046042614,test,Random IL,IL,C,Electrical conductivity multi-split parity plot,True
4398,1-(2-hydroxyethyl)-3-methylimidazolium perfluoropentanoate,Cn1cc[n+](CCO)c1.O=C([O-])C(F)(F)C(F)(F)C(F)(F)C(F)(F)F,303.15,101.325,ElectricalConductivity,0.045500003,0.059336197,0.013836194,test,Random IL,IL,C,Electrical conductivity multi-split parity plot,True
4399,1-(2-hydroxyethyl)-3-methylimidazolium perfluoropentanoate,Cn1cc[n+](CCO)c1.O=C([O-])C(F)(F)C(F)(F)C(F)(F)C(F)(F)F,308.15,101.325,ElectricalConductivity,0.063,0.08926748,0.026267476,test,Random IL,IL,C,Electrical conductivity multi-split parity plot,True
4400,1-(2-hydroxyethyl)-3-methylimidazolium perfluoropentanoate,Cn1cc[n+](CCO)c1.O=C([O-])C(F)(F)C(F)(F)C(F)(F)C(F)(F)F,313.15,101.325,ElectricalConductivity,0.08600001,0.1250215,0.039021492,test,Random IL,IL,C,Electrical conductivity multi-split parity plot,True
4401,1-(2-hydroxyethyl)-3-methylimidazolium perfluoropentanoate,Cn1cc[n+](CCO)c1.O=C([O-])C(F)(F)C(F)(F)C(F)(F)C(F)(F)F,318.15,101.325,ElectricalConductivity,0.114000015,0.1656357,0.05163569,test,Random IL,IL,C,Electrical conductivity multi-split parity plot,True
4402,1-(2-hydroxyethyl)-3-methylimidazolium perfluoropentanoate,Cn1cc[n+](CCO)c1.O=C([O-])C(F)(F)C(F)(F)C(F)(F)C(F)(F)F,323.15,101.325,ElectricalConductivity,0.148,0.21037726,0.06237726,test,Random IL,IL,C,Electrical conductivity multi-split parity plot,True
2742,1-(2-propoxyethyl)pyridinium bis((trifluoromethyl)sulfonyl)amide,CCCOCC[n+]1ccccc1.O=S(=O)([N-]S(=O)(=O)C(F)(F)F)C(F)(F)F,283.15,101.325,ElectricalConductivity,0.15900001,0.13363078,0.025369227,test,Random IL,IL,C,Electrical conductivity multi-split parity plot,True
2744,1-(2-propoxyethyl)pyridinium bis((trifluoromethyl)sulfonyl)amide,CCCOCC[n+]1ccccc1.O=S(=O)([N-]S(=O)(=O)C(F)(F)F)C(F)(F)F,293.15,101.325,ElectricalConductivity,0.22800003,0.19727583,0.030724198,test,Random IL,IL,C,Electrical conductivity multi-split parity plot,True
2746,1-(2-propoxyethyl)pyridinium bis((trifluoromethyl)sulfonyl)amide,CCCOCC[n+]1ccccc1.O=S(=O)([N-]S(=O)(=O)C(F)(F)F)C(F)(F)F,298.15,101.325,ElectricalConductivity,0.26099998,0.23260199,0.028397992,test,Random IL,IL,C,Electrical conductivity multi-split parity plot,True
2748,1-(2-propoxyethyl)pyridinium bis((trifluoromethyl)sulfonyl)amide,CCCOCC[n+]1ccccc1.O=S(=O)([N-]S(=O)(=O)C(F)(F)F)C(F)(F)F,303.15,101.325,ElectricalConductivity,0.29899997,0.2701159,0.028884053,test,Random IL,IL,C,Electrical conductivity multi-split parity plot,True
2750,1-(2-propoxyethyl)pyridinium bis((trifluoromethyl)sulfonyl)amide,CCCOCC[n+]1ccccc1.O=S(=O)([N-]S(=O)(=O)C(F)(F)F)C(F)(F)F,313.15,101.325,ElectricalConductivity,0.38099998,0.35195684,0.029043138,test,Random IL,IL,C,Electrical conductivity multi-split parity plot,True
2752,1-(2-propoxyethyl)pyridinium bis((trifluoromethyl)sulfonyl)amide,CCCOCC[n+]1ccccc1.O=S(=O)([N-]S(=O)(=O)C(F)(F)F)C(F)(F)F,323.15,101.325,ElectricalConductivity,0.45899996,0.4440244,0.014975548,test,Random IL,IL,C,Electrical conductivity multi-split parity plot,True
2754,1-(2-propoxyethyl)pyridinium bis((trifluoromethyl)sulfonyl)amide,CCCOCC[n+]1ccccc1.O=S(=O)([N-]S(=O)(=O)C(F)(F)F)C(F)(F)F,333.15,101.325,ElectricalConductivity,0.539,0.54760283,0.008602858,test,Random IL,IL,C,Electrical conductivity multi-split parity plot,True
2756,1-(2-propoxyethyl)pyridinium bis((trifluoromethyl)sulfonyl)amide,CCCOCC[n+]1ccccc1.O=S(=O)([N-]S(=O)(=O)C(F)(F)F)C(F)(F)F,343.15,101.325,ElectricalConductivity,0.613,0.67707556,0.06407559,test,Random IL,IL,C,Electrical conductivity multi-split parity plot,True
2758,1-(2-propoxyethyl)pyridinium bis((trifluoromethyl)sulfonyl)amide,CCCOCC[n+]1ccccc1.O=S(=O)([N-]S(=O)(=O)C(F)(F)F)C(F)(F)F,353.15,101.325,ElectricalConductivity,0.69100004,0.8142566,0.123256564,test,Random IL,IL,C,Electrical conductivity multi-split parity plot,True
41,1-allyl-3-methylimizodalium benzoate,C=CC[n+]1ccn(C)c1.O=C([O-])c1ccccc1,298.15,101.325,ElectricalConductivity,0.038799997,0.0152608305,0.023539167,test,Random IL,IL,C,Electrical conductivity multi-split parity plot,True
4449,"1-butyl-2,3-dimethyl-1H-imidazolium bis(trifluoromethylsulfonyl)amide",FC(S(=O)(=O)[N-]S(=O)(=O)C(F)(F)F)(F)F.C(CCC)N1C(=[N+](C=C1)C)C,298.1,101.325,ElectricalConductivity,0.22199999,0.29868224,0.076682255,test,Random IL,IL,C,Electrical conductivity multi-split parity plot,True
2258,"1-butyl-3,5-dimethylpyridinium bis(trifluoromethylsulfonyl)amide",CCCC[n+]1cc(C)cc(C)c1.O=S(=O)([N-]S(=O)(=O)C(F)(F)F)C(F)(F)F,273.15,101.325,ElectricalConductivity,0.044899996,0.027424838,0.017475158,test,Random IL,IL,C,Electrical conductivity multi-split parity plot,True
2260,"1-butyl-3,5-dimethylpyridinium bis(trifluoromethylsulfonyl)amide",CCCC[n+]1cc(C)cc(C)c1.O=S(=O)([N-]S(=O)(=O)C(F)(F)F)C(F)(F)F,283.15,101.325,ElectricalConductivity,0.0881,0.056316804,0.031783197,test,Random IL,IL,C,Electrical conductivity multi-split parity plot,True
2263,"1-butyl-3,5-dimethylpyridinium bis(trifluoromethylsulfonyl)amide",CCCC[n+]1cc(C)cc(C)c1.O=S(=O)([N-]S(=O)(=O)C(F)(F)F)C(F)(F)F,293.15,101.325,ElectricalConductivity,0.1548,0.10690143,0.04789857,test,Random IL,IL,C,Electrical conductivity multi-split parity plot,True
2266,"1-butyl-3,5-dimethylpyridinium bis(trifluoromethylsulfonyl)amide",CCCC[n+]1cc(C)cc(C)c1.O=S(=O)([N-]S(=O)(=O)C(F)(F)F)C(F)(F)F,298.15,101.325,ElectricalConductivity,0.1984,0.14281811,0.055581897,test,Random IL,IL,C,Electrical conductivity multi-split parity plot,True
2267,"1-butyl-3,5-dimethylpyridinium bis(trifluoromethylsulfonyl)amide",CCCC[n+]1cc(C)cc(C)c1.O=S(=O)([N-]S(=O)(=O)C(F)(F)F)C(F)(F)F,303.15,101.325,ElectricalConductivity,0.24900001,0.18681829,0.062181726,test,Random IL,IL,C,Electrical conductivity multi-split parity plot,True
2271,"1-butyl-3,5-dimethylpyridinium bis(trifluoromethylsulfonyl)amide",CCCC[n+]1cc(C)cc(C)c1.O=S(=O)([N-]S(=O)(=O)C(F)(F)F)C(F)(F)F,313.15,101.325,ElectricalConductivity,0.375,0.3007376,0.07426241,test,Random IL,IL,C,Electrical conductivity multi-split parity plot,True
2274,"1-butyl-3,5-dimethylpyridinium bis(trifluoromethylsulfonyl)amide",CCCC[n+]1cc(C)cc(C)c1.O=S(=O)([N-]S(=O)(=O)C(F)(F)F)C(F)(F)F,323.15,101.325,ElectricalConductivity,0.532,0.45021796,0.08178204,test,Random IL,IL,C,Electrical conductivity multi-split parity plot,True
2276,"1-butyl-3,5-dimethylpyridinium bis(trifluoromethylsulfonyl)amide",CCCC[n+]1cc(C)cc(C)c1.O=S(=O)([N-]S(=O)(=O)C(F)(F)F)C(F)(F)F,333.15,101.325,ElectricalConductivity,0.73199993,0.63500506,0.09699488,test,Random IL,IL,C,Electrical conductivity multi-split parity plot,True
2279,"1-butyl-3,5-dimethylpyridinium bis(trifluoromethylsulfonyl)amide",CCCC[n+]1cc(C)cc(C)c1.O=S(=O)([N-]S(=O)(=O)C(F)(F)F)C(F)(F)F,343.15,101.325,ElectricalConductivity,0.948,0.85356146,0.09443855,test,Random IL,IL,C,Electrical conductivity multi-split parity plot,True
2280,"1-butyl-3,5-dimethylpyridinium bis(trifluoromethylsulfonyl)amide",CCCC[n+]1cc(C)cc(C)c1.O=S(=O)([N-]S(=O)(=O)C(F)(F)F)C(F)(F)F,353.15,101.325,ElectricalConductivity,1.1979997,1.1029539,0.095045805,test,Random IL,IL,C,Electrical conductivity multi-split parity plot,True
2618,1-butyl-3-ethylimidazolium trifluoroacetate,CCCC[n+]1ccn(CC)c1.O=C([O-])C(F)(F)F,293.0,101.325,ElectricalConductivity,0.24999999,0.16313446,0.08686553,test,Random IL,IL,C,Electrical conductivity multi-split parity plot,True
2628,1-butyl-3-methylimidazolium difluoromono(malonato)borate,CCCCn1cc[n+](C)c1.O=C1CC(=O)O[B-](F)(F)O1,268.15,101.325,ElectricalConductivity,0.014720001,0.009718164,0.0050018374,test,Random IL,IL,C,Electrical conductivity multi-split parity plot,True
2629,1-butyl-3-methylimidazolium difluoromono(malonato)borate,CCCCn1cc[n+](C)c1.O=C1CC(=O)O[B-](F)(F)O1,278.15,101.325,ElectricalConductivity,0.04125,0.02716679,0.014083212,test,Random IL,IL,C,Electrical conductivity multi-split parity plot,True
2631,1-butyl-3-methylimidazolium difluoromono(malonato)borate,CCCCn1cc[n+](C)c1.O=C1CC(=O)O[B-](F)(F)O1,288.15,101.325,ElectricalConductivity,0.09493999,0.06716119,0.027778804,test,Random IL,IL,C,Electrical conductivity multi-split parity plot,True
2633,1-butyl-3-methylimidazolium difluoromono(malonato)borate,CCCCn1cc[n+](C)c1.O=C1CC(=O)O[B-](F)(F)O1,298.15,101.325,ElectricalConductivity,0.18859999,0.14709653,0.04150346,test,Random IL,IL,C,Electrical conductivity multi-split parity plot,True
2634,1-butyl-3-methylimidazolium difluoromono(malonato)borate,CCCCn1cc[n+](C)c1.O=C1CC(=O)O[B-](F)(F)O1,303.15,101.325,ElectricalConductivity,0.2544,0.2069038,0.047496215,test,Random IL,IL,C,Electrical conductivity multi-split parity plot,True
2636,1-butyl-3-methylimidazolium difluoromono(malonato)borate,CCCCn1cc[n+](C)c1.O=C1CC(=O)O[B-](F)(F)O1,313.15,101.325,ElectricalConductivity,0.42780003,0.37032992,0.057470113,test,Random IL,IL,C,Electrical conductivity multi-split parity plot,True
2637,1-butyl-3-methylimidazolium difluoromono(malonato)borate,CCCCn1cc[n+](C)c1.O=C1CC(=O)O[B-](F)(F)O1,323.15,101.325,ElectricalConductivity,0.6627,0.58916277,0.07353723,test,Random IL,IL,C,Electrical conductivity multi-split parity plot,True
2638,1-butyl-3-methylimidazolium difluoromono(malonato)borate,CCCCn1cc[n+](C)c1.O=C1CC(=O)O[B-](F)(F)O1,333.15,101.325,ElectricalConductivity,0.96099997,0.8521498,0.10885018,test,Random IL,IL,C,Electrical conductivity multi-split parity plot,True
2639,1-butyl-3-methylimidazolium difluoromono(malonato)borate,CCCCn1cc[n+](C)c1.O=C1CC(=O)O[B-](F)(F)O1,343.15,101.325,ElectricalConductivity,1.3226999,1.1475203,0.1751796,test,Random IL,IL,C,Electrical conductivity multi-split parity plot,True
2640,1-butyl-3-methylimidazolium difluoromono(malonato)borate,CCCCn1cc[n+](C)c1.O=C1CC(=O)O[B-](F)(F)O1,353.15,101.325,ElectricalConductivity,1.7446002,1.4695452,0.27505493,test,Random IL,IL,C,Electrical conductivity multi-split parity plot,True
4590,1-butyl-3-methylimidazolium dihydrogenphosphate,P(=O)(O)(O)[O-].C(CCC)N1C=[N+](C=C1)C,288.15,101.325,ElectricalConductivity,0.303,0.19980751,0.10319249,test,Random IL,IL,C,Electrical conductivity multi-split parity plot,True
4592,1-butyl-3-methylimidazolium dihydrogenphosphate,P(=O)(O)(O)[O-].C(CCC)N1C=[N+](C=C1)C,293.15,101.325,ElectricalConductivity,0.35899997,0.25742435,0.10157561,test,Random IL,IL,C,Electrical conductivity multi-split parity plot,True
4594,1-butyl-3-methylimidazolium dihydrogenphosphate,P(=O)(O)(O)[O-].C(CCC)N1C=[N+](C=C1)C,298.15,101.325,ElectricalConductivity,0.41900003,0.3221,0.096900016,test,Random IL,IL,C,Electrical conductivity multi-split parity plot,True
4596,1-butyl-3-methylimidazolium dihydrogenphosphate,P(=O)(O)(O)[O-].C(CCC)N1C=[N+](C=C1)C,303.15,101.325,ElectricalConductivity,0.483,0.39354822,0.08945179,test,Random IL,IL,C,Electrical conductivity multi-split parity plot,True
4598,1-butyl-3-methylimidazolium dihydrogenphosphate,P(=O)(O)(O)[O-].C(CCC)N1C=[N+](C=C1)C,308.15,101.325,ElectricalConductivity,0.55500007,0.4715661,0.083433956,test,Random IL,IL,C,Electrical conductivity multi-split parity plot,True
4600,1-butyl-3-methylimidazolium dihydrogenphosphate,P(=O)(O)(O)[O-].C(CCC)N1C=[N+](C=C1)C,313.15,101.325,ElectricalConductivity,0.628,0.555951,0.07204902,test,Random IL,IL,C,Electrical conductivity multi-split parity plot,True
4602,1-butyl-3-methylimidazolium dihydrogenphosphate,P(=O)(O)(O)[O-].C(CCC)N1C=[N+](C=C1)C,318.15,101.325,ElectricalConductivity,0.70699996,0.6464055,0.06059444,test,Random IL,IL,C,Electrical conductivity multi-split parity plot,True
4604,1-butyl-3-methylimidazolium dihydrogenphosphate,P(=O)(O)(O)[O-].C(CCC)N1C=[N+](C=C1)C,323.15,101.325,ElectricalConductivity,0.78800005,0.74249405,0.045506,test,Random IL,IL,C,Electrical conductivity multi-split parity plot,True
4606,1-butyl-3-methylimidazolium dihydrogenphosphate,P(=O)(O)(O)[O-].C(CCC)N1C=[N+](C=C1)C,328.15,101.325,ElectricalConductivity,0.86799985,0.8437105,0.02428937,test,Random IL,IL,C,Electrical conductivity multi-split parity plot,True
4608,1-butyl-3-methylimidazolium dihydrogenphosphate,P(=O)(O)(O)[O-].C(CCC)N1C=[N+](C=C1)C,333.15,101.325,ElectricalConductivity,0.965,0.9496357,0.015364289,test,Random IL,IL,C,Electrical conductivity multi-split parity plot,True
4610,1-butyl-3-methylimidazolium dihydrogenphosphate,P(=O)(O)(O)[O-].C(CCC)N1C=[N+](C=C1)C,338.15,101.325,ElectricalConductivity,1.0590001,1.0600642,0.0010640621,test,Random IL,IL,C,Electrical conductivity multi-split parity plot,True
4612,1-butyl-3-methylimidazolium dihydrogenphosphate,P(=O)(O)(O)[O-].C(CCC)N1C=[N+](C=C1)C,343.15,101.325,ElectricalConductivity,1.159,1.17501,0.016009927,test,Random IL,IL,C,Electrical conductivity multi-split parity plot,True
2549,1-butyl-3-methylimidazolium glycinate,CCCC[n+]1ccn(C)c1.NCC(=O)[O-],303.15,101.325,ElectricalConductivity,0.0075000008,0.014161192,0.006661191,test,Random IL,IL,C,Electrical conductivity multi-split parity plot,True
2553,1-butyl-3-methylimidazolium glycinate,CCCC[n+]1ccn(C)c1.NCC(=O)[O-],308.15,101.325,ElectricalConductivity,0.012199998,0.022725744,0.010525746,test,Random IL,IL,C,Electrical conductivity multi-split parity plot,True
2558,1-butyl-3-methylimidazolium glycinate,CCCC[n+]1ccn(C)c1.NCC(=O)[O-],313.15,101.325,ElectricalConductivity,0.0187,0.036281362,0.017581362,test,Random IL,IL,C,Electrical conductivity multi-split parity plot,True
2562,1-butyl-3-methylimidazolium glycinate,CCCC[n+]1ccn(C)c1.NCC(=O)[O-],318.15,101.325,ElectricalConductivity,0.027800001,0.056865126,0.029065125,test,Random IL,IL,C,Electrical conductivity multi-split parity plot,True
2567,1-butyl-3-methylimidazolium glycinate,CCCC[n+]1ccn(C)c1.NCC(=O)[O-],323.15,101.325,ElectricalConductivity,0.04030001,0.086651586,0.046351574,test,Random IL,IL,C,Electrical conductivity multi-split parity plot,True
2571,1-butyl-3-methylimidazolium glycinate,CCCC[n+]1ccn(C)c1.NCC(=O)[O-],328.15,101.325,ElectricalConductivity,0.057099998,0.12773843,0.07063843,test,Random IL,IL,C,Electrical conductivity multi-split parity plot,True
2574,1-butyl-3-methylimidazolium glycinate,CCCC[n+]1ccn(C)c1.NCC(=O)[O-],333.15,101.325,ElectricalConductivity,0.07859999,0.18202083,0.10342084,test,Random IL,IL,C,Electrical conductivity multi-split parity plot,True
2575,1-butyl-3-methylimidazolium glycinate,CCCC[n+]1ccn(C)c1.NCC(=O)[O-],338.15,101.325,ElectricalConductivity,0.10650001,0.25115785,0.14465785,test,Random IL,IL,C,Electrical conductivity multi-split parity plot,True
2577,1-butyl-3-methylimidazolium glycinate,CCCC[n+]1ccn(C)c1.NCC(=O)[O-],343.15,101.325,ElectricalConductivity,0.14,0.3365823,0.1965823,test,Random IL,IL,C,Electrical conductivity multi-split parity plot,True
2531,1-butyl-3-methylimidazolium methanesulfonate,CCCC[n+]1ccn(C)c1.CS(=O)(=O)[O-],358.15,101.0,ElectricalConductivity,0.81000006,1.7085779,0.8985778,test,Random IL,IL,C,Electrical conductivity multi-split parity plot,True
2589,1-butyl-3-methylimidazolium salicylate,CCCC[n+]1ccn(C)c1.O=C([O-])c1ccccc1O,293.15,101.325,ElectricalConductivity,0.018199997,0.003938458,0.014261539,test,Random IL,IL,C,Electrical conductivity multi-split parity plot,True
2591,1-butyl-3-methylimidazolium salicylate,CCCC[n+]1ccn(C)c1.O=C([O-])c1ccccc1O,298.15,101.325,ElectricalConductivity,0.033550017,0.006077059,0.027472958,test,Random IL,IL,C,Electrical conductivity multi-split parity plot,True
2593,1-butyl-3-methylimidazolium salicylate,CCCC[n+]1ccn(C)c1.O=C([O-])c1ccccc1O,303.15,101.325,ElectricalConductivity,0.05035,0.0093276035,0.041022398,test,Random IL,IL,C,Electrical conductivity multi-split parity plot,True
2595,1-butyl-3-methylimidazolium salicylate,CCCC[n+]1ccn(C)c1.O=C([O-])c1ccccc1O,308.15,101.325,ElectricalConductivity,0.074099995,0.01416935,0.059930645,test,Random IL,IL,C,Electrical conductivity multi-split parity plot,True
2597,1-butyl-3-methylimidazolium salicylate,CCCC[n+]1ccn(C)c1.O=C([O-])c1ccccc1O,313.15,101.325,ElectricalConductivity,0.09875,0.021180118,0.07756989,test,Random IL,IL,C,Electrical conductivity multi-split parity plot,True
2599,1-butyl-3-methylimidazolium salicylate,CCCC[n+]1ccn(C)c1.O=C([O-])c1ccccc1O,318.15,101.325,ElectricalConductivity,0.1395,0.030997504,0.10850251,test,Random IL,IL,C,Electrical conductivity multi-split parity plot,True
2601,1-butyl-3-methylimidazolium salicylate,CCCC[n+]1ccn(C)c1.O=C([O-])c1ccccc1O,323.15,101.325,ElectricalConductivity,0.18439999,0.04426556,0.14013442,test,Random IL,IL,C,Electrical conductivity multi-split parity plot,True
2603,1-butyl-3-methylimidazolium salicylate,CCCC[n+]1ccn(C)c1.O=C([O-])c1ccccc1O,328.15,101.325,ElectricalConductivity,0.17799997,0.061582256,0.11641772,test,Random IL,IL,C,Electrical conductivity multi-split parity plot,True
2604,1-butyl-3-methylimidazolium salicylate,CCCC[n+]1ccn(C)c1.O=C([O-])c1ccccc1O,333.15,101.325,ElectricalConductivity,0.21,0.08346189,0.1265381,test,Random IL,IL,C,Electrical conductivity multi-split parity plot,True
2607,1-butyl-3-methylimidazolium tris[(trifluoromethyl)sulfonyl]methide,CCCC[n+]1ccn(C)c1.O=S(=O)([C-](S(=O)(=O)C(F)(F)F)S(=O)(=O)C(F)(F)F)C(F)(F)F,295.1,101.325,ElectricalConductivity,0.10999999,0.06563756,0.044362433,test,Random IL,IL,C,Electrical conductivity multi-split parity plot,True
2385,1-butyl-3-methylpyridinium dicyanamide,CCCC[n+]1cccc(C)c1.N#C[N-]C#N,288.15,101.325,ElectricalConductivity,0.526,0.4594514,0.066548616,test,Random IL,IL,C,Electrical conductivity multi-split parity plot,True
2387,1-butyl-3-methylpyridinium dicyanamide,CCCC[n+]1cccc(C)c1.N#C[N-]C#N,290.65,101.325,ElectricalConductivity,0.59699994,0.52949244,0.067507505,test,Random IL,IL,C,Electrical conductivity multi-split parity plot,True
2390,1-butyl-3-methylpyridinium dicyanamide,CCCC[n+]1cccc(C)c1.N#C[N-]C#N,293.15,101.325,ElectricalConductivity,0.672,0.6045984,0.06740159,test,Random IL,IL,C,Electrical conductivity multi-split parity plot,True
2393,1-butyl-3-methylpyridinium dicyanamide,CCCC[n+]1cccc(C)c1.N#C[N-]C#N,295.65,101.325,ElectricalConductivity,0.7529999,0.68461645,0.068383455,test,Random IL,IL,C,Electrical conductivity multi-split parity plot,True
2396,1-butyl-3-methylpyridinium dicyanamide,CCCC[n+]1cccc(C)c1.N#C[N-]C#N,298.15,101.325,ElectricalConductivity,0.83800006,0.76940596,0.0685941,test,Random IL,IL,C,Electrical conductivity multi-split parity plot,True
2398,1-butyl-3-methylpyridinium dicyanamide,CCCC[n+]1cccc(C)c1.N#C[N-]C#N,300.65,101.325,ElectricalConductivity,0.93000007,0.8588376,0.07116246,test,Random IL,IL,C,Electrical conductivity multi-split parity plot,True
2403,1-butyl-3-methylpyridinium dicyanamide,CCCC[n+]1cccc(C)c1.N#C[N-]C#N,303.15,101.325,ElectricalConductivity,1.0269997,0.9527895,0.07421023,test,Random IL,IL,C,Electrical conductivity multi-split parity plot,True
2408,1-butyl-3-methylpyridinium dicyanamide,CCCC[n+]1cccc(C)c1.N#C[N-]C#N,305.65,101.325,ElectricalConductivity,1.1290001,1.0511467,0.07785332,test,Random IL,IL,C,Electrical conductivity multi-split parity plot,True
2411,1-butyl-3-methylpyridinium dicyanamide,CCCC[n+]1cccc(C)c1.N#C[N-]C#N,308.15,101.325,ElectricalConductivity,1.2360001,1.2769732,0.040973186,test,Random IL,IL,C,Electrical conductivity multi-split parity plot,True
2414,1-butyl-3-methylpyridinium dicyanamide,CCCC[n+]1cccc(C)c1.N#C[N-]C#N,310.65,101.325,ElectricalConductivity,1.3489999,1.3942821,0.045282245,test,Random IL,IL,C,Electrical conductivity multi-split parity plot,True
2418,1-butyl-3-methylpyridinium dicyanamide,CCCC[n+]1cccc(C)c1.N#C[N-]C#N,313.15,101.325,ElectricalConductivity,1.4660001,1.5172794,0.051279306,test,Random IL,IL,C,Electrical conductivity multi-split parity plot,True
2421,1-butyl-3-methylpyridinium dicyanamide,CCCC[n+]1cccc(C)c1.N#C[N-]C#N,315.65,101.325,ElectricalConductivity,1.588,1.6459085,0.057908416,test,Random IL,IL,C,Electrical conductivity multi-split parity plot,True
2424,1-butyl-3-methylpyridinium dicyanamide,CCCC[n+]1cccc(C)c1.N#C[N-]C#N,318.15,101.325,ElectricalConductivity,1.715,1.7800932,0.06509316,test,Random IL,IL,C,Electrical conductivity multi-split parity plot,True
2426,1-butyl-3-methylpyridinium dicyanamide,CCCC[n+]1cccc(C)c1.N#C[N-]C#N,320.65,101.325,ElectricalConductivity,1.8489999,1.9197389,0.07073903,test,Random IL,IL,C,Electrical conductivity multi-split parity plot,True
2431,1-butyl-3-methylpyridinium dicyanamide,CCCC[n+]1cccc(C)c1.N#C[N-]C#N,323.15,101.325,ElectricalConductivity,1.989,2.0647242,0.075724244,test,Random IL,IL,C,Electrical conductivity multi-split parity plot,True
2433,1-butyl-3-methylpyridinium dicyanamide,CCCC[n+]1cccc(C)c1.N#C[N-]C#N,325.65,101.325,ElectricalConductivity,2.13,2.2148964,0.084896326,test,Random IL,IL,C,Electrical conductivity multi-split parity plot,True
2436,1-butyl-3-methylpyridinium dicyanamide,CCCC[n+]1cccc(C)c1.N#C[N-]C#N,328.15,101.325,ElectricalConductivity,2.28,2.3700483,0.09004831,test,Random IL,IL,C,Electrical conductivity multi-split parity plot,True
2440,1-butyl-3-methylpyridinium dicyanamide,CCCC[n+]1cccc(C)c1.N#C[N-]C#N,330.65,101.325,ElectricalConductivity,2.4300003,2.5299008,0.099900484,test,Random IL,IL,C,Electrical conductivity multi-split parity plot,True
2443,1-butyl-3-methylpyridinium dicyanamide,CCCC[n+]1cccc(C)c1.N#C[N-]C#N,333.15,101.325,ElectricalConductivity,2.5799997,2.6941001,0.114100456,test,Random IL,IL,C,Electrical conductivity multi-split parity plot,True
2444,1-butyl-3-methylpyridinium dicyanamide,CCCC[n+]1cccc(C)c1.N#C[N-]C#N,335.65,101.325,ElectricalConductivity,2.7400005,2.810274,0.0702734,test,Random IL,IL,C,Electrical conductivity multi-split parity plot,True
2446,1-butyl-3-methylpyridinium dicyanamide,CCCC[n+]1cccc(C)c1.N#C[N-]C#N,338.15,101.325,ElectricalConductivity,2.9099996,2.9923213,0.082321644,test,Random IL,IL,C,Electrical conductivity multi-split parity plot,True
2484,1-butylpyridinium trifluoromethanesulfonate,CCCC[n+]1ccccc1.O=S(=O)([O-])C(F)(F)F,303.15,101.325,ElectricalConductivity,0.266,0.15678227,0.10921773,test,Random IL,IL,C,Electrical conductivity multi-split parity plot,True
2486,1-butylpyridinium trifluoromethanesulfonate,CCCC[n+]1ccccc1.O=S(=O)([O-])C(F)(F)F,305.65,101.325,ElectricalConductivity,0.29899997,0.17797206,0.1210279,test,Random IL,IL,C,Electrical conductivity multi-split parity plot,True
2489,1-butylpyridinium trifluoromethanesulfonate,CCCC[n+]1ccccc1.O=S(=O)([O-])C(F)(F)F,308.15,101.325,ElectricalConductivity,0.33299997,0.20121677,0.1317832,test,Random IL,IL,C,Electrical conductivity multi-split parity plot,True
2492,1-butylpyridinium trifluoromethanesulfonate,CCCC[n+]1ccccc1.O=S(=O)([O-])C(F)(F)F,310.65,101.325,ElectricalConductivity,0.37100002,0.22658639,0.14441364,test,Random IL,IL,C,Electrical conductivity multi-split parity plot,True
2495,1-butylpyridinium trifluoromethanesulfonate,CCCC[n+]1ccccc1.O=S(=O)([O-])C(F)(F)F,313.15,101.325,ElectricalConductivity,0.411,0.25413656,0.15686345,test,Random IL,IL,C,Electrical conductivity multi-split parity plot,True
2497,1-butylpyridinium trifluoromethanesulfonate,CCCC[n+]1ccccc1.O=S(=O)([O-])C(F)(F)F,315.65,101.325,ElectricalConductivity,0.454,0.28390855,0.17009145,test,Random IL,IL,C,Electrical conductivity multi-split parity plot,True
2500,1-butylpyridinium trifluoromethanesulfonate,CCCC[n+]1ccccc1.O=S(=O)([O-])C(F)(F)F,318.15,101.325,ElectricalConductivity,0.501,0.3159282,0.1850718,test,Random IL,IL,C,Electrical conductivity multi-split parity plot,True
2502,1-butylpyridinium trifluoromethanesulfonate,CCCC[n+]1ccccc1.O=S(=O)([O-])C(F)(F)F,320.65,101.325,ElectricalConductivity,0.55,0.35020587,0.19979414,test,Random IL,IL,C,Electrical conductivity multi-split parity plot,True
2505,1-butylpyridinium trifluoromethanesulfonate,CCCC[n+]1ccccc1.O=S(=O)([O-])C(F)(F)F,323.15,101.325,ElectricalConductivity,0.601,0.38673738,0.21426263,test,Random IL,IL,C,Electrical conductivity multi-split parity plot,True
2507,1-butylpyridinium trifluoromethanesulfonate,CCCC[n+]1ccccc1.O=S(=O)([O-])C(F)(F)F,325.65,101.325,ElectricalConductivity,0.655,0.4255057,0.22949427,test,Random IL,IL,C,Electrical conductivity multi-split parity plot,True
2510,1-butylpyridinium trifluoromethanesulfonate,CCCC[n+]1ccccc1.O=S(=O)([O-])C(F)(F)F,328.15,101.325,ElectricalConductivity,0.70699996,0.46648294,0.24051702,test,Random IL,IL,C,Electrical conductivity multi-split parity plot,True
2512,1-butylpyridinium trifluoromethanesulfonate,CCCC[n+]1ccccc1.O=S(=O)([O-])C(F)(F)F,330.65,101.325,ElectricalConductivity,0.77300006,0.50963426,0.2633658,test,Random IL,IL,C,Electrical conductivity multi-split parity plot,True
2515,1-butylpyridinium trifluoromethanesulfonate,CCCC[n+]1ccccc1.O=S(=O)([O-])C(F)(F)F,333.15,101.325,ElectricalConductivity,0.839,0.55491966,0.28408033,test,Random IL,IL,C,Electrical conductivity multi-split parity plot,True
2518,1-butylpyridinium trifluoromethanesulfonate,CCCC[n+]1ccccc1.O=S(=O)([O-])C(F)(F)F,335.65,101.325,ElectricalConductivity,0.90400004,0.60229856,0.3017015,test,Random IL,IL,C,Electrical conductivity multi-split parity plot,True
2520,1-butylpyridinium trifluoromethanesulfonate,CCCC[n+]1ccccc1.O=S(=O)([O-])C(F)(F)F,338.15,101.325,ElectricalConductivity,0.975,0.65172964,0.32327038,test,Random IL,IL,C,Electrical conductivity multi-split parity plot,True
725,1-dodecyl-3-methyl-1H-imidazolium bis(trifluoromethylsulfonyl)amide,CCCCCCCCCCCC[n+]1ccn(C)c1.O=S(=O)([N-]S(=O)(=O)C(F)(F)F)C(F)(F)F,293.0,100.0,ElectricalConductivity,0.050800003,0.026149064,0.024650939,test,Random IL,IL,C,Electrical conductivity multi-split parity plot,True
734,1-dodecyl-3-methyl-1H-imidazolium bis(trifluoromethylsulfonyl)amide,CCCCCCCCCCCC[n+]1ccn(C)c1.O=S(=O)([N-]S(=O)(=O)C(F)(F)F)C(F)(F)F,298.0,100.0,ElectricalConductivity,0.059499998,0.03440962,0.025090378,test,Random IL,IL,C,Electrical conductivity multi-split parity plot,True
745,1-dodecyl-3-methyl-1H-imidazolium bis(trifluoromethylsulfonyl)amide,CCCCCCCCCCCC[n+]1ccn(C)c1.O=S(=O)([N-]S(=O)(=O)C(F)(F)F)C(F)(F)F,303.0,100.0,ElectricalConductivity,0.069000006,0.044594556,0.02440545,test,Random IL,IL,C,Electrical conductivity multi-split parity plot,True
754,1-dodecyl-3-methyl-1H-imidazolium bis(trifluoromethylsulfonyl)amide,CCCCCCCCCCCC[n+]1ccn(C)c1.O=S(=O)([N-]S(=O)(=O)C(F)(F)F)C(F)(F)F,308.0,100.0,ElectricalConductivity,0.0793,0.056860693,0.022439308,test,Random IL,IL,C,Electrical conductivity multi-split parity plot,True
762,1-dodecyl-3-methyl-1H-imidazolium bis(trifluoromethylsulfonyl)amide,CCCCCCCCCCCC[n+]1ccn(C)c1.O=S(=O)([N-]S(=O)(=O)C(F)(F)F)C(F)(F)F,313.0,100.0,ElectricalConductivity,0.09050001,0.0712921,0.01920791,test,Random IL,IL,C,Electrical conductivity multi-split parity plot,True
771,1-dodecyl-3-methyl-1H-imidazolium bis(trifluoromethylsulfonyl)amide,CCCCCCCCCCCC[n+]1ccn(C)c1.O=S(=O)([N-]S(=O)(=O)C(F)(F)F)C(F)(F)F,318.0,100.0,ElectricalConductivity,0.10250001,0.08790705,0.014592953,test,Random IL,IL,C,Electrical conductivity multi-split parity plot,True
779,1-dodecyl-3-methyl-1H-imidazolium bis(trifluoromethylsulfonyl)amide,CCCCCCCCCCCC[n+]1ccn(C)c1.O=S(=O)([N-]S(=O)(=O)C(F)(F)F)C(F)(F)F,323.0,100.0,ElectricalConductivity,0.115600005,0.10667602,0.008923985,test,Random IL,IL,C,Electrical conductivity multi-split parity plot,True
788,1-dodecyl-3-methyl-1H-imidazolium bis(trifluoromethylsulfonyl)amide,CCCCCCCCCCCC[n+]1ccn(C)c1.O=S(=O)([N-]S(=O)(=O)C(F)(F)F)C(F)(F)F,328.0,100.0,ElectricalConductivity,0.1292,0.12754057,0.0016594231,test,Random IL,IL,C,Electrical conductivity multi-split parity plot,True
796,1-dodecyl-3-methyl-1H-imidazolium bis(trifluoromethylsulfonyl)amide,CCCCCCCCCCCC[n+]1ccn(C)c1.O=S(=O)([N-]S(=O)(=O)C(F)(F)F)C(F)(F)F,333.0,100.0,ElectricalConductivity,0.1433,0.15042701,0.007127017,test,Random IL,IL,C,Electrical conductivity multi-split parity plot,True
3171,"1-ethyl-3,4-dimethylimidazolium trifluoromethanesulfonate",CC[n+]1cc(C)n(C)c1.O=S(=O)([O-])C(F)(F)F,293.0,101.325,ElectricalConductivity,0.6399999,0.38498864,0.2550113,test,Random IL,IL,C,Electrical conductivity multi-split parity plot,True
3755,1-ethyl-3-methyl-1H-imidazol-3-ium L-methioninate,CCn1cc[n+](C)c1.CSCC[C@H](N)C(=O)[O-],298.1,101.325,ElectricalConductivity,0.024,0.010627822,0.013372178,test,Random IL,IL,C,Electrical conductivity multi-split parity plot,True
272,1-ethyl-3-methylimidazolium L-valinate,CC(C)[C@H](N)C(=O)[O-].CC[n+]1ccn(C)c1,298.1,101.325,ElectricalConductivity,0.0088000065,0.0004995948,0.0083004115,test,Random IL,IL,C,Electrical conductivity multi-split parity plot,True
3692,1-ethyl-3-methylimidazolium iodide,CC[n+]1ccn(C)c1.[I-],333.1,101.325,ElectricalConductivity,0.633,1.2301341,0.5971341,test,Random IL,IL,C,Electrical conductivity multi-split parity plot,True
3693,1-ethyl-3-methylimidazolium iodide,CC[n+]1ccn(C)c1.[I-],338.1,101.325,ElectricalConductivity,0.75199986,1.4195099,0.66751003,test,Random IL,IL,C,Electrical conductivity multi-split parity plot,True
3694,1-ethyl-3-methylimidazolium iodide,CC[n+]1ccn(C)c1.[I-],342.0,101.325,ElectricalConductivity,2.2500005,1.6153146,0.6346859,test,Random IL,IL,C,Electrical conductivity multi-split parity plot,True
3695,1-ethyl-3-methylimidazolium iodide,CC[n+]1ccn(C)c1.[I-],343.1,101.325,ElectricalConductivity,1.6554996,1.672749,0.017249465,test,Random IL,IL,C,Electrical conductivity multi-split parity plot,True
3696,1-ethyl-3-methylimidazolium iodide,CC[n+]1ccn(C)c1.[I-],348.1,101.325,ElectricalConductivity,1.0,1.9457146,0.9457146,test,Random IL,IL,C,Electrical conductivity multi-split parity plot,True
3697,1-ethyl-3-methylimidazolium iodide,CC[n+]1ccn(C)c1.[I-],350.1,101.325,ElectricalConductivity,0.82699996,2.0602114,1.2332115,test,Random IL,IL,C,Electrical conductivity multi-split parity plot,True
3698,1-ethyl-3-methylimidazolium iodide,CC[n+]1ccn(C)c1.[I-],352.8,101.325,ElectricalConductivity,2.7800002,2.2193966,0.5606036,test,Random IL,IL,C,Electrical conductivity multi-split parity plot,True
3699,1-ethyl-3-methylimidazolium iodide,CC[n+]1ccn(C)c1.[I-],353.1,101.325,ElectricalConductivity,1.7133334,2.237404,0.52407074,test,Random IL,IL,C,Electrical conductivity multi-split parity plot,True
3700,1-ethyl-3-methylimidazolium iodide,CC[n+]1ccn(C)c1.[I-],357.7,101.325,ElectricalConductivity,3.0100007,2.521102,0.48889875,test,Random IL,IL,C,Electrical conductivity multi-split parity plot,True
3701,1-ethyl-3-methylimidazolium iodide,CC[n+]1ccn(C)c1.[I-],357.8,101.325,ElectricalConductivity,3.2199996,2.5274205,0.69257903,test,Random IL,IL,C,Electrical conductivity multi-split parity plot,True
3702,1-ethyl-3-methylimidazolium iodide,CC[n+]1ccn(C)c1.[I-],357.9,101.325,ElectricalConductivity,2.98,2.533748,0.4462521,test,Random IL,IL,C,Electrical conductivity multi-split parity plot,True
3703,1-ethyl-3-methylimidazolium iodide,CC[n+]1ccn(C)c1.[I-],362.8,101.325,ElectricalConductivity,3.43,2.851056,0.57894397,test,Random IL,IL,C,Electrical conductivity multi-split parity plot,True
3704,1-ethyl-3-methylimidazolium iodide,CC[n+]1ccn(C)c1.[I-],362.9,101.325,ElectricalConductivity,3.48,2.8576736,0.6223264,test,Random IL,IL,C,Electrical conductivity multi-split parity plot,True
3705,1-ethyl-3-methylimidazolium iodide,CC[n+]1ccn(C)c1.[I-],363.1,101.325,ElectricalConductivity,1.4,2.8709254,1.4709255,test,Random IL,IL,C,Electrical conductivity multi-split parity plot,True
3706,1-ethyl-3-methylimidazolium iodide,CC[n+]1ccn(C)c1.[I-],367.7,101.325,ElectricalConductivity,3.6599998,3.1812027,0.4787972,test,Random IL,IL,C,Electrical conductivity multi-split parity plot,True
3707,1-ethyl-3-methylimidazolium iodide,CC[n+]1ccn(C)c1.[I-],367.9,101.325,ElectricalConductivity,3.6199994,3.1949155,0.42508388,test,Random IL,IL,C,Electrical conductivity multi-split parity plot,True
3708,1-ethyl-3-methylimidazolium iodide,CC[n+]1ccn(C)c1.[I-],372.5,101.325,ElectricalConductivity,4.5700006,3.5147038,1.0552969,test,Random IL,IL,C,Electrical conductivity multi-split parity plot,True
3709,1-ethyl-3-methylimidazolium iodide,CC[n+]1ccn(C)c1.[I-],372.6,101.325,ElectricalConductivity,3.9600008,3.521739,0.43826175,test,Random IL,IL,C,Electrical conductivity multi-split parity plot,True
3710,1-ethyl-3-methylimidazolium iodide,CC[n+]1ccn(C)c1.[I-],373.0,101.325,ElectricalConductivity,3.86,3.5499156,0.31008434,test,Random IL,IL,C,Electrical conductivity multi-split parity plot,True
3711,1-ethyl-3-methylimidazolium iodide,CC[n+]1ccn(C)c1.[I-],373.1,101.325,ElectricalConductivity,3.1050005,3.5569677,0.45196724,test,Random IL,IL,C,Electrical conductivity multi-split parity plot,True
3712,1-ethyl-3-methylimidazolium iodide,CC[n+]1ccn(C)c1.[I-],382.7,101.325,ElectricalConductivity,4.91,4.245024,0.66497564,test,Random IL,IL,C,Electrical conductivity multi-split parity plot,True
3713,1-ethyl-3-methylimidazolium iodide,CC[n+]1ccn(C)c1.[I-],382.8,101.325,ElectricalConductivity,4.950001,4.252269,0.697732,test,Random IL,IL,C,Electrical conductivity multi-split parity plot,True
3714,1-ethyl-3-methylimidazolium iodide,CC[n+]1ccn(C)c1.[I-],383.1,101.325,ElectricalConductivity,1.93,4.274012,2.3440123,test,Random IL,IL,C,Electrical conductivity multi-split parity plot,True
3715,1-ethyl-3-methylimidazolium iodide,CC[n+]1ccn(C)c1.[I-],392.5,101.325,ElectricalConductivity,5.6199994,4.9559574,0.664042,test,Random IL,IL,C,Electrical conductivity multi-split parity plot,True
3716,1-ethyl-3-methylimidazolium iodide,CC[n+]1ccn(C)c1.[I-],393.0,101.325,ElectricalConductivity,5.7100015,4.992094,0.7179074,test,Random IL,IL,C,Electrical conductivity multi-split parity plot,True
3717,1-ethyl-3-methylimidazolium iodide,CC[n+]1ccn(C)c1.[I-],393.1,101.325,ElectricalConductivity,2.2399998,4.999319,2.7593193,test,Random IL,IL,C,Electrical conductivity multi-split parity plot,True
3718,1-ethyl-3-methylimidazolium iodide,CC[n+]1ccn(C)c1.[I-],403.1,101.325,ElectricalConductivity,2.5500002,5.712567,3.1625667,test,Random IL,IL,C,Electrical conductivity multi-split parity plot,True
3719,1-ethyl-3-methylimidazolium iodide,CC[n+]1ccn(C)c1.[I-],413.1,101.325,ElectricalConductivity,2.84,6.3974466,3.5574467,test,Random IL,IL,C,Electrical conductivity multi-split parity plot,True
3720,1-ethyl-3-methylimidazolium iodide,CC[n+]1ccn(C)c1.[I-],423.1,101.325,ElectricalConductivity,3.14,7.041448,3.901448,test,Random IL,IL,C,Electrical conductivity multi-split parity plot,True
3721,1-ethyl-3-methylimidazolium iodide,CC[n+]1ccn(C)c1.[I-],433.1,101.325,ElectricalConductivity,3.43,7.6347275,4.204727,test,Random IL,IL,C,Electrical conductivity multi-split parity plot,True
3722,1-ethyl-3-methylimidazolium iodide,CC[n+]1ccn(C)c1.[I-],443.1,101.325,ElectricalConductivity,3.7400002,8.168775,4.4287744,test,Random IL,IL,C,Electrical conductivity multi-split parity plot,True
3723,1-ethyl-3-methylimidazolium iodide,CC[n+]1ccn(C)c1.[I-],453.1,101.325,ElectricalConductivity,3.91,8.635152,4.725152,test,Random IL,IL,C,Electrical conductivity multi-split parity plot,True
4041,1-ethyl-3-methylimidazolium methylphosphonate,CP([O-])([O-])=O.C(C)N1C=[N+](C=C1)C.C(C)N1C=[N+](C=C1)C,298.1,100.0,ElectricalConductivity,0.44,0.21004395,0.22995605,test,Random IL,IL,C,Electrical conductivity multi-split parity plot,True
3207,1-ethyl-3-methylimidazolium thiocyanate,CC[n+]1ccn(C)c1.N#C[S-],293.15,101.3,ElectricalConductivity,1.5800002,0.9530666,0.6269336,test,Random IL,IL,C,Electrical conductivity multi-split parity plot,True
3208,1-ethyl-3-methylimidazolium thiocyanate,CC[n+]1ccn(C)c1.N#C[S-],293.15,101.325,ElectricalConductivity,1.6659999,0.95306605,0.71293384,test,Random IL,IL,C,Electrical conductivity multi-split parity plot,True
3217,1-ethyl-3-methylimidazolium thiocyanate,CC[n+]1ccn(C)c1.N#C[S-],298.15,101.3,ElectricalConductivity,1.7520001,1.1368157,0.6151844,test,Random IL,IL,C,Electrical conductivity multi-split parity plot,True
3218,1-ethyl-3-methylimidazolium thiocyanate,CC[n+]1ccn(C)c1.N#C[S-],298.15,101.325,ElectricalConductivity,1.8740001,1.1368147,0.73718536,test,Random IL,IL,C,Electrical conductivity multi-split parity plot,True
3228,1-ethyl-3-methylimidazolium thiocyanate,CC[n+]1ccn(C)c1.N#C[S-],303.15,101.3,ElectricalConductivity,1.9540001,1.3458108,0.60818934,test,Random IL,IL,C,Electrical conductivity multi-split parity plot,True
3229,1-ethyl-3-methylimidazolium thiocyanate,CC[n+]1ccn(C)c1.N#C[S-],303.15,101.325,ElectricalConductivity,2.083,1.3458096,0.73719037,test,Random IL,IL,C,Electrical conductivity multi-split parity plot,True
3236,1-ethyl-3-methylimidazolium thiocyanate,CC[n+]1ccn(C)c1.N#C[S-],308.15,101.3,ElectricalConductivity,2.169,1.5832819,0.58571804,test,Random IL,IL,C,Electrical conductivity multi-split parity plot,True
3237,1-ethyl-3-methylimidazolium thiocyanate,CC[n+]1ccn(C)c1.N#C[S-],308.15,101.325,ElectricalConductivity,2.296,1.5832796,0.7127204,test,Random IL,IL,C,Electrical conductivity multi-split parity plot,True
3248,1-ethyl-3-methylimidazolium thiocyanate,CC[n+]1ccn(C)c1.N#C[S-],313.15,101.3,ElectricalConductivity,2.3919997,1.8519212,0.5400785,test,Random IL,IL,C,Electrical conductivity multi-split parity plot,True
3249,1-ethyl-3-methylimidazolium thiocyanate,CC[n+]1ccn(C)c1.N#C[S-],313.15,101.325,ElectricalConductivity,2.5509999,1.8519187,0.6990812,test,Random IL,IL,C,Electrical conductivity multi-split parity plot,True
3256,1-ethyl-3-methylimidazolium thiocyanate,CC[n+]1ccn(C)c1.N#C[S-],318.15,101.3,ElectricalConductivity,2.638,2.153209,0.48479104,test,Random IL,IL,C,Electrical conductivity multi-split parity plot,True
3257,1-ethyl-3-methylimidazolium thiocyanate,CC[n+]1ccn(C)c1.N#C[S-],318.15,101.325,ElectricalConductivity,2.8040001,2.1532059,0.65079427,test,Random IL,IL,C,Electrical conductivity multi-split parity plot,True
3268,1-ethyl-3-methylimidazolium thiocyanate,CC[n+]1ccn(C)c1.N#C[S-],323.15,101.3,ElectricalConductivity,2.891,2.486911,0.40408897,test,Random IL,IL,C,Electrical conductivity multi-split parity plot,True
3269,1-ethyl-3-methylimidazolium thiocyanate,CC[n+]1ccn(C)c1.N#C[S-],323.15,101.325,ElectricalConductivity,3.0760002,2.4869068,0.58909345,test,Random IL,IL,C,Electrical conductivity multi-split parity plot,True
3276,1-ethyl-3-methylimidazolium thiocyanate,CC[n+]1ccn(C)c1.N#C[S-],328.15,101.3,ElectricalConductivity,3.154,2.8509998,0.3030002,test,Random IL,IL,C,Electrical conductivity multi-split parity plot,True
3277,1-ethyl-3-methylimidazolium thiocyanate,CC[n+]1ccn(C)c1.N#C[S-],328.15,101.325,ElectricalConductivity,3.3360002,2.850995,0.48500514,test,Random IL,IL,C,Electrical conductivity multi-split parity plot,True
3285,1-ethyl-3-methylimidazolium thiocyanate,CC[n+]1ccn(C)c1.N#C[S-],333.15,101.3,ElectricalConductivity,3.4280005,3.2420225,0.18597794,test,Random IL,IL,C,Electrical conductivity multi-split parity plot,True
3286,1-ethyl-3-methylimidazolium thiocyanate,CC[n+]1ccn(C)c1.N#C[S-],333.15,101.325,ElectricalConductivity,3.612,3.2420177,0.36998224,test,Random IL,IL,C,Electrical conductivity multi-split parity plot,True
3294,1-ethyl-3-methylimidazolium thiocyanate,CC[n+]1ccn(C)c1.N#C[S-],338.15,101.3,ElectricalConductivity,3.7160003,3.6555827,0.060417652,test,Random IL,IL,C,Electrical conductivity multi-split parity plot,True
3295,1-ethyl-3-methylimidazolium thiocyanate,CC[n+]1ccn(C)c1.N#C[S-],338.15,101.325,ElectricalConductivity,3.9059997,3.6555772,0.25042248,test,Random IL,IL,C,Electrical conductivity multi-split parity plot,True
3302,1-ethyl-3-methylimidazolium thiocyanate,CC[n+]1ccn(C)c1.N#C[S-],343.15,101.3,ElectricalConductivity,4.0130005,4.0867343,0.07373381,test,Random IL,IL,C,Electrical conductivity multi-split parity plot,True
3303,1-ethyl-3-methylimidazolium thiocyanate,CC[n+]1ccn(C)c1.N#C[S-],343.15,101.325,ElectricalConductivity,4.1769996,4.0867295,0.09027004,test,Random IL,IL,C,Electrical conductivity multi-split parity plot,True
3337,1-ethyl-3-methylimidazolium trifluoroacetate,CC[n+]1ccn(C)c1.O=C([O-])C(F)(F)F,293.0,101.325,ElectricalConductivity,0.96000004,0.40711376,0.55288625,test,Random IL,IL,C,Electrical conductivity multi-split parity plot,True
3343,1-ethyl-3-methylimidazolium trifluoroacetate,CC[n+]1ccn(C)c1.O=C([O-])C(F)(F)F,298.15,100.0,ElectricalConductivity,1.0,0.48394546,0.5160545,test,Random IL,IL,C,Electrical conductivity multi-split parity plot,True
3356,1-ethyl-3-methylimidazolium trifluoroacetate,CC[n+]1ccn(C)c1.O=C([O-])C(F)(F)F,313.15,100.0,ElectricalConductivity,1.5999999,0.7569821,0.8430178,test,Random IL,IL,C,Electrical conductivity multi-split parity plot,True
3386,1-ethyl-3-methylimidazolium trifluoromethanesulfonate,CC[n+]1ccn(C)c1.O=S(=O)([O-])C(F)(F)F,263.1,101.325,ElectricalConductivity,0.208,0.08266566,0.12533435,test,Random IL,IL,C,Electrical conductivity multi-split parity plot,True
3395,1-ethyl-3-methylimidazolium trifluoromethanesulfonate,CC[n+]1ccn(C)c1.O=S(=O)([O-])C(F)(F)F,273.0,101.325,ElectricalConductivity,0.34300002,0.16420671,0.17879331,test,Random IL,IL,C,Electrical conductivity multi-split parity plot,True
3397,1-ethyl-3-methylimidazolium trifluoromethanesulfonate,CC[n+]1ccn(C)c1.O=S(=O)([O-])C(F)(F)F,273.15,101.325,ElectricalConductivity,0.34600002,0.16575043,0.18024959,test,Random IL,IL,C,Electrical conductivity multi-split parity plot,True
3404,1-ethyl-3-methylimidazolium trifluoromethanesulfonate,CC[n+]1ccn(C)c1.O=S(=O)([O-])C(F)(F)F,278.15,101.325,ElectricalConductivity,0.43300003,0.22289167,0.21010835,test,Random IL,IL,C,Electrical conductivity multi-split parity plot,True
3409,1-ethyl-3-methylimidazolium trifluoromethanesulfonate,CC[n+]1ccn(C)c1.O=S(=O)([O-])C(F)(F)F,283.0,101.325,ElectricalConductivity,0.537,0.28917304,0.24782696,test,Random IL,IL,C,Electrical conductivity multi-split parity plot,True
3412,1-ethyl-3-methylimidazolium trifluoromethanesulfonate,CC[n+]1ccn(C)c1.O=S(=O)([O-])C(F)(F)F,283.15,101.325,ElectricalConductivity,0.532,0.29139715,0.24060285,test,Random IL,IL,C,Electrical conductivity multi-split parity plot,True
3419,1-ethyl-3-methylimidazolium trifluoromethanesulfonate,CC[n+]1ccn(C)c1.O=S(=O)([O-])C(F)(F)F,288.15,101.0,ElectricalConductivity,0.605,0.37163118,0.23336884,test,Random IL,IL,C,Electrical conductivity multi-split parity plot,True
3420,1-ethyl-3-methylimidazolium trifluoromethanesulfonate,CC[n+]1ccn(C)c1.O=S(=O)([O-])C(F)(F)F,288.15,101.325,ElectricalConductivity,0.635,0.37162787,0.26337212,test,Random IL,IL,C,Electrical conductivity multi-split parity plot,True
3421,1-ethyl-3-methylimidazolium trifluoromethanesulfonate,CC[n+]1ccn(C)c1.O=S(=O)([O-])C(F)(F)F,288.16,101.325,ElectricalConductivity,0.629,0.37180048,0.25719953,test,Random IL,IL,C,Electrical conductivity multi-split parity plot,True
3425,1-ethyl-3-methylimidazolium trifluoromethanesulfonate,CC[n+]1ccn(C)c1.O=S(=O)([O-])C(F)(F)F,293.0,101.325,ElectricalConductivity,0.86,0.46094245,0.39905757,test,Random IL,IL,C,Electrical conductivity multi-split parity plot,True
3427,1-ethyl-3-methylimidazolium trifluoromethanesulfonate,CC[n+]1ccn(C)c1.O=S(=O)([O-])C(F)(F)F,293.11,101.325,ElectricalConductivity,0.747,0.46310157,0.2838984,test,Random IL,IL,C,Electrical conductivity multi-split parity plot,True
3431,1-ethyl-3-methylimidazolium trifluoromethanesulfonate,CC[n+]1ccn(C)c1.O=S(=O)([O-])C(F)(F)F,293.15,101.325,ElectricalConductivity,0.7720001,0.46388844,0.30811164,test,Random IL,IL,C,Electrical conductivity multi-split parity plot,True
3434,1-ethyl-3-methylimidazolium trifluoromethanesulfonate,CC[n+]1ccn(C)c1.O=S(=O)([O-])C(F)(F)F,293.9,101.325,ElectricalConductivity,0.8029999,0.4787861,0.3242138,test,Random IL,IL,C,Electrical conductivity multi-split parity plot,True
3439,1-ethyl-3-methylimidazolium trifluoromethanesulfonate,CC[n+]1ccn(C)c1.O=S(=O)([O-])C(F)(F)F,296.2,101.325,ElectricalConductivity,0.854,0.5262246,0.32777536,test,Random IL,IL,C,Electrical conductivity multi-split parity plot,True
3441,1-ethyl-3-methylimidazolium trifluoromethanesulfonate,CC[n+]1ccn(C)c1.O=S(=O)([O-])C(F)(F)F,297.65,101.325,ElectricalConductivity,0.81000006,0.5575028,0.25249726,test,Random IL,IL,C,Electrical conductivity multi-split parity plot,True
3451,1-ethyl-3-methylimidazolium trifluoromethanesulfonate,CC[n+]1ccn(C)c1.O=S(=O)([O-])C(F)(F)F,298.1,101.325,ElectricalConductivity,0.92899996,0.56742835,0.3615716,test,Random IL,IL,C,Electrical conductivity multi-split parity plot,True
3446,1-ethyl-3-methylimidazolium trifluoromethanesulfonate,CC[n+]1ccn(C)c1.O=S(=O)([O-])C(F)(F)F,298.15,100.0,ElectricalConductivity,0.91,0.56857276,0.34142727,test,Random IL,IL,C,Electrical conductivity multi-split parity plot,True
3447,1-ethyl-3-methylimidazolium trifluoromethanesulfonate,CC[n+]1ccn(C)c1.O=S(=O)([O-])C(F)(F)F,298.15,101.0,ElectricalConductivity,0.85899997,0.56854594,0.29045403,test,Random IL,IL,C,Electrical conductivity multi-split parity plot,True
3449,1-ethyl-3-methylimidazolium trifluoromethanesulfonate,CC[n+]1ccn(C)c1.O=S(=O)([O-])C(F)(F)F,298.15,101.325,ElectricalConductivity,0.8995001,0.56853724,0.33096284,test,Random IL,IL,C,Electrical conductivity multi-split parity plot,True
3450,1-ethyl-3-methylimidazolium trifluoromethanesulfonate,CC[n+]1ccn(C)c1.O=S(=O)([O-])C(F)(F)F,298.16,101.325,ElectricalConductivity,0.88600004,0.56875944,0.3172406,test,Random IL,IL,C,Electrical conductivity multi-split parity plot,True
3455,1-ethyl-3-methylimidazolium trifluoromethanesulfonate,CC[n+]1ccn(C)c1.O=S(=O)([O-])C(F)(F)F,298.3,101.325,ElectricalConductivity,0.92000014,0.5718723,0.34812784,test,Random IL,IL,C,Electrical conductivity multi-split parity plot,True
3454,1-ethyl-3-methylimidazolium trifluoromethanesulfonate,CC[n+]1ccn(C)c1.O=S(=O)([O-])C(F)(F)F,298.35,101.325,ElectricalConductivity,0.93000007,0.57298714,0.35701293,test,Random IL,IL,C,Electrical conductivity multi-split parity plot,True
3458,1-ethyl-3-methylimidazolium trifluoromethanesulfonate,CC[n+]1ccn(C)c1.O=S(=O)([O-])C(F)(F)F,300.15,101.325,ElectricalConductivity,0.90000004,0.6139613,0.28603876,test,Random IL,IL,C,Electrical conductivity multi-split parity plot,True
3459,1-ethyl-3-methylimidazolium trifluoromethanesulfonate,CC[n+]1ccn(C)c1.O=S(=O)([O-])C(F)(F)F,300.2,101.325,ElectricalConductivity,0.9639999,0.61512387,0.34887606,test,Random IL,IL,C,Electrical conductivity multi-split parity plot,True
3464,1-ethyl-3-methylimidazolium trifluoromethanesulfonate,CC[n+]1ccn(C)c1.O=S(=O)([O-])C(F)(F)F,302.45,101.325,ElectricalConductivity,1.0,0.6687738,0.33122623,test,Random IL,IL,C,Electrical conductivity multi-split parity plot,True
3465,1-ethyl-3-methylimidazolium trifluoromethanesulfonate,CC[n+]1ccn(C)c1.O=S(=O)([O-])C(F)(F)F,303.12,101.325,ElectricalConductivity,1.037,0.68526405,0.3517359,test,Random IL,IL,C,Electrical conductivity multi-split parity plot,True
3470,1-ethyl-3-methylimidazolium trifluoromethanesulfonate,CC[n+]1ccn(C)c1.O=S(=O)([O-])C(F)(F)F,303.15,101.325,ElectricalConductivity,1.061,0.6860079,0.37499207,test,Random IL,IL,C,Electrical conductivity multi-split parity plot,True
3476,1-ethyl-3-methylimidazolium trifluoromethanesulfonate,CC[n+]1ccn(C)c1.O=S(=O)([O-])C(F)(F)F,304.2,101.325,ElectricalConductivity,1.14,0.71234804,0.42765194,test,Random IL,IL,C,Electrical conductivity multi-split parity plot,True
3477,1-ethyl-3-methylimidazolium trifluoromethanesulfonate,CC[n+]1ccn(C)c1.O=S(=O)([O-])C(F)(F)F,304.65,101.325,ElectricalConductivity,1.14,0.72381604,0.41618395,test,Random IL,IL,C,Electrical conductivity multi-split parity plot,True
3485,1-ethyl-3-methylimidazolium trifluoromethanesulfonate,CC[n+]1ccn(C)c1.O=S(=O)([O-])C(F)(F)F,308.08,101.325,ElectricalConductivity,1.2019001,0.81480193,0.3870982,test,Random IL,IL,C,Electrical conductivity multi-split parity plot,True
3498,1-ethyl-3-methylimidazolium trifluoromethanesulfonate,CC[n+]1ccn(C)c1.O=S(=O)([O-])C(F)(F)F,310.0,101.325,ElectricalConductivity,1.2800001,0.86850405,0.41149604,test,Random IL,IL,C,Electrical conductivity multi-split parity plot,True
3500,1-ethyl-3-methylimidazolium trifluoromethanesulfonate,CC[n+]1ccn(C)c1.O=S(=O)([O-])C(F)(F)F,312.9,101.325,ElectricalConductivity,1.4139999,0.9533835,0.4606164,test,Random IL,IL,C,Electrical conductivity multi-split parity plot,True
3504,1-ethyl-3-methylimidazolium trifluoromethanesulfonate,CC[n+]1ccn(C)c1.O=S(=O)([O-])C(F)(F)F,313.15,100.0,ElectricalConductivity,1.4,0.9609942,0.4390058,test,Random IL,IL,C,Electrical conductivity multi-split parity plot,True
3507,1-ethyl-3-methylimidazolium trifluoromethanesulfonate,CC[n+]1ccn(C)c1.O=S(=O)([O-])C(F)(F)F,313.15,101.325,ElectricalConductivity,1.4334999,0.9609113,0.47258866,test,Random IL,IL,C,Electrical conductivity multi-split parity plot,True
3508,1-ethyl-3-methylimidazolium trifluoromethanesulfonate,CC[n+]1ccn(C)c1.O=S(=O)([O-])C(F)(F)F,313.16,101.325,ElectricalConductivity,1.3858001,0.9612135,0.4245866,test,Random IL,IL,C,Electrical conductivity multi-split parity plot,True
3511,1-ethyl-3-methylimidazolium trifluoromethanesulfonate,CC[n+]1ccn(C)c1.O=S(=O)([O-])C(F)(F)F,313.2,101.325,ElectricalConductivity,1.44,0.96242136,0.4775787,test,Random IL,IL,C,Electrical conductivity multi-split parity plot,True
3514,1-ethyl-3-methylimidazolium trifluoromethanesulfonate,CC[n+]1ccn(C)c1.O=S(=O)([O-])C(F)(F)F,313.45,101.325,ElectricalConductivity,1.4299997,0.96998966,0.46001005,test,Random IL,IL,C,Electrical conductivity multi-split parity plot,True
3517,1-ethyl-3-methylimidazolium trifluoromethanesulfonate,CC[n+]1ccn(C)c1.O=S(=O)([O-])C(F)(F)F,316.1,101.325,ElectricalConductivity,1.5800002,1.0522329,0.5277673,test,Random IL,IL,C,Electrical conductivity multi-split parity plot,True
3533,1-ethyl-3-methylimidazolium trifluoromethanesulfonate,CC[n+]1ccn(C)c1.O=S(=O)([O-])C(F)(F)F,321.0,101.325,ElectricalConductivity,1.7900001,1.2137091,0.57629097,test,Random IL,IL,C,Electrical conductivity multi-split parity plot,True
3536,1-ethyl-3-methylimidazolium trifluoromethanesulfonate,CC[n+]1ccn(C)c1.O=S(=O)([O-])C(F)(F)F,323.06,101.325,ElectricalConductivity,1.784,1.2850312,0.49896884,test,Random IL,IL,C,Electrical conductivity multi-split parity plot,True
3543,1-ethyl-3-methylimidazolium trifluoromethanesulfonate,CC[n+]1ccn(C)c1.O=S(=O)([O-])C(F)(F)F,323.15,101.325,ElectricalConductivity,1.781,1.2881913,0.4928087,test,Random IL,IL,C,Electrical conductivity multi-split parity plot,True
3551,1-ethyl-3-methylimidazolium trifluoromethanesulfonate,CC[n+]1ccn(C)c1.O=S(=O)([O-])C(F)(F)F,327.0,101.325,ElectricalConductivity,1.9900004,1.4266446,0.5633558,test,Random IL,IL,C,Electrical conductivity multi-split parity plot,True
3552,1-ethyl-3-methylimidazolium trifluoromethanesulfonate,CC[n+]1ccn(C)c1.O=S(=O)([O-])C(F)(F)F,327.8,101.325,ElectricalConductivity,2.006,1.4561843,0.5498158,test,Random IL,IL,C,Electrical conductivity multi-split parity plot,True
3559,1-ethyl-3-methylimidazolium trifluoromethanesulfonate,CC[n+]1ccn(C)c1.O=S(=O)([O-])C(F)(F)F,328.25,101.325,ElectricalConductivity,2.0500002,1.4729128,0.5770874,test,Random IL,IL,C,Electrical conductivity multi-split parity plot,True
3562,1-ethyl-3-methylimidazolium trifluoromethanesulfonate,CC[n+]1ccn(C)c1.O=S(=O)([O-])C(F)(F)F,328.3,101.325,ElectricalConductivity,2.06,1.4747757,0.5852243,test,Random IL,IL,C,Electrical conductivity multi-split parity plot,True
3576,1-ethyl-3-methylimidazolium trifluoromethanesulfonate,CC[n+]1ccn(C)c1.O=S(=O)([O-])C(F)(F)F,333.1,101.325,ElectricalConductivity,2.242,1.6580336,0.5839665,test,Random IL,IL,C,Electrical conductivity multi-split parity plot,True
3573,1-ethyl-3-methylimidazolium trifluoromethanesulfonate,CC[n+]1ccn(C)c1.O=S(=O)([O-])C(F)(F)F,333.15,101.0,ElectricalConductivity,2.236,1.6600219,0.57597816,test,Random IL,IL,C,Electrical conductivity multi-split parity plot,True
3575,1-ethyl-3-methylimidazolium trifluoromethanesulfonate,CC[n+]1ccn(C)c1.O=S(=O)([O-])C(F)(F)F,333.15,101.325,ElectricalConductivity,2.2175,1.6599858,0.5575142,test,Random IL,IL,C,Electrical conductivity multi-split parity plot,True
3581,1-ethyl-3-methylimidazolium trifluoromethanesulfonate,CC[n+]1ccn(C)c1.O=S(=O)([O-])C(F)(F)F,335.3,101.325,ElectricalConductivity,2.2399998,1.7447548,0.49524498,test,Random IL,IL,C,Electrical conductivity multi-split parity plot,True
3594,1-ethyl-3-methylimidazolium trifluoromethanesulfonate,CC[n+]1ccn(C)c1.O=S(=O)([O-])C(F)(F)F,340.9,101.325,ElectricalConductivity,2.54,1.9725943,0.5674057,test,Random IL,IL,C,Electrical conductivity multi-split parity plot,True
3602,1-ethyl-3-methylimidazolium trifluoromethanesulfonate,CC[n+]1ccn(C)c1.O=S(=O)([O-])C(F)(F)F,343.15,101.325,ElectricalConductivity,2.6755,2.0668356,0.6086643,test,Random IL,IL,C,Electrical conductivity multi-split parity plot,True
3610,1-ethyl-3-methylimidazolium trifluoromethanesulfonate,CC[n+]1ccn(C)c1.O=S(=O)([O-])C(F)(F)F,347.35,101.325,ElectricalConductivity,2.98,2.2466228,0.7333772,test,Random IL,IL,C,Electrical conductivity multi-split parity plot,True
3611,1-ethyl-3-methylimidazolium trifluoromethanesulfonate,CC[n+]1ccn(C)c1.O=S(=O)([O-])C(F)(F)F,347.5,101.325,ElectricalConductivity,2.9899998,2.2531338,0.736866,test,Random IL,IL,C,Electrical conductivity multi-split parity plot,True
3618,1-ethyl-3-methylimidazolium trifluoromethanesulfonate,CC[n+]1ccn(C)c1.O=S(=O)([O-])C(F)(F)F,348.2,101.325,ElectricalConductivity,2.8200002,2.283597,0.5364032,test,Random IL,IL,C,Electrical conductivity multi-split parity plot,True
3627,1-ethyl-3-methylimidazolium trifluoromethanesulfonate,CC[n+]1ccn(C)c1.O=S(=O)([O-])C(F)(F)F,353.15,101.325,ElectricalConductivity,3.2870004,2.5026364,0.784364,test,Random IL,IL,C,Electrical conductivity multi-split parity plot,True
3631,1-ethyl-3-methylimidazolium trifluoromethanesulfonate,CC[n+]1ccn(C)c1.O=S(=O)([O-])C(F)(F)F,353.3,101.325,ElectricalConductivity,3.1459992,2.5093691,0.63663006,test,Random IL,IL,C,Electrical conductivity multi-split parity plot,True
3634,1-ethyl-3-methylimidazolium trifluoromethanesulfonate,CC[n+]1ccn(C)c1.O=S(=O)([O-])C(F)(F)F,355.8,101.325,ElectricalConductivity,3.1899998,2.6223838,0.567616,test,Random IL,IL,C,Electrical conductivity multi-split parity plot,True
3648,1-ethyl-3-methylimidazolium trifluoromethanesulfonate,CC[n+]1ccn(C)c1.O=S(=O)([O-])C(F)(F)F,368.0,101.325,ElectricalConductivity,3.9300005,3.1297753,0.80022526,test,Random IL,IL,C,Electrical conductivity multi-split parity plot,True
3654,1-ethyl-3-methylimidazolium trifluoromethanesulfonate,CC[n+]1ccn(C)c1.O=S(=O)([O-])C(F)(F)F,373.9,101.325,ElectricalConductivity,4.21,3.4042733,0.80572677,test,Random IL,IL,C,Electrical conductivity multi-split parity plot,True
3660,1-ethyl-3-methylimidazolium trifluoromethanesulfonate,CC[n+]1ccn(C)c1.O=S(=O)([O-])C(F)(F)F,382.2,101.325,ElectricalConductivity,4.639999,3.7972333,0.84276557,test,Random IL,IL,C,Electrical conductivity multi-split parity plot,True
3666,1-ethyl-3-methylimidazolium trifluoromethanesulfonate,CC[n+]1ccn(C)c1.O=S(=O)([O-])C(F)(F)F,390.9,101.325,ElectricalConductivity,5.2900004,4.214443,1.0755572,test,Random IL,IL,C,Electrical conductivity multi-split parity plot,True
3678,1-ethyl-3-methylimidazolium trifluoromethanesulfonate,CC[n+]1ccn(C)c1.O=S(=O)([O-])C(F)(F)F,409.3,101.325,ElectricalConductivity,6.519999,5.0976634,1.4223356,test,Random IL,IL,C,Electrical conductivity multi-split parity plot,True
3768,1-ethyl-3-methylimidazolium tris(pentafluoroethyl)trifluorophosphate,CCn1cc[n+](C)c1.FC(F)(F)C(F)(F)[P-](F)(F)(F)(C(F)(F)C(F)(F)F)C(F)(F)C(F)(F)F,278.15,101.0,ElectricalConductivity,0.22399999,0.09715425,0.12684575,test,Random IL,IL,C,Electrical conductivity multi-split parity plot,True
3779,1-ethyl-3-methylimidazolium tris(pentafluoroethyl)trifluorophosphate,CCn1cc[n+](C)c1.FC(F)(F)C(F)(F)[P-](F)(F)(F)(C(F)(F)C(F)(F)F)C(F)(F)C(F)(F)F,288.15,101.0,ElectricalConductivity,0.36199996,0.17530571,0.18669425,test,Random IL,IL,C,Electrical conductivity multi-split parity plot,True
3794,1-ethyl-3-methylimidazolium tris(pentafluoroethyl)trifluorophosphate,CCn1cc[n+](C)c1.FC(F)(F)C(F)(F)[P-](F)(F)(F)(C(F)(F)C(F)(F)F)C(F)(F)C(F)(F)F,298.15,101.0,ElectricalConductivity,0.539,0.2840833,0.25491667,test,Random IL,IL,C,Electrical conductivity multi-split parity plot,True
3811,1-ethyl-3-methylimidazolium tris(pentafluoroethyl)trifluorophosphate,CCn1cc[n+](C)c1.FC(F)(F)C(F)(F)[P-](F)(F)(F)(C(F)(F)C(F)(F)F)C(F)(F)C(F)(F)F,308.15,101.0,ElectricalConductivity,0.757,0.42353284,0.3334672,test,Random IL,IL,C,Electrical conductivity multi-split parity plot,True
3825,1-ethyl-3-methylimidazolium tris(pentafluoroethyl)trifluorophosphate,CCn1cc[n+](C)c1.FC(F)(F)C(F)(F)[P-](F)(F)(F)(C(F)(F)C(F)(F)F)C(F)(F)C(F)(F)F,318.15,101.0,ElectricalConductivity,1.018,0.59510726,0.42289275,test,Random IL,IL,C,Electrical conductivity multi-split parity plot,True
3837,1-ethyl-3-methylimidazolium tris(pentafluoroethyl)trifluorophosphate,CCn1cc[n+](C)c1.FC(F)(F)C(F)(F)[P-](F)(F)(F)(C(F)(F)C(F)(F)F)C(F)(F)C(F)(F)F,328.15,101.0,ElectricalConductivity,1.3180001,0.80046976,0.5175303,test,Random IL,IL,C,Electrical conductivity multi-split parity plot,True
3854,1-ethyl-3-methylimidazolium tris(pentafluoroethyl)trifluorophosphate,CCn1cc[n+](C)c1.FC(F)(F)C(F)(F)[P-](F)(F)(F)(C(F)(F)C(F)(F)F)C(F)(F)C(F)(F)F,338.15,101.0,ElectricalConductivity,1.6579999,1.0385944,0.6194055,test,Random IL,IL,C,Electrical conductivity multi-split parity plot,True
3867,1-ethyl-3-methylimidazolium tris(pentafluoroethyl)trifluorophosphate,CCn1cc[n+](C)c1.FC(F)(F)C(F)(F)[P-](F)(F)(F)(C(F)(F)C(F)(F)F)C(F)(F)C(F)(F)F,348.15,101.0,ElectricalConductivity,2.028,1.3070328,0.7209673,test,Random IL,IL,C,Electrical conductivity multi-split parity plot,True
3874,1-ethyl-3-methylimidazolium tris(pentafluoroethyl)trifluorophosphate,CCn1cc[n+](C)c1.FC(F)(F)C(F)(F)[P-](F)(F)(F)(C(F)(F)C(F)(F)F)C(F)(F)C(F)(F)F,358.15,101.0,ElectricalConductivity,2.429,1.6032586,0.8257413,test,Random IL,IL,C,Electrical conductivity multi-split parity plot,True
3877,1-ethyl-3-methylimidazolium tris(pentafluoroethyl)trifluorophosphate,CCn1cc[n+](C)c1.FC(F)(F)C(F)(F)[P-](F)(F)(F)(C(F)(F)C(F)(F)F)C(F)(F)C(F)(F)F,368.15,101.0,ElectricalConductivity,2.8559995,1.924396,0.93160343,test,Random IL,IL,C,Electrical conductivity multi-split parity plot,True
3879,1-ethyl-3-methylimidazolium tris(pentafluoroethyl)trifluorophosphate,CCn1cc[n+](C)c1.FC(F)(F)C(F)(F)[P-](F)(F)(F)(C(F)(F)C(F)(F)F)C(F)(F)C(F)(F)F,378.15,101.0,ElectricalConductivity,3.3079998,2.2667112,1.0412886,test,Random IL,IL,C,Electrical conductivity multi-split parity plot,True
3880,1-ethyl-3-methylimidazolium tris(pentafluoroethyl)trifluorophosphate,CCn1cc[n+](C)c1.FC(F)(F)C(F)(F)[P-](F)(F)(F)(C(F)(F)C(F)(F)F)C(F)(F)C(F)(F)F,388.15,101.0,ElectricalConductivity,3.7810004,2.6253405,1.1556599,test,Random IL,IL,C,Electrical conductivity multi-split parity plot,True
3881,1-ethyl-3-methylimidazolium tris(pentafluoroethyl)trifluorophosphate,CCn1cc[n+](C)c1.FC(F)(F)C(F)(F)[P-](F)(F)(F)(C(F)(F)C(F)(F)F)C(F)(F)C(F)(F)F,398.15,101.0,ElectricalConductivity,4.2750006,2.9945464,1.2804542,test,Random IL,IL,C,Electrical conductivity multi-split parity plot,True
3882,1-ethyl-3-methylimidazolium tris(pentafluoroethyl)trifluorophosphate,CCn1cc[n+](C)c1.FC(F)(F)C(F)(F)[P-](F)(F)(F)(C(F)(F)C(F)(F)F)C(F)(F)C(F)(F)F,408.15,101.0,ElectricalConductivity,4.786,3.3683043,1.4176955,test,Random IL,IL,C,Electrical conductivity multi-split parity plot,True
3883,1-ethyl-3-methylimidazolium tris(pentafluoroethyl)trifluorophosphate,CCn1cc[n+](C)c1.FC(F)(F)C(F)(F)[P-](F)(F)(F)(C(F)(F)C(F)(F)F)C(F)(F)C(F)(F)F,418.15,101.0,ElectricalConductivity,5.3090014,3.7407975,1.5682039,test,Random IL,IL,C,Electrical conductivity multi-split parity plot,True
3884,1-ethyl-3-methylimidazolium tris(pentafluoroethyl)trifluorophosphate,CCn1cc[n+](C)c1.FC(F)(F)C(F)(F)[P-](F)(F)(F)(C(F)(F)C(F)(F)F)C(F)(F)C(F)(F)F,428.15,101.0,ElectricalConductivity,5.8469987,4.10666,1.7403388,test,Random IL,IL,C,Electrical conductivity multi-split parity plot,True
3885,1-ethyl-3-methylimidazolium tris(pentafluoroethyl)trifluorophosphate,CCn1cc[n+](C)c1.FC(F)(F)C(F)(F)[P-](F)(F)(F)(C(F)(F)C(F)(F)F)C(F)(F)C(F)(F)F,438.15,101.0,ElectricalConductivity,6.399001,4.4609327,1.9380684,test,Random IL,IL,C,Electrical conductivity multi-split parity plot,True
3886,1-ethyl-3-methylimidazolium tris(pentafluoroethyl)trifluorophosphate,CCn1cc[n+](C)c1.FC(F)(F)C(F)(F)[P-](F)(F)(F)(C(F)(F)C(F)(F)F)C(F)(F)C(F)(F)F,448.15,101.0,ElectricalConductivity,6.9629993,4.7989135,2.1640859,test,Random IL,IL,C,Electrical conductivity multi-split parity plot,True
3887,1-ethyl-3-methylimidazolium tris(pentafluoroethyl)trifluorophosphate,CCn1cc[n+](C)c1.FC(F)(F)C(F)(F)[P-](F)(F)(F)(C(F)(F)C(F)(F)F)C(F)(F)C(F)(F)F,458.15,101.0,ElectricalConductivity,7.533003,5.115898,2.4171047,test,Random IL,IL,C,Electrical conductivity multi-split parity plot,True
3888,1-ethyl-3-methylimidazolium tris(pentafluoroethyl)trifluorophosphate,CCn1cc[n+](C)c1.FC(F)(F)C(F)(F)[P-](F)(F)(F)(C(F)(F)C(F)(F)F)C(F)(F)C(F)(F)F,468.15,101.0,ElectricalConductivity,8.111998,5.407003,2.7049947,test,Random IL,IL,C,Electrical conductivity multi-split parity plot,True
3172,1-ethyl-3-methylpyridinium perfluoropentanoate,CC[n+]1cccc(C)c1.O=C([O-])C(F)(F)C(F)(F)C(F)(F)C(F)(F)F,293.15,101.325,ElectricalConductivity,0.091499984,0.016404344,0.07509564,test,Random IL,IL,C,Electrical conductivity multi-split parity plot,True
3173,1-ethyl-3-methylpyridinium perfluoropentanoate,CC[n+]1cccc(C)c1.O=C([O-])C(F)(F)C(F)(F)C(F)(F)C(F)(F)F,298.15,101.325,ElectricalConductivity,0.12,0.028382394,0.0916176,test,Random IL,IL,C,Electrical conductivity multi-split parity plot,True
3175,1-ethyl-3-methylpyridinium perfluoropentanoate,CC[n+]1cccc(C)c1.O=C([O-])C(F)(F)C(F)(F)C(F)(F)C(F)(F)F,303.15,101.325,ElectricalConductivity,0.155,0.045527957,0.109472044,test,Random IL,IL,C,Electrical conductivity multi-split parity plot,True
3176,1-ethyl-3-methylpyridinium perfluoropentanoate,CC[n+]1cccc(C)c1.O=C([O-])C(F)(F)C(F)(F)C(F)(F)C(F)(F)F,308.15,101.325,ElectricalConductivity,0.19399999,0.06811019,0.12588981,test,Random IL,IL,C,Electrical conductivity multi-split parity plot,True
3178,1-ethyl-3-methylpyridinium perfluoropentanoate,CC[n+]1cccc(C)c1.O=C([O-])C(F)(F)C(F)(F)C(F)(F)C(F)(F)F,313.15,101.325,ElectricalConductivity,0.239,0.095923886,0.1430761,test,Random IL,IL,C,Electrical conductivity multi-split parity plot,True
3180,1-ethyl-3-methylpyridinium perfluoropentanoate,CC[n+]1cccc(C)c1.O=C([O-])C(F)(F)C(F)(F)C(F)(F)C(F)(F)F,318.15,101.325,ElectricalConductivity,0.289,0.12852038,0.16047962,test,Random IL,IL,C,Electrical conductivity multi-split parity plot,True
3181,1-ethyl-3-methylpyridinium perfluoropentanoate,CC[n+]1cccc(C)c1.O=C([O-])C(F)(F)C(F)(F)C(F)(F)C(F)(F)F,323.15,101.325,ElectricalConductivity,0.355,0.16545112,0.18954886,test,Random IL,IL,C,Electrical conductivity multi-split parity plot,True
1749,1-hexyl-3-methylimidazolium trifluoromethanesulfonate,CCCCCC[n+]1ccn(C)c1.O=S(=O)([O-])C(F)(F)F,298.15,101.325,ElectricalConductivity,0.73,0.15613481,0.5738652,test,Random IL,IL,C,Electrical conductivity multi-split parity plot,True
1578,"1-hexyl-3-methylpyridinium 1,1,1-trifluoro-N-[(trifluoromethyl)sulfonyl]methanesulfonamide",CCCCCC[n+]1cccc(C)c1.O=S(=O)([N-]S(=O)(=O)C(F)(F)F)C(F)(F)F,278.15,100.0,ElectricalConductivity,0.04950001,0.046512287,0.0029877238,test,Random IL,IL,C,Electrical conductivity multi-split parity plot,True
1581,"1-hexyl-3-methylpyridinium 1,1,1-trifluoro-N-[(trifluoromethyl)sulfonyl]methanesulfonamide",CCCCCC[n+]1cccc(C)c1.O=S(=O)([N-]S(=O)(=O)C(F)(F)F)C(F)(F)F,283.15,100.0,ElectricalConductivity,0.067,0.061334692,0.0056653097,test,Random IL,IL,C,Electrical conductivity multi-split parity plot,True
1582,"1-hexyl-3-methylpyridinium 1,1,1-trifluoro-N-[(trifluoromethyl)sulfonyl]methanesulfonamide",CCCCCC[n+]1cccc(C)c1.O=S(=O)([N-]S(=O)(=O)C(F)(F)F)C(F)(F)F,288.15,100.0,ElectricalConductivity,0.08849999,0.080047704,0.008452289,test,Random IL,IL,C,Electrical conductivity multi-split parity plot,True
1585,"1-hexyl-3-methylpyridinium 1,1,1-trifluoro-N-[(trifluoromethyl)sulfonyl]methanesulfonamide",CCCCCC[n+]1cccc(C)c1.O=S(=O)([N-]S(=O)(=O)C(F)(F)F)C(F)(F)F,293.15,100.0,ElectricalConductivity,0.11570002,0.1034248,0.012275219,test,Random IL,IL,C,Electrical conductivity multi-split parity plot,True
1589,"1-hexyl-3-methylpyridinium 1,1,1-trifluoro-N-[(trifluoromethyl)sulfonyl]methanesulfonamide",CCCCCC[n+]1cccc(C)c1.O=S(=O)([N-]S(=O)(=O)C(F)(F)F)C(F)(F)F,298.15,100.0,ElectricalConductivity,0.148,0.13222462,0.015775383,test,Random IL,IL,C,Electrical conductivity multi-split parity plot,True
1592,"1-hexyl-3-methylpyridinium 1,1,1-trifluoro-N-[(trifluoromethyl)sulfonyl]methanesulfonamide",CCCCCC[n+]1cccc(C)c1.O=S(=O)([N-]S(=O)(=O)C(F)(F)F)C(F)(F)F,303.15,100.0,ElectricalConductivity,0.1869,0.16714652,0.019753486,test,Random IL,IL,C,Electrical conductivity multi-split parity plot,True
1595,"1-hexyl-3-methylpyridinium 1,1,1-trifluoro-N-[(trifluoromethyl)sulfonyl]methanesulfonamide",CCCCCC[n+]1cccc(C)c1.O=S(=O)([N-]S(=O)(=O)C(F)(F)F)C(F)(F)F,308.15,100.0,ElectricalConductivity,0.23099999,0.2087945,0.022205487,test,Random IL,IL,C,Electrical conductivity multi-split parity plot,True
1599,"1-hexyl-3-methylpyridinium 1,1,1-trifluoro-N-[(trifluoromethyl)sulfonyl]methanesulfonamide",CCCCCC[n+]1cccc(C)c1.O=S(=O)([N-]S(=O)(=O)C(F)(F)F)C(F)(F)F,313.15,100.0,ElectricalConductivity,0.283,0.257641,0.025359005,test,Random IL,IL,C,Electrical conductivity multi-split parity plot,True
1601,"1-hexyl-3-methylpyridinium 1,1,1-trifluoro-N-[(trifluoromethyl)sulfonyl]methanesulfonamide",CCCCCC[n+]1cccc(C)c1.O=S(=O)([N-]S(=O)(=O)C(F)(F)F)C(F)(F)F,318.15,100.0,ElectricalConductivity,0.342,0.3139733,0.0280267,test,Random IL,IL,C,Electrical conductivity multi-split parity plot,True
1605,"1-hexyl-3-methylpyridinium 1,1,1-trifluoro-N-[(trifluoromethyl)sulfonyl]methanesulfonamide",CCCCCC[n+]1cccc(C)c1.O=S(=O)([N-]S(=O)(=O)C(F)(F)F)C(F)(F)F,323.15,100.0,ElectricalConductivity,0.406,0.37782583,0.028174162,test,Random IL,IL,C,Electrical conductivity multi-split parity plot,True
1607,"1-hexyl-3-methylpyridinium 1,1,1-trifluoro-N-[(trifluoromethyl)sulfonyl]methanesulfonamide",CCCCCC[n+]1cccc(C)c1.O=S(=O)([N-]S(=O)(=O)C(F)(F)F)C(F)(F)F,328.15,100.0,ElectricalConductivity,0.477,0.44894016,0.02805984,test,Random IL,IL,C,Electrical conductivity multi-split parity plot,True
1609,"1-hexyl-3-methylpyridinium 1,1,1-trifluoro-N-[(trifluoromethyl)sulfonyl]methanesulfonamide",CCCCCC[n+]1cccc(C)c1.O=S(=O)([N-]S(=O)(=O)C(F)(F)F)C(F)(F)F,333.15,100.0,ElectricalConductivity,0.553,0.52680176,0.026198208,test,Random IL,IL,C,Electrical conductivity multi-split parity plot,True
1612,"1-hexyl-3-methylpyridinium 1,1,1-trifluoro-N-[(trifluoromethyl)sulfonyl]methanesulfonamide",CCCCCC[n+]1cccc(C)c1.O=S(=O)([N-]S(=O)(=O)C(F)(F)F)C(F)(F)F,338.15,100.0,ElectricalConductivity,0.638,0.610743,0.027257025,test,Random IL,IL,C,Electrical conductivity multi-split parity plot,True
1615,"1-hexyl-3-methylpyridinium 1,1,1-trifluoro-N-[(trifluoromethyl)sulfonyl]methanesulfonamide",CCCCCC[n+]1cccc(C)c1.O=S(=O)([N-]S(=O)(=O)C(F)(F)F)C(F)(F)F,343.15,100.0,ElectricalConductivity,0.728,0.700054,0.027945995,test,Random IL,IL,C,Electrical conductivity multi-split parity plot,True
1617,"1-hexyl-3-methylpyridinium 1,1,1-trifluoro-N-[(trifluoromethyl)sulfonyl]methanesulfonamide",CCCCCC[n+]1cccc(C)c1.O=S(=O)([N-]S(=O)(=O)C(F)(F)F)C(F)(F)F,348.15,100.0,ElectricalConductivity,0.822,0.7940639,0.027936101,test,Random IL,IL,C,Electrical conductivity multi-split parity plot,True
1618,"1-hexyl-3-methylpyridinium 1,1,1-trifluoro-N-[(trifluoromethyl)sulfonyl]methanesulfonamide",CCCCCC[n+]1cccc(C)c1.O=S(=O)([N-]S(=O)(=O)C(F)(F)F)C(F)(F)F,353.15,100.0,ElectricalConductivity,0.92000014,0.89218223,0.027817905,test,Random IL,IL,C,Electrical conductivity multi-split parity plot,True
1641,1-hexylpyridinium bis(trifluromethylsulfonyl)imide,CCCCCC[n+]1ccccc1.O=S(=O)([N-]S(=O)(=O)C(F)(F)F)C(F)(F)F,283.15,101.0,ElectricalConductivity,0.0737,0.06545694,0.008243062,test,Random IL,IL,C,Electrical conductivity multi-split parity plot,True
1642,1-hexylpyridinium bis(trifluromethylsulfonyl)imide,CCCCCC[n+]1ccccc1.O=S(=O)([N-]S(=O)(=O)C(F)(F)F)C(F)(F)F,283.15,101.325,ElectricalConductivity,0.076000005,0.065457,0.010543004,test,Random IL,IL,C,Electrical conductivity multi-split parity plot,True
1647,1-hexylpyridinium bis(trifluromethylsulfonyl)imide,CCCCCC[n+]1ccccc1.O=S(=O)([N-]S(=O)(=O)C(F)(F)F)C(F)(F)F,288.15,101.325,ElectricalConductivity,0.09999999,0.08496048,0.015039504,test,Random IL,IL,C,Electrical conductivity multi-split parity plot,True
1651,1-hexylpyridinium bis(trifluromethylsulfonyl)imide,CCCCCC[n+]1ccccc1.O=S(=O)([N-]S(=O)(=O)C(F)(F)F)C(F)(F)F,293.0,101.325,ElectricalConductivity,0.101,0.108310305,0.007310301,test,Random IL,IL,C,Electrical conductivity multi-split parity plot,True
1653,1-hexylpyridinium bis(trifluromethylsulfonyl)imide,CCCCCC[n+]1ccccc1.O=S(=O)([N-]S(=O)(=O)C(F)(F)F)C(F)(F)F,293.15,101.0,ElectricalConductivity,0.1285,0.109109886,0.019390114,test,Random IL,IL,C,Electrical conductivity multi-split parity plot,True
1654,1-hexylpyridinium bis(trifluromethylsulfonyl)imide,CCCCCC[n+]1ccccc1.O=S(=O)([N-]S(=O)(=O)C(F)(F)F)C(F)(F)F,293.15,101.325,ElectricalConductivity,0.13,0.109109215,0.02089078,test,Random IL,IL,C,Electrical conductivity multi-split parity plot,True
1660,1-hexylpyridinium bis(trifluromethylsulfonyl)imide,CCCCCC[n+]1ccccc1.O=S(=O)([N-]S(=O)(=O)C(F)(F)F)C(F)(F)F,298.15,101.0,ElectricalConductivity,0.163,0.13861552,0.024384484,test,Random IL,IL,C,Electrical conductivity multi-split parity plot,True
1661,1-hexylpyridinium bis(trifluromethylsulfonyl)imide,CCCCCC[n+]1ccccc1.O=S(=O)([N-]S(=O)(=O)C(F)(F)F)C(F)(F)F,298.15,101.325,ElectricalConductivity,0.166,0.13861418,0.027385816,test,Random IL,IL,C,Electrical conductivity multi-split parity plot,True
1666,1-hexylpyridinium bis(trifluromethylsulfonyl)imide,CCCCCC[n+]1ccccc1.O=S(=O)([N-]S(=O)(=O)C(F)(F)F)C(F)(F)F,303.0,101.325,ElectricalConductivity,0.155,0.17297065,0.017970651,test,Random IL,IL,C,Electrical conductivity multi-split parity plot,True
1668,1-hexylpyridinium bis(trifluromethylsulfonyl)imide,CCCCCC[n+]1ccccc1.O=S(=O)([N-]S(=O)(=O)C(F)(F)F)C(F)(F)F,303.15,101.0,ElectricalConductivity,0.205,0.17413142,0.030868575,test,Random IL,IL,C,Electrical conductivity multi-split parity plot,True
1669,1-hexylpyridinium bis(trifluromethylsulfonyl)imide,CCCCCC[n+]1ccccc1.O=S(=O)([N-]S(=O)(=O)C(F)(F)F)C(F)(F)F,303.15,101.325,ElectricalConductivity,0.208,0.17412913,0.033870876,test,Random IL,IL,C,Electrical conductivity multi-split parity plot,True
1674,1-hexylpyridinium bis(trifluromethylsulfonyl)imide,CCCCCC[n+]1ccccc1.O=S(=O)([N-]S(=O)(=O)C(F)(F)F)C(F)(F)F,308.15,101.325,ElectricalConductivity,0.257,0.21621855,0.040781453,test,Random IL,IL,C,Electrical conductivity multi-split parity plot,True
1678,1-hexylpyridinium bis(trifluromethylsulfonyl)imide,CCCCCC[n+]1ccccc1.O=S(=O)([N-]S(=O)(=O)C(F)(F)F)C(F)(F)F,313.0,101.325,ElectricalConductivity,0.22999999,0.2637436,0.03374362,test,Random IL,IL,C,Electrical conductivity multi-split parity plot,True
1680,1-hexylpyridinium bis(trifluromethylsulfonyl)imide,CCCCCC[n+]1ccccc1.O=S(=O)([N-]S(=O)(=O)C(F)(F)F)C(F)(F)F,313.15,101.0,ElectricalConductivity,0.30599996,0.26532665,0.040673316,test,Random IL,IL,C,Electrical conductivity multi-split parity plot,True
1681,1-hexylpyridinium bis(trifluromethylsulfonyl)imide,CCCCCC[n+]1ccccc1.O=S(=O)([N-]S(=O)(=O)C(F)(F)F)C(F)(F)F,313.15,101.325,ElectricalConductivity,0.311,0.2653217,0.045678288,test,Random IL,IL,C,Electrical conductivity multi-split parity plot,True
1686,1-hexylpyridinium bis(trifluromethylsulfonyl)imide,CCCCCC[n+]1ccccc1.O=S(=O)([N-]S(=O)(=O)C(F)(F)F)C(F)(F)F,318.15,101.325,ElectricalConductivity,0.387,0.32169774,0.06530225,test,Random IL,IL,C,Electrical conductivity multi-split parity plot,True
1690,1-hexylpyridinium bis(trifluromethylsulfonyl)imide,CCCCCC[n+]1ccccc1.O=S(=O)([N-]S(=O)(=O)C(F)(F)F)C(F)(F)F,323.0,101.325,ElectricalConductivity,0.342,0.38334364,0.04134363,test,Random IL,IL,C,Electrical conductivity multi-split parity plot,True
1692,1-hexylpyridinium bis(trifluromethylsulfonyl)imide,CCCCCC[n+]1ccccc1.O=S(=O)([N-]S(=O)(=O)C(F)(F)F)C(F)(F)F,323.15,101.325,ElectricalConductivity,0.446,0.38535738,0.06064263,test,Random IL,IL,C,Electrical conductivity multi-split parity plot,True
1697,1-hexylpyridinium bis(trifluromethylsulfonyl)imide,CCCCCC[n+]1ccccc1.O=S(=O)([N-]S(=O)(=O)C(F)(F)F)C(F)(F)F,328.15,101.325,ElectricalConductivity,0.538,0.45602396,0.08197603,test,Random IL,IL,C,Electrical conductivity multi-split parity plot,True
1701,1-hexylpyridinium bis(trifluromethylsulfonyl)imide,CCCCCC[n+]1ccccc1.O=S(=O)([N-]S(=O)(=O)C(F)(F)F)C(F)(F)F,333.0,101.325,ElectricalConductivity,0.43800002,0.5307715,0.09277147,test,Random IL,IL,C,Electrical conductivity multi-split parity plot,True
1703,1-hexylpyridinium bis(trifluromethylsulfonyl)imide,CCCCCC[n+]1ccccc1.O=S(=O)([N-]S(=O)(=O)C(F)(F)F)C(F)(F)F,333.15,101.325,ElectricalConductivity,0.621,0.533174,0.08782601,test,Random IL,IL,C,Electrical conductivity multi-split parity plot,True
1708,1-hexylpyridinium bis(trifluromethylsulfonyl)imide,CCCCCC[n+]1ccccc1.O=S(=O)([N-]S(=O)(=O)C(F)(F)F)C(F)(F)F,338.15,101.325,ElectricalConductivity,0.71199995,0.6161427,0.09585726,test,Random IL,IL,C,Electrical conductivity multi-split parity plot,True
1710,1-hexylpyridinium bis(trifluromethylsulfonyl)imide,CCCCCC[n+]1ccccc1.O=S(=O)([N-]S(=O)(=O)C(F)(F)F)C(F)(F)F,343.0,101.325,ElectricalConductivity,0.569,0.7015279,0.13252789,test,Random IL,IL,C,Electrical conductivity multi-split parity plot,True
1195,1-methyl-3-octylimidazolium bis(trifluoromethylsulfonyl)imide,CCCCCCCCn1cc[n+](C)c1.O=S(=O)([N-]S(=O)(=O)C(F)(F)F)C(F)(F)F,263.0,101.325,ElectricalConductivity,0.0139999995,0.012162615,0.0018373849,test,Random IL,IL,C,Electrical conductivity multi-split parity plot,True
1196,1-methyl-3-octylimidazolium bis(trifluoromethylsulfonyl)imide,CCCCCCCCn1cc[n+](C)c1.O=S(=O)([N-]S(=O)(=O)C(F)(F)F)C(F)(F)F,263.15,101.325,ElectricalConductivity,0.0144500015,0.012294281,0.0021557203,test,Random IL,IL,C,Electrical conductivity multi-split parity plot,True
1198,1-methyl-3-octylimidazolium bis(trifluoromethylsulfonyl)imide,CCCCCCCCn1cc[n+](C)c1.O=S(=O)([N-]S(=O)(=O)C(F)(F)F)C(F)(F)F,273.0,101.325,ElectricalConductivity,0.031000003,0.023346951,0.007653052,test,Random IL,IL,C,Electrical conductivity multi-split parity plot,True
1199,1-methyl-3-octylimidazolium bis(trifluoromethylsulfonyl)imide,CCCCCCCCn1cc[n+](C)c1.O=S(=O)([N-]S(=O)(=O)C(F)(F)F)C(F)(F)F,273.15,101.0,ElectricalConductivity,0.030799996,0.023557443,0.007242553,test,Random IL,IL,C,Electrical conductivity multi-split parity plot,True
1200,1-methyl-3-octylimidazolium bis(trifluoromethylsulfonyl)imide,CCCCCCCCn1cc[n+](C)c1.O=S(=O)([N-]S(=O)(=O)C(F)(F)F)C(F)(F)F,273.15,101.325,ElectricalConductivity,0.031499997,0.023557637,0.00794236,test,Random IL,IL,C,Electrical conductivity multi-split parity plot,True
1203,1-methyl-3-octylimidazolium bis(trifluoromethylsulfonyl)imide,CCCCCCCCn1cc[n+](C)c1.O=S(=O)([N-]S(=O)(=O)C(F)(F)F)C(F)(F)F,278.15,101.0,ElectricalConductivity,0.043199997,0.031486977,0.0117130205,test,Random IL,IL,C,Electrical conductivity multi-split parity plot,True
1207,1-methyl-3-octylimidazolium bis(trifluoromethylsulfonyl)imide,CCCCCCCCn1cc[n+](C)c1.O=S(=O)([N-]S(=O)(=O)C(F)(F)F)C(F)(F)F,283.0,101.325,ElectricalConductivity,0.059000004,0.04112816,0.017871846,test,Random IL,IL,C,Electrical conductivity multi-split parity plot,True
1208,1-methyl-3-octylimidazolium bis(trifluoromethylsulfonyl)imide,CCCCCCCCn1cc[n+](C)c1.O=S(=O)([N-]S(=O)(=O)C(F)(F)F)C(F)(F)F,283.15,101.0,ElectricalConductivity,0.059000004,0.041461423,0.017538581,test,Random IL,IL,C,Electrical conductivity multi-split parity plot,True
1209,1-methyl-3-octylimidazolium bis(trifluoromethylsulfonyl)imide,CCCCCCCCn1cc[n+](C)c1.O=S(=O)([N-]S(=O)(=O)C(F)(F)F)C(F)(F)F,283.15,101.325,ElectricalConductivity,0.0601,0.041461475,0.018638525,test,Random IL,IL,C,Electrical conductivity multi-split parity plot,True
1213,1-methyl-3-octylimidazolium bis(trifluoromethylsulfonyl)imide,CCCCCCCCn1cc[n+](C)c1.O=S(=O)([N-]S(=O)(=O)C(F)(F)F)C(F)(F)F,288.15,101.0,ElectricalConductivity,0.07839999,0.053948615,0.024451379,test,Random IL,IL,C,Electrical conductivity multi-split parity plot,True
1222,1-methyl-3-octylimidazolium bis(trifluoromethylsulfonyl)imide,CCCCCCCCn1cc[n+](C)c1.O=S(=O)([N-]S(=O)(=O)C(F)(F)F)C(F)(F)F,293.15,101.0,ElectricalConductivity,0.10230001,0.06945758,0.032842427,test,Random IL,IL,C,Electrical conductivity multi-split parity plot,True
1223,1-methyl-3-octylimidazolium bis(trifluoromethylsulfonyl)imide,CCCCCCCCn1cc[n+](C)c1.O=S(=O)([N-]S(=O)(=O)C(F)(F)F)C(F)(F)F,293.15,101.325,ElectricalConductivity,0.10180002,0.06945716,0.03234286,test,Random IL,IL,C,Electrical conductivity multi-split parity plot,True
1230,1-methyl-3-octylimidazolium bis(trifluoromethylsulfonyl)imide,CCCCCCCCn1cc[n+](C)c1.O=S(=O)([N-]S(=O)(=O)C(F)(F)F)C(F)(F)F,295.1,101.325,ElectricalConductivity,0.19000001,0.07643807,0.11356194,test,Random IL,IL,C,Electrical conductivity multi-split parity plot,True
1242,1-methyl-3-octylimidazolium bis(trifluoromethylsulfonyl)imide,CCCCCCCCn1cc[n+](C)c1.O=S(=O)([N-]S(=O)(=O)C(F)(F)F)C(F)(F)F,298.1,101.325,ElectricalConductivity,0.135,0.08830333,0.046696678,test,Random IL,IL,C,Electrical conductivity multi-split parity plot,True
1237,1-methyl-3-octylimidazolium bis(trifluoromethylsulfonyl)imide,CCCCCCCCn1cc[n+](C)c1.O=S(=O)([N-]S(=O)(=O)C(F)(F)F)C(F)(F)F,298.15,100.0,ElectricalConductivity,0.13099998,0.08851666,0.042483322,test,Random IL,IL,C,Electrical conductivity multi-split parity plot,True
1238,1-methyl-3-octylimidazolium bis(trifluoromethylsulfonyl)imide,CCCCCCCCn1cc[n+](C)c1.O=S(=O)([N-]S(=O)(=O)C(F)(F)F)C(F)(F)F,298.15,101.0,ElectricalConductivity,0.1311,0.08851399,0.042586006,test,Random IL,IL,C,Electrical conductivity multi-split parity plot,True
1239,1-methyl-3-octylimidazolium bis(trifluoromethylsulfonyl)imide,CCCCCCCCn1cc[n+](C)c1.O=S(=O)([N-]S(=O)(=O)C(F)(F)F)C(F)(F)F,298.15,101.325,ElectricalConductivity,0.13,0.08851311,0.04148688,test,Random IL,IL,C,Electrical conductivity multi-split parity plot,True
1254,1-methyl-3-octylimidazolium bis(trifluoromethylsulfonyl)imide,CCCCCCCCn1cc[n+](C)c1.O=S(=O)([N-]S(=O)(=O)C(F)(F)F)C(F)(F)F,303.15,101.0,ElectricalConductivity,0.16390002,0.111638084,0.052261934,test,Random IL,IL,C,Electrical conductivity multi-split parity plot,True
1255,1-methyl-3-octylimidazolium bis(trifluoromethylsulfonyl)imide,CCCCCCCCn1cc[n+](C)c1.O=S(=O)([N-]S(=O)(=O)C(F)(F)F)C(F)(F)F,303.15,101.325,ElectricalConductivity,0.16245,0.111636594,0.050813407,test,Random IL,IL,C,Electrical conductivity multi-split parity plot,True
1270,1-methyl-3-octylimidazolium bis(trifluoromethylsulfonyl)imide,CCCCCCCCn1cc[n+](C)c1.O=S(=O)([N-]S(=O)(=O)C(F)(F)F)C(F)(F)F,308.15,101.0,ElectricalConductivity,0.2039,0.13932465,0.064575344,test,Random IL,IL,C,Electrical conductivity multi-split parity plot,True
1284,1-methyl-3-octylimidazolium bis(trifluoromethylsulfonyl)imide,CCCCCCCCn1cc[n+](C)c1.O=S(=O)([N-]S(=O)(=O)C(F)(F)F)C(F)(F)F,313.15,101.0,ElectricalConductivity,0.24629998,0.17201501,0.07428497,test,Random IL,IL,C,Electrical conductivity multi-split parity plot,True
1285,1-methyl-3-octylimidazolium bis(trifluoromethylsulfonyl)imide,CCCCCCCCn1cc[n+](C)c1.O=S(=O)([N-]S(=O)(=O)C(F)(F)F)C(F)(F)F,313.15,101.325,ElectricalConductivity,0.24325,0.17201163,0.07123837,test,Random IL,IL,C,Electrical conductivity multi-split parity plot,True
1300,1-methyl-3-octylimidazolium bis(trifluoromethylsulfonyl)imide,CCCCCCCCn1cc[n+](C)c1.O=S(=O)([N-]S(=O)(=O)C(F)(F)F)C(F)(F)F,318.15,101.0,ElectricalConductivity,0.2979,0.21004589,0.0878541,test,Random IL,IL,C,Electrical conductivity multi-split parity plot,True
1315,1-methyl-3-octylimidazolium bis(trifluoromethylsulfonyl)imide,CCCCCCCCn1cc[n+](C)c1.O=S(=O)([N-]S(=O)(=O)C(F)(F)F)C(F)(F)F,323.15,101.0,ElectricalConductivity,0.351,0.25357762,0.09742239,test,Random IL,IL,C,Electrical conductivity multi-split parity plot,True
1316,1-methyl-3-octylimidazolium bis(trifluoromethylsulfonyl)imide,CCCCCCCCn1cc[n+](C)c1.O=S(=O)([N-]S(=O)(=O)C(F)(F)F)C(F)(F)F,323.15,101.325,ElectricalConductivity,0.35,0.25357166,0.096428335,test,Random IL,IL,C,Electrical conductivity multi-split parity plot,True
1326,1-methyl-3-octylimidazolium bis(trifluoromethylsulfonyl)imide,CCCCCCCCn1cc[n+](C)c1.O=S(=O)([N-]S(=O)(=O)C(F)(F)F)C(F)(F)F,328.15,101.0,ElectricalConductivity,0.41510004,0.30254897,0.11255106,test,Random IL,IL,C,Electrical conductivity multi-split parity plot,True
1342,1-methyl-3-octylimidazolium bis(trifluoromethylsulfonyl)imide,CCCCCCCCn1cc[n+](C)c1.O=S(=O)([N-]S(=O)(=O)C(F)(F)F)C(F)(F)F,333.15,101.0,ElectricalConductivity,0.47799996,0.35670757,0.12129238,test,Random IL,IL,C,Electrical conductivity multi-split parity plot,True
1343,1-methyl-3-octylimidazolium bis(trifluoromethylsulfonyl)imide,CCCCCCCCn1cc[n+](C)c1.O=S(=O)([N-]S(=O)(=O)C(F)(F)F)C(F)(F)F,333.15,101.325,ElectricalConductivity,0.4735,0.35669866,0.11680135,test,Random IL,IL,C,Electrical conductivity multi-split parity plot,True
1355,1-methyl-3-octylimidazolium bis(trifluoromethylsulfonyl)imide,CCCCCCCCn1cc[n+](C)c1.O=S(=O)([N-]S(=O)(=O)C(F)(F)F)C(F)(F)F,338.15,101.0,ElectricalConductivity,0.556,0.41569805,0.14030194,test,Random IL,IL,C,Electrical conductivity multi-split parity plot,True
1370,1-methyl-3-octylimidazolium bis(trifluoromethylsulfonyl)imide,CCCCCCCCn1cc[n+](C)c1.O=S(=O)([N-]S(=O)(=O)C(F)(F)F)C(F)(F)F,343.15,101.0,ElectricalConductivity,0.627,0.47914582,0.14785415,test,Random IL,IL,C,Electrical conductivity multi-split parity plot,True
1371,1-methyl-3-octylimidazolium bis(trifluoromethylsulfonyl)imide,CCCCCCCCn1cc[n+](C)c1.O=S(=O)([N-]S(=O)(=O)C(F)(F)F)C(F)(F)F,343.15,101.325,ElectricalConductivity,0.627,0.479134,0.14786598,test,Random IL,IL,C,Electrical conductivity multi-split parity plot,True
1378,1-methyl-3-octylimidazolium bis(trifluoromethylsulfonyl)imide,CCCCCCCCn1cc[n+](C)c1.O=S(=O)([N-]S(=O)(=O)C(F)(F)F)C(F)(F)F,348.15,101.0,ElectricalConductivity,0.72,0.5467044,0.17329562,test,Random IL,IL,C,Electrical conductivity multi-split parity plot,True
1388,1-methyl-3-octylimidazolium bis(trifluoromethylsulfonyl)imide,CCCCCCCCn1cc[n+](C)c1.O=S(=O)([N-]S(=O)(=O)C(F)(F)F)C(F)(F)F,353.15,101.0,ElectricalConductivity,0.80100006,0.6180699,0.18293017,test,Random IL,IL,C,Electrical conductivity multi-split parity plot,True
1389,1-methyl-3-octylimidazolium bis(trifluoromethylsulfonyl)imide,CCCCCCCCn1cc[n+](C)c1.O=S(=O)([N-]S(=O)(=O)C(F)(F)F)C(F)(F)F,353.15,101.325,ElectricalConductivity,0.79999995,0.6180554,0.18194455,test,Random IL,IL,C,Electrical conductivity multi-split parity plot,True
1394,1-methyl-3-octylimidazolium bis(trifluoromethylsulfonyl)imide,CCCCCCCCn1cc[n+](C)c1.O=S(=O)([N-]S(=O)(=O)C(F)(F)F)C(F)(F)F,358.15,101.0,ElectricalConductivity,0.9060001,0.69297713,0.21302295,test,Random IL,IL,C,Electrical conductivity multi-split parity plot,True
1400,1-methyl-3-octylimidazolium bis(trifluoromethylsulfonyl)imide,CCCCCCCCn1cc[n+](C)c1.O=S(=O)([N-]S(=O)(=O)C(F)(F)F)C(F)(F)F,363.15,101.325,ElectricalConductivity,0.997,0.77116287,0.22583711,test,Random IL,IL,C,Electrical conductivity multi-split parity plot,True
1401,1-methyl-3-octylimidazolium bis(trifluoromethylsulfonyl)imide,CCCCCCCCn1cc[n+](C)c1.O=S(=O)([N-]S(=O)(=O)C(F)(F)F)C(F)(F)F,368.15,101.0,ElectricalConductivity,1.1140002,0.85242987,0.26157033,test,Random IL,IL,C,Electrical conductivity multi-split parity plot,True
1405,1-methyl-3-octylimidazolium bis(trifluoromethylsulfonyl)imide,CCCCCCCCn1cc[n+](C)c1.O=S(=O)([N-]S(=O)(=O)C(F)(F)F)C(F)(F)F,373.0,101.325,ElectricalConductivity,1.2000003,0.9338758,0.2661245,test,Random IL,IL,C,Electrical conductivity multi-split parity plot,True
1406,1-methyl-3-octylimidazolium bis(trifluoromethylsulfonyl)imide,CCCCCCCCn1cc[n+](C)c1.O=S(=O)([N-]S(=O)(=O)C(F)(F)F)C(F)(F)F,373.15,101.325,ElectricalConductivity,1.2159998,0.93643385,0.279566,test,Random IL,IL,C,Electrical conductivity multi-split parity plot,True
1409,1-methyl-3-octylimidazolium bis(trifluoromethylsulfonyl)imide,CCCCCCCCn1cc[n+](C)c1.O=S(=O)([N-]S(=O)(=O)C(F)(F)F)C(F)(F)F,378.15,101.0,ElectricalConductivity,1.3400003,1.0229356,0.31706464,test,Random IL,IL,C,Electrical conductivity multi-split parity plot,True
1412,1-methyl-3-octylimidazolium bis(trifluoromethylsulfonyl)imide,CCCCCCCCn1cc[n+](C)c1.O=S(=O)([N-]S(=O)(=O)C(F)(F)F)C(F)(F)F,388.15,101.0,ElectricalConductivity,1.588,1.2018076,0.38619244,test,Random IL,IL,C,Electrical conductivity multi-split parity plot,True
1417,1-methyl-3-octylimidazolium bis(trifluoromethylsulfonyl)imide,CCCCCCCCn1cc[n+](C)c1.O=S(=O)([N-]S(=O)(=O)C(F)(F)F)C(F)(F)F,398.15,101.0,ElectricalConductivity,1.8499999,1.3857418,0.46425807,test,Random IL,IL,C,Electrical conductivity multi-split parity plot,True
1419,1-methyl-3-octylimidazolium bis(trifluoromethylsulfonyl)imide,CCCCCCCCn1cc[n+](C)c1.O=S(=O)([N-]S(=O)(=O)C(F)(F)F)C(F)(F)F,408.15,101.0,ElectricalConductivity,2.126,1.571108,0.55489194,test,Random IL,IL,C,Electrical conductivity multi-split parity plot,True
1423,1-methyl-3-octylimidazolium bis(trifluoromethylsulfonyl)imide,CCCCCCCCn1cc[n+](C)c1.O=S(=O)([N-]S(=O)(=O)C(F)(F)F)C(F)(F)F,418.15,101.0,ElectricalConductivity,2.4190004,1.754296,0.66470444,test,Random IL,IL,C,Electrical conductivity multi-split parity plot,True
1425,1-methyl-3-octylimidazolium bis(trifluoromethylsulfonyl)imide,CCCCCCCCn1cc[n+](C)c1.O=S(=O)([N-]S(=O)(=O)C(F)(F)F)C(F)(F)F,428.15,101.0,ElectricalConductivity,2.7219994,1.9319168,0.7900826,test,Random IL,IL,C,Electrical conductivity multi-split parity plot,True
1429,1-methyl-3-octylimidazolium bis(trifluoromethylsulfonyl)imide,CCCCCCCCn1cc[n+](C)c1.O=S(=O)([N-]S(=O)(=O)C(F)(F)F)C(F)(F)F,438.15,101.0,ElectricalConductivity,3.0360005,2.100816,0.9351845,test,Random IL,IL,C,Electrical conductivity multi-split parity plot,True
1431,1-methyl-3-octylimidazolium bis(trifluoromethylsulfonyl)imide,CCCCCCCCn1cc[n+](C)c1.O=S(=O)([N-]S(=O)(=O)C(F)(F)F)C(F)(F)F,448.15,101.0,ElectricalConductivity,3.359,2.25798,1.1010199,test,Random IL,IL,C,Electrical conductivity multi-split parity plot,True
1435,1-methyl-3-octylimidazolium bis(trifluoromethylsulfonyl)imide,CCCCCCCCn1cc[n+](C)c1.O=S(=O)([N-]S(=O)(=O)C(F)(F)F)C(F)(F)F,458.15,101.0,ElectricalConductivity,3.6909997,2.4004078,1.290592,test,Random IL,IL,C,Electrical conductivity multi-split parity plot,True
1437,1-methyl-3-octylimidazolium bis(trifluoromethylsulfonyl)imide,CCCCCCCCn1cc[n+](C)c1.O=S(=O)([N-]S(=O)(=O)C(F)(F)F)C(F)(F)F,468.15,101.0,ElectricalConductivity,4.029,2.5250278,1.503972,test,Random IL,IL,C,Electrical conductivity multi-split parity plot,True
3111,1-methyl-3-propylimidazolium dicyanamide,CCCn1cc[n+](C)c1.N#C[N-]C#N,293.15,101.3,ElectricalConductivity,1.4860001,1.3803376,0.105662465,test,Random IL,IL,C,Electrical conductivity multi-split parity plot,True
3112,1-methyl-3-propylimidazolium dicyanamide,CCCn1cc[n+](C)c1.N#C[N-]C#N,298.15,101.3,ElectricalConductivity,1.7459998,1.6300354,0.11596441,test,Random IL,IL,C,Electrical conductivity multi-split parity plot,True
3113,1-methyl-3-propylimidazolium dicyanamide,CCCn1cc[n+](C)c1.N#C[N-]C#N,303.15,101.3,ElectricalConductivity,2.0270002,1.9119408,0.115059376,test,Random IL,IL,C,Electrical conductivity multi-split parity plot,True
3114,1-methyl-3-propylimidazolium dicyanamide,CCCn1cc[n+](C)c1.N#C[N-]C#N,308.15,101.3,ElectricalConductivity,2.3279998,2.2290914,0.098908424,test,Random IL,IL,C,Electrical conductivity multi-split parity plot,True
3115,1-methyl-3-propylimidazolium dicyanamide,CCCn1cc[n+](C)c1.N#C[N-]C#N,313.15,101.3,ElectricalConductivity,2.6510005,2.5829198,0.06808066,test,Random IL,IL,C,Electrical conductivity multi-split parity plot,True
3116,1-methyl-3-propylimidazolium dicyanamide,CCCn1cc[n+](C)c1.N#C[N-]C#N,318.15,101.3,ElectricalConductivity,2.9930005,2.972538,0.020462513,test,Random IL,IL,C,Electrical conductivity multi-split parity plot,True
3117,1-methyl-3-propylimidazolium dicyanamide,CCCn1cc[n+](C)c1.N#C[N-]C#N,323.15,101.3,ElectricalConductivity,3.344,3.3944488,0.050448656,test,Random IL,IL,C,Electrical conductivity multi-split parity plot,True
3118,1-methyl-3-propylimidazolium dicyanamide,CCCn1cc[n+](C)c1.N#C[N-]C#N,328.15,101.3,ElectricalConductivity,3.7210007,3.8427873,0.121786594,test,Random IL,IL,C,Electrical conductivity multi-split parity plot,True
3119,1-methyl-3-propylimidazolium dicyanamide,CCCn1cc[n+](C)c1.N#C[N-]C#N,333.15,101.3,ElectricalConductivity,4.1069994,4.3100624,0.20306301,test,Random IL,IL,C,Electrical conductivity multi-split parity plot,True
3120,1-methyl-3-propylimidazolium dicyanamide,CCCn1cc[n+](C)c1.N#C[N-]C#N,338.15,101.3,ElectricalConductivity,4.506999,4.788149,0.28114986,test,Random IL,IL,C,Electrical conductivity multi-split parity plot,True
3121,1-methyl-3-propylimidazolium dicyanamide,CCCn1cc[n+](C)c1.N#C[N-]C#N,343.15,101.3,ElectricalConductivity,4.9269996,5.269312,0.34231234,test,Random IL,IL,C,Electrical conductivity multi-split parity plot,True
3122,1-methyl-3-propylimidazolium dicyanamide,CCCn1cc[n+](C)c1.N#C[N-]C#N,348.15,101.3,ElectricalConductivity,5.3489995,5.746947,0.3979473,test,Random IL,IL,C,Electrical conductivity multi-split parity plot,True
3123,1-methyl-3-propylimidazolium dicyanamide,CCCn1cc[n+](C)c1.N#C[N-]C#N,353.15,101.3,ElectricalConductivity,5.7849984,6.2159796,0.43098116,test,Random IL,IL,C,Electrical conductivity multi-split parity plot,True
1995,1-pentyl-3-methylimidazolium thiocyanate,CCCCC[n+]1ccn(C)c1.N#C[S-],293.15,101.325,ElectricalConductivity,0.342,0.18002923,0.16197078,test,Random IL,IL,C,Electrical conductivity multi-split parity plot,True
1997,1-pentyl-3-methylimidazolium thiocyanate,CCCCC[n+]1ccn(C)c1.N#C[S-],298.15,101.325,ElectricalConductivity,0.394,0.23707621,0.15692379,test,Random IL,IL,C,Electrical conductivity multi-split parity plot,True
1999,1-pentyl-3-methylimidazolium thiocyanate,CCCCC[n+]1ccn(C)c1.N#C[S-],303.15,101.325,ElectricalConductivity,0.468,0.30518764,0.16281235,test,Random IL,IL,C,Electrical conductivity multi-split parity plot,True
2001,1-pentyl-3-methylimidazolium thiocyanate,CCCCC[n+]1ccn(C)c1.N#C[S-],308.15,101.325,ElectricalConductivity,0.531,0.38492942,0.1460706,test,Random IL,IL,C,Electrical conductivity multi-split parity plot,True
2003,1-pentyl-3-methylimidazolium thiocyanate,CCCCC[n+]1ccn(C)c1.N#C[S-],313.15,101.325,ElectricalConductivity,0.60199994,0.47683683,0.12516311,test,Random IL,IL,C,Electrical conductivity multi-split parity plot,True
2005,1-pentyl-3-methylimidazolium thiocyanate,CCCCC[n+]1ccn(C)c1.N#C[S-],318.15,101.325,ElectricalConductivity,0.69100004,0.5814373,0.109562755,test,Random IL,IL,C,Electrical conductivity multi-split parity plot,True
2007,1-pentyl-3-methylimidazolium thiocyanate,CCCCC[n+]1ccn(C)c1.N#C[S-],323.15,101.325,ElectricalConductivity,0.7789999,0.69923145,0.07976848,test,Random IL,IL,C,Electrical conductivity multi-split parity plot,True
2009,1-pentyl-3-methylimidazolium thiocyanate,CCCCC[n+]1ccn(C)c1.N#C[S-],328.15,101.325,ElectricalConductivity,0.8460001,0.83066285,0.015337229,test,Random IL,IL,C,Electrical conductivity multi-split parity plot,True
2011,1-pentyl-3-methylimidazolium thiocyanate,CCCCC[n+]1ccn(C)c1.N#C[S-],333.15,101.325,ElectricalConductivity,0.954,0.9761055,0.022105515,test,Random IL,IL,C,Electrical conductivity multi-split parity plot,True
2013,1-pentyl-3-methylimidazolium thiocyanate,CCCCC[n+]1ccn(C)c1.N#C[S-],338.15,101.325,ElectricalConductivity,1.0530001,1.1358494,0.082849264,test,Random IL,IL,C,Electrical conductivity multi-split parity plot,True
2015,1-pentyl-3-methylimidazolium thiocyanate,CCCCC[n+]1ccn(C)c1.N#C[S-],343.15,101.325,ElectricalConductivity,1.151,1.3100456,0.15904558,test,Random IL,IL,C,Electrical conductivity multi-split parity plot,True
132,1-pentylpyridinium acetate,CC(=O)[O-].CCCCC[n+]1ccccc1,293.15,101.325,ElectricalConductivity,0.0032900004,0.0014924955,0.0017975048,test,Random IL,IL,C,Electrical conductivity multi-split parity plot,True
134,1-pentylpyridinium acetate,CC(=O)[O-].CCCCC[n+]1ccccc1,298.15,101.325,ElectricalConductivity,0.0051100017,0.0021812369,0.0029287648,test,Random IL,IL,C,Electrical conductivity multi-split parity plot,True
136,1-pentylpyridinium acetate,CC(=O)[O-].CCCCC[n+]1ccccc1,303.15,101.325,ElectricalConductivity,0.0076900003,0.0032370384,0.004452962,test,Random IL,IL,C,Electrical conductivity multi-split parity plot,True
138,1-pentylpyridinium acetate,CC(=O)[O-].CCCCC[n+]1ccccc1,308.15,101.325,ElectricalConductivity,0.011490002,0.00489492,0.006595082,test,Random IL,IL,C,Electrical conductivity multi-split parity plot,True
140,1-pentylpyridinium acetate,CC(=O)[O-].CCCCC[n+]1ccccc1,313.15,101.325,ElectricalConductivity,0.017599998,0.0077124126,0.009887585,test,Random IL,IL,C,Electrical conductivity multi-split parity plot,True
142,1-pentylpyridinium acetate,CC(=O)[O-].CCCCC[n+]1ccccc1,318.15,101.325,ElectricalConductivity,0.025309993,0.011932619,0.013377374,test,Random IL,IL,C,Electrical conductivity multi-split parity plot,True
144,1-pentylpyridinium acetate,CC(=O)[O-].CCCCC[n+]1ccccc1,323.15,101.325,ElectricalConductivity,0.032210007,0.018519215,0.013690792,test,Random IL,IL,C,Electrical conductivity multi-split parity plot,True
146,1-pentylpyridinium acetate,CC(=O)[O-].CCCCC[n+]1ccccc1,328.15,101.325,ElectricalConductivity,0.042999998,0.028544283,0.014455715,test,Random IL,IL,C,Electrical conductivity multi-split parity plot,True
148,1-pentylpyridinium acetate,CC(=O)[O-].CCCCC[n+]1ccccc1,333.15,101.325,ElectricalConductivity,0.054,0.04331242,0.010687582,test,Random IL,IL,C,Electrical conductivity multi-split parity plot,True
150,1-pentylpyridinium acetate,CC(=O)[O-].CCCCC[n+]1ccccc1,338.15,101.325,ElectricalConductivity,0.0728,0.0642865,0.008513503,test,Random IL,IL,C,Electrical conductivity multi-split parity plot,True
152,1-pentylpyridinium acetate,CC(=O)[O-].CCCCC[n+]1ccccc1,343.15,101.325,ElectricalConductivity,0.090699986,0.092980884,0.0022808984,test,Random IL,IL,C,Electrical conductivity multi-split parity plot,True
2996,1-propylpyridinium bis((trifluoromethyl)sulfonyl)amide,CCC[n+]1ccccc1.O=S(=O)([N-]S(=O)(=O)C(F)(F)F)C(F)(F)F,313.0,101.325,ElectricalConductivity,0.52099997,0.7016108,0.18061084,test,Random IL,IL,C,Electrical conductivity multi-split parity plot,True
2997,1-propylpyridinium bis((trifluoromethyl)sulfonyl)amide,CCC[n+]1ccccc1.O=S(=O)([N-]S(=O)(=O)C(F)(F)F)C(F)(F)F,313.15,101.325,ElectricalConductivity,0.719,0.70541424,0.013585746,test,Random IL,IL,C,Electrical conductivity multi-split parity plot,True
2998,1-propylpyridinium bis((trifluoromethyl)sulfonyl)amide,CCC[n+]1ccccc1.O=S(=O)([N-]S(=O)(=O)C(F)(F)F)C(F)(F)F,318.15,101.325,ElectricalConductivity,0.83,0.838563,0.008563042,test,Random IL,IL,C,Electrical conductivity multi-split parity plot,True
3005,1-propylpyridinium bis((trifluoromethyl)sulfonyl)amide,CCC[n+]1ccccc1.O=S(=O)([N-]S(=O)(=O)C(F)(F)F)C(F)(F)F,323.0,101.325,ElectricalConductivity,0.69699997,0.9789803,0.28198034,test,Random IL,IL,C,Electrical conductivity multi-split parity plot,True
3006,1-propylpyridinium bis((trifluoromethyl)sulfonyl)amide,CCC[n+]1ccccc1.O=S(=O)([N-]S(=O)(=O)C(F)(F)F)C(F)(F)F,323.15,101.325,ElectricalConductivity,0.955,0.983489,0.028488994,test,Random IL,IL,C,Electrical conductivity multi-split parity plot,True
3007,1-propylpyridinium bis((trifluoromethyl)sulfonyl)amide,CCC[n+]1ccccc1.O=S(=O)([N-]S(=O)(=O)C(F)(F)F)C(F)(F)F,328.15,101.325,ElectricalConductivity,1.083,1.1389766,0.05597663,test,Random IL,IL,C,Electrical conductivity multi-split parity plot,True
3011,1-propylpyridinium bis((trifluoromethyl)sulfonyl)amide,CCC[n+]1ccccc1.O=S(=O)([N-]S(=O)(=O)C(F)(F)F)C(F)(F)F,333.0,101.325,ElectricalConductivity,0.87899995,1.298329,0.41932905,test,Random IL,IL,C,Electrical conductivity multi-split parity plot,True
3012,1-propylpyridinium bis((trifluoromethyl)sulfonyl)amide,CCC[n+]1ccccc1.O=S(=O)([N-]S(=O)(=O)C(F)(F)F)C(F)(F)F,333.15,101.325,ElectricalConductivity,1.2230002,1.3033721,0.080371976,test,Random IL,IL,C,Electrical conductivity multi-split parity plot,True
3019,1-propylpyridinium bis((trifluoromethyl)sulfonyl)amide,CCC[n+]1ccccc1.O=S(=O)([N-]S(=O)(=O)C(F)(F)F)C(F)(F)F,338.15,101.325,ElectricalConductivity,1.3650001,1.4747179,0.10971773,test,Random IL,IL,C,Electrical conductivity multi-split parity plot,True
1113,"2,3-dimethyl-1-octylpyridinium bis(trifluoromethylsulfonyl)amide",CCCCCCCC[n+]1cccc(C)c1C.O=S(=O)([N-]S(=O)(=O)C(F)(F)F)C(F)(F)F,273.15,101.325,ElectricalConductivity,0.008609999,0.014199401,0.0055894023,test,Random IL,IL,C,Electrical conductivity multi-split parity plot,True
1114,"2,3-dimethyl-1-octylpyridinium bis(trifluoromethylsulfonyl)amide",CCCCCCCC[n+]1cccc(C)c1C.O=S(=O)([N-]S(=O)(=O)C(F)(F)F)C(F)(F)F,283.15,101.325,ElectricalConductivity,0.020099994,0.0256919,0.0055919066,test,Random IL,IL,C,Electrical conductivity multi-split parity plot,True
1116,"2,3-dimethyl-1-octylpyridinium bis(trifluoromethylsulfonyl)amide",CCCCCCCC[n+]1cccc(C)c1C.O=S(=O)([N-]S(=O)(=O)C(F)(F)F)C(F)(F)F,293.15,101.325,ElectricalConductivity,0.040899996,0.04446251,0.0035625137,test,Random IL,IL,C,Electrical conductivity multi-split parity plot,True
1119,"2,3-dimethyl-1-octylpyridinium bis(trifluoromethylsulfonyl)amide",CCCCCCCC[n+]1cccc(C)c1C.O=S(=O)([N-]S(=O)(=O)C(F)(F)F)C(F)(F)F,298.15,101.325,ElectricalConductivity,0.055899996,0.05769044,0.0017904453,test,Random IL,IL,C,Electrical conductivity multi-split parity plot,True
1120,"2,3-dimethyl-1-octylpyridinium bis(trifluoromethylsulfonyl)amide",CCCCCCCC[n+]1cccc(C)c1C.O=S(=O)([N-]S(=O)(=O)C(F)(F)F)C(F)(F)F,303.15,101.325,ElectricalConductivity,0.0746,0.07411121,0.00048879534,test,Random IL,IL,C,Electrical conductivity multi-split parity plot,True
1123,"2,3-dimethyl-1-octylpyridinium bis(trifluoromethylsulfonyl)amide",CCCCCCCC[n+]1cccc(C)c1C.O=S(=O)([N-]S(=O)(=O)C(F)(F)F)C(F)(F)F,313.15,101.325,ElectricalConductivity,0.1246,0.11823585,0.006364152,test,Random IL,IL,C,Electrical conductivity multi-split parity plot,True
1125,"2,3-dimethyl-1-octylpyridinium bis(trifluoromethylsulfonyl)amide",CCCCCCCC[n+]1cccc(C)c1C.O=S(=O)([N-]S(=O)(=O)C(F)(F)F)C(F)(F)F,323.15,101.325,ElectricalConductivity,0.19369997,0.1794266,0.014273375,test,Random IL,IL,C,Electrical conductivity multi-split parity plot,True
1126,"2,3-dimethyl-1-octylpyridinium bis(trifluoromethylsulfonyl)amide",CCCCCCCC[n+]1cccc(C)c1C.O=S(=O)([N-]S(=O)(=O)C(F)(F)F)C(F)(F)F,333.15,101.325,ElectricalConductivity,0.284,0.2583515,0.025648504,test,Random IL,IL,C,Electrical conductivity multi-split parity plot,True
1128,"2,3-dimethyl-1-octylpyridinium bis(trifluoromethylsulfonyl)amide",CCCCCCCC[n+]1cccc(C)c1C.O=S(=O)([N-]S(=O)(=O)C(F)(F)F)C(F)(F)F,343.15,101.325,ElectricalConductivity,0.414,0.35369948,0.06030053,test,Random IL,IL,C,Electrical conductivity multi-split parity plot,True
1130,"2,3-dimethyl-1-octylpyridinium bis(trifluoromethylsulfonyl)amide",CCCCCCCC[n+]1cccc(C)c1C.O=S(=O)([N-]S(=O)(=O)C(F)(F)F)C(F)(F)F,353.15,101.325,ElectricalConductivity,0.533,0.4633714,0.0696286,test,Random IL,IL,C,Electrical conductivity multi-split parity plot,True
4628,"2,3-dimethyl-1-propylimidazolium hydrogensulfate",S(=O)(=O)(O)[O-].CC=1N(C=C[N+]1C)CCC,298.15,101.325,ElectricalConductivity,0.12300002,0.10431414,0.018685877,test,Random IL,IL,C,Electrical conductivity multi-split parity plot,True
4630,"2,3-dimethyl-1-propylimidazolium hydrogensulfate",S(=O)(=O)(O)[O-].CC=1N(C=C[N+]1C)CCC,303.15,101.325,ElectricalConductivity,0.162,0.1520388,0.009961203,test,Random IL,IL,C,Electrical conductivity multi-split parity plot,True
4632,"2,3-dimethyl-1-propylimidazolium hydrogensulfate",S(=O)(=O)(O)[O-].CC=1N(C=C[N+]1C)CCC,308.15,101.325,ElectricalConductivity,0.21100001,0.20907192,0.001928091,test,Random IL,IL,C,Electrical conductivity multi-split parity plot,True
4634,"2,3-dimethyl-1-propylimidazolium hydrogensulfate",S(=O)(=O)(O)[O-].CC=1N(C=C[N+]1C)CCC,313.15,101.325,ElectricalConductivity,0.26699996,0.27395794,0.006957978,test,Random IL,IL,C,Electrical conductivity multi-split parity plot,True
4636,"2,3-dimethyl-1-propylimidazolium hydrogensulfate",S(=O)(=O)(O)[O-].CC=1N(C=C[N+]1C)CCC,318.15,101.325,ElectricalConductivity,0.33299997,0.3452171,0.012217134,test,Random IL,IL,C,Electrical conductivity multi-split parity plot,True
4638,"2,3-dimethyl-1-propylimidazolium hydrogensulfate",S(=O)(=O)(O)[O-].CC=1N(C=C[N+]1C)CCC,323.15,101.325,ElectricalConductivity,0.40899998,0.4216458,0.012645811,test,Random IL,IL,C,Electrical conductivity multi-split parity plot,True
4640,"2,3-dimethyl-1-propylimidazolium hydrogensulfate",S(=O)(=O)(O)[O-].CC=1N(C=C[N+]1C)CCC,328.15,101.325,ElectricalConductivity,0.496,0.50253755,0.0065375566,test,Random IL,IL,C,Electrical conductivity multi-split parity plot,True
4642,"2,3-dimethyl-1-propylimidazolium hydrogensulfate",S(=O)(=O)(O)[O-].CC=1N(C=C[N+]1C)CCC,333.15,101.325,ElectricalConductivity,0.6000001,0.5878059,0.012194157,test,Random IL,IL,C,Electrical conductivity multi-split parity plot,True
4644,"2,3-dimethyl-1-propylimidazolium hydrogensulfate",S(=O)(=O)(O)[O-].CC=1N(C=C[N+]1C)CCC,338.15,101.325,ElectricalConductivity,0.71099997,0.6779378,0.03306216,test,Random IL,IL,C,Electrical conductivity multi-split parity plot,True
4646,"2,3-dimethyl-1-propylimidazolium hydrogensulfate",S(=O)(=O)(O)[O-].CC=1N(C=C[N+]1C)CCC,343.15,101.325,ElectricalConductivity,0.83199996,0.7738098,0.058190167,test,Random IL,IL,C,Electrical conductivity multi-split parity plot,True
278,2-hydroxyethylammonium lactate,CC(O)C(=O)[O-].[NH3+]CCO,298.1,101.325,ElectricalConductivity,0.004800001,0.012839539,0.008039538,test,Random IL,IL,C,Electrical conductivity multi-split parity plot,True
3148,3-(ethoxymethyl)-1-methylimidazolium bis((trifluoromethyl)sulfonyl)amide,CCOCn1cc[n+](C)c1.O=S(=O)([N-]S(=O)(=O)C(F)(F)F)C(F)(F)F,283.15,101.325,ElectricalConductivity,0.23599999,0.28183234,0.04583235,test,Random IL,IL,C,Electrical conductivity multi-split parity plot,True
3150,3-(ethoxymethyl)-1-methylimidazolium bis((trifluoromethyl)sulfonyl)amide,CCOCn1cc[n+](C)c1.O=S(=O)([N-]S(=O)(=O)C(F)(F)F)C(F)(F)F,293.15,101.325,ElectricalConductivity,0.34099996,0.3720237,0.03102374,test,Random IL,IL,C,Electrical conductivity multi-split parity plot,True
3152,3-(ethoxymethyl)-1-methylimidazolium bis((trifluoromethyl)sulfonyl)amide,CCOCn1cc[n+](C)c1.O=S(=O)([N-]S(=O)(=O)C(F)(F)F)C(F)(F)F,298.15,101.325,ElectricalConductivity,0.387,0.42089716,0.03389716,test,Random IL,IL,C,Electrical conductivity multi-split parity plot,True
3154,3-(ethoxymethyl)-1-methylimidazolium bis((trifluoromethyl)sulfonyl)amide,CCOCn1cc[n+](C)c1.O=S(=O)([N-]S(=O)(=O)C(F)(F)F)C(F)(F)F,303.15,101.325,ElectricalConductivity,0.43699998,0.47273427,0.035734296,test,Random IL,IL,C,Electrical conductivity multi-split parity plot,True
3156,3-(ethoxymethyl)-1-methylimidazolium bis((trifluoromethyl)sulfonyl)amide,CCOCn1cc[n+](C)c1.O=S(=O)([N-]S(=O)(=O)C(F)(F)F)C(F)(F)F,313.15,101.325,ElectricalConductivity,0.543,0.5870869,0.044086933,test,Random IL,IL,C,Electrical conductivity multi-split parity plot,True
3158,3-(ethoxymethyl)-1-methylimidazolium bis((trifluoromethyl)sulfonyl)amide,CCOCn1cc[n+](C)c1.O=S(=O)([N-]S(=O)(=O)C(F)(F)F)C(F)(F)F,323.15,101.325,ElectricalConductivity,0.651,0.718825,0.06782496,test,Random IL,IL,C,Electrical conductivity multi-split parity plot,True
3160,3-(ethoxymethyl)-1-methylimidazolium bis((trifluoromethyl)sulfonyl)amide,CCOCn1cc[n+](C)c1.O=S(=O)([N-]S(=O)(=O)C(F)(F)F)C(F)(F)F,333.15,101.325,ElectricalConductivity,0.7659999,0.8708465,0.1048466,test,Random IL,IL,C,Electrical conductivity multi-split parity plot,True
3162,3-(ethoxymethyl)-1-methylimidazolium bis((trifluoromethyl)sulfonyl)amide,CCOCn1cc[n+](C)c1.O=S(=O)([N-]S(=O)(=O)C(F)(F)F)C(F)(F)F,343.15,101.325,ElectricalConductivity,0.87399995,1.0448093,0.17080939,test,Random IL,IL,C,Electrical conductivity multi-split parity plot,True
3164,3-(ethoxymethyl)-1-methylimidazolium bis((trifluoromethyl)sulfonyl)amide,CCOCn1cc[n+](C)c1.O=S(=O)([N-]S(=O)(=O)C(F)(F)F)C(F)(F)F,353.15,101.325,ElectricalConductivity,0.97200006,1.2415679,0.2695678,test,Random IL,IL,C,Electrical conductivity multi-split parity plot,True
1532,3-hexyl-1H-imidazol-3-ium bis((trifluoromethyl)sulfonyl)amide,CCCCCC[n+]1cc[nH]c1.O=S(=O)([N-]S(=O)(=O)C(F)(F)F)C(F)(F)F,292.45,101.325,ElectricalConductivity,0.047100004,0.08750682,0.04040682,test,Random IL,IL,C,Electrical conductivity multi-split parity plot,True
1533,3-hexyl-1H-imidazol-3-ium bis((trifluoromethyl)sulfonyl)amide,CCCCCC[n+]1cc[nH]c1.O=S(=O)([N-]S(=O)(=O)C(F)(F)F)C(F)(F)F,298.15,101.325,ElectricalConductivity,0.060000002,0.11727261,0.057272606,test,Random IL,IL,C,Electrical conductivity multi-split parity plot,True
1534,3-hexyl-1H-imidazol-3-ium bis((trifluoromethyl)sulfonyl)amide,CCCCCC[n+]1cc[nH]c1.O=S(=O)([N-]S(=O)(=O)C(F)(F)F)C(F)(F)F,302.85,101.325,ElectricalConductivity,0.0838,0.14735435,0.06355435,test,Random IL,IL,C,Electrical conductivity multi-split parity plot,True
1535,3-hexyl-1H-imidazol-3-ium bis((trifluoromethyl)sulfonyl)amide,CCCCCC[n+]1cc[nH]c1.O=S(=O)([N-]S(=O)(=O)C(F)(F)F)C(F)(F)F,313.05,101.325,ElectricalConductivity,0.136,0.23191121,0.095911205,test,Random IL,IL,C,Electrical conductivity multi-split parity plot,True
1536,3-hexyl-1H-imidazol-3-ium bis((trifluoromethyl)sulfonyl)amide,CCCCCC[n+]1cc[nH]c1.O=S(=O)([N-]S(=O)(=O)C(F)(F)F)C(F)(F)F,322.95,101.325,ElectricalConductivity,0.17799997,0.34060833,0.16260836,test,Random IL,IL,C,Electrical conductivity multi-split parity plot,True
1537,3-hexyl-1H-imidazol-3-ium bis((trifluoromethyl)sulfonyl)amide,CCCCCC[n+]1cc[nH]c1.O=S(=O)([N-]S(=O)(=O)C(F)(F)F)C(F)(F)F,332.95,101.325,ElectricalConductivity,0.26500002,0.4753362,0.21033618,test,Random IL,IL,C,Electrical conductivity multi-split parity plot,True
1538,3-hexyl-1H-imidazol-3-ium bis((trifluoromethyl)sulfonyl)amide,CCCCCC[n+]1cc[nH]c1.O=S(=O)([N-]S(=O)(=O)C(F)(F)F)C(F)(F)F,343.05,101.325,ElectricalConductivity,0.34600002,0.6320244,0.2860244,test,Random IL,IL,C,Electrical conductivity multi-split parity plot,True
1539,3-hexyl-1H-imidazol-3-ium bis((trifluoromethyl)sulfonyl)amide,CCCCCC[n+]1cc[nH]c1.O=S(=O)([N-]S(=O)(=O)C(F)(F)F)C(F)(F)F,353.05,101.325,ElectricalConductivity,0.45099998,0.8024265,0.35142654,test,Random IL,IL,C,Electrical conductivity multi-split parity plot,True
1540,3-hexyl-1H-imidazol-3-ium bis((trifluoromethyl)sulfonyl)amide,CCCCCC[n+]1cc[nH]c1.O=S(=O)([N-]S(=O)(=O)C(F)(F)F)C(F)(F)F,362.45,101.325,ElectricalConductivity,0.562,0.97284174,0.41084176,test,Random IL,IL,C,Electrical conductivity multi-split parity plot,True
1541,3-hexyl-1H-imidazol-3-ium bis((trifluoromethyl)sulfonyl)amide,CCCCCC[n+]1cc[nH]c1.O=S(=O)([N-]S(=O)(=O)C(F)(F)F)C(F)(F)F,373.05,101.325,ElectricalConductivity,0.702,1.1735656,0.4715656,test,Random IL,IL,C,Electrical conductivity multi-split parity plot,True
1542,3-hexyl-1H-imidazol-3-ium bis((trifluoromethyl)sulfonyl)amide,CCCCCC[n+]1cc[nH]c1.O=S(=O)([N-]S(=O)(=O)C(F)(F)F)C(F)(F)F,382.15,101.325,ElectricalConductivity,0.80100006,1.3505361,0.54953605,test,Random IL,IL,C,Electrical conductivity multi-split parity plot,True
1543,3-hexyl-1H-imidazol-3-ium bis((trifluoromethyl)sulfonyl)amide,CCCCCC[n+]1cc[nH]c1.O=S(=O)([N-]S(=O)(=O)C(F)(F)F)C(F)(F)F,392.45,101.325,ElectricalConductivity,0.9150001,1.5529273,0.6379272,test,Random IL,IL,C,Electrical conductivity multi-split parity plot,True
1544,3-hexyl-1H-imidazol-3-ium bis((trifluoromethyl)sulfonyl)amide,CCCCCC[n+]1cc[nH]c1.O=S(=O)([N-]S(=O)(=O)C(F)(F)F)C(F)(F)F,402.55,101.325,ElectricalConductivity,1.1419998,1.7503687,0.6083689,test,Random IL,IL,C,Electrical conductivity multi-split parity plot,True
1545,3-hexyl-1H-imidazol-3-ium bis((trifluoromethyl)sulfonyl)amide,CCCCCC[n+]1cc[nH]c1.O=S(=O)([N-]S(=O)(=O)C(F)(F)F)C(F)(F)F,413.15,101.325,ElectricalConductivity,1.2480001,1.9531674,0.7051673,test,Random IL,IL,C,Electrical conductivity multi-split parity plot,True
1546,3-hexyl-1H-imidazol-3-ium bis((trifluoromethyl)sulfonyl)amide,CCCCCC[n+]1cc[nH]c1.O=S(=O)([N-]S(=O)(=O)C(F)(F)F)C(F)(F)F,422.55,101.325,ElectricalConductivity,1.2480001,2.1267123,0.8787122,test,Random IL,IL,C,Electrical conductivity multi-split parity plot,True
1547,3-hexyl-1H-imidazol-3-ium bis((trifluoromethyl)sulfonyl)amide,CCCCCC[n+]1cc[nH]c1.O=S(=O)([N-]S(=O)(=O)C(F)(F)F)C(F)(F)F,433.25,101.325,ElectricalConductivity,1.3630002,2.314352,0.9513519,test,Random IL,IL,C,Electrical conductivity multi-split parity plot,True
1548,3-hexyl-1H-imidazol-3-ium bis((trifluoromethyl)sulfonyl)amide,CCCCCC[n+]1cc[nH]c1.O=S(=O)([N-]S(=O)(=O)C(F)(F)F)C(F)(F)F,443.65,101.325,ElectricalConductivity,1.4249998,2.4839246,1.0589248,test,Random IL,IL,C,Electrical conductivity multi-split parity plot,True
1549,3-hexyl-1H-imidazol-3-ium bis((trifluoromethyl)sulfonyl)amide,CCCCCC[n+]1cc[nH]c1.O=S(=O)([N-]S(=O)(=O)C(F)(F)F)C(F)(F)F,453.45,101.325,ElectricalConductivity,1.4249998,2.6295884,1.2045885,test,Random IL,IL,C,Electrical conductivity multi-split parity plot,True
1550,3-hexyl-1H-imidazol-3-ium bis((trifluoromethyl)sulfonyl)amide,CCCCCC[n+]1cc[nH]c1.O=S(=O)([N-]S(=O)(=O)C(F)(F)F)C(F)(F)F,461.65,101.325,ElectricalConductivity,1.4249998,2.7390387,1.3140389,test,Random IL,IL,C,Electrical conductivity multi-split parity plot,True
1551,3-hexyl-1H-imidazol-3-ium bis((trifluoromethyl)sulfonyl)amide,CCCCCC[n+]1cc[nH]c1.O=S(=O)([N-]S(=O)(=O)C(F)(F)F)C(F)(F)F,473.45,101.325,ElectricalConductivity,1.3040001,2.873217,1.569217,test,Random IL,IL,C,Electrical conductivity multi-split parity plot,True
1552,3-hexyl-1H-imidazol-3-ium bis((trifluoromethyl)sulfonyl)amide,CCCCCC[n+]1cc[nH]c1.O=S(=O)([N-]S(=O)(=O)C(F)(F)F)C(F)(F)F,482.45,101.325,ElectricalConductivity,1.1419998,2.9541855,1.8121856,test,Random IL,IL,C,Electrical conductivity multi-split parity plot,True
1553,3-hexyl-1H-imidazol-3-ium bis((trifluoromethyl)sulfonyl)amide,CCCCCC[n+]1cc[nH]c1.O=S(=O)([N-]S(=O)(=O)C(F)(F)F)C(F)(F)F,494.05,101.325,ElectricalConductivity,0.87600005,3.026914,2.1509137,test,Random IL,IL,C,Electrical conductivity multi-split parity plot,True
1554,3-hexyl-1H-imidazol-3-ium bis((trifluoromethyl)sulfonyl)amide,CCCCCC[n+]1cc[nH]c1.O=S(=O)([N-]S(=O)(=O)C(F)(F)F)C(F)(F)F,503.85,101.325,ElectricalConductivity,0.492,3.0568445,2.5648444,test,Random IL,IL,C,Electrical conductivity multi-split parity plot,True
1555,3-hexyl-1H-imidazol-3-ium bis((trifluoromethyl)sulfonyl)amide,CCCCCC[n+]1cc[nH]c1.O=S(=O)([N-]S(=O)(=O)C(F)(F)F)C(F)(F)F,514.05,101.325,ElectricalConductivity,0.136,3.1076465,2.9716465,test,Random IL,IL,C,Electrical conductivity multi-split parity plot,True
1556,3-hexyl-1H-imidazol-3-ium bis((trifluoromethyl)sulfonyl)amide,CCCCCC[n+]1cc[nH]c1.O=S(=O)([N-]S(=O)(=O)C(F)(F)F)C(F)(F)F,523.25,101.325,ElectricalConductivity,0.0001,3.068653,3.0685532,test,Random IL,IL,C,Electrical conductivity multi-split parity plot,True
2854,3-methyl-1-propylpyridinium bis(trifluoromethylsulfonyl)imide,CCC[n+]1cccc(C)c1.O=S(=O)([N-]S(=O)(=O)C(F)(F)F)C(F)(F)F,278.15,100.0,ElectricalConductivity,0.1524,0.098629944,0.053770058,test,Random IL,IL,C,Electrical conductivity multi-split parity plot,True
2858,3-methyl-1-propylpyridinium bis(trifluoromethylsulfonyl)imide,CCC[n+]1cccc(C)c1.O=S(=O)([N-]S(=O)(=O)C(F)(F)F)C(F)(F)F,283.15,100.0,ElectricalConductivity,0.199,0.1363003,0.062699705,test,Random IL,IL,C,Electrical conductivity multi-split parity plot,True
2863,3-methyl-1-propylpyridinium bis(trifluoromethylsulfonyl)imide,CCC[n+]1cccc(C)c1.O=S(=O)([N-]S(=O)(=O)C(F)(F)F)C(F)(F)F,288.15,100.0,ElectricalConductivity,0.253,0.18322773,0.06977226,test,Random IL,IL,C,Electrical conductivity multi-split parity plot,True
2871,3-methyl-1-propylpyridinium bis(trifluoromethylsulfonyl)imide,CCC[n+]1cccc(C)c1.O=S(=O)([N-]S(=O)(=O)C(F)(F)F)C(F)(F)F,293.15,100.0,ElectricalConductivity,0.318,0.24009362,0.07790637,test,Random IL,IL,C,Electrical conductivity multi-split parity plot,True
2880,3-methyl-1-propylpyridinium bis(trifluoromethylsulfonyl)imide,CCC[n+]1cccc(C)c1.O=S(=O)([N-]S(=O)(=O)C(F)(F)F)C(F)(F)F,298.15,100.0,ElectricalConductivity,0.393,0.3073623,0.08563772,test,Random IL,IL,C,Electrical conductivity multi-split parity plot,True
2894,3-methyl-1-propylpyridinium bis(trifluoromethylsulfonyl)imide,CCC[n+]1cccc(C)c1.O=S(=O)([N-]S(=O)(=O)C(F)(F)F)C(F)(F)F,303.15,100.0,ElectricalConductivity,0.476,0.3853114,0.090688616,test,Random IL,IL,C,Electrical conductivity multi-split parity plot,True
2908,3-methyl-1-propylpyridinium bis(trifluoromethylsulfonyl)imide,CCC[n+]1cccc(C)c1.O=S(=O)([N-]S(=O)(=O)C(F)(F)F)C(F)(F)F,308.15,100.0,ElectricalConductivity,0.57100004,0.4740534,0.09694663,test,Random IL,IL,C,Electrical conductivity multi-split parity plot,True
2918,3-methyl-1-propylpyridinium bis(trifluoromethylsulfonyl)imide,CCC[n+]1cccc(C)c1.O=S(=O)([N-]S(=O)(=O)C(F)(F)F)C(F)(F)F,313.15,100.0,ElectricalConductivity,0.671,0.57354975,0.09745026,test,Random IL,IL,C,Electrical conductivity multi-split parity plot,True
2927,3-methyl-1-propylpyridinium bis(trifluoromethylsulfonyl)imide,CCC[n+]1cccc(C)c1.O=S(=O)([N-]S(=O)(=O)C(F)(F)F)C(F)(F)F,318.15,100.0,ElectricalConductivity,0.786,0.68363094,0.10236907,test,Random IL,IL,C,Electrical conductivity multi-split parity plot,True
2937,3-methyl-1-propylpyridinium bis(trifluoromethylsulfonyl)imide,CCC[n+]1cccc(C)c1.O=S(=O)([N-]S(=O)(=O)C(F)(F)F)C(F)(F)F,323.15,100.0,ElectricalConductivity,0.90400004,0.8040133,0.09998673,test,Random IL,IL,C,Electrical conductivity multi-split parity plot,True
2950,3-methyl-1-propylpyridinium bis(trifluoromethylsulfonyl)imide,CCC[n+]1cccc(C)c1.O=S(=O)([N-]S(=O)(=O)C(F)(F)F)C(F)(F)F,328.15,100.0,ElectricalConductivity,1.036,0.93429035,0.101709664,test,Random IL,IL,C,Electrical conductivity multi-split parity plot,True
2958,3-methyl-1-propylpyridinium bis(trifluoromethylsulfonyl)imide,CCC[n+]1cccc(C)c1.O=S(=O)([N-]S(=O)(=O)C(F)(F)F)C(F)(F)F,333.15,100.0,ElectricalConductivity,1.179,1.0739006,0.10509944,test,Random IL,IL,C,Electrical conductivity multi-split parity plot,True
2965,3-methyl-1-propylpyridinium bis(trifluoromethylsulfonyl)imide,CCC[n+]1cccc(C)c1.O=S(=O)([N-]S(=O)(=O)C(F)(F)F)C(F)(F)F,338.15,100.0,ElectricalConductivity,1.329,1.2221094,0.10689056,test,Random IL,IL,C,Electrical conductivity multi-split parity plot,True
2973,3-methyl-1-propylpyridinium bis(trifluoromethylsulfonyl)imide,CCC[n+]1cccc(C)c1.O=S(=O)([N-]S(=O)(=O)C(F)(F)F)C(F)(F)F,343.15,100.0,ElectricalConductivity,1.4849999,1.3780444,0.10695553,test,Random IL,IL,C,Electrical conductivity multi-split parity plot,True
2980,3-methyl-1-propylpyridinium bis(trifluoromethylsulfonyl)imide,CCC[n+]1cccc(C)c1.O=S(=O)([N-]S(=O)(=O)C(F)(F)F)C(F)(F)F,348.15,100.0,ElectricalConductivity,1.6499997,1.5407612,0.109238505,test,Random IL,IL,C,Electrical conductivity multi-split parity plot,True
2985,3-methyl-1-propylpyridinium bis(trifluoromethylsulfonyl)imide,CCC[n+]1cccc(C)c1.O=S(=O)([N-]S(=O)(=O)C(F)(F)F)C(F)(F)F,353.15,100.0,ElectricalConductivity,1.8280001,1.7093092,0.11869085,test,Random IL,IL,C,Electrical conductivity multi-split parity plot,True
2136,"N,N-diethyl-N-methylbutan-1-aminium bis((trifluoromethyl)sulfonyl)amide",CCCC[N+](C)(CC)CC.O=S(=O)([N-]S(=O)(=O)C(F)(F)F)C(F)(F)F,298.1,101.325,ElectricalConductivity,0.16,0.13873501,0.021264985,test,Random IL,IL,C,Electrical conductivity multi-split parity plot,True
2140,"N,N-diethyl-N-methylbutan-1-aminium bis((trifluoromethyl)sulfonyl)amide",CCCC[N+](C)(CC)CC.O=S(=O)([N-]S(=O)(=O)C(F)(F)F)C(F)(F)F,308.1,101.325,ElectricalConductivity,0.28,0.22830339,0.051696613,test,Random IL,IL,C,Electrical conductivity multi-split parity plot,True
643,N-(2-ethylhexyl)ethylenediammonium trifluoroacetate,CCCCC(CC)C[NH2+]CCN.O=C([O-])C(F)(F)F,293.15,101.325,ElectricalConductivity,0.00802,0.0075319977,0.00048800185,test,Random IL,IL,C,Electrical conductivity multi-split parity plot,True
644,N-(2-ethylhexyl)ethylenediammonium trifluoroacetate,CCCCC(CC)C[NH2+]CCN.O=C([O-])C(F)(F)F,298.15,101.325,ElectricalConductivity,0.011200002,0.010249886,0.00095011666,test,Random IL,IL,C,Electrical conductivity multi-split parity plot,True
645,N-(2-ethylhexyl)ethylenediammonium trifluoroacetate,CCCCC(CC)C[NH2+]CCN.O=C([O-])C(F)(F)F,303.15,101.325,ElectricalConductivity,0.015800003,0.013996248,0.0018037548,test,Random IL,IL,C,Electrical conductivity multi-split parity plot,True
646,N-(2-ethylhexyl)ethylenediammonium trifluoroacetate,CCCCC(CC)C[NH2+]CCN.O=C([O-])C(F)(F)F,308.15,101.325,ElectricalConductivity,0.022799997,0.019052336,0.0037476607,test,Random IL,IL,C,Electrical conductivity multi-split parity plot,True
647,N-(2-ethylhexyl)ethylenediammonium trifluoroacetate,CCCCC(CC)C[NH2+]CCN.O=C([O-])C(F)(F)F,313.15,101.325,ElectricalConductivity,0.030199997,0.025682615,0.004517382,test,Random IL,IL,C,Electrical conductivity multi-split parity plot,True
648,N-(2-ethylhexyl)ethylenediammonium trifluoroacetate,CCCCC(CC)C[NH2+]CCN.O=C([O-])C(F)(F)F,318.15,101.325,ElectricalConductivity,0.038499996,0.034103382,0.0043966137,test,Random IL,IL,C,Electrical conductivity multi-split parity plot,True
649,N-(2-ethylhexyl)ethylenediammonium trifluoroacetate,CCCCC(CC)C[NH2+]CCN.O=C([O-])C(F)(F)F,323.15,101.325,ElectricalConductivity,0.05019999,0.044468693,0.005731296,test,Random IL,IL,C,Electrical conductivity multi-split parity plot,True
650,N-(2-ethylhexyl)ethylenediammonium trifluoroacetate,CCCCC(CC)C[NH2+]CCN.O=C([O-])C(F)(F)F,328.15,101.325,ElectricalConductivity,0.0638,0.056877036,0.006922964,test,Random IL,IL,C,Electrical conductivity multi-split parity plot,True
651,N-(2-ethylhexyl)ethylenediammonium trifluoroacetate,CCCCC(CC)C[NH2+]CCN.O=C([O-])C(F)(F)F,333.15,101.325,ElectricalConductivity,0.078,0.08604299,0.008042991,test,Random IL,IL,C,Electrical conductivity multi-split parity plot,True
652,N-(2-ethylhexyl)ethylenediammonium trifluoroacetate,CCCCC(CC)C[NH2+]CCN.O=C([O-])C(F)(F)F,338.15,101.325,ElectricalConductivity,0.091000006,0.10693259,0.015932582,test,Random IL,IL,C,Electrical conductivity multi-split parity plot,True
653,N-(2-ethylhexyl)ethylenediammonium trifluoroacetate,CCCCC(CC)C[NH2+]CCN.O=C([O-])C(F)(F)F,343.15,101.325,ElectricalConductivity,0.11199999,0.130383,0.018383011,test,Random IL,IL,C,Electrical conductivity multi-split parity plot,True
654,N-(2-ethylhexyl)ethylenediammonium trifluoroacetate,CCCCC(CC)C[NH2+]CCN.O=C([O-])C(F)(F)F,348.15,101.325,ElectricalConductivity,0.13099998,0.15637203,0.025372043,test,Random IL,IL,C,Electrical conductivity multi-split parity plot,True
655,N-(2-ethylhexyl)ethylenediammonium trifluoroacetate,CCCCC(CC)C[NH2+]CCN.O=C([O-])C(F)(F)F,353.15,101.325,ElectricalConductivity,0.15,0.18489595,0.03489594,test,Random IL,IL,C,Electrical conductivity multi-split parity plot,True
2059,"N-butyl-N,N-dimethyl-N-ethylammonium bis(trifluoromethanesulfonyl)amide",CCCC[N+](C)(C)CC.O=S(=O)([N-]S(=O)(=O)C(F)(F)F)C(F)(F)F,303.0,100.0,ElectricalConductivity,0.19999999,0.19864619,0.0013538003,test,Random IL,IL,C,Electrical conductivity multi-split parity plot,True
2066,"N-butyl-N,N-dimethyl-N-ethylammonium bis(trifluoromethanesulfonyl)amide",CCCC[N+](C)(C)CC.O=S(=O)([N-]S(=O)(=O)C(F)(F)F)C(F)(F)F,308.0,100.0,ElectricalConductivity,0.21999998,0.2527132,0.03271322,test,Random IL,IL,C,Electrical conductivity multi-split parity plot,True
2068,"N-butyl-N,N-dimethyl-N-ethylammonium bis(trifluoromethanesulfonyl)amide",CCCC[N+](C)(C)CC.O=S(=O)([N-]S(=O)(=O)C(F)(F)F)C(F)(F)F,308.1,101.325,ElectricalConductivity,0.26,0.25387588,0.006124109,test,Random IL,IL,C,Electrical conductivity multi-split parity plot,True
2067,"N-butyl-N,N-dimethyl-N-ethylammonium bis(trifluoromethanesulfonyl)amide",CCCC[N+](C)(C)CC.O=S(=O)([N-]S(=O)(=O)C(F)(F)F)C(F)(F)F,308.15,100.0,ElectricalConductivity,0.198,0.25448808,0.05648808,test,Random IL,IL,C,Electrical conductivity multi-split parity plot,True
2072,"N-butyl-N,N-dimethyl-N-ethylammonium bis(trifluoromethanesulfonyl)amide",CCCC[N+](C)(C)CC.O=S(=O)([N-]S(=O)(=O)C(F)(F)F)C(F)(F)F,312.0,100.0,ElectricalConductivity,0.26,0.30319908,0.043199092,test,Random IL,IL,C,Electrical conductivity multi-split parity plot,True
2078,"N-butyl-N,N-dimethyl-N-ethylammonium bis(trifluoromethanesulfonyl)amide",CCCC[N+](C)(C)CC.O=S(=O)([N-]S(=O)(=O)C(F)(F)F)C(F)(F)F,317.0,100.0,ElectricalConductivity,0.29,0.37565193,0.085651934,test,Random IL,IL,C,Electrical conductivity multi-split parity plot,True
2084,"N-butyl-N,N-dimethyl-N-ethylammonium bis(trifluoromethanesulfonyl)amide",CCCC[N+](C)(C)CC.O=S(=O)([N-]S(=O)(=O)C(F)(F)F)C(F)(F)F,322.0,100.0,ElectricalConductivity,0.34,0.45835537,0.11835536,test,Random IL,IL,C,Electrical conductivity multi-split parity plot,True
2726,N-butylimidazolium trifluoromethanesulfonate,CCCCn1cc[nH+]c1.O=S(=O)([O-])C(F)(F)F,308.0,101.325,ElectricalConductivity,0.24000001,0.21459259,0.025407419,test,Random IL,IL,C,Electrical conductivity multi-split parity plot,True
2728,N-butylimidazolium trifluoromethanesulfonate,CCCCn1cc[nH+]c1.O=S(=O)([O-])C(F)(F)F,318.0,101.325,ElectricalConductivity,0.35,0.3363683,0.0136317015,test,Random IL,IL,C,Electrical conductivity multi-split parity plot,True
2730,N-butylimidazolium trifluoromethanesulfonate,CCCCn1cc[nH+]c1.O=S(=O)([O-])C(F)(F)F,328.0,101.325,ElectricalConductivity,0.45,0.4917122,0.041712224,test,Random IL,IL,C,Electrical conductivity multi-split parity plot,True
2732,N-butylimidazolium trifluoromethanesulfonate,CCCCn1cc[nH+]c1.O=S(=O)([O-])C(F)(F)F,338.0,101.325,ElectricalConductivity,0.59,0.67534137,0.085341394,test,Random IL,IL,C,Electrical conductivity multi-split parity plot,True
2734,N-butylimidazolium trifluoromethanesulfonate,CCCCn1cc[nH+]c1.O=S(=O)([O-])C(F)(F)F,348.0,101.325,ElectricalConductivity,0.7900001,0.88415647,0.094156384,test,Random IL,IL,C,Electrical conductivity multi-split parity plot,True
2736,N-butylimidazolium trifluoromethanesulfonate,CCCCn1cc[nH+]c1.O=S(=O)([O-])C(F)(F)F,358.0,101.325,ElectricalConductivity,0.9800001,1.1183072,0.13830715,test,Random IL,IL,C,Electrical conductivity multi-split parity plot,True
2737,N-butylimidazolium trifluoromethanesulfonate,CCCCn1cc[nH+]c1.O=S(=O)([O-])C(F)(F)F,368.0,101.325,ElectricalConductivity,1.2000003,1.3777833,0.17778301,test,Random IL,IL,C,Electrical conductivity multi-split parity plot,True
2738,N-butylimidazolium trifluoromethanesulfonate,CCCCn1cc[nH+]c1.O=S(=O)([O-])C(F)(F)F,378.0,101.325,ElectricalConductivity,1.4299997,1.6606226,0.23062289,test,Random IL,IL,C,Electrical conductivity multi-split parity plot,True
2739,N-butylimidazolium trifluoromethanesulfonate,CCCCn1cc[nH+]c1.O=S(=O)([O-])C(F)(F)F,388.0,101.325,ElectricalConductivity,1.6699998,1.962759,0.29275918,test,Random IL,IL,C,Electrical conductivity multi-split parity plot,True
2740,N-butylimidazolium trifluoromethanesulfonate,CCCCn1cc[nH+]c1.O=S(=O)([O-])C(F)(F)F,398.0,101.325,ElectricalConductivity,1.9800004,2.2785547,0.2985543,test,Random IL,IL,C,Electrical conductivity multi-split parity plot,True
2741,N-butylimidazolium trifluoromethanesulfonate,CCCCn1cc[nH+]c1.O=S(=O)([O-])C(F)(F)F,408.0,101.325,ElectricalConductivity,2.3000004,2.6015148,0.3015144,test,Random IL,IL,C,Electrical conductivity multi-split parity plot,True
4519,N-butyronitrilepyridinium dicyanamide,N#CCCC[n+]1ccccc1.N#C[N-]C#N,268.0,101.325,ElectricalConductivity,0.005999998,0.00013426524,0.005865733,test,Random IL,IL,C,Electrical conductivity multi-split parity plot,True
4520,N-butyronitrilepyridinium dicyanamide,N#CCCC[n+]1ccccc1.N#C[N-]C#N,273.0,101.325,ElectricalConductivity,0.025,0.00032631663,0.024673684,test,Random IL,IL,C,Electrical conductivity multi-split parity plot,True
4521,N-butyronitrilepyridinium dicyanamide,N#CCCC[n+]1ccccc1.N#C[N-]C#N,282.9,101.325,ElectricalConductivity,0.12199999,0.0033892172,0.11861077,test,Random IL,IL,C,Electrical conductivity multi-split parity plot,True
4522,N-butyronitrilepyridinium dicyanamide,N#CCCC[n+]1ccccc1.N#C[N-]C#N,293.0,101.325,ElectricalConductivity,0.39099997,0.058415394,0.3325846,test,Random IL,IL,C,Electrical conductivity multi-split parity plot,True
4524,N-butyronitrilepyridinium dicyanamide,N#CCCC[n+]1ccccc1.N#C[N-]C#N,298.1,101.325,ElectricalConductivity,0.507,0.18300208,0.32399794,test,Random IL,IL,C,Electrical conductivity multi-split parity plot,True
4526,N-butyronitrilepyridinium dicyanamide,N#CCCC[n+]1ccccc1.N#C[N-]C#N,303.0,101.325,ElectricalConductivity,0.971,0.40909612,0.5619039,test,Random IL,IL,C,Electrical conductivity multi-split parity plot,True
4529,N-butyronitrilepyridinium dicyanamide,N#CCCC[n+]1ccccc1.N#C[N-]C#N,313.0,101.325,ElectricalConductivity,1.572,1.1004128,0.47158718,test,Random IL,IL,C,Electrical conductivity multi-split parity plot,True
4532,N-butyronitrilepyridinium dicyanamide,N#CCCC[n+]1ccccc1.N#C[N-]C#N,323.0,101.325,ElectricalConductivity,2.436,1.8590893,0.57691085,test,Random IL,IL,C,Electrical conductivity multi-split parity plot,True
4535,N-butyronitrilepyridinium dicyanamide,N#CCCC[n+]1ccccc1.N#C[N-]C#N,332.9,101.325,ElectricalConductivity,3.132,2.5680654,0.56393456,test,Random IL,IL,C,Electrical conductivity multi-split parity plot,True
4538,N-butyronitrilepyridinium dicyanamide,N#CCCC[n+]1ccccc1.N#C[N-]C#N,343.0,101.325,ElectricalConductivity,4.1170006,3.2485662,0.8684344,test,Random IL,IL,C,Electrical conductivity multi-split parity plot,True
4541,N-butyronitrilepyridinium dicyanamide,N#CCCC[n+]1ccccc1.N#C[N-]C#N,353.0,101.325,ElectricalConductivity,5.122,3.879424,1.2425761,test,Random IL,IL,C,Electrical conductivity multi-split parity plot,True
17,"N-ethyl-N,N-dimethylprop-2-en-1-aminium trifluoroacetate",C=CC[N+](C)(C)CC.O=C([O-])C(F)(F)F,298.0,101.325,ElectricalConductivity,0.35699996,0.225415,0.13158496,test,Random IL,IL,C,Electrical conductivity multi-split parity plot,True
18,"N-ethyl-N,N-dimethylprop-2-en-1-aminium trifluoroacetate",C=CC[N+](C)(C)CC.O=C([O-])C(F)(F)F,303.0,101.325,ElectricalConductivity,0.44700003,0.27389708,0.17310295,test,Random IL,IL,C,Electrical conductivity multi-split parity plot,True
19,"N-ethyl-N,N-dimethylprop-2-en-1-aminium trifluoroacetate",C=CC[N+](C)(C)CC.O=C([O-])C(F)(F)F,308.0,101.325,ElectricalConductivity,0.553,0.32787493,0.22512504,test,Random IL,IL,C,Electrical conductivity multi-split parity plot,True
20,"N-ethyl-N,N-dimethylprop-2-en-1-aminium trifluoroacetate",C=CC[N+](C)(C)CC.O=C([O-])C(F)(F)F,313.0,101.325,ElectricalConductivity,0.665,0.38751864,0.27748138,test,Random IL,IL,C,Electrical conductivity multi-split parity plot,True
21,"N-ethyl-N,N-dimethylprop-2-en-1-aminium trifluoroacetate",C=CC[N+](C)(C)CC.O=C([O-])C(F)(F)F,318.0,101.325,ElectricalConductivity,0.79100007,0.4567357,0.33426437,test,Random IL,IL,C,Electrical conductivity multi-split parity plot,True
22,"N-ethyl-N,N-dimethylprop-2-en-1-aminium trifluoroacetate",C=CC[N+](C)(C)CC.O=C([O-])C(F)(F)F,323.0,101.325,ElectricalConductivity,0.936,0.5295258,0.40647417,test,Random IL,IL,C,Electrical conductivity multi-split parity plot,True
23,"N-ethyl-N,N-dimethylprop-2-en-1-aminium trifluoroacetate",C=CC[N+](C)(C)CC.O=C([O-])C(F)(F)F,328.0,101.325,ElectricalConductivity,1.089,0.6083052,0.48069477,test,Random IL,IL,C,Electrical conductivity multi-split parity plot,True
24,"N-ethyl-N,N-dimethylprop-2-en-1-aminium trifluoroacetate",C=CC[N+](C)(C)CC.O=C([O-])C(F)(F)F,333.0,101.325,ElectricalConductivity,1.262,0.69282097,0.569179,test,Random IL,IL,C,Electrical conductivity multi-split parity plot,True
25,"N-ethyl-N,N-dimethylprop-2-en-1-aminium trifluoroacetate",C=CC[N+](C)(C)CC.O=C([O-])C(F)(F)F,338.0,101.325,ElectricalConductivity,1.4579997,0.7828766,0.6751231,test,Random IL,IL,C,Electrical conductivity multi-split parity plot,True
26,"N-ethyl-N,N-dimethylprop-2-en-1-aminium trifluoroacetate",C=CC[N+](C)(C)CC.O=C([O-])C(F)(F)F,343.0,101.325,ElectricalConductivity,1.6550001,0.8783847,0.7766154,test,Random IL,IL,C,Electrical conductivity multi-split parity plot,True
27,"N-ethyl-N,N-dimethylprop-2-en-1-aminium trifluoroacetate",C=CC[N+](C)(C)CC.O=C([O-])C(F)(F)F,348.0,101.325,ElectricalConductivity,1.8690001,0.97932845,0.8896716,test,Random IL,IL,C,Electrical conductivity multi-split parity plot,True
28,"N-ethyl-N,N-dimethylprop-2-en-1-aminium trifluoroacetate",C=CC[N+](C)(C)CC.O=C([O-])C(F)(F)F,353.0,101.325,ElectricalConductivity,2.1020002,1.0857013,1.0162989,test,Random IL,IL,C,Electrical conductivity multi-split parity plot,True
29,"N-ethyl-N,N-dimethylprop-2-en-1-aminium trifluoromethanesulfonate",C=CC[N+](C)(C)CC.O=S(=O)([O-])C(F)(F)F,298.0,101.325,ElectricalConductivity,0.20299998,0.24726343,0.044263452,test,Random IL,IL,C,Electrical conductivity multi-split parity plot,True
30,"N-ethyl-N,N-dimethylprop-2-en-1-aminium trifluoromethanesulfonate",C=CC[N+](C)(C)CC.O=S(=O)([O-])C(F)(F)F,303.0,101.325,ElectricalConductivity,0.262,0.32349327,0.061493278,test,Random IL,IL,C,Electrical conductivity multi-split parity plot,True
31,"N-ethyl-N,N-dimethylprop-2-en-1-aminium trifluoromethanesulfonate",C=CC[N+](C)(C)CC.O=S(=O)([O-])C(F)(F)F,308.0,101.325,ElectricalConductivity,0.327,0.41336107,0.08636108,test,Random IL,IL,C,Electrical conductivity multi-split parity plot,True
32,"N-ethyl-N,N-dimethylprop-2-en-1-aminium trifluoromethanesulfonate",C=CC[N+](C)(C)CC.O=S(=O)([O-])C(F)(F)F,313.0,101.325,ElectricalConductivity,0.42,0.51665837,0.09665838,test,Random IL,IL,C,Electrical conductivity multi-split parity plot,True
33,"N-ethyl-N,N-dimethylprop-2-en-1-aminium trifluoromethanesulfonate",C=CC[N+](C)(C)CC.O=S(=O)([O-])C(F)(F)F,318.0,101.325,ElectricalConductivity,0.50399995,0.63246566,0.12846571,test,Random IL,IL,C,Electrical conductivity multi-split parity plot,True
34,"N-ethyl-N,N-dimethylprop-2-en-1-aminium trifluoromethanesulfonate",C=CC[N+](C)(C)CC.O=S(=O)([O-])C(F)(F)F,323.0,101.325,ElectricalConductivity,0.6000001,0.7591201,0.15912002,test,Random IL,IL,C,Electrical conductivity multi-split parity plot,True
35,"N-ethyl-N,N-dimethylprop-2-en-1-aminium trifluoromethanesulfonate",C=CC[N+](C)(C)CC.O=S(=O)([O-])C(F)(F)F,328.0,101.325,ElectricalConductivity,0.723,0.8945591,0.1715591,test,Random IL,IL,C,Electrical conductivity multi-split parity plot,True
36,"N-ethyl-N,N-dimethylprop-2-en-1-aminium trifluoromethanesulfonate",C=CC[N+](C)(C)CC.O=S(=O)([O-])C(F)(F)F,333.0,101.325,ElectricalConductivity,0.854,1.0369182,0.18291819,test,Random IL,IL,C,Electrical conductivity multi-split parity plot,True
37,"N-ethyl-N,N-dimethylprop-2-en-1-aminium trifluoromethanesulfonate",C=CC[N+](C)(C)CC.O=S(=O)([O-])C(F)(F)F,338.0,101.325,ElectricalConductivity,1.0049999,1.1849022,0.17990232,test,Random IL,IL,C,Electrical conductivity multi-split parity plot,True
38,"N-ethyl-N,N-dimethylprop-2-en-1-aminium trifluoromethanesulfonate",C=CC[N+](C)(C)CC.O=S(=O)([O-])C(F)(F)F,343.0,101.325,ElectricalConductivity,1.161,1.3377585,0.17675853,test,Random IL,IL,C,Electrical conductivity multi-split parity plot,True
39,"N-ethyl-N,N-dimethylprop-2-en-1-aminium trifluoromethanesulfonate",C=CC[N+](C)(C)CC.O=S(=O)([O-])C(F)(F)F,348.0,101.325,ElectricalConductivity,1.331,1.4950577,0.16405773,test,Random IL,IL,C,Electrical conductivity multi-split parity plot,True
40,"N-ethyl-N,N-dimethylprop-2-en-1-aminium trifluoromethanesulfonate",C=CC[N+](C)(C)CC.O=S(=O)([O-])C(F)(F)F,353.0,101.325,ElectricalConductivity,1.512,1.6564987,0.1444987,test,Random IL,IL,C,Electrical conductivity multi-split parity plot,True
1048,N-octylethylenediammonium trifluoromethanesulfonate,CCCCCCCC[NH2+]CCN.O=S(=O)([O-])C(F)(F)F,328.15,101.325,ElectricalConductivity,0.08749999,0.10389361,0.016393617,test,Random IL,IL,C,Electrical conductivity multi-split parity plot,True
1049,N-octylethylenediammonium trifluoromethanesulfonate,CCCCCCCC[NH2+]CCN.O=S(=O)([O-])C(F)(F)F,333.15,101.325,ElectricalConductivity,0.105,0.12668328,0.021683283,test,Random IL,IL,C,Electrical conductivity multi-split parity plot,True
1050,N-octylethylenediammonium trifluoromethanesulfonate,CCCCCCCC[NH2+]CCN.O=S(=O)([O-])C(F)(F)F,338.15,101.325,ElectricalConductivity,0.128,0.1512278,0.023227796,test,Random IL,IL,C,Electrical conductivity multi-split parity plot,True
1051,N-octylethylenediammonium trifluoromethanesulfonate,CCCCCCCC[NH2+]CCN.O=S(=O)([O-])C(F)(F)F,343.15,101.325,ElectricalConductivity,0.155,0.17739041,0.02239041,test,Random IL,IL,C,Electrical conductivity multi-split parity plot,True
1052,N-octylethylenediammonium trifluoromethanesulfonate,CCCCCCCC[NH2+]CCN.O=S(=O)([O-])C(F)(F)F,348.15,101.325,ElectricalConductivity,0.185,0.20511068,0.020110682,test,Random IL,IL,C,Electrical conductivity multi-split parity plot,True
1053,N-octylethylenediammonium trifluoromethanesulfonate,CCCCCCCC[NH2+]CCN.O=S(=O)([O-])C(F)(F)F,353.15,101.325,ElectricalConductivity,0.212,0.23439048,0.022390485,test,Random IL,IL,C,Electrical conductivity multi-split parity plot,True
656,"N1-(2-ethylhexyl)ethane-1,2-diamine trifluoromethanesulfonate",CCCCC(CC)C[NH2+]CCN.O=S(=O)([O-])C(F)(F)F,293.15,101.325,ElectricalConductivity,0.0075000008,0.010004864,0.0025048633,test,Random IL,IL,C,Electrical conductivity multi-split parity plot,True
657,"N1-(2-ethylhexyl)ethane-1,2-diamine trifluoromethanesulfonate",CCCCC(CC)C[NH2+]CCN.O=S(=O)([O-])C(F)(F)F,298.15,101.325,ElectricalConductivity,0.010200003,0.015501828,0.005301825,test,Random IL,IL,C,Electrical conductivity multi-split parity plot,True
658,"N1-(2-ethylhexyl)ethane-1,2-diamine trifluoromethanesulfonate",CCCCC(CC)C[NH2+]CCN.O=S(=O)([O-])C(F)(F)F,303.15,101.325,ElectricalConductivity,0.014400003,0.02333205,0.0089320475,test,Random IL,IL,C,Electrical conductivity multi-split parity plot,True
659,"N1-(2-ethylhexyl)ethane-1,2-diamine trifluoromethanesulfonate",CCCCC(CC)C[NH2+]CCN.O=S(=O)([O-])C(F)(F)F,308.15,101.325,ElectricalConductivity,0.020499999,0.033856507,0.013356509,test,Random IL,IL,C,Electrical conductivity multi-split parity plot,True
660,"N1-(2-ethylhexyl)ethane-1,2-diamine trifluoromethanesulfonate",CCCCC(CC)C[NH2+]CCN.O=S(=O)([O-])C(F)(F)F,313.15,101.325,ElectricalConductivity,0.029499989,0.047184236,0.017684247,test,Random IL,IL,C,Electrical conductivity multi-split parity plot,True
661,"N1-(2-ethylhexyl)ethane-1,2-diamine trifluoromethanesulfonate",CCCCC(CC)C[NH2+]CCN.O=S(=O)([O-])C(F)(F)F,318.15,101.325,ElectricalConductivity,0.037000008,0.06317003,0.026170023,test,Random IL,IL,C,Electrical conductivity multi-split parity plot,True
662,"N1-(2-ethylhexyl)ethane-1,2-diamine trifluoromethanesulfonate",CCCCC(CC)C[NH2+]CCN.O=S(=O)([O-])C(F)(F)F,323.15,101.325,ElectricalConductivity,0.050499998,0.08150681,0.031006813,test,Random IL,IL,C,Electrical conductivity multi-split parity plot,True
663,"N1-(2-ethylhexyl)ethane-1,2-diamine trifluoromethanesulfonate",CCCCC(CC)C[NH2+]CCN.O=S(=O)([O-])C(F)(F)F,328.15,101.325,ElectricalConductivity,0.0728,0.10184815,0.029048145,test,Random IL,IL,C,Electrical conductivity multi-split parity plot,True
664,"N1-(2-ethylhexyl)ethane-1,2-diamine trifluoromethanesulfonate",CCCCC(CC)C[NH2+]CCN.O=S(=O)([O-])C(F)(F)F,333.15,101.325,ElectricalConductivity,0.09449999,0.12389705,0.029397063,test,Random IL,IL,C,Electrical conductivity multi-split parity plot,True
665,"N1-(2-ethylhexyl)ethane-1,2-diamine trifluoromethanesulfonate",CCCCC(CC)C[NH2+]CCN.O=S(=O)([O-])C(F)(F)F,338.15,101.325,ElectricalConductivity,0.12199999,0.14744228,0.025442295,test,Random IL,IL,C,Electrical conductivity multi-split parity plot,True
666,"N1-(2-ethylhexyl)ethane-1,2-diamine trifluoromethanesulfonate",CCCCC(CC)C[NH2+]CCN.O=S(=O)([O-])C(F)(F)F,343.15,101.325,ElectricalConductivity,0.156,0.1723605,0.016360492,test,Random IL,IL,C,Electrical conductivity multi-split parity plot,True
667,"N1-(2-ethylhexyl)ethane-1,2-diamine trifluoromethanesulfonate",CCCCC(CC)C[NH2+]CCN.O=S(=O)([O-])C(F)(F)F,348.15,101.325,ElectricalConductivity,0.171,0.19860463,0.027604625,test,Random IL,IL,C,Electrical conductivity multi-split parity plot,True
668,"N1-(2-ethylhexyl)ethane-1,2-diamine trifluoromethanesulfonate",CCCCC(CC)C[NH2+]CCN.O=S(=O)([O-])C(F)(F)F,353.15,101.325,ElectricalConductivity,0.18699999,0.22618838,0.039188385,test,Random IL,IL,C,Electrical conductivity multi-split parity plot,True
155,propylammonium acetate,CC(=O)[O-].CCC[NH3+],293.15,101.325,ElectricalConductivity,0.039999995,0.0924176,0.052417602,test,Random IL,IL,C,Electrical conductivity multi-split parity plot,True
158,propylammonium acetate,CC(=O)[O-].CCC[NH3+],298.15,101.0,ElectricalConductivity,0.042999998,0.12005476,0.07705476,test,Random IL,IL,C,Electrical conductivity multi-split parity plot,True
159,propylammonium acetate,CC(=O)[O-].CCC[NH3+],298.15,101.325,ElectricalConductivity,0.060000002,0.120054536,0.060054533,test,Random IL,IL,C,Electrical conductivity multi-split parity plot,True
162,propylammonium acetate,CC(=O)[O-].CCC[NH3+],303.15,101.325,ElectricalConductivity,0.07999998,0.1526226,0.07262261,test,Random IL,IL,C,Electrical conductivity multi-split parity plot,True
165,propylammonium acetate,CC(=O)[O-].CCC[NH3+],308.15,101.325,ElectricalConductivity,0.09999999,0.19032797,0.090327986,test,Random IL,IL,C,Electrical conductivity multi-split parity plot,True
168,propylammonium acetate,CC(=O)[O-].CCC[NH3+],313.15,101.325,ElectricalConductivity,0.14,0.23341613,0.093416125,test,Random IL,IL,C,Electrical conductivity multi-split parity plot,True
171,propylammonium acetate,CC(=O)[O-].CCC[NH3+],318.15,101.325,ElectricalConductivity,0.17000002,0.28218615,0.112186134,test,Random IL,IL,C,Electrical conductivity multi-split parity plot,True
174,propylammonium acetate,CC(=O)[O-].CCC[NH3+],323.15,101.325,ElectricalConductivity,0.21999998,0.33695284,0.11695285,test,Random IL,IL,C,Electrical conductivity multi-split parity plot,True
177,propylammonium acetate,CC(=O)[O-].CCC[NH3+],328.15,101.325,ElectricalConductivity,0.27,0.3980158,0.12801579,test,Random IL,IL,C,Electrical conductivity multi-split parity plot,True
180,propylammonium acetate,CC(=O)[O-].CCC[NH3+],333.15,101.325,ElectricalConductivity,0.33,0.46568778,0.13568777,test,Random IL,IL,C,Electrical conductivity multi-split parity plot,True
2248,tributyl(2-(ethylthio)ethyl)phosphonium bis(trifluoromethylsulfonyl)amide,CCCC[P+](CCCC)(CCCC)CCSCC.O=S(=O)([N-]S(=O)(=O)C(F)(F)F)C(F)(F)F,293.0,100.0,ElectricalConductivity,0.04569999,0.018679189,0.027020803,test,Random IL,IL,C,Electrical conductivity multi-split parity plot,True
2246,tributyl(2-(methylthio)ethyl)phosphonium bis(trifluoromethylsulfonyl)amide,CCCC[P+](CCCC)(CCCC)CCSC.O=S(=O)([N-]S(=O)(=O)C(F)(F)F)C(F)(F)F,293.0,100.0,ElectricalConductivity,0.0433,0.018441597,0.024858402,test,Random IL,IL,C,Electrical conductivity multi-split parity plot,True
1082,"tributyl(octyl)phosphonium 1,3-dioxo-2,3-dihydro-1H-inden-2-ide",CCCCCCCC[P+](CCCC)(CCCC)CCCC.[O-]C1=CC(=O)c2ccccc21,298.148,101.325,ElectricalConductivity,0.00264,0.002530984,0.000109015964,test,Random IL,IL,C,Electrical conductivity multi-split parity plot,True
1084,"tributyl(octyl)phosphonium 1,3-dioxo-2,3-dihydro-1H-inden-2-ide",CCCCCCCC[P+](CCCC)(CCCC)CCCC.[O-]C1=CC(=O)c2ccccc21,303.158,101.325,ElectricalConductivity,0.0033600002,0.003181493,0.0001785073,test,Random IL,IL,C,Electrical conductivity multi-split parity plot,True
1087,"tributyl(octyl)phosphonium 1,3-dioxo-2,3-dihydro-1H-inden-2-ide",CCCCCCCC[P+](CCCC)(CCCC)CCCC.[O-]C1=CC(=O)c2ccccc21,308.157,101.325,ElectricalConductivity,0.004400003,0.004038088,0.00036191475,test,Random IL,IL,C,Electrical conductivity multi-split parity plot,True
1088,"tributyl(octyl)phosphonium 1,3-dioxo-2,3-dihydro-1H-inden-2-ide",CCCCCCCC[P+](CCCC)(CCCC)CCCC.[O-]C1=CC(=O)c2ccccc21,313.156,101.325,ElectricalConductivity,0.00565,0.005168267,0.00048173312,test,Random IL,IL,C,Electrical conductivity multi-split parity plot,True
1090,"tributyl(octyl)phosphonium 1,3-dioxo-2,3-dihydro-1H-inden-2-ide",CCCCCCCC[P+](CCCC)(CCCC)CCCC.[O-]C1=CC(=O)c2ccccc21,318.162,101.325,ElectricalConductivity,0.0072799996,0.0066509615,0.0006290381,test,Random IL,IL,C,Electrical conductivity multi-split parity plot,True
1093,"tributyl(octyl)phosphonium 1,3-dioxo-2,3-dihydro-1H-inden-2-ide",CCCCCCCC[P+](CCCC)(CCCC)CCCC.[O-]C1=CC(=O)c2ccccc21,323.172,101.325,ElectricalConductivity,0.009150005,0.008571759,0.0005782461,test,Random IL,IL,C,Electrical conductivity multi-split parity plot,True
1095,"tributyl(octyl)phosphonium 1,3-dioxo-2,3-dihydro-1H-inden-2-ide",CCCCCCCC[P+](CCCC)(CCCC)CCCC.[O-]C1=CC(=O)c2ccccc21,328.154,101.325,ElectricalConductivity,0.011700002,0.011008699,0.0006913021,test,Random IL,IL,C,Electrical conductivity multi-split parity plot,True
1096,"tributyl(octyl)phosphonium 1,3-dioxo-2,3-dihydro-1H-inden-2-ide",CCCCCCCC[P+](CCCC)(CCCC)CCCC.[O-]C1=CC(=O)c2ccccc21,333.128,101.325,ElectricalConductivity,0.014010002,0.01407255,6.2548555e-05,test,Random IL,IL,C,Electrical conductivity multi-split parity plot,True
1098,"tributyl(octyl)phosphonium 1,3-dioxo-2,3-dihydro-1H-inden-2-ide",CCCCCCCC[P+](CCCC)(CCCC)CCCC.[O-]C1=CC(=O)c2ccccc21,338.159,101.325,ElectricalConductivity,0.01659,0.017942771,0.0013527721,test,Random IL,IL,C,Electrical conductivity multi-split parity plot,True
1100,"tributyl(octyl)phosphonium 1,3-dioxo-2,3-dihydro-1H-inden-2-ide",CCCCCCCC[P+](CCCC)(CCCC)CCCC.[O-]C1=CC(=O)c2ccccc21,343.155,101.325,ElectricalConductivity,0.019999998,0.0227105,0.0027105026,test,Random IL,IL,C,Electrical conductivity multi-split parity plot,True
4622,tributylmethylammonium hydrogensulfate,S(=O)(=O)(O)[O-].C(CCC)[N+](C)(CCCC)CCCC,393.1,101.325,ElectricalConductivity,0.141,0.15209976,0.011099756,test,Random IL,IL,C,Electrical conductivity multi-split parity plot,True
3981,tributylmethylphosphonium methylsulfate,COS(=O)(=O)[O-].C(CCC)[P+](C)(CCCC)CCCC,293.15,101.325,ElectricalConductivity,0.0074900044,0.030956777,0.023466773,test,Random IL,IL,C,Electrical conductivity multi-split parity plot,True
3989,tributylmethylphosphonium methylsulfate,COS(=O)(=O)[O-].C(CCC)[P+](C)(CCCC)CCCC,303.15,101.325,ElectricalConductivity,0.015800003,0.05067928,0.03487928,test,Random IL,IL,C,Electrical conductivity multi-split parity plot,True
3996,tributylmethylphosphonium methylsulfate,COS(=O)(=O)[O-].C(CCC)[P+](C)(CCCC)CCCC,313.15,101.325,ElectricalConductivity,0.027800001,0.07989492,0.05209492,test,Random IL,IL,C,Electrical conductivity multi-split parity plot,True
4003,tributylmethylphosphonium methylsulfate,COS(=O)(=O)[O-].C(CCC)[P+](C)(CCCC)CCCC,323.15,101.325,ElectricalConductivity,0.0483,0.11980742,0.071507424,test,Random IL,IL,C,Electrical conductivity multi-split parity plot,True
4006,tributylmethylphosphonium methylsulfate,COS(=O)(=O)[O-].C(CCC)[P+](C)(CCCC)CCCC,333.15,101.325,ElectricalConductivity,0.0882,0.1715582,0.0833582,test,Random IL,IL,C,Electrical conductivity multi-split parity plot,True
4009,tributylmethylphosphonium methylsulfate,COS(=O)(=O)[O-].C(CCC)[P+](C)(CCCC)CCCC,343.15,101.325,ElectricalConductivity,0.139,0.23823225,0.09923226,test,Random IL,IL,C,Electrical conductivity multi-split parity plot,True
3166,triethyl(2-(ethylthio)ethyl)phosphonium bis(fluorosulfonyl)amide,CCSCC[P+](CC)(CC)CC.O=S(=O)(F)[N-]S(=O)(=O)F,293.0,100.0,ElectricalConductivity,0.19399999,0.21662393,0.022623941,test,Random IL,IL,C,Electrical conductivity multi-split parity plot,True
3168,triethyl(2-(ethylthio)ethyl)phosphonium bis(trifluoromethylsulfonyl)amide,CCSCC[P+](CC)(CC)CC.O=S(=O)([N-]S(=O)(=O)C(F)(F)F)C(F)(F)F,293.0,100.0,ElectricalConductivity,0.12199999,0.11805058,0.0039494038,test,Random IL,IL,C,Electrical conductivity multi-split parity plot,True
4618,triethylammonium hydrogensulfate,S(=O)(=O)(O)[O-].C(C)[NH+](CC)CC,363.0,101.325,ElectricalConductivity,0.423,0.7780038,0.3550038,test,Random IL,IL,C,Electrical conductivity multi-split parity plot,True
4619,triethylammonium hydrogensulfate,S(=O)(=O)(O)[O-].C(C)[NH+](CC)CC,378.0,101.325,ElectricalConductivity,0.69100004,1.030333,0.339333,test,Random IL,IL,C,Electrical conductivity multi-split parity plot,True
4620,triethylammonium hydrogensulfate,S(=O)(=O)(O)[O-].C(C)[NH+](CC)CC,393.0,101.325,ElectricalConductivity,1.018,1.3400342,0.32203424,test,Random IL,IL,C,Electrical conductivity multi-split parity plot,True
4621,triethylammonium hydrogensulfate,S(=O)(=O)(O)[O-].C(C)[NH+](CC)CC,393.1,101.325,ElectricalConductivity,1.31,1.3422824,0.03228247,test,Random IL,IL,C,Electrical conductivity multi-split parity plot,True
1447,triethylheptylammonium bis[(trifluoromethyl)sulfonyl]imide,CCCCCCC[N+](CC)(CC)CC.O=S(=O)([N-]S(=O)(=O)C(F)(F)F)C(F)(F)F,298.1,101.325,ElectricalConductivity,0.05099998,0.04964581,0.0013541691,test,Random IL,IL,C,Electrical conductivity multi-split parity plot,True
1449,triethylheptylammonium bis[(trifluoromethyl)sulfonyl]imide,CCCCCCC[N+](CC)(CC)CC.O=S(=O)([N-]S(=O)(=O)C(F)(F)F)C(F)(F)F,299.75,101.325,ElectricalConductivity,0.08600001,0.054707795,0.031292215,test,Random IL,IL,C,Electrical conductivity multi-split parity plot,True
1452,triethylheptylammonium bis[(trifluoromethyl)sulfonyl]imide,CCCCCCC[N+](CC)(CC)CC.O=S(=O)([N-]S(=O)(=O)C(F)(F)F)C(F)(F)F,303.65,101.325,ElectricalConductivity,0.10999999,0.06859001,0.041409984,test,Random IL,IL,C,Electrical conductivity multi-split parity plot,True
1453,triethylheptylammonium bis[(trifluoromethyl)sulfonyl]imide,CCCCCCC[N+](CC)(CC)CC.O=S(=O)([N-]S(=O)(=O)C(F)(F)F)C(F)(F)F,308.15,101.325,ElectricalConductivity,0.148,0.08837031,0.059629694,test,Random IL,IL,C,Electrical conductivity multi-split parity plot,True
1455,triethylheptylammonium bis[(trifluoromethyl)sulfonyl]imide,CCCCCCC[N+](CC)(CC)CC.O=S(=O)([N-]S(=O)(=O)C(F)(F)F)C(F)(F)F,312.85,101.325,ElectricalConductivity,0.18399997,0.1138886,0.07011137,test,Random IL,IL,C,Electrical conductivity multi-split parity plot,True
1458,triethylheptylammonium bis[(trifluoromethyl)sulfonyl]imide,CCCCCCC[N+](CC)(CC)CC.O=S(=O)([N-]S(=O)(=O)C(F)(F)F)C(F)(F)F,318.25,101.325,ElectricalConductivity,0.22800003,0.14992782,0.078072205,test,Random IL,IL,C,Electrical conductivity multi-split parity plot,True
1460,triethylheptylammonium bis[(trifluoromethyl)sulfonyl]imide,CCCCCCC[N+](CC)(CC)CC.O=S(=O)([N-]S(=O)(=O)C(F)(F)F)C(F)(F)F,323.05,101.325,ElectricalConductivity,0.275,0.18827735,0.08672266,test,Random IL,IL,C,Electrical conductivity multi-split parity plot,True
1463,triethylheptylammonium bis[(trifluoromethyl)sulfonyl]imide,CCCCCCC[N+](CC)(CC)CC.O=S(=O)([N-]S(=O)(=O)C(F)(F)F)C(F)(F)F,328.15,101.325,ElectricalConductivity,0.36199996,0.23551531,0.12648465,test,Random IL,IL,C,Electrical conductivity multi-split parity plot,True
1473,triethylheptylammonium bis[(trifluoromethyl)sulfonyl]imide,CCCCCCC[N+](CC)(CC)CC.O=S(=O)([N-]S(=O)(=O)C(F)(F)F)C(F)(F)F,354.35,101.325,ElectricalConductivity,0.7720001,0.57139355,0.20060652,test,Random IL,IL,C,Electrical conductivity multi-split parity plot,True
1478,triethylheptylammonium bis[(trifluoromethyl)sulfonyl]imide,CCCCCCC[N+](CC)(CC)CC.O=S(=O)([N-]S(=O)(=O)C(F)(F)F)C(F)(F)F,380.05,101.325,ElectricalConductivity,1.3220003,1.0477948,0.27420545,test,Random IL,IL,C,Electrical conductivity multi-split parity plot,True
1479,triethylheptylammonium bis[(trifluoromethyl)sulfonyl]imide,CCCCCCC[N+](CC)(CC)CC.O=S(=O)([N-]S(=O)(=O)C(F)(F)F)C(F)(F)F,409.65,101.325,ElectricalConductivity,1.9879999,1.696381,0.29161894,test,Random IL,IL,C,Electrical conductivity multi-split parity plot,True
1480,triethylheptylammonium bis[(trifluoromethyl)sulfonyl]imide,CCCCCCC[N+](CC)(CC)CC.O=S(=O)([N-]S(=O)(=O)C(F)(F)F)C(F)(F)F,413.45,101.325,ElectricalConductivity,2.0639997,1.7830055,0.28099418,test,Random IL,IL,C,Electrical conductivity multi-split parity plot,True
4272,1-(2-ethoxyethyl)pyridinium bis((trifluoromethyl)sulfonyl)amide,CCOCC[n+]1ccccc1.O=S(=O)([N-]S(=O)(=O)C(F)(F)F)C(F)(F)F,283.15,101.325,ElectricalConductivity,0.20699999,0.10237683,0.104623154,test,Balanced IL,Balanced,C,Electrical conductivity multi-split parity plot,True
4274,1-(2-ethoxyethyl)pyridinium bis((trifluoromethyl)sulfonyl)amide,CCOCC[n+]1ccccc1.O=S(=O)([N-]S(=O)(=O)C(F)(F)F)C(F)(F)F,293.15,101.325,ElectricalConductivity,0.29600003,0.1839374,0.11206263,test,Balanced IL,Balanced,C,Electrical conductivity multi-split parity plot,True
4276,1-(2-ethoxyethyl)pyridinium bis((trifluoromethyl)sulfonyl)amide,CCOCC[n+]1ccccc1.O=S(=O)([N-]S(=O)(=O)C(F)(F)F)C(F)(F)F,298.15,101.325,ElectricalConductivity,0.334,0.23901433,0.094985664,test,Balanced IL,Balanced,C,Electrical conductivity multi-split parity plot,True
4278,1-(2-ethoxyethyl)pyridinium bis((trifluoromethyl)sulfonyl)amide,CCOCC[n+]1ccccc1.O=S(=O)([N-]S(=O)(=O)C(F)(F)F)C(F)(F)F,303.15,101.325,ElectricalConductivity,0.37100002,0.30421185,0.06678817,test,Balanced IL,Balanced,C,Electrical conductivity multi-split parity plot,True
4280,1-(2-ethoxyethyl)pyridinium bis((trifluoromethyl)sulfonyl)amide,CCOCC[n+]1ccccc1.O=S(=O)([N-]S(=O)(=O)C(F)(F)F)C(F)(F)F,313.15,101.325,ElectricalConductivity,0.458,0.4640718,0.006071806,test,Balanced IL,Balanced,C,Electrical conductivity multi-split parity plot,True
4282,1-(2-ethoxyethyl)pyridinium bis((trifluoromethyl)sulfonyl)amide,CCOCC[n+]1ccccc1.O=S(=O)([N-]S(=O)(=O)C(F)(F)F)C(F)(F)F,323.15,101.325,ElectricalConductivity,0.55,0.65864974,0.10864973,test,Balanced IL,Balanced,C,Electrical conductivity multi-split parity plot,True
4284,1-(2-ethoxyethyl)pyridinium bis((trifluoromethyl)sulfonyl)amide,CCOCC[n+]1ccccc1.O=S(=O)([N-]S(=O)(=O)C(F)(F)F)C(F)(F)F,333.15,101.325,ElectricalConductivity,0.638,0.88062584,0.24262583,test,Balanced IL,Balanced,C,Electrical conductivity multi-split parity plot,True
4286,1-(2-ethoxyethyl)pyridinium bis((trifluoromethyl)sulfonyl)amide,CCOCC[n+]1ccccc1.O=S(=O)([N-]S(=O)(=O)C(F)(F)F)C(F)(F)F,343.15,101.325,ElectricalConductivity,0.72099996,1.1226975,0.40169752,test,Balanced IL,Balanced,C,Electrical conductivity multi-split parity plot,True
4288,1-(2-ethoxyethyl)pyridinium bis((trifluoromethyl)sulfonyl)amide,CCOCC[n+]1ccccc1.O=S(=O)([N-]S(=O)(=O)C(F)(F)F)C(F)(F)F,353.15,101.325,ElectricalConductivity,0.79999995,1.3785447,0.57854474,test,Balanced IL,Balanced,C,Electrical conductivity multi-split parity plot,True
5267,1-(2-hydroxyethyl)-3-methylimidazolium bis[(trifluoromethyl)sulfonyl]imide,Cn1cc[n+](CCO)c1.O=S(=O)([N-]S(=O)(=O)C(F)(F)F)C(F)(F)F,283.15,101.325,ElectricalConductivity,0.13190001,0.02523453,0.106665485,test,Balanced IL,Balanced,C,Electrical conductivity multi-split parity plot,True
5268,1-(2-hydroxyethyl)-3-methylimidazolium bis[(trifluoromethyl)sulfonyl]imide,Cn1cc[n+](CCO)c1.O=S(=O)([N-]S(=O)(=O)C(F)(F)F)C(F)(F)F,288.15,101.3,ElectricalConductivity,0.19000001,0.03652261,0.1534774,test,Balanced IL,Balanced,C,Electrical conductivity multi-split parity plot,True
5269,1-(2-hydroxyethyl)-3-methylimidazolium bis[(trifluoromethyl)sulfonyl]imide,Cn1cc[n+](CCO)c1.O=S(=O)([N-]S(=O)(=O)C(F)(F)F)C(F)(F)F,288.15,101.325,ElectricalConductivity,0.1794,0.036522694,0.14287731,test,Balanced IL,Balanced,C,Electrical conductivity multi-split parity plot,True
5272,1-(2-hydroxyethyl)-3-methylimidazolium bis[(trifluoromethyl)sulfonyl]imide,Cn1cc[n+](CCO)c1.O=S(=O)([N-]S(=O)(=O)C(F)(F)F)C(F)(F)F,293.15,101.3,ElectricalConductivity,0.25200003,0.05118829,0.20081174,test,Balanced IL,Balanced,C,Electrical conductivity multi-split parity plot,True
5273,1-(2-hydroxyethyl)-3-methylimidazolium bis[(trifluoromethyl)sulfonyl]imide,Cn1cc[n+](CCO)c1.O=S(=O)([N-]S(=O)(=O)C(F)(F)F)C(F)(F)F,293.15,101.325,ElectricalConductivity,0.23699999,0.051188335,0.18581165,test,Balanced IL,Balanced,C,Electrical conductivity multi-split parity plot,True
5274,1-(2-hydroxyethyl)-3-methylimidazolium bis[(trifluoromethyl)sulfonyl]imide,Cn1cc[n+](CCO)c1.O=S(=O)([N-]S(=O)(=O)C(F)(F)F)C(F)(F)F,295.1,101.325,ElectricalConductivity,0.29999998,0.058013048,0.24198693,test,Balanced IL,Balanced,C,Electrical conductivity multi-split parity plot,True
5275,1-(2-hydroxyethyl)-3-methylimidazolium bis[(trifluoromethyl)sulfonyl]imide,Cn1cc[n+](CCO)c1.O=S(=O)([N-]S(=O)(=O)C(F)(F)F)C(F)(F)F,298.15,101.3,ElectricalConductivity,0.324,0.07013987,0.25386012,test,Balanced IL,Balanced,C,Electrical conductivity multi-split parity plot,True
5276,1-(2-hydroxyethyl)-3-methylimidazolium bis[(trifluoromethyl)sulfonyl]imide,Cn1cc[n+](CCO)c1.O=S(=O)([N-]S(=O)(=O)C(F)(F)F)C(F)(F)F,298.15,101.325,ElectricalConductivity,0.305,0.070139915,0.23486009,test,Balanced IL,Balanced,C,Electrical conductivity multi-split parity plot,True
5280,1-(2-hydroxyethyl)-3-methylimidazolium bis[(trifluoromethyl)sulfonyl]imide,Cn1cc[n+](CCO)c1.O=S(=O)([N-]S(=O)(=O)C(F)(F)F)C(F)(F)F,303.15,101.3,ElectricalConductivity,0.40400004,0.09445844,0.3095416,test,Balanced IL,Balanced,C,Electrical conductivity multi-split parity plot,True
5281,1-(2-hydroxyethyl)-3-methylimidazolium bis[(trifluoromethyl)sulfonyl]imide,Cn1cc[n+](CCO)c1.O=S(=O)([N-]S(=O)(=O)C(F)(F)F)C(F)(F)F,303.15,101.325,ElectricalConductivity,0.387,0.09445841,0.2925416,test,Balanced IL,Balanced,C,Electrical conductivity multi-split parity plot,True
5282,1-(2-hydroxyethyl)-3-methylimidazolium bis[(trifluoromethyl)sulfonyl]imide,Cn1cc[n+](CCO)c1.O=S(=O)([N-]S(=O)(=O)C(F)(F)F)C(F)(F)F,308.15,101.3,ElectricalConductivity,0.502,0.12529624,0.37670374,test,Balanced IL,Balanced,C,Electrical conductivity multi-split parity plot,True
5283,1-(2-hydroxyethyl)-3-methylimidazolium bis[(trifluoromethyl)sulfonyl]imide,Cn1cc[n+](CCO)c1.O=S(=O)([N-]S(=O)(=O)C(F)(F)F)C(F)(F)F,308.15,101.325,ElectricalConductivity,0.481,0.12529616,0.35570383,test,Balanced IL,Balanced,C,Electrical conductivity multi-split parity plot,True
5286,1-(2-hydroxyethyl)-3-methylimidazolium bis[(trifluoromethyl)sulfonyl]imide,Cn1cc[n+](CCO)c1.O=S(=O)([N-]S(=O)(=O)C(F)(F)F)C(F)(F)F,313.15,101.3,ElectricalConductivity,0.606,0.16374183,0.44225818,test,Balanced IL,Balanced,C,Electrical conductivity multi-split parity plot,True
5287,1-(2-hydroxyethyl)-3-methylimidazolium bis[(trifluoromethyl)sulfonyl]imide,Cn1cc[n+](CCO)c1.O=S(=O)([N-]S(=O)(=O)C(F)(F)F)C(F)(F)F,313.15,101.325,ElectricalConductivity,0.58900005,0.16374163,0.4252584,test,Balanced IL,Balanced,C,Electrical conductivity multi-split parity plot,True
5288,1-(2-hydroxyethyl)-3-methylimidazolium bis[(trifluoromethyl)sulfonyl]imide,Cn1cc[n+](CCO)c1.O=S(=O)([N-]S(=O)(=O)C(F)(F)F)C(F)(F)F,318.15,101.3,ElectricalConductivity,0.71599996,0.21068537,0.5053146,test,Balanced IL,Balanced,C,Electrical conductivity multi-split parity plot,True
5289,1-(2-hydroxyethyl)-3-methylimidazolium bis[(trifluoromethyl)sulfonyl]imide,Cn1cc[n+](CCO)c1.O=S(=O)([N-]S(=O)(=O)C(F)(F)F)C(F)(F)F,318.15,101.325,ElectricalConductivity,0.704,0.21068497,0.49331504,test,Balanced IL,Balanced,C,Electrical conductivity multi-split parity plot,True
5292,1-(2-hydroxyethyl)-3-methylimidazolium bis[(trifluoromethyl)sulfonyl]imide,Cn1cc[n+](CCO)c1.O=S(=O)([N-]S(=O)(=O)C(F)(F)F)C(F)(F)F,323.15,101.3,ElectricalConductivity,0.85300004,0.2667198,0.5862802,test,Balanced IL,Balanced,C,Electrical conductivity multi-split parity plot,True
5293,1-(2-hydroxyethyl)-3-methylimidazolium bis[(trifluoromethyl)sulfonyl]imide,Cn1cc[n+](CCO)c1.O=S(=O)([N-]S(=O)(=O)C(F)(F)F)C(F)(F)F,323.15,101.325,ElectricalConductivity,0.83,0.2667191,0.5632809,test,Balanced IL,Balanced,C,Electrical conductivity multi-split parity plot,True
5294,1-(2-hydroxyethyl)-3-methylimidazolium bis[(trifluoromethyl)sulfonyl]imide,Cn1cc[n+](CCO)c1.O=S(=O)([N-]S(=O)(=O)C(F)(F)F)C(F)(F)F,328.15,101.3,ElectricalConductivity,0.992,0.33210003,0.65989995,test,Balanced IL,Balanced,C,Electrical conductivity multi-split parity plot,True
5295,1-(2-hydroxyethyl)-3-methylimidazolium bis[(trifluoromethyl)sulfonyl]imide,Cn1cc[n+](CCO)c1.O=S(=O)([N-]S(=O)(=O)C(F)(F)F)C(F)(F)F,328.15,101.325,ElectricalConductivity,0.967,0.3320991,0.6349009,test,Balanced IL,Balanced,C,Electrical conductivity multi-split parity plot,True
5298,1-(2-hydroxyethyl)-3-methylimidazolium bis[(trifluoromethyl)sulfonyl]imide,Cn1cc[n+](CCO)c1.O=S(=O)([N-]S(=O)(=O)C(F)(F)F)C(F)(F)F,333.15,101.3,ElectricalConductivity,1.14,0.4067614,0.7332386,test,Balanced IL,Balanced,C,Electrical conductivity multi-split parity plot,True
5299,1-(2-hydroxyethyl)-3-methylimidazolium bis[(trifluoromethyl)sulfonyl]imide,Cn1cc[n+](CCO)c1.O=S(=O)([N-]S(=O)(=O)C(F)(F)F)C(F)(F)F,333.15,101.325,ElectricalConductivity,1.112,0.40676025,0.7052398,test,Balanced IL,Balanced,C,Electrical conductivity multi-split parity plot,True
5300,1-(2-hydroxyethyl)-3-methylimidazolium bis[(trifluoromethyl)sulfonyl]imide,Cn1cc[n+](CCO)c1.O=S(=O)([N-]S(=O)(=O)C(F)(F)F)C(F)(F)F,338.15,101.3,ElectricalConductivity,1.3000001,0.49037775,0.8096223,test,Balanced IL,Balanced,C,Electrical conductivity multi-split parity plot,True
5301,1-(2-hydroxyethyl)-3-methylimidazolium bis[(trifluoromethyl)sulfonyl]imide,Cn1cc[n+](CCO)c1.O=S(=O)([N-]S(=O)(=O)C(F)(F)F)C(F)(F)F,338.15,101.325,ElectricalConductivity,1.277,0.49037635,0.7866236,test,Balanced IL,Balanced,C,Electrical conductivity multi-split parity plot,True
5303,1-(2-hydroxyethyl)-3-methylimidazolium bis[(trifluoromethyl)sulfonyl]imide,Cn1cc[n+](CCO)c1.O=S(=O)([N-]S(=O)(=O)C(F)(F)F)C(F)(F)F,343.15,101.3,ElectricalConductivity,1.5099999,0.71083,0.7991699,test,Balanced IL,Balanced,C,Electrical conductivity multi-split parity plot,True
5304,1-(2-hydroxyethyl)-3-methylimidazolium bis[(trifluoromethyl)sulfonyl]imide,Cn1cc[n+](CCO)c1.O=S(=O)([N-]S(=O)(=O)C(F)(F)F)C(F)(F)F,343.15,101.325,ElectricalConductivity,1.4469999,0.7108274,0.7361725,test,Balanced IL,Balanced,C,Electrical conductivity multi-split parity plot,True
5306,1-(2-hydroxyethyl)-3-methylimidazolium bis[(trifluoromethyl)sulfonyl]imide,Cn1cc[n+](CCO)c1.O=S(=O)([N-]S(=O)(=O)C(F)(F)F)C(F)(F)F,348.15,101.3,ElectricalConductivity,1.6699998,0.84166026,0.8283396,test,Balanced IL,Balanced,C,Electrical conductivity multi-split parity plot,True
5307,1-(2-hydroxyethyl)-3-methylimidazolium bis[(trifluoromethyl)sulfonyl]imide,Cn1cc[n+](CCO)c1.O=S(=O)([N-]S(=O)(=O)C(F)(F)F)C(F)(F)F,348.15,101.325,ElectricalConductivity,1.6260002,0.8416575,0.78434265,test,Balanced IL,Balanced,C,Electrical conductivity multi-split parity plot,True
5309,1-(2-hydroxyethyl)-3-methylimidazolium bis[(trifluoromethyl)sulfonyl]imide,Cn1cc[n+](CCO)c1.O=S(=O)([N-]S(=O)(=O)C(F)(F)F)C(F)(F)F,353.15,101.325,ElectricalConductivity,1.8149999,0.98331445,0.8316855,test,Balanced IL,Balanced,C,Electrical conductivity multi-split parity plot,True
4700,1-(2-methoxyethyl)pyridinium bis(trifluoromethylsulfonyl)amide,COCC[n+]1ccccc1.O=S(=O)([N-]S(=O)(=O)C(F)(F)F)C(F)(F)F,283.15,101.325,ElectricalConductivity,0.22800003,0.13343784,0.09456219,test,Balanced IL,Balanced,C,Electrical conductivity multi-split parity plot,True
4702,1-(2-methoxyethyl)pyridinium bis(trifluoromethylsulfonyl)amide,COCC[n+]1ccccc1.O=S(=O)([N-]S(=O)(=O)C(F)(F)F)C(F)(F)F,293.15,101.325,ElectricalConductivity,0.328,0.22874972,0.09925029,test,Balanced IL,Balanced,C,Electrical conductivity multi-split parity plot,True
4704,1-(2-methoxyethyl)pyridinium bis(trifluoromethylsulfonyl)amide,COCC[n+]1ccccc1.O=S(=O)([N-]S(=O)(=O)C(F)(F)F)C(F)(F)F,298.15,101.325,ElectricalConductivity,0.37900004,0.2911423,0.08785772,test,Balanced IL,Balanced,C,Electrical conductivity multi-split parity plot,True
4706,1-(2-methoxyethyl)pyridinium bis(trifluoromethylsulfonyl)amide,COCC[n+]1ccccc1.O=S(=O)([N-]S(=O)(=O)C(F)(F)F)C(F)(F)F,303.15,101.325,ElectricalConductivity,0.427,0.36375362,0.06324637,test,Balanced IL,Balanced,C,Electrical conductivity multi-split parity plot,True
4709,1-(2-methoxyethyl)pyridinium bis(trifluoromethylsulfonyl)amide,COCC[n+]1ccccc1.O=S(=O)([N-]S(=O)(=O)C(F)(F)F)C(F)(F)F,313.15,101.325,ElectricalConductivity,0.529,0.53831017,0.009310186,test,Balanced IL,Balanced,C,Electrical conductivity multi-split parity plot,True
4712,1-(2-methoxyethyl)pyridinium bis(trifluoromethylsulfonyl)amide,COCC[n+]1ccccc1.O=S(=O)([N-]S(=O)(=O)C(F)(F)F)C(F)(F)F,323.15,101.325,ElectricalConductivity,0.63,0.7470431,0.11704308,test,Balanced IL,Balanced,C,Electrical conductivity multi-split parity plot,True
4715,1-(2-methoxyethyl)pyridinium bis(trifluoromethylsulfonyl)amide,COCC[n+]1ccccc1.O=S(=O)([N-]S(=O)(=O)C(F)(F)F)C(F)(F)F,333.15,101.325,ElectricalConductivity,0.73199993,0.9825505,0.25055057,test,Balanced IL,Balanced,C,Electrical conductivity multi-split parity plot,True
4718,1-(2-methoxyethyl)pyridinium bis(trifluoromethylsulfonyl)amide,COCC[n+]1ccccc1.O=S(=O)([N-]S(=O)(=O)C(F)(F)F)C(F)(F)F,343.15,101.325,ElectricalConductivity,0.8349999,1.2376684,0.40266848,test,Balanced IL,Balanced,C,Electrical conductivity multi-split parity plot,True
4721,1-(2-methoxyethyl)pyridinium bis(trifluoromethylsulfonyl)amide,COCC[n+]1ccccc1.O=S(=O)([N-]S(=O)(=O)C(F)(F)F)C(F)(F)F,353.15,101.325,ElectricalConductivity,0.936,1.5062863,0.5702863,test,Balanced IL,Balanced,C,Electrical conductivity multi-split parity plot,True
4661,1-(3-methoxypropyl)pyridinium bis((trifluoromethyl)sulfonyl)amide,COCCC[n+]1ccccc1.O=S(=O)([N-]S(=O)(=O)C(F)(F)F)C(F)(F)F,283.15,101.325,ElectricalConductivity,0.19999999,0.07993888,0.12006111,test,Balanced IL,Balanced,C,Electrical conductivity multi-split parity plot,True
4663,1-(3-methoxypropyl)pyridinium bis((trifluoromethyl)sulfonyl)amide,COCCC[n+]1ccccc1.O=S(=O)([N-]S(=O)(=O)C(F)(F)F)C(F)(F)F,293.15,101.325,ElectricalConductivity,0.275,0.14923868,0.12576133,test,Balanced IL,Balanced,C,Electrical conductivity multi-split parity plot,True
4665,1-(3-methoxypropyl)pyridinium bis((trifluoromethyl)sulfonyl)amide,COCCC[n+]1ccccc1.O=S(=O)([N-]S(=O)(=O)C(F)(F)F)C(F)(F)F,298.15,101.325,ElectricalConductivity,0.314,0.19702694,0.11697307,test,Balanced IL,Balanced,C,Electrical conductivity multi-split parity plot,True
4667,1-(3-methoxypropyl)pyridinium bis((trifluoromethyl)sulfonyl)amide,COCCC[n+]1ccccc1.O=S(=O)([N-]S(=O)(=O)C(F)(F)F)C(F)(F)F,303.15,101.325,ElectricalConductivity,0.36199996,0.25422552,0.10777444,test,Balanced IL,Balanced,C,Electrical conductivity multi-split parity plot,True
4669,1-(3-methoxypropyl)pyridinium bis((trifluoromethyl)sulfonyl)amide,COCCC[n+]1ccccc1.O=S(=O)([N-]S(=O)(=O)C(F)(F)F)C(F)(F)F,313.15,101.325,ElectricalConductivity,0.443,0.39620146,0.046798527,test,Balanced IL,Balanced,C,Electrical conductivity multi-split parity plot,True
4671,1-(3-methoxypropyl)pyridinium bis((trifluoromethyl)sulfonyl)amide,COCCC[n+]1ccccc1.O=S(=O)([N-]S(=O)(=O)C(F)(F)F)C(F)(F)F,323.15,101.325,ElectricalConductivity,0.531,0.57075995,0.039759934,test,Balanced IL,Balanced,C,Electrical conductivity multi-split parity plot,True
4673,1-(3-methoxypropyl)pyridinium bis((trifluoromethyl)sulfonyl)amide,COCCC[n+]1ccccc1.O=S(=O)([N-]S(=O)(=O)C(F)(F)F)C(F)(F)F,333.15,101.325,ElectricalConductivity,0.622,0.7709401,0.14894015,test,Balanced IL,Balanced,C,Electrical conductivity multi-split parity plot,True
4675,1-(3-methoxypropyl)pyridinium bis((trifluoromethyl)sulfonyl)amide,COCCC[n+]1ccccc1.O=S(=O)([N-]S(=O)(=O)C(F)(F)F)C(F)(F)F,343.15,101.325,ElectricalConductivity,0.7079999,0.98969513,0.28169525,test,Balanced IL,Balanced,C,Electrical conductivity multi-split parity plot,True
4677,1-(3-methoxypropyl)pyridinium bis((trifluoromethyl)sulfonyl)amide,COCCC[n+]1ccccc1.O=S(=O)([N-]S(=O)(=O)C(F)(F)F)C(F)(F)F,353.15,101.325,ElectricalConductivity,0.794,1.2208961,0.4268961,test,Balanced IL,Balanced,C,Electrical conductivity multi-split parity plot,True
285,1-allyl-3-methylimizodalium acetate,C=CC[n+]1ccn(C)c1.CC(=O)[O-],298.15,101.325,ElectricalConductivity,0.302,0.09066055,0.21133944,test,Balanced IL,Balanced,C,Electrical conductivity multi-split parity plot,True
286,1-allyl-3-methylimizodalium benzoate,C=CC[n+]1ccn(C)c1.O=C([O-])c1ccccc1,298.15,101.325,ElectricalConductivity,0.038799997,0.012056185,0.026743812,test,Balanced IL,Balanced,C,Electrical conductivity multi-split parity plot,True
5407,"1-butyl-2,3-dimethyl-1H-imidazolium bis(trifluoromethylsulfonyl)amide",FC(S(=O)(=O)[N-]S(=O)(=O)C(F)(F)F)(F)F.C(CCC)N1C(=[N+](C=C1)C)C,298.1,101.325,ElectricalConductivity,0.22199999,0.27420047,0.05220048,test,Balanced IL,Balanced,C,Electrical conductivity multi-split parity plot,True
5550,"1-butyl-2,3-dimethylimidazolium hydrogensulfate",S(=O)(=O)(O)[O-].C(CCC)N1C(=[N+](C=C1)C)C,298.15,101.325,ElectricalConductivity,0.09999999,0.110827,0.010827012,test,Balanced IL,Balanced,C,Electrical conductivity multi-split parity plot,True
5552,"1-butyl-2,3-dimethylimidazolium hydrogensulfate",S(=O)(=O)(O)[O-].C(CCC)N1C(=[N+](C=C1)C)C,303.15,101.325,ElectricalConductivity,0.135,0.14145085,0.006450847,test,Balanced IL,Balanced,C,Electrical conductivity multi-split parity plot,True
5554,"1-butyl-2,3-dimethylimidazolium hydrogensulfate",S(=O)(=O)(O)[O-].C(CCC)N1C(=[N+](C=C1)C)C,308.15,101.325,ElectricalConductivity,0.179,0.17767775,0.0013222545,test,Balanced IL,Balanced,C,Electrical conductivity multi-split parity plot,True
5556,"1-butyl-2,3-dimethylimidazolium hydrogensulfate",S(=O)(=O)(O)[O-].C(CCC)N1C(=[N+](C=C1)C)C,313.15,101.325,ElectricalConductivity,0.23099999,0.21986915,0.01113084,test,Balanced IL,Balanced,C,Electrical conductivity multi-split parity plot,True
5558,"1-butyl-2,3-dimethylimidazolium hydrogensulfate",S(=O)(=O)(O)[O-].C(CCC)N1C(=[N+](C=C1)C)C,318.15,101.325,ElectricalConductivity,0.292,0.26830518,0.023694813,test,Balanced IL,Balanced,C,Electrical conductivity multi-split parity plot,True
5560,"1-butyl-2,3-dimethylimidazolium hydrogensulfate",S(=O)(=O)(O)[O-].C(CCC)N1C(=[N+](C=C1)C)C,323.15,101.325,ElectricalConductivity,0.35999998,0.32319847,0.036801517,test,Balanced IL,Balanced,C,Electrical conductivity multi-split parity plot,True
5562,"1-butyl-2,3-dimethylimidazolium hydrogensulfate",S(=O)(=O)(O)[O-].C(CCC)N1C(=[N+](C=C1)C)C,328.15,101.325,ElectricalConductivity,0.44100004,0.38471076,0.056289285,test,Balanced IL,Balanced,C,Electrical conductivity multi-split parity plot,True
5564,"1-butyl-2,3-dimethylimidazolium hydrogensulfate",S(=O)(=O)(O)[O-].C(CCC)N1C(=[N+](C=C1)C)C,333.15,101.325,ElectricalConductivity,0.531,0.4529676,0.078032404,test,Balanced IL,Balanced,C,Electrical conductivity multi-split parity plot,True
5566,"1-butyl-2,3-dimethylimidazolium hydrogensulfate",S(=O)(=O)(O)[O-].C(CCC)N1C(=[N+](C=C1)C)C,338.15,101.325,ElectricalConductivity,0.631,0.52806973,0.10293025,test,Balanced IL,Balanced,C,Electrical conductivity multi-split parity plot,True
5568,"1-butyl-2,3-dimethylimidazolium hydrogensulfate",S(=O)(=O)(O)[O-].C(CCC)N1C(=[N+](C=C1)C)C,343.15,101.325,ElectricalConductivity,0.739,0.6101017,0.12889832,test,Balanced IL,Balanced,C,Electrical conductivity multi-split parity plot,True
3045,"1-butyl-2,3-dimethylimidazolium tetrafluoroborate",CCCC[n+]1ccn(C)c1C.F[B-](F)(F)F,303.15,101.0,ElectricalConductivity,0.07580001,0.30409977,0.22829977,test,Balanced IL,Balanced,C,Electrical conductivity multi-split parity plot,True
3047,"1-butyl-2,3-dimethylimidazolium tetrafluoroborate",CCCC[n+]1ccn(C)c1C.F[B-](F)(F)F,308.15,101.0,ElectricalConductivity,0.106,0.38517588,0.27917588,test,Balanced IL,Balanced,C,Electrical conductivity multi-split parity plot,True
3049,"1-butyl-2,3-dimethylimidazolium tetrafluoroborate",CCCC[n+]1ccn(C)c1C.F[B-](F)(F)F,313.15,101.0,ElectricalConductivity,0.14489998,0.47863114,0.33373117,test,Balanced IL,Balanced,C,Electrical conductivity multi-split parity plot,True
3052,"1-butyl-2,3-dimethylimidazolium tetrafluoroborate",CCCC[n+]1ccn(C)c1C.F[B-](F)(F)F,318.15,101.0,ElectricalConductivity,0.19369997,0.5846065,0.39090657,test,Balanced IL,Balanced,C,Electrical conductivity multi-split parity plot,True
3055,"1-butyl-2,3-dimethylimidazolium tetrafluoroborate",CCCC[n+]1ccn(C)c1C.F[B-](F)(F)F,323.15,101.0,ElectricalConductivity,0.25400004,0.7031441,0.44914404,test,Balanced IL,Balanced,C,Electrical conductivity multi-split parity plot,True
3057,"1-butyl-2,3-dimethylimidazolium tetrafluoroborate",CCCC[n+]1ccn(C)c1C.F[B-](F)(F)F,328.15,101.0,ElectricalConductivity,0.327,0.83423334,0.5072334,test,Balanced IL,Balanced,C,Electrical conductivity multi-split parity plot,True
3060,"1-butyl-2,3-dimethylimidazolium tetrafluoroborate",CCCC[n+]1ccn(C)c1C.F[B-](F)(F)F,333.15,101.0,ElectricalConductivity,0.415,0.97784394,0.5628439,test,Balanced IL,Balanced,C,Electrical conductivity multi-split parity plot,True
3062,"1-butyl-2,3-dimethylimidazolium tetrafluoroborate",CCCC[n+]1ccn(C)c1C.F[B-](F)(F)F,338.15,101.0,ElectricalConductivity,0.518,1.1339467,0.61594665,test,Balanced IL,Balanced,C,Electrical conductivity multi-split parity plot,True
3064,"1-butyl-2,3-dimethylimidazolium tetrafluoroborate",CCCC[n+]1ccn(C)c1C.F[B-](F)(F)F,343.15,101.0,ElectricalConductivity,0.639,1.3025222,0.6635222,test,Balanced IL,Balanced,C,Electrical conductivity multi-split parity plot,True
3066,"1-butyl-2,3-dimethylimidazolium tetrafluoroborate",CCCC[n+]1ccn(C)c1C.F[B-](F)(F)F,348.15,101.0,ElectricalConductivity,0.7789999,1.4835606,0.70456064,test,Balanced IL,Balanced,C,Electrical conductivity multi-split parity plot,True
3068,"1-butyl-2,3-dimethylimidazolium tetrafluoroborate",CCCC[n+]1ccn(C)c1C.F[B-](F)(F)F,353.15,101.0,ElectricalConductivity,0.939,1.6770575,0.7380575,test,Balanced IL,Balanced,C,Electrical conductivity multi-split parity plot,True
3070,"1-butyl-2,3-dimethylimidazolium tetrafluoroborate",CCCC[n+]1ccn(C)c1C.F[B-](F)(F)F,358.15,101.0,ElectricalConductivity,1.1199,1.8829988,0.76309884,test,Balanced IL,Balanced,C,Electrical conductivity multi-split parity plot,True
3072,"1-butyl-2,3-dimethylimidazolium tetrafluoroborate",CCCC[n+]1ccn(C)c1C.F[B-](F)(F)F,363.15,101.0,ElectricalConductivity,1.3236,2.1013455,0.7777455,test,Balanced IL,Balanced,C,Electrical conductivity multi-split parity plot,True
3074,"1-butyl-2,3-dimethylimidazolium tetrafluoroborate",CCCC[n+]1ccn(C)c1C.F[B-](F)(F)F,368.15,101.0,ElectricalConductivity,1.5510999,2.3320217,0.7809218,test,Balanced IL,Balanced,C,Electrical conductivity multi-split parity plot,True
3170,1-butyl-3-methyl-1H-imidazol-3-ium trifluoro(4-fluorophenyl)borate,CCCCn1cc[n+](C)c1.Fc1ccc([B-](F)(F)F)cc1,303.48,101.325,ElectricalConductivity,0.18899998,0.18427823,0.004721746,test,Balanced IL,Balanced,C,Electrical conductivity multi-split parity plot,True
3172,1-butyl-3-methyl-1H-imidazol-3-ium trifluoro(4-fluorophenyl)borate,CCCCn1cc[n+](C)c1.Fc1ccc([B-](F)(F)F)cc1,308.12,101.325,ElectricalConductivity,0.23599999,0.23004505,0.005954936,test,Balanced IL,Balanced,C,Electrical conductivity multi-split parity plot,True
3176,1-butyl-3-methyl-1H-imidazol-3-ium trifluoro(4-fluorophenyl)borate,CCCCn1cc[n+](C)c1.Fc1ccc([B-](F)(F)F)cc1,313.3,101.325,ElectricalConductivity,0.291,0.2879012,0.0030988157,test,Balanced IL,Balanced,C,Electrical conductivity multi-split parity plot,True
3179,1-butyl-3-methyl-1H-imidazol-3-ium trifluoro(4-fluorophenyl)borate,CCCCn1cc[n+](C)c1.Fc1ccc([B-](F)(F)F)cc1,318.25,101.325,ElectricalConductivity,0.36399996,0.34950402,0.014495939,test,Balanced IL,Balanced,C,Electrical conductivity multi-split parity plot,True
3182,1-butyl-3-methyl-1H-imidazol-3-ium trifluoro(4-fluorophenyl)borate,CCCCn1cc[n+](C)c1.Fc1ccc([B-](F)(F)F)cc1,323.34,101.325,ElectricalConductivity,0.43,0.45761102,0.027611017,test,Balanced IL,Balanced,C,Electrical conductivity multi-split parity plot,True
3183,1-butyl-3-methyl-1H-imidazol-3-ium trifluoro(4-fluorophenyl)borate,CCCCn1cc[n+](C)c1.Fc1ccc([B-](F)(F)F)cc1,328.17,101.325,ElectricalConductivity,0.538,0.5347646,0.0032353997,test,Balanced IL,Balanced,C,Electrical conductivity multi-split parity plot,True
3187,1-butyl-3-methyl-1H-imidazol-3-ium trifluoro(4-fluorophenyl)borate,CCCCn1cc[n+](C)c1.Fc1ccc([B-](F)(F)F)cc1,333.36,101.325,ElectricalConductivity,0.68600005,0.62426364,0.061736405,test,Balanced IL,Balanced,C,Electrical conductivity multi-split parity plot,True
3190,1-butyl-3-methyl-1H-imidazol-3-ium trifluoro(4-fluorophenyl)borate,CCCCn1cc[n+](C)c1.Fc1ccc([B-](F)(F)F)cc1,338.26,101.325,ElectricalConductivity,0.76800007,0.71484303,0.05315703,test,Balanced IL,Balanced,C,Electrical conductivity multi-split parity plot,True
3191,1-butyl-3-methyl-1H-imidazol-3-ium trifluoro(4-fluorophenyl)borate,CCCCn1cc[n+](C)c1.Fc1ccc([B-](F)(F)F)cc1,343.05,101.325,ElectricalConductivity,0.943,0.8089302,0.1340698,test,Balanced IL,Balanced,C,Electrical conductivity multi-split parity plot,True
3195,1-butyl-3-methyl-1H-imidazol-3-ium trifluoro(4-fluorophenyl)borate,CCCCn1cc[n+](C)c1.Fc1ccc([B-](F)(F)F)cc1,347.99,101.325,ElectricalConductivity,1.0550001,0.9115471,0.14345294,test,Balanced IL,Balanced,C,Electrical conductivity multi-split parity plot,True
3198,1-butyl-3-methyl-1H-imidazol-3-ium trifluoro(4-fluorophenyl)borate,CCCCn1cc[n+](C)c1.Fc1ccc([B-](F)(F)F)cc1,353.31,101.325,ElectricalConductivity,1.249,1.028224,0.22077596,test,Balanced IL,Balanced,C,Electrical conductivity multi-split parity plot,True
2565,1-butyl-3-methylimidazolium bis(perfluoroethylsulfonyl)imide,CCCC[n+]1ccn(C)c1.O=S(=O)([N-]S(=O)(=O)C(F)(F)C(F)(F)F)C(F)(F)C(F)(F)F,263.0,101.325,ElectricalConductivity,0.014999997,0.014073645,0.0009263521,test,Balanced IL,Balanced,C,Electrical conductivity multi-split parity plot,True
2566,1-butyl-3-methylimidazolium bis(perfluoroethylsulfonyl)imide,CCCC[n+]1ccn(C)c1.O=S(=O)([N-]S(=O)(=O)C(F)(F)C(F)(F)F)C(F)(F)C(F)(F)F,273.0,101.325,ElectricalConductivity,0.033000004,0.034101594,0.0011015907,test,Balanced IL,Balanced,C,Electrical conductivity multi-split parity plot,True
2567,1-butyl-3-methylimidazolium bis(perfluoroethylsulfonyl)imide,CCCC[n+]1ccn(C)c1.O=S(=O)([N-]S(=O)(=O)C(F)(F)C(F)(F)F)C(F)(F)C(F)(F)F,273.15,101.0,ElectricalConductivity,0.032400005,0.03449196,0.0020919554,test,Balanced IL,Balanced,C,Electrical conductivity multi-split parity plot,True
2569,1-butyl-3-methylimidazolium bis(perfluoroethylsulfonyl)imide,CCCC[n+]1ccn(C)c1.O=S(=O)([N-]S(=O)(=O)C(F)(F)C(F)(F)F)C(F)(F)C(F)(F)F,278.15,101.0,ElectricalConductivity,0.045999996,0.049397185,0.003397189,test,Balanced IL,Balanced,C,Electrical conductivity multi-split parity plot,True
2571,1-butyl-3-methylimidazolium bis(perfluoroethylsulfonyl)imide,CCCC[n+]1ccn(C)c1.O=S(=O)([N-]S(=O)(=O)C(F)(F)C(F)(F)F)C(F)(F)C(F)(F)F,283.0,101.325,ElectricalConductivity,0.065,0.0677667,0.002766706,test,Balanced IL,Balanced,C,Electrical conductivity multi-split parity plot,True
2572,1-butyl-3-methylimidazolium bis(perfluoroethylsulfonyl)imide,CCCC[n+]1ccn(C)c1.O=S(=O)([N-]S(=O)(=O)C(F)(F)C(F)(F)F)C(F)(F)C(F)(F)F,283.15,101.0,ElectricalConductivity,0.06340001,0.068403505,0.005003497,test,Balanced IL,Balanced,C,Electrical conductivity multi-split parity plot,True
2575,1-butyl-3-methylimidazolium bis(perfluoroethylsulfonyl)imide,CCCC[n+]1ccn(C)c1.O=S(=O)([N-]S(=O)(=O)C(F)(F)C(F)(F)F)C(F)(F)C(F)(F)F,288.15,101.0,ElectricalConductivity,0.0853,0.092367984,0.007067986,test,Balanced IL,Balanced,C,Electrical conductivity multi-split parity plot,True
2579,1-butyl-3-methylimidazolium bis(perfluoroethylsulfonyl)imide,CCCC[n+]1ccn(C)c1.O=S(=O)([N-]S(=O)(=O)C(F)(F)C(F)(F)F)C(F)(F)C(F)(F)F,293.15,101.0,ElectricalConductivity,0.112199984,0.12218673,0.009986743,test,Balanced IL,Balanced,C,Electrical conductivity multi-split parity plot,True
2580,1-butyl-3-methylimidazolium bis(perfluoroethylsulfonyl)imide,CCCC[n+]1ccn(C)c1.O=S(=O)([N-]S(=O)(=O)C(F)(F)C(F)(F)F)C(F)(F)C(F)(F)F,293.15,101.325,ElectricalConductivity,0.10999999,0.12218644,0.012186445,test,Balanced IL,Balanced,C,Electrical conductivity multi-split parity plot,True
2586,1-butyl-3-methylimidazolium bis(perfluoroethylsulfonyl)imide,CCCC[n+]1ccn(C)c1.O=S(=O)([N-]S(=O)(=O)C(F)(F)C(F)(F)F)C(F)(F)C(F)(F)F,298.15,101.0,ElectricalConductivity,0.145,0.15866089,0.013660893,test,Balanced IL,Balanced,C,Electrical conductivity multi-split parity plot,True
2587,1-butyl-3-methylimidazolium bis(perfluoroethylsulfonyl)imide,CCCC[n+]1ccn(C)c1.O=S(=O)([N-]S(=O)(=O)C(F)(F)C(F)(F)F)C(F)(F)C(F)(F)F,298.15,101.325,ElectricalConductivity,0.15,0.15865938,0.008659378,test,Balanced IL,Balanced,C,Electrical conductivity multi-split parity plot,True
2589,1-butyl-3-methylimidazolium bis(perfluoroethylsulfonyl)imide,CCCC[n+]1ccn(C)c1.O=S(=O)([N-]S(=O)(=O)C(F)(F)C(F)(F)F)C(F)(F)C(F)(F)F,303.15,101.0,ElectricalConductivity,0.1829,0.20236836,0.019468367,test,Balanced IL,Balanced,C,Electrical conductivity multi-split parity plot,True
2590,1-butyl-3-methylimidazolium bis(perfluoroethylsulfonyl)imide,CCCC[n+]1ccn(C)c1.O=S(=O)([N-]S(=O)(=O)C(F)(F)C(F)(F)F)C(F)(F)C(F)(F)F,303.15,101.325,ElectricalConductivity,0.19000001,0.2023653,0.012365282,test,Balanced IL,Balanced,C,Electrical conductivity multi-split parity plot,True
2592,1-butyl-3-methylimidazolium bis(perfluoroethylsulfonyl)imide,CCCC[n+]1ccn(C)c1.O=S(=O)([N-]S(=O)(=O)C(F)(F)C(F)(F)F)C(F)(F)C(F)(F)F,308.15,101.0,ElectricalConductivity,0.2274,0.25358123,0.026181221,test,Balanced IL,Balanced,C,Electrical conductivity multi-split parity plot,True
2597,1-butyl-3-methylimidazolium bis(perfluoroethylsulfonyl)imide,CCCC[n+]1ccn(C)c1.O=S(=O)([N-]S(=O)(=O)C(F)(F)C(F)(F)F)C(F)(F)C(F)(F)F,313.15,101.0,ElectricalConductivity,0.27799997,0.31224892,0.034248948,test,Balanced IL,Balanced,C,Electrical conductivity multi-split parity plot,True
2598,1-butyl-3-methylimidazolium bis(perfluoroethylsulfonyl)imide,CCCC[n+]1ccn(C)c1.O=S(=O)([N-]S(=O)(=O)C(F)(F)C(F)(F)F)C(F)(F)C(F)(F)F,313.15,101.325,ElectricalConductivity,0.28,0.31224132,0.032241315,test,Balanced IL,Balanced,C,Electrical conductivity multi-split parity plot,True
2600,1-butyl-3-methylimidazolium bis(perfluoroethylsulfonyl)imide,CCCC[n+]1ccn(C)c1.O=S(=O)([N-]S(=O)(=O)C(F)(F)C(F)(F)F)C(F)(F)C(F)(F)F,318.15,101.0,ElectricalConductivity,0.33639997,0.3780423,0.041642338,test,Balanced IL,Balanced,C,Electrical conductivity multi-split parity plot,True
2602,1-butyl-3-methylimidazolium bis(perfluoroethylsulfonyl)imide,CCCC[n+]1ccn(C)c1.O=S(=O)([N-]S(=O)(=O)C(F)(F)C(F)(F)F)C(F)(F)C(F)(F)F,323.15,101.0,ElectricalConductivity,0.4,0.45043114,0.050431132,test,Balanced IL,Balanced,C,Electrical conductivity multi-split parity plot,True
2605,1-butyl-3-methylimidazolium bis(perfluoroethylsulfonyl)imide,CCCC[n+]1ccn(C)c1.O=S(=O)([N-]S(=O)(=O)C(F)(F)C(F)(F)F)C(F)(F)C(F)(F)F,328.15,101.0,ElectricalConductivity,0.4747,0.5287655,0.054065496,test,Balanced IL,Balanced,C,Electrical conductivity multi-split parity plot,True
2608,1-butyl-3-methylimidazolium bis(perfluoroethylsulfonyl)imide,CCCC[n+]1ccn(C)c1.O=S(=O)([N-]S(=O)(=O)C(F)(F)C(F)(F)F)C(F)(F)C(F)(F)F,333.15,101.0,ElectricalConductivity,0.54899997,0.61234415,0.06334418,test,Balanced IL,Balanced,C,Electrical conductivity multi-split parity plot,True
2609,1-butyl-3-methylimidazolium bis(perfluoroethylsulfonyl)imide,CCCC[n+]1ccn(C)c1.O=S(=O)([N-]S(=O)(=O)C(F)(F)C(F)(F)F)C(F)(F)C(F)(F)F,333.15,101.325,ElectricalConductivity,0.5400001,0.6123243,0.07232422,test,Balanced IL,Balanced,C,Electrical conductivity multi-split parity plot,True
2611,1-butyl-3-methylimidazolium bis(perfluoroethylsulfonyl)imide,CCCC[n+]1ccn(C)c1.O=S(=O)([N-]S(=O)(=O)C(F)(F)C(F)(F)F)C(F)(F)C(F)(F)F,338.15,101.0,ElectricalConductivity,0.638,0.7004622,0.06246221,test,Balanced IL,Balanced,C,Electrical conductivity multi-split parity plot,True
2613,1-butyl-3-methylimidazolium bis(perfluoroethylsulfonyl)imide,CCCC[n+]1ccn(C)c1.O=S(=O)([N-]S(=O)(=O)C(F)(F)C(F)(F)F)C(F)(F)C(F)(F)F,343.15,101.0,ElectricalConductivity,0.7239999,0.7924389,0.06843901,test,Balanced IL,Balanced,C,Electrical conductivity multi-split parity plot,True
2616,1-butyl-3-methylimidazolium bis(perfluoroethylsulfonyl)imide,CCCC[n+]1ccn(C)c1.O=S(=O)([N-]S(=O)(=O)C(F)(F)C(F)(F)F)C(F)(F)C(F)(F)F,348.15,101.0,ElectricalConductivity,0.831,0.8876319,0.056631923,test,Balanced IL,Balanced,C,Electrical conductivity multi-split parity plot,True
2620,1-butyl-3-methylimidazolium bis(perfluoroethylsulfonyl)imide,CCCC[n+]1ccn(C)c1.O=S(=O)([N-]S(=O)(=O)C(F)(F)C(F)(F)F)C(F)(F)C(F)(F)F,353.15,101.0,ElectricalConductivity,0.92800003,0.9854411,0.057441056,test,Balanced IL,Balanced,C,Electrical conductivity multi-split parity plot,True
2621,1-butyl-3-methylimidazolium bis(perfluoroethylsulfonyl)imide,CCCC[n+]1ccn(C)c1.O=S(=O)([N-]S(=O)(=O)C(F)(F)C(F)(F)F)C(F)(F)C(F)(F)F,353.15,101.325,ElectricalConductivity,0.93999994,0.9854087,0.045408785,test,Balanced IL,Balanced,C,Electrical conductivity multi-split parity plot,True
2622,1-butyl-3-methylimidazolium bis(perfluoroethylsulfonyl)imide,CCCC[n+]1ccn(C)c1.O=S(=O)([N-]S(=O)(=O)C(F)(F)C(F)(F)F)C(F)(F)C(F)(F)F,358.15,101.0,ElectricalConductivity,1.05,1.0853075,0.035307527,test,Balanced IL,Balanced,C,Electrical conductivity multi-split parity plot,True
2624,1-butyl-3-methylimidazolium bis(perfluoroethylsulfonyl)imide,CCCC[n+]1ccn(C)c1.O=S(=O)([N-]S(=O)(=O)C(F)(F)C(F)(F)F)C(F)(F)C(F)(F)F,368.15,101.0,ElectricalConductivity,1.2929999,1.2891579,0.0038419962,test,Balanced IL,Balanced,C,Electrical conductivity multi-split parity plot,True
2625,1-butyl-3-methylimidazolium bis(perfluoroethylsulfonyl)imide,CCCC[n+]1ccn(C)c1.O=S(=O)([N-]S(=O)(=O)C(F)(F)C(F)(F)F)C(F)(F)C(F)(F)F,373.0,101.325,ElectricalConductivity,1.4,1.3890575,0.010942459,test,Balanced IL,Balanced,C,Electrical conductivity multi-split parity plot,True
2626,1-butyl-3-methylimidazolium bis(perfluoroethylsulfonyl)imide,CCCC[n+]1ccn(C)c1.O=S(=O)([N-]S(=O)(=O)C(F)(F)C(F)(F)F)C(F)(F)C(F)(F)F,378.15,101.0,ElectricalConductivity,1.5639999,1.4953884,0.0686115,test,Balanced IL,Balanced,C,Electrical conductivity multi-split parity plot,True
2627,1-butyl-3-methylimidazolium bis(perfluoroethylsulfonyl)imide,CCCC[n+]1ccn(C)c1.O=S(=O)([N-]S(=O)(=O)C(F)(F)C(F)(F)F)C(F)(F)C(F)(F)F,388.15,101.0,ElectricalConductivity,1.8560001,1.7006252,0.15537488,test,Balanced IL,Balanced,C,Electrical conductivity multi-split parity plot,True
2628,1-butyl-3-methylimidazolium bis(perfluoroethylsulfonyl)imide,CCCC[n+]1ccn(C)c1.O=S(=O)([N-]S(=O)(=O)C(F)(F)C(F)(F)F)C(F)(F)C(F)(F)F,398.15,101.0,ElectricalConductivity,2.163,1.9018575,0.2611426,test,Balanced IL,Balanced,C,Electrical conductivity multi-split parity plot,True
2629,1-butyl-3-methylimidazolium bis(perfluoroethylsulfonyl)imide,CCCC[n+]1ccn(C)c1.O=S(=O)([N-]S(=O)(=O)C(F)(F)C(F)(F)F)C(F)(F)C(F)(F)F,408.15,101.0,ElectricalConductivity,2.488,2.0964155,0.3915844,test,Balanced IL,Balanced,C,Electrical conductivity multi-split parity plot,True
2630,1-butyl-3-methylimidazolium bis(perfluoroethylsulfonyl)imide,CCCC[n+]1ccn(C)c1.O=S(=O)([N-]S(=O)(=O)C(F)(F)C(F)(F)F)C(F)(F)C(F)(F)F,418.15,101.0,ElectricalConductivity,2.8269997,2.2819736,0.54502606,test,Balanced IL,Balanced,C,Electrical conductivity multi-split parity plot,True
2631,1-butyl-3-methylimidazolium bis(perfluoroethylsulfonyl)imide,CCCC[n+]1ccn(C)c1.O=S(=O)([N-]S(=O)(=O)C(F)(F)C(F)(F)F)C(F)(F)C(F)(F)F,428.15,101.0,ElectricalConductivity,3.1859996,2.5877497,0.5982499,test,Balanced IL,Balanced,C,Electrical conductivity multi-split parity plot,True
2632,1-butyl-3-methylimidazolium bis(perfluoroethylsulfonyl)imide,CCCC[n+]1ccn(C)c1.O=S(=O)([N-]S(=O)(=O)C(F)(F)C(F)(F)F)C(F)(F)C(F)(F)F,438.15,101.0,ElectricalConductivity,3.5609999,2.7645707,0.79642916,test,Balanced IL,Balanced,C,Electrical conductivity multi-split parity plot,True
2633,1-butyl-3-methylimidazolium bis(perfluoroethylsulfonyl)imide,CCCC[n+]1ccn(C)c1.O=S(=O)([N-]S(=O)(=O)C(F)(F)C(F)(F)F)C(F)(F)C(F)(F)F,448.15,101.0,ElectricalConductivity,3.9369998,2.9274347,1.0095651,test,Balanced IL,Balanced,C,Electrical conductivity multi-split parity plot,True
2634,1-butyl-3-methylimidazolium bis(perfluoroethylsulfonyl)imide,CCCC[n+]1ccn(C)c1.O=S(=O)([N-]S(=O)(=O)C(F)(F)C(F)(F)F)C(F)(F)C(F)(F)F,458.15,101.0,ElectricalConductivity,4.3349996,3.0748732,1.2601264,test,Balanced IL,Balanced,C,Electrical conductivity multi-split parity plot,True
2635,1-butyl-3-methylimidazolium bis(perfluoroethylsulfonyl)imide,CCCC[n+]1ccn(C)c1.O=S(=O)([N-]S(=O)(=O)C(F)(F)C(F)(F)F)C(F)(F)C(F)(F)F,468.15,101.0,ElectricalConductivity,4.7190003,3.2055302,1.5134702,test,Balanced IL,Balanced,C,Electrical conductivity multi-split parity plot,True
338,1-butyl-3-methylimidazolium diacetoxydifluoroborate,CC(=O)O[B-](F)(F)OC(C)=O.CCCCn1cc[n+](C)c1,288.15,101.325,ElectricalConductivity,0.047219995,0.0803891,0.033169102,test,Balanced IL,Balanced,C,Electrical conductivity multi-split parity plot,True
340,1-butyl-3-methylimidazolium diacetoxydifluoroborate,CC(=O)O[B-](F)(F)OC(C)=O.CCCCn1cc[n+](C)c1,298.15,101.325,ElectricalConductivity,0.09661,0.15592735,0.059317343,test,Balanced IL,Balanced,C,Electrical conductivity multi-split parity plot,True
341,1-butyl-3-methylimidazolium diacetoxydifluoroborate,CC(=O)O[B-](F)(F)OC(C)=O.CCCCn1cc[n+](C)c1,303.15,101.325,ElectricalConductivity,0.13269998,0.20685202,0.07415204,test,Balanced IL,Balanced,C,Electrical conductivity multi-split parity plot,True
343,1-butyl-3-methylimidazolium diacetoxydifluoroborate,CC(=O)O[B-](F)(F)OC(C)=O.CCCCn1cc[n+](C)c1,313.15,101.325,ElectricalConductivity,0.23210001,0.33407947,0.101979464,test,Balanced IL,Balanced,C,Electrical conductivity multi-split parity plot,True
344,1-butyl-3-methylimidazolium diacetoxydifluoroborate,CC(=O)O[B-](F)(F)OC(C)=O.CCCCn1cc[n+](C)c1,323.15,101.325,ElectricalConductivity,0.3735,0.5088827,0.13538271,test,Balanced IL,Balanced,C,Electrical conductivity multi-split parity plot,True
345,1-butyl-3-methylimidazolium diacetoxydifluoroborate,CC(=O)O[B-](F)(F)OC(C)=O.CCCCn1cc[n+](C)c1,333.15,101.325,ElectricalConductivity,0.5606,0.6953109,0.13471091,test,Balanced IL,Balanced,C,Electrical conductivity multi-split parity plot,True
346,1-butyl-3-methylimidazolium diacetoxydifluoroborate,CC(=O)O[B-](F)(F)OC(C)=O.CCCCn1cc[n+](C)c1,343.15,101.325,ElectricalConductivity,0.79459995,0.90623504,0.11163509,test,Balanced IL,Balanced,C,Electrical conductivity multi-split parity plot,True
347,1-butyl-3-methylimidazolium diacetoxydifluoroborate,CC(=O)O[B-](F)(F)OC(C)=O.CCCCn1cc[n+](C)c1,353.15,101.325,ElectricalConductivity,1.0763,1.1389791,0.06267905,test,Balanced IL,Balanced,C,Electrical conductivity multi-split parity plot,True
3200,1-butyl-3-methylimidazolium difluorobis(trifluoroacetato)borate,CCCCn1cc[n+](C)c1.O=C(O[B-](F)(F)OC(=O)C(F)(F)F)C(F)(F)F,248.15,101.325,ElectricalConductivity,0.023189997,0.00500242,0.018187577,test,Balanced IL,Balanced,C,Electrical conductivity multi-split parity plot,True
3201,1-butyl-3-methylimidazolium difluorobis(trifluoroacetato)borate,CCCCn1cc[n+](C)c1.O=C(O[B-](F)(F)OC(=O)C(F)(F)F)C(F)(F)F,258.15,101.325,ElectricalConductivity,0.057350002,0.015814684,0.041535318,test,Balanced IL,Balanced,C,Electrical conductivity multi-split parity plot,True
3202,1-butyl-3-methylimidazolium difluorobis(trifluoroacetato)borate,CCCCn1cc[n+](C)c1.O=C(O[B-](F)(F)OC(=O)C(F)(F)F)C(F)(F)F,268.15,101.325,ElectricalConductivity,0.119799994,0.03719644,0.08260356,test,Balanced IL,Balanced,C,Electrical conductivity multi-split parity plot,True
3204,1-butyl-3-methylimidazolium difluorobis(trifluoroacetato)borate,CCCCn1cc[n+](C)c1.O=C(O[B-](F)(F)OC(=O)C(F)(F)F)C(F)(F)F,278.15,101.325,ElectricalConductivity,0.2186,0.07494311,0.1436569,test,Balanced IL,Balanced,C,Electrical conductivity multi-split parity plot,True
3205,1-butyl-3-methylimidazolium difluorobis(trifluoroacetato)borate,CCCCn1cc[n+](C)c1.O=C(O[B-](F)(F)OC(=O)C(F)(F)F)C(F)(F)F,288.15,101.325,ElectricalConductivity,0.35919997,0.13629106,0.22290891,test,Balanced IL,Balanced,C,Electrical conductivity multi-split parity plot,True
3207,1-butyl-3-methylimidazolium difluorobis(trifluoroacetato)borate,CCCCn1cc[n+](C)c1.O=C(O[B-](F)(F)OC(=O)C(F)(F)F)C(F)(F)F,298.15,101.325,ElectricalConductivity,0.5439,0.22651577,0.31738424,test,Balanced IL,Balanced,C,Electrical conductivity multi-split parity plot,True
3208,1-butyl-3-methylimidazolium difluorobis(trifluoroacetato)borate,CCCCn1cc[n+](C)c1.O=C(O[B-](F)(F)OC(=O)C(F)(F)F)C(F)(F)F,303.15,101.325,ElectricalConductivity,0.65279996,0.2828408,0.36995918,test,Balanced IL,Balanced,C,Electrical conductivity multi-split parity plot,True
3209,1-butyl-3-methylimidazolium difluorobis(trifluoroacetato)borate,CCCCn1cc[n+](C)c1.O=C(O[B-](F)(F)OC(=O)C(F)(F)F)C(F)(F)F,313.15,101.325,ElectricalConductivity,0.90349996,0.41621444,0.48728552,test,Balanced IL,Balanced,C,Electrical conductivity multi-split parity plot,True
3210,1-butyl-3-methylimidazolium difluorobis(trifluoroacetato)borate,CCCCn1cc[n+](C)c1.O=C(O[B-](F)(F)OC(=O)C(F)(F)F)C(F)(F)F,323.15,101.325,ElectricalConductivity,1.1951998,0.5731432,0.62205666,test,Balanced IL,Balanced,C,Electrical conductivity multi-split parity plot,True
3211,1-butyl-3-methylimidazolium difluorobis(trifluoroacetato)borate,CCCCn1cc[n+](C)c1.O=C(O[B-](F)(F)OC(=O)C(F)(F)F)C(F)(F)F,333.15,101.325,ElectricalConductivity,1.5246999,0.7482768,0.7764231,test,Balanced IL,Balanced,C,Electrical conductivity multi-split parity plot,True
3212,1-butyl-3-methylimidazolium difluorobis(trifluoroacetato)borate,CCCCn1cc[n+](C)c1.O=C(O[B-](F)(F)OC(=O)C(F)(F)F)C(F)(F)F,343.15,101.325,ElectricalConductivity,1.8894001,0.93677056,0.95262957,test,Balanced IL,Balanced,C,Electrical conductivity multi-split parity plot,True
3213,1-butyl-3-methylimidazolium difluorobis(trifluoroacetato)borate,CCCCn1cc[n+](C)c1.O=C(O[B-](F)(F)OC(=O)C(F)(F)F)C(F)(F)F,353.15,101.325,ElectricalConductivity,2.2827,1.1346053,1.1480948,test,Balanced IL,Balanced,C,Electrical conductivity multi-split parity plot,True
3214,1-butyl-3-methylimidazolium difluoromono(malonato)borate,CCCCn1cc[n+](C)c1.O=C1CC(=O)O[B-](F)(F)O1,268.15,101.325,ElectricalConductivity,0.014720001,0.010482898,0.0042371033,test,Balanced IL,Balanced,C,Electrical conductivity multi-split parity plot,True
3215,1-butyl-3-methylimidazolium difluoromono(malonato)borate,CCCCn1cc[n+](C)c1.O=C1CC(=O)O[B-](F)(F)O1,278.15,101.325,ElectricalConductivity,0.04125,0.028261926,0.012988076,test,Balanced IL,Balanced,C,Electrical conductivity multi-split parity plot,True
3217,1-butyl-3-methylimidazolium difluoromono(malonato)borate,CCCCn1cc[n+](C)c1.O=C1CC(=O)O[B-](F)(F)O1,288.15,101.325,ElectricalConductivity,0.09493999,0.0645099,0.030430093,test,Balanced IL,Balanced,C,Electrical conductivity multi-split parity plot,True
3219,1-butyl-3-methylimidazolium difluoromono(malonato)borate,CCCCn1cc[n+](C)c1.O=C1CC(=O)O[B-](F)(F)O1,298.15,101.325,ElectricalConductivity,0.18859999,0.12127553,0.06732446,test,Balanced IL,Balanced,C,Electrical conductivity multi-split parity plot,True
3220,1-butyl-3-methylimidazolium difluoromono(malonato)borate,CCCCn1cc[n+](C)c1.O=C1CC(=O)O[B-](F)(F)O1,303.15,101.325,ElectricalConductivity,0.2544,0.16191265,0.092487365,test,Balanced IL,Balanced,C,Electrical conductivity multi-split parity plot,True
3222,1-butyl-3-methylimidazolium difluoromono(malonato)borate,CCCCn1cc[n+](C)c1.O=C1CC(=O)O[B-](F)(F)O1,313.15,101.325,ElectricalConductivity,0.42780003,0.26686326,0.16093677,test,Balanced IL,Balanced,C,Electrical conductivity multi-split parity plot,True
3223,1-butyl-3-methylimidazolium difluoromono(malonato)borate,CCCCn1cc[n+](C)c1.O=C1CC(=O)O[B-](F)(F)O1,323.15,101.325,ElectricalConductivity,0.6627,0.40303963,0.25966036,test,Balanced IL,Balanced,C,Electrical conductivity multi-split parity plot,True
3224,1-butyl-3-methylimidazolium difluoromono(malonato)borate,CCCCn1cc[n+](C)c1.O=C1CC(=O)O[B-](F)(F)O1,333.15,101.325,ElectricalConductivity,0.96099997,0.5685107,0.39248925,test,Balanced IL,Balanced,C,Electrical conductivity multi-split parity plot,True
3225,1-butyl-3-methylimidazolium difluoromono(malonato)borate,CCCCn1cc[n+](C)c1.O=C1CC(=O)O[B-](F)(F)O1,343.15,101.325,ElectricalConductivity,1.3227001,0.7607784,0.5619217,test,Balanced IL,Balanced,C,Electrical conductivity multi-split parity plot,True
3226,1-butyl-3-methylimidazolium difluoromono(malonato)borate,CCCCn1cc[n+](C)c1.O=C1CC(=O)O[B-](F)(F)O1,353.15,101.325,ElectricalConductivity,1.7445998,0.9774294,0.7671704,test,Balanced IL,Balanced,C,Electrical conductivity multi-split parity plot,True
3227,1-butyl-3-methylimidazolium difluoromono(oxalato)borate,CCCCn1cc[n+](C)c1.O=C1O[B-](F)(F)OC1=O,258.15,101.325,ElectricalConductivity,0.00949,0.008160378,0.0013296222,test,Balanced IL,Balanced,C,Electrical conductivity multi-split parity plot,True
3228,1-butyl-3-methylimidazolium difluoromono(oxalato)borate,CCCCn1cc[n+](C)c1.O=C1O[B-](F)(F)OC1=O,268.15,101.325,ElectricalConductivity,0.03015001,0.025053129,0.0050968807,test,Balanced IL,Balanced,C,Electrical conductivity multi-split parity plot,True
3230,1-butyl-3-methylimidazolium difluoromono(oxalato)borate,CCCCn1cc[n+](C)c1.O=C1O[B-](F)(F)OC1=O,278.15,101.325,ElectricalConductivity,0.07543002,0.062054235,0.013375785,test,Balanced IL,Balanced,C,Electrical conductivity multi-split parity plot,True
3232,1-butyl-3-methylimidazolium difluoromono(oxalato)borate,CCCCn1cc[n+](C)c1.O=C1O[B-](F)(F)OC1=O,288.15,101.325,ElectricalConductivity,0.1607,0.13014072,0.030559272,test,Balanced IL,Balanced,C,Electrical conductivity multi-split parity plot,True
3234,1-butyl-3-methylimidazolium difluoromono(oxalato)borate,CCCCn1cc[n+](C)c1.O=C1O[B-](F)(F)OC1=O,298.15,101.325,ElectricalConductivity,0.2976,0.2355229,0.062077105,test,Balanced IL,Balanced,C,Electrical conductivity multi-split parity plot,True
3235,1-butyl-3-methylimidazolium difluoromono(oxalato)borate,CCCCn1cc[n+](C)c1.O=C1O[B-](F)(F)OC1=O,303.15,101.325,ElectricalConductivity,0.38900003,0.30203614,0.08696389,test,Balanced IL,Balanced,C,Electrical conductivity multi-split parity plot,True
3236,1-butyl-3-methylimidazolium difluoromono(oxalato)borate,CCCCn1cc[n+](C)c1.O=C1O[B-](F)(F)OC1=O,313.15,101.325,ElectricalConductivity,0.6188,0.45856425,0.16023573,test,Balanced IL,Balanced,C,Electrical conductivity multi-split parity plot,True
3237,1-butyl-3-methylimidazolium difluoromono(oxalato)borate,CCCCn1cc[n+](C)c1.O=C1O[B-](F)(F)OC1=O,323.15,101.325,ElectricalConductivity,0.91379994,0.6487798,0.26502013,test,Balanced IL,Balanced,C,Electrical conductivity multi-split parity plot,True
3238,1-butyl-3-methylimidazolium difluoromono(oxalato)borate,CCCCn1cc[n+](C)c1.O=C1O[B-](F)(F)OC1=O,333.15,101.325,ElectricalConductivity,1.2702,0.8682823,0.4019177,test,Balanced IL,Balanced,C,Electrical conductivity multi-split parity plot,True
3239,1-butyl-3-methylimidazolium difluoromono(oxalato)borate,CCCCn1cc[n+](C)c1.O=C1O[B-](F)(F)OC1=O,343.15,101.325,ElectricalConductivity,1.6848001,1.1140788,0.5707214,test,Balanced IL,Balanced,C,Electrical conductivity multi-split parity plot,True
3240,1-butyl-3-methylimidazolium difluoromono(oxalato)borate,CCCCn1cc[n+](C)c1.O=C1O[B-](F)(F)OC1=O,353.15,101.325,ElectricalConductivity,2.1558,1.3838238,0.77197635,test,Balanced IL,Balanced,C,Electrical conductivity multi-split parity plot,True
2535,1-butyl-3-methylimidazolium glycolate,CCCC[n+]1ccn(C)c1.O=C([O-])CO,303.15,101.325,ElectricalConductivity,0.0586,0.19142774,0.13282773,test,Balanced IL,Balanced,C,Electrical conductivity multi-split parity plot,True
2537,1-butyl-3-methylimidazolium glycolate,CCCC[n+]1ccn(C)c1.O=C([O-])CO,308.15,101.325,ElectricalConductivity,0.08500001,0.24212639,0.15712638,test,Balanced IL,Balanced,C,Electrical conductivity multi-split parity plot,True
2538,1-butyl-3-methylimidazolium glycolate,CCCC[n+]1ccn(C)c1.O=C([O-])CO,313.15,101.325,ElectricalConductivity,0.11829999,0.29992843,0.18162844,test,Balanced IL,Balanced,C,Electrical conductivity multi-split parity plot,True
2540,1-butyl-3-methylimidazolium glycolate,CCCC[n+]1ccn(C)c1.O=C([O-])CO,318.15,101.325,ElectricalConductivity,0.16,0.3646842,0.2046842,test,Balanced IL,Balanced,C,Electrical conductivity multi-split parity plot,True
2541,1-butyl-3-methylimidazolium glycolate,CCCC[n+]1ccn(C)c1.O=C([O-])CO,323.15,101.325,ElectricalConductivity,0.21100001,0.43618163,0.22518162,test,Balanced IL,Balanced,C,Electrical conductivity multi-split parity plot,True
2543,1-butyl-3-methylimidazolium glycolate,CCCC[n+]1ccn(C)c1.O=C([O-])CO,328.15,101.325,ElectricalConductivity,0.274,0.51418376,0.24018377,test,Balanced IL,Balanced,C,Electrical conductivity multi-split parity plot,True
2544,1-butyl-3-methylimidazolium glycolate,CCCC[n+]1ccn(C)c1.O=C([O-])CO,333.15,101.325,ElectricalConductivity,0.35,0.59845525,0.24845526,test,Balanced IL,Balanced,C,Electrical conductivity multi-split parity plot,True
2546,1-butyl-3-methylimidazolium glycolate,CCCC[n+]1ccn(C)c1.O=C([O-])CO,338.15,101.325,ElectricalConductivity,0.43900004,0.6887802,0.24978015,test,Balanced IL,Balanced,C,Electrical conductivity multi-split parity plot,True
2547,1-butyl-3-methylimidazolium glycolate,CCCC[n+]1ccn(C)c1.O=C([O-])CO,343.15,101.325,ElectricalConductivity,0.531,0.7849674,0.2539674,test,Balanced IL,Balanced,C,Electrical conductivity multi-split parity plot,True
2549,1-butyl-3-methylimidazolium salicylate,CCCC[n+]1ccn(C)c1.O=C([O-])c1ccccc1O,293.15,101.325,ElectricalConductivity,0.018199997,0.0009682406,0.017231757,test,Balanced IL,Balanced,C,Electrical conductivity multi-split parity plot,True
2551,1-butyl-3-methylimidazolium salicylate,CCCC[n+]1ccn(C)c1.O=C([O-])c1ccccc1O,298.15,101.325,ElectricalConductivity,0.033550017,0.0019088427,0.031641174,test,Balanced IL,Balanced,C,Electrical conductivity multi-split parity plot,True
2553,1-butyl-3-methylimidazolium salicylate,CCCC[n+]1ccn(C)c1.O=C([O-])c1ccccc1O,303.15,101.325,ElectricalConductivity,0.05035,0.0035605363,0.046789464,test,Balanced IL,Balanced,C,Electrical conductivity multi-split parity plot,True
2555,1-butyl-3-methylimidazolium salicylate,CCCC[n+]1ccn(C)c1.O=C([O-])c1ccccc1O,308.15,101.325,ElectricalConductivity,0.074099995,0.0111470735,0.06295292,test,Balanced IL,Balanced,C,Electrical conductivity multi-split parity plot,True
2557,1-butyl-3-methylimidazolium salicylate,CCCC[n+]1ccn(C)c1.O=C([O-])c1ccccc1O,313.15,101.325,ElectricalConductivity,0.09875,0.019040456,0.079709545,test,Balanced IL,Balanced,C,Electrical conductivity multi-split parity plot,True
2559,1-butyl-3-methylimidazolium salicylate,CCCC[n+]1ccn(C)c1.O=C([O-])c1ccccc1O,318.15,101.325,ElectricalConductivity,0.1395,0.030906836,0.10859317,test,Balanced IL,Balanced,C,Electrical conductivity multi-split parity plot,True
2561,1-butyl-3-methylimidazolium salicylate,CCCC[n+]1ccn(C)c1.O=C([O-])c1ccccc1O,323.15,101.325,ElectricalConductivity,0.18439999,0.047783244,0.13661675,test,Balanced IL,Balanced,C,Electrical conductivity multi-split parity plot,True
2563,1-butyl-3-methylimidazolium salicylate,CCCC[n+]1ccn(C)c1.O=C([O-])c1ccccc1O,328.15,101.325,ElectricalConductivity,0.17799997,0.07055855,0.107441425,test,Balanced IL,Balanced,C,Electrical conductivity multi-split parity plot,True
2564,1-butyl-3-methylimidazolium salicylate,CCCC[n+]1ccn(C)c1.O=C([O-])c1ccccc1O,333.15,101.325,ElectricalConductivity,0.21,0.09987204,0.110127956,test,Balanced IL,Balanced,C,Electrical conductivity multi-split parity plot,True
3136,1-butyl-3-methylimidazolium trifluoro(2-methoxyphenyl)borate,CCCCn1cc[n+](C)c1.COc1ccccc1[B-](F)(F)F,303.29,101.325,ElectricalConductivity,0.02199999,0.028257873,0.0062578823,test,Balanced IL,Balanced,C,Electrical conductivity multi-split parity plot,True
3139,1-butyl-3-methylimidazolium trifluoro(2-methoxyphenyl)borate,CCCCn1cc[n+](C)c1.COc1ccccc1[B-](F)(F)F,308.32,101.325,ElectricalConductivity,0.034,0.041134965,0.007134963,test,Balanced IL,Balanced,C,Electrical conductivity multi-split parity plot,True
3141,1-butyl-3-methylimidazolium trifluoro(2-methoxyphenyl)borate,CCCCn1cc[n+](C)c1.COc1ccccc1[B-](F)(F)F,313.3,101.325,ElectricalConductivity,0.050999995,0.08788095,0.03688095,test,Balanced IL,Balanced,C,Electrical conductivity multi-split parity plot,True
3144,1-butyl-3-methylimidazolium trifluoro(2-methoxyphenyl)borate,CCCCn1cc[n+](C)c1.COc1ccccc1[B-](F)(F)F,318.25,101.325,ElectricalConductivity,0.074,0.11738912,0.04338912,test,Balanced IL,Balanced,C,Electrical conductivity multi-split parity plot,True
3148,1-butyl-3-methylimidazolium trifluoro(2-methoxyphenyl)borate,CCCCn1cc[n+](C)c1.COc1ccccc1[B-](F)(F)F,323.56,101.325,ElectricalConductivity,0.102000006,0.15577488,0.05377487,test,Balanced IL,Balanced,C,Electrical conductivity multi-split parity plot,True
3150,1-butyl-3-methylimidazolium trifluoro(2-methoxyphenyl)borate,CCCCn1cc[n+](C)c1.COc1ccccc1[B-](F)(F)F,328.17,101.325,ElectricalConductivity,0.14,0.19494808,0.054948077,test,Balanced IL,Balanced,C,Electrical conductivity multi-split parity plot,True
3153,1-butyl-3-methylimidazolium trifluoro(2-methoxyphenyl)borate,CCCCn1cc[n+](C)c1.COc1ccccc1[B-](F)(F)F,333.36,101.325,ElectricalConductivity,0.185,0.24563845,0.060638443,test,Balanced IL,Balanced,C,Electrical conductivity multi-split parity plot,True
3155,1-butyl-3-methylimidazolium trifluoro(2-methoxyphenyl)borate,CCCCn1cc[n+](C)c1.COc1ccccc1[B-](F)(F)F,337.78,101.325,ElectricalConductivity,0.245,0.2943012,0.049301207,test,Balanced IL,Balanced,C,Electrical conductivity multi-split parity plot,True
3159,1-butyl-3-methylimidazolium trifluoro(2-methoxyphenyl)borate,CCCCn1cc[n+](C)c1.COc1ccccc1[B-](F)(F)F,343.3,101.325,ElectricalConductivity,0.31300002,0.36208373,0.04908371,test,Balanced IL,Balanced,C,Electrical conductivity multi-split parity plot,True
3162,1-butyl-3-methylimidazolium trifluoro(2-methoxyphenyl)borate,CCCCn1cc[n+](C)c1.COc1ccccc1[B-](F)(F)F,348.48,101.325,ElectricalConductivity,0.415,0.4326386,0.017638594,test,Balanced IL,Balanced,C,Electrical conductivity multi-split parity plot,True
3165,1-butyl-3-methylimidazolium trifluoro(2-methoxyphenyl)borate,CCCCn1cc[n+](C)c1.COc1ccccc1[B-](F)(F)F,353.31,101.325,ElectricalConductivity,0.538,0.50433993,0.033660054,test,Balanced IL,Balanced,C,Electrical conductivity multi-split parity plot,True
2650,1-butyl-3-methylimidazolium trifluoromethanesulfonate,CCCC[n+]1ccn(C)c1.O=S(=O)([O-])C(F)(F)F,263.0,101.325,ElectricalConductivity,0.039,0.03478163,0.0042183697,test,Balanced IL,Balanced,C,Electrical conductivity multi-split parity plot,True
2651,1-butyl-3-methylimidazolium trifluoromethanesulfonate,CCCC[n+]1ccn(C)c1.O=S(=O)([O-])C(F)(F)F,265.1,101.325,ElectricalConductivity,0.04699999,0.042450458,0.004549533,test,Balanced IL,Balanced,C,Electrical conductivity multi-split parity plot,True
2652,1-butyl-3-methylimidazolium trifluoromethanesulfonate,CCCC[n+]1ccn(C)c1.O=S(=O)([O-])C(F)(F)F,268.15,101.325,ElectricalConductivity,0.05389999,0.055824902,0.0019249134,test,Balanced IL,Balanced,C,Electrical conductivity multi-split parity plot,True
2653,1-butyl-3-methylimidazolium trifluoromethanesulfonate,CCCC[n+]1ccn(C)c1.O=S(=O)([O-])C(F)(F)F,273.0,101.325,ElectricalConductivity,0.07649998,0.08336154,0.00686156,test,Balanced IL,Balanced,C,Electrical conductivity multi-split parity plot,True
2656,1-butyl-3-methylimidazolium trifluoromethanesulfonate,CCCC[n+]1ccn(C)c1.O=S(=O)([O-])C(F)(F)F,278.1,101.325,ElectricalConductivity,0.09999999,0.12182637,0.021826386,test,Balanced IL,Balanced,C,Electrical conductivity multi-split parity plot,True
2655,1-butyl-3-methylimidazolium trifluoromethanesulfonate,CCCC[n+]1ccn(C)c1.O=S(=O)([O-])C(F)(F)F,278.15,101.325,ElectricalConductivity,0.1038,0.122255355,0.018455356,test,Balanced IL,Balanced,C,Electrical conductivity multi-split parity plot,True
2658,1-butyl-3-methylimidazolium trifluoromethanesulfonate,CCCC[n+]1ccn(C)c1.O=S(=O)([O-])C(F)(F)F,283.0,101.325,ElectricalConductivity,0.14,0.16887571,0.028875709,test,Balanced IL,Balanced,C,Electrical conductivity multi-split parity plot,True
2671,1-butyl-3-methylimidazolium trifluoromethanesulfonate,CCCC[n+]1ccn(C)c1.O=S(=O)([O-])C(F)(F)F,285.9,101.325,ElectricalConductivity,0.149,0.20154403,0.052544028,test,Balanced IL,Balanced,C,Electrical conductivity multi-split parity plot,True
2675,1-butyl-3-methylimidazolium trifluoromethanesulfonate,CCCC[n+]1ccn(C)c1.O=S(=O)([O-])C(F)(F)F,288.15,101.325,ElectricalConductivity,0.1808,0.22935803,0.048558027,test,Balanced IL,Balanced,C,Electrical conductivity multi-split parity plot,True
2682,1-butyl-3-methylimidazolium trifluoromethanesulfonate,CCCC[n+]1ccn(C)c1.O=S(=O)([O-])C(F)(F)F,293.0,101.325,ElectricalConductivity,0.36999997,0.29647294,0.07352704,test,Balanced IL,Balanced,C,Electrical conductivity multi-split parity plot,True
2686,1-butyl-3-methylimidazolium trifluoromethanesulfonate,CCCC[n+]1ccn(C)c1.O=S(=O)([O-])C(F)(F)F,293.15,101.325,ElectricalConductivity,0.22999999,0.2987004,0.0687004,test,Balanced IL,Balanced,C,Electrical conductivity multi-split parity plot,True
2702,1-butyl-3-methylimidazolium trifluoromethanesulfonate,CCCC[n+]1ccn(C)c1.O=S(=O)([O-])C(F)(F)F,296.0,101.325,ElectricalConductivity,0.235,0.35158047,0.11658047,test,Balanced IL,Balanced,C,Electrical conductivity multi-split parity plot,True
2712,1-butyl-3-methylimidazolium trifluoromethanesulfonate,CCCC[n+]1ccn(C)c1.O=S(=O)([O-])C(F)(F)F,298.15,101.325,ElectricalConductivity,0.29366666,0.38794217,0.094275504,test,Balanced IL,Balanced,C,Electrical conductivity multi-split parity plot,True
2738,1-butyl-3-methylimidazolium trifluoromethanesulfonate,CCCC[n+]1ccn(C)c1.O=S(=O)([O-])C(F)(F)F,303.15,101.325,ElectricalConductivity,0.369,0.47982743,0.110827446,test,Balanced IL,Balanced,C,Electrical conductivity multi-split parity plot,True
2750,1-butyl-3-methylimidazolium trifluoromethanesulfonate,CCCC[n+]1ccn(C)c1.O=S(=O)([O-])C(F)(F)F,303.2,101.325,ElectricalConductivity,0.22999999,0.480797,0.250797,test,Balanced IL,Balanced,C,Electrical conductivity multi-split parity plot,True
2759,1-butyl-3-methylimidazolium trifluoromethanesulfonate,CCCC[n+]1ccn(C)c1.O=S(=O)([O-])C(F)(F)F,307.9,101.325,ElectricalConductivity,0.375,0.57615334,0.20115334,test,Balanced IL,Balanced,C,Electrical conductivity multi-split parity plot,True
2769,1-butyl-3-methylimidazolium trifluoromethanesulfonate,CCCC[n+]1ccn(C)c1.O=S(=O)([O-])C(F)(F)F,308.15,101.325,ElectricalConductivity,0.436,0.58145636,0.14545637,test,Balanced IL,Balanced,C,Electrical conductivity multi-split parity plot,True
2772,1-butyl-3-methylimidazolium trifluoromethanesulfonate,CCCC[n+]1ccn(C)c1.O=S(=O)([O-])C(F)(F)F,308.2,101.325,ElectricalConductivity,0.286,0.58251995,0.29651994,test,Balanced IL,Balanced,C,Electrical conductivity multi-split parity plot,True
2785,1-butyl-3-methylimidazolium trifluoromethanesulfonate,CCCC[n+]1ccn(C)c1.O=S(=O)([O-])C(F)(F)F,313.15,101.325,ElectricalConductivity,0.53650004,0.69218105,0.15568101,test,Balanced IL,Balanced,C,Electrical conductivity multi-split parity plot,True
2797,1-butyl-3-methylimidazolium trifluoromethanesulfonate,CCCC[n+]1ccn(C)c1.O=S(=O)([O-])C(F)(F)F,313.2,101.325,ElectricalConductivity,0.35799998,0.6933325,0.3353325,test,Balanced IL,Balanced,C,Electrical conductivity multi-split parity plot,True
2813,1-butyl-3-methylimidazolium trifluoromethanesulfonate,CCCC[n+]1ccn(C)c1.O=S(=O)([O-])C(F)(F)F,318.15,101.325,ElectricalConductivity,0.621,0.81136847,0.19036847,test,Balanced IL,Balanced,C,Electrical conductivity multi-split parity plot,True
2816,1-butyl-3-methylimidazolium trifluoromethanesulfonate,CCCC[n+]1ccn(C)c1.O=S(=O)([O-])C(F)(F)F,318.2,101.325,ElectricalConductivity,0.43699998,0.81260145,0.37560147,test,Balanced IL,Balanced,C,Electrical conductivity multi-split parity plot,True
2824,1-butyl-3-methylimidazolium trifluoromethanesulfonate,CCCC[n+]1ccn(C)c1.O=S(=O)([O-])C(F)(F)F,322.6,101.325,ElectricalConductivity,0.583,0.9240867,0.3410867,test,Balanced IL,Balanced,C,Electrical conductivity multi-split parity plot,True
2837,1-butyl-3-methylimidazolium trifluoromethanesulfonate,CCCC[n+]1ccn(C)c1.O=S(=O)([O-])C(F)(F)F,323.15,101.325,ElectricalConductivity,0.76299995,0.93843204,0.17543209,test,Balanced IL,Balanced,C,Electrical conductivity multi-split parity plot,True
2839,1-butyl-3-methylimidazolium trifluoromethanesulfonate,CCCC[n+]1ccn(C)c1.O=S(=O)([O-])C(F)(F)F,323.2,101.325,ElectricalConductivity,0.521,0.939741,0.418741,test,Balanced IL,Balanced,C,Electrical conductivity multi-split parity plot,True
2856,1-butyl-3-methylimidazolium trifluoromethanesulfonate,CCCC[n+]1ccn(C)c1.O=S(=O)([O-])C(F)(F)F,328.15,101.325,ElectricalConductivity,0.848,1.0728499,0.22484988,test,Balanced IL,Balanced,C,Electrical conductivity multi-split parity plot,True
2860,1-butyl-3-methylimidazolium trifluoromethanesulfonate,CCCC[n+]1ccn(C)c1.O=S(=O)([O-])C(F)(F)F,328.2,101.325,ElectricalConductivity,0.619,1.0742302,0.45523018,test,Balanced IL,Balanced,C,Electrical conductivity multi-split parity plot,True
2879,1-butyl-3-methylimidazolium trifluoromethanesulfonate,CCCC[n+]1ccn(C)c1.O=S(=O)([O-])C(F)(F)F,333.15,101.325,ElectricalConductivity,0.975,1.2141635,0.23916352,test,Balanced IL,Balanced,C,Electrical conductivity multi-split parity plot,True
2884,1-butyl-3-methylimidazolium trifluoromethanesulfonate,CCCC[n+]1ccn(C)c1.O=S(=O)([O-])C(F)(F)F,333.2,101.325,ElectricalConductivity,0.7239999,1.2156104,0.49161047,test,Balanced IL,Balanced,C,Electrical conductivity multi-split parity plot,True
2902,1-butyl-3-methylimidazolium trifluoromethanesulfonate,CCCC[n+]1ccn(C)c1.O=S(=O)([O-])C(F)(F)F,338.15,101.325,ElectricalConductivity,1.117,1.3619729,0.24497294,test,Balanced IL,Balanced,C,Electrical conductivity multi-split parity plot,True
2904,1-butyl-3-methylimidazolium trifluoromethanesulfonate,CCCC[n+]1ccn(C)c1.O=S(=O)([O-])C(F)(F)F,338.2,101.325,ElectricalConductivity,0.84099996,1.3634827,0.52248275,test,Balanced IL,Balanced,C,Electrical conductivity multi-split parity plot,True
2923,1-butyl-3-methylimidazolium trifluoromethanesulfonate,CCCC[n+]1ccn(C)c1.O=S(=O)([O-])C(F)(F)F,343.15,101.325,ElectricalConductivity,1.2899997,1.5159252,0.22592545,test,Balanced IL,Balanced,C,Electrical conductivity multi-split parity plot,True
2926,1-butyl-3-methylimidazolium trifluoromethanesulfonate,CCCC[n+]1ccn(C)c1.O=S(=O)([O-])C(F)(F)F,343.2,101.325,ElectricalConductivity,0.967,1.5174952,0.55049515,test,Balanced IL,Balanced,C,Electrical conductivity multi-split parity plot,True
2943,1-butyl-3-methylimidazolium trifluoromethanesulfonate,CCCC[n+]1ccn(C)c1.O=S(=O)([O-])C(F)(F)F,348.15,101.325,ElectricalConductivity,1.426,1.6757041,0.24970412,test,Balanced IL,Balanced,C,Electrical conductivity multi-split parity plot,True
2947,1-butyl-3-methylimidazolium trifluoromethanesulfonate,CCCC[n+]1ccn(C)c1.O=S(=O)([O-])C(F)(F)F,348.2,101.325,ElectricalConductivity,1.171,1.6773309,0.50633085,test,Balanced IL,Balanced,C,Electrical conductivity multi-split parity plot,True
2963,1-butyl-3-methylimidazolium trifluoromethanesulfonate,CCCC[n+]1ccn(C)c1.O=S(=O)([O-])C(F)(F)F,353.15,101.325,ElectricalConductivity,1.6,1.841012,0.24101198,test,Balanced IL,Balanced,C,Electrical conductivity multi-split parity plot,True
2966,1-butyl-3-methylimidazolium trifluoromethanesulfonate,CCCC[n+]1ccn(C)c1.O=S(=O)([O-])C(F)(F)F,353.2,101.325,ElectricalConductivity,1.5750002,1.8426924,0.2676922,test,Balanced IL,Balanced,C,Electrical conductivity multi-split parity plot,True
2978,1-butyl-3-methylimidazolium trifluoromethanesulfonate,CCCC[n+]1ccn(C)c1.O=S(=O)([O-])C(F)(F)F,358.15,101.325,ElectricalConductivity,1.775,2.0115592,0.23655927,test,Balanced IL,Balanced,C,Electrical conductivity multi-split parity plot,True
2993,1-butyl-3-methylimidazolium trifluoromethanesulfonate,CCCC[n+]1ccn(C)c1.O=S(=O)([O-])C(F)(F)F,368.15,101.325,ElectricalConductivity,2.1600003,2.36719,0.20718956,test,Balanced IL,Balanced,C,Electrical conductivity multi-split parity plot,True
2996,1-butyl-3-methylimidazolium trifluoromethanesulfonate,CCCC[n+]1ccn(C)c1.O=S(=O)([O-])C(F)(F)F,373.0,101.325,ElectricalConductivity,2.2999997,2.5460405,0.24604082,test,Balanced IL,Balanced,C,Electrical conductivity multi-split parity plot,True
3003,1-butyl-3-methylimidazolium trifluoromethanesulfonate,CCCC[n+]1ccn(C)c1.O=S(=O)([O-])C(F)(F)F,378.15,101.325,ElectricalConductivity,2.6000001,2.7400212,0.14002109,test,Balanced IL,Balanced,C,Electrical conductivity multi-split parity plot,True
3009,1-butyl-3-methylimidazolium trifluoromethanesulfonate,CCCC[n+]1ccn(C)c1.O=S(=O)([O-])C(F)(F)F,388.15,101.325,ElectricalConductivity,3.0400002,3.1269825,0.08698225,test,Balanced IL,Balanced,C,Electrical conductivity multi-split parity plot,True
3016,1-butyl-3-methylimidazolium trifluoromethanesulfonate,CCCC[n+]1ccn(C)c1.O=S(=O)([O-])C(F)(F)F,398.15,101.325,ElectricalConductivity,3.5199997,3.5243647,0.0043649673,test,Balanced IL,Balanced,C,Electrical conductivity multi-split parity plot,True
3022,1-butyl-3-methylimidazolium trifluoromethanesulfonate,CCCC[n+]1ccn(C)c1.O=S(=O)([O-])C(F)(F)F,408.15,101.325,ElectricalConductivity,4.029999,3.9277918,0.102206945,test,Balanced IL,Balanced,C,Electrical conductivity multi-split parity plot,True
3029,1-butyl-3-methylimidazolium trifluoromethanesulfonate,CCCC[n+]1ccn(C)c1.O=S(=O)([O-])C(F)(F)F,418.15,101.325,ElectricalConductivity,4.5600014,4.332301,0.22770023,test,Balanced IL,Balanced,C,Electrical conductivity multi-split parity plot,True
3034,1-butyl-3-methylimidazolium trifluoromethanesulfonate,CCCC[n+]1ccn(C)c1.O=S(=O)([O-])C(F)(F)F,428.15,101.325,ElectricalConductivity,5.119999,4.7325163,0.38748264,test,Balanced IL,Balanced,C,Electrical conductivity multi-split parity plot,True
3035,1-butyl-3-methylimidazolium trifluoromethanesulfonate,CCCC[n+]1ccn(C)c1.O=S(=O)([O-])C(F)(F)F,438.15,101.325,ElectricalConductivity,5.6899996,5.1228533,0.5671463,test,Balanced IL,Balanced,C,Electrical conductivity multi-split parity plot,True
3036,1-butyl-3-methylimidazolium trifluoromethanesulfonate,CCCC[n+]1ccn(C)c1.O=S(=O)([O-])C(F)(F)F,448.15,101.325,ElectricalConductivity,6.28,5.4977603,0.7822399,test,Balanced IL,Balanced,C,Electrical conductivity multi-split parity plot,True
3037,1-butyl-3-methylimidazolium trifluoromethanesulfonate,CCCC[n+]1ccn(C)c1.O=S(=O)([O-])C(F)(F)F,458.15,101.325,ElectricalConductivity,6.880001,5.851901,1.0281,test,Balanced IL,Balanced,C,Electrical conductivity multi-split parity plot,True
3038,1-butyl-3-methylimidazolium trifluoromethanesulfonate,CCCC[n+]1ccn(C)c1.O=S(=O)([O-])C(F)(F)F,468.15,101.325,ElectricalConductivity,7.499997,6.1803164,1.3196807,test,Balanced IL,Balanced,C,Electrical conductivity multi-split parity plot,True
2140,1-butyl-3-methylpyridinium bis[(trifluoromethyl)sulfonyl]amide,CCCC[n+]1cccc(C)c1.O=S(=O)([N-]S(=O)(=O)C(F)(F)F)C(F)(F)F,278.15,101.325,ElectricalConductivity,0.09999999,0.05943031,0.040569678,test,Balanced IL,Balanced,C,Electrical conductivity multi-split parity plot,True
2146,1-butyl-3-methylpyridinium bis[(trifluoromethyl)sulfonyl]amide,CCCC[n+]1cccc(C)c1.O=S(=O)([N-]S(=O)(=O)C(F)(F)F)C(F)(F)F,283.15,101.325,ElectricalConductivity,0.13199998,0.085091755,0.04690823,test,Balanced IL,Balanced,C,Electrical conductivity multi-split parity plot,True
2153,1-butyl-3-methylpyridinium bis[(trifluoromethyl)sulfonyl]amide,CCCC[n+]1cccc(C)c1.O=S(=O)([N-]S(=O)(=O)C(F)(F)F)C(F)(F)F,288.15,101.325,ElectricalConductivity,0.172,0.11862128,0.053378724,test,Balanced IL,Balanced,C,Electrical conductivity multi-split parity plot,True
2161,1-butyl-3-methylpyridinium bis[(trifluoromethyl)sulfonyl]amide,CCCC[n+]1cccc(C)c1.O=S(=O)([N-]S(=O)(=O)C(F)(F)F)C(F)(F)F,293.15,101.325,ElectricalConductivity,0.21700001,0.1610531,0.0559469,test,Balanced IL,Balanced,C,Electrical conductivity multi-split parity plot,True
2177,1-butyl-3-methylpyridinium bis[(trifluoromethyl)sulfonyl]amide,CCCC[n+]1cccc(C)c1.O=S(=O)([N-]S(=O)(=O)C(F)(F)F)C(F)(F)F,298.15,101.325,ElectricalConductivity,0.272,0.21297756,0.059022456,test,Balanced IL,Balanced,C,Electrical conductivity multi-split parity plot,True
2194,1-butyl-3-methylpyridinium bis[(trifluoromethyl)sulfonyl]amide,CCCC[n+]1cccc(C)c1.O=S(=O)([N-]S(=O)(=O)C(F)(F)F)C(F)(F)F,303.15,101.325,ElectricalConductivity,0.335,0.27447826,0.06052175,test,Balanced IL,Balanced,C,Electrical conductivity multi-split parity plot,True
2208,1-butyl-3-methylpyridinium bis[(trifluoromethyl)sulfonyl]amide,CCCC[n+]1cccc(C)c1.O=S(=O)([N-]S(=O)(=O)C(F)(F)F)C(F)(F)F,308.15,101.325,ElectricalConductivity,0.40899998,0.34518212,0.06381786,test,Balanced IL,Balanced,C,Electrical conductivity multi-split parity plot,True
2222,1-butyl-3-methylpyridinium bis[(trifluoromethyl)sulfonyl]amide,CCCC[n+]1cccc(C)c1.O=S(=O)([N-]S(=O)(=O)C(F)(F)F)C(F)(F)F,313.15,101.325,ElectricalConductivity,0.49,0.42437914,0.06562087,test,Balanced IL,Balanced,C,Electrical conductivity multi-split parity plot,True
2234,1-butyl-3-methylpyridinium bis[(trifluoromethyl)sulfonyl]amide,CCCC[n+]1cccc(C)c1.O=S(=O)([N-]S(=O)(=O)C(F)(F)F)C(F)(F)F,318.15,101.325,ElectricalConductivity,0.576,0.51115936,0.064840615,test,Balanced IL,Balanced,C,Electrical conductivity multi-split parity plot,True
2247,1-butyl-3-methylpyridinium bis[(trifluoromethyl)sulfonyl]amide,CCCC[n+]1cccc(C)c1.O=S(=O)([N-]S(=O)(=O)C(F)(F)F)C(F)(F)F,323.15,101.325,ElectricalConductivity,0.69,0.60453147,0.08546853,test,Balanced IL,Balanced,C,Electrical conductivity multi-split parity plot,True
2258,1-butyl-3-methylpyridinium bis[(trifluoromethyl)sulfonyl]amide,CCCC[n+]1cccc(C)c1.O=S(=O)([N-]S(=O)(=O)C(F)(F)F)C(F)(F)F,328.15,101.325,ElectricalConductivity,0.796,0.70350486,0.09249514,test,Balanced IL,Balanced,C,Electrical conductivity multi-split parity plot,True
2271,1-butyl-3-methylpyridinium bis[(trifluoromethyl)sulfonyl]amide,CCCC[n+]1cccc(C)c1.O=S(=O)([N-]S(=O)(=O)C(F)(F)F)C(F)(F)F,333.15,101.325,ElectricalConductivity,0.91,0.8071425,0.10285753,test,Balanced IL,Balanced,C,Electrical conductivity multi-split parity plot,True
2279,1-butyl-3-methylpyridinium bis[(trifluoromethyl)sulfonyl]amide,CCCC[n+]1cccc(C)c1.O=S(=O)([N-]S(=O)(=O)C(F)(F)F)C(F)(F)F,338.15,101.325,ElectricalConductivity,1.0310001,0.91458523,0.116414905,test,Balanced IL,Balanced,C,Electrical conductivity multi-split parity plot,True
2287,1-butyl-3-methylpyridinium bis[(trifluoromethyl)sulfonyl]amide,CCCC[n+]1cccc(C)c1.O=S(=O)([N-]S(=O)(=O)C(F)(F)F)C(F)(F)F,343.15,101.325,ElectricalConductivity,1.1599997,1.025061,0.13493872,test,Balanced IL,Balanced,C,Electrical conductivity multi-split parity plot,True
2293,1-butyl-3-methylpyridinium bis[(trifluoromethyl)sulfonyl]amide,CCCC[n+]1cccc(C)c1.O=S(=O)([N-]S(=O)(=O)C(F)(F)F)C(F)(F)F,348.15,101.325,ElectricalConductivity,1.296,1.137884,0.15811598,test,Balanced IL,Balanced,C,Electrical conductivity multi-split parity plot,True
2298,1-butyl-3-methylpyridinium bis[(trifluoromethyl)sulfonyl]amide,CCCC[n+]1cccc(C)c1.O=S(=O)([N-]S(=O)(=O)C(F)(F)F)C(F)(F)F,353.15,101.325,ElectricalConductivity,1.4369999,1.2524443,0.18455565,test,Balanced IL,Balanced,C,Electrical conductivity multi-split parity plot,True
1119,1-dodecyl-3-methylimidazolium tetrafluoroborate,CCCCCCCCCCCC[n+]1ccn(C)c1.F[B-](F)(F)F,293.1,101.325,ElectricalConductivity,0.016400004,0.013395723,0.0030042809,test,Balanced IL,Balanced,C,Electrical conductivity multi-split parity plot,True
1120,1-dodecyl-3-methylimidazolium tetrafluoroborate,CCCCCCCCCCCC[n+]1ccn(C)c1.F[B-](F)(F)F,298.1,101.325,ElectricalConductivity,0.0226,0.01856676,0.0040332414,test,Balanced IL,Balanced,C,Electrical conductivity multi-split parity plot,True
1121,1-dodecyl-3-methylimidazolium tetrafluoroborate,CCCCCCCCCCCC[n+]1ccn(C)c1.F[B-](F)(F)F,303.1,101.325,ElectricalConductivity,0.030399999,0.025553022,0.004846977,test,Balanced IL,Balanced,C,Electrical conductivity multi-split parity plot,True
1122,1-dodecyl-3-methylimidazolium tetrafluoroborate,CCCCCCCCCCCC[n+]1ccn(C)c1.F[B-](F)(F)F,308.1,101.325,ElectricalConductivity,0.0399,0.03482146,0.005078543,test,Balanced IL,Balanced,C,Electrical conductivity multi-split parity plot,True
1123,1-dodecyl-3-methylimidazolium tetrafluoroborate,CCCCCCCCCCCC[n+]1ccn(C)c1.F[B-](F)(F)F,313.1,101.325,ElectricalConductivity,0.05195,0.046857424,0.005092576,test,Balanced IL,Balanced,C,Electrical conductivity multi-split parity plot,True
1124,1-dodecyl-3-methylimidazolium tetrafluoroborate,CCCCCCCCCCCC[n+]1ccn(C)c1.F[B-](F)(F)F,318.1,101.325,ElectricalConductivity,0.06645,0.06213356,0.004316438,test,Balanced IL,Balanced,C,Electrical conductivity multi-split parity plot,True
1125,1-dodecyl-3-methylimidazolium tetrafluoroborate,CCCCCCCCCCCC[n+]1ccn(C)c1.F[B-](F)(F)F,323.1,101.325,ElectricalConductivity,0.08674999,0.0810807,0.005669296,test,Balanced IL,Balanced,C,Electrical conductivity multi-split parity plot,True
1127,1-dodecyl-3-methylimidazolium tetrafluoroborate,CCCCCCCCCCCC[n+]1ccn(C)c1.F[B-](F)(F)F,328.1,101.325,ElectricalConductivity,0.106999986,0.10406598,0.0029340088,test,Balanced IL,Balanced,C,Electrical conductivity multi-split parity plot,True
1130,1-dodecyl-3-methylimidazolium tetrafluoroborate,CCCCCCCCCCCC[n+]1ccn(C)c1.F[B-](F)(F)F,333.1,101.325,ElectricalConductivity,0.13099998,0.1313804,0.00038041174,test,Balanced IL,Balanced,C,Electrical conductivity multi-split parity plot,True
1137,1-dodecyl-3-methylimidazolium tetrafluoroborate,CCCCCCCCCCCC[n+]1ccn(C)c1.F[B-](F)(F)F,338.1,101.325,ElectricalConductivity,0.1595,0.16323559,0.003735587,test,Balanced IL,Balanced,C,Electrical conductivity multi-split parity plot,True
1139,1-dodecyl-3-methylimidazolium tetrafluoroborate,CCCCCCCCCCCC[n+]1ccn(C)c1.F[B-](F)(F)F,343.1,101.325,ElectricalConductivity,0.19349998,0.19976743,0.0062674433,test,Balanced IL,Balanced,C,Electrical conductivity multi-split parity plot,True
1144,1-dodecyl-3-methylimidazolium tetrafluoroborate,CCCCCCCCCCCC[n+]1ccn(C)c1.F[B-](F)(F)F,348.1,101.325,ElectricalConductivity,0.23549998,0.24104384,0.005543858,test,Balanced IL,Balanced,C,Electrical conductivity multi-split parity plot,True
1146,1-dodecyl-3-methylimidazolium tetrafluoroborate,CCCCCCCCCCCC[n+]1ccn(C)c1.F[B-](F)(F)F,353.1,101.325,ElectricalConductivity,0.2805,0.2870739,0.0065739155,test,Balanced IL,Balanced,C,Electrical conductivity multi-split parity plot,True
401,1-ethyl-3-methyl-1H-imidazol-3-ium L-leucinate,CC(C)C[C@H](N)C(=O)[O-].CCn1cc[n+](C)c1,298.1,101.325,ElectricalConductivity,0.008100001,0.005806597,0.0022934042,test,Balanced IL,Balanced,C,Electrical conductivity multi-split parity plot,True
4507,1-ethyl-3-methyl-1H-imidazolium L-prolinate,CC[n+]1ccn(C)c1.O=C([O-])[C@@H]1CCCN1,298.1,101.325,ElectricalConductivity,0.015999999,0.0076040593,0.00839594,test,Balanced IL,Balanced,C,Electrical conductivity multi-split parity plot,True
4530,1-ethyl-3-methyl-1H-imidazolium bis(fluorosulfonyl)amide,CC[n+]1ccn(C)c1.O=S(=O)(F)[N-]S(=O)(=O)F,268.0,100.0,ElectricalConductivity,0.58,0.26539624,0.31460375,test,Balanced IL,Balanced,C,Electrical conductivity multi-split parity plot,True
4531,1-ethyl-3-methyl-1H-imidazolium bis(fluorosulfonyl)amide,CC[n+]1ccn(C)c1.O=S(=O)(F)[N-]S(=O)(=O)F,268.0,101.0,ElectricalConductivity,0.595,0.26543564,0.3295644,test,Balanced IL,Balanced,C,Electrical conductivity multi-split parity plot,True
4532,1-ethyl-3-methyl-1H-imidazolium bis(fluorosulfonyl)amide,CC[n+]1ccn(C)c1.O=S(=O)(F)[N-]S(=O)(=O)F,273.0,101.0,ElectricalConductivity,0.73,0.36379293,0.3662071,test,Balanced IL,Balanced,C,Electrical conductivity multi-split parity plot,True
4533,1-ethyl-3-methyl-1H-imidazolium bis(fluorosulfonyl)amide,CC[n+]1ccn(C)c1.O=S(=O)(F)[N-]S(=O)(=O)F,278.0,100.0,ElectricalConductivity,0.86,0.48128438,0.37871563,test,Balanced IL,Balanced,C,Electrical conductivity multi-split parity plot,True
4534,1-ethyl-3-methyl-1H-imidazolium bis(fluorosulfonyl)amide,CC[n+]1ccn(C)c1.O=S(=O)(F)[N-]S(=O)(=O)F,278.0,101.0,ElectricalConductivity,0.88,0.48131964,0.39868036,test,Balanced IL,Balanced,C,Electrical conductivity multi-split parity plot,True
4535,1-ethyl-3-methyl-1H-imidazolium bis(fluorosulfonyl)amide,CC[n+]1ccn(C)c1.O=S(=O)(F)[N-]S(=O)(=O)F,283.0,101.0,ElectricalConductivity,1.05,0.61790395,0.432096,test,Balanced IL,Balanced,C,Electrical conductivity multi-split parity plot,True
4538,1-ethyl-3-methyl-1H-imidazolium bis(fluorosulfonyl)amide,CC[n+]1ccn(C)c1.O=S(=O)(F)[N-]S(=O)(=O)F,288.0,100.0,ElectricalConductivity,1.21,0.77248496,0.43751508,test,Balanced IL,Balanced,C,Electrical conductivity multi-split parity plot,True
4539,1-ethyl-3-methyl-1H-imidazolium bis(fluorosulfonyl)amide,CC[n+]1ccn(C)c1.O=S(=O)(F)[N-]S(=O)(=O)F,288.0,101.0,ElectricalConductivity,1.23,0.7725,0.45750004,test,Balanced IL,Balanced,C,Electrical conductivity multi-split parity plot,True
4541,1-ethyl-3-methyl-1H-imidazolium bis(fluorosulfonyl)amide,CC[n+]1ccn(C)c1.O=S(=O)(F)[N-]S(=O)(=O)F,288.15,101.325,ElectricalConductivity,1.225,0.7774035,0.44759655,test,Balanced IL,Balanced,C,Electrical conductivity multi-split parity plot,True
4542,1-ethyl-3-methyl-1H-imidazolium bis(fluorosulfonyl)amide,CC[n+]1ccn(C)c1.O=S(=O)(F)[N-]S(=O)(=O)F,293.0,101.0,ElectricalConductivity,1.4299997,0.94335103,0.48664868,test,Balanced IL,Balanced,C,Electrical conductivity multi-split parity plot,True
4545,1-ethyl-3-methyl-1H-imidazolium bis(fluorosulfonyl)amide,CC[n+]1ccn(C)c1.O=S(=O)(F)[N-]S(=O)(=O)F,293.15,101.325,ElectricalConductivity,1.426,0.94870526,0.47729474,test,Balanced IL,Balanced,C,Electrical conductivity multi-split parity plot,True
4547,1-ethyl-3-methyl-1H-imidazolium bis(fluorosulfonyl)amide,CC[n+]1ccn(C)c1.O=S(=O)(F)[N-]S(=O)(=O)F,298.0,100.0,ElectricalConductivity,1.61,1.1283332,0.4816668,test,Balanced IL,Balanced,C,Electrical conductivity multi-split parity plot,True
4548,1-ethyl-3-methyl-1H-imidazolium bis(fluorosulfonyl)amide,CC[n+]1ccn(C)c1.O=S(=O)(F)[N-]S(=O)(=O)F,298.0,101.0,ElectricalConductivity,1.6400001,1.1283123,0.51168776,test,Balanced IL,Balanced,C,Electrical conductivity multi-split parity plot,True
4551,1-ethyl-3-methyl-1H-imidazolium bis(fluorosulfonyl)amide,CC[n+]1ccn(C)c1.O=S(=O)(F)[N-]S(=O)(=O)F,298.15,101.325,ElectricalConductivity,1.5575001,1.1340487,0.42345142,test,Balanced IL,Balanced,C,Electrical conductivity multi-split parity plot,True
4552,1-ethyl-3-methyl-1H-imidazolium bis(fluorosulfonyl)amide,CC[n+]1ccn(C)c1.O=S(=O)(F)[N-]S(=O)(=O)F,303.0,101.0,ElectricalConductivity,1.8600001,1.3251547,0.5348455,test,Balanced IL,Balanced,C,Electrical conductivity multi-split parity plot,True
4555,1-ethyl-3-methyl-1H-imidazolium bis(fluorosulfonyl)amide,CC[n+]1ccn(C)c1.O=S(=O)(F)[N-]S(=O)(=O)F,303.15,101.325,ElectricalConductivity,1.872,1.3312073,0.5407927,test,Balanced IL,Balanced,C,Electrical conductivity multi-split parity plot,True
4556,1-ethyl-3-methyl-1H-imidazolium bis(fluorosulfonyl)amide,CC[n+]1ccn(C)c1.O=S(=O)(F)[N-]S(=O)(=O)F,308.0,100.0,ElectricalConductivity,2.0699997,1.5318545,0.5381452,test,Balanced IL,Balanced,C,Electrical conductivity multi-split parity plot,True
4557,1-ethyl-3-methyl-1H-imidazolium bis(fluorosulfonyl)amide,CC[n+]1ccn(C)c1.O=S(=O)(F)[N-]S(=O)(=O)F,308.0,101.0,ElectricalConductivity,2.1,1.5317894,0.5682105,test,Balanced IL,Balanced,C,Electrical conductivity multi-split parity plot,True
4560,1-ethyl-3-methyl-1H-imidazolium bis(fluorosulfonyl)amide,CC[n+]1ccn(C)c1.O=S(=O)(F)[N-]S(=O)(=O)F,308.15,101.325,ElectricalConductivity,2.1510003,1.5380987,0.61290157,test,Balanced IL,Balanced,C,Electrical conductivity multi-split parity plot,True
4562,1-ethyl-3-methyl-1H-imidazolium bis(fluorosulfonyl)amide,CC[n+]1ccn(C)c1.O=S(=O)(F)[N-]S(=O)(=O)F,313.0,101.0,ElectricalConductivity,2.35,1.746394,0.60360587,test,Balanced IL,Balanced,C,Electrical conductivity multi-split parity plot,True
4565,1-ethyl-3-methyl-1H-imidazolium bis(fluorosulfonyl)amide,CC[n+]1ccn(C)c1.O=S(=O)(F)[N-]S(=O)(=O)F,313.15,101.325,ElectricalConductivity,2.4239998,1.7529095,0.67109025,test,Balanced IL,Balanced,C,Electrical conductivity multi-split parity plot,True
4566,1-ethyl-3-methyl-1H-imidazolium bis(fluorosulfonyl)amide,CC[n+]1ccn(C)c1.O=S(=O)(F)[N-]S(=O)(=O)F,318.0,100.0,ElectricalConductivity,2.5699995,2.0310137,0.5389857,test,Balanced IL,Balanced,C,Electrical conductivity multi-split parity plot,True
4567,1-ethyl-3-methyl-1H-imidazolium bis(fluorosulfonyl)amide,CC[n+]1ccn(C)c1.O=S(=O)(F)[N-]S(=O)(=O)F,318.0,101.0,ElectricalConductivity,2.6100001,2.0308967,0.57910347,test,Balanced IL,Balanced,C,Electrical conductivity multi-split parity plot,True
4570,1-ethyl-3-methyl-1H-imidazolium bis(fluorosulfonyl)amide,CC[n+]1ccn(C)c1.O=S(=O)(F)[N-]S(=O)(=O)F,318.15,101.325,ElectricalConductivity,2.6970003,2.0376523,0.659348,test,Balanced IL,Balanced,C,Electrical conductivity multi-split parity plot,True
4572,1-ethyl-3-methyl-1H-imidazolium bis(fluorosulfonyl)amide,CC[n+]1ccn(C)c1.O=S(=O)(F)[N-]S(=O)(=O)F,323.0,101.0,ElectricalConductivity,2.89,2.259656,0.63034415,test,Balanced IL,Balanced,C,Electrical conductivity multi-split parity plot,True
4575,1-ethyl-3-methyl-1H-imidazolium bis(fluorosulfonyl)amide,CC[n+]1ccn(C)c1.O=S(=O)(F)[N-]S(=O)(=O)F,323.15,101.325,ElectricalConductivity,2.98,2.2665412,0.7134588,test,Balanced IL,Balanced,C,Electrical conductivity multi-split parity plot,True
4577,1-ethyl-3-methyl-1H-imidazolium bis(fluorosulfonyl)amide,CC[n+]1ccn(C)c1.O=S(=O)(F)[N-]S(=O)(=O)F,328.0,100.0,ElectricalConductivity,3.11,2.4927855,0.61721444,test,Balanced IL,Balanced,C,Electrical conductivity multi-split parity plot,True
4578,1-ethyl-3-methyl-1H-imidazolium bis(fluorosulfonyl)amide,CC[n+]1ccn(C)c1.O=S(=O)(F)[N-]S(=O)(=O)F,328.0,101.0,ElectricalConductivity,3.18,2.4926217,0.6873784,test,Balanced IL,Balanced,C,Electrical conductivity multi-split parity plot,True
4580,1-ethyl-3-methyl-1H-imidazolium bis(fluorosulfonyl)amide,CC[n+]1ccn(C)c1.O=S(=O)(F)[N-]S(=O)(=O)F,328.15,101.325,ElectricalConductivity,3.2830007,2.4996147,0.783386,test,Balanced IL,Balanced,C,Electrical conductivity multi-split parity plot,True
4581,1-ethyl-3-methyl-1H-imidazolium bis(fluorosulfonyl)amide,CC[n+]1ccn(C)c1.O=S(=O)(F)[N-]S(=O)(=O)F,333.0,101.0,ElectricalConductivity,3.48,2.7291517,0.7508483,test,Balanced IL,Balanced,C,Electrical conductivity multi-split parity plot,True
4584,1-ethyl-3-methyl-1H-imidazolium bis(fluorosulfonyl)amide,CC[n+]1ccn(C)c1.O=S(=O)(F)[N-]S(=O)(=O)F,333.15,101.325,ElectricalConductivity,3.619,2.736236,0.88276386,test,Balanced IL,Balanced,C,Electrical conductivity multi-split parity plot,True
4585,1-ethyl-3-methyl-1H-imidazolium bis(fluorosulfonyl)amide,CC[n+]1ccn(C)c1.O=S(=O)(F)[N-]S(=O)(=O)F,338.0,100.0,ElectricalConductivity,3.7499995,2.9689767,0.7810228,test,Balanced IL,Balanced,C,Electrical conductivity multi-split parity plot,True
4586,1-ethyl-3-methyl-1H-imidazolium bis(fluorosulfonyl)amide,CC[n+]1ccn(C)c1.O=S(=O)(F)[N-]S(=O)(=O)F,338.0,101.0,ElectricalConductivity,3.7899995,2.96877,0.82122946,test,Balanced IL,Balanced,C,Electrical conductivity multi-split parity plot,True
4589,1-ethyl-3-methyl-1H-imidazolium bis(fluorosulfonyl)amide,CC[n+]1ccn(C)c1.O=S(=O)(F)[N-]S(=O)(=O)F,343.0,101.0,ElectricalConductivity,4.13,3.2111235,0.91887665,test,Balanced IL,Balanced,C,Electrical conductivity multi-split parity plot,True
4593,1-ethyl-3-methyl-1H-imidazolium bis(fluorosulfonyl)amide,CC[n+]1ccn(C)c1.O=S(=O)(F)[N-]S(=O)(=O)F,348.0,100.0,ElectricalConductivity,4.39,3.456176,0.9338238,test,Balanced IL,Balanced,C,Electrical conductivity multi-split parity plot,True
4594,1-ethyl-3-methyl-1H-imidazolium bis(fluorosulfonyl)amide,CC[n+]1ccn(C)c1.O=S(=O)(F)[N-]S(=O)(=O)F,348.0,101.0,ElectricalConductivity,4.4699993,3.455932,1.0140674,test,Balanced IL,Balanced,C,Electrical conductivity multi-split parity plot,True
4598,1-ethyl-3-methyl-1H-imidazolium bis(fluorosulfonyl)amide,CC[n+]1ccn(C)c1.O=S(=O)(F)[N-]S(=O)(=O)F,353.0,101.0,ElectricalConductivity,4.819999,3.702966,1.1170332,test,Balanced IL,Balanced,C,Electrical conductivity multi-split parity plot,True
4601,1-ethyl-3-methyl-1H-imidazolium bis(fluorosulfonyl)amide,CC[n+]1ccn(C)c1.O=S(=O)(F)[N-]S(=O)(=O)F,358.0,100.0,ElectricalConductivity,5.099999,3.9522774,1.1477215,test,Balanced IL,Balanced,C,Electrical conductivity multi-split parity plot,True
4602,1-ethyl-3-methyl-1H-imidazolium bis(fluorosulfonyl)amide,CC[n+]1ccn(C)c1.O=S(=O)(F)[N-]S(=O)(=O)F,358.0,101.0,ElectricalConductivity,5.1899996,3.9520025,1.237997,test,Balanced IL,Balanced,C,Electrical conductivity multi-split parity plot,True
4604,1-ethyl-3-methyl-1H-imidazolium bis(fluorosulfonyl)amide,CC[n+]1ccn(C)c1.O=S(=O)(F)[N-]S(=O)(=O)F,363.0,101.0,ElectricalConductivity,5.5700006,4.2028227,1.367178,test,Balanced IL,Balanced,C,Electrical conductivity multi-split parity plot,True
4607,1-ethyl-3-methyl-1H-imidazolium bis(fluorosulfonyl)amide,CC[n+]1ccn(C)c1.O=S(=O)(F)[N-]S(=O)(=O)F,368.0,100.0,ElectricalConductivity,5.790001,5.023822,0.7661791,test,Balanced IL,Balanced,C,Electrical conductivity multi-split parity plot,True
4608,1-ethyl-3-methyl-1H-imidazolium bis(fluorosulfonyl)amide,CC[n+]1ccn(C)c1.O=S(=O)(F)[N-]S(=O)(=O)F,368.0,101.0,ElectricalConductivity,5.9700007,5.0234733,0.9465275,test,Balanced IL,Balanced,C,Electrical conductivity multi-split parity plot,True
4610,1-ethyl-3-methyl-1H-imidazolium bis(fluorosulfonyl)amide,CC[n+]1ccn(C)c1.O=S(=O)(F)[N-]S(=O)(=O)F,373.0,101.0,ElectricalConductivity,6.3600016,5.317644,1.0423574,test,Balanced IL,Balanced,C,Electrical conductivity multi-split parity plot,True
4613,1-ethyl-3-methyl-1H-imidazolium bis(fluorosulfonyl)amide,CC[n+]1ccn(C)c1.O=S(=O)(F)[N-]S(=O)(=O)F,378.0,100.0,ElectricalConductivity,6.710001,5.615735,1.0942659,test,Balanced IL,Balanced,C,Electrical conductivity multi-split parity plot,True
4614,1-ethyl-3-methyl-1H-imidazolium bis(fluorosulfonyl)amide,CC[n+]1ccn(C)c1.O=S(=O)(F)[N-]S(=O)(=O)F,378.0,101.0,ElectricalConductivity,6.8099995,5.6153684,1.1946311,test,Balanced IL,Balanced,C,Electrical conductivity multi-split parity plot,True
4615,1-ethyl-3-methyl-1H-imidazolium bis(fluorosulfonyl)amide,CC[n+]1ccn(C)c1.O=S(=O)(F)[N-]S(=O)(=O)F,383.0,101.0,ElectricalConductivity,7.310001,5.9161153,1.3938856,test,Balanced IL,Balanced,C,Electrical conductivity multi-split parity plot,True
4616,1-ethyl-3-methyl-1H-imidazolium bis(fluorosulfonyl)amide,CC[n+]1ccn(C)c1.O=S(=O)(F)[N-]S(=O)(=O)F,388.0,100.0,ElectricalConductivity,7.499997,6.2196794,1.2803178,test,Balanced IL,Balanced,C,Electrical conductivity multi-split parity plot,True
4617,1-ethyl-3-methyl-1H-imidazolium bis(fluorosulfonyl)amide,CC[n+]1ccn(C)c1.O=S(=O)(F)[N-]S(=O)(=O)F,388.0,101.0,ElectricalConductivity,7.8600006,6.219301,1.6406994,test,Balanced IL,Balanced,C,Electrical conductivity multi-split parity plot,True
4480,1-ethyl-3-methylimidazolium ammonioacetate,CC[n+]1ccn(C)c1.NCC(=O)[O-],298.1,101.325,ElectricalConductivity,0.057,0.0039318004,0.0530682,test,Balanced IL,Balanced,C,Electrical conductivity multi-split parity plot,True
13,1-ethyl-3-methylimidazolium diethylphosphate,C(C)OP(=O)(OCC)[O-].C(C)N1C=[N+](C=C1)C,298.1,100.0,ElectricalConductivity,0.09,0.08048167,0.009518333,test,Balanced IL,Balanced,C,Electrical conductivity multi-split parity plot,True
4361,1-ethyl-3-methylimidazolium hexafluorophosphate,CC[n+]1ccn(C)c1.F[P-](F)(F)(F)(F)F,299.1,101.325,ElectricalConductivity,0.5055,1.0987319,0.59323186,test,Balanced IL,Balanced,C,Electrical conductivity multi-split parity plot,True
4362,1-ethyl-3-methylimidazolium hexafluorophosphate,CC[n+]1ccn(C)c1.F[P-](F)(F)(F)(F)F,303.6,101.325,ElectricalConductivity,0.583,1.2556628,0.6726628,test,Balanced IL,Balanced,C,Electrical conductivity multi-split parity plot,True
4363,1-ethyl-3-methylimidazolium hexafluorophosphate,CC[n+]1ccn(C)c1.F[P-](F)(F)(F)(F)F,308.9,101.325,ElectricalConductivity,0.71499985,1.4571811,0.74218124,test,Balanced IL,Balanced,C,Electrical conductivity multi-split parity plot,True
4364,1-ethyl-3-methylimidazolium hexafluorophosphate,CC[n+]1ccn(C)c1.F[P-](F)(F)(F)(F)F,312.6,101.325,ElectricalConductivity,0.81399995,1.6085533,0.79455334,test,Balanced IL,Balanced,C,Electrical conductivity multi-split parity plot,True
4365,1-ethyl-3-methylimidazolium hexafluorophosphate,CC[n+]1ccn(C)c1.F[P-](F)(F)(F)(F)F,318.4,101.325,ElectricalConductivity,0.97300005,1.8633487,0.8903487,test,Balanced IL,Balanced,C,Electrical conductivity multi-split parity plot,True
4366,1-ethyl-3-methylimidazolium hexafluorophosphate,CC[n+]1ccn(C)c1.F[P-](F)(F)(F)(F)F,323.1,101.325,ElectricalConductivity,1.1100001,2.0852578,0.97525764,test,Balanced IL,Balanced,C,Electrical conductivity multi-split parity plot,True
4367,1-ethyl-3-methylimidazolium hexafluorophosphate,CC[n+]1ccn(C)c1.F[P-](F)(F)(F)(F)F,327.8,101.325,ElectricalConductivity,1.2500001,2.3206866,1.0706865,test,Balanced IL,Balanced,C,Electrical conductivity multi-split parity plot,True
4368,1-ethyl-3-methylimidazolium hexafluorophosphate,CC[n+]1ccn(C)c1.F[P-](F)(F)(F)(F)F,333.1,101.325,ElectricalConductivity,1.71,2.601992,0.89199185,test,Balanced IL,Balanced,C,Electrical conductivity multi-split parity plot,True
4369,1-ethyl-3-methylimidazolium hexafluorophosphate,CC[n+]1ccn(C)c1.F[P-](F)(F)(F)(F)F,334.6,101.325,ElectricalConductivity,1.5299997,2.6845875,1.1545877,test,Balanced IL,Balanced,C,Electrical conductivity multi-split parity plot,True
4370,1-ethyl-3-methylimidazolium hexafluorophosphate,CC[n+]1ccn(C)c1.F[P-](F)(F)(F)(F)F,338.0,101.325,ElectricalConductivity,1.61,2.8765705,1.2665704,test,Balanced IL,Balanced,C,Electrical conductivity multi-split parity plot,True
4371,1-ethyl-3-methylimidazolium hexafluorophosphate,CC[n+]1ccn(C)c1.F[P-](F)(F)(F)(F)F,338.1,101.325,ElectricalConductivity,1.8600001,2.8823156,1.0223155,test,Balanced IL,Balanced,C,Electrical conductivity multi-split parity plot,True
4375,1-ethyl-3-methylimidazolium hexafluorophosphate,CC[n+]1ccn(C)c1.F[P-](F)(F)(F)(F)F,343.1,101.325,ElectricalConductivity,2.0899997,3.17669,1.0866904,test,Balanced IL,Balanced,C,Electrical conductivity multi-split parity plot,True
4376,1-ethyl-3-methylimidazolium hexafluorophosphate,CC[n+]1ccn(C)c1.F[P-](F)(F)(F)(F)F,343.6,101.325,ElectricalConductivity,1.8099998,3.2068834,1.3968836,test,Balanced IL,Balanced,C,Electrical conductivity multi-split parity plot,True
4379,1-ethyl-3-methylimidazolium hexafluorophosphate,CC[n+]1ccn(C)c1.F[P-](F)(F)(F)(F)F,348.1,101.325,ElectricalConductivity,2.3299997,3.484632,1.1546323,test,Balanced IL,Balanced,C,Electrical conductivity multi-split parity plot,True
4382,1-ethyl-3-methylimidazolium hexafluorophosphate,CC[n+]1ccn(C)c1.F[P-](F)(F)(F)(F)F,350.9,101.325,ElectricalConductivity,2.0899997,3.6628082,1.5728085,test,Balanced IL,Balanced,C,Electrical conductivity multi-split parity plot,True
4384,1-ethyl-3-methylimidazolium hexafluorophosphate,CC[n+]1ccn(C)c1.F[P-](F)(F)(F)(F)F,353.1,101.325,ElectricalConductivity,2.6399996,3.8056104,1.1656108,test,Balanced IL,Balanced,C,Electrical conductivity multi-split parity plot,True
4387,1-ethyl-3-methylimidazolium hexafluorophosphate,CC[n+]1ccn(C)c1.F[P-](F)(F)(F)(F)F,356.5,101.325,ElectricalConductivity,2.3099997,4.0310316,1.7210319,test,Balanced IL,Balanced,C,Electrical conductivity multi-split parity plot,True
4388,1-ethyl-3-methylimidazolium hexafluorophosphate,CC[n+]1ccn(C)c1.F[P-](F)(F)(F)(F)F,358.1,101.325,ElectricalConductivity,2.8999999,4.139046,1.2390463,test,Balanced IL,Balanced,C,Electrical conductivity multi-split parity plot,True
4389,1-ethyl-3-methylimidazolium hexafluorophosphate,CC[n+]1ccn(C)c1.F[P-](F)(F)(F)(F)F,361.1,101.325,ElectricalConductivity,2.4699998,4.34482,1.8748202,test,Balanced IL,Balanced,C,Electrical conductivity multi-split parity plot,True
4391,1-ethyl-3-methylimidazolium hexafluorophosphate,CC[n+]1ccn(C)c1.F[P-](F)(F)(F)(F)F,363.1,101.325,ElectricalConductivity,3.07,4.484289,1.4142892,test,Balanced IL,Balanced,C,Electrical conductivity multi-split parity plot,True
4392,1-ethyl-3-methylimidazolium hexafluorophosphate,CC[n+]1ccn(C)c1.F[P-](F)(F)(F)(F)F,368.1,101.325,ElectricalConductivity,3.3399994,4.840603,1.5006034,test,Balanced IL,Balanced,C,Electrical conductivity multi-split parity plot,True
4394,1-ethyl-3-methylimidazolium hexafluorophosphate,CC[n+]1ccn(C)c1.F[P-](F)(F)(F)(F)F,373.1,101.325,ElectricalConductivity,3.6999998,5.20717,1.5071702,test,Balanced IL,Balanced,C,Electrical conductivity multi-split parity plot,True
4395,1-ethyl-3-methylimidazolium hexafluorophosphate,CC[n+]1ccn(C)c1.F[P-](F)(F)(F)(F)F,378.1,101.325,ElectricalConductivity,4.04,5.5830703,1.5430703,test,Balanced IL,Balanced,C,Electrical conductivity multi-split parity plot,True
4396,1-ethyl-3-methylimidazolium hexafluorophosphate,CC[n+]1ccn(C)c1.F[P-](F)(F)(F)(F)F,383.1,101.325,ElectricalConductivity,4.39,5.9672914,1.5772915,test,Balanced IL,Balanced,C,Electrical conductivity multi-split parity plot,True
4397,1-ethyl-3-methylimidazolium hexafluorophosphate,CC[n+]1ccn(C)c1.F[P-](F)(F)(F)(F)F,388.1,101.325,ElectricalConductivity,4.7200007,6.3587265,1.6387258,test,Balanced IL,Balanced,C,Electrical conductivity multi-split parity plot,True
4398,1-ethyl-3-methylimidazolium hexafluorophosphate,CC[n+]1ccn(C)c1.F[P-](F)(F)(F)(F)F,393.1,101.325,ElectricalConductivity,5.0599995,6.7561774,1.696178,test,Balanced IL,Balanced,C,Electrical conductivity multi-split parity plot,True
4399,1-ethyl-3-methylimidazolium hexafluorophosphate,CC[n+]1ccn(C)c1.F[P-](F)(F)(F)(F)F,398.1,101.325,ElectricalConductivity,5.4099994,7.1583652,1.7483659,test,Balanced IL,Balanced,C,Electrical conductivity multi-split parity plot,True
4400,1-ethyl-3-methylimidazolium hexafluorophosphate,CC[n+]1ccn(C)c1.F[P-](F)(F)(F)(F)F,403.1,101.325,ElectricalConductivity,5.7499976,7.563933,1.8139353,test,Balanced IL,Balanced,C,Electrical conductivity multi-split parity plot,True
4401,1-ethyl-3-methylimidazolium hexafluorophosphate,CC[n+]1ccn(C)c1.F[P-](F)(F)(F)(F)F,408.1,101.325,ElectricalConductivity,6.119999,7.9714675,1.8514686,test,Balanced IL,Balanced,C,Electrical conductivity multi-split parity plot,True
4402,1-ethyl-3-methylimidazolium hexafluorophosphate,CC[n+]1ccn(C)c1.F[P-](F)(F)(F)(F)F,413.1,101.325,ElectricalConductivity,6.4099994,8.37952,1.969521,test,Balanced IL,Balanced,C,Electrical conductivity multi-split parity plot,True
4403,1-ethyl-3-methylimidazolium hexafluorophosphate,CC[n+]1ccn(C)c1.F[P-](F)(F)(F)(F)F,418.1,101.325,ElectricalConductivity,6.66,8.786604,2.126604,test,Balanced IL,Balanced,C,Electrical conductivity multi-split parity plot,True
4404,1-ethyl-3-methylimidazolium hexafluorophosphate,CC[n+]1ccn(C)c1.F[P-](F)(F)(F)(F)F,423.1,101.325,ElectricalConductivity,6.8699985,9.191209,2.3212104,test,Balanced IL,Balanced,C,Electrical conductivity multi-split parity plot,True
4350,1-ethyl-3-methylimidazolium phenyltrifluoroborate,CC[n+]1ccn(C)c1.F[B-](F)(F)c1ccccc1,303.0,101.325,ElectricalConductivity,0.68850005,0.2628087,0.42569134,test,Balanced IL,Balanced,C,Electrical conductivity multi-split parity plot,True
4351,1-ethyl-3-methylimidazolium phenyltrifluoroborate,CC[n+]1ccn(C)c1.F[B-](F)(F)c1ccccc1,308.0,101.325,ElectricalConductivity,0.783,0.34116763,0.44183236,test,Balanced IL,Balanced,C,Electrical conductivity multi-split parity plot,True
4352,1-ethyl-3-methylimidazolium phenyltrifluoroborate,CC[n+]1ccn(C)c1.F[B-](F)(F)c1ccccc1,313.0,101.325,ElectricalConductivity,0.94399995,0.4472247,0.49677524,test,Balanced IL,Balanced,C,Electrical conductivity multi-split parity plot,True
4353,1-ethyl-3-methylimidazolium phenyltrifluoroborate,CC[n+]1ccn(C)c1.F[B-](F)(F)c1ccccc1,318.0,101.325,ElectricalConductivity,1.09,0.57140857,0.51859146,test,Balanced IL,Balanced,C,Electrical conductivity multi-split parity plot,True
4354,1-ethyl-3-methylimidazolium phenyltrifluoroborate,CC[n+]1ccn(C)c1.F[B-](F)(F)c1ccccc1,323.0,101.325,ElectricalConductivity,1.241,0.7131198,0.52788025,test,Balanced IL,Balanced,C,Electrical conductivity multi-split parity plot,True
4355,1-ethyl-3-methylimidazolium phenyltrifluoroborate,CC[n+]1ccn(C)c1.F[B-](F)(F)c1ccccc1,328.0,101.325,ElectricalConductivity,1.392,0.8714792,0.52052075,test,Balanced IL,Balanced,C,Electrical conductivity multi-split parity plot,True
4356,1-ethyl-3-methylimidazolium phenyltrifluoroborate,CC[n+]1ccn(C)c1.F[B-](F)(F)c1ccccc1,333.0,101.325,ElectricalConductivity,1.6080003,0.99452525,0.613475,test,Balanced IL,Balanced,C,Electrical conductivity multi-split parity plot,True
4357,1-ethyl-3-methylimidazolium phenyltrifluoroborate,CC[n+]1ccn(C)c1.F[B-](F)(F)c1ccccc1,338.0,101.325,ElectricalConductivity,1.857,1.1460845,0.71091545,test,Balanced IL,Balanced,C,Electrical conductivity multi-split parity plot,True
4358,1-ethyl-3-methylimidazolium phenyltrifluoroborate,CC[n+]1ccn(C)c1.F[B-](F)(F)c1ccccc1,343.0,101.325,ElectricalConductivity,2.113,1.3085171,0.8044828,test,Balanced IL,Balanced,C,Electrical conductivity multi-split parity plot,True
4359,1-ethyl-3-methylimidazolium phenyltrifluoroborate,CC[n+]1ccn(C)c1.F[B-](F)(F)c1ccccc1,348.0,101.325,ElectricalConductivity,2.3039997,1.4816481,0.8223516,test,Balanced IL,Balanced,C,Electrical conductivity multi-split parity plot,True
4360,1-ethyl-3-methylimidazolium phenyltrifluoroborate,CC[n+]1ccn(C)c1.F[B-](F)(F)c1ccccc1,353.0,101.325,ElectricalConductivity,2.6989994,1.6653087,1.0336907,test,Balanced IL,Balanced,C,Electrical conductivity multi-split parity plot,True
4413,1-ethyl-3-methylimidazolium tetracyanoborate,CC[n+]1ccn(C)c1.N#C[B-](C#N)(C#N)C#N,273.15,101.325,ElectricalConductivity,0.545,0.21197061,0.3330294,test,Balanced IL,Balanced,C,Electrical conductivity multi-split parity plot,True
4414,1-ethyl-3-methylimidazolium tetracyanoborate,CC[n+]1ccn(C)c1.N#C[B-](C#N)(C#N)C#N,278.15,101.325,ElectricalConductivity,0.702,0.29672775,0.40527228,test,Balanced IL,Balanced,C,Electrical conductivity multi-split parity plot,True
4416,1-ethyl-3-methylimidazolium tetracyanoborate,CC[n+]1ccn(C)c1.N#C[B-](C#N)(C#N)C#N,283.15,101.325,ElectricalConductivity,0.884,0.40015656,0.48384345,test,Balanced IL,Balanced,C,Electrical conductivity multi-split parity plot,True
4419,1-ethyl-3-methylimidazolium tetracyanoborate,CC[n+]1ccn(C)c1.N#C[B-](C#N)(C#N)C#N,288.15,101.325,ElectricalConductivity,1.088,0.5024122,0.58558786,test,Balanced IL,Balanced,C,Electrical conductivity multi-split parity plot,True
4422,1-ethyl-3-methylimidazolium tetracyanoborate,CC[n+]1ccn(C)c1.N#C[B-](C#N)(C#N)C#N,293.15,101.325,ElectricalConductivity,1.311,0.6532299,0.6577701,test,Balanced IL,Balanced,C,Electrical conductivity multi-split parity plot,True
4428,1-ethyl-3-methylimidazolium tetracyanoborate,CC[n+]1ccn(C)c1.N#C[B-](C#N)(C#N)C#N,298.15,101.325,ElectricalConductivity,1.5560001,0.83080006,0.72520006,test,Balanced IL,Balanced,C,Electrical conductivity multi-split parity plot,True
4433,1-ethyl-3-methylimidazolium tetracyanoborate,CC[n+]1ccn(C)c1.N#C[B-](C#N)(C#N)C#N,303.15,101.325,ElectricalConductivity,1.8080002,1.0342695,0.77373075,test,Balanced IL,Balanced,C,Electrical conductivity multi-split parity plot,True
4440,1-ethyl-3-methylimidazolium tetracyanoborate,CC[n+]1ccn(C)c1.N#C[B-](C#N)(C#N)C#N,313.15,101.325,ElectricalConductivity,2.3790002,1.5089961,0.87000406,test,Balanced IL,Balanced,C,Electrical conductivity multi-split parity plot,True
4447,1-ethyl-3-methylimidazolium tetracyanoborate,CC[n+]1ccn(C)c1.N#C[B-](C#N)(C#N)C#N,323.15,101.325,ElectricalConductivity,3.0119996,2.0519075,0.96009207,test,Balanced IL,Balanced,C,Electrical conductivity multi-split parity plot,True
4455,1-ethyl-3-methylimidazolium tetracyanoborate,CC[n+]1ccn(C)c1.N#C[B-](C#N)(C#N)C#N,333.15,101.325,ElectricalConductivity,3.6940002,2.6374564,1.0565438,test,Balanced IL,Balanced,C,Electrical conductivity multi-split parity plot,True
4463,1-ethyl-3-methylimidazolium tetracyanoborate,CC[n+]1ccn(C)c1.N#C[B-](C#N)(C#N)C#N,343.15,101.325,ElectricalConductivity,4.412,3.2461488,1.1658514,test,Balanced IL,Balanced,C,Electrical conductivity multi-split parity plot,True
4467,1-ethyl-3-methylimidazolium tetracyanoborate,CC[n+]1ccn(C)c1.N#C[B-](C#N)(C#N)C#N,353.15,101.325,ElectricalConductivity,5.099999,3.8645277,1.2354712,test,Balanced IL,Balanced,C,Electrical conductivity multi-split parity plot,True
1552,1-hexyl-3-methylimidazolium dicyanamide,CCCCCC[n+]1ccn(C)c1.N#C[N-]C#N,293.0,101.325,ElectricalConductivity,0.53,0.39857796,0.13142201,test,Balanced IL,Balanced,C,Electrical conductivity multi-split parity plot,True
1553,1-hexyl-3-methylimidazolium dicyanamide,CCCCCC[n+]1ccn(C)c1.N#C[N-]C#N,293.15,101.3,ElectricalConductivity,0.42,0.4015104,0.0184896,test,Balanced IL,Balanced,C,Electrical conductivity multi-split parity plot,True
1561,1-hexyl-3-methylimidazolium dicyanamide,CCCCCC[n+]1ccn(C)c1.N#C[N-]C#N,298.15,101.3,ElectricalConductivity,0.517,0.50652677,0.010473251,test,Balanced IL,Balanced,C,Electrical conductivity multi-split parity plot,True
1567,1-hexyl-3-methylimidazolium dicyanamide,CCCCCC[n+]1ccn(C)c1.N#C[N-]C#N,303.15,101.3,ElectricalConductivity,0.626,0.6253108,0.0006892085,test,Balanced IL,Balanced,C,Electrical conductivity multi-split parity plot,True
1575,1-hexyl-3-methylimidazolium dicyanamide,CCCCCC[n+]1ccn(C)c1.N#C[N-]C#N,308.15,101.3,ElectricalConductivity,0.7439999,0.757215,0.013215125,test,Balanced IL,Balanced,C,Electrical conductivity multi-split parity plot,True
1582,1-hexyl-3-methylimidazolium dicyanamide,CCCCCC[n+]1ccn(C)c1.N#C[N-]C#N,313.15,101.3,ElectricalConductivity,0.87399995,0.90151334,0.027513385,test,Balanced IL,Balanced,C,Electrical conductivity multi-split parity plot,True
1588,1-hexyl-3-methylimidazolium dicyanamide,CCCCCC[n+]1ccn(C)c1.N#C[N-]C#N,318.15,101.3,ElectricalConductivity,1.012,1.0574892,0.045489192,test,Balanced IL,Balanced,C,Electrical conductivity multi-split parity plot,True
1595,1-hexyl-3-methylimidazolium dicyanamide,CCCCCC[n+]1ccn(C)c1.N#C[N-]C#N,323.15,101.3,ElectricalConductivity,1.158,1.2244865,0.06648648,test,Balanced IL,Balanced,C,Electrical conductivity multi-split parity plot,True
1601,1-hexyl-3-methylimidazolium dicyanamide,CCCCCC[n+]1ccn(C)c1.N#C[N-]C#N,328.15,101.3,ElectricalConductivity,1.3169999,1.4019349,0.08493495,test,Balanced IL,Balanced,C,Electrical conductivity multi-split parity plot,True
1608,1-hexyl-3-methylimidazolium dicyanamide,CCCCCC[n+]1ccn(C)c1.N#C[N-]C#N,333.15,101.3,ElectricalConductivity,1.4790001,1.5893536,0.11035347,test,Balanced IL,Balanced,C,Electrical conductivity multi-split parity plot,True
1610,1-hexyl-3-methylimidazolium dicyanamide,CCCCCC[n+]1ccn(C)c1.N#C[N-]C#N,338.15,101.3,ElectricalConductivity,1.6480001,1.7863425,0.13834238,test,Balanced IL,Balanced,C,Electrical conductivity multi-split parity plot,True
1614,1-hexyl-3-methylimidazolium dicyanamide,CCCCCC[n+]1ccn(C)c1.N#C[N-]C#N,343.15,101.3,ElectricalConductivity,1.8300002,1.992565,0.16256487,test,Balanced IL,Balanced,C,Electrical conductivity multi-split parity plot,True
1616,1-hexyl-3-methylimidazolium dicyanamide,CCCCCC[n+]1ccn(C)c1.N#C[N-]C#N,348.15,101.3,ElectricalConductivity,2.0139997,2.20773,0.19373035,test,Balanced IL,Balanced,C,Electrical conductivity multi-split parity plot,True
1618,1-hexyl-3-methylimidazolium dicyanamide,CCCCCC[n+]1ccn(C)c1.N#C[N-]C#N,353.15,101.3,ElectricalConductivity,2.2020001,2.4315674,0.22956729,test,Balanced IL,Balanced,C,Electrical conductivity multi-split parity plot,True
5015,"1-methyl-3-(2,2,2-trifluoroethyl)imidazolium bis((trifluoromethyl)sulfonyl)imide",C[n+]1ccn(CC(F)(F)F)c1.O=S(=O)([N-]S(=O)(=O)C(F)(F)F)C(F)(F)F,293.0,101.325,ElectricalConductivity,0.098,0.07347535,0.024524644,test,Balanced IL,Balanced,C,Electrical conductivity multi-split parity plot,True
3703,1-methyl-3-propylimidazolium L-serinate,CCCn1cc[n+](C)c1.N[C@@H](CO)C(=O)[O-],298.15,101.325,ElectricalConductivity,0.013700001,0.0007042061,0.012995794,test,Balanced IL,Balanced,C,Electrical conductivity multi-split parity plot,True
3705,1-methyl-3-propylimidazolium L-serinate,CCCn1cc[n+](C)c1.N[C@@H](CO)C(=O)[O-],303.15,101.325,ElectricalConductivity,0.023400003,0.0016381772,0.021761825,test,Balanced IL,Balanced,C,Electrical conductivity multi-split parity plot,True
3707,1-methyl-3-propylimidazolium L-serinate,CCCn1cc[n+](C)c1.N[C@@H](CO)C(=O)[O-],308.15,101.325,ElectricalConductivity,0.038300015,0.003596107,0.034703907,test,Balanced IL,Balanced,C,Electrical conductivity multi-split parity plot,True
3709,1-methyl-3-propylimidazolium L-serinate,CCCn1cc[n+](C)c1.N[C@@H](CO)C(=O)[O-],313.15,101.325,ElectricalConductivity,0.057099998,0.007490879,0.049609117,test,Balanced IL,Balanced,C,Electrical conductivity multi-split parity plot,True
3711,1-methyl-3-propylimidazolium L-serinate,CCCn1cc[n+](C)c1.N[C@@H](CO)C(=O)[O-],318.15,101.325,ElectricalConductivity,0.08410001,0.020966837,0.06313317,test,Balanced IL,Balanced,C,Electrical conductivity multi-split parity plot,True
3713,1-methyl-3-propylimidazolium L-serinate,CCCn1cc[n+](C)c1.N[C@@H](CO)C(=O)[O-],323.15,101.325,ElectricalConductivity,0.116000004,0.036314774,0.079685226,test,Balanced IL,Balanced,C,Electrical conductivity multi-split parity plot,True
3715,1-methyl-3-propylimidazolium L-serinate,CCCn1cc[n+](C)c1.N[C@@H](CO)C(=O)[O-],328.15,101.325,ElectricalConductivity,0.15900001,0.059888702,0.0991113,test,Balanced IL,Balanced,C,Electrical conductivity multi-split parity plot,True
3717,1-methyl-3-propylimidazolium L-serinate,CCCn1cc[n+](C)c1.N[C@@H](CO)C(=O)[O-],333.15,101.325,ElectricalConductivity,0.214,0.09415234,0.11984766,test,Balanced IL,Balanced,C,Electrical conductivity multi-split parity plot,True
3719,1-methyl-3-propylimidazolium L-serinate,CCCn1cc[n+](C)c1.N[C@@H](CO)C(=O)[O-],338.15,101.325,ElectricalConductivity,0.28200004,0.14144284,0.1405572,test,Balanced IL,Balanced,C,Electrical conductivity multi-split parity plot,True
3729,1-methyl-3-propylimidazolium bis[(trifluoromethyl)sulfonyl]imide,CCCn1cc[n+](C)c1.O=S(=O)([N-]S(=O)(=O)C(F)(F)F)C(F)(F)F,233.0,101.325,ElectricalConductivity,0.008,0.0014930202,0.0065069804,test,Balanced IL,Balanced,C,Electrical conductivity multi-split parity plot,True
3732,1-methyl-3-propylimidazolium bis[(trifluoromethyl)sulfonyl]imide,CCCn1cc[n+](C)c1.O=S(=O)([N-]S(=O)(=O)C(F)(F)F)C(F)(F)F,243.0,101.325,ElectricalConductivity,0.022999998,0.009562503,0.013437496,test,Balanced IL,Balanced,C,Electrical conductivity multi-split parity plot,True
3735,1-methyl-3-propylimidazolium bis[(trifluoromethyl)sulfonyl]imide,CCCn1cc[n+](C)c1.O=S(=O)([N-]S(=O)(=O)C(F)(F)F)C(F)(F)F,253.0,101.325,ElectricalConductivity,0.052999992,0.03114278,0.021857211,test,Balanced IL,Balanced,C,Electrical conductivity multi-split parity plot,True
3738,1-methyl-3-propylimidazolium bis[(trifluoromethyl)sulfonyl]imide,CCCn1cc[n+](C)c1.O=S(=O)([N-]S(=O)(=O)C(F)(F)F)C(F)(F)F,263.0,101.325,ElectricalConductivity,0.11199999,0.072036535,0.039963454,test,Balanced IL,Balanced,C,Electrical conductivity multi-split parity plot,True
3741,1-methyl-3-propylimidazolium bis[(trifluoromethyl)sulfonyl]imide,CCCn1cc[n+](C)c1.O=S(=O)([N-]S(=O)(=O)C(F)(F)F)C(F)(F)F,273.0,101.325,ElectricalConductivity,0.197,0.14055319,0.056446806,test,Balanced IL,Balanced,C,Electrical conductivity multi-split parity plot,True
3747,1-methyl-3-propylimidazolium bis[(trifluoromethyl)sulfonyl]imide,CCCn1cc[n+](C)c1.O=S(=O)([N-]S(=O)(=O)C(F)(F)F)C(F)(F)F,283.0,101.325,ElectricalConductivity,0.321,0.24658239,0.07441762,test,Balanced IL,Balanced,C,Electrical conductivity multi-split parity plot,True
3751,1-methyl-3-propylimidazolium bis[(trifluoromethyl)sulfonyl]imide,CCCn1cc[n+](C)c1.O=S(=O)([N-]S(=O)(=O)C(F)(F)F)C(F)(F)F,288.15,101.3,ElectricalConductivity,0.35899997,0.3179274,0.041072577,test,Balanced IL,Balanced,C,Electrical conductivity multi-split parity plot,True
3753,1-methyl-3-propylimidazolium bis[(trifluoromethyl)sulfonyl]imide,CCCn1cc[n+](C)c1.O=S(=O)([N-]S(=O)(=O)C(F)(F)F)C(F)(F)F,292.0,101.325,ElectricalConductivity,0.477,0.3787708,0.0982292,test,Balanced IL,Balanced,C,Electrical conductivity multi-split parity plot,True
3755,1-methyl-3-propylimidazolium bis[(trifluoromethyl)sulfonyl]imide,CCCn1cc[n+](C)c1.O=S(=O)([N-]S(=O)(=O)C(F)(F)F)C(F)(F)F,293.15,100.0,ElectricalConductivity,0.355,0.39815304,0.043153048,test,Balanced IL,Balanced,C,Electrical conductivity multi-split parity plot,True
3757,1-methyl-3-propylimidazolium bis[(trifluoromethyl)sulfonyl]imide,CCCn1cc[n+](C)c1.O=S(=O)([N-]S(=O)(=O)C(F)(F)F)C(F)(F)F,293.15,101.3,ElectricalConductivity,0.44100004,0.39815554,0.042844504,test,Balanced IL,Balanced,C,Electrical conductivity multi-split parity plot,True
3770,1-methyl-3-propylimidazolium bis[(trifluoromethyl)sulfonyl]imide,CCCn1cc[n+](C)c1.O=S(=O)([N-]S(=O)(=O)C(F)(F)F)C(F)(F)F,298.15,100.0,ElectricalConductivity,0.435,0.4886058,0.053605795,test,Balanced IL,Balanced,C,Electrical conductivity multi-split parity plot,True
3772,1-methyl-3-propylimidazolium bis[(trifluoromethyl)sulfonyl]imide,CCCn1cc[n+](C)c1.O=S(=O)([N-]S(=O)(=O)C(F)(F)F)C(F)(F)F,298.15,101.3,ElectricalConductivity,0.542,0.48859793,0.053402066,test,Balanced IL,Balanced,C,Electrical conductivity multi-split parity plot,True
3773,1-methyl-3-propylimidazolium bis[(trifluoromethyl)sulfonyl]imide,CCCn1cc[n+](C)c1.O=S(=O)([N-]S(=O)(=O)C(F)(F)F)C(F)(F)F,298.15,101.325,ElectricalConductivity,0.351,0.48859772,0.13759771,test,Balanced IL,Balanced,C,Electrical conductivity multi-split parity plot,True
3785,1-methyl-3-propylimidazolium bis[(trifluoromethyl)sulfonyl]imide,CCCn1cc[n+](C)c1.O=S(=O)([N-]S(=O)(=O)C(F)(F)F)C(F)(F)F,303.0,101.325,ElectricalConductivity,0.71,0.58520293,0.124797046,test,Balanced IL,Balanced,C,Electrical conductivity multi-split parity plot,True
3786,1-methyl-3-propylimidazolium bis[(trifluoromethyl)sulfonyl]imide,CCCn1cc[n+](C)c1.O=S(=O)([N-]S(=O)(=O)C(F)(F)F)C(F)(F)F,303.15,100.0,ElectricalConductivity,0.521,0.5883397,0.06733966,test,Balanced IL,Balanced,C,Electrical conductivity multi-split parity plot,True
3788,1-methyl-3-propylimidazolium bis[(trifluoromethyl)sulfonyl]imide,CCCn1cc[n+](C)c1.O=S(=O)([N-]S(=O)(=O)C(F)(F)F)C(F)(F)F,303.15,101.3,ElectricalConductivity,0.645,0.5883194,0.05668056,test,Balanced IL,Balanced,C,Electrical conductivity multi-split parity plot,True
3797,1-methyl-3-propylimidazolium bis[(trifluoromethyl)sulfonyl]imide,CCCn1cc[n+](C)c1.O=S(=O)([N-]S(=O)(=O)C(F)(F)F)C(F)(F)F,308.15,100.0,ElectricalConductivity,0.611,0.6962259,0.08522588,test,Balanced IL,Balanced,C,Electrical conductivity multi-split parity plot,True
3799,1-methyl-3-propylimidazolium bis[(trifluoromethyl)sulfonyl]imide,CCCn1cc[n+](C)c1.O=S(=O)([N-]S(=O)(=O)C(F)(F)F)C(F)(F)F,308.15,101.3,ElectricalConductivity,0.765,0.69619125,0.068808734,test,Balanced IL,Balanced,C,Electrical conductivity multi-split parity plot,True
3808,1-methyl-3-propylimidazolium bis[(trifluoromethyl)sulfonyl]imide,CCCn1cc[n+](C)c1.O=S(=O)([N-]S(=O)(=O)C(F)(F)F)C(F)(F)F,313.0,101.325,ElectricalConductivity,0.971,0.8074923,0.1635077,test,Balanced IL,Balanced,C,Electrical conductivity multi-split parity plot,True
3809,1-methyl-3-propylimidazolium bis[(trifluoromethyl)sulfonyl]imide,CCCn1cc[n+](C)c1.O=S(=O)([N-]S(=O)(=O)C(F)(F)F)C(F)(F)F,313.15,100.0,ElectricalConductivity,0.71,0.8110784,0.10107845,test,Balanced IL,Balanced,C,Electrical conductivity multi-split parity plot,True
3811,1-methyl-3-propylimidazolium bis[(trifluoromethyl)sulfonyl]imide,CCCn1cc[n+](C)c1.O=S(=O)([N-]S(=O)(=O)C(F)(F)F)C(F)(F)F,313.15,101.3,ElectricalConductivity,0.89900005,0.81102836,0.08797169,test,Balanced IL,Balanced,C,Electrical conductivity multi-split parity plot,True
3820,1-methyl-3-propylimidazolium bis[(trifluoromethyl)sulfonyl]imide,CCCn1cc[n+](C)c1.O=S(=O)([N-]S(=O)(=O)C(F)(F)F)C(F)(F)F,318.15,100.0,ElectricalConductivity,0.8130001,0.9317521,0.118752,test,Balanced IL,Balanced,C,Electrical conductivity multi-split parity plot,True
3822,1-methyl-3-propylimidazolium bis[(trifluoromethyl)sulfonyl]imide,CCCn1cc[n+](C)c1.O=S(=O)([N-]S(=O)(=O)C(F)(F)F)C(F)(F)F,318.15,101.3,ElectricalConductivity,1.05,0.93168586,0.11831409,test,Balanced IL,Balanced,C,Electrical conductivity multi-split parity plot,True
3830,1-methyl-3-propylimidazolium bis[(trifluoromethyl)sulfonyl]imide,CCCn1cc[n+](C)c1.O=S(=O)([N-]S(=O)(=O)C(F)(F)F)C(F)(F)F,323.0,101.325,ElectricalConductivity,1.2519999,1.0532926,0.19870722,test,Balanced IL,Balanced,C,Electrical conductivity multi-split parity plot,True
3831,1-methyl-3-propylimidazolium bis[(trifluoromethyl)sulfonyl]imide,CCCn1cc[n+](C)c1.O=S(=O)([N-]S(=O)(=O)C(F)(F)F)C(F)(F)F,323.15,100.0,ElectricalConductivity,0.923,1.0571998,0.13419986,test,Balanced IL,Balanced,C,Electrical conductivity multi-split parity plot,True
3833,1-methyl-3-propylimidazolium bis[(trifluoromethyl)sulfonyl]imide,CCCn1cc[n+](C)c1.O=S(=O)([N-]S(=O)(=O)C(F)(F)F)C(F)(F)F,323.15,101.3,ElectricalConductivity,1.1900002,1.0571173,0.13288283,test,Balanced IL,Balanced,C,Electrical conductivity multi-split parity plot,True
3844,1-methyl-3-propylimidazolium bis[(trifluoromethyl)sulfonyl]imide,CCCn1cc[n+](C)c1.O=S(=O)([N-]S(=O)(=O)C(F)(F)F)C(F)(F)F,328.15,101.3,ElectricalConductivity,1.3500001,1.1863971,0.16360307,test,Balanced IL,Balanced,C,Electrical conductivity multi-split parity plot,True
3856,1-methyl-3-propylimidazolium bis[(trifluoromethyl)sulfonyl]imide,CCCn1cc[n+](C)c1.O=S(=O)([N-]S(=O)(=O)C(F)(F)F)C(F)(F)F,333.15,101.3,ElectricalConductivity,1.5299997,1.3187262,0.21127355,test,Balanced IL,Balanced,C,Electrical conductivity multi-split parity plot,True
3860,1-methyl-3-propylimidazolium bis[(trifluoromethyl)sulfonyl]imide,CCCn1cc[n+](C)c1.O=S(=O)([N-]S(=O)(=O)C(F)(F)F)C(F)(F)F,334.0,101.325,ElectricalConductivity,1.5729998,1.3414727,0.23152709,test,Balanced IL,Balanced,C,Electrical conductivity multi-split parity plot,True
3863,1-methyl-3-propylimidazolium bis[(trifluoromethyl)sulfonyl]imide,CCCn1cc[n+](C)c1.O=S(=O)([N-]S(=O)(=O)C(F)(F)F)C(F)(F)F,338.15,101.3,ElectricalConductivity,1.71,1.4534217,0.25657833,test,Balanced IL,Balanced,C,Electrical conductivity multi-split parity plot,True
3866,1-methyl-3-propylimidazolium bis[(trifluoromethyl)sulfonyl]imide,CCCn1cc[n+](C)c1.O=S(=O)([N-]S(=O)(=O)C(F)(F)F)C(F)(F)F,342.0,101.325,ElectricalConductivity,1.9209999,1.5583787,0.3626212,test,Balanced IL,Balanced,C,Electrical conductivity multi-split parity plot,True
3869,1-methyl-3-propylimidazolium bis[(trifluoromethyl)sulfonyl]imide,CCCn1cc[n+](C)c1.O=S(=O)([N-]S(=O)(=O)C(F)(F)F)C(F)(F)F,343.15,101.3,ElectricalConductivity,1.91,1.5899023,0.32009768,test,Balanced IL,Balanced,C,Electrical conductivity multi-split parity plot,True
3873,1-methyl-3-propylimidazolium bis[(trifluoromethyl)sulfonyl]imide,CCCn1cc[n+](C)c1.O=S(=O)([N-]S(=O)(=O)C(F)(F)F)C(F)(F)F,348.15,101.3,ElectricalConductivity,2.1200001,1.7276726,0.39232755,test,Balanced IL,Balanced,C,Electrical conductivity multi-split parity plot,True
3876,1-methyl-3-propylimidazolium bis[(trifluoromethyl)sulfonyl]imide,CCCn1cc[n+](C)c1.O=S(=O)([N-]S(=O)(=O)C(F)(F)F)C(F)(F)F,353.0,101.325,ElectricalConductivity,2.2790003,1.8621322,0.4168681,test,Balanced IL,Balanced,C,Electrical conductivity multi-split parity plot,True
1310,1-octylpyridinium bis((trifluoromethyl)sulfonyl)amide,CCCCCCCC[n+]1ccccc1.O=S(=O)([N-]S(=O)(=O)C(F)(F)F)C(F)(F)F,293.0,101.325,ElectricalConductivity,0.056000005,0.08106719,0.025067184,test,Balanced IL,Balanced,C,Electrical conductivity multi-split parity plot,True
1315,1-octylpyridinium bis((trifluoromethyl)sulfonyl)amide,CCCCCCCC[n+]1ccccc1.O=S(=O)([N-]S(=O)(=O)C(F)(F)F)C(F)(F)F,298.15,100.0,ElectricalConductivity,0.096999995,0.112732105,0.01573211,test,Balanced IL,Balanced,C,Electrical conductivity multi-split parity plot,True
1319,1-octylpyridinium bis((trifluoromethyl)sulfonyl)amide,CCCCCCCC[n+]1ccccc1.O=S(=O)([N-]S(=O)(=O)C(F)(F)F)C(F)(F)F,303.0,101.325,ElectricalConductivity,0.091000006,0.15009587,0.05909586,test,Balanced IL,Balanced,C,Electrical conductivity multi-split parity plot,True
1328,1-octylpyridinium bis((trifluoromethyl)sulfonyl)amide,CCCCCCCC[n+]1ccccc1.O=S(=O)([N-]S(=O)(=O)C(F)(F)F)C(F)(F)F,313.0,101.325,ElectricalConductivity,0.143,0.2512662,0.108266205,test,Balanced IL,Balanced,C,Electrical conductivity multi-split parity plot,True
1337,1-octylpyridinium bis((trifluoromethyl)sulfonyl)amide,CCCCCCCC[n+]1ccccc1.O=S(=O)([N-]S(=O)(=O)C(F)(F)F)C(F)(F)F,323.0,101.325,ElectricalConductivity,0.204,0.38320714,0.17920715,test,Balanced IL,Balanced,C,Electrical conductivity multi-split parity plot,True
1345,1-octylpyridinium bis((trifluoromethyl)sulfonyl)amide,CCCCCCCC[n+]1ccccc1.O=S(=O)([N-]S(=O)(=O)C(F)(F)F)C(F)(F)F,333.0,101.325,ElectricalConductivity,0.285,0.5409942,0.25599423,test,Balanced IL,Balanced,C,Electrical conductivity multi-split parity plot,True
1352,1-octylpyridinium bis((trifluoromethyl)sulfonyl)amide,CCCCCCCC[n+]1ccccc1.O=S(=O)([N-]S(=O)(=O)C(F)(F)F)C(F)(F)F,343.0,101.325,ElectricalConductivity,0.387,0.718722,0.331722,test,Balanced IL,Balanced,C,Electrical conductivity multi-split parity plot,True
1845,1-pentylpyridinium dicyanamide,CCCCC[n+]1ccccc1.N#C[N-]C#N,298.15,101.325,ElectricalConductivity,0.595,0.67563266,0.08063263,test,Balanced IL,Balanced,C,Electrical conductivity multi-split parity plot,True
1847,1-pentylpyridinium dicyanamide,CCCCC[n+]1ccccc1.N#C[N-]C#N,303.15,101.325,ElectricalConductivity,0.692,0.83746386,0.14546388,test,Balanced IL,Balanced,C,Electrical conductivity multi-split parity plot,True
1849,1-pentylpyridinium dicyanamide,CCCCC[n+]1ccccc1.N#C[N-]C#N,308.15,101.325,ElectricalConductivity,0.831,1.0164908,0.18549085,test,Balanced IL,Balanced,C,Electrical conductivity multi-split parity plot,True
1851,1-pentylpyridinium dicyanamide,CCCCC[n+]1ccccc1.N#C[N-]C#N,313.15,101.325,ElectricalConductivity,0.992,1.2114927,0.21949267,test,Balanced IL,Balanced,C,Electrical conductivity multi-split parity plot,True
1853,1-pentylpyridinium dicyanamide,CCCCC[n+]1ccccc1.N#C[N-]C#N,318.15,101.325,ElectricalConductivity,1.186,1.4213296,0.23532963,test,Balanced IL,Balanced,C,Electrical conductivity multi-split parity plot,True
1855,1-pentylpyridinium dicyanamide,CCCCC[n+]1ccccc1.N#C[N-]C#N,323.15,101.325,ElectricalConductivity,1.391,1.645005,0.25400496,test,Balanced IL,Balanced,C,Electrical conductivity multi-split parity plot,True
1857,1-pentylpyridinium dicyanamide,CCCCC[n+]1ccccc1.N#C[N-]C#N,328.15,101.325,ElectricalConductivity,1.61,1.8816825,0.2716825,test,Balanced IL,Balanced,C,Electrical conductivity multi-split parity plot,True
1859,1-pentylpyridinium dicyanamide,CCCCC[n+]1ccccc1.N#C[N-]C#N,333.15,101.325,ElectricalConductivity,1.8359998,2.13068,0.29468024,test,Balanced IL,Balanced,C,Electrical conductivity multi-split parity plot,True
1861,1-pentylpyridinium dicyanamide,CCCCC[n+]1ccccc1.N#C[N-]C#N,338.15,101.325,ElectricalConductivity,2.072,2.3914435,0.31944346,test,Balanced IL,Balanced,C,Electrical conductivity multi-split parity plot,True
3517,1-propyl-3-methylimidazolium tetrafluoroborate,CCC[n+]1ccn(C)c1.F[B-](F)(F)F,298.1,101.325,ElectricalConductivity,0.59000003,0.6898366,0.09983659,test,Balanced IL,Balanced,C,Electrical conductivity multi-split parity plot,True
3561,1-propyl-3-methylimidazolium thiocyanate,CCC[n+]1ccn(C)c1.N#C[S-],293.15,101.325,ElectricalConductivity,0.669,0.6212573,0.047742724,test,Balanced IL,Balanced,C,Electrical conductivity multi-split parity plot,True
3563,1-propyl-3-methylimidazolium thiocyanate,CCC[n+]1ccn(C)c1.N#C[S-],298.15,101.325,ElectricalConductivity,0.7429999,0.7657855,0.022785604,test,Balanced IL,Balanced,C,Electrical conductivity multi-split parity plot,True
3565,1-propyl-3-methylimidazolium thiocyanate,CCC[n+]1ccn(C)c1.N#C[S-],303.15,101.325,ElectricalConductivity,0.84,0.9285925,0.08859253,test,Balanced IL,Balanced,C,Electrical conductivity multi-split parity plot,True
3567,1-propyl-3-methylimidazolium thiocyanate,CCC[n+]1ccn(C)c1.N#C[S-],308.15,101.325,ElectricalConductivity,0.933,1.1093,0.17629999,test,Balanced IL,Balanced,C,Electrical conductivity multi-split parity plot,True
3569,1-propyl-3-methylimidazolium thiocyanate,CCC[n+]1ccn(C)c1.N#C[S-],313.15,101.325,ElectricalConductivity,1.0429997,1.307445,0.2644453,test,Balanced IL,Balanced,C,Electrical conductivity multi-split parity plot,True
3571,1-propyl-3-methylimidazolium thiocyanate,CCC[n+]1ccn(C)c1.N#C[S-],318.15,101.325,ElectricalConductivity,1.1540002,1.5225703,0.3685701,test,Balanced IL,Balanced,C,Electrical conductivity multi-split parity plot,True
3573,1-propyl-3-methylimidazolium thiocyanate,CCC[n+]1ccn(C)c1.N#C[S-],323.15,101.325,ElectricalConductivity,1.302,1.7542802,0.45228016,test,Balanced IL,Balanced,C,Electrical conductivity multi-split parity plot,True
3575,1-propyl-3-methylimidazolium thiocyanate,CCC[n+]1ccn(C)c1.N#C[S-],328.15,101.325,ElectricalConductivity,1.4409997,2.002264,0.5612643,test,Balanced IL,Balanced,C,Electrical conductivity multi-split parity plot,True
3577,1-propyl-3-methylimidazolium thiocyanate,CCC[n+]1ccn(C)c1.N#C[S-],333.15,101.325,ElectricalConductivity,1.6070001,2.2662969,0.65929675,test,Balanced IL,Balanced,C,Electrical conductivity multi-split parity plot,True
3579,1-propyl-3-methylimidazolium thiocyanate,CCC[n+]1ccn(C)c1.N#C[S-],338.15,101.325,ElectricalConductivity,1.7579999,2.546225,0.7882252,test,Balanced IL,Balanced,C,Electrical conductivity multi-split parity plot,True
3581,1-propyl-3-methylimidazolium thiocyanate,CCC[n+]1ccn(C)c1.N#C[S-],343.15,101.325,ElectricalConductivity,1.9410002,2.8419497,0.9009495,test,Balanced IL,Balanced,C,Electrical conductivity multi-split parity plot,True
3479,1-propylpyridinium dicyanamide,CCC[n+]1ccccc1.N#C[N-]C#N,298.15,101.325,ElectricalConductivity,1.308,1.8547828,0.54678285,test,Balanced IL,Balanced,C,Electrical conductivity multi-split parity plot,True
3481,1-propylpyridinium dicyanamide,CCC[n+]1ccccc1.N#C[N-]C#N,303.15,101.325,ElectricalConductivity,1.508,2.1359313,0.62793124,test,Balanced IL,Balanced,C,Electrical conductivity multi-split parity plot,True
3483,1-propylpyridinium dicyanamide,CCC[n+]1ccccc1.N#C[N-]C#N,308.15,101.325,ElectricalConductivity,1.7660003,2.4339175,0.66791725,test,Balanced IL,Balanced,C,Electrical conductivity multi-split parity plot,True
3485,1-propylpyridinium dicyanamide,CCC[n+]1ccccc1.N#C[N-]C#N,313.15,101.325,ElectricalConductivity,2.0730002,2.7473881,0.67438793,test,Balanced IL,Balanced,C,Electrical conductivity multi-split parity plot,True
3487,1-propylpyridinium dicyanamide,CCC[n+]1ccccc1.N#C[N-]C#N,318.15,101.325,ElectricalConductivity,2.441,3.0752413,0.63424134,test,Balanced IL,Balanced,C,Electrical conductivity multi-split parity plot,True
3489,1-propylpyridinium dicyanamide,CCC[n+]1ccccc1.N#C[N-]C#N,323.15,101.325,ElectricalConductivity,2.8090003,3.4166164,0.6076162,test,Balanced IL,Balanced,C,Electrical conductivity multi-split parity plot,True
3491,1-propylpyridinium dicyanamide,CCC[n+]1ccccc1.N#C[N-]C#N,328.15,101.325,ElectricalConductivity,3.2149994,3.7708635,0.5558641,test,Balanced IL,Balanced,C,Electrical conductivity multi-split parity plot,True
3493,1-propylpyridinium dicyanamide,CCC[n+]1ccccc1.N#C[N-]C#N,333.15,101.325,ElectricalConductivity,3.6369996,4.1374893,0.5004897,test,Balanced IL,Balanced,C,Electrical conductivity multi-split parity plot,True
3495,1-propylpyridinium dicyanamide,CCC[n+]1ccccc1.N#C[N-]C#N,338.15,101.325,ElectricalConductivity,4.0770006,4.5161033,0.43910265,test,Balanced IL,Balanced,C,Electrical conductivity multi-split parity plot,True
1287,"2,3-dimethyl-1-octylpyridinium bis(trifluoromethylsulfonyl)amide",CCCCCCCC[n+]1cccc(C)c1C.O=S(=O)([N-]S(=O)(=O)C(F)(F)F)C(F)(F)F,273.15,101.325,ElectricalConductivity,0.008609999,0.014645152,0.006035153,test,Balanced IL,Balanced,C,Electrical conductivity multi-split parity plot,True
1288,"2,3-dimethyl-1-octylpyridinium bis(trifluoromethylsulfonyl)amide",CCCCCCCC[n+]1cccc(C)c1C.O=S(=O)([N-]S(=O)(=O)C(F)(F)F)C(F)(F)F,283.15,101.325,ElectricalConductivity,0.020100003,0.031766403,0.0116664,test,Balanced IL,Balanced,C,Electrical conductivity multi-split parity plot,True
1290,"2,3-dimethyl-1-octylpyridinium bis(trifluoromethylsulfonyl)amide",CCCCCCCC[n+]1cccc(C)c1C.O=S(=O)([N-]S(=O)(=O)C(F)(F)F)C(F)(F)F,293.15,101.325,ElectricalConductivity,0.040899996,0.06440627,0.023506273,test,Balanced IL,Balanced,C,Electrical conductivity multi-split parity plot,True
1293,"2,3-dimethyl-1-octylpyridinium bis(trifluoromethylsulfonyl)amide",CCCCCCCC[n+]1cccc(C)c1C.O=S(=O)([N-]S(=O)(=O)C(F)(F)F)C(F)(F)F,298.15,101.325,ElectricalConductivity,0.055899985,0.089175284,0.0332753,test,Balanced IL,Balanced,C,Electrical conductivity multi-split parity plot,True
1294,"2,3-dimethyl-1-octylpyridinium bis(trifluoromethylsulfonyl)amide",CCCCCCCC[n+]1cccc(C)c1C.O=S(=O)([N-]S(=O)(=O)C(F)(F)F)C(F)(F)F,303.15,101.325,ElectricalConductivity,0.0746,0.120782174,0.04618217,test,Balanced IL,Balanced,C,Electrical conductivity multi-split parity plot,True
1297,"2,3-dimethyl-1-octylpyridinium bis(trifluoromethylsulfonyl)amide",CCCCCCCC[n+]1cccc(C)c1C.O=S(=O)([N-]S(=O)(=O)C(F)(F)F)C(F)(F)F,313.15,101.325,ElectricalConductivity,0.1246,0.20642163,0.08182163,test,Balanced IL,Balanced,C,Electrical conductivity multi-split parity plot,True
1299,"2,3-dimethyl-1-octylpyridinium bis(trifluoromethylsulfonyl)amide",CCCCCCCC[n+]1cccc(C)c1C.O=S(=O)([N-]S(=O)(=O)C(F)(F)F)C(F)(F)F,323.15,101.325,ElectricalConductivity,0.19369997,0.32194746,0.12824748,test,Balanced IL,Balanced,C,Electrical conductivity multi-split parity plot,True
1300,"2,3-dimethyl-1-octylpyridinium bis(trifluoromethylsulfonyl)amide",CCCCCCCC[n+]1cccc(C)c1C.O=S(=O)([N-]S(=O)(=O)C(F)(F)F)C(F)(F)F,333.15,101.325,ElectricalConductivity,0.284,0.4641074,0.18010738,test,Balanced IL,Balanced,C,Electrical conductivity multi-split parity plot,True
1302,"2,3-dimethyl-1-octylpyridinium bis(trifluoromethylsulfonyl)amide",CCCCCCCC[n+]1cccc(C)c1C.O=S(=O)([N-]S(=O)(=O)C(F)(F)F)C(F)(F)F,343.15,101.325,ElectricalConductivity,0.41399997,0.62798864,0.21398866,test,Balanced IL,Balanced,C,Electrical conductivity multi-split parity plot,True
1304,"2,3-dimethyl-1-octylpyridinium bis(trifluoromethylsulfonyl)amide",CCCCCCCC[n+]1cccc(C)c1C.O=S(=O)([N-]S(=O)(=O)C(F)(F)F)C(F)(F)F,353.15,101.325,ElectricalConductivity,0.53300005,0.8085507,0.27555066,test,Balanced IL,Balanced,C,Electrical conductivity multi-split parity plot,True
5574,"2,3-dimethyl-1-pentylimidazolium hydrogensulfate",S(=O)(=O)(O)[O-].CC=1N(C=C[N+]1C)CCCCC,298.15,101.325,ElectricalConductivity,0.07500001,0.09728883,0.022288822,test,Balanced IL,Balanced,C,Electrical conductivity multi-split parity plot,True
5576,"2,3-dimethyl-1-pentylimidazolium hydrogensulfate",S(=O)(=O)(O)[O-].CC=1N(C=C[N+]1C)CCCCC,303.15,101.325,ElectricalConductivity,0.105,0.124182984,0.019182988,test,Balanced IL,Balanced,C,Electrical conductivity multi-split parity plot,True
5578,"2,3-dimethyl-1-pentylimidazolium hydrogensulfate",S(=O)(=O)(O)[O-].CC=1N(C=C[N+]1C)CCCCC,308.15,101.325,ElectricalConductivity,0.145,0.15594648,0.010946482,test,Balanced IL,Balanced,C,Electrical conductivity multi-split parity plot,True
5580,"2,3-dimethyl-1-pentylimidazolium hydrogensulfate",S(=O)(=O)(O)[O-].CC=1N(C=C[N+]1C)CCCCC,313.15,101.325,ElectricalConductivity,0.197,0.192847,0.0041529983,test,Balanced IL,Balanced,C,Electrical conductivity multi-split parity plot,True
5582,"2,3-dimethyl-1-pentylimidazolium hydrogensulfate",S(=O)(=O)(O)[O-].CC=1N(C=C[N+]1C)CCCCC,318.15,101.325,ElectricalConductivity,0.257,0.23507297,0.021927029,test,Balanced IL,Balanced,C,Electrical conductivity multi-split parity plot,True
5584,"2,3-dimethyl-1-pentylimidazolium hydrogensulfate",S(=O)(=O)(O)[O-].CC=1N(C=C[N+]1C)CCCCC,323.15,101.325,ElectricalConductivity,0.324,0.28274778,0.041252226,test,Balanced IL,Balanced,C,Electrical conductivity multi-split parity plot,True
5586,"2,3-dimethyl-1-pentylimidazolium hydrogensulfate",S(=O)(=O)(O)[O-].CC=1N(C=C[N+]1C)CCCCC,328.15,101.325,ElectricalConductivity,0.39899996,0.33594555,0.06305441,test,Balanced IL,Balanced,C,Electrical conductivity multi-split parity plot,True
5588,"2,3-dimethyl-1-pentylimidazolium hydrogensulfate",S(=O)(=O)(O)[O-].CC=1N(C=C[N+]1C)CCCCC,333.15,101.325,ElectricalConductivity,0.48500004,0.39470577,0.09029427,test,Balanced IL,Balanced,C,Electrical conductivity multi-split parity plot,True
5590,"2,3-dimethyl-1-pentylimidazolium hydrogensulfate",S(=O)(=O)(O)[O-].CC=1N(C=C[N+]1C)CCCCC,338.15,101.325,ElectricalConductivity,0.573,0.45904475,0.11395526,test,Balanced IL,Balanced,C,Electrical conductivity multi-split parity plot,True
5592,"2,3-dimethyl-1-pentylimidazolium hydrogensulfate",S(=O)(=O)(O)[O-].CC=1N(C=C[N+]1C)CCCCC,343.15,101.325,ElectricalConductivity,0.675,0.52896374,0.14603627,test,Balanced IL,Balanced,C,Electrical conductivity multi-split parity plot,True
5065,"3,3'-(1,5-pentanediyl)bis[1-methylimidazolium] 1,1,1-trifluoro-N-[(trifluoromethyl)sulfonyl]methanesulfonamide",C[n+]1ccn(CCCCCn2cc[n+](C)c2)c1.O=S(=O)([N-]S(=O)(=O)C(F)(F)F)C(F)(F)F.O=S(=O)([N-]S(=O)(=O)C(F)(F)F)C(F)(F)F,298.15,101.325,ElectricalConductivity,0.060000002,0.016611356,0.043388646,test,Balanced IL,Balanced,C,Electrical conductivity multi-split parity plot,True
5067,"3,3'-(1,5-pentanediyl)bis[1-methylimidazolium] 1,1,1-trifluoro-N-[(trifluoromethyl)sulfonyl]methanesulfonamide",C[n+]1ccn(CCCCCn2cc[n+](C)c2)c1.O=S(=O)([N-]S(=O)(=O)C(F)(F)F)C(F)(F)F.O=S(=O)([N-]S(=O)(=O)C(F)(F)F)C(F)(F)F,303.15,101.325,ElectricalConductivity,0.082,0.0331373,0.048862703,test,Balanced IL,Balanced,C,Electrical conductivity multi-split parity plot,True
5069,"3,3'-(1,5-pentanediyl)bis[1-methylimidazolium] 1,1,1-trifluoro-N-[(trifluoromethyl)sulfonyl]methanesulfonamide",C[n+]1ccn(CCCCCn2cc[n+](C)c2)c1.O=S(=O)([N-]S(=O)(=O)C(F)(F)F)C(F)(F)F.O=S(=O)([N-]S(=O)(=O)C(F)(F)F)C(F)(F)F,308.15,101.325,ElectricalConductivity,0.10799999,0.060008544,0.047991443,test,Balanced IL,Balanced,C,Electrical conductivity multi-split parity plot,True
5072,"3,3'-(1,5-pentanediyl)bis[1-methylimidazolium] 1,1,1-trifluoro-N-[(trifluoromethyl)sulfonyl]methanesulfonamide",C[n+]1ccn(CCCCCn2cc[n+](C)c2)c1.O=S(=O)([N-]S(=O)(=O)C(F)(F)F)C(F)(F)F.O=S(=O)([N-]S(=O)(=O)C(F)(F)F)C(F)(F)F,313.15,101.325,ElectricalConductivity,0.14100002,0.09983981,0.04116021,test,Balanced IL,Balanced,C,Electrical conductivity multi-split parity plot,True
5074,"3,3'-(1,5-pentanediyl)bis[1-methylimidazolium] 1,1,1-trifluoro-N-[(trifluoromethyl)sulfonyl]methanesulfonamide",C[n+]1ccn(CCCCCn2cc[n+](C)c2)c1.O=S(=O)([N-]S(=O)(=O)C(F)(F)F)C(F)(F)F.O=S(=O)([N-]S(=O)(=O)C(F)(F)F)C(F)(F)F,318.15,101.325,ElectricalConductivity,0.172,0.15421969,0.017780319,test,Balanced IL,Balanced,C,Electrical conductivity multi-split parity plot,True
5077,"3,3'-(1,5-pentanediyl)bis[1-methylimidazolium] 1,1,1-trifluoro-N-[(trifluoromethyl)sulfonyl]methanesulfonamide",C[n+]1ccn(CCCCCn2cc[n+](C)c2)c1.O=S(=O)([N-]S(=O)(=O)C(F)(F)F)C(F)(F)F.O=S(=O)([N-]S(=O)(=O)C(F)(F)F)C(F)(F)F,323.15,101.325,ElectricalConductivity,0.21,0.22341114,0.013411149,test,Balanced IL,Balanced,C,Electrical conductivity multi-split parity plot,True
5079,"3,3'-(1,5-pentanediyl)bis[1-methylimidazolium] 1,1,1-trifluoro-N-[(trifluoromethyl)sulfonyl]methanesulfonamide",C[n+]1ccn(CCCCCn2cc[n+](C)c2)c1.O=S(=O)([N-]S(=O)(=O)C(F)(F)F)C(F)(F)F.O=S(=O)([N-]S(=O)(=O)C(F)(F)F)C(F)(F)F,328.15,101.325,ElectricalConductivity,0.257,0.30653957,0.049539566,test,Balanced IL,Balanced,C,Electrical conductivity multi-split parity plot,True
5082,"3,3'-(1,5-pentanediyl)bis[1-methylimidazolium] 1,1,1-trifluoro-N-[(trifluoromethyl)sulfonyl]methanesulfonamide",C[n+]1ccn(CCCCCn2cc[n+](C)c2)c1.O=S(=O)([N-]S(=O)(=O)C(F)(F)F)C(F)(F)F.O=S(=O)([N-]S(=O)(=O)C(F)(F)F)C(F)(F)F,333.15,101.325,ElectricalConductivity,0.304,0.40205526,0.09805527,test,Balanced IL,Balanced,C,Electrical conductivity multi-split parity plot,True
5084,"3,3'-(1,5-pentanediyl)bis[1-methylimidazolium] 1,1,1-trifluoro-N-[(trifluoromethyl)sulfonyl]methanesulfonamide",C[n+]1ccn(CCCCCn2cc[n+](C)c2)c1.O=S(=O)([N-]S(=O)(=O)C(F)(F)F)C(F)(F)F.O=S(=O)([N-]S(=O)(=O)C(F)(F)F)C(F)(F)F,338.15,101.325,ElectricalConductivity,0.40099993,0.50816864,0.107168704,test,Balanced IL,Balanced,C,Electrical conductivity multi-split parity plot,True
5086,"3,3'-(1,5-pentanediyl)bis[1-methylimidazolium] 1,1,1-trifluoro-N-[(trifluoromethyl)sulfonyl]methanesulfonamide",C[n+]1ccn(CCCCCn2cc[n+](C)c2)c1.O=S(=O)([N-]S(=O)(=O)C(F)(F)F)C(F)(F)F.O=S(=O)([N-]S(=O)(=O)C(F)(F)F)C(F)(F)F,343.15,101.325,ElectricalConductivity,0.49099997,0.6231107,0.13211074,test,Balanced IL,Balanced,C,Electrical conductivity multi-split parity plot,True
5088,"3,3'-(1,5-pentanediyl)bis[1-methylimidazolium] 1,1,1-trifluoro-N-[(trifluoromethyl)sulfonyl]methanesulfonamide",C[n+]1ccn(CCCCCn2cc[n+](C)c2)c1.O=S(=O)([N-]S(=O)(=O)C(F)(F)F)C(F)(F)F.O=S(=O)([N-]S(=O)(=O)C(F)(F)F)C(F)(F)F,348.15,101.325,ElectricalConductivity,0.54899997,0.74523705,0.19623709,test,Balanced IL,Balanced,C,Electrical conductivity multi-split parity plot,True
5090,"3,3'-(1,5-pentanediyl)bis[1-methylimidazolium] 1,1,1-trifluoro-N-[(trifluoromethyl)sulfonyl]methanesulfonamide",C[n+]1ccn(CCCCCn2cc[n+](C)c2)c1.O=S(=O)([N-]S(=O)(=O)C(F)(F)F)C(F)(F)F.O=S(=O)([N-]S(=O)(=O)C(F)(F)F)C(F)(F)F,353.15,101.325,ElectricalConductivity,0.593,0.873046,0.280046,test,Balanced IL,Balanced,C,Electrical conductivity multi-split parity plot,True
5029,3-(3-cyanopropyl)-1-methylimidazolium bis(fluorosulfonyl)amide,C[n+]1ccn(CCCC#N)c1.O=S(=O)(F)[N-]S(=O)(=O)F,288.15,101.0,ElectricalConductivity,0.106,0.07937184,0.026628159,test,Balanced IL,Balanced,C,Electrical conductivity multi-split parity plot,True
5031,3-(3-cyanopropyl)-1-methylimidazolium bis(fluorosulfonyl)amide,C[n+]1ccn(CCCC#N)c1.O=S(=O)(F)[N-]S(=O)(=O)F,293.15,101.0,ElectricalConductivity,0.134,0.11965892,0.014341086,test,Balanced IL,Balanced,C,Electrical conductivity multi-split parity plot,True
5033,3-(3-cyanopropyl)-1-methylimidazolium bis(fluorosulfonyl)amide,C[n+]1ccn(CCCC#N)c1.O=S(=O)(F)[N-]S(=O)(=O)F,298.15,101.0,ElectricalConductivity,0.18199998,0.17215848,0.009841502,test,Balanced IL,Balanced,C,Electrical conductivity multi-split parity plot,True
5035,3-(3-cyanopropyl)-1-methylimidazolium bis(fluorosulfonyl)amide,C[n+]1ccn(CCCC#N)c1.O=S(=O)(F)[N-]S(=O)(=O)F,303.15,101.0,ElectricalConductivity,0.234,0.23723805,0.0032380521,test,Balanced IL,Balanced,C,Electrical conductivity multi-split parity plot,True
5037,3-(3-cyanopropyl)-1-methylimidazolium bis(fluorosulfonyl)amide,C[n+]1ccn(CCCC#N)c1.O=S(=O)(F)[N-]S(=O)(=O)F,308.15,101.0,ElectricalConductivity,0.29899997,0.314513,0.015513033,test,Balanced IL,Balanced,C,Electrical conductivity multi-split parity plot,True
5039,3-(3-cyanopropyl)-1-methylimidazolium bis(fluorosulfonyl)amide,C[n+]1ccn(CCCC#N)c1.O=S(=O)(F)[N-]S(=O)(=O)F,313.15,101.0,ElectricalConductivity,0.377,0.40307394,0.026073933,test,Balanced IL,Balanced,C,Electrical conductivity multi-split parity plot,True
5041,3-(3-cyanopropyl)-1-methylimidazolium bis(fluorosulfonyl)amide,C[n+]1ccn(CCCC#N)c1.O=S(=O)(F)[N-]S(=O)(=O)F,318.15,101.0,ElectricalConductivity,0.47,0.5017397,0.031739682,test,Balanced IL,Balanced,C,Electrical conductivity multi-split parity plot,True
5043,3-(3-cyanopropyl)-1-methylimidazolium bis(fluorosulfonyl)amide,C[n+]1ccn(CCCC#N)c1.O=S(=O)(F)[N-]S(=O)(=O)F,323.15,101.0,ElectricalConductivity,0.584,0.6092553,0.025255322,test,Balanced IL,Balanced,C,Electrical conductivity multi-split parity plot,True
5045,3-(3-cyanopropyl)-1-methylimidazolium trifluoromethanesulfonate,C[n+]1ccn(CCCC#N)c1.O=S(=O)([O-])C(F)(F)F,288.15,101.0,ElectricalConductivity,0.022999998,0.022162676,0.0008373223,test,Balanced IL,Balanced,C,Electrical conductivity multi-split parity plot,True
5047,3-(3-cyanopropyl)-1-methylimidazolium trifluoromethanesulfonate,C[n+]1ccn(CCCC#N)c1.O=S(=O)([O-])C(F)(F)F,293.15,101.0,ElectricalConductivity,0.033000004,0.034064718,0.001064714,test,Balanced IL,Balanced,C,Electrical conductivity multi-split parity plot,True
5049,3-(3-cyanopropyl)-1-methylimidazolium trifluoromethanesulfonate,C[n+]1ccn(CCCC#N)c1.O=S(=O)([O-])C(F)(F)F,298.15,101.0,ElectricalConductivity,0.045999996,0.050702404,0.004702408,test,Balanced IL,Balanced,C,Electrical conductivity multi-split parity plot,True
5051,3-(3-cyanopropyl)-1-methylimidazolium trifluoromethanesulfonate,C[n+]1ccn(CCCC#N)c1.O=S(=O)([O-])C(F)(F)F,303.15,101.0,ElectricalConductivity,0.060000002,0.073252976,0.013252974,test,Balanced IL,Balanced,C,Electrical conductivity multi-split parity plot,True
5053,3-(3-cyanopropyl)-1-methylimidazolium trifluoromethanesulfonate,C[n+]1ccn(CCCC#N)c1.O=S(=O)([O-])C(F)(F)F,308.15,101.0,ElectricalConductivity,0.07999998,0.10285016,0.022850178,test,Balanced IL,Balanced,C,Electrical conductivity multi-split parity plot,True
5055,3-(3-cyanopropyl)-1-methylimidazolium trifluoromethanesulfonate,C[n+]1ccn(CCCC#N)c1.O=S(=O)([O-])C(F)(F)F,313.15,101.0,ElectricalConductivity,0.104,0.14046913,0.03646913,test,Balanced IL,Balanced,C,Electrical conductivity multi-split parity plot,True
5057,3-(3-cyanopropyl)-1-methylimidazolium trifluoromethanesulfonate,C[n+]1ccn(CCCC#N)c1.O=S(=O)([O-])C(F)(F)F,318.15,101.0,ElectricalConductivity,0.13099998,0.18684879,0.055848807,test,Balanced IL,Balanced,C,Electrical conductivity multi-split parity plot,True
5059,3-(3-cyanopropyl)-1-methylimidazolium trifluoromethanesulfonate,C[n+]1ccn(CCCC#N)c1.O=S(=O)([O-])C(F)(F)F,323.15,101.0,ElectricalConductivity,0.16100001,0.24246344,0.08146343,test,Balanced IL,Balanced,C,Electrical conductivity multi-split parity plot,True
1155,3-decyl-1H-imidazol-3-ium bis((trifluoromethyl)sulfonyl)amide,CCCCCCCCCC[n+]1cc[nH]c1.O=S(=O)([N-]S(=O)(=O)C(F)(F)F)C(F)(F)F,292.85,101.325,ElectricalConductivity,0.021200001,0.052306596,0.031106595,test,Balanced IL,Balanced,C,Electrical conductivity multi-split parity plot,True
1156,3-decyl-1H-imidazol-3-ium bis((trifluoromethyl)sulfonyl)amide,CCCCCCCCCC[n+]1cc[nH]c1.O=S(=O)([N-]S(=O)(=O)C(F)(F)F)C(F)(F)F,303.65,101.325,ElectricalConductivity,0.03510001,0.101214655,0.06611465,test,Balanced IL,Balanced,C,Electrical conductivity multi-split parity plot,True
1157,3-decyl-1H-imidazol-3-ium bis((trifluoromethyl)sulfonyl)amide,CCCCCCCCCC[n+]1cc[nH]c1.O=S(=O)([N-]S(=O)(=O)C(F)(F)F)C(F)(F)F,312.95,101.325,ElectricalConductivity,0.057999976,0.16557239,0.107572414,test,Balanced IL,Balanced,C,Electrical conductivity multi-split parity plot,True
1158,3-decyl-1H-imidazol-3-ium bis((trifluoromethyl)sulfonyl)amide,CCCCCCCCCC[n+]1cc[nH]c1.O=S(=O)([N-]S(=O)(=O)C(F)(F)F)C(F)(F)F,322.75,101.325,ElectricalConductivity,0.08500001,0.257206,0.17220598,test,Balanced IL,Balanced,C,Electrical conductivity multi-split parity plot,True
1159,3-decyl-1H-imidazol-3-ium bis((trifluoromethyl)sulfonyl)amide,CCCCCCCCCC[n+]1cc[nH]c1.O=S(=O)([N-]S(=O)(=O)C(F)(F)F)C(F)(F)F,332.75,101.325,ElectricalConductivity,0.12300002,0.37437612,0.2513761,test,Balanced IL,Balanced,C,Electrical conductivity multi-split parity plot,True
1160,3-decyl-1H-imidazol-3-ium bis((trifluoromethyl)sulfonyl)amide,CCCCCCCCCC[n+]1cc[nH]c1.O=S(=O)([N-]S(=O)(=O)C(F)(F)F)C(F)(F)F,342.75,101.325,ElectricalConductivity,0.165,0.51210445,0.34710443,test,Balanced IL,Balanced,C,Electrical conductivity multi-split parity plot,True
1161,3-decyl-1H-imidazol-3-ium bis((trifluoromethyl)sulfonyl)amide,CCCCCCCCCC[n+]1cc[nH]c1.O=S(=O)([N-]S(=O)(=O)C(F)(F)F)C(F)(F)F,352.85,101.325,ElectricalConductivity,0.22199999,0.66804695,0.44604695,test,Balanced IL,Balanced,C,Electrical conductivity multi-split parity plot,True
1162,3-decyl-1H-imidazol-3-ium bis((trifluoromethyl)sulfonyl)amide,CCCCCCCCCC[n+]1cc[nH]c1.O=S(=O)([N-]S(=O)(=O)C(F)(F)F)C(F)(F)F,362.15,101.325,ElectricalConductivity,0.273,0.82314104,0.55014104,test,Balanced IL,Balanced,C,Electrical conductivity multi-split parity plot,True
1163,3-decyl-1H-imidazol-3-ium bis((trifluoromethyl)sulfonyl)amide,CCCCCCCCCC[n+]1cc[nH]c1.O=S(=O)([N-]S(=O)(=O)C(F)(F)F)C(F)(F)F,372.05,101.325,ElectricalConductivity,0.351,0.99694973,0.6459497,test,Balanced IL,Balanced,C,Electrical conductivity multi-split parity plot,True
1164,3-decyl-1H-imidazol-3-ium bis((trifluoromethyl)sulfonyl)amide,CCCCCCCCCC[n+]1cc[nH]c1.O=S(=O)([N-]S(=O)(=O)C(F)(F)F)C(F)(F)F,382.45,101.325,ElectricalConductivity,0.45099998,1.2462468,0.79524684,test,Balanced IL,Balanced,C,Electrical conductivity multi-split parity plot,True
1165,3-decyl-1H-imidazol-3-ium bis((trifluoromethyl)sulfonyl)amide,CCCCCCCCCC[n+]1cc[nH]c1.O=S(=O)([N-]S(=O)(=O)C(F)(F)F)C(F)(F)F,392.75,101.325,ElectricalConductivity,0.49099997,1.4449646,0.9539647,test,Balanced IL,Balanced,C,Electrical conductivity multi-split parity plot,True
1166,3-decyl-1H-imidazol-3-ium bis((trifluoromethyl)sulfonyl)amide,CCCCCCCCCC[n+]1cc[nH]c1.O=S(=O)([N-]S(=O)(=O)C(F)(F)F)C(F)(F)F,401.95,101.325,ElectricalConductivity,0.605,1.6227813,1.0177813,test,Balanced IL,Balanced,C,Electrical conductivity multi-split parity plot,True
1167,3-decyl-1H-imidazol-3-ium bis((trifluoromethyl)sulfonyl)amide,CCCCCCCCCC[n+]1cc[nH]c1.O=S(=O)([N-]S(=O)(=O)C(F)(F)F)C(F)(F)F,412.55,101.325,ElectricalConductivity,0.68600005,1.8248883,1.1388884,test,Balanced IL,Balanced,C,Electrical conductivity multi-split parity plot,True
1168,3-decyl-1H-imidazol-3-ium bis((trifluoromethyl)sulfonyl)amide,CCCCCCCCCC[n+]1cc[nH]c1.O=S(=O)([N-]S(=O)(=O)C(F)(F)F)C(F)(F)F,422.75,101.325,ElectricalConductivity,0.74600005,2.0136142,1.2676141,test,Balanced IL,Balanced,C,Electrical conductivity multi-split parity plot,True
1169,3-decyl-1H-imidazol-3-ium bis((trifluoromethyl)sulfonyl)amide,CCCCCCCCCC[n+]1cc[nH]c1.O=S(=O)([N-]S(=O)(=O)C(F)(F)F)C(F)(F)F,432.55,101.325,ElectricalConductivity,0.81100005,2.1870859,1.3760858,test,Balanced IL,Balanced,C,Electrical conductivity multi-split parity plot,True
1170,3-decyl-1H-imidazol-3-ium bis((trifluoromethyl)sulfonyl)amide,CCCCCCCCCC[n+]1cc[nH]c1.O=S(=O)([N-]S(=O)(=O)C(F)(F)F)C(F)(F)F,443.75,101.325,ElectricalConductivity,0.88200015,2.373189,1.4911888,test,Balanced IL,Balanced,C,Electrical conductivity multi-split parity plot,True
1171,3-decyl-1H-imidazol-3-ium bis((trifluoromethyl)sulfonyl)amide,CCCCCCCCCC[n+]1cc[nH]c1.O=S(=O)([N-]S(=O)(=O)C(F)(F)F)C(F)(F)F,452.65,101.325,ElectricalConductivity,0.92000014,2.510112,1.590112,test,Balanced IL,Balanced,C,Electrical conductivity multi-split parity plot,True
1172,3-decyl-1H-imidazol-3-ium bis((trifluoromethyl)sulfonyl)amide,CCCCCCCCCC[n+]1cc[nH]c1.O=S(=O)([N-]S(=O)(=O)C(F)(F)F)C(F)(F)F,462.85,101.325,ElectricalConductivity,0.92000014,2.653478,1.7334778,test,Balanced IL,Balanced,C,Electrical conductivity multi-split parity plot,True
1173,3-decyl-1H-imidazol-3-ium bis((trifluoromethyl)sulfonyl)amide,CCCCCCCCCC[n+]1cc[nH]c1.O=S(=O)([N-]S(=O)(=O)C(F)(F)F)C(F)(F)F,473.55,101.325,ElectricalConductivity,0.9590002,2.786752,1.8277519,test,Balanced IL,Balanced,C,Electrical conductivity multi-split parity plot,True
1174,3-decyl-1H-imidazol-3-ium bis((trifluoromethyl)sulfonyl)amide,CCCCCCCCCC[n+]1cc[nH]c1.O=S(=O)([N-]S(=O)(=O)C(F)(F)F)C(F)(F)F,483.65,101.325,ElectricalConductivity,0.92000014,2.8951447,1.9751446,test,Balanced IL,Balanced,C,Electrical conductivity multi-split parity plot,True
1175,3-decyl-1H-imidazol-3-ium bis((trifluoromethyl)sulfonyl)amide,CCCCCCCCCC[n+]1cc[nH]c1.O=S(=O)([N-]S(=O)(=O)C(F)(F)F)C(F)(F)F,495.35,101.325,ElectricalConductivity,0.8460001,2.9980907,2.1520905,test,Balanced IL,Balanced,C,Electrical conductivity multi-split parity plot,True
1176,3-decyl-1H-imidazol-3-ium bis((trifluoromethyl)sulfonyl)amide,CCCCCCCCCC[n+]1cc[nH]c1.O=S(=O)([N-]S(=O)(=O)C(F)(F)F)C(F)(F)F,503.85,101.325,ElectricalConductivity,0.71499985,3.0568106,2.3418107,test,Balanced IL,Balanced,C,Electrical conductivity multi-split parity plot,True
1177,3-decyl-1H-imidazol-3-ium bis((trifluoromethyl)sulfonyl)amide,CCCCCCCCCC[n+]1cc[nH]c1.O=S(=O)([N-]S(=O)(=O)C(F)(F)F)C(F)(F)F,513.95,101.325,ElectricalConductivity,0.631,3.1081607,2.4771607,test,Balanced IL,Balanced,C,Electrical conductivity multi-split parity plot,True
1178,3-decyl-1H-imidazol-3-ium bis((trifluoromethyl)sulfonyl)amide,CCCCCCCCCC[n+]1cc[nH]c1.O=S(=O)([N-]S(=O)(=O)C(F)(F)F)C(F)(F)F,523.15,101.325,ElectricalConductivity,0.51199996,3.1368814,2.6248813,test,Balanced IL,Balanced,C,Electrical conductivity multi-split parity plot,True
1094,3-dodecyl-1H-imidazol-3-ium bis((trifluoromethyl)sulfonyl)amide,CCCCCCCCCCCC[n+]1cc[nH]c1.O=S(=O)([N-]S(=O)(=O)C(F)(F)F)C(F)(F)F,292.85,101.325,ElectricalConductivity,0.016800001,0.03256954,0.015769538,test,Balanced IL,Balanced,C,Electrical conductivity multi-split parity plot,True
1095,3-dodecyl-1H-imidazol-3-ium bis((trifluoromethyl)sulfonyl)amide,CCCCCCCCCCCC[n+]1cc[nH]c1.O=S(=O)([N-]S(=O)(=O)C(F)(F)F)C(F)(F)F,298.15,101.325,ElectricalConductivity,0.019700004,0.045658592,0.025958588,test,Balanced IL,Balanced,C,Electrical conductivity multi-split parity plot,True
1096,3-dodecyl-1H-imidazol-3-ium bis((trifluoromethyl)sulfonyl)amide,CCCCCCCCCCCC[n+]1cc[nH]c1.O=S(=O)([N-]S(=O)(=O)C(F)(F)F)C(F)(F)F,302.85,101.325,ElectricalConductivity,0.030000005,0.060980726,0.030980721,test,Balanced IL,Balanced,C,Electrical conductivity multi-split parity plot,True
1097,3-dodecyl-1H-imidazol-3-ium bis((trifluoromethyl)sulfonyl)amide,CCCCCCCCCCCC[n+]1cc[nH]c1.O=S(=O)([N-]S(=O)(=O)C(F)(F)F)C(F)(F)F,313.15,101.325,ElectricalConductivity,0.0515,0.109704554,0.058204554,test,Balanced IL,Balanced,C,Electrical conductivity multi-split parity plot,True
1098,3-dodecyl-1H-imidazol-3-ium bis((trifluoromethyl)sulfonyl)amide,CCCCCCCCCCCC[n+]1cc[nH]c1.O=S(=O)([N-]S(=O)(=O)C(F)(F)F)C(F)(F)F,323.05,101.325,ElectricalConductivity,0.0767,0.17936164,0.10266164,test,Balanced IL,Balanced,C,Electrical conductivity multi-split parity plot,True
1099,3-dodecyl-1H-imidazol-3-ium bis((trifluoromethyl)sulfonyl)amide,CCCCCCCCCCCC[n+]1cc[nH]c1.O=S(=O)([N-]S(=O)(=O)C(F)(F)F)C(F)(F)F,333.15,101.325,ElectricalConductivity,0.117999986,0.27483124,0.15683125,test,Balanced IL,Balanced,C,Electrical conductivity multi-split parity plot,True
1100,3-dodecyl-1H-imidazol-3-ium bis((trifluoromethyl)sulfonyl)amide,CCCCCCCCCCCC[n+]1cc[nH]c1.O=S(=O)([N-]S(=O)(=O)C(F)(F)F)C(F)(F)F,343.25,101.325,ElectricalConductivity,0.164,0.39370364,0.22970363,test,Balanced IL,Balanced,C,Electrical conductivity multi-split parity plot,True
1101,3-dodecyl-1H-imidazol-3-ium bis((trifluoromethyl)sulfonyl)amide,CCCCCCCCCCCC[n+]1cc[nH]c1.O=S(=O)([N-]S(=O)(=O)C(F)(F)F)C(F)(F)F,352.75,101.325,ElectricalConductivity,0.219,0.5243593,0.3053593,test,Balanced IL,Balanced,C,Electrical conductivity multi-split parity plot,True
1102,3-dodecyl-1H-imidazol-3-ium bis((trifluoromethyl)sulfonyl)amide,CCCCCCCCCCCC[n+]1cc[nH]c1.O=S(=O)([N-]S(=O)(=O)C(F)(F)F)C(F)(F)F,363.45,101.325,ElectricalConductivity,0.292,0.7283616,0.4363616,test,Balanced IL,Balanced,C,Electrical conductivity multi-split parity plot,True
1103,3-dodecyl-1H-imidazol-3-ium bis((trifluoromethyl)sulfonyl)amide,CCCCCCCCCCCC[n+]1cc[nH]c1.O=S(=O)([N-]S(=O)(=O)C(F)(F)F)C(F)(F)F,373.45,101.325,ElectricalConductivity,0.35,0.9040319,0.55403185,test,Balanced IL,Balanced,C,Electrical conductivity multi-split parity plot,True
1104,3-dodecyl-1H-imidazol-3-ium bis((trifluoromethyl)sulfonyl)amide,CCCCCCCCCCCC[n+]1cc[nH]c1.O=S(=O)([N-]S(=O)(=O)C(F)(F)F)C(F)(F)F,382.55,101.325,ElectricalConductivity,0.435,1.07287,0.63787,test,Balanced IL,Balanced,C,Electrical conductivity multi-split parity plot,True
1105,3-dodecyl-1H-imidazol-3-ium bis((trifluoromethyl)sulfonyl)amide,CCCCCCCCCCCC[n+]1cc[nH]c1.O=S(=O)([N-]S(=O)(=O)C(F)(F)F)C(F)(F)F,393.65,101.325,ElectricalConductivity,0.5220001,1.2862958,0.7642957,test,Balanced IL,Balanced,C,Electrical conductivity multi-split parity plot,True
1106,3-dodecyl-1H-imidazol-3-ium bis((trifluoromethyl)sulfonyl)amide,CCCCCCCCCCCC[n+]1cc[nH]c1.O=S(=O)([N-]S(=O)(=O)C(F)(F)F)C(F)(F)F,403.85,101.325,ElectricalConductivity,0.62500006,1.4856929,0.8606928,test,Balanced IL,Balanced,C,Electrical conductivity multi-split parity plot,True
1107,3-dodecyl-1H-imidazol-3-ium bis((trifluoromethyl)sulfonyl)amide,CCCCCCCCCCCC[n+]1cc[nH]c1.O=S(=O)([N-]S(=O)(=O)C(F)(F)F)C(F)(F)F,413.75,101.325,ElectricalConductivity,0.69699997,1.6785942,0.98159426,test,Balanced IL,Balanced,C,Electrical conductivity multi-split parity plot,True
1108,3-dodecyl-1H-imidazol-3-ium bis((trifluoromethyl)sulfonyl)amide,CCCCCCCCCCCC[n+]1cc[nH]c1.O=S(=O)([N-]S(=O)(=O)C(F)(F)F)C(F)(F)F,423.15,101.325,ElectricalConductivity,0.776,1.8582155,1.0822154,test,Balanced IL,Balanced,C,Electrical conductivity multi-split parity plot,True
1109,3-dodecyl-1H-imidazol-3-ium bis((trifluoromethyl)sulfonyl)amide,CCCCCCCCCCCC[n+]1cc[nH]c1.O=S(=O)([N-]S(=O)(=O)C(F)(F)F)C(F)(F)F,433.05,101.325,ElectricalConductivity,0.865,2.0408306,1.1758306,test,Balanced IL,Balanced,C,Electrical conductivity multi-split parity plot,True
1110,3-dodecyl-1H-imidazol-3-ium bis((trifluoromethyl)sulfonyl)amide,CCCCCCCCCCCC[n+]1cc[nH]c1.O=S(=O)([N-]S(=O)(=O)C(F)(F)F)C(F)(F)F,445.45,101.325,ElectricalConductivity,0.9639999,2.256129,1.292129,test,Balanced IL,Balanced,C,Electrical conductivity multi-split parity plot,True
1111,3-dodecyl-1H-imidazol-3-ium bis((trifluoromethyl)sulfonyl)amide,CCCCCCCCCCCC[n+]1cc[nH]c1.O=S(=O)([N-]S(=O)(=O)C(F)(F)F)C(F)(F)F,454.35,101.325,ElectricalConductivity,1.0,2.399161,1.3991611,test,Balanced IL,Balanced,C,Electrical conductivity multi-split parity plot,True
1112,3-dodecyl-1H-imidazol-3-ium bis((trifluoromethyl)sulfonyl)amide,CCCCCCCCCCCC[n+]1cc[nH]c1.O=S(=O)([N-]S(=O)(=O)C(F)(F)F)C(F)(F)F,464.75,101.325,ElectricalConductivity,1.037,2.5520492,1.5150492,test,Balanced IL,Balanced,C,Electrical conductivity multi-split parity plot,True
1113,3-dodecyl-1H-imidazol-3-ium bis((trifluoromethyl)sulfonyl)amide,CCCCCCCCCCCC[n+]1cc[nH]c1.O=S(=O)([N-]S(=O)(=O)C(F)(F)F)C(F)(F)F,474.45,101.325,ElectricalConductivity,1.037,2.679261,1.642261,test,Balanced IL,Balanced,C,Electrical conductivity multi-split parity plot,True
1114,3-dodecyl-1H-imidazol-3-ium bis((trifluoromethyl)sulfonyl)amide,CCCCCCCCCCCC[n+]1cc[nH]c1.O=S(=O)([N-]S(=O)(=O)C(F)(F)F)C(F)(F)F,484.65,101.325,ElectricalConductivity,1.037,2.7955654,1.7585654,test,Balanced IL,Balanced,C,Electrical conductivity multi-split parity plot,True
1115,3-dodecyl-1H-imidazol-3-ium bis((trifluoromethyl)sulfonyl)amide,CCCCCCCCCCCC[n+]1cc[nH]c1.O=S(=O)([N-]S(=O)(=O)C(F)(F)F)C(F)(F)F,495.25,101.325,ElectricalConductivity,1.0,2.8960962,1.8960962,test,Balanced IL,Balanced,C,Electrical conductivity multi-split parity plot,True
1116,3-dodecyl-1H-imidazol-3-ium bis((trifluoromethyl)sulfonyl)amide,CCCCCCCCCCCC[n+]1cc[nH]c1.O=S(=O)([N-]S(=O)(=O)C(F)(F)F)C(F)(F)F,503.85,101.325,ElectricalConductivity,0.89699996,2.961554,2.0645542,test,Balanced IL,Balanced,C,Electrical conductivity multi-split parity plot,True
1117,3-dodecyl-1H-imidazol-3-ium bis((trifluoromethyl)sulfonyl)amide,CCCCCCCCCCCC[n+]1cc[nH]c1.O=S(=O)([N-]S(=O)(=O)C(F)(F)F)C(F)(F)F,515.35,101.325,ElectricalConductivity,0.776,3.0254102,2.2494102,test,Balanced IL,Balanced,C,Electrical conductivity multi-split parity plot,True
1118,3-dodecyl-1H-imidazol-3-ium bis((trifluoromethyl)sulfonyl)amide,CCCCCCCCCCCC[n+]1cc[nH]c1.O=S(=O)([N-]S(=O)(=O)C(F)(F)F)C(F)(F)F,524.65,101.325,ElectricalConductivity,0.67200005,3.0564644,2.3844643,test,Balanced IL,Balanced,C,Electrical conductivity multi-split parity plot,True
4341,3-ethyl-1-methyl-1H-imidazol-3-ium L-threoninate,CC[n+]1ccn(C)c1.C[C@@H](O)[C@H](N)C(=O)[O-],298.1,101.325,ElectricalConductivity,0.009999999,0.00035394015,0.009646059,test,Balanced IL,Balanced,C,Electrical conductivity multi-split parity plot,True
4638,3-ethyl-1-methyl-1H-imidazolium L-serinate,CCn1cc[n+](C)c1.N[C@@H](CO)C(=O)[O-],298.1,101.325,ElectricalConductivity,0.065,5.698344e-05,0.064943016,test,Balanced IL,Balanced,C,Electrical conductivity multi-split parity plot,True
4640,3-ethyl-1-methyl-1H-imidazolium L-serinate,CCn1cc[n+](C)c1.N[C@@H](CO)C(=O)[O-],303.15,101.325,ElectricalConductivity,0.087799996,0.00015821033,0.08764178,test,Balanced IL,Balanced,C,Electrical conductivity multi-split parity plot,True
4642,3-ethyl-1-methyl-1H-imidazolium L-serinate,CCn1cc[n+](C)c1.N[C@@H](CO)C(=O)[O-],308.15,101.325,ElectricalConductivity,0.121,0.00042607693,0.12057392,test,Balanced IL,Balanced,C,Electrical conductivity multi-split parity plot,True
4644,3-ethyl-1-methyl-1H-imidazolium L-serinate,CCn1cc[n+](C)c1.N[C@@H](CO)C(=O)[O-],313.15,101.325,ElectricalConductivity,0.15799999,0.0011188952,0.1568811,test,Balanced IL,Balanced,C,Electrical conductivity multi-split parity plot,True
4646,3-ethyl-1-methyl-1H-imidazolium L-serinate,CCn1cc[n+](C)c1.N[C@@H](CO)C(=O)[O-],318.15,101.325,ElectricalConductivity,0.204,0.0028414342,0.20115857,test,Balanced IL,Balanced,C,Electrical conductivity multi-split parity plot,True
4648,3-ethyl-1-methyl-1H-imidazolium L-serinate,CCn1cc[n+](C)c1.N[C@@H](CO)C(=O)[O-],323.15,101.325,ElectricalConductivity,0.258,0.0068883523,0.25111163,test,Balanced IL,Balanced,C,Electrical conductivity multi-split parity plot,True
4650,3-ethyl-1-methyl-1H-imidazolium L-serinate,CCn1cc[n+](C)c1.N[C@@H](CO)C(=O)[O-],328.15,101.325,ElectricalConductivity,0.329,0.015697803,0.3133022,test,Balanced IL,Balanced,C,Electrical conductivity multi-split parity plot,True
4652,3-ethyl-1-methyl-1H-imidazolium L-serinate,CCn1cc[n+](C)c1.N[C@@H](CO)C(=O)[O-],333.15,101.325,ElectricalConductivity,0.41200003,0.03317624,0.3788238,test,Balanced IL,Balanced,C,Electrical conductivity multi-split parity plot,True
4654,3-ethyl-1-methyl-1H-imidazolium L-serinate,CCn1cc[n+](C)c1.N[C@@H](CO)C(=O)[O-],338.15,101.325,ElectricalConductivity,0.498,0.064516276,0.43348372,test,Balanced IL,Balanced,C,Electrical conductivity multi-split parity plot,True
1697,3-hexyl-1-methylimidazolium tricyanomethanide,CCCCCCn1cc[n+](C)c1.N#C[C-](C#N)C#N,183.2,100.0,ElectricalConductivity,5.4178884e-14,-4.979544e-09,4.979598e-09,test,Balanced IL,Balanced,C,Electrical conductivity multi-split parity plot,False
1698,3-hexyl-1-methylimidazolium tricyanomethanide,CCCCCCn1cc[n+](C)c1.N#C[C-](C#N)C#N,185.2,100.0,ElectricalConductivity,1.1191048e-13,-5.164391e-09,5.164503e-09,test,Balanced IL,Balanced,C,Electrical conductivity multi-split parity plot,False
1699,3-hexyl-1-methylimidazolium tricyanomethanide,CCCCCCn1cc[n+](C)c1.N#C[C-](C#N)C#N,187.2,100.0,ElectricalConductivity,3.410605e-13,-5.2537033e-09,5.2540443e-09,test,Balanced IL,Balanced,C,Electrical conductivity multi-split parity plot,False
1700,3-hexyl-1-methylimidazolium tricyanomethanide,CCCCCCn1cc[n+](C)c1.N#C[C-](C#N)C#N,189.2,100.0,ElectricalConductivity,1.5036861e-12,-5.2260662e-09,5.22757e-09,test,Balanced IL,Balanced,C,Electrical conductivity multi-split parity plot,False
1701,3-hexyl-1-methylimidazolium tricyanomethanide,CCCCCCn1cc[n+](C)c1.N#C[C-](C#N)C#N,191.2,100.0,ElectricalConductivity,9.099388e-12,-5.0464783e-09,5.0555777e-09,test,Balanced IL,Balanced,C,Electrical conductivity multi-split parity plot,False
1702,3-hexyl-1-methylimidazolium tricyanomethanide,CCCCCCn1cc[n+](C)c1.N#C[C-](C#N)C#N,193.2,100.0,ElectricalConductivity,6.599876e-11,-4.6559663e-09,4.721965e-09,test,Balanced IL,Balanced,C,Electrical conductivity multi-split parity plot,False
1703,3-hexyl-1-methylimidazolium tricyanomethanide,CCCCCCn1cc[n+](C)c1.N#C[C-](C#N)C#N,195.2,100.0,ElectricalConductivity,3.4999204e-10,-3.951919e-09,4.301911e-09,test,Balanced IL,Balanced,C,Electrical conductivity multi-split parity plot,False
1704,3-hexyl-1-methylimidazolium tricyanomethanide,CCCCCCn1cc[n+](C)c1.N#C[C-](C#N)C#N,197.2,100.0,ElectricalConductivity,1.6000001e-09,-2.7488065e-09,4.3488066e-09,test,Balanced IL,Balanced,C,Electrical conductivity multi-split parity plot,False
1705,3-hexyl-1-methylimidazolium tricyanomethanide,CCCCCCn1cc[n+](C)c1.N#C[C-](C#N)C#N,199.2,100.0,ElectricalConductivity,6.7999855e-09,-6.9645534e-10,7.496441e-09,test,Balanced IL,Balanced,C,Electrical conductivity multi-split parity plot,False
1706,3-hexyl-1-methylimidazolium tricyanomethanide,CCCCCCn1cc[n+](C)c1.N#C[C-](C#N)C#N,201.2,100.0,ElectricalConductivity,2.1999988e-08,2.8989424e-09,1.9101044e-08,test,Balanced IL,Balanced,C,Electrical conductivity multi-split parity plot,True
1707,3-hexyl-1-methylimidazolium tricyanomethanide,CCCCCCn1cc[n+](C)c1.N#C[C-](C#N)C#N,203.2,100.0,ElectricalConductivity,7.05e-08,9.482265e-09,6.101774e-08,test,Balanced IL,Balanced,C,Electrical conductivity multi-split parity plot,True
1708,3-hexyl-1-methylimidazolium tricyanomethanide,CCCCCCn1cc[n+](C)c1.N#C[C-](C#N)C#N,205.2,100.0,ElectricalConductivity,2.0999998e-07,2.2216973e-08,1.87783e-07,test,Balanced IL,Balanced,C,Electrical conductivity multi-split parity plot,True
1709,3-hexyl-1-methylimidazolium tricyanomethanide,CCCCCCn1cc[n+](C)c1.N#C[C-](C#N)C#N,207.2,100.0,ElectricalConductivity,4.999999e-07,4.8353645e-08,4.5164623e-07,test,Balanced IL,Balanced,C,Electrical conductivity multi-split parity plot,True
1710,3-hexyl-1-methylimidazolium tricyanomethanide,CCCCCCn1cc[n+](C)c1.N#C[C-](C#N)C#N,209.2,100.0,ElectricalConductivity,1.1999987e-06,1.0513862e-07,1.0948601e-06,test,Balanced IL,Balanced,C,Electrical conductivity multi-split parity plot,True
1711,3-hexyl-1-methylimidazolium tricyanomethanide,CCCCCCn1cc[n+](C)c1.N#C[C-](C#N)C#N,211.2,100.0,ElectricalConductivity,2.5000036e-06,2.3456765e-07,2.265436e-06,test,Balanced IL,Balanced,C,Electrical conductivity multi-split parity plot,True
1712,3-hexyl-1-methylimidazolium tricyanomethanide,CCCCCCn1cc[n+](C)c1.N#C[C-](C#N)C#N,213.2,100.0,ElectricalConductivity,5.0499993e-06,5.394078e-07,4.5105917e-06,test,Balanced IL,Balanced,C,Electrical conductivity multi-split parity plot,True
1713,3-hexyl-1-methylimidazolium tricyanomethanide,CCCCCCn1cc[n+](C)c1.N#C[C-](C#N)C#N,215.2,100.0,ElectricalConductivity,9.800009e-06,1.267024e-06,8.532985e-06,test,Balanced IL,Balanced,C,Electrical conductivity multi-split parity plot,True
1714,3-hexyl-1-methylimidazolium tricyanomethanide,CCCCCCn1cc[n+](C)c1.N#C[C-](C#N)C#N,217.2,100.0,ElectricalConductivity,1.8e-05,2.9897321e-06,1.5010269e-05,test,Balanced IL,Balanced,C,Electrical conductivity multi-split parity plot,True
1715,3-hexyl-1-methylimidazolium tricyanomethanide,CCCCCCn1cc[n+](C)c1.N#C[C-](C#N)C#N,219.2,100.0,ElectricalConductivity,3.0000012e-05,6.953075e-06,2.3046938e-05,test,Balanced IL,Balanced,C,Electrical conductivity multi-split parity plot,True
1716,3-hexyl-1-methylimidazolium tricyanomethanide,CCCCCCn1cc[n+](C)c1.N#C[C-](C#N)C#N,221.2,100.0,ElectricalConductivity,5.100001e-05,1.5660744e-05,3.5339268e-05,test,Balanced IL,Balanced,C,Electrical conductivity multi-split parity plot,True
1717,3-hexyl-1-methylimidazolium tricyanomethanide,CCCCCCn1cc[n+](C)c1.N#C[C-](C#N)C#N,223.2,100.0,ElectricalConductivity,8.8999965e-05,3.369951e-05,5.5300454e-05,test,Balanced IL,Balanced,C,Electrical conductivity multi-split parity plot,True
1720,3-hexyl-1-methylimidazolium tricyanomethanide,CCCCCCn1cc[n+](C)c1.N#C[C-](C#N)C#N,228.2,100.0,ElectricalConductivity,0.00026999976,0.00017886961,9.113015e-05,test,Balanced IL,Balanced,C,Electrical conductivity multi-split parity plot,True
1723,3-hexyl-1-methylimidazolium tricyanomethanide,CCCCCCn1cc[n+](C)c1.N#C[C-](C#N)C#N,233.2,100.0,ElectricalConductivity,0.000655,0.000663033,8.033006e-06,test,Balanced IL,Balanced,C,Electrical conductivity multi-split parity plot,True
1726,3-hexyl-1-methylimidazolium tricyanomethanide,CCCCCCn1cc[n+](C)c1.N#C[C-](C#N)C#N,238.2,100.0,ElectricalConductivity,0.0015999997,0.0018221537,0.00022215396,test,Balanced IL,Balanced,C,Electrical conductivity multi-split parity plot,True
1729,3-hexyl-1-methylimidazolium tricyanomethanide,CCCCCCn1cc[n+](C)c1.N#C[C-](C#N)C#N,243.2,100.0,ElectricalConductivity,0.0032000004,0.004154487,0.00095448666,test,Balanced IL,Balanced,C,Electrical conductivity multi-split parity plot,True
1730,3-hexyl-1-methylimidazolium tricyanomethanide,CCCCCCn1cc[n+](C)c1.N#C[C-](C#N)C#N,248.2,100.0,ElectricalConductivity,0.0063000005,0.007985056,0.0016850559,test,Balanced IL,Balanced,C,Electrical conductivity multi-split parity plot,True
1731,3-hexyl-1-methylimidazolium tricyanomethanide,CCCCCCn1cc[n+](C)c1.N#C[C-](C#N)C#N,253.2,100.0,ElectricalConductivity,0.011,0.01390937,0.0029093698,test,Balanced IL,Balanced,C,Electrical conductivity multi-split parity plot,True
1732,3-hexyl-1-methylimidazolium tricyanomethanide,CCCCCCn1cc[n+](C)c1.N#C[C-](C#N)C#N,258.2,100.0,ElectricalConductivity,0.018999996,0.0226794,0.003679404,test,Balanced IL,Balanced,C,Electrical conductivity multi-split parity plot,True
1733,3-hexyl-1-methylimidazolium tricyanomethanide,CCCCCCn1cc[n+](C)c1.N#C[C-](C#N)C#N,263.2,100.0,ElectricalConductivity,0.030000005,0.035336222,0.0053362176,test,Balanced IL,Balanced,C,Electrical conductivity multi-split parity plot,True
1734,3-hexyl-1-methylimidazolium tricyanomethanide,CCCCCCn1cc[n+](C)c1.N#C[C-](C#N)C#N,268.2,100.0,ElectricalConductivity,0.04699999,0.053229783,0.006229792,test,Balanced IL,Balanced,C,Electrical conductivity multi-split parity plot,True
1735,3-hexyl-1-methylimidazolium tricyanomethanide,CCCCCCn1cc[n+](C)c1.N#C[C-](C#N)C#N,273.2,100.0,ElectricalConductivity,0.06849999,0.07795553,0.009455539,test,Balanced IL,Balanced,C,Electrical conductivity multi-split parity plot,True
1736,3-hexyl-1-methylimidazolium tricyanomethanide,CCCCCCn1cc[n+](C)c1.N#C[C-](C#N)C#N,278.2,100.0,ElectricalConductivity,0.09999999,0.11121406,0.01121407,test,Balanced IL,Balanced,C,Electrical conductivity multi-split parity plot,True
1740,3-hexyl-1-methylimidazolium tricyanomethanide,CCCCCCn1cc[n+](C)c1.N#C[C-](C#N)C#N,283.2,100.0,ElectricalConductivity,0.14,0.15462604,0.014626041,test,Balanced IL,Balanced,C,Electrical conductivity multi-split parity plot,True
1743,3-hexyl-1-methylimidazolium tricyanomethanide,CCCCCCn1cc[n+](C)c1.N#C[C-](C#N)C#N,288.2,100.0,ElectricalConductivity,0.19000001,0.20955285,0.019552842,test,Balanced IL,Balanced,C,Electrical conductivity multi-split parity plot,True
1746,3-hexyl-1-methylimidazolium tricyanomethanide,CCCCCCn1cc[n+](C)c1.N#C[C-](C#N)C#N,293.2,100.0,ElectricalConductivity,0.25499997,0.27697328,0.021973312,test,Balanced IL,Balanced,C,Electrical conductivity multi-split parity plot,True
1750,3-hexyl-1-methylimidazolium tricyanomethanide,CCCCCCn1cc[n+](C)c1.N#C[C-](C#N)C#N,298.2,100.0,ElectricalConductivity,0.35,0.35744062,0.0074406266,test,Balanced IL,Balanced,C,Electrical conductivity multi-split parity plot,True
1753,3-hexyl-1-methylimidazolium tricyanomethanide,CCCCCCn1cc[n+](C)c1.N#C[C-](C#N)C#N,303.2,100.0,ElectricalConductivity,0.45999998,0.4511191,0.008880883,test,Balanced IL,Balanced,C,Electrical conductivity multi-split parity plot,True
1757,3-hexyl-1-methylimidazolium tricyanomethanide,CCCCCCn1cc[n+](C)c1.N#C[C-](C#N)C#N,308.2,100.0,ElectricalConductivity,0.6000001,0.55786735,0.042132735,test,Balanced IL,Balanced,C,Electrical conductivity multi-split parity plot,True
1761,3-hexyl-1-methylimidazolium tricyanomethanide,CCCCCCn1cc[n+](C)c1.N#C[C-](C#N)C#N,313.2,100.0,ElectricalConductivity,0.77500004,0.6773417,0.097658336,test,Balanced IL,Balanced,C,Electrical conductivity multi-split parity plot,True
1764,3-hexyl-1-methylimidazolium tricyanomethanide,CCCCCCn1cc[n+](C)c1.N#C[C-](C#N)C#N,318.2,100.0,ElectricalConductivity,0.89,0.80908865,0.08091134,test,Balanced IL,Balanced,C,Electrical conductivity multi-split parity plot,True
1768,3-hexyl-1-methylimidazolium tricyanomethanide,CCCCCCn1cc[n+](C)c1.N#C[C-](C#N)C#N,323.2,100.0,ElectricalConductivity,1.1,0.9526179,0.14738214,test,Balanced IL,Balanced,C,Electrical conductivity multi-split parity plot,True
1771,3-hexyl-1-methylimidazolium tricyanomethanide,CCCCCCn1cc[n+](C)c1.N#C[C-](C#N)C#N,328.2,100.0,ElectricalConductivity,1.3000001,1.1074511,0.19254899,test,Balanced IL,Balanced,C,Electrical conductivity multi-split parity plot,True
1775,3-hexyl-1-methylimidazolium tricyanomethanide,CCCCCCn1cc[n+](C)c1.N#C[C-](C#N)C#N,333.2,100.0,ElectricalConductivity,1.5,1.2731448,0.22685516,test,Balanced IL,Balanced,C,Electrical conductivity multi-split parity plot,True
1999,"N,N-diethyl-N-methylbutan-1-aminium bis((trifluoromethyl)sulfonyl)amide",CCCC[N+](C)(CC)CC.O=S(=O)([N-]S(=O)(=O)C(F)(F)F)C(F)(F)F,298.1,101.325,ElectricalConductivity,0.16,0.13915831,0.020841688,test,Balanced IL,Balanced,C,Electrical conductivity multi-split parity plot,True
2003,"N,N-diethyl-N-methylbutan-1-aminium bis((trifluoromethyl)sulfonyl)amide",CCCC[N+](C)(CC)CC.O=S(=O)([N-]S(=O)(=O)C(F)(F)F)C(F)(F)F,308.1,101.325,ElectricalConductivity,0.28,0.238725,0.041274995,test,Balanced IL,Balanced,C,Electrical conductivity multi-split parity plot,True
3363,N-methyl-N-propylpropan-1-aminium trifluoromethanesulfonate,CCC[NH+](C)CCC.O=S(=O)([O-])C(F)(F)F,303.0,101.325,ElectricalConductivity,0.415,0.24947354,0.16552645,test,Balanced IL,Balanced,C,Electrical conductivity multi-split parity plot,True
3366,N-methyl-N-propylpropan-1-aminium trifluoromethanesulfonate,CCC[NH+](C)CCC.O=S(=O)([O-])C(F)(F)F,323.0,101.325,ElectricalConductivity,0.7720001,0.5711865,0.20081359,test,Balanced IL,Balanced,C,Electrical conductivity multi-split parity plot,True
3367,N-methyl-N-propylpropan-1-aminium trifluoromethanesulfonate,CCC[NH+](C)CCC.O=S(=O)([O-])C(F)(F)F,343.0,101.325,ElectricalConductivity,1.23,1.0136799,0.21632016,test,Balanced IL,Balanced,C,Electrical conductivity multi-split parity plot,True
3368,N-methyl-N-propylpropan-1-aminium trifluoromethanesulfonate,CCC[NH+](C)CCC.O=S(=O)([O-])C(F)(F)F,363.0,101.325,ElectricalConductivity,1.8099998,1.5398703,0.27012956,test,Balanced IL,Balanced,C,Electrical conductivity multi-split parity plot,True
3369,N-methyl-N-propylpropan-1-aminium trifluoromethanesulfonate,CCC[NH+](C)CCC.O=S(=O)([O-])C(F)(F)F,383.1,101.325,ElectricalConductivity,2.48,2.124899,0.3551011,test,Balanced IL,Balanced,C,Electrical conductivity multi-split parity plot,True
3370,N-methyl-N-propylpropan-1-aminium trifluoromethanesulfonate,CCC[NH+](C)CCC.O=S(=O)([O-])C(F)(F)F,403.1,101.325,ElectricalConductivity,3.18,2.7371287,0.44287133,test,Balanced IL,Balanced,C,Electrical conductivity multi-split parity plot,True
3371,N-methyl-N-propylpropan-1-aminium trifluoromethanesulfonate,CCC[NH+](C)CCC.O=S(=O)([O-])C(F)(F)F,423.1,101.325,ElectricalConductivity,4.04,3.3500915,0.6899085,test,Balanced IL,Balanced,C,Electrical conductivity multi-split parity plot,True
3372,N-methyl-N-propylpropan-1-aminium trifluoromethanesulfonate,CCC[NH+](C)CCC.O=S(=O)([O-])C(F)(F)F,443.1,101.325,ElectricalConductivity,4.880002,4.20627,0.6737318,test,Balanced IL,Balanced,C,Electrical conductivity multi-split parity plot,True
2039,Tributylmethylphosphonium bis[(trifluoromethyl)sulfonyl]imide,CCCC[P+](C)(CCCC)CCCC.O=S(=O)([N-]S(=O)(=O)C(F)(F)F)C(F)(F)F,293.15,101.325,ElectricalConductivity,0.036699995,0.093870096,0.0571701,test,Balanced IL,Balanced,C,Electrical conductivity multi-split parity plot,True
2041,Tributylmethylphosphonium bis[(trifluoromethyl)sulfonyl]imide,CCCC[P+](C)(CCCC)CCCC.O=S(=O)([N-]S(=O)(=O)C(F)(F)F)C(F)(F)F,303.15,101.325,ElectricalConductivity,0.074300006,0.16410543,0.089805424,test,Balanced IL,Balanced,C,Electrical conductivity multi-split parity plot,True
2043,Tributylmethylphosphonium bis[(trifluoromethyl)sulfonyl]imide,CCCC[P+](C)(CCCC)CCCC.O=S(=O)([N-]S(=O)(=O)C(F)(F)F)C(F)(F)F,313.15,101.325,ElectricalConductivity,0.12300002,0.2726565,0.14965647,test,Balanced IL,Balanced,C,Electrical conductivity multi-split parity plot,True
2045,Tributylmethylphosphonium bis[(trifluoromethyl)sulfonyl]imide,CCCC[P+](C)(CCCC)CCCC.O=S(=O)([N-]S(=O)(=O)C(F)(F)F)C(F)(F)F,323.15,101.325,ElectricalConductivity,0.18699999,0.4242022,0.23720221,test,Balanced IL,Balanced,C,Electrical conductivity multi-split parity plot,True
2047,Tributylmethylphosphonium bis[(trifluoromethyl)sulfonyl]imide,CCCC[P+](C)(CCCC)CCCC.O=S(=O)([N-]S(=O)(=O)C(F)(F)F)C(F)(F)F,333.15,101.325,ElectricalConductivity,0.279,0.617206,0.33820596,test,Balanced IL,Balanced,C,Electrical conductivity multi-split parity plot,True
2049,Tributylmethylphosphonium bis[(trifluoromethyl)sulfonyl]imide,CCCC[P+](C)(CCCC)CCCC.O=S(=O)([N-]S(=O)(=O)C(F)(F)F)C(F)(F)F,343.15,101.325,ElectricalConductivity,0.40500003,0.8461052,0.4411052,test,Balanced IL,Balanced,C,Electrical conductivity multi-split parity plot,True
4305,tetraethylammonium difluorobis(trifluoroacetato)borate,CC[N+](CC)(CC)CC.O=C(O[B-](F)(F)OC(=O)C(F)(F)F)C(F)(F)F,268.15,101.325,ElectricalConductivity,0.09713999,0.020099303,0.07704069,test,Balanced IL,Balanced,C,Electrical conductivity multi-split parity plot,True
4307,tetraethylammonium difluorobis(trifluoroacetato)borate,CC[N+](CC)(CC)CC.O=C(O[B-](F)(F)OC(=O)C(F)(F)F)C(F)(F)F,278.15,101.325,ElectricalConductivity,0.17559999,0.042838674,0.13276131,test,Balanced IL,Balanced,C,Electrical conductivity multi-split parity plot,True
4309,tetraethylammonium difluorobis(trifluoroacetato)borate,CC[N+](CC)(CC)CC.O=C(O[B-](F)(F)OC(=O)C(F)(F)F)C(F)(F)F,288.15,101.325,ElectricalConductivity,0.28650004,0.0780423,0.20845774,test,Balanced IL,Balanced,C,Electrical conductivity multi-split parity plot,True
4311,tetraethylammonium difluorobis(trifluoroacetato)borate,CC[N+](CC)(CC)CC.O=C(O[B-](F)(F)OC(=O)C(F)(F)F)C(F)(F)F,298.15,101.325,ElectricalConductivity,0.4341,0.13414031,0.2999597,test,Balanced IL,Balanced,C,Electrical conductivity multi-split parity plot,True
4312,tetraethylammonium difluorobis(trifluoroacetato)borate,CC[N+](CC)(CC)CC.O=C(O[B-](F)(F)OC(=O)C(F)(F)F)C(F)(F)F,303.15,101.325,ElectricalConductivity,0.5223,0.17414069,0.3481593,test,Balanced IL,Balanced,C,Electrical conductivity multi-split parity plot,True
4313,tetraethylammonium difluorobis(trifluoroacetato)borate,CC[N+](CC)(CC)CC.O=C(O[B-](F)(F)OC(=O)C(F)(F)F)C(F)(F)F,313.15,101.325,ElectricalConductivity,0.7279001,0.28797013,0.43992996,test,Balanced IL,Balanced,C,Electrical conductivity multi-split parity plot,True
4314,tetraethylammonium difluorobis(trifluoroacetato)borate,CC[N+](CC)(CC)CC.O=C(O[B-](F)(F)OC(=O)C(F)(F)F)C(F)(F)F,323.15,101.325,ElectricalConductivity,0.97230005,0.45836276,0.5139373,test,Balanced IL,Balanced,C,Electrical conductivity multi-split parity plot,True
4315,tetraethylammonium difluorobis(trifluoroacetato)borate,CC[N+](CC)(CC)CC.O=C(O[B-](F)(F)OC(=O)C(F)(F)F)C(F)(F)F,333.15,101.325,ElectricalConductivity,1.2535,0.6921181,0.5613819,test,Balanced IL,Balanced,C,Electrical conductivity multi-split parity plot,True
4316,tetraethylammonium difluorobis(trifluoroacetato)borate,CC[N+](CC)(CC)CC.O=C(O[B-](F)(F)OC(=O)C(F)(F)F)C(F)(F)F,343.15,101.325,ElectricalConductivity,1.5696999,0.9869009,0.58279896,test,Balanced IL,Balanced,C,Electrical conductivity multi-split parity plot,True
4317,tetraethylammonium difluorobis(trifluoroacetato)borate,CC[N+](CC)(CC)CC.O=C(O[B-](F)(F)OC(=O)C(F)(F)F)C(F)(F)F,353.15,101.325,ElectricalConductivity,1.9146998,1.3341227,0.58057714,test,Balanced IL,Balanced,C,Electrical conductivity multi-split parity plot,True
1093,tributyldodecylphosphonium bis(trifluoromethylsulfonyl)imide,CCCCCCCCCCCC[P+](CCCC)(CCCC)CCCC.O=S(=O)([N-]S(=O)(=O)C(F)(F)F)C(F)(F)F,298.1,101.325,ElectricalConductivity,0.015999999,0.010782366,0.005217633,test,Balanced IL,Balanced,C,Electrical conductivity multi-split parity plot,True
2013,tributylmethylammonium methanesulfonate,CCCC[N+](C)(CCCC)CCCC.CS(=O)(=O)[O-],393.1,101.325,ElectricalConductivity,0.37199995,0.50159144,0.1295915,test,Balanced IL,Balanced,C,Electrical conductivity multi-split parity plot,True
2015,tributylmethylammonium phenyltrifluoroborate,CCCC[N+](C)(CCCC)CCCC.F[B-](F)(F)c1ccccc1,303.0,101.325,ElectricalConductivity,0.0111,0.09323059,0.08213059,test,Balanced IL,Balanced,C,Electrical conductivity multi-split parity plot,True
2016,tributylmethylammonium phenyltrifluoroborate,CCCC[N+](C)(CCCC)CCCC.F[B-](F)(F)c1ccccc1,308.0,101.325,ElectricalConductivity,0.015999999,0.12230011,0.106300116,test,Balanced IL,Balanced,C,Electrical conductivity multi-split parity plot,True
2017,tributylmethylammonium phenyltrifluoroborate,CCCC[N+](C)(CCCC)CCCC.F[B-](F)(F)c1ccccc1,313.0,101.325,ElectricalConductivity,0.02199999,0.15772052,0.13572054,test,Balanced IL,Balanced,C,Electrical conductivity multi-split parity plot,True
2018,tributylmethylammonium phenyltrifluoroborate,CCCC[N+](C)(CCCC)CCCC.F[B-](F)(F)c1ccccc1,318.0,101.325,ElectricalConductivity,0.033000004,0.19984369,0.16684368,test,Balanced IL,Balanced,C,Electrical conductivity multi-split parity plot,True
2019,tributylmethylammonium phenyltrifluoroborate,CCCC[N+](C)(CCCC)CCCC.F[B-](F)(F)c1ccccc1,323.0,101.325,ElectricalConductivity,0.041999996,0.24885604,0.20685604,test,Balanced IL,Balanced,C,Electrical conductivity multi-split parity plot,True
2020,tributylmethylammonium phenyltrifluoroborate,CCCC[N+](C)(CCCC)CCCC.F[B-](F)(F)c1ccccc1,328.0,101.325,ElectricalConductivity,0.057,0.30480707,0.24780707,test,Balanced IL,Balanced,C,Electrical conductivity multi-split parity plot,True
2021,tributylmethylammonium phenyltrifluoroborate,CCCC[N+](C)(CCCC)CCCC.F[B-](F)(F)c1ccccc1,333.0,101.325,ElectricalConductivity,0.076000005,0.37195235,0.29595235,test,Balanced IL,Balanced,C,Electrical conductivity multi-split parity plot,True
2022,tributylmethylammonium phenyltrifluoroborate,CCCC[N+](C)(CCCC)CCCC.F[B-](F)(F)c1ccccc1,338.0,101.325,ElectricalConductivity,0.09999999,0.44233504,0.34233505,test,Balanced IL,Balanced,C,Electrical conductivity multi-split parity plot,True
2023,tributylmethylammonium phenyltrifluoroborate,CCCC[N+](C)(CCCC)CCCC.F[B-](F)(F)c1ccccc1,343.0,101.325,ElectricalConductivity,0.13099998,0.519426,0.388426,test,Balanced IL,Balanced,C,Electrical conductivity multi-split parity plot,True
2024,tributylmethylammonium phenyltrifluoroborate,CCCC[N+](C)(CCCC)CCCC.F[B-](F)(F)c1ccccc1,348.0,101.325,ElectricalConductivity,0.16800001,0.603032,0.43503198,test,Balanced IL,Balanced,C,Electrical conductivity multi-split parity plot,True
2025,tributylmethylammonium phenyltrifluoroborate,CCCC[N+](C)(CCCC)CCCC.F[B-](F)(F)c1ccccc1,353.0,101.325,ElectricalConductivity,0.22699998,0.69293594,0.46593595,test,Balanced IL,Balanced,C,Electrical conductivity multi-split parity plot,True
1248,tributyloctylphosphonium tris(pentafluoroethyl)trifluorophosphate,CCCCCCCC[P+](CCCC)(CCCC)CCCC.FC(F)(F)C(F)(F)[P-](F)(F)(F)(C(F)(F)C(F)(F)F)C(F)(F)C(F)(F)F,298.4,101.325,ElectricalConductivity,0.024,0.021923982,0.0020760186,test,Balanced IL,Balanced,C,Electrical conductivity multi-split parity plot,True
1251,tributyloctylphosphonium tris(pentafluoroethyl)trifluorophosphate,CCCCCCCC[P+](CCCC)(CCCC)CCCC.FC(F)(F)C(F)(F)[P-](F)(F)(F)(C(F)(F)C(F)(F)F)C(F)(F)C(F)(F)F,303.6,101.325,ElectricalConductivity,0.032000005,0.027946603,0.0040534027,test,Balanced IL,Balanced,C,Electrical conductivity multi-split parity plot,True
1254,tributyloctylphosphonium tris(pentafluoroethyl)trifluorophosphate,CCCCCCCC[P+](CCCC)(CCCC)CCCC.FC(F)(F)C(F)(F)[P-](F)(F)(F)(C(F)(F)C(F)(F)F)C(F)(F)C(F)(F)F,308.4,101.325,ElectricalConductivity,0.039,0.03530402,0.0036959797,test,Balanced IL,Balanced,C,Electrical conductivity multi-split parity plot,True
1257,tributyloctylphosphonium tris(pentafluoroethyl)trifluorophosphate,CCCCCCCC[P+](CCCC)(CCCC)CCCC.FC(F)(F)C(F)(F)[P-](F)(F)(F)(C(F)(F)C(F)(F)F)C(F)(F)C(F)(F)F,313.4,101.325,ElectricalConductivity,0.052000005,0.045404553,0.0065954514,test,Balanced IL,Balanced,C,Electrical conductivity multi-split parity plot,True
1260,tributyloctylphosphonium tris(pentafluoroethyl)trifluorophosphate,CCCCCCCC[P+](CCCC)(CCCC)CCCC.FC(F)(F)C(F)(F)[P-](F)(F)(F)(C(F)(F)C(F)(F)F)C(F)(F)C(F)(F)F,318.6,101.325,ElectricalConductivity,0.063,0.05930883,0.0036911704,test,Balanced IL,Balanced,C,Electrical conductivity multi-split parity plot,True
1263,tributyloctylphosphonium tris(pentafluoroethyl)trifluorophosphate,CCCCCCCC[P+](CCCC)(CCCC)CCCC.FC(F)(F)C(F)(F)[P-](F)(F)(F)(C(F)(F)C(F)(F)F)C(F)(F)C(F)(F)F,323.3,101.325,ElectricalConductivity,0.076000005,0.07559576,0.00040424615,test,Balanced IL,Balanced,C,Electrical conductivity multi-split parity plot,True
1266,tributyloctylphosphonium tris(pentafluoroethyl)trifluorophosphate,CCCCCCCC[P+](CCCC)(CCCC)CCCC.FC(F)(F)C(F)(F)[P-](F)(F)(F)(C(F)(F)C(F)(F)F)C(F)(F)C(F)(F)F,328.3,101.325,ElectricalConductivity,0.096999995,0.09760695,0.0006069541,test,Balanced IL,Balanced,C,Electrical conductivity multi-split parity plot,True
1269,tributyloctylphosphonium tris(pentafluoroethyl)trifluorophosphate,CCCCCCCC[P+](CCCC)(CCCC)CCCC.FC(F)(F)C(F)(F)[P-](F)(F)(F)(C(F)(F)C(F)(F)F)C(F)(F)C(F)(F)F,333.3,101.325,ElectricalConductivity,0.117999986,0.12525874,0.007258758,test,Balanced IL,Balanced,C,Electrical conductivity multi-split parity plot,True
1272,tributyloctylphosphonium tris(pentafluoroethyl)trifluorophosphate,CCCCCCCC[P+](CCCC)(CCCC)CCCC.FC(F)(F)C(F)(F)[P-](F)(F)(F)(C(F)(F)C(F)(F)F)C(F)(F)C(F)(F)F,338.4,101.325,ElectricalConductivity,0.137,0.16006605,0.023066059,test,Balanced IL,Balanced,C,Electrical conductivity multi-split parity plot,True
1275,tributyloctylphosphonium tris(pentafluoroethyl)trifluorophosphate,CCCCCCCC[P+](CCCC)(CCCC)CCCC.FC(F)(F)C(F)(F)[P-](F)(F)(F)(C(F)(F)C(F)(F)F)C(F)(F)C(F)(F)F,343.3,101.325,ElectricalConductivity,0.162,0.20042525,0.03842525,test,Balanced IL,Balanced,C,Electrical conductivity multi-split parity plot,True
1276,tributyloctylphosphonium tris(pentafluoroethyl)trifluorophosphate,CCCCCCCC[P+](CCCC)(CCCC)CCCC.FC(F)(F)C(F)(F)[P-](F)(F)(F)(C(F)(F)C(F)(F)F)C(F)(F)C(F)(F)F,348.2,101.325,ElectricalConductivity,0.188,0.24803887,0.06003888,test,Balanced IL,Balanced,C,Electrical conductivity multi-split parity plot,True
1279,tributyloctylphosphonium tris(pentafluoroethyl)trifluorophosphate,CCCCCCCC[P+](CCCC)(CCCC)CCCC.FC(F)(F)C(F)(F)[P-](F)(F)(F)(C(F)(F)C(F)(F)F)C(F)(F)C(F)(F)F,353.4,101.325,ElectricalConductivity,0.22300002,0.3068412,0.083841175,test,Balanced IL,Balanced,C,Electrical conductivity multi-split parity plot,True
1281,tributyloctylphosphonium tris(pentafluoroethyl)trifluorophosphate,CCCCCCCC[P+](CCCC)(CCCC)CCCC.FC(F)(F)C(F)(F)[P-](F)(F)(F)(C(F)(F)C(F)(F)F)C(F)(F)C(F)(F)F,358.2,101.325,ElectricalConductivity,0.251,0.3688205,0.1178205,test,Balanced IL,Balanced,C,Electrical conductivity multi-split parity plot,True
1283,tributyloctylphosphonium tris(pentafluoroethyl)trifluorophosphate,CCCCCCCC[P+](CCCC)(CCCC)CCCC.FC(F)(F)C(F)(F)[P-](F)(F)(F)(C(F)(F)C(F)(F)F)C(F)(F)C(F)(F)F,363.3,101.325,ElectricalConductivity,0.291,0.442741,0.151741,test,Balanced IL,Balanced,C,Electrical conductivity multi-split parity plot,True
5524,triethylammonium dihydrogenphosphate,P(=O)(O)(O)[O-].C(C)[NH+](CC)CC,298.0,101.325,ElectricalConductivity,0.0012000002,0.23662637,0.23542637,test,Balanced IL,Balanced,C,Electrical conductivity multi-split parity plot,True
5527,triethylammonium dihydrogenphosphate,P(=O)(O)(O)[O-].C(C)[NH+](CC)CC,308.0,101.325,ElectricalConductivity,0.0030999999,0.35040867,0.34730867,test,Balanced IL,Balanced,C,Electrical conductivity multi-split parity plot,True
5530,triethylammonium dihydrogenphosphate,P(=O)(O)(O)[O-].C(C)[NH+](CC)CC,318.0,101.325,ElectricalConductivity,0.0070999973,0.4895862,0.48248622,test,Balanced IL,Balanced,C,Electrical conductivity multi-split parity plot,True
5531,triethylammonium dihydrogenphosphate,P(=O)(O)(O)[O-].C(C)[NH+](CC)CC,327.9,101.325,ElectricalConductivity,0.013800002,0.65169764,0.6378976,test,Balanced IL,Balanced,C,Electrical conductivity multi-split parity plot,True
5535,triethylammonium dihydrogenphosphate,P(=O)(O)(O)[O-].C(C)[NH+](CC)CC,338.2,101.325,ElectricalConductivity,0.030499997,0.8371326,0.8066326,test,Balanced IL,Balanced,C,Electrical conductivity multi-split parity plot,True
5536,triethylammonium dihydrogenphosphate,P(=O)(O)(O)[O-].C(C)[NH+](CC)CC,343.0,101.325,ElectricalConductivity,0.041400008,0.9372069,0.8958069,test,Balanced IL,Balanced,C,Electrical conductivity multi-split parity plot,True
5538,triethylammonium dihydrogenphosphate,P(=O)(O)(O)[O-].C(C)[NH+](CC)CC,348.0,101.325,ElectricalConductivity,0.054,1.047893,0.993893,test,Balanced IL,Balanced,C,Electrical conductivity multi-split parity plot,True
5541,triethylammonium dihydrogenphosphate,P(=O)(O)(O)[O-].C(C)[NH+](CC)CC,353.1,101.325,ElectricalConductivity,0.070999995,1.1676285,1.0966285,test,Balanced IL,Balanced,C,Electrical conductivity multi-split parity plot,True
5543,triethylammonium dihydrogenphosphate,P(=O)(O)(O)[O-].C(C)[NH+](CC)CC,358.1,101.325,ElectricalConductivity,0.09200001,1.291789,1.199789,test,Balanced IL,Balanced,C,Electrical conductivity multi-split parity plot,True
5544,triethylammonium dihydrogenphosphate,P(=O)(O)(O)[O-].C(C)[NH+](CC)CC,378.2,101.325,ElectricalConductivity,0.24000001,1.8597652,1.6197652,test,Balanced IL,Balanced,C,Electrical conductivity multi-split parity plot,True
5545,triethylammonium dihydrogenphosphate,P(=O)(O)(O)[O-].C(C)[NH+](CC)CC,393.2,101.325,ElectricalConductivity,0.45899996,2.3555887,1.8965887,test,Balanced IL,Balanced,C,Electrical conductivity multi-split parity plot,True
1393,triethylheptylammonium bis[(trifluoromethyl)sulfonyl]imide,CCCCCCC[N+](CC)(CC)CC.O=S(=O)([N-]S(=O)(=O)C(F)(F)F)C(F)(F)F,298.1,101.325,ElectricalConductivity,0.050999995,0.065914005,0.01491401,test,Balanced IL,Balanced,C,Electrical conductivity multi-split parity plot,True
1395,triethylheptylammonium bis[(trifluoromethyl)sulfonyl]imide,CCCCCCC[N+](CC)(CC)CC.O=S(=O)([N-]S(=O)(=O)C(F)(F)F)C(F)(F)F,299.75,101.325,ElectricalConductivity,0.08600001,0.072632976,0.0133670345,test,Balanced IL,Balanced,C,Electrical conductivity multi-split parity plot,True
1398,triethylheptylammonium bis[(trifluoromethyl)sulfonyl]imide,CCCCCCC[N+](CC)(CC)CC.O=S(=O)([N-]S(=O)(=O)C(F)(F)F)C(F)(F)F,303.65,101.325,ElectricalConductivity,0.10999999,0.091117114,0.018882878,test,Balanced IL,Balanced,C,Electrical conductivity multi-split parity plot,True
1399,triethylheptylammonium bis[(trifluoromethyl)sulfonyl]imide,CCCCCCC[N+](CC)(CC)CC.O=S(=O)([N-]S(=O)(=O)C(F)(F)F)C(F)(F)F,308.15,101.325,ElectricalConductivity,0.148,0.117548384,0.030451618,test,Balanced IL,Balanced,C,Electrical conductivity multi-split parity plot,True
1401,triethylheptylammonium bis[(trifluoromethyl)sulfonyl]imide,CCCCCCC[N+](CC)(CC)CC.O=S(=O)([N-]S(=O)(=O)C(F)(F)F)C(F)(F)F,312.85,101.325,ElectricalConductivity,0.18399997,0.1517171,0.032282874,test,Balanced IL,Balanced,C,Electrical conductivity multi-split parity plot,True
1404,triethylheptylammonium bis[(trifluoromethyl)sulfonyl]imide,CCCCCCC[N+](CC)(CC)CC.O=S(=O)([N-]S(=O)(=O)C(F)(F)F)C(F)(F)F,318.25,101.325,ElectricalConductivity,0.22800003,0.20000218,0.027997851,test,Balanced IL,Balanced,C,Electrical conductivity multi-split parity plot,True
1406,triethylheptylammonium bis[(trifluoromethyl)sulfonyl]imide,CCCCCCC[N+](CC)(CC)CC.O=S(=O)([N-]S(=O)(=O)C(F)(F)F)C(F)(F)F,323.05,101.325,ElectricalConductivity,0.275,0.25140604,0.023593962,test,Balanced IL,Balanced,C,Electrical conductivity multi-split parity plot,True
1409,triethylheptylammonium bis[(trifluoromethyl)sulfonyl]imide,CCCCCCC[N+](CC)(CC)CC.O=S(=O)([N-]S(=O)(=O)C(F)(F)F)C(F)(F)F,328.15,101.325,ElectricalConductivity,0.36199996,0.3148369,0.04716307,test,Balanced IL,Balanced,C,Electrical conductivity multi-split parity plot,True
1419,triethylheptylammonium bis[(trifluoromethyl)sulfonyl]imide,CCCCCCC[N+](CC)(CC)CC.O=S(=O)([N-]S(=O)(=O)C(F)(F)F)C(F)(F)F,354.35,101.325,ElectricalConductivity,0.7720001,0.7676097,0.004390359,test,Balanced IL,Balanced,C,Electrical conductivity multi-split parity plot,True
1424,triethylheptylammonium bis[(trifluoromethyl)sulfonyl]imide,CCCCCCC[N+](CC)(CC)CC.O=S(=O)([N-]S(=O)(=O)C(F)(F)F)C(F)(F)F,380.05,101.325,ElectricalConductivity,1.3220003,1.3510736,0.029073358,test,Balanced IL,Balanced,C,Electrical conductivity multi-split parity plot,True
1425,triethylheptylammonium bis[(trifluoromethyl)sulfonyl]imide,CCCCCCC[N+](CC)(CC)CC.O=S(=O)([N-]S(=O)(=O)C(F)(F)F)C(F)(F)F,409.65,101.325,ElectricalConductivity,1.9879999,2.0804915,0.09249163,test,Balanced IL,Balanced,C,Electrical conductivity multi-split parity plot,True
1426,triethylheptylammonium bis[(trifluoromethyl)sulfonyl]imide,CCCCCCC[N+](CC)(CC)CC.O=S(=O)([N-]S(=O)(=O)C(F)(F)F)C(F)(F)F,413.45,101.325,ElectricalConductivity,2.0639997,2.1731217,0.10912204,test,Balanced IL,Balanced,C,Electrical conductivity multi-split parity plot,True
1526,trihexyl(isobutyl)phosphonium bromide,CCCCCC[P+](CCCCCC)(CCCCCC)CC(C)C.[Br-],303.0,101.325,ElectricalConductivity,0.0006900001,0.03795366,0.03726366,test,Balanced IL,Balanced,C,Electrical conductivity multi-split parity plot,True
1527,trihexyl(isobutyl)phosphonium bromide,CCCCCC[P+](CCCCCC)(CCCCCC)CC(C)C.[Br-],313.0,101.325,ElectricalConductivity,0.0012000002,0.05548277,0.05428277,test,Balanced IL,Balanced,C,Electrical conductivity multi-split parity plot,True
1528,trihexyl(isobutyl)phosphonium bromide,CCCCCC[P+](CCCCCC)(CCCCCC)CC(C)C.[Br-],323.0,101.325,ElectricalConductivity,0.0026,0.07994305,0.077343054,test,Balanced IL,Balanced,C,Electrical conductivity multi-split parity plot,True
1529,trihexyl(isobutyl)phosphonium bromide,CCCCCC[P+](CCCCCC)(CCCCCC)CC(C)C.[Br-],333.0,101.325,ElectricalConductivity,0.0048999996,0.114536986,0.109636985,test,Balanced IL,Balanced,C,Electrical conductivity multi-split parity plot,True
1530,trihexyl(isobutyl)phosphonium bromide,CCCCCC[P+](CCCCCC)(CCCCCC)CC(C)C.[Br-],343.0,101.325,ElectricalConductivity,0.0070999973,0.16065246,0.15355246,test,Balanced IL,Balanced,C,Electrical conductivity multi-split parity plot,True
1531,trihexyl(isobutyl)phosphonium bromide,CCCCCC[P+](CCCCCC)(CCCCCC)CC(C)C.[Br-],353.0,101.325,ElectricalConductivity,0.011199992,0.22003372,0.20883372,test,Balanced IL,Balanced,C,Electrical conductivity multi-split parity plot,True
1532,trihexyl(isobutyl)phosphonium bromide,CCCCCC[P+](CCCCCC)(CCCCCC)CC(C)C.[Br-],363.0,101.325,ElectricalConductivity,0.016699998,0.29417884,0.27747884,test,Balanced IL,Balanced,C,Electrical conductivity multi-split parity plot,True
1533,trihexyl(isobutyl)phosphonium bromide,CCCCCC[P+](CCCCCC)(CCCCCC)CC(C)C.[Br-],373.0,101.325,ElectricalConductivity,0.025300002,0.3843206,0.3590206,test,Balanced IL,Balanced,C,Electrical conductivity multi-split parity plot,True
872,trihexyltetradecylphosphonium nonafluorobutanesulfonate,CCCCCCCCCCCCCC[P+](CCCCCC)(CCCCCC)CCCCCC.O=S(=O)([O-])C(F)(F)C(F)(F)C(F)(F)C(F)(F)F,298.3,101.325,ElectricalConductivity,0.0022999996,0.0042156093,0.0019156097,test,Balanced IL,Balanced,C,Electrical conductivity multi-split parity plot,True
876,trihexyltetradecylphosphonium nonafluorobutanesulfonate,CCCCCCCCCCCCCC[P+](CCCCCC)(CCCCCC)CCCCCC.O=S(=O)([O-])C(F)(F)C(F)(F)C(F)(F)C(F)(F)F,303.6,101.325,ElectricalConductivity,0.0032000004,0.0049086357,0.0017086354,test,Balanced IL,Balanced,C,Electrical conductivity multi-split parity plot,True
879,trihexyltetradecylphosphonium nonafluorobutanesulfonate,CCCCCCCCCCCCCC[P+](CCCCCC)(CCCCCC)CCCCCC.O=S(=O)([O-])C(F)(F)C(F)(F)C(F)(F)C(F)(F)F,308.7,101.325,ElectricalConductivity,0.0041999994,0.005755429,0.0015554298,test,Balanced IL,Balanced,C,Electrical conductivity multi-split parity plot,True
882,trihexyltetradecylphosphonium nonafluorobutanesulfonate,CCCCCCCCCCCCCC[P+](CCCCCC)(CCCCCC)CCCCCC.O=S(=O)([O-])C(F)(F)C(F)(F)C(F)(F)C(F)(F)F,313.4,101.325,ElectricalConductivity,0.0055000004,0.006743497,0.0012434968,test,Balanced IL,Balanced,C,Electrical conductivity multi-split parity plot,True
885,trihexyltetradecylphosphonium nonafluorobutanesulfonate,CCCCCCCCCCCCCC[P+](CCCCCC)(CCCCCC)CCCCCC.O=S(=O)([O-])C(F)(F)C(F)(F)C(F)(F)C(F)(F)F,318.1,101.325,ElectricalConductivity,0.006799999,0.007990668,0.0011906684,test,Balanced IL,Balanced,C,Electrical conductivity multi-split parity plot,True
887,trihexyltetradecylphosphonium nonafluorobutanesulfonate,CCCCCCCCCCCCCC[P+](CCCCCC)(CCCCCC)CCCCCC.O=S(=O)([O-])C(F)(F)C(F)(F)C(F)(F)C(F)(F)F,323.4,101.325,ElectricalConductivity,0.008500001,0.0097999,0.0012998991,test,Balanced IL,Balanced,C,Electrical conductivity multi-split parity plot,True
890,trihexyltetradecylphosphonium nonafluorobutanesulfonate,CCCCCCCCCCCCCC[P+](CCCCCC)(CCCCCC)CCCCCC.O=S(=O)([O-])C(F)(F)C(F)(F)C(F)(F)C(F)(F)F,328.5,101.325,ElectricalConductivity,0.010600001,0.012602661,0.0020026602,test,Balanced IL,Balanced,C,Electrical conductivity multi-split parity plot,True
893,trihexyltetradecylphosphonium nonafluorobutanesulfonate,CCCCCCCCCCCCCC[P+](CCCCCC)(CCCCCC)CCCCCC.O=S(=O)([O-])C(F)(F)C(F)(F)C(F)(F)C(F)(F)F,333.6,101.325,ElectricalConductivity,0.013200002,0.015908357,0.002708355,test,Balanced IL,Balanced,C,Electrical conductivity multi-split parity plot,True
896,trihexyltetradecylphosphonium nonafluorobutanesulfonate,CCCCCCCCCCCCCC[P+](CCCCCC)(CCCCCC)CCCCCC.O=S(=O)([O-])C(F)(F)C(F)(F)C(F)(F)C(F)(F)F,338.9,101.325,ElectricalConductivity,0.016400004,0.02039538,0.0039953757,test,Balanced IL,Balanced,C,Electrical conductivity multi-split parity plot,True
898,trihexyltetradecylphosphonium nonafluorobutanesulfonate,CCCCCCCCCCCCCC[P+](CCCCCC)(CCCCCC)CCCCCC.O=S(=O)([O-])C(F)(F)C(F)(F)C(F)(F)C(F)(F)F,343.1,101.325,ElectricalConductivity,0.018999996,0.02490618,0.005906185,test,Balanced IL,Balanced,C,Electrical conductivity multi-split parity plot,True
902,trihexyltetradecylphosphonium nonafluorobutanesulfonate,CCCCCCCCCCCCCC[P+](CCCCCC)(CCCCCC)CCCCCC.O=S(=O)([O-])C(F)(F)C(F)(F)C(F)(F)C(F)(F)F,348.8,101.325,ElectricalConductivity,0.023100007,0.032716587,0.00961658,test,Balanced IL,Balanced,C,Electrical conductivity multi-split parity plot,True
904,trihexyltetradecylphosphonium nonafluorobutanesulfonate,CCCCCCCCCCCCCC[P+](CCCCCC)(CCCCCC)CCCCCC.O=S(=O)([O-])C(F)(F)C(F)(F)C(F)(F)C(F)(F)F,353.4,101.325,ElectricalConductivity,0.0273,0.040749043,0.013449043,test,Balanced IL,Balanced,C,Electrical conductivity multi-split parity plot,True
906,trihexyltetradecylphosphonium nonafluorobutanesulfonate,CCCCCCCCCCCCCC[P+](CCCCCC)(CCCCCC)CCCCCC.O=S(=O)([O-])C(F)(F)C(F)(F)C(F)(F)C(F)(F)F,358.6,101.325,ElectricalConductivity,0.030899998,0.052090228,0.02119023,test,Balanced IL,Balanced,C,Electrical conductivity multi-split parity plot,True
908,trihexyltetradecylphosphonium nonafluorobutanesulfonate,CCCCCCCCCCCCCC[P+](CCCCCC)(CCCCCC)CCCCCC.O=S(=O)([O-])C(F)(F)C(F)(F)C(F)(F)C(F)(F)F,363.7,101.325,ElectricalConductivity,0.037600007,0.06597809,0.02837808,test,Balanced IL,Balanced,C,Electrical conductivity multi-split parity plot,True
4316,(R)-1-(1-phenylethyl)-3-butylimidazolium tetrafluoroborate,CCCCn1cc[n+]([C@H](C)c2ccccc2)c1.F[B-](F)(F)F,296.1,101.325,ElectricalConductivity,0.10999999,0.14809932,0.038099326,test,Ion-family,Family,C,Electrical conductivity multi-split parity plot,True
1992,(R)-1-(1-phenylethyl)-3-hexylimidazolium tetrafluoroborate,CCCCCCn1cc[n+]([C@H](C)c2ccccc2)c1.F[B-](F)(F)F,296.1,101.325,ElectricalConductivity,0.011,0.072067305,0.061067306,test,Ion-family,Family,C,Electrical conductivity multi-split parity plot,True
2093,(R)-1-(1-phenylethyl)-3-pentylimidazolium tetrafluoroborate,CCCCCn1cc[n+]([C@H](C)c2ccccc2)c1.F[B-](F)(F)F,296.1,101.325,ElectricalConductivity,0.029999996,0.11863891,0.08863892,test,Ion-family,Family,C,Electrical conductivity multi-split parity plot,True
4444,(R)-1-(1-phenylethyl)-3-propylimidazolium tetrafluoroborate,CCCn1cc[n+]([C@H](C)c2ccccc2)c1.F[B-](F)(F)F,296.1,101.325,ElectricalConductivity,0.23599999,0.18530287,0.050697118,test,Ion-family,Family,C,Electrical conductivity multi-split parity plot,True
4315,"1,3-dibutylimidazolium tetrafluoroborate",CCCCn1cc[n+](CCCC)c1.F[B-](F)(F)F,298.1,101.325,ElectricalConductivity,0.17000002,0.15384938,0.016150638,test,Ion-family,Family,C,Electrical conductivity multi-split parity plot,True
2095,1-butoxy-3-butylimidazolium tetrafluoroborate,CCCCO[n+]1ccn(CCCC)c1.F[B-](F)(F)F,300.15,101.325,ElectricalConductivity,0.24999999,0.13710402,0.112895966,test,Ion-family,Family,C,Electrical conductivity multi-split parity plot,True
3356,"1-butyl-2,3-dimethylimidazolium azide",CCCC[n+]1ccn(C)c1C.[N-]=[N+]=[N-],303.15,101.0,ElectricalConductivity,0.0488,0.26818562,0.21938562,test,Ion-family,Family,C,Electrical conductivity multi-split parity plot,True
3357,"1-butyl-2,3-dimethylimidazolium azide",CCCC[n+]1ccn(C)c1C.[N-]=[N+]=[N-],308.15,101.0,ElectricalConductivity,0.07559999,0.33716992,0.26156992,test,Ion-family,Family,C,Electrical conductivity multi-split parity plot,True
3358,"1-butyl-2,3-dimethylimidazolium azide",CCCC[n+]1ccn(C)c1C.[N-]=[N+]=[N-],313.15,101.0,ElectricalConductivity,0.11180001,0.4171553,0.30535528,test,Ion-family,Family,C,Electrical conductivity multi-split parity plot,True
3359,"1-butyl-2,3-dimethylimidazolium azide",CCCC[n+]1ccn(C)c1C.[N-]=[N+]=[N-],318.15,101.0,ElectricalConductivity,0.15910001,0.5083271,0.34922713,test,Ion-family,Family,C,Electrical conductivity multi-split parity plot,True
3360,"1-butyl-2,3-dimethylimidazolium azide",CCCC[n+]1ccn(C)c1C.[N-]=[N+]=[N-],323.15,101.0,ElectricalConductivity,0.21920002,0.6106369,0.39143687,test,Ion-family,Family,C,Electrical conductivity multi-split parity plot,True
3361,"1-butyl-2,3-dimethylimidazolium azide",CCCC[n+]1ccn(C)c1C.[N-]=[N+]=[N-],328.15,101.0,ElectricalConductivity,0.29399997,0.72384673,0.42984676,test,Ion-family,Family,C,Electrical conductivity multi-split parity plot,True
3362,"1-butyl-2,3-dimethylimidazolium azide",CCCC[n+]1ccn(C)c1C.[N-]=[N+]=[N-],333.15,101.0,ElectricalConductivity,0.38299996,0.84757835,0.4645784,test,Ion-family,Family,C,Electrical conductivity multi-split parity plot,True
3363,"1-butyl-2,3-dimethylimidazolium azide",CCCC[n+]1ccn(C)c1C.[N-]=[N+]=[N-],338.15,101.0,ElectricalConductivity,0.49,0.9813605,0.4913605,test,Ion-family,Family,C,Electrical conductivity multi-split parity plot,True
3364,"1-butyl-2,3-dimethylimidazolium azide",CCCC[n+]1ccn(C)c1C.[N-]=[N+]=[N-],343.15,101.0,ElectricalConductivity,0.614,1.1246686,0.5106686,test,Ion-family,Family,C,Electrical conductivity multi-split parity plot,True
3365,"1-butyl-2,3-dimethylimidazolium azide",CCCC[n+]1ccn(C)c1C.[N-]=[N+]=[N-],348.15,101.0,ElectricalConductivity,0.756,1.2769502,0.52095026,test,Ion-family,Family,C,Electrical conductivity multi-split parity plot,True
3366,"1-butyl-2,3-dimethylimidazolium azide",CCCC[n+]1ccn(C)c1C.[N-]=[N+]=[N-],353.15,101.0,ElectricalConductivity,0.9179999,1.4376453,0.5196454,test,Ion-family,Family,C,Electrical conductivity multi-split parity plot,True
3367,"1-butyl-2,3-dimethylimidazolium azide",CCCC[n+]1ccn(C)c1C.[N-]=[N+]=[N-],358.15,101.0,ElectricalConductivity,1.0983999,1.6061906,0.5077907,test,Ion-family,Family,C,Electrical conductivity multi-split parity plot,True
3368,"1-butyl-2,3-dimethylimidazolium azide",CCCC[n+]1ccn(C)c1C.[N-]=[N+]=[N-],363.15,101.0,ElectricalConductivity,1.2989,1.7820231,0.48312306,test,Ion-family,Family,C,Electrical conductivity multi-split parity plot,True
3369,"1-butyl-2,3-dimethylimidazolium azide",CCCC[n+]1ccn(C)c1C.[N-]=[N+]=[N-],368.15,101.0,ElectricalConductivity,1.5192,1.8162798,0.2970798,test,Ion-family,Family,C,Electrical conductivity multi-split parity plot,True
3320,"1-butyl-2,3-dimethylimidazolium tetrafluoroborate",CCCC[n+]1ccn(C)c1C.F[B-](F)(F)F,303.15,101.0,ElectricalConductivity,0.07580001,0.28606626,0.21026626,test,Ion-family,Family,C,Electrical conductivity multi-split parity plot,True
3322,"1-butyl-2,3-dimethylimidazolium tetrafluoroborate",CCCC[n+]1ccn(C)c1C.F[B-](F)(F)F,308.15,101.0,ElectricalConductivity,0.106,0.36454853,0.25854853,test,Ion-family,Family,C,Electrical conductivity multi-split parity plot,True
3324,"1-butyl-2,3-dimethylimidazolium tetrafluoroborate",CCCC[n+]1ccn(C)c1C.F[B-](F)(F)F,313.15,101.0,ElectricalConductivity,0.14489998,0.45471963,0.30981964,test,Ion-family,Family,C,Electrical conductivity multi-split parity plot,True
3327,"1-butyl-2,3-dimethylimidazolium tetrafluoroborate",CCCC[n+]1ccn(C)c1C.F[B-](F)(F)F,318.15,101.0,ElectricalConductivity,0.19369997,0.5562141,0.36251414,test,Ion-family,Family,C,Electrical conductivity multi-split parity plot,True
3330,"1-butyl-2,3-dimethylimidazolium tetrafluoroborate",CCCC[n+]1ccn(C)c1C.F[B-](F)(F)F,323.15,101.0,ElectricalConductivity,0.25400004,0.668439,0.41443893,test,Ion-family,Family,C,Electrical conductivity multi-split parity plot,True
3332,"1-butyl-2,3-dimethylimidazolium tetrafluoroborate",CCCC[n+]1ccn(C)c1C.F[B-](F)(F)F,328.15,101.0,ElectricalConductivity,0.327,0.79066473,0.46366474,test,Ion-family,Family,C,Electrical conductivity multi-split parity plot,True
3335,"1-butyl-2,3-dimethylimidazolium tetrafluoroborate",CCCC[n+]1ccn(C)c1C.F[B-](F)(F)F,333.15,101.0,ElectricalConductivity,0.415,0.9221046,0.50710464,test,Ion-family,Family,C,Electrical conductivity multi-split parity plot,True
3337,"1-butyl-2,3-dimethylimidazolium tetrafluoroborate",CCCC[n+]1ccn(C)c1C.F[B-](F)(F)F,338.15,101.0,ElectricalConductivity,0.518,1.0619729,0.54397285,test,Ion-family,Family,C,Electrical conductivity multi-split parity plot,True
3339,"1-butyl-2,3-dimethylimidazolium tetrafluoroborate",CCCC[n+]1ccn(C)c1C.F[B-](F)(F)F,343.15,101.0,ElectricalConductivity,0.639,1.2095238,0.5705238,test,Ion-family,Family,C,Electrical conductivity multi-split parity plot,True
3341,"1-butyl-2,3-dimethylimidazolium tetrafluoroborate",CCCC[n+]1ccn(C)c1C.F[B-](F)(F)F,348.15,101.0,ElectricalConductivity,0.7789999,1.3640687,0.5850688,test,Ion-family,Family,C,Electrical conductivity multi-split parity plot,True
3343,"1-butyl-2,3-dimethylimidazolium tetrafluoroborate",CCCC[n+]1ccn(C)c1C.F[B-](F)(F)F,353.15,101.0,ElectricalConductivity,0.939,1.5249809,0.5859809,test,Ion-family,Family,C,Electrical conductivity multi-split parity plot,True
3345,"1-butyl-2,3-dimethylimidazolium tetrafluoroborate",CCCC[n+]1ccn(C)c1C.F[B-](F)(F)F,358.15,101.0,ElectricalConductivity,1.1199,1.6916863,0.5717863,test,Ion-family,Family,C,Electrical conductivity multi-split parity plot,True
3347,"1-butyl-2,3-dimethylimidazolium tetrafluoroborate",CCCC[n+]1ccn(C)c1C.F[B-](F)(F)F,363.15,101.0,ElectricalConductivity,1.3235999,1.8636508,0.54005086,test,Ion-family,Family,C,Electrical conductivity multi-split parity plot,True
3349,"1-butyl-2,3-dimethylimidazolium tetrafluoroborate",CCCC[n+]1ccn(C)c1C.F[B-](F)(F)F,368.15,101.0,ElectricalConductivity,1.5510999,2.0403647,0.48926485,test,Ion-family,Family,C,Electrical conductivity multi-split parity plot,True
3372,1-butyl-3-ethylimidazolium tetrafluoroborate,CCCC[n+]1ccn(CC)c1.F[B-](F)(F)F,298.1,101.325,ElectricalConductivity,0.3445,0.22397768,0.12052232,test,Ion-family,Family,C,Electrical conductivity multi-split parity plot,True
4119,1-butyl-3-methyl-1H-imidazol-3-ium (3-cyanophenyl)trifluoroborate,CCCCn1cc[n+](C)c1.N#Cc1cccc([B-](F)(F)F)c1,303.48,101.325,ElectricalConductivity,0.08300001,0.22896521,0.14596519,test,Ion-family,Family,C,Electrical conductivity multi-split parity plot,True
4123,1-butyl-3-methyl-1H-imidazol-3-ium (3-cyanophenyl)trifluoroborate,CCCCn1cc[n+](C)c1.N#Cc1cccc([B-](F)(F)F)c1,308.52,101.325,ElectricalConductivity,0.11199999,0.3075503,0.19555032,test,Ion-family,Family,C,Electrical conductivity multi-split parity plot,True
4124,1-butyl-3-methyl-1H-imidazol-3-ium (3-cyanophenyl)trifluoroborate,CCCCn1cc[n+](C)c1.N#Cc1cccc([B-](F)(F)F)c1,312.89,101.325,ElectricalConductivity,0.15399998,0.3870074,0.2330074,test,Ion-family,Family,C,Electrical conductivity multi-split parity plot,True
4128,1-butyl-3-methyl-1H-imidazol-3-ium (3-cyanophenyl)trifluoroborate,CCCCn1cc[n+](C)c1.N#Cc1cccc([B-](F)(F)F)c1,318.04,101.325,ElectricalConductivity,0.19999999,0.49339128,0.2933913,test,Ion-family,Family,C,Electrical conductivity multi-split parity plot,True
4130,1-butyl-3-methyl-1H-imidazol-3-ium (3-cyanophenyl)trifluoroborate,CCCCn1cc[n+](C)c1.N#Cc1cccc([B-](F)(F)F)c1,323.13,101.325,ElectricalConductivity,0.27,0.6109104,0.3409104,test,Ion-family,Family,C,Electrical conductivity multi-split parity plot,True
4135,1-butyl-3-methyl-1H-imidazol-3-ium (3-cyanophenyl)trifluoroborate,CCCCn1cc[n+](C)c1.N#Cc1cccc([B-](F)(F)F)c1,328.4,101.325,ElectricalConductivity,0.344,0.744032,0.400032,test,Ion-family,Family,C,Electrical conductivity multi-split parity plot,True
4136,1-butyl-3-methyl-1H-imidazol-3-ium (3-cyanophenyl)trifluoroborate,CCCCn1cc[n+](C)c1.N#Cc1cccc([B-](F)(F)F)c1,332.92,101.325,ElectricalConductivity,0.415,0.8662785,0.45127854,test,Ion-family,Family,C,Electrical conductivity multi-split parity plot,True
4139,1-butyl-3-methyl-1H-imidazol-3-ium (3-cyanophenyl)trifluoroborate,CCCCn1cc[n+](C)c1.N#Cc1cccc([B-](F)(F)F)c1,337.78,101.325,ElectricalConductivity,0.549,1.0048681,0.45586812,test,Ion-family,Family,C,Electrical conductivity multi-split parity plot,True
4144,1-butyl-3-methyl-1H-imidazol-3-ium (3-cyanophenyl)trifluoroborate,CCCCn1cc[n+](C)c1.N#Cc1cccc([B-](F)(F)F)c1,343.79,101.325,ElectricalConductivity,0.661,1.184922,0.52392197,test,Ion-family,Family,C,Electrical conductivity multi-split parity plot,True
4147,1-butyl-3-methyl-1H-imidazol-3-ium (3-cyanophenyl)trifluoroborate,CCCCn1cc[n+](C)c1.N#Cc1cccc([B-](F)(F)F)c1,348.48,101.325,ElectricalConductivity,0.76799995,1.3310188,0.56301886,test,Ion-family,Family,C,Electrical conductivity multi-split parity plot,True
4148,1-butyl-3-methyl-1H-imidazol-3-ium (3-cyanophenyl)trifluoroborate,CCCCn1cc[n+](C)c1.N#Cc1cccc([B-](F)(F)F)c1,352.54,101.325,ElectricalConductivity,0.84399986,1.4608241,0.61682427,test,Ion-family,Family,C,Electrical conductivity multi-split parity plot,True
4084,1-butyl-3-methyl-1H-imidazol-3-ium (4-cyanophenyl)trifluoroborate,CCCCn1cc[n+](C)c1.N#Cc1ccc([B-](F)(F)F)cc1,303.1,101.325,ElectricalConductivity,0.138,0.21960217,0.08160217,test,Ion-family,Family,C,Electrical conductivity multi-split parity plot,True
4087,1-butyl-3-methyl-1H-imidazol-3-ium (4-cyanophenyl)trifluoroborate,CCCCn1cc[n+](C)c1.N#Cc1ccc([B-](F)(F)F)cc1,308.32,101.325,ElectricalConductivity,0.179,0.29944417,0.12044416,test,Ion-family,Family,C,Electrical conductivity multi-split parity plot,True
4089,1-butyl-3-methyl-1H-imidazol-3-ium (4-cyanophenyl)trifluoroborate,CCCCn1cc[n+](C)c1.N#Cc1ccc([B-](F)(F)F)cc1,312.89,101.325,ElectricalConductivity,0.208,0.38153723,0.17353722,test,Ion-family,Family,C,Electrical conductivity multi-split parity plot,True
4093,1-butyl-3-methyl-1H-imidazol-3-ium (4-cyanophenyl)trifluoroborate,CCCCn1cc[n+](C)c1.N#Cc1ccc([B-](F)(F)F)cc1,318.04,101.325,ElectricalConductivity,0.26,0.48684573,0.22684574,test,Ion-family,Family,C,Electrical conductivity multi-split parity plot,True
4095,1-butyl-3-methyl-1H-imidazol-3-ium (4-cyanophenyl)trifluoroborate,CCCCn1cc[n+](C)c1.N#Cc1ccc([B-](F)(F)F)cc1,323.13,101.325,ElectricalConductivity,0.32499996,0.60299736,0.2779974,test,Ion-family,Family,C,Electrical conductivity multi-split parity plot,True
4098,1-butyl-3-methyl-1H-imidazol-3-ium (4-cyanophenyl)trifluoroborate,CCCCn1cc[n+](C)c1.N#Cc1ccc([B-](F)(F)F)cc1,328.17,101.325,ElectricalConductivity,0.36999997,0.7283892,0.35838923,test,Ion-family,Family,C,Electrical conductivity multi-split parity plot,True
4103,1-butyl-3-methyl-1H-imidazol-3-ium (4-cyanophenyl)trifluoroborate,CCCCn1cc[n+](C)c1.N#Cc1ccc([B-](F)(F)F)cc1,333.36,101.325,ElectricalConductivity,0.47199997,0.8667915,0.3947915,test,Ion-family,Family,C,Electrical conductivity multi-split parity plot,True
4104,1-butyl-3-methyl-1H-imidazol-3-ium (4-cyanophenyl)trifluoroborate,CCCCn1cc[n+](C)c1.N#Cc1ccc([B-](F)(F)F)cc1,338.02,101.325,ElectricalConductivity,0.538,0.9978921,0.4598921,test,Ion-family,Family,C,Electrical conductivity multi-split parity plot,True
4107,1-butyl-3-methyl-1H-imidazol-3-ium (4-cyanophenyl)trifluoroborate,CCCCn1cc[n+](C)c1.N#Cc1ccc([B-](F)(F)F)cc1,342.57,101.325,ElectricalConductivity,0.6499999,1.1311945,0.48119456,test,Ion-family,Family,C,Electrical conductivity multi-split parity plot,True
4111,1-butyl-3-methyl-1H-imidazol-3-ium (4-cyanophenyl)trifluoroborate,CCCCn1cc[n+](C)c1.N#Cc1ccc([B-](F)(F)F)cc1,347.99,101.325,ElectricalConductivity,0.783,1.2957443,0.5127443,test,Ion-family,Family,C,Electrical conductivity multi-split parity plot,True
4114,1-butyl-3-methyl-1H-imidazol-3-ium (4-cyanophenyl)trifluoroborate,CCCCn1cc[n+](C)c1.N#Cc1ccc([B-](F)(F)F)cc1,353.31,101.325,ElectricalConductivity,0.84399986,1.4623369,0.61833704,test,Ion-family,Family,C,Electrical conductivity multi-split parity plot,True
4050,1-butyl-3-methyl-1H-imidazol-3-ium trifluoro(2-fluorophenyl)borate,CCCCn1cc[n+](C)c1.Fc1ccccc1[B-](F)(F)F,303.48,101.325,ElectricalConductivity,0.18899998,0.24219196,0.053191975,test,Ion-family,Family,C,Electrical conductivity multi-split parity plot,True
4053,1-butyl-3-methyl-1H-imidazol-3-ium trifluoro(2-fluorophenyl)borate,CCCCn1cc[n+](C)c1.Fc1ccccc1[B-](F)(F)F,308.12,101.325,ElectricalConductivity,0.23599999,0.3084152,0.07241522,test,Ion-family,Family,C,Electrical conductivity multi-split parity plot,True
4056,1-butyl-3-methyl-1H-imidazol-3-ium trifluoro(2-fluorophenyl)borate,CCCCn1cc[n+](C)c1.Fc1ccccc1[B-](F)(F)F,313.3,101.325,ElectricalConductivity,0.291,0.39427963,0.10327962,test,Ion-family,Family,C,Electrical conductivity multi-split parity plot,True
4058,1-butyl-3-methyl-1H-imidazol-3-ium trifluoro(2-fluorophenyl)borate,CCCCn1cc[n+](C)c1.Fc1ccccc1[B-](F)(F)F,318.25,101.325,ElectricalConductivity,0.36399996,0.48775128,0.12375131,test,Ion-family,Family,C,Electrical conductivity multi-split parity plot,True
4061,1-butyl-3-methyl-1H-imidazol-3-ium trifluoro(2-fluorophenyl)borate,CCCCn1cc[n+](C)c1.Fc1ccccc1[B-](F)(F)F,323.34,101.325,ElectricalConductivity,0.43,0.594837,0.164837,test,Ion-family,Family,C,Electrical conductivity multi-split parity plot,True
4064,1-butyl-3-methyl-1H-imidazol-3-ium trifluoro(2-fluorophenyl)borate,CCCCn1cc[n+](C)c1.Fc1ccccc1[B-](F)(F)F,328.17,101.325,ElectricalConductivity,0.538,0.7059465,0.16794652,test,Ion-family,Family,C,Electrical conductivity multi-split parity plot,True
4066,1-butyl-3-methyl-1H-imidazol-3-ium trifluoro(2-fluorophenyl)borate,CCCCn1cc[n+](C)c1.Fc1ccccc1[B-](F)(F)F,333.36,101.325,ElectricalConductivity,0.68600005,0.83466965,0.1486696,test,Ion-family,Family,C,Electrical conductivity multi-split parity plot,True
4070,1-butyl-3-methyl-1H-imidazol-3-ium trifluoro(2-fluorophenyl)borate,CCCCn1cc[n+](C)c1.Fc1ccccc1[B-](F)(F)F,338.26,101.325,ElectricalConductivity,0.76799995,0.96414995,0.19615,test,Ion-family,Family,C,Electrical conductivity multi-split parity plot,True
4072,1-butyl-3-methyl-1H-imidazol-3-ium trifluoro(2-fluorophenyl)borate,CCCCn1cc[n+](C)c1.Fc1ccccc1[B-](F)(F)F,343.05,101.325,ElectricalConductivity,0.943,1.0973527,0.15435272,test,Ion-family,Family,C,Electrical conductivity multi-split parity plot,True
4075,1-butyl-3-methyl-1H-imidazol-3-ium trifluoro(2-fluorophenyl)borate,CCCCn1cc[n+](C)c1.Fc1ccccc1[B-](F)(F)F,347.99,101.325,ElectricalConductivity,1.0550001,1.2408078,0.1858077,test,Ion-family,Family,C,Electrical conductivity multi-split parity plot,True
4080,1-butyl-3-methyl-1H-imidazol-3-ium trifluoro(2-fluorophenyl)borate,CCCCn1cc[n+](C)c1.Fc1ccccc1[B-](F)(F)F,353.31,101.325,ElectricalConductivity,1.249,1.4013703,0.15237033,test,Ion-family,Family,C,Electrical conductivity multi-split parity plot,True
3949,1-butyl-3-methyl-1H-imidazol-3-ium trifluoro(3-(trifluoromethyl)phenyl)borate,CCCCn1cc[n+](C)c1.F[B-](F)(F)c1cccc(C(F)(F)F)c1,303.48,101.325,ElectricalConductivity,0.18899998,0.22979867,0.040798694,test,Ion-family,Family,C,Electrical conductivity multi-split parity plot,True
3951,1-butyl-3-methyl-1H-imidazol-3-ium trifluoro(3-(trifluoromethyl)phenyl)borate,CCCCn1cc[n+](C)c1.F[B-](F)(F)c1cccc(C(F)(F)F)c1,308.12,101.325,ElectricalConductivity,0.23599999,0.29036236,0.05436237,test,Ion-family,Family,C,Electrical conductivity multi-split parity plot,True
3955,1-butyl-3-methyl-1H-imidazol-3-ium trifluoro(3-(trifluoromethyl)phenyl)borate,CCCCn1cc[n+](C)c1.F[B-](F)(F)c1cccc(C(F)(F)F)c1,313.3,101.325,ElectricalConductivity,0.291,0.36817127,0.077171266,test,Ion-family,Family,C,Electrical conductivity multi-split parity plot,True
3957,1-butyl-3-methyl-1H-imidazol-3-ium trifluoro(3-(trifluoromethyl)phenyl)borate,CCCCn1cc[n+](C)c1.F[B-](F)(F)c1cccc(C(F)(F)F)c1,318.25,101.325,ElectricalConductivity,0.36399996,0.45210558,0.08810562,test,Ion-family,Family,C,Electrical conductivity multi-split parity plot,True
3960,1-butyl-3-methyl-1H-imidazol-3-ium trifluoro(3-(trifluoromethyl)phenyl)borate,CCCCn1cc[n+](C)c1.F[B-](F)(F)c1cccc(C(F)(F)F)c1,323.34,101.325,ElectricalConductivity,0.43,0.54743844,0.117438436,test,Ion-family,Family,C,Electrical conductivity multi-split parity plot,True
3963,1-butyl-3-methyl-1H-imidazol-3-ium trifluoro(3-(trifluoromethyl)phenyl)borate,CCCCn1cc[n+](C)c1.F[B-](F)(F)c1cccc(C(F)(F)F)c1,328.17,101.325,ElectricalConductivity,0.538,0.6455596,0.10755962,test,Ion-family,Family,C,Electrical conductivity multi-split parity plot,True
3966,1-butyl-3-methyl-1H-imidazol-3-ium trifluoro(3-(trifluoromethyl)phenyl)borate,CCCCn1cc[n+](C)c1.F[B-](F)(F)c1cccc(C(F)(F)F)c1,333.36,101.325,ElectricalConductivity,0.68600005,0.75837183,0.07237178,test,Ion-family,Family,C,Electrical conductivity multi-split parity plot,True
3969,1-butyl-3-methyl-1H-imidazol-3-ium trifluoro(3-(trifluoromethyl)phenyl)borate,CCCCn1cc[n+](C)c1.F[B-](F)(F)c1cccc(C(F)(F)F)c1,338.26,101.325,ElectricalConductivity,0.76799995,0.8710392,0.103039265,test,Ion-family,Family,C,Electrical conductivity multi-split parity plot,True
3971,1-butyl-3-methyl-1H-imidazol-3-ium trifluoro(3-(trifluoromethyl)phenyl)borate,CCCCn1cc[n+](C)c1.F[B-](F)(F)c1cccc(C(F)(F)F)c1,343.05,101.325,ElectricalConductivity,0.943,0.98620933,0.043209314,test,Ion-family,Family,C,Electrical conductivity multi-split parity plot,True
3974,1-butyl-3-methyl-1H-imidazol-3-ium trifluoro(3-(trifluoromethyl)phenyl)borate,CCCCn1cc[n+](C)c1.F[B-](F)(F)c1cccc(C(F)(F)F)c1,347.99,101.325,ElectricalConductivity,1.0550001,1.1095073,0.054507256,test,Ion-family,Family,C,Electrical conductivity multi-split parity plot,True
3978,1-butyl-3-methyl-1H-imidazol-3-ium trifluoro(3-(trifluoromethyl)phenyl)borate,CCCCn1cc[n+](C)c1.F[B-](F)(F)c1cccc(C(F)(F)F)c1,353.31,101.325,ElectricalConductivity,1.249,1.2467026,0.0022974014,test,Ion-family,Family,C,Electrical conductivity multi-split parity plot,True
4017,1-butyl-3-methyl-1H-imidazol-3-ium trifluoro(3-fluorophenyl)borate,CCCCn1cc[n+](C)c1.Fc1cccc([B-](F)(F)F)c1,303.1,101.325,ElectricalConductivity,0.27,0.23779736,0.032202646,test,Ion-family,Family,C,Electrical conductivity multi-split parity plot,True
4018,1-butyl-3-methyl-1H-imidazol-3-ium trifluoro(3-fluorophenyl)borate,CCCCn1cc[n+](C)c1.Fc1cccc([B-](F)(F)F)c1,308.12,101.325,ElectricalConductivity,0.32499996,0.3090796,0.01592037,test,Ion-family,Family,C,Electrical conductivity multi-split parity plot,True
4023,1-butyl-3-methyl-1H-imidazol-3-ium trifluoro(3-fluorophenyl)borate,CCCCn1cc[n+](C)c1.Fc1cccc([B-](F)(F)F)c1,313.1,101.325,ElectricalConductivity,0.415,0.391395,0.023604989,test,Ion-family,Family,C,Electrical conductivity multi-split parity plot,True
4024,1-butyl-3-methyl-1H-imidazol-3-ium trifluoro(3-fluorophenyl)borate,CCCCn1cc[n+](C)c1.Fc1cccc([B-](F)(F)F)c1,318.04,101.325,ElectricalConductivity,0.51899993,0.48409975,0.03490019,test,Ion-family,Family,C,Electrical conductivity multi-split parity plot,True
4029,1-butyl-3-methyl-1H-imidazol-3-ium trifluoro(3-fluorophenyl)borate,CCCCn1cc[n+](C)c1.Fc1cccc([B-](F)(F)F)c1,323.34,101.325,ElectricalConductivity,0.603,0.59506184,0.007938147,test,Ion-family,Family,C,Electrical conductivity multi-split parity plot,True
4030,1-butyl-3-methyl-1H-imidazol-3-ium trifluoro(3-fluorophenyl)borate,CCCCn1cc[n+](C)c1.Fc1cccc([B-](F)(F)F)c1,327.95,101.325,ElectricalConductivity,0.726,0.70048994,0.025510073,test,Ion-family,Family,C,Electrical conductivity multi-split parity plot,True
4034,1-butyl-3-methyl-1H-imidazol-3-ium trifluoro(3-fluorophenyl)borate,CCCCn1cc[n+](C)c1.Fc1cccc([B-](F)(F)F)c1,333.13,101.325,ElectricalConductivity,0.84399986,0.8278908,0.01610905,test,Ion-family,Family,C,Electrical conductivity multi-split parity plot,True
4036,1-butyl-3-methyl-1H-imidazol-3-ium trifluoro(3-fluorophenyl)borate,CCCCn1cc[n+](C)c1.Fc1cccc([B-](F)(F)F)c1,338.26,101.325,ElectricalConductivity,1.0160002,0.96239156,0.053608596,test,Ion-family,Family,C,Electrical conductivity multi-split parity plot,True
4038,1-butyl-3-methyl-1H-imidazol-3-ium trifluoro(3-fluorophenyl)borate,CCCCn1cc[n+](C)c1.Fc1cccc([B-](F)(F)F)c1,342.57,101.325,ElectricalConductivity,1.1379999,1.0810863,0.056913614,test,Ion-family,Family,C,Electrical conductivity multi-split parity plot,True
4041,1-butyl-3-methyl-1H-imidazol-3-ium trifluoro(3-fluorophenyl)borate,CCCCn1cc[n+](C)c1.Fc1cccc([B-](F)(F)F)c1,347.74,101.325,ElectricalConductivity,1.2730001,1.2295268,0.043473363,test,Ion-family,Family,C,Electrical conductivity multi-split parity plot,True
4044,1-butyl-3-methyl-1H-imidazol-3-ium trifluoro(3-fluorophenyl)borate,CCCCn1cc[n+](C)c1.Fc1cccc([B-](F)(F)F)c1,352.79,101.325,ElectricalConductivity,1.505,1.380154,0.12484598,test,Ion-family,Family,C,Electrical conductivity multi-split parity plot,True
3375,1-butyl-3-methyl-1H-imidazol-3-ium trifluoro(3-methoxyphenyl)borate,CCCCn1cc[n+](C)c1.COc1cccc([B-](F)(F)F)c1,303.1,101.325,ElectricalConductivity,0.138,0.15575127,0.017751276,test,Ion-family,Family,C,Electrical conductivity multi-split parity plot,True
3379,1-butyl-3-methyl-1H-imidazol-3-ium trifluoro(3-methoxyphenyl)borate,CCCCn1cc[n+](C)c1.COc1cccc([B-](F)(F)F)c1,308.32,101.325,ElectricalConductivity,0.179,0.2180796,0.03907959,test,Ion-family,Family,C,Electrical conductivity multi-split parity plot,True
3381,1-butyl-3-methyl-1H-imidazol-3-ium trifluoro(3-methoxyphenyl)borate,CCCCn1cc[n+](C)c1.COc1cccc([B-](F)(F)F)c1,312.89,101.325,ElectricalConductivity,0.208,0.2841284,0.07612839,test,Ion-family,Family,C,Electrical conductivity multi-split parity plot,True
3384,1-butyl-3-methyl-1H-imidazol-3-ium trifluoro(3-methoxyphenyl)borate,CCCCn1cc[n+](C)c1.COc1cccc([B-](F)(F)F)c1,318.04,101.325,ElectricalConductivity,0.26,0.37115416,0.11115417,test,Ion-family,Family,C,Electrical conductivity multi-split parity plot,True
3387,1-butyl-3-methyl-1H-imidazol-3-ium trifluoro(3-methoxyphenyl)borate,CCCCn1cc[n+](C)c1.COc1cccc([B-](F)(F)F)c1,323.13,101.325,ElectricalConductivity,0.32499996,0.4694883,0.14448833,test,Ion-family,Family,C,Electrical conductivity multi-split parity plot,True
3391,1-butyl-3-methyl-1H-imidazol-3-ium trifluoro(3-methoxyphenyl)borate,CCCCn1cc[n+](C)c1.COc1cccc([B-](F)(F)F)c1,328.17,101.325,ElectricalConductivity,0.36999997,0.57778025,0.20778027,test,Ion-family,Family,C,Electrical conductivity multi-split parity plot,True
3394,1-butyl-3-methyl-1H-imidazol-3-ium trifluoro(3-methoxyphenyl)borate,CCCCn1cc[n+](C)c1.COc1cccc([B-](F)(F)F)c1,333.36,101.325,ElectricalConductivity,0.47199997,0.6992837,0.22728375,test,Ion-family,Family,C,Electrical conductivity multi-split parity plot,True
3396,1-butyl-3-methyl-1H-imidazol-3-ium trifluoro(3-methoxyphenyl)borate,CCCCn1cc[n+](C)c1.COc1cccc([B-](F)(F)F)c1,338.02,101.325,ElectricalConductivity,0.538,0.8158497,0.27784973,test,Ion-family,Family,C,Electrical conductivity multi-split parity plot,True
3399,1-butyl-3-methyl-1H-imidazol-3-ium trifluoro(3-methoxyphenyl)borate,CCCCn1cc[n+](C)c1.COc1cccc([B-](F)(F)F)c1,342.57,101.325,ElectricalConductivity,0.6499999,0.935513,0.2855131,test,Ion-family,Family,C,Electrical conductivity multi-split parity plot,True
3402,1-butyl-3-methyl-1H-imidazol-3-ium trifluoro(3-methoxyphenyl)borate,CCCCn1cc[n+](C)c1.COc1cccc([B-](F)(F)F)c1,347.99,101.325,ElectricalConductivity,0.783,1.0844526,0.30145264,test,Ion-family,Family,C,Electrical conductivity multi-split parity plot,True
3406,1-butyl-3-methyl-1H-imidazol-3-ium trifluoro(3-methoxyphenyl)borate,CCCCn1cc[n+](C)c1.COc1cccc([B-](F)(F)F)c1,353.31,101.325,ElectricalConductivity,0.84399986,1.2363003,0.3923005,test,Ion-family,Family,C,Electrical conductivity multi-split parity plot,True
3913,1-butyl-3-methyl-1H-imidazol-3-ium trifluoro(4-(trifluoromethyl)phenyl)borate,CCCCn1cc[n+](C)c1.F[B-](F)(F)c1ccc(C(F)(F)F)cc1,302.92,101.325,ElectricalConductivity,0.13,0.22161539,0.091615394,test,Ion-family,Family,C,Electrical conductivity multi-split parity plot,True
3917,1-butyl-3-methyl-1H-imidazol-3-ium trifluoro(4-(trifluoromethyl)phenyl)borate,CCCCn1cc[n+](C)c1.F[B-](F)(F)c1ccc(C(F)(F)F)cc1,308.32,101.325,ElectricalConductivity,0.16,0.29142377,0.13142377,test,Ion-family,Family,C,Electrical conductivity multi-split parity plot,True
3920,1-butyl-3-methyl-1H-imidazol-3-ium trifluoro(4-(trifluoromethyl)phenyl)borate,CCCCn1cc[n+](C)c1.F[B-](F)(F)c1ccc(C(F)(F)F)cc1,313.5,101.325,ElectricalConductivity,0.212,0.36925033,0.15725033,test,Ion-family,Family,C,Electrical conductivity multi-split parity plot,True
3923,1-butyl-3-methyl-1H-imidazol-3-ium trifluoro(4-(trifluoromethyl)phenyl)borate,CCCCn1cc[n+](C)c1.F[B-](F)(F)c1ccc(C(F)(F)F)cc1,318.46,101.325,ElectricalConductivity,0.26,0.45319763,0.19319764,test,Ion-family,Family,C,Electrical conductivity multi-split parity plot,True
3924,1-butyl-3-methyl-1H-imidazol-3-ium trifluoro(4-(trifluoromethyl)phenyl)borate,CCCCn1cc[n+](C)c1.F[B-](F)(F)c1ccc(C(F)(F)F)cc1,323.13,101.325,ElectricalConductivity,0.32499996,0.5399983,0.21499833,test,Ion-family,Family,C,Electrical conductivity multi-split parity plot,True
3927,1-butyl-3-methyl-1H-imidazol-3-ium trifluoro(4-(trifluoromethyl)phenyl)borate,CCCCn1cc[n+](C)c1.F[B-](F)(F)c1ccc(C(F)(F)F)cc1,327.95,101.325,ElectricalConductivity,0.385,0.63671345,0.25171345,test,Ion-family,Family,C,Electrical conductivity multi-split parity plot,True
3930,1-butyl-3-methyl-1H-imidazol-3-ium trifluoro(4-(trifluoromethyl)phenyl)borate,CCCCn1cc[n+](C)c1.F[B-](F)(F)c1ccc(C(F)(F)F)cc1,332.92,101.325,ElectricalConductivity,0.455,0.7431715,0.2881715,test,Ion-family,Family,C,Electrical conductivity multi-split parity plot,True
3935,1-butyl-3-methyl-1H-imidazol-3-ium trifluoro(4-(trifluoromethyl)phenyl)borate,CCCCn1cc[n+](C)c1.F[B-](F)(F)c1ccc(C(F)(F)F)cc1,338.49,101.325,ElectricalConductivity,0.538,0.86955404,0.33155406,test,Ion-family,Family,C,Electrical conductivity multi-split parity plot,True
3936,1-butyl-3-methyl-1H-imidazol-3-ium trifluoro(4-(trifluoromethyl)phenyl)borate,CCCCn1cc[n+](C)c1.F[B-](F)(F)c1ccc(C(F)(F)F)cc1,342.81,101.325,ElectricalConductivity,0.637,0.972037,0.335037,test,Ion-family,Family,C,Electrical conductivity multi-split parity plot,True
3939,1-butyl-3-methyl-1H-imidazol-3-ium trifluoro(4-(trifluoromethyl)phenyl)borate,CCCCn1cc[n+](C)c1.F[B-](F)(F)c1ccc(C(F)(F)F)cc1,347.99,101.325,ElectricalConductivity,0.71199995,1.0993413,0.38734132,test,Ion-family,Family,C,Electrical conductivity multi-split parity plot,True
3944,1-butyl-3-methyl-1H-imidazol-3-ium trifluoro(4-(trifluoromethyl)phenyl)borate,CCCCn1cc[n+](C)c1.F[B-](F)(F)c1ccc(C(F)(F)F)cc1,353.83,101.325,ElectricalConductivity,0.84399986,1.2477998,0.4037999,test,Ion-family,Family,C,Electrical conductivity multi-split parity plot,True
3984,1-butyl-3-methyl-1H-imidazol-3-ium trifluoro(4-fluorophenyl)borate,CCCCn1cc[n+](C)c1.Fc1ccc([B-](F)(F)F)cc1,303.48,101.325,ElectricalConductivity,0.18899998,0.24158962,0.05258964,test,Ion-family,Family,C,Electrical conductivity multi-split parity plot,True
3986,1-butyl-3-methyl-1H-imidazol-3-ium trifluoro(4-fluorophenyl)borate,CCCCn1cc[n+](C)c1.Fc1ccc([B-](F)(F)F)cc1,308.12,101.325,ElectricalConductivity,0.23599999,0.30769265,0.07169266,test,Ion-family,Family,C,Electrical conductivity multi-split parity plot,True
3990,1-butyl-3-methyl-1H-imidazol-3-ium trifluoro(4-fluorophenyl)borate,CCCCn1cc[n+](C)c1.Fc1ccc([B-](F)(F)F)cc1,313.3,101.325,ElectricalConductivity,0.291,0.39322585,0.10222584,test,Ion-family,Family,C,Electrical conductivity multi-split parity plot,True
3993,1-butyl-3-methyl-1H-imidazol-3-ium trifluoro(4-fluorophenyl)borate,CCCCn1cc[n+](C)c1.Fc1ccc([B-](F)(F)F)cc1,318.25,101.325,ElectricalConductivity,0.36399996,0.48610866,0.1221087,test,Ion-family,Family,C,Electrical conductivity multi-split parity plot,True
3996,1-butyl-3-methyl-1H-imidazol-3-ium trifluoro(4-fluorophenyl)borate,CCCCn1cc[n+](C)c1.Fc1ccc([B-](F)(F)F)cc1,323.34,101.325,ElectricalConductivity,0.43,0.59224373,0.16224372,test,Ion-family,Family,C,Electrical conductivity multi-split parity plot,True
3997,1-butyl-3-methyl-1H-imidazol-3-ium trifluoro(4-fluorophenyl)borate,CCCCn1cc[n+](C)c1.Fc1ccc([B-](F)(F)F)cc1,328.17,101.325,ElectricalConductivity,0.538,0.7020842,0.1640842,test,Ion-family,Family,C,Electrical conductivity multi-split parity plot,True
4001,1-butyl-3-methyl-1H-imidazol-3-ium trifluoro(4-fluorophenyl)borate,CCCCn1cc[n+](C)c1.Fc1ccc([B-](F)(F)F)cc1,333.36,101.325,ElectricalConductivity,0.68600005,0.8290197,0.14301968,test,Ion-family,Family,C,Electrical conductivity multi-split parity plot,True
4004,1-butyl-3-methyl-1H-imidazol-3-ium trifluoro(4-fluorophenyl)borate,CCCCn1cc[n+](C)c1.Fc1ccc([B-](F)(F)F)cc1,338.26,101.325,ElectricalConductivity,0.76799995,0.95640343,0.18840349,test,Ion-family,Family,C,Electrical conductivity multi-split parity plot,True
4005,1-butyl-3-methyl-1H-imidazol-3-ium trifluoro(4-fluorophenyl)borate,CCCCn1cc[n+](C)c1.Fc1ccc([B-](F)(F)F)cc1,343.05,101.325,ElectricalConductivity,0.943,1.0871801,0.14418012,test,Ion-family,Family,C,Electrical conductivity multi-split parity plot,True
4009,1-butyl-3-methyl-1H-imidazol-3-ium trifluoro(4-fluorophenyl)borate,CCCCn1cc[n+](C)c1.Fc1ccc([B-](F)(F)F)cc1,347.99,101.325,ElectricalConductivity,1.0550001,1.2277615,0.17276144,test,Ion-family,Family,C,Electrical conductivity multi-split parity plot,True
4012,1-butyl-3-methyl-1H-imidazol-3-ium trifluoro(4-fluorophenyl)borate,CCCCn1cc[n+](C)c1.Fc1ccc([B-](F)(F)F)cc1,353.31,101.325,ElectricalConductivity,1.249,1.3848333,0.13583338,test,Ion-family,Family,C,Electrical conductivity multi-split parity plot,True
4254,1-butyl-3-methyl-1H-imidazol-3-ium trifluoro(4-methoxyphenyl)borate,CCCCn1cc[n+](C)c1.c1cc(OC)ccc1[B-](F)(F)F,303.48,101.325,ElectricalConductivity,0.07199999,0.16050372,0.088503726,test,Ion-family,Family,C,Electrical conductivity multi-split parity plot,True
4257,1-butyl-3-methyl-1H-imidazol-3-ium trifluoro(4-methoxyphenyl)borate,CCCCn1cc[n+](C)c1.c1cc(OC)ccc1[B-](F)(F)F,308.32,101.325,ElectricalConductivity,0.09999999,0.21899438,0.11899439,test,Ion-family,Family,C,Electrical conductivity multi-split parity plot,True
4260,1-butyl-3-methyl-1H-imidazol-3-ium trifluoro(4-methoxyphenyl)borate,CCCCn1cc[n+](C)c1.c1cc(OC)ccc1[B-](F)(F)F,313.3,101.325,ElectricalConductivity,0.135,0.29164302,0.15664302,test,Ion-family,Family,C,Electrical conductivity multi-split parity plot,True
4262,1-butyl-3-methyl-1H-imidazol-3-ium trifluoro(4-methoxyphenyl)borate,CCCCn1cc[n+](C)c1.c1cc(OC)ccc1[B-](F)(F)F,318.25,101.325,ElectricalConductivity,0.17499998,0.37604117,0.20104119,test,Ion-family,Family,C,Electrical conductivity multi-split parity plot,True
4266,1-butyl-3-methyl-1H-imidazol-3-ium trifluoro(4-methoxyphenyl)borate,CCCCn1cc[n+](C)c1.c1cc(OC)ccc1[B-](F)(F)F,323.13,101.325,ElectricalConductivity,0.22800003,0.47033933,0.2423393,test,Ion-family,Family,C,Electrical conductivity multi-split parity plot,True
4267,1-butyl-3-methyl-1H-imidazol-3-ium trifluoro(4-methoxyphenyl)borate,CCCCn1cc[n+](C)c1.c1cc(OC)ccc1[B-](F)(F)F,327.73,101.325,ElectricalConductivity,0.291,0.5683473,0.27734727,test,Ion-family,Family,C,Electrical conductivity multi-split parity plot,True
4272,1-butyl-3-methyl-1H-imidazol-3-ium trifluoro(4-methoxyphenyl)borate,CCCCn1cc[n+](C)c1.c1cc(OC)ccc1[B-](F)(F)F,333.59,101.325,ElectricalConductivity,0.36399996,0.70440906,0.3404091,test,Ion-family,Family,C,Electrical conductivity multi-split parity plot,True
4274,1-butyl-3-methyl-1H-imidazol-3-ium trifluoro(4-methoxyphenyl)borate,CCCCn1cc[n+](C)c1.c1cc(OC)ccc1[B-](F)(F)F,338.02,101.325,ElectricalConductivity,0.46400002,0.8144431,0.3504431,test,Ion-family,Family,C,Electrical conductivity multi-split parity plot,True
4278,1-butyl-3-methyl-1H-imidazol-3-ium trifluoro(4-methoxyphenyl)borate,CCCCn1cc[n+](C)c1.c1cc(OC)ccc1[B-](F)(F)F,343.3,101.325,ElectricalConductivity,0.538,0.95239127,0.41439128,test,Ion-family,Family,C,Electrical conductivity multi-split parity plot,True
4279,1-butyl-3-methyl-1H-imidazol-3-ium trifluoro(4-methoxyphenyl)borate,CCCCn1cc[n+](C)c1.c1cc(OC)ccc1[B-](F)(F)F,347.99,101.325,ElectricalConductivity,0.673,1.0801767,0.40717673,test,Ion-family,Family,C,Electrical conductivity multi-split parity plot,True
4282,1-butyl-3-methyl-1H-imidazol-3-ium trifluoro(4-methoxyphenyl)borate,CCCCn1cc[n+](C)c1.c1cc(OC)ccc1[B-](F)(F)F,352.79,101.325,ElectricalConductivity,0.783,1.2152466,0.43224657,test,Ion-family,Family,C,Electrical conductivity multi-split parity plot,True
3192,1-butyl-3-methylimidazolium bis(perfluoroethylsulfonyl)imide,CCCC[n+]1ccn(C)c1.O=S(=O)([N-]S(=O)(=O)C(F)(F)C(F)(F)F)C(F)(F)C(F)(F)F,263.0,101.325,ElectricalConductivity,0.014999997,0.06565169,0.050651696,test,Ion-family,Family,C,Electrical conductivity multi-split parity plot,True
3193,1-butyl-3-methylimidazolium bis(perfluoroethylsulfonyl)imide,CCCC[n+]1ccn(C)c1.O=S(=O)([N-]S(=O)(=O)C(F)(F)C(F)(F)F)C(F)(F)C(F)(F)F,273.0,101.325,ElectricalConductivity,0.03299999,0.12108761,0.08808762,test,Ion-family,Family,C,Electrical conductivity multi-split parity plot,True
3194,1-butyl-3-methylimidazolium bis(perfluoroethylsulfonyl)imide,CCCC[n+]1ccn(C)c1.O=S(=O)([N-]S(=O)(=O)C(F)(F)C(F)(F)F)C(F)(F)C(F)(F)F,273.15,101.0,ElectricalConductivity,0.032400005,0.12207576,0.089675754,test,Ion-family,Family,C,Electrical conductivity multi-split parity plot,True
3196,1-butyl-3-methylimidazolium bis(perfluoroethylsulfonyl)imide,CCCC[n+]1ccn(C)c1.O=S(=O)([N-]S(=O)(=O)C(F)(F)C(F)(F)F)C(F)(F)C(F)(F)F,278.15,101.0,ElectricalConductivity,0.045999996,0.1579733,0.11197331,test,Ion-family,Family,C,Electrical conductivity multi-split parity plot,True
3198,1-butyl-3-methylimidazolium bis(perfluoroethylsulfonyl)imide,CCCC[n+]1ccn(C)c1.O=S(=O)([N-]S(=O)(=O)C(F)(F)C(F)(F)F)C(F)(F)C(F)(F)F,283.0,101.325,ElectricalConductivity,0.065,0.19841018,0.13341019,test,Ion-family,Family,C,Electrical conductivity multi-split parity plot,True
3199,1-butyl-3-methylimidazolium bis(perfluoroethylsulfonyl)imide,CCCC[n+]1ccn(C)c1.O=S(=O)([N-]S(=O)(=O)C(F)(F)C(F)(F)F)C(F)(F)C(F)(F)F,283.15,101.0,ElectricalConductivity,0.06340001,0.19975078,0.13635078,test,Ion-family,Family,C,Electrical conductivity multi-split parity plot,True
3202,1-butyl-3-methylimidazolium bis(perfluoroethylsulfonyl)imide,CCCC[n+]1ccn(C)c1.O=S(=O)([N-]S(=O)(=O)C(F)(F)C(F)(F)F)C(F)(F)C(F)(F)F,288.15,101.0,ElectricalConductivity,0.0853,0.24766704,0.16236705,test,Ion-family,Family,C,Electrical conductivity multi-split parity plot,True
3206,1-butyl-3-methylimidazolium bis(perfluoroethylsulfonyl)imide,CCCC[n+]1ccn(C)c1.O=S(=O)([N-]S(=O)(=O)C(F)(F)C(F)(F)F)C(F)(F)C(F)(F)F,293.15,101.0,ElectricalConductivity,0.112199984,0.30180293,0.18960294,test,Ion-family,Family,C,Electrical conductivity multi-split parity plot,True
3207,1-butyl-3-methylimidazolium bis(perfluoroethylsulfonyl)imide,CCCC[n+]1ccn(C)c1.O=S(=O)([N-]S(=O)(=O)C(F)(F)C(F)(F)F)C(F)(F)C(F)(F)F,293.15,101.325,ElectricalConductivity,0.10999999,0.30180264,0.19180265,test,Ion-family,Family,C,Electrical conductivity multi-split parity plot,True
3213,1-butyl-3-methylimidazolium bis(perfluoroethylsulfonyl)imide,CCCC[n+]1ccn(C)c1.O=S(=O)([N-]S(=O)(=O)C(F)(F)C(F)(F)F)C(F)(F)C(F)(F)F,298.15,101.0,ElectricalConductivity,0.145,0.36204034,0.21704035,test,Ion-family,Family,C,Electrical conductivity multi-split parity plot,True
3214,1-butyl-3-methylimidazolium bis(perfluoroethylsulfonyl)imide,CCCC[n+]1ccn(C)c1.O=S(=O)([N-]S(=O)(=O)C(F)(F)C(F)(F)F)C(F)(F)C(F)(F)F,298.15,101.325,ElectricalConductivity,0.15,0.36203903,0.21203902,test,Ion-family,Family,C,Electrical conductivity multi-split parity plot,True
3216,1-butyl-3-methylimidazolium bis(perfluoroethylsulfonyl)imide,CCCC[n+]1ccn(C)c1.O=S(=O)([N-]S(=O)(=O)C(F)(F)C(F)(F)F)C(F)(F)C(F)(F)F,303.15,101.0,ElectricalConductivity,0.1829,0.42807347,0.24517347,test,Ion-family,Family,C,Electrical conductivity multi-split parity plot,True
3217,1-butyl-3-methylimidazolium bis(perfluoroethylsulfonyl)imide,CCCC[n+]1ccn(C)c1.O=S(=O)([N-]S(=O)(=O)C(F)(F)C(F)(F)F)C(F)(F)C(F)(F)F,303.15,101.325,ElectricalConductivity,0.19000001,0.4280711,0.2380711,test,Ion-family,Family,C,Electrical conductivity multi-split parity plot,True
3219,1-butyl-3-methylimidazolium bis(perfluoroethylsulfonyl)imide,CCCC[n+]1ccn(C)c1.O=S(=O)([N-]S(=O)(=O)C(F)(F)C(F)(F)F)C(F)(F)C(F)(F)F,308.15,101.0,ElectricalConductivity,0.2274,0.49944368,0.27204368,test,Ion-family,Family,C,Electrical conductivity multi-split parity plot,True
3224,1-butyl-3-methylimidazolium bis(perfluoroethylsulfonyl)imide,CCCC[n+]1ccn(C)c1.O=S(=O)([N-]S(=O)(=O)C(F)(F)C(F)(F)F)C(F)(F)C(F)(F)F,313.15,101.0,ElectricalConductivity,0.27799997,0.57558584,0.29758587,test,Ion-family,Family,C,Electrical conductivity multi-split parity plot,True
3225,1-butyl-3-methylimidazolium bis(perfluoroethylsulfonyl)imide,CCCC[n+]1ccn(C)c1.O=S(=O)([N-]S(=O)(=O)C(F)(F)C(F)(F)F)C(F)(F)C(F)(F)F,313.15,101.325,ElectricalConductivity,0.28,0.5755808,0.29558077,test,Ion-family,Family,C,Electrical conductivity multi-split parity plot,True
3227,1-butyl-3-methylimidazolium bis(perfluoroethylsulfonyl)imide,CCCC[n+]1ccn(C)c1.O=S(=O)([N-]S(=O)(=O)C(F)(F)C(F)(F)F)C(F)(F)C(F)(F)F,318.15,101.0,ElectricalConductivity,0.33639997,0.6558759,0.31947595,test,Ion-family,Family,C,Electrical conductivity multi-split parity plot,True
3229,1-butyl-3-methylimidazolium bis(perfluoroethylsulfonyl)imide,CCCC[n+]1ccn(C)c1.O=S(=O)([N-]S(=O)(=O)C(F)(F)C(F)(F)F)C(F)(F)C(F)(F)F,323.15,101.0,ElectricalConductivity,0.4,0.7396721,0.33967212,test,Ion-family,Family,C,Electrical conductivity multi-split parity plot,True
3232,1-butyl-3-methylimidazolium bis(perfluoroethylsulfonyl)imide,CCCC[n+]1ccn(C)c1.O=S(=O)([N-]S(=O)(=O)C(F)(F)C(F)(F)F)C(F)(F)C(F)(F)F,328.15,101.0,ElectricalConductivity,0.4747,0.8263457,0.35164568,test,Ion-family,Family,C,Electrical conductivity multi-split parity plot,True
3235,1-butyl-3-methylimidazolium bis(perfluoroethylsulfonyl)imide,CCCC[n+]1ccn(C)c1.O=S(=O)([N-]S(=O)(=O)C(F)(F)C(F)(F)F)C(F)(F)C(F)(F)F,333.15,101.0,ElectricalConductivity,0.549,0.91530013,0.3663001,test,Ion-family,Family,C,Electrical conductivity multi-split parity plot,True
3236,1-butyl-3-methylimidazolium bis(perfluoroethylsulfonyl)imide,CCCC[n+]1ccn(C)c1.O=S(=O)([N-]S(=O)(=O)C(F)(F)C(F)(F)F)C(F)(F)C(F)(F)F,333.15,101.325,ElectricalConductivity,0.5400001,0.9152895,0.37528944,test,Ion-family,Family,C,Electrical conductivity multi-split parity plot,True
3238,1-butyl-3-methylimidazolium bis(perfluoroethylsulfonyl)imide,CCCC[n+]1ccn(C)c1.O=S(=O)([N-]S(=O)(=O)C(F)(F)C(F)(F)F)C(F)(F)C(F)(F)F,338.15,101.0,ElectricalConductivity,0.638,1.0059862,0.3679862,test,Ion-family,Family,C,Electrical conductivity multi-split parity plot,True
3240,1-butyl-3-methylimidazolium bis(perfluoroethylsulfonyl)imide,CCCC[n+]1ccn(C)c1.O=S(=O)([N-]S(=O)(=O)C(F)(F)C(F)(F)F)C(F)(F)C(F)(F)F,343.15,101.0,ElectricalConductivity,0.7239999,1.0979046,0.37390465,test,Ion-family,Family,C,Electrical conductivity multi-split parity plot,True
3243,1-butyl-3-methylimidazolium bis(perfluoroethylsulfonyl)imide,CCCC[n+]1ccn(C)c1.O=S(=O)([N-]S(=O)(=O)C(F)(F)C(F)(F)F)C(F)(F)C(F)(F)F,348.15,101.0,ElectricalConductivity,0.8309999,1.1906046,0.35960466,test,Ion-family,Family,C,Electrical conductivity multi-split parity plot,True
3247,1-butyl-3-methylimidazolium bis(perfluoroethylsulfonyl)imide,CCCC[n+]1ccn(C)c1.O=S(=O)([N-]S(=O)(=O)C(F)(F)C(F)(F)F)C(F)(F)C(F)(F)F,353.15,101.0,ElectricalConductivity,0.92800003,1.2836846,0.35568458,test,Ion-family,Family,C,Electrical conductivity multi-split parity plot,True
3248,1-butyl-3-methylimidazolium bis(perfluoroethylsulfonyl)imide,CCCC[n+]1ccn(C)c1.O=S(=O)([N-]S(=O)(=O)C(F)(F)C(F)(F)F)C(F)(F)C(F)(F)F,353.15,101.325,ElectricalConductivity,0.93999994,1.283669,0.34366906,test,Ion-family,Family,C,Electrical conductivity multi-split parity plot,True
3249,1-butyl-3-methylimidazolium bis(perfluoroethylsulfonyl)imide,CCCC[n+]1ccn(C)c1.O=S(=O)([N-]S(=O)(=O)C(F)(F)C(F)(F)F)C(F)(F)C(F)(F)F,358.15,101.0,ElectricalConductivity,1.05,1.3767821,0.3267821,test,Ion-family,Family,C,Electrical conductivity multi-split parity plot,True
3251,1-butyl-3-methylimidazolium bis(perfluoroethylsulfonyl)imide,CCCC[n+]1ccn(C)c1.O=S(=O)([N-]S(=O)(=O)C(F)(F)C(F)(F)F)C(F)(F)C(F)(F)F,368.15,101.0,ElectricalConductivity,1.2929999,1.561744,0.2687441,test,Ion-family,Family,C,Electrical conductivity multi-split parity plot,True
3252,1-butyl-3-methylimidazolium bis(perfluoroethylsulfonyl)imide,CCCC[n+]1ccn(C)c1.O=S(=O)([N-]S(=O)(=O)C(F)(F)C(F)(F)F)C(F)(F)C(F)(F)F,373.0,101.325,ElectricalConductivity,1.4,1.6502846,0.25028467,test,Ion-family,Family,C,Electrical conductivity multi-split parity plot,True
3253,1-butyl-3-methylimidazolium bis(perfluoroethylsulfonyl)imide,CCCC[n+]1ccn(C)c1.O=S(=O)([N-]S(=O)(=O)C(F)(F)C(F)(F)F)C(F)(F)C(F)(F)F,378.15,101.0,ElectricalConductivity,1.5639998,1.7431453,0.17914557,test,Ion-family,Family,C,Electrical conductivity multi-split parity plot,True
3254,1-butyl-3-methylimidazolium bis(perfluoroethylsulfonyl)imide,CCCC[n+]1ccn(C)c1.O=S(=O)([N-]S(=O)(=O)C(F)(F)C(F)(F)F)C(F)(F)C(F)(F)F,388.15,101.0,ElectricalConductivity,1.8559996,1.9188604,0.06286085,test,Ion-family,Family,C,Electrical conductivity multi-split parity plot,True
3255,1-butyl-3-methylimidazolium bis(perfluoroethylsulfonyl)imide,CCCC[n+]1ccn(C)c1.O=S(=O)([N-]S(=O)(=O)C(F)(F)C(F)(F)F)C(F)(F)C(F)(F)F,398.15,101.0,ElectricalConductivity,2.1630003,2.086835,0.07616544,test,Ion-family,Family,C,Electrical conductivity multi-split parity plot,True
3256,1-butyl-3-methylimidazolium bis(perfluoroethylsulfonyl)imide,CCCC[n+]1ccn(C)c1.O=S(=O)([N-]S(=O)(=O)C(F)(F)C(F)(F)F)C(F)(F)C(F)(F)F,408.15,101.0,ElectricalConductivity,2.4880002,2.2450156,0.24298453,test,Ion-family,Family,C,Electrical conductivity multi-split parity plot,True
3257,1-butyl-3-methylimidazolium bis(perfluoroethylsulfonyl)imide,CCCC[n+]1ccn(C)c1.O=S(=O)([N-]S(=O)(=O)C(F)(F)C(F)(F)F)C(F)(F)C(F)(F)F,418.15,101.0,ElectricalConductivity,2.827,2.3913562,0.43564367,test,Ion-family,Family,C,Electrical conductivity multi-split parity plot,True
3258,1-butyl-3-methylimidazolium bis(perfluoroethylsulfonyl)imide,CCCC[n+]1ccn(C)c1.O=S(=O)([N-]S(=O)(=O)C(F)(F)C(F)(F)F)C(F)(F)C(F)(F)F,428.15,101.0,ElectricalConductivity,3.186,2.5238779,0.66212225,test,Ion-family,Family,C,Electrical conductivity multi-split parity plot,True
3259,1-butyl-3-methylimidazolium bis(perfluoroethylsulfonyl)imide,CCCC[n+]1ccn(C)c1.O=S(=O)([N-]S(=O)(=O)C(F)(F)C(F)(F)F)C(F)(F)C(F)(F)F,438.15,101.0,ElectricalConductivity,3.561,2.6407478,0.9202523,test,Ion-family,Family,C,Electrical conductivity multi-split parity plot,True
3260,1-butyl-3-methylimidazolium bis(perfluoroethylsulfonyl)imide,CCCC[n+]1ccn(C)c1.O=S(=O)([N-]S(=O)(=O)C(F)(F)C(F)(F)F)C(F)(F)C(F)(F)F,448.15,101.0,ElectricalConductivity,3.937,2.7403672,1.1966329,test,Ion-family,Family,C,Electrical conductivity multi-split parity plot,True
3261,1-butyl-3-methylimidazolium bis(perfluoroethylsulfonyl)imide,CCCC[n+]1ccn(C)c1.O=S(=O)([N-]S(=O)(=O)C(F)(F)C(F)(F)F)C(F)(F)C(F)(F)F,458.15,101.0,ElectricalConductivity,4.3349996,2.821417,1.5135825,test,Ion-family,Family,C,Electrical conductivity multi-split parity plot,True
3262,1-butyl-3-methylimidazolium bis(perfluoroethylsulfonyl)imide,CCCC[n+]1ccn(C)c1.O=S(=O)([N-]S(=O)(=O)C(F)(F)C(F)(F)F)C(F)(F)C(F)(F)F,468.15,101.0,ElectricalConductivity,4.7189994,2.88289,1.8361094,test,Ion-family,Family,C,Electrical conductivity multi-split parity plot,True
22,1-butyl-3-methylimidazolium diacetoxydifluoroborate,CC(=O)O[B-](F)(F)OC(C)=O.CCCCn1cc[n+](C)c1,288.15,101.325,ElectricalConductivity,0.047219995,0.0953844,0.0481644,test,Ion-family,Family,C,Electrical conductivity multi-split parity plot,True
24,1-butyl-3-methylimidazolium diacetoxydifluoroborate,CC(=O)O[B-](F)(F)OC(C)=O.CCCCn1cc[n+](C)c1,298.15,101.325,ElectricalConductivity,0.09661,0.18399785,0.08738785,test,Ion-family,Family,C,Electrical conductivity multi-split parity plot,True
25,1-butyl-3-methylimidazolium diacetoxydifluoroborate,CC(=O)O[B-](F)(F)OC(C)=O.CCCCn1cc[n+](C)c1,303.15,101.325,ElectricalConductivity,0.13269998,0.24315035,0.11045037,test,Ion-family,Family,C,Electrical conductivity multi-split parity plot,True
27,1-butyl-3-methylimidazolium diacetoxydifluoroborate,CC(=O)O[B-](F)(F)OC(C)=O.CCCCn1cc[n+](C)c1,313.15,101.325,ElectricalConductivity,0.23210001,0.3891937,0.1570937,test,Ion-family,Family,C,Electrical conductivity multi-split parity plot,True
28,1-butyl-3-methylimidazolium diacetoxydifluoroborate,CC(=O)O[B-](F)(F)OC(C)=O.CCCCn1cc[n+](C)c1,323.15,101.325,ElectricalConductivity,0.3735,0.5658965,0.19239652,test,Ion-family,Family,C,Electrical conductivity multi-split parity plot,True
29,1-butyl-3-methylimidazolium diacetoxydifluoroborate,CC(=O)O[B-](F)(F)OC(C)=O.CCCCn1cc[n+](C)c1,333.15,101.325,ElectricalConductivity,0.5606,0.7648134,0.20421344,test,Ion-family,Family,C,Electrical conductivity multi-split parity plot,True
30,1-butyl-3-methylimidazolium diacetoxydifluoroborate,CC(=O)O[B-](F)(F)OC(C)=O.CCCCn1cc[n+](C)c1,343.15,101.325,ElectricalConductivity,0.79459995,0.978767,0.18416703,test,Ion-family,Family,C,Electrical conductivity multi-split parity plot,True
31,1-butyl-3-methylimidazolium diacetoxydifluoroborate,CC(=O)O[B-](F)(F)OC(C)=O.CCCCn1cc[n+](C)c1,353.15,101.325,ElectricalConductivity,1.0763,1.3677303,0.29143023,test,Ion-family,Family,C,Electrical conductivity multi-split parity plot,True
4151,1-butyl-3-methylimidazolium difluorobis(trifluoroacetato)borate,CCCCn1cc[n+](C)c1.O=C(O[B-](F)(F)OC(=O)C(F)(F)F)C(F)(F)F,248.15,101.325,ElectricalConductivity,0.023189997,0.010084021,0.013105976,test,Ion-family,Family,C,Electrical conductivity multi-split parity plot,True
4152,1-butyl-3-methylimidazolium difluorobis(trifluoroacetato)borate,CCCCn1cc[n+](C)c1.O=C(O[B-](F)(F)OC(=O)C(F)(F)F)C(F)(F)F,258.15,101.325,ElectricalConductivity,0.057350002,0.029930724,0.027419278,test,Ion-family,Family,C,Electrical conductivity multi-split parity plot,True
4153,1-butyl-3-methylimidazolium difluorobis(trifluoroacetato)borate,CCCCn1cc[n+](C)c1.O=C(O[B-](F)(F)OC(=O)C(F)(F)F)C(F)(F)F,268.15,101.325,ElectricalConductivity,0.119799994,0.06438395,0.055416048,test,Ion-family,Family,C,Electrical conductivity multi-split parity plot,True
4155,1-butyl-3-methylimidazolium difluorobis(trifluoroacetato)borate,CCCCn1cc[n+](C)c1.O=C(O[B-](F)(F)OC(=O)C(F)(F)F)C(F)(F)F,278.15,101.325,ElectricalConductivity,0.2186,0.11712524,0.10147476,test,Ion-family,Family,C,Electrical conductivity multi-split parity plot,True
4156,1-butyl-3-methylimidazolium difluorobis(trifluoroacetato)borate,CCCCn1cc[n+](C)c1.O=C(O[B-](F)(F)OC(=O)C(F)(F)F)C(F)(F)F,288.15,101.325,ElectricalConductivity,0.35919997,0.19239248,0.16680749,test,Ion-family,Family,C,Electrical conductivity multi-split parity plot,True
4158,1-butyl-3-methylimidazolium difluorobis(trifluoroacetato)borate,CCCCn1cc[n+](C)c1.O=C(O[B-](F)(F)OC(=O)C(F)(F)F)C(F)(F)F,298.15,101.325,ElectricalConductivity,0.5439,0.2927195,0.2511805,test,Ion-family,Family,C,Electrical conductivity multi-split parity plot,True
4159,1-butyl-3-methylimidazolium difluorobis(trifluoroacetato)borate,CCCCn1cc[n+](C)c1.O=C(O[B-](F)(F)OC(=O)C(F)(F)F)C(F)(F)F,303.15,101.325,ElectricalConductivity,0.65279996,0.3521701,0.30062985,test,Ion-family,Family,C,Electrical conductivity multi-split parity plot,True
4160,1-butyl-3-methylimidazolium difluorobis(trifluoroacetato)borate,CCCCn1cc[n+](C)c1.O=C(O[B-](F)(F)OC(=O)C(F)(F)F)C(F)(F)F,313.15,101.325,ElectricalConductivity,0.90349996,0.48767316,0.4158268,test,Ion-family,Family,C,Electrical conductivity multi-split parity plot,True
4161,1-butyl-3-methylimidazolium difluorobis(trifluoroacetato)borate,CCCCn1cc[n+](C)c1.O=C(O[B-](F)(F)OC(=O)C(F)(F)F)C(F)(F)F,323.15,101.325,ElectricalConductivity,1.1951998,0.64131707,0.5538828,test,Ion-family,Family,C,Electrical conductivity multi-split parity plot,True
4162,1-butyl-3-methylimidazolium difluorobis(trifluoroacetato)borate,CCCCn1cc[n+](C)c1.O=C(O[B-](F)(F)OC(=O)C(F)(F)F)C(F)(F)F,333.15,101.325,ElectricalConductivity,1.5247,0.80791485,0.7167852,test,Ion-family,Family,C,Electrical conductivity multi-split parity plot,True
4163,1-butyl-3-methylimidazolium difluorobis(trifluoroacetato)borate,CCCCn1cc[n+](C)c1.O=C(O[B-](F)(F)OC(=O)C(F)(F)F)C(F)(F)F,343.15,101.325,ElectricalConductivity,1.8894001,0.9827112,0.9066889,test,Ion-family,Family,C,Electrical conductivity multi-split parity plot,True
4164,1-butyl-3-methylimidazolium difluorobis(trifluoroacetato)borate,CCCCn1cc[n+](C)c1.O=C(O[B-](F)(F)OC(=O)C(F)(F)F)C(F)(F)F,353.15,101.325,ElectricalConductivity,2.2826996,1.1617533,1.1209463,test,Ion-family,Family,C,Electrical conductivity multi-split parity plot,True
4165,1-butyl-3-methylimidazolium difluoromono(malonato)borate,CCCCn1cc[n+](C)c1.O=C1CC(=O)O[B-](F)(F)O1,268.15,101.325,ElectricalConductivity,0.014720001,0.0157588,0.0010387981,test,Ion-family,Family,C,Electrical conductivity multi-split parity plot,True
4166,1-butyl-3-methylimidazolium difluoromono(malonato)borate,CCCCn1cc[n+](C)c1.O=C1CC(=O)O[B-](F)(F)O1,278.15,101.325,ElectricalConductivity,0.04125,0.040995788,0.0002542138,test,Ion-family,Family,C,Electrical conductivity multi-split parity plot,True
4168,1-butyl-3-methylimidazolium difluoromono(malonato)borate,CCCCn1cc[n+](C)c1.O=C1CC(=O)O[B-](F)(F)O1,288.15,101.325,ElectricalConductivity,0.09493999,0.09171068,0.0032293126,test,Ion-family,Family,C,Electrical conductivity multi-split parity plot,True
4170,1-butyl-3-methylimidazolium difluoromono(malonato)borate,CCCCn1cc[n+](C)c1.O=C1CC(=O)O[B-](F)(F)O1,298.15,101.325,ElectricalConductivity,0.18859999,0.17951539,0.009084597,test,Ion-family,Family,C,Electrical conductivity multi-split parity plot,True
4171,1-butyl-3-methylimidazolium difluoromono(malonato)borate,CCCCn1cc[n+](C)c1.O=C1CC(=O)O[B-](F)(F)O1,303.15,101.325,ElectricalConductivity,0.2544,0.23975721,0.014642805,test,Ion-family,Family,C,Electrical conductivity multi-split parity plot,True
4173,1-butyl-3-methylimidazolium difluoromono(malonato)borate,CCCCn1cc[n+](C)c1.O=C1CC(=O)O[B-](F)(F)O1,313.15,101.325,ElectricalConductivity,0.42780003,0.39365005,0.034149975,test,Ion-family,Family,C,Electrical conductivity multi-split parity plot,True
4174,1-butyl-3-methylimidazolium difluoromono(malonato)borate,CCCCn1cc[n+](C)c1.O=C1CC(=O)O[B-](F)(F)O1,323.15,101.325,ElectricalConductivity,0.6627,0.58827543,0.074424565,test,Ion-family,Family,C,Electrical conductivity multi-split parity plot,True
4175,1-butyl-3-methylimidazolium difluoromono(malonato)borate,CCCCn1cc[n+](C)c1.O=C1CC(=O)O[B-](F)(F)O1,333.15,101.325,ElectricalConductivity,0.96099997,0.8162359,0.14476407,test,Ion-family,Family,C,Electrical conductivity multi-split parity plot,True
4176,1-butyl-3-methylimidazolium difluoromono(malonato)borate,CCCCn1cc[n+](C)c1.O=C1CC(=O)O[B-](F)(F)O1,343.15,101.325,ElectricalConductivity,1.3227001,1.0698076,0.2528925,test,Ion-family,Family,C,Electrical conductivity multi-split parity plot,True
4177,1-butyl-3-methylimidazolium difluoromono(malonato)borate,CCCCn1cc[n+](C)c1.O=C1CC(=O)O[B-](F)(F)O1,353.15,101.325,ElectricalConductivity,1.7445998,1.3425211,0.40207875,test,Ion-family,Family,C,Electrical conductivity multi-split parity plot,True
4178,1-butyl-3-methylimidazolium difluoromono(oxalato)borate,CCCCn1cc[n+](C)c1.O=C1O[B-](F)(F)OC1=O,258.15,101.325,ElectricalConductivity,0.00949,0.009231637,0.00025836285,test,Ion-family,Family,C,Electrical conductivity multi-split parity plot,True
4179,1-butyl-3-methylimidazolium difluoromono(oxalato)borate,CCCCn1cc[n+](C)c1.O=C1O[B-](F)(F)OC1=O,268.15,101.325,ElectricalConductivity,0.030150002,0.023904478,0.0062455237,test,Ion-family,Family,C,Electrical conductivity multi-split parity plot,True
4181,1-butyl-3-methylimidazolium difluoromono(oxalato)borate,CCCCn1cc[n+](C)c1.O=C1O[B-](F)(F)OC1=O,278.15,101.325,ElectricalConductivity,0.07543,0.056032877,0.01939712,test,Ion-family,Family,C,Electrical conductivity multi-split parity plot,True
4183,1-butyl-3-methylimidazolium difluoromono(oxalato)borate,CCCCn1cc[n+](C)c1.O=C1O[B-](F)(F)OC1=O,288.15,101.325,ElectricalConductivity,0.1607,0.11453625,0.046163745,test,Ion-family,Family,C,Electrical conductivity multi-split parity plot,True
4185,1-butyl-3-methylimidazolium difluoromono(oxalato)borate,CCCCn1cc[n+](C)c1.O=C1O[B-](F)(F)OC1=O,298.15,101.325,ElectricalConductivity,0.2976,0.20900144,0.088598564,test,Ion-family,Family,C,Electrical conductivity multi-split parity plot,True
4186,1-butyl-3-methylimidazolium difluoromono(oxalato)borate,CCCCn1cc[n+](C)c1.O=C1O[B-](F)(F)OC1=O,303.15,101.325,ElectricalConductivity,0.38900003,0.2716881,0.117311925,test,Ion-family,Family,C,Electrical conductivity multi-split parity plot,True
4187,1-butyl-3-methylimidazolium difluoromono(oxalato)borate,CCCCn1cc[n+](C)c1.O=C1O[B-](F)(F)OC1=O,313.15,101.325,ElectricalConductivity,0.6188,0.42867875,0.19012123,test,Ion-family,Family,C,Electrical conductivity multi-split parity plot,True
4188,1-butyl-3-methylimidazolium difluoromono(oxalato)borate,CCCCn1cc[n+](C)c1.O=C1O[B-](F)(F)OC1=O,323.15,101.325,ElectricalConductivity,0.91379994,0.62498116,0.28881878,test,Ion-family,Family,C,Electrical conductivity multi-split parity plot,True
4189,1-butyl-3-methylimidazolium difluoromono(oxalato)borate,CCCCn1cc[n+](C)c1.O=C1O[B-](F)(F)OC1=O,333.15,101.325,ElectricalConductivity,1.2702,0.85471684,0.41548318,test,Ion-family,Family,C,Electrical conductivity multi-split parity plot,True
4190,1-butyl-3-methylimidazolium difluoromono(oxalato)borate,CCCCn1cc[n+](C)c1.O=C1O[B-](F)(F)OC1=O,343.15,101.325,ElectricalConductivity,1.6847999,1.1114093,0.5733906,test,Ion-family,Family,C,Electrical conductivity multi-split parity plot,True
4191,1-butyl-3-methylimidazolium difluoromono(oxalato)borate,CCCCn1cc[n+](C)c1.O=C1O[B-](F)(F)OC1=O,353.15,101.325,ElectricalConductivity,2.1558003,1.3893316,0.76646876,test,Ion-family,Family,C,Electrical conductivity multi-split parity plot,True
5449,1-butyl-3-methylimidazolium dihydrogenphosphate,P(=O)(O)(O)[O-].C(CCC)N1C=[N+](C=C1)C,288.15,101.325,ElectricalConductivity,0.303,0.004558392,0.29844162,test,Ion-family,Family,C,Electrical conductivity multi-split parity plot,True
5451,1-butyl-3-methylimidazolium dihydrogenphosphate,P(=O)(O)(O)[O-].C(CCC)N1C=[N+](C=C1)C,293.15,101.325,ElectricalConductivity,0.35899997,0.008355039,0.35064492,test,Ion-family,Family,C,Electrical conductivity multi-split parity plot,True
5453,1-butyl-3-methylimidazolium dihydrogenphosphate,P(=O)(O)(O)[O-].C(CCC)N1C=[N+](C=C1)C,298.15,101.325,ElectricalConductivity,0.41900003,0.014548487,0.40445155,test,Ion-family,Family,C,Electrical conductivity multi-split parity plot,True
5455,1-butyl-3-methylimidazolium dihydrogenphosphate,P(=O)(O)(O)[O-].C(CCC)N1C=[N+](C=C1)C,303.15,101.325,ElectricalConductivity,0.483,0.024189897,0.45881012,test,Ion-family,Family,C,Electrical conductivity multi-split parity plot,True
5457,1-butyl-3-methylimidazolium dihydrogenphosphate,P(=O)(O)(O)[O-].C(CCC)N1C=[N+](C=C1)C,308.15,101.325,ElectricalConductivity,0.55500007,0.038522698,0.51647735,test,Ion-family,Family,C,Electrical conductivity multi-split parity plot,True
5459,1-butyl-3-methylimidazolium dihydrogenphosphate,P(=O)(O)(O)[O-].C(CCC)N1C=[N+](C=C1)C,313.15,101.325,ElectricalConductivity,0.628,0.058865074,0.56913495,test,Ion-family,Family,C,Electrical conductivity multi-split parity plot,True
5461,1-butyl-3-methylimidazolium dihydrogenphosphate,P(=O)(O)(O)[O-].C(CCC)N1C=[N+](C=C1)C,318.15,101.325,ElectricalConductivity,0.70699996,0.08643433,0.62056565,test,Ion-family,Family,C,Electrical conductivity multi-split parity plot,True
5463,1-butyl-3-methylimidazolium dihydrogenphosphate,P(=O)(O)(O)[O-].C(CCC)N1C=[N+](C=C1)C,323.15,101.325,ElectricalConductivity,0.78800005,0.12216361,0.66583645,test,Ion-family,Family,C,Electrical conductivity multi-split parity plot,True
5465,1-butyl-3-methylimidazolium dihydrogenphosphate,P(=O)(O)(O)[O-].C(CCC)N1C=[N+](C=C1)C,328.15,101.325,ElectricalConductivity,0.86799985,0.16657335,0.7014265,test,Ion-family,Family,C,Electrical conductivity multi-split parity plot,True
5467,1-butyl-3-methylimidazolium dihydrogenphosphate,P(=O)(O)(O)[O-].C(CCC)N1C=[N+](C=C1)C,333.15,101.325,ElectricalConductivity,0.965,0.21973662,0.74526334,test,Ion-family,Family,C,Electrical conductivity multi-split parity plot,True
5469,1-butyl-3-methylimidazolium dihydrogenphosphate,P(=O)(O)(O)[O-].C(CCC)N1C=[N+](C=C1)C,338.15,101.325,ElectricalConductivity,1.059,0.2813358,0.7776642,test,Ion-family,Family,C,Electrical conductivity multi-split parity plot,True
5471,1-butyl-3-methylimidazolium dihydrogenphosphate,P(=O)(O)(O)[O-].C(CCC)N1C=[N+](C=C1)C,343.15,101.325,ElectricalConductivity,1.159,0.384191,0.774809,test,Ion-family,Family,C,Electrical conductivity multi-split parity plot,True
3076,1-butyl-3-methylimidazolium phenyltrifluoroborate,CCCC[n+]1ccn(C)c1.F[B-](F)(F)c1ccccc1,302.73,101.325,ElectricalConductivity,0.241,0.22544208,0.015557915,test,Ion-family,Family,C,Electrical conductivity multi-split parity plot,True
3078,1-butyl-3-methylimidazolium phenyltrifluoroborate,CCCC[n+]1ccn(C)c1.F[B-](F)(F)c1ccccc1,303.0,101.325,ElectricalConductivity,0.24150002,0.22897981,0.012520209,test,Ion-family,Family,C,Electrical conductivity multi-split parity plot,True
3080,1-butyl-3-methylimidazolium phenyltrifluoroborate,CCCC[n+]1ccn(C)c1.F[B-](F)(F)c1ccccc1,308.0,101.325,ElectricalConductivity,0.29399997,0.30111143,0.00711146,test,Ion-family,Family,C,Electrical conductivity multi-split parity plot,True
3081,1-butyl-3-methylimidazolium phenyltrifluoroborate,CCCC[n+]1ccn(C)c1.F[B-](F)(F)c1ccccc1,308.12,101.325,ElectricalConductivity,0.302,0.30299705,0.0009970665,test,Ion-family,Family,C,Electrical conductivity multi-split parity plot,True
3085,1-butyl-3-methylimidazolium phenyltrifluoroborate,CCCC[n+]1ccn(C)c1.F[B-](F)(F)c1ccccc1,313.0,101.325,ElectricalConductivity,0.35999998,0.3857636,0.025763601,test,Ion-family,Family,C,Electrical conductivity multi-split parity plot,True
3087,1-butyl-3-methylimidazolium phenyltrifluoroborate,CCCC[n+]1ccn(C)c1.F[B-](F)(F)c1ccccc1,313.3,101.325,ElectricalConductivity,0.36399996,0.39123437,0.027234405,test,Ion-family,Family,C,Electrical conductivity multi-split parity plot,True
3090,1-butyl-3-methylimidazolium phenyltrifluoroborate,CCCC[n+]1ccn(C)c1.F[B-](F)(F)c1ccccc1,318.0,101.325,ElectricalConductivity,0.43399996,0.4825576,0.04855764,test,Ion-family,Family,C,Electrical conductivity multi-split parity plot,True
3088,1-butyl-3-methylimidazolium phenyltrifluoroborate,CCCC[n+]1ccn(C)c1.F[B-](F)(F)c1ccccc1,318.04,101.325,ElectricalConductivity,0.43900004,0.48337927,0.044379234,test,Ion-family,Family,C,Electrical conductivity multi-split parity plot,True
3092,1-butyl-3-methylimidazolium phenyltrifluoroborate,CCCC[n+]1ccn(C)c1.F[B-](F)(F)c1ccccc1,323.0,101.325,ElectricalConductivity,0.5159999,0.59077543,0.07477552,test,Ion-family,Family,C,Electrical conductivity multi-split parity plot,True
3095,1-butyl-3-methylimidazolium phenyltrifluoroborate,CCCC[n+]1ccn(C)c1.F[B-](F)(F)c1ccccc1,323.34,101.325,ElectricalConductivity,0.549,0.5985265,0.049526453,test,Ion-family,Family,C,Electrical conductivity multi-split parity plot,True
3096,1-butyl-3-methylimidazolium phenyltrifluoroborate,CCCC[n+]1ccn(C)c1.F[B-](F)(F)c1ccccc1,327.95,101.325,ElectricalConductivity,0.637,0.7082509,0.071250856,test,Ion-family,Family,C,Electrical conductivity multi-split parity plot,True
3097,1-butyl-3-methylimidazolium phenyltrifluoroborate,CCCC[n+]1ccn(C)c1.F[B-](F)(F)c1ccccc1,328.0,101.325,ElectricalConductivity,0.596,0.70948625,0.11348623,test,Ion-family,Family,C,Electrical conductivity multi-split parity plot,True
3100,1-butyl-3-methylimidazolium phenyltrifluoroborate,CCCC[n+]1ccn(C)c1.F[B-](F)(F)c1ccccc1,333.0,101.325,ElectricalConductivity,0.708,0.8376621,0.1296621,test,Ion-family,Family,C,Electrical conductivity multi-split parity plot,True
3102,1-butyl-3-methylimidazolium phenyltrifluoroborate,CCCC[n+]1ccn(C)c1.F[B-](F)(F)c1ccccc1,333.36,101.325,ElectricalConductivity,0.726,0.84722775,0.12122774,test,Ion-family,Family,C,Electrical conductivity multi-split parity plot,True
3103,1-butyl-3-methylimidazolium phenyltrifluoroborate,CCCC[n+]1ccn(C)c1.F[B-](F)(F)c1ccccc1,338.0,101.325,ElectricalConductivity,0.81799996,0.9742674,0.15626746,test,Ion-family,Family,C,Electrical conductivity multi-split parity plot,True
3105,1-butyl-3-methylimidazolium phenyltrifluoroborate,CCCC[n+]1ccn(C)c1.F[B-](F)(F)c1ccccc1,338.26,101.325,ElectricalConductivity,0.8130001,0.981583,0.16858292,test,Ion-family,Family,C,Electrical conductivity multi-split parity plot,True
3107,1-butyl-3-methylimidazolium phenyltrifluoroborate,CCCC[n+]1ccn(C)c1.F[B-](F)(F)c1ccccc1,343.0,101.325,ElectricalConductivity,0.917,1.1183176,0.20131761,test,Ion-family,Family,C,Electrical conductivity multi-split parity plot,True
3109,1-butyl-3-methylimidazolium phenyltrifluoroborate,CCCC[n+]1ccn(C)c1.F[B-](F)(F)c1ccccc1,343.3,101.325,ElectricalConductivity,0.96099997,1.1271769,0.16617692,test,Ion-family,Family,C,Electrical conductivity multi-split parity plot,True
3112,1-butyl-3-methylimidazolium phenyltrifluoroborate,CCCC[n+]1ccn(C)c1.F[B-](F)(F)c1ccccc1,348.0,101.325,ElectricalConductivity,1.059,1.2689105,0.20991051,test,Ion-family,Family,C,Electrical conductivity multi-split parity plot,True
3114,1-butyl-3-methylimidazolium phenyltrifluoroborate,CCCC[n+]1ccn(C)c1.F[B-](F)(F)c1ccccc1,348.48,101.325,ElectricalConductivity,1.0750002,1.283682,0.20868182,test,Ion-family,Family,C,Electrical conductivity multi-split parity plot,True
3115,1-butyl-3-methylimidazolium phenyltrifluoroborate,CCCC[n+]1ccn(C)c1.F[B-](F)(F)c1ccccc1,353.0,101.325,ElectricalConductivity,1.1900002,1.4252359,0.23523569,test,Ion-family,Family,C,Electrical conductivity multi-split parity plot,True
3117,1-butyl-3-methylimidazolium phenyltrifluoroborate,CCCC[n+]1ccn(C)c1.F[B-](F)(F)c1ccccc1,353.31,101.325,ElectricalConductivity,1.159,1.4350997,0.27609968,test,Ion-family,Family,C,Electrical conductivity multi-split parity plot,True
2454,1-butyl-3-methylimidazolium tetrafluoroborate,CCCC[n+]1ccn(C)c1.F[B-](F)(F)F,238.05,101.325,ElectricalConductivity,0.0021200003,0.0005248917,0.0015951085,test,Ion-family,Family,C,Electrical conductivity multi-split parity plot,True
2455,1-butyl-3-methylimidazolium tetrafluoroborate,CCCC[n+]1ccn(C)c1.F[B-](F)(F)F,238.15,101.0,ElectricalConductivity,0.0009499997,0.000536462,0.00041353772,test,Ion-family,Family,C,Electrical conductivity multi-split parity plot,True
2462,1-butyl-3-methylimidazolium tetrafluoroborate,CCCC[n+]1ccn(C)c1.F[B-](F)(F)F,248.05,101.325,ElectricalConductivity,0.007780003,0.0032801286,0.004499874,test,Ion-family,Family,C,Electrical conductivity multi-split parity plot,True
2468,1-butyl-3-methylimidazolium tetrafluoroborate,CCCC[n+]1ccn(C)c1.F[B-](F)(F)F,258.05,101.325,ElectricalConductivity,0.0225,0.011851422,0.010648579,test,Ion-family,Family,C,Electrical conductivity multi-split parity plot,True
2469,1-butyl-3-methylimidazolium tetrafluoroborate,CCCC[n+]1ccn(C)c1.F[B-](F)(F)F,258.15,101.0,ElectricalConductivity,0.0227,0.011987053,0.010712948,test,Ion-family,Family,C,Electrical conductivity multi-split parity plot,True
2470,1-butyl-3-methylimidazolium tetrafluoroborate,CCCC[n+]1ccn(C)c1.F[B-](F)(F)F,258.15,101.325,ElectricalConductivity,0.023179997,0.011987585,0.011192412,test,Ion-family,Family,C,Electrical conductivity multi-split parity plot,True
2474,1-butyl-3-methylimidazolium tetrafluoroborate,CCCC[n+]1ccn(C)c1.F[B-](F)(F)F,263.0,101.325,ElectricalConductivity,0.035999995,0.020169865,0.01583013,test,Ion-family,Family,C,Electrical conductivity multi-split parity plot,True
2482,1-butyl-3-methylimidazolium tetrafluoroborate,CCCC[n+]1ccn(C)c1.F[B-](F)(F)F,268.1,101.325,ElectricalConductivity,0.0542,0.032827575,0.021372426,test,Ion-family,Family,C,Electrical conductivity multi-split parity plot,True
2481,1-butyl-3-methylimidazolium tetrafluoroborate,CCCC[n+]1ccn(C)c1.F[B-](F)(F)F,268.15,101.325,ElectricalConductivity,0.054769997,0.032976173,0.021793824,test,Ion-family,Family,C,Electrical conductivity multi-split parity plot,True
2489,1-butyl-3-methylimidazolium tetrafluoroborate,CCCC[n+]1ccn(C)c1.F[B-](F)(F)F,273.0,100.0,ElectricalConductivity,0.07839999,0.050061442,0.028338552,test,Ion-family,Family,C,Electrical conductivity multi-split parity plot,True
2490,1-butyl-3-methylimidazolium tetrafluoroborate,CCCC[n+]1ccn(C)c1.F[B-](F)(F)F,273.0,101.325,ElectricalConductivity,0.056500003,0.050064746,0.0064352565,test,Ion-family,Family,C,Electrical conductivity multi-split parity plot,True
2494,1-butyl-3-methylimidazolium tetrafluoroborate,CCCC[n+]1ccn(C)c1.F[B-](F)(F)F,273.4,100.0,ElectricalConductivity,0.07760001,0.051727265,0.025872745,test,Ion-family,Family,C,Electrical conductivity multi-split parity plot,True
2496,1-butyl-3-methylimidazolium tetrafluoroborate,CCCC[n+]1ccn(C)c1.F[B-](F)(F)F,274.0,101.325,ElectricalConductivity,0.036999993,0.054309227,0.017309234,test,Ion-family,Family,C,Electrical conductivity multi-split parity plot,True
2499,1-butyl-3-methylimidazolium tetrafluoroborate,CCCC[n+]1ccn(C)c1.F[B-](F)(F)F,276.0,101.325,ElectricalConductivity,0.04699999,0.06362702,0.016627029,test,Ion-family,Family,C,Electrical conductivity multi-split parity plot,True
2500,1-butyl-3-methylimidazolium tetrafluoroborate,CCCC[n+]1ccn(C)c1.F[B-](F)(F)F,277.5,101.325,ElectricalConductivity,0.04899999,0.07138652,0.022386532,test,Ion-family,Family,C,Electrical conductivity multi-split parity plot,True
2508,1-butyl-3-methylimidazolium tetrafluoroborate,CCCC[n+]1ccn(C)c1.F[B-](F)(F)F,278.1,101.325,ElectricalConductivity,0.113199994,0.07468562,0.038514376,test,Ion-family,Family,C,Electrical conductivity multi-split parity plot,True
2504,1-butyl-3-methylimidazolium tetrafluoroborate,CCCC[n+]1ccn(C)c1.F[B-](F)(F)F,278.15,100.0,ElectricalConductivity,0.109,0.07496291,0.03403709,test,Ion-family,Family,C,Electrical conductivity multi-split parity plot,True
2505,1-butyl-3-methylimidazolium tetrafluoroborate,CCCC[n+]1ccn(C)c1.F[B-](F)(F)F,278.15,101.0,ElectricalConductivity,0.11299999,0.074964955,0.038035035,test,Ion-family,Family,C,Electrical conductivity multi-split parity plot,True
2506,1-butyl-3-methylimidazolium tetrafluoroborate,CCCC[n+]1ccn(C)c1.F[B-](F)(F)F,278.15,101.325,ElectricalConductivity,0.11367001,0.074965626,0.03870438,test,Ion-family,Family,C,Electrical conductivity multi-split parity plot,True
2516,1-butyl-3-methylimidazolium tetrafluoroborate,CCCC[n+]1ccn(C)c1.F[B-](F)(F)F,282.0,101.325,ElectricalConductivity,0.064,0.09905409,0.035054088,test,Ion-family,Family,C,Electrical conductivity multi-split parity plot,True
2522,1-butyl-3-methylimidazolium tetrafluoroborate,CCCC[n+]1ccn(C)c1.F[B-](F)(F)F,283.0,101.325,ElectricalConductivity,0.16,0.106171034,0.053828962,test,Ion-family,Family,C,Electrical conductivity multi-split parity plot,True
2523,1-butyl-3-methylimidazolium tetrafluoroborate,CCCC[n+]1ccn(C)c1.F[B-](F)(F)F,283.15,100.0,ElectricalConductivity,0.1511,0.107269615,0.04383038,test,Ion-family,Family,C,Electrical conductivity multi-split parity plot,True
2537,1-butyl-3-methylimidazolium tetrafluoroborate,CCCC[n+]1ccn(C)c1.F[B-](F)(F)F,288.14,100.0,ElectricalConductivity,0.19870001,0.14893167,0.049768344,test,Ion-family,Family,C,Electrical conductivity multi-split parity plot,True
2538,1-butyl-3-methylimidazolium tetrafluoroborate,CCCC[n+]1ccn(C)c1.F[B-](F)(F)F,288.15,100.0,ElectricalConductivity,0.1967,0.1490253,0.0476747,test,Ion-family,Family,C,Electrical conductivity multi-split parity plot,True
2540,1-butyl-3-methylimidazolium tetrafluoroborate,CCCC[n+]1ccn(C)c1.F[B-](F)(F)F,288.15,101.325,ElectricalConductivity,0.2113,0.14902352,0.062276483,test,Ion-family,Family,C,Electrical conductivity multi-split parity plot,True
2563,1-butyl-3-methylimidazolium tetrafluoroborate,CCCC[n+]1ccn(C)c1.F[B-](F)(F)F,293.11,101.325,ElectricalConductivity,0.29999998,0.20102014,0.098979846,test,Ion-family,Family,C,Electrical conductivity multi-split parity plot,True
2565,1-butyl-3-methylimidazolium tetrafluoroborate,CCCC[n+]1ccn(C)c1.F[B-](F)(F)F,293.15,100.0,ElectricalConductivity,0.25850004,0.20149143,0.05700861,test,Ion-family,Family,C,Electrical conductivity multi-split parity plot,True
2568,1-butyl-3-methylimidazolium tetrafluoroborate,CCCC[n+]1ccn(C)c1.F[B-](F)(F)F,293.15,101.325,ElectricalConductivity,0.23546667,0.20148519,0.033981487,test,Ion-family,Family,C,Electrical conductivity multi-split parity plot,True
2583,1-butyl-3-methylimidazolium tetrafluoroborate,CCCC[n+]1ccn(C)c1.F[B-](F)(F)F,294.5,101.325,ElectricalConductivity,0.147,0.21762083,0.070620835,test,Ion-family,Family,C,Electrical conductivity multi-split parity plot,True
2589,1-butyl-3-methylimidazolium tetrafluoroborate,CCCC[n+]1ccn(C)c1.F[B-](F)(F)F,295.1,101.325,ElectricalConductivity,0.41000003,0.22507033,0.1849297,test,Ion-family,Family,C,Electrical conductivity multi-split parity plot,True
2594,1-butyl-3-methylimidazolium tetrafluoroborate,CCCC[n+]1ccn(C)c1.F[B-](F)(F)F,296.15,101.0,ElectricalConductivity,0.35,0.23852544,0.11147456,test,Ion-family,Family,C,Electrical conductivity multi-split parity plot,True
2613,1-butyl-3-methylimidazolium tetrafluoroborate,CCCC[n+]1ccn(C)c1.F[B-](F)(F)F,298.1,101.325,ElectricalConductivity,0.35539997,0.26492977,0.090470195,test,Ion-family,Family,C,Electrical conductivity multi-split parity plot,True
2606,1-butyl-3-methylimidazolium tetrafluoroborate,CCCC[n+]1ccn(C)c1.F[B-](F)(F)F,298.14,100.0,ElectricalConductivity,0.34099996,0.26550353,0.075496435,test,Ion-family,Family,C,Electrical conductivity multi-split parity plot,True
2607,1-butyl-3-methylimidazolium tetrafluoroborate,CCCC[n+]1ccn(C)c1.F[B-](F)(F)F,298.15,100.0,ElectricalConductivity,0.30935,0.2656436,0.043706417,test,Ion-family,Family,C,Electrical conductivity multi-split parity plot,True
2608,1-butyl-3-methylimidazolium tetrafluoroborate,CCCC[n+]1ccn(C)c1.F[B-](F)(F)F,298.15,101.0,ElectricalConductivity,0.35266668,0.26563424,0.08703244,test,Ion-family,Family,C,Electrical conductivity multi-split parity plot,True
2610,1-butyl-3-methylimidazolium tetrafluoroborate,CCCC[n+]1ccn(C)c1.F[B-](F)(F)F,298.15,101.325,ElectricalConductivity,0.35128337,0.2656312,0.08565217,test,Ion-family,Family,C,Electrical conductivity multi-split parity plot,True
2646,1-butyl-3-methylimidazolium tetrafluoroborate,CCCC[n+]1ccn(C)c1.F[B-](F)(F)F,303.0,101.325,ElectricalConductivity,0.41933334,0.33959255,0.07974079,test,Ion-family,Family,C,Electrical conductivity multi-split parity plot,True
2648,1-butyl-3-methylimidazolium tetrafluoroborate,CCCC[n+]1ccn(C)c1.F[B-](F)(F)F,303.13,101.325,ElectricalConductivity,0.6000001,0.34173682,0.25826326,test,Ion-family,Family,C,Electrical conductivity multi-split parity plot,True
2650,1-butyl-3-methylimidazolium tetrafluoroborate,CCCC[n+]1ccn(C)c1.F[B-](F)(F)F,303.15,100.0,ElectricalConductivity,0.4165,0.34208775,0.07441226,test,Ion-family,Family,C,Electrical conductivity multi-split parity plot,True
2653,1-butyl-3-methylimidazolium tetrafluoroborate,CCCC[n+]1ccn(C)c1.F[B-](F)(F)F,303.15,101.325,ElectricalConductivity,0.50846,0.34206724,0.16639274,test,Ion-family,Family,C,Electrical conductivity multi-split parity plot,True
2655,1-butyl-3-methylimidazolium tetrafluoroborate,CCCC[n+]1ccn(C)c1.F[B-](F)(F)F,303.16,100.0,ElectricalConductivity,0.42199996,0.34225324,0.07974672,test,Ion-family,Family,C,Electrical conductivity multi-split parity plot,True
2660,1-butyl-3-methylimidazolium tetrafluoroborate,CCCC[n+]1ccn(C)c1.F[B-](F)(F)F,303.2,101.325,ElectricalConductivity,0.29500002,0.34289506,0.047895044,test,Ion-family,Family,C,Electrical conductivity multi-split parity plot,True
2672,1-butyl-3-methylimidazolium tetrafluoroborate,CCCC[n+]1ccn(C)c1.F[B-](F)(F)F,305.0,101.325,ElectricalConductivity,0.25499997,0.37351763,0.11851767,test,Ion-family,Family,C,Electrical conductivity multi-split parity plot,True
2690,1-butyl-3-methylimidazolium tetrafluoroborate,CCCC[n+]1ccn(C)c1.F[B-](F)(F)F,308.0,101.325,ElectricalConductivity,0.508,0.428153,0.07984701,test,Ion-family,Family,C,Electrical conductivity multi-split parity plot,True
2694,1-butyl-3-methylimidazolium tetrafluoroborate,CCCC[n+]1ccn(C)c1.F[B-](F)(F)F,308.15,100.0,ElectricalConductivity,0.51766664,0.43103212,0.08663452,test,Ion-family,Family,C,Electrical conductivity multi-split parity plot,True
2697,1-butyl-3-methylimidazolium tetrafluoroborate,CCCC[n+]1ccn(C)c1.F[B-](F)(F)F,308.15,101.325,ElectricalConductivity,0.53775,0.431002,0.106748015,test,Ion-family,Family,C,Electrical conductivity multi-split parity plot,True
2701,1-butyl-3-methylimidazolium tetrafluoroborate,CCCC[n+]1ccn(C)c1.F[B-](F)(F)F,308.2,101.325,ElectricalConductivity,0.36399996,0.43195462,0.06795466,test,Ion-family,Family,C,Electrical conductivity multi-split parity plot,True
2726,1-butyl-3-methylimidazolium tetrafluoroborate,CCCC[n+]1ccn(C)c1.F[B-](F)(F)F,313.0,101.325,ElectricalConductivity,0.613,0.52906185,0.08393812,test,Ion-family,Family,C,Electrical conductivity multi-split parity plot,True
2728,1-butyl-3-methylimidazolium tetrafluoroborate,CCCC[n+]1ccn(C)c1.F[B-](F)(F)F,313.15,100.0,ElectricalConductivity,0.63133335,0.53231686,0.09901649,test,Ion-family,Family,C,Electrical conductivity multi-split parity plot,True
2731,1-butyl-3-methylimidazolium tetrafluoroborate,CCCC[n+]1ccn(C)c1.F[B-](F)(F)F,313.15,101.325,ElectricalConductivity,0.730575,0.53227574,0.19829929,test,Ion-family,Family,C,Electrical conductivity multi-split parity plot,True
2734,1-butyl-3-methylimidazolium tetrafluoroborate,CCCC[n+]1ccn(C)c1.F[B-](F)(F)F,313.17,101.325,ElectricalConductivity,0.90000004,0.53270555,0.3672945,test,Ion-family,Family,C,Electrical conductivity multi-split parity plot,True
2738,1-butyl-3-methylimidazolium tetrafluoroborate,CCCC[n+]1ccn(C)c1.F[B-](F)(F)F,313.2,101.325,ElectricalConductivity,0.446,0.5333497,0.08734968,test,Ion-family,Family,C,Electrical conductivity multi-split parity plot,True
2759,1-butyl-3-methylimidazolium tetrafluoroborate,CCCC[n+]1ccn(C)c1.F[B-](F)(F)F,318.0,101.325,ElectricalConductivity,0.6045,0.64186746,0.037367463,test,Ion-family,Family,C,Electrical conductivity multi-split parity plot,True
2762,1-butyl-3-methylimidazolium tetrafluoroborate,CCCC[n+]1ccn(C)c1.F[B-](F)(F)F,318.15,100.0,ElectricalConductivity,0.7675,0.6454823,0.12201768,test,Ion-family,Family,C,Electrical conductivity multi-split parity plot,True
2763,1-butyl-3-methylimidazolium tetrafluoroborate,CCCC[n+]1ccn(C)c1.F[B-](F)(F)F,318.15,101.0,ElectricalConductivity,0.8259999,0.6454418,0.18055815,test,Ion-family,Family,C,Electrical conductivity multi-split parity plot,True
2765,1-butyl-3-methylimidazolium tetrafluoroborate,CCCC[n+]1ccn(C)c1.F[B-](F)(F)F,318.15,101.325,ElectricalConductivity,0.7985,0.64542884,0.15307117,test,Ion-family,Family,C,Electrical conductivity multi-split parity plot,True
2767,1-butyl-3-methylimidazolium tetrafluoroborate,CCCC[n+]1ccn(C)c1.F[B-](F)(F)F,318.16,100.0,ElectricalConductivity,0.74000007,0.64572036,0.09427971,test,Ion-family,Family,C,Electrical conductivity multi-split parity plot,True
2773,1-butyl-3-methylimidazolium tetrafluoroborate,CCCC[n+]1ccn(C)c1.F[B-](F)(F)F,318.2,101.325,ElectricalConductivity,0.542,0.6466185,0.10461849,test,Ion-family,Family,C,Electrical conductivity multi-split parity plot,True
2797,1-butyl-3-methylimidazolium tetrafluoroborate,CCCC[n+]1ccn(C)c1.F[B-](F)(F)F,323.0,101.325,ElectricalConductivity,0.86600006,0.7659047,0.10009533,test,Ion-family,Family,C,Electrical conductivity multi-split parity plot,True
2799,1-butyl-3-methylimidazolium tetrafluoroborate,CCCC[n+]1ccn(C)c1.F[B-](F)(F)F,323.12,100.0,ElectricalConductivity,0.8730001,0.7690797,0.1039204,test,Ion-family,Family,C,Electrical conductivity multi-split parity plot,True
2804,1-butyl-3-methylimidazolium tetrafluoroborate,CCCC[n+]1ccn(C)c1.F[B-](F)(F)F,323.15,101.325,ElectricalConductivity,1.0420668,0.76979107,0.27227575,test,Ion-family,Family,C,Electrical conductivity multi-split parity plot,True
2806,1-butyl-3-methylimidazolium tetrafluoroborate,CCCC[n+]1ccn(C)c1.F[B-](F)(F)F,323.16,100.0,ElectricalConductivity,0.82799995,0.77011764,0.05788231,test,Ion-family,Family,C,Electrical conductivity multi-split parity plot,True
2807,1-butyl-3-methylimidazolium tetrafluoroborate,CCCC[n+]1ccn(C)c1.F[B-](F)(F)F,323.16,101.325,ElectricalConductivity,1.2999997,0.7700508,0.5299489,test,Ion-family,Family,C,Electrical conductivity multi-split parity plot,True
2808,1-butyl-3-methylimidazolium tetrafluoroborate,CCCC[n+]1ccn(C)c1.F[B-](F)(F)F,323.17,100.0,ElectricalConductivity,0.91199994,0.77037734,0.1416226,test,Ion-family,Family,C,Electrical conductivity multi-split parity plot,True
2811,1-butyl-3-methylimidazolium tetrafluoroborate,CCCC[n+]1ccn(C)c1.F[B-](F)(F)F,323.2,100.0,ElectricalConductivity,0.902,0.7711561,0.13084394,test,Ion-family,Family,C,Electrical conductivity multi-split parity plot,True
2812,1-butyl-3-methylimidazolium tetrafluoroborate,CCCC[n+]1ccn(C)c1.F[B-](F)(F)F,323.2,101.325,ElectricalConductivity,0.651,0.77108914,0.12008911,test,Ion-family,Family,C,Electrical conductivity multi-split parity plot,True
2826,1-butyl-3-methylimidazolium tetrafluoroborate,CCCC[n+]1ccn(C)c1.F[B-](F)(F)F,328.0,101.325,ElectricalConductivity,1.014,0.9003843,0.11361575,test,Ion-family,Family,C,Electrical conductivity multi-split parity plot,True
2824,1-butyl-3-methylimidazolium tetrafluoroborate,CCCC[n+]1ccn(C)c1.F[B-](F)(F)F,328.07,100.0,ElectricalConductivity,1.0156,0.9024169,0.11318308,test,Ion-family,Family,C,Electrical conductivity multi-split parity plot,True
2828,1-butyl-3-methylimidazolium tetrafluoroborate,CCCC[n+]1ccn(C)c1.F[B-](F)(F)F,328.13,100.0,ElectricalConductivity,1.0613999,0.9040925,0.15730745,test,Ion-family,Family,C,Electrical conductivity multi-split parity plot,True
2831,1-butyl-3-methylimidazolium tetrafluoroborate,CCCC[n+]1ccn(C)c1.F[B-](F)(F)F,328.15,101.325,ElectricalConductivity,1.0626668,0.9045709,0.1580959,test,Ion-family,Family,C,Electrical conductivity multi-split parity plot,True
2833,1-butyl-3-methylimidazolium tetrafluoroborate,CCCC[n+]1ccn(C)c1.F[B-](F)(F)F,328.17,100.0,ElectricalConductivity,1.0489999,0.90521055,0.14378935,test,Ion-family,Family,C,Electrical conductivity multi-split parity plot,True
2838,1-butyl-3-methylimidazolium tetrafluoroborate,CCCC[n+]1ccn(C)c1.F[B-](F)(F)F,328.2,101.325,ElectricalConductivity,0.783,0.90596896,0.12296897,test,Ion-family,Family,C,Electrical conductivity multi-split parity plot,True
2857,1-butyl-3-methylimidazolium tetrafluoroborate,CCCC[n+]1ccn(C)c1.F[B-](F)(F)F,333.0,101.325,ElectricalConductivity,1.1890002,1.0444671,0.14453316,test,Ion-family,Family,C,Electrical conductivity multi-split parity plot,True
2859,1-butyl-3-methylimidazolium tetrafluoroborate,CCCC[n+]1ccn(C)c1.F[B-](F)(F)F,333.11,100.0,ElectricalConductivity,1.2207,1.0478318,0.17286825,test,Ion-family,Family,C,Electrical conductivity multi-split parity plot,True
2862,1-butyl-3-methylimidazolium tetrafluoroborate,CCCC[n+]1ccn(C)c1.F[B-](F)(F)F,333.14,100.0,ElectricalConductivity,1.2058,1.0487254,0.15707469,test,Ion-family,Family,C,Electrical conductivity multi-split parity plot,True
2865,1-butyl-3-methylimidazolium tetrafluoroborate,CCCC[n+]1ccn(C)c1.F[B-](F)(F)F,333.15,101.325,ElectricalConductivity,1.3125,1.0489292,0.2635708,test,Ion-family,Family,C,Electrical conductivity multi-split parity plot,True
2867,1-butyl-3-methylimidazolium tetrafluoroborate,CCCC[n+]1ccn(C)c1.F[B-](F)(F)F,333.16,100.0,ElectricalConductivity,1.1769,1.0493207,0.12757933,test,Ion-family,Family,C,Electrical conductivity multi-split parity plot,True
2872,1-butyl-3-methylimidazolium tetrafluoroborate,CCCC[n+]1ccn(C)c1.F[B-](F)(F)F,333.2,101.325,ElectricalConductivity,0.926,1.050419,0.124418974,test,Ion-family,Family,C,Electrical conductivity multi-split parity plot,True
2873,1-butyl-3-methylimidazolium tetrafluoroborate,CCCC[n+]1ccn(C)c1.F[B-](F)(F)F,333.5,101.325,ElectricalConductivity,0.88200015,1.0593712,0.17737108,test,Ion-family,Family,C,Electrical conductivity multi-split parity plot,True
2888,1-butyl-3-methylimidazolium tetrafluoroborate,CCCC[n+]1ccn(C)c1.F[B-](F)(F)F,338.0,101.325,ElectricalConductivity,1.3720001,1.1973227,0.17467737,test,Ion-family,Family,C,Electrical conductivity multi-split parity plot,True
2890,1-butyl-3-methylimidazolium tetrafluoroborate,CCCC[n+]1ccn(C)c1.F[B-](F)(F)F,338.12,100.0,ElectricalConductivity,1.3692001,1.2011995,0.16800058,test,Ion-family,Family,C,Electrical conductivity multi-split parity plot,True
2891,1-butyl-3-methylimidazolium tetrafluoroborate,CCCC[n+]1ccn(C)c1.F[B-](F)(F)F,338.14,100.0,ElectricalConductivity,1.3436002,1.2018286,0.14177155,test,Ion-family,Family,C,Electrical conductivity multi-split parity plot,True
2893,1-butyl-3-methylimidazolium tetrafluoroborate,CCCC[n+]1ccn(C)c1.F[B-](F)(F)F,338.15,101.0,ElectricalConductivity,1.548,1.2020622,0.34593773,test,Ion-family,Family,C,Electrical conductivity multi-split parity plot,True
2894,1-butyl-3-methylimidazolium tetrafluoroborate,CCCC[n+]1ccn(C)c1.F[B-](F)(F)F,338.15,101.325,ElectricalConductivity,1.545,1.2020358,0.34296417,test,Ion-family,Family,C,Electrical conductivity multi-split parity plot,True
2896,1-butyl-3-methylimidazolium tetrafluoroborate,CCCC[n+]1ccn(C)c1.F[B-](F)(F)F,338.18,100.0,ElectricalConductivity,1.3759999,1.2030859,0.17291403,test,Ion-family,Family,C,Electrical conductivity multi-split parity plot,True
2899,1-butyl-3-methylimidazolium tetrafluoroborate,CCCC[n+]1ccn(C)c1.F[B-](F)(F)F,338.2,101.325,ElectricalConductivity,1.081,1.2036086,0.12260866,test,Ion-family,Family,C,Electrical conductivity multi-split parity plot,True
2919,1-butyl-3-methylimidazolium tetrafluoroborate,CCCC[n+]1ccn(C)c1.F[B-](F)(F)F,343.0,101.325,ElectricalConductivity,1.562,1.3581623,0.20383775,test,Ion-family,Family,C,Electrical conductivity multi-split parity plot,True
2921,1-butyl-3-methylimidazolium tetrafluoroborate,CCCC[n+]1ccn(C)c1.F[B-](F)(F)F,343.14,100.0,ElectricalConductivity,1.5200998,1.3628937,0.15720606,test,Ion-family,Family,C,Electrical conductivity multi-split parity plot,True
2924,1-butyl-3-methylimidazolium tetrafluoroborate,CCCC[n+]1ccn(C)c1.F[B-](F)(F)F,343.15,101.325,ElectricalConductivity,1.53495,1.3631027,0.17184734,test,Ion-family,Family,C,Electrical conductivity multi-split parity plot,True
2926,1-butyl-3-methylimidazolium tetrafluoroborate,CCCC[n+]1ccn(C)c1.F[B-](F)(F)F,343.17,100.0,ElectricalConductivity,1.5459499,1.3638825,0.1820674,test,Ion-family,Family,C,Electrical conductivity multi-split parity plot,True
2930,1-butyl-3-methylimidazolium tetrafluoroborate,CCCC[n+]1ccn(C)c1.F[B-](F)(F)F,343.2,101.325,ElectricalConductivity,1.2509999,1.3647516,0.11375165,test,Ion-family,Family,C,Electrical conductivity multi-split parity plot,True
2941,1-butyl-3-methylimidazolium tetrafluoroborate,CCCC[n+]1ccn(C)c1.F[B-](F)(F)F,348.0,101.325,ElectricalConductivity,1.857,1.5262551,0.33074486,test,Ion-family,Family,C,Electrical conductivity multi-split parity plot,True
2950,1-butyl-3-methylimidazolium tetrafluoroborate,CCCC[n+]1ccn(C)c1.F[B-](F)(F)F,348.1,100.0,ElectricalConductivity,1.7033999,1.5298172,0.17358267,test,Ion-family,Family,C,Electrical conductivity multi-split parity plot,True
2944,1-butyl-3-methylimidazolium tetrafluoroborate,CCCC[n+]1ccn(C)c1.F[B-](F)(F)F,348.13,100.0,ElectricalConductivity,1.6179999,1.5308472,0.08715272,test,Ion-family,Family,C,Electrical conductivity multi-split parity plot,True
2945,1-butyl-3-methylimidazolium tetrafluoroborate,CCCC[n+]1ccn(C)c1.F[B-](F)(F)F,348.14,100.0,ElectricalConductivity,1.73,1.5311911,0.19880891,test,Ion-family,Family,C,Electrical conductivity multi-split parity plot,True
2948,1-butyl-3-methylimidazolium tetrafluoroborate,CCCC[n+]1ccn(C)c1.F[B-](F)(F)F,348.15,101.325,ElectricalConductivity,2.0,1.5314023,0.46859765,test,Ion-family,Family,C,Electrical conductivity multi-split parity plot,True
2949,1-butyl-3-methylimidazolium tetrafluoroborate,CCCC[n+]1ccn(C)c1.F[B-](F)(F)F,348.16,100.0,ElectricalConductivity,1.6987002,1.5318778,0.16682243,test,Ion-family,Family,C,Electrical conductivity multi-split parity plot,True
2953,1-butyl-3-methylimidazolium tetrafluoroborate,CCCC[n+]1ccn(C)c1.F[B-](F)(F)F,348.2,101.325,ElectricalConductivity,1.6689999,1.53312,0.13587987,test,Ion-family,Family,C,Electrical conductivity multi-split parity plot,True
2960,1-butyl-3-methylimidazolium tetrafluoroborate,CCCC[n+]1ccn(C)c1.F[B-](F)(F)F,350.5,101.325,ElectricalConductivity,1.4449998,1.6128094,0.1678096,test,Ion-family,Family,C,Electrical conductivity multi-split parity plot,True
2974,1-butyl-3-methylimidazolium tetrafluoroborate,CCCC[n+]1ccn(C)c1.F[B-](F)(F)F,353.0,101.325,ElectricalConductivity,2.1440003,1.7009315,0.44306874,test,Ion-family,Family,C,Electrical conductivity multi-split parity plot,True
2982,1-butyl-3-methylimidazolium tetrafluoroborate,CCCC[n+]1ccn(C)c1.F[B-](F)(F)F,353.1,100.0,ElectricalConductivity,1.8893,1.7046312,0.18466878,test,Ion-family,Family,C,Electrical conductivity multi-split parity plot,True
2976,1-butyl-3-methylimidazolium tetrafluoroborate,CCCC[n+]1ccn(C)c1.F[B-](F)(F)F,353.13,100.0,ElectricalConductivity,1.9163998,1.705698,0.21070182,test,Ion-family,Family,C,Electrical conductivity multi-split parity plot,True
2979,1-butyl-3-methylimidazolium tetrafluoroborate,CCCC[n+]1ccn(C)c1.F[B-](F)(F)F,353.15,101.325,ElectricalConductivity,2.0538335,1.706267,0.3475665,test,Ion-family,Family,C,Electrical conductivity multi-split parity plot,True
2980,1-butyl-3-methylimidazolium tetrafluoroborate,CCCC[n+]1ccn(C)c1.F[B-](F)(F)F,353.17,100.0,ElectricalConductivity,1.8632997,1.7071222,0.15617752,test,Ion-family,Family,C,Electrical conductivity multi-split parity plot,True
2984,1-butyl-3-methylimidazolium tetrafluoroborate,CCCC[n+]1ccn(C)c1.F[B-](F)(F)F,353.2,101.325,ElectricalConductivity,2.1800003,1.7080474,0.47195292,test,Ion-family,Family,C,Electrical conductivity multi-split parity plot,True
2992,1-butyl-3-methylimidazolium tetrafluoroborate,CCCC[n+]1ccn(C)c1.F[B-](F)(F)F,358.15,101.0,ElectricalConductivity,2.5300002,1.8871219,0.6428783,test,Ion-family,Family,C,Electrical conductivity multi-split parity plot,True
2993,1-butyl-3-methylimidazolium tetrafluoroborate,CCCC[n+]1ccn(C)c1.F[B-](F)(F)F,358.15,101.325,ElectricalConductivity,2.5200002,1.8870842,0.632916,test,Ion-family,Family,C,Electrical conductivity multi-split parity plot,True
3023,1-butyl-3-methylimidazolium tetrafluoroborate,CCCC[n+]1ccn(C)c1.F[B-](F)(F)F,368.15,101.325,ElectricalConductivity,3.0999994,2.264311,0.83568835,test,Ion-family,Family,C,Electrical conductivity multi-split parity plot,True
3027,1-butyl-3-methylimidazolium tetrafluoroborate,CCCC[n+]1ccn(C)c1.F[B-](F)(F)F,373.0,101.325,ElectricalConductivity,3.4,2.4537199,0.94628024,test,Ion-family,Family,C,Electrical conductivity multi-split parity plot,True
3036,1-butyl-3-methylimidazolium tetrafluoroborate,CCCC[n+]1ccn(C)c1.F[B-](F)(F)F,378.15,101.0,ElectricalConductivity,3.74,2.6587603,1.0812397,test,Ion-family,Family,C,Electrical conductivity multi-split parity plot,True
3037,1-butyl-3-methylimidazolium tetrafluoroborate,CCCC[n+]1ccn(C)c1.F[B-](F)(F)F,378.15,101.325,ElectricalConductivity,3.7299995,2.6587148,1.0712848,test,Ion-family,Family,C,Electrical conductivity multi-split parity plot,True
3046,1-butyl-3-methylimidazolium tetrafluoroborate,CCCC[n+]1ccn(C)c1.F[B-](F)(F)F,388.15,101.325,ElectricalConductivity,4.4100003,3.0658529,1.3441474,test,Ion-family,Family,C,Electrical conductivity multi-split parity plot,True
3054,1-butyl-3-methylimidazolium tetrafluoroborate,CCCC[n+]1ccn(C)c1.F[B-](F)(F)F,398.15,101.0,ElectricalConductivity,5.1299996,3.4809222,1.6490774,test,Ion-family,Family,C,Electrical conductivity multi-split parity plot,True
3055,1-butyl-3-methylimidazolium tetrafluoroborate,CCCC[n+]1ccn(C)c1.F[B-](F)(F)F,398.15,101.325,ElectricalConductivity,5.1299996,3.480875,1.6491246,test,Ion-family,Family,C,Electrical conductivity multi-split parity plot,True
3058,1-butyl-3-methylimidazolium tetrafluoroborate,CCCC[n+]1ccn(C)c1.F[B-](F)(F)F,408.15,101.325,ElectricalConductivity,5.8799996,3.898356,1.9816437,test,Ion-family,Family,C,Electrical conductivity multi-split parity plot,True
3062,1-butyl-3-methylimidazolium tetrafluoroborate,CCCC[n+]1ccn(C)c1.F[B-](F)(F)F,418.15,101.0,ElectricalConductivity,6.6799994,4.3123913,2.367608,test,Ion-family,Family,C,Electrical conductivity multi-split parity plot,True
3063,1-butyl-3-methylimidazolium tetrafluoroborate,CCCC[n+]1ccn(C)c1.F[B-](F)(F)F,418.15,101.325,ElectricalConductivity,6.64,4.312341,2.3276587,test,Ion-family,Family,C,Electrical conductivity multi-split parity plot,True
3066,1-butyl-3-methylimidazolium tetrafluoroborate,CCCC[n+]1ccn(C)c1.F[B-](F)(F)F,428.15,101.325,ElectricalConductivity,7.4499984,4.716521,2.7334776,test,Ion-family,Family,C,Electrical conductivity multi-split parity plot,True
3067,1-butyl-3-methylimidazolium tetrafluoroborate,CCCC[n+]1ccn(C)c1.F[B-](F)(F)F,438.15,101.0,ElectricalConductivity,8.36,5.1045313,3.2554684,test,Ion-family,Family,C,Electrical conductivity multi-split parity plot,True
3068,1-butyl-3-methylimidazolium tetrafluoroborate,CCCC[n+]1ccn(C)c1.F[B-](F)(F)F,438.15,101.325,ElectricalConductivity,8.290003,5.104482,3.1855206,test,Ion-family,Family,C,Electrical conductivity multi-split parity plot,True
3069,1-butyl-3-methylimidazolium tetrafluoroborate,CCCC[n+]1ccn(C)c1.F[B-](F)(F)F,448.15,101.325,ElectricalConductivity,9.150003,5.470001,3.6800022,test,Ion-family,Family,C,Electrical conductivity multi-split parity plot,True
3070,1-butyl-3-methylimidazolium tetrafluoroborate,CCCC[n+]1ccn(C)c1.F[B-](F)(F)F,458.15,101.0,ElectricalConductivity,10.130002,5.80731,4.322692,test,Ion-family,Family,C,Electrical conductivity multi-split parity plot,True
3071,1-butyl-3-methylimidazolium tetrafluoroborate,CCCC[n+]1ccn(C)c1.F[B-](F)(F)F,458.15,101.325,ElectricalConductivity,10.039998,5.807264,4.232734,test,Ion-family,Family,C,Electrical conductivity multi-split parity plot,True
3072,1-butyl-3-methylimidazolium tetrafluoroborate,CCCC[n+]1ccn(C)c1.F[B-](F)(F)F,468.15,101.325,ElectricalConductivity,10.94,6.111031,4.8289685,test,Ion-family,Family,C,Electrical conductivity multi-split parity plot,True
3412,1-butyl-3-methylimidazolium trifluoro(2-methoxyphenyl)borate,CCCCn1cc[n+](C)c1.COc1ccccc1[B-](F)(F)F,303.29,101.325,ElectricalConductivity,0.022,0.14533342,0.123333424,test,Ion-family,Family,C,Electrical conductivity multi-split parity plot,True
3415,1-butyl-3-methylimidazolium trifluoro(2-methoxyphenyl)borate,CCCCn1cc[n+](C)c1.COc1ccccc1[B-](F)(F)F,308.32,101.325,ElectricalConductivity,0.034,0.20255777,0.16855776,test,Ion-family,Family,C,Electrical conductivity multi-split parity plot,True
3417,1-butyl-3-methylimidazolium trifluoro(2-methoxyphenyl)borate,CCCCn1cc[n+](C)c1.COc1ccccc1[B-](F)(F)F,313.3,101.325,ElectricalConductivity,0.050999995,0.27233857,0.22133857,test,Ion-family,Family,C,Electrical conductivity multi-split parity plot,True
3420,1-butyl-3-methylimidazolium trifluoro(2-methoxyphenyl)borate,CCCCn1cc[n+](C)c1.COc1ccccc1[B-](F)(F)F,318.25,101.325,ElectricalConductivity,0.074,0.35472542,0.28072542,test,Ion-family,Family,C,Electrical conductivity multi-split parity plot,True
3424,1-butyl-3-methylimidazolium trifluoro(2-methoxyphenyl)borate,CCCCn1cc[n+](C)c1.COc1ccccc1[B-](F)(F)F,323.56,101.325,ElectricalConductivity,0.102000006,0.4569919,0.3549919,test,Ion-family,Family,C,Electrical conductivity multi-split parity plot,True
3426,1-butyl-3-methylimidazolium trifluoro(2-methoxyphenyl)borate,CCCCn1cc[n+](C)c1.COc1ccccc1[B-](F)(F)F,328.17,101.325,ElectricalConductivity,0.14,0.5565994,0.4165994,test,Ion-family,Family,C,Electrical conductivity multi-split parity plot,True
3429,1-butyl-3-methylimidazolium trifluoro(2-methoxyphenyl)borate,CCCCn1cc[n+](C)c1.COc1ccccc1[B-](F)(F)F,333.36,101.325,ElectricalConductivity,0.185,0.6795675,0.4945675,test,Ion-family,Family,C,Electrical conductivity multi-split parity plot,True
3431,1-butyl-3-methylimidazolium trifluoro(2-methoxyphenyl)borate,CCCCn1cc[n+](C)c1.COc1ccccc1[B-](F)(F)F,337.78,101.325,ElectricalConductivity,0.245,0.7923063,0.5473063,test,Ion-family,Family,C,Electrical conductivity multi-split parity plot,True
3435,1-butyl-3-methylimidazolium trifluoro(2-methoxyphenyl)borate,CCCCn1cc[n+](C)c1.COc1ccccc1[B-](F)(F)F,343.3,101.325,ElectricalConductivity,0.31300002,0.94205123,0.6290512,test,Ion-family,Family,C,Electrical conductivity multi-split parity plot,True
3438,1-butyl-3-methylimidazolium trifluoro(2-methoxyphenyl)borate,CCCCn1cc[n+](C)c1.COc1ccccc1[B-](F)(F)F,348.48,101.325,ElectricalConductivity,0.415,1.0902932,0.6752932,test,Ion-family,Family,C,Electrical conductivity multi-split parity plot,True
3441,1-butyl-3-methylimidazolium trifluoro(2-methoxyphenyl)borate,CCCCn1cc[n+](C)c1.COc1ccccc1[B-](F)(F)F,353.31,101.325,ElectricalConductivity,0.538,1.2341839,0.6961839,test,Ion-family,Family,C,Electrical conductivity multi-split parity plot,True
3166,1-butyl-3-methylimidazolium tris[(trifluoromethyl)sulfonyl]methide,CCCC[n+]1ccn(C)c1.O=S(=O)([C-](S(=O)(=O)C(F)(F)F)S(=O)(=O)C(F)(F)F)C(F)(F)F,295.1,101.325,ElectricalConductivity,0.10999999,0.30055988,0.1905599,test,Ion-family,Family,C,Electrical conductivity multi-split parity plot,True
2365,1-butylpyridinium trifluoromethanesulfonate,CCCC[n+]1ccccc1.O=S(=O)([O-])C(F)(F)F,303.15,101.325,ElectricalConductivity,0.266,0.27488396,0.008883953,test,Ion-family,Family,C,Electrical conductivity multi-split parity plot,True
2367,1-butylpyridinium trifluoromethanesulfonate,CCCC[n+]1ccccc1.O=S(=O)([O-])C(F)(F)F,305.65,101.325,ElectricalConductivity,0.29899997,0.31058887,0.011588901,test,Ion-family,Family,C,Electrical conductivity multi-split parity plot,True
2370,1-butylpyridinium trifluoromethanesulfonate,CCCC[n+]1ccccc1.O=S(=O)([O-])C(F)(F)F,308.15,101.325,ElectricalConductivity,0.33299997,0.34914932,0.016149342,test,Ion-family,Family,C,Electrical conductivity multi-split parity plot,True
2373,1-butylpyridinium trifluoromethanesulfonate,CCCC[n+]1ccccc1.O=S(=O)([O-])C(F)(F)F,310.65,101.325,ElectricalConductivity,0.37100002,0.39055684,0.01955682,test,Ion-family,Family,C,Electrical conductivity multi-split parity plot,True
2376,1-butylpyridinium trifluoromethanesulfonate,CCCC[n+]1ccccc1.O=S(=O)([O-])C(F)(F)F,313.15,101.325,ElectricalConductivity,0.411,0.43478075,0.023780733,test,Ion-family,Family,C,Electrical conductivity multi-split parity plot,True
2378,1-butylpyridinium trifluoromethanesulfonate,CCCC[n+]1ccccc1.O=S(=O)([O-])C(F)(F)F,315.65,101.325,ElectricalConductivity,0.454,0.48177016,0.027770162,test,Ion-family,Family,C,Electrical conductivity multi-split parity plot,True
2381,1-butylpyridinium trifluoromethanesulfonate,CCCC[n+]1ccccc1.O=S(=O)([O-])C(F)(F)F,318.15,101.325,ElectricalConductivity,0.501,0.53145677,0.030456781,test,Ion-family,Family,C,Electrical conductivity multi-split parity plot,True
2383,1-butylpyridinium trifluoromethanesulfonate,CCCC[n+]1ccccc1.O=S(=O)([O-])C(F)(F)F,320.65,101.325,ElectricalConductivity,0.55,0.5837571,0.03375709,test,Ion-family,Family,C,Electrical conductivity multi-split parity plot,True
2386,1-butylpyridinium trifluoromethanesulfonate,CCCC[n+]1ccccc1.O=S(=O)([O-])C(F)(F)F,323.15,101.325,ElectricalConductivity,0.601,0.63857615,0.03757614,test,Ion-family,Family,C,Electrical conductivity multi-split parity plot,True
2388,1-butylpyridinium trifluoromethanesulfonate,CCCC[n+]1ccccc1.O=S(=O)([O-])C(F)(F)F,325.65,101.325,ElectricalConductivity,0.65500003,0.69580895,0.040808916,test,Ion-family,Family,C,Electrical conductivity multi-split parity plot,True
2391,1-butylpyridinium trifluoromethanesulfonate,CCCC[n+]1ccccc1.O=S(=O)([O-])C(F)(F)F,328.15,101.325,ElectricalConductivity,0.70699996,0.7553443,0.048344314,test,Ion-family,Family,C,Electrical conductivity multi-split parity plot,True
2393,1-butylpyridinium trifluoromethanesulfonate,CCCC[n+]1ccccc1.O=S(=O)([O-])C(F)(F)F,330.65,101.325,ElectricalConductivity,0.77300006,0.8170657,0.044065654,test,Ion-family,Family,C,Electrical conductivity multi-split parity plot,True
2396,1-butylpyridinium trifluoromethanesulfonate,CCCC[n+]1ccccc1.O=S(=O)([O-])C(F)(F)F,333.15,101.325,ElectricalConductivity,0.839,0.8808548,0.0418548,test,Ion-family,Family,C,Electrical conductivity multi-split parity plot,True
2399,1-butylpyridinium trifluoromethanesulfonate,CCCC[n+]1ccccc1.O=S(=O)([O-])C(F)(F)F,335.65,101.325,ElectricalConductivity,0.90400004,0.94659233,0.042592287,test,Ion-family,Family,C,Electrical conductivity multi-split parity plot,True
2401,1-butylpyridinium trifluoromethanesulfonate,CCCC[n+]1ccccc1.O=S(=O)([O-])C(F)(F)F,338.15,101.325,ElectricalConductivity,0.975,1.0141585,0.039158463,test,Ion-family,Family,C,Electrical conductivity multi-split parity plot,True
5200,1-butyronitrile-3-methylimidazolium tetrafluoroborate,C[n+]1ccn(CCCC#N)c1.F[B-](F)(F)F,283.0,101.325,ElectricalConductivity,0.0029999996,0.028269267,0.025269266,test,Ion-family,Family,C,Electrical conductivity multi-split parity plot,True
5201,1-butyronitrile-3-methylimidazolium tetrafluoroborate,C[n+]1ccn(CCCC#N)c1.F[B-](F)(F)F,288.15,100.0,ElectricalConductivity,0.057999995,0.045650367,0.012349628,test,Ion-family,Family,C,Electrical conductivity multi-split parity plot,True
5203,1-butyronitrile-3-methylimidazolium tetrafluoroborate,C[n+]1ccn(CCCC#N)c1.F[B-](F)(F)F,293.0,101.325,ElectricalConductivity,0.019999998,0.069079295,0.0490793,test,Ion-family,Family,C,Electrical conductivity multi-split parity plot,True
5204,1-butyronitrile-3-methylimidazolium tetrafluoroborate,C[n+]1ccn(CCCC#N)c1.F[B-](F)(F)F,293.15,100.0,ElectricalConductivity,0.08500001,0.069932036,0.015067972,test,Ion-family,Family,C,Electrical conductivity multi-split parity plot,True
5206,1-butyronitrile-3-methylimidazolium tetrafluoroborate,C[n+]1ccn(CCCC#N)c1.F[B-](F)(F)F,298.15,100.0,ElectricalConductivity,0.12300002,0.103337325,0.019662693,test,Ion-family,Family,C,Electrical conductivity multi-split parity plot,True
5211,1-butyronitrile-3-methylimidazolium tetrafluoroborate,C[n+]1ccn(CCCC#N)c1.F[B-](F)(F)F,303.0,101.325,ElectricalConductivity,0.056000005,0.14602673,0.09002672,test,Ion-family,Family,C,Electrical conductivity multi-split parity plot,True
5212,1-butyronitrile-3-methylimidazolium tetrafluoroborate,C[n+]1ccn(CCCC#N)c1.F[B-](F)(F)F,303.15,100.0,ElectricalConductivity,0.171,0.1475309,0.023469105,test,Ion-family,Family,C,Electrical conductivity multi-split parity plot,True
5214,1-butyronitrile-3-methylimidazolium tetrafluoroborate,C[n+]1ccn(CCCC#N)c1.F[B-](F)(F)F,308.15,100.0,ElectricalConductivity,0.22999999,0.20381999,0.02618,test,Ion-family,Family,C,Electrical conductivity multi-split parity plot,True
5216,1-butyronitrile-3-methylimidazolium tetrafluoroborate,C[n+]1ccn(CCCC#N)c1.F[B-](F)(F)F,313.0,101.325,ElectricalConductivity,0.14,0.2707107,0.1307107,test,Ion-family,Family,C,Electrical conductivity multi-split parity plot,True
5217,1-butyronitrile-3-methylimidazolium tetrafluoroborate,C[n+]1ccn(CCCC#N)c1.F[B-](F)(F)F,313.15,100.0,ElectricalConductivity,0.29999998,0.2729998,0.027000189,test,Ion-family,Family,C,Electrical conductivity multi-split parity plot,True
5219,1-butyronitrile-3-methylimidazolium tetrafluoroborate,C[n+]1ccn(CCCC#N)c1.F[B-](F)(F)F,318.15,100.0,ElectricalConductivity,0.39,0.35529357,0.034706414,test,Ion-family,Family,C,Electrical conductivity multi-split parity plot,True
5221,1-butyronitrile-3-methylimidazolium tetrafluoroborate,C[n+]1ccn(CCCC#N)c1.F[B-](F)(F)F,323.0,101.325,ElectricalConductivity,0.28,0.44731697,0.16731697,test,Ion-family,Family,C,Electrical conductivity multi-split parity plot,True
5222,1-butyronitrile-3-methylimidazolium tetrafluoroborate,C[n+]1ccn(CCCC#N)c1.F[B-](F)(F)F,323.15,100.0,ElectricalConductivity,0.49999997,0.45039466,0.04960531,test,Ion-family,Family,C,Electrical conductivity multi-split parity plot,True
5224,1-butyronitrile-3-methylimidazolium tetrafluoroborate,C[n+]1ccn(CCCC#N)c1.F[B-](F)(F)F,333.0,101.325,ElectricalConductivity,0.474,0.67209005,0.19809005,test,Ion-family,Family,C,Electrical conductivity multi-split parity plot,True
5225,1-butyronitrile-3-methylimidazolium tetrafluoroborate,C[n+]1ccn(CCCC#N)c1.F[B-](F)(F)F,343.1,101.325,ElectricalConductivity,0.73399997,0.9397003,0.20570034,test,Ion-family,Family,C,Electrical conductivity multi-split parity plot,True
5226,1-butyronitrile-3-methylimidazolium tetrafluoroborate,C[n+]1ccn(CCCC#N)c1.F[B-](F)(F)F,353.0,101.325,ElectricalConductivity,1.065,1.2329414,0.16794133,test,Ion-family,Family,C,Electrical conductivity multi-split parity plot,True
522,1-decyl-3-ethylimidazolium tetrafluoroborate,CCCCCCCCCC[n+]1ccn(CC)c1.F[B-](F)(F)F,298.1,101.325,ElectricalConductivity,0.0361,0.047384173,0.011284173,test,Ion-family,Family,C,Electrical conductivity multi-split parity plot,True
499,1-decyl-3-methylimidazolium bis(perfluoroethylsulfonyl)imide,CCCCCCCCCC[n+]1ccn(C)c1.O=S(=O)([N-]S(=O)(=O)C(F)(F)C(F)(F)F)C(F)(F)C(F)(F)F,295.1,101.325,ElectricalConductivity,0.09200001,0.095361024,0.0033610165,test,Ion-family,Family,C,Electrical conductivity multi-split parity plot,True
420,1-decyl-3-methylimidazolium tetrafluoroborate,CCCCCCCCCC[n+]1ccn(C)c1.F[B-](F)(F)F,263.1,101.325,ElectricalConductivity,0.00236,0.0045089745,0.0021489745,test,Ion-family,Family,C,Electrical conductivity multi-split parity plot,True
421,1-decyl-3-methylimidazolium tetrafluoroborate,CCCCCCCCCC[n+]1ccn(C)c1.F[B-](F)(F)F,268.1,101.325,ElectricalConductivity,0.0037500004,0.0071171625,0.003367162,test,Ion-family,Family,C,Electrical conductivity multi-split parity plot,True
422,1-decyl-3-methylimidazolium tetrafluoroborate,CCCCCCCCCC[n+]1ccn(C)c1.F[B-](F)(F)F,273.1,101.325,ElectricalConductivity,0.00578,0.010624827,0.004844827,test,Ion-family,Family,C,Electrical conductivity multi-split parity plot,True
423,1-decyl-3-methylimidazolium tetrafluoroborate,CCCCCCCCCC[n+]1ccn(C)c1.F[B-](F)(F)F,278.1,101.325,ElectricalConductivity,0.0087,0.015243282,0.0065432815,test,Ion-family,Family,C,Electrical conductivity multi-split parity plot,True
425,1-decyl-3-methylimidazolium tetrafluoroborate,CCCCCCCCCC[n+]1ccn(C)c1.F[B-](F)(F)F,283.1,101.325,ElectricalConductivity,0.01285,0.021254474,0.008404475,test,Ion-family,Family,C,Electrical conductivity multi-split parity plot,True
431,1-decyl-3-methylimidazolium tetrafluoroborate,CCCCCCCCCC[n+]1ccn(C)c1.F[B-](F)(F)F,288.1,101.325,ElectricalConductivity,0.018449996,0.02901437,0.010564374,test,Ion-family,Family,C,Electrical conductivity multi-split parity plot,True
434,1-decyl-3-methylimidazolium tetrafluoroborate,CCCCCCCCCC[n+]1ccn(C)c1.F[B-](F)(F)F,293.1,101.325,ElectricalConductivity,0.025749996,0.038941883,0.013191886,test,Ion-family,Family,C,Electrical conductivity multi-split parity plot,True
439,1-decyl-3-methylimidazolium tetrafluoroborate,CCCCCCCCCC[n+]1ccn(C)c1.F[B-](F)(F)F,298.1,101.325,ElectricalConductivity,0.036475003,0.05149379,0.015018787,test,Ion-family,Family,C,Electrical conductivity multi-split parity plot,True
445,1-decyl-3-methylimidazolium tetrafluoroborate,CCCCCCCCCC[n+]1ccn(C)c1.F[B-](F)(F)F,303.1,101.325,ElectricalConductivity,0.04655,0.06712939,0.02057939,test,Ion-family,Family,C,Electrical conductivity multi-split parity plot,True
451,1-decyl-3-methylimidazolium tetrafluoroborate,CCCCCCCCCC[n+]1ccn(C)c1.F[B-](F)(F)F,308.1,101.325,ElectricalConductivity,0.06085,0.086270966,0.025420967,test,Ion-family,Family,C,Electrical conductivity multi-split parity plot,True
455,1-decyl-3-methylimidazolium tetrafluoroborate,CCCCCCCCCC[n+]1ccn(C)c1.F[B-](F)(F)F,313.1,101.325,ElectricalConductivity,0.078349985,0.10926863,0.030918643,test,Ion-family,Family,C,Electrical conductivity multi-split parity plot,True
459,1-decyl-3-methylimidazolium tetrafluoroborate,CCCCCCCCCC[n+]1ccn(C)c1.F[B-](F)(F)F,318.1,101.325,ElectricalConductivity,0.0989,0.13637538,0.037475385,test,Ion-family,Family,C,Electrical conductivity multi-split parity plot,True
465,1-decyl-3-methylimidazolium tetrafluoroborate,CCCCCCCCCC[n+]1ccn(C)c1.F[B-](F)(F)F,323.1,101.325,ElectricalConductivity,0.124000005,0.16773705,0.043737046,test,Ion-family,Family,C,Electrical conductivity multi-split parity plot,True
466,1-decyl-3-methylimidazolium tetrafluoroborate,CCCCCCCCCC[n+]1ccn(C)c1.F[B-](F)(F)F,328.1,101.325,ElectricalConductivity,0.153,0.2033956,0.050395608,test,Ion-family,Family,C,Electrical conductivity multi-split parity plot,True
472,1-decyl-3-methylimidazolium tetrafluoroborate,CCCCCCCCCC[n+]1ccn(C)c1.F[B-](F)(F)F,333.1,101.325,ElectricalConductivity,0.18899998,0.24330278,0.054302797,test,Ion-family,Family,C,Electrical conductivity multi-split parity plot,True
474,1-decyl-3-methylimidazolium tetrafluoroborate,CCCCCCCCCC[n+]1ccn(C)c1.F[B-](F)(F)F,338.1,101.325,ElectricalConductivity,0.2305,0.28733936,0.05683936,test,Ion-family,Family,C,Electrical conductivity multi-split parity plot,True
480,1-decyl-3-methylimidazolium tetrafluoroborate,CCCCCCCCCC[n+]1ccn(C)c1.F[B-](F)(F)F,343.1,101.325,ElectricalConductivity,0.28549996,0.33533436,0.0498344,test,Ion-family,Family,C,Electrical conductivity multi-split parity plot,True
483,1-decyl-3-methylimidazolium tetrafluoroborate,CCCCCCCCCC[n+]1ccn(C)c1.F[B-](F)(F)F,348.1,101.325,ElectricalConductivity,0.34600002,0.387083,0.04108298,test,Ion-family,Family,C,Electrical conductivity multi-split parity plot,True
490,1-decyl-3-methylimidazolium tetrafluoroborate,CCCCCCCCCC[n+]1ccn(C)c1.F[B-](F)(F)F,353.1,101.325,ElectricalConductivity,0.40500003,0.44235897,0.03735894,test,Ion-family,Family,C,Electrical conductivity multi-split parity plot,True
359,1-dodecyl-3-methylimidazolium tetrafluoroborate,CCCCCCCCCCCC[n+]1ccn(C)c1.F[B-](F)(F)F,293.1,101.325,ElectricalConductivity,0.016400004,0.035354137,0.018954134,test,Ion-family,Family,C,Electrical conductivity multi-split parity plot,True
360,1-dodecyl-3-methylimidazolium tetrafluoroborate,CCCCCCCCCCCC[n+]1ccn(C)c1.F[B-](F)(F)F,298.1,101.325,ElectricalConductivity,0.0226,0.044086304,0.021486303,test,Ion-family,Family,C,Electrical conductivity multi-split parity plot,True
361,1-dodecyl-3-methylimidazolium tetrafluoroborate,CCCCCCCCCCCC[n+]1ccn(C)c1.F[B-](F)(F)F,303.1,101.325,ElectricalConductivity,0.030399999,0.054508075,0.024108076,test,Ion-family,Family,C,Electrical conductivity multi-split parity plot,True
362,1-dodecyl-3-methylimidazolium tetrafluoroborate,CCCCCCCCCCCC[n+]1ccn(C)c1.F[B-](F)(F)F,308.1,101.325,ElectricalConductivity,0.039899997,0.066857696,0.026957698,test,Ion-family,Family,C,Electrical conductivity multi-split parity plot,True
363,1-dodecyl-3-methylimidazolium tetrafluoroborate,CCCCCCCCCCCC[n+]1ccn(C)c1.F[B-](F)(F)F,313.1,101.325,ElectricalConductivity,0.05195,0.081356846,0.029406846,test,Ion-family,Family,C,Electrical conductivity multi-split parity plot,True
364,1-dodecyl-3-methylimidazolium tetrafluoroborate,CCCCCCCCCCCC[n+]1ccn(C)c1.F[B-](F)(F)F,318.1,101.325,ElectricalConductivity,0.06645,0.09819936,0.03174936,test,Ion-family,Family,C,Electrical conductivity multi-split parity plot,True
365,1-dodecyl-3-methylimidazolium tetrafluoroborate,CCCCCCCCCCCC[n+]1ccn(C)c1.F[B-](F)(F)F,323.1,101.325,ElectricalConductivity,0.08674999,0.11754337,0.030793376,test,Ion-family,Family,C,Electrical conductivity multi-split parity plot,True
367,1-dodecyl-3-methylimidazolium tetrafluoroborate,CCCCCCCCCCCC[n+]1ccn(C)c1.F[B-](F)(F)F,328.1,101.325,ElectricalConductivity,0.106999986,0.13950734,0.032507353,test,Ion-family,Family,C,Electrical conductivity multi-split parity plot,True
370,1-dodecyl-3-methylimidazolium tetrafluoroborate,CCCCCCCCCCCC[n+]1ccn(C)c1.F[B-](F)(F)F,333.1,101.325,ElectricalConductivity,0.13099998,0.16416933,0.033169344,test,Ion-family,Family,C,Electrical conductivity multi-split parity plot,True
377,1-dodecyl-3-methylimidazolium tetrafluoroborate,CCCCCCCCCCCC[n+]1ccn(C)c1.F[B-](F)(F)F,338.1,101.325,ElectricalConductivity,0.1595,0.19156973,0.032069728,test,Ion-family,Family,C,Electrical conductivity multi-split parity plot,True
379,1-dodecyl-3-methylimidazolium tetrafluoroborate,CCCCCCCCCCCC[n+]1ccn(C)c1.F[B-](F)(F)F,343.1,101.325,ElectricalConductivity,0.19349998,0.19346379,3.619492e-05,test,Ion-family,Family,C,Electrical conductivity multi-split parity plot,True
384,1-dodecyl-3-methylimidazolium tetrafluoroborate,CCCCCCCCCCCC[n+]1ccn(C)c1.F[B-](F)(F)F,348.1,101.325,ElectricalConductivity,0.23549998,0.22261405,0.012885928,test,Ion-family,Family,C,Electrical conductivity multi-split parity plot,True
386,1-dodecyl-3-methylimidazolium tetrafluoroborate,CCCCCCCCCCCC[n+]1ccn(C)c1.F[B-](F)(F)F,353.1,101.325,ElectricalConductivity,0.2805,0.2546204,0.025879592,test,Ion-family,Family,C,Electrical conductivity multi-split parity plot,True
1991,1-ethyl-3-hexylimidazolium tetrafluoroborate,CCCCCCn1cc[n+](CC)c1.F[B-](F)(F)F,298.1,101.325,ElectricalConductivity,0.139,0.115668945,0.023331054,test,Ion-family,Family,C,Electrical conductivity multi-split parity plot,True
4854,"1-ethyl-3-methylimidazolium 1,1,2,2,2-pentafluoro-N-[(pentafluoroethyl)sulfonyl]ethanesulfonamide",CC[n+]1ccn(C)c1.O=S(=O)([N-]S(=O)(=O)C(F)(F)C(F)(F)F)C(F)(F)C(F)(F)F,299.1,101.325,ElectricalConductivity,0.34,0.58882636,0.24882635,test,Ion-family,Family,C,Electrical conductivity multi-split parity plot,True
5062,"1-ethyl-3-methylimidazolium difluorobis(2,2,2-trifluoroacetoxy)borate",CCn1cc[n+](C)c1.O=C(O[B-](F)(F)OC(=O)C(F)(F)F)C(F)(F)F,238.15,101.325,ElectricalConductivity,0.0275,0.0009832468,0.026516752,test,Ion-family,Family,C,Electrical conductivity multi-split parity plot,True
5063,"1-ethyl-3-methylimidazolium difluorobis(2,2,2-trifluoroacetoxy)borate",CCn1cc[n+](C)c1.O=C(O[B-](F)(F)OC(=O)C(F)(F)F)C(F)(F)F,248.15,101.325,ElectricalConductivity,0.075959995,0.009909951,0.066050045,test,Ion-family,Family,C,Electrical conductivity multi-split parity plot,True
5064,"1-ethyl-3-methylimidazolium difluorobis(2,2,2-trifluoroacetoxy)borate",CCn1cc[n+](C)c1.O=C(O[B-](F)(F)OC(=O)C(F)(F)F)C(F)(F)F,258.15,101.325,ElectricalConductivity,0.16850002,0.038525097,0.12997493,test,Ion-family,Family,C,Electrical conductivity multi-split parity plot,True
5066,"1-ethyl-3-methylimidazolium difluorobis(2,2,2-trifluoroacetoxy)borate",CCn1cc[n+](C)c1.O=C(O[B-](F)(F)OC(=O)C(F)(F)F)C(F)(F)F,268.15,101.325,ElectricalConductivity,0.31539997,0.093074955,0.22232503,test,Ion-family,Family,C,Electrical conductivity multi-split parity plot,True
5067,"1-ethyl-3-methylimidazolium difluorobis(2,2,2-trifluoroacetoxy)borate",CCn1cc[n+](C)c1.O=C(O[B-](F)(F)OC(=O)C(F)(F)F)C(F)(F)F,278.15,101.325,ElectricalConductivity,0.5223,0.1767996,0.3455004,test,Ion-family,Family,C,Electrical conductivity multi-split parity plot,True
5068,"1-ethyl-3-methylimidazolium difluorobis(2,2,2-trifluoroacetoxy)borate",CCn1cc[n+](C)c1.O=C(O[B-](F)(F)OC(=O)C(F)(F)F)C(F)(F)F,288.15,101.325,ElectricalConductivity,0.79039997,0.2920499,0.49835005,test,Ion-family,Family,C,Electrical conductivity multi-split parity plot,True
5070,"1-ethyl-3-methylimidazolium difluorobis(2,2,2-trifluoroacetoxy)borate",CCn1cc[n+](C)c1.O=C(O[B-](F)(F)OC(=O)C(F)(F)F)C(F)(F)F,298.15,101.325,ElectricalConductivity,1.1170001,0.4382965,0.6787036,test,Ion-family,Family,C,Electrical conductivity multi-split parity plot,True
5071,"1-ethyl-3-methylimidazolium difluorobis(2,2,2-trifluoroacetoxy)borate",CCn1cc[n+](C)c1.O=C(O[B-](F)(F)OC(=O)C(F)(F)F)C(F)(F)F,303.15,101.325,ElectricalConductivity,1.3009,0.52189434,0.77900565,test,Ion-family,Family,C,Electrical conductivity multi-split parity plot,True
5072,"1-ethyl-3-methylimidazolium difluorobis(2,2,2-trifluoroacetoxy)borate",CCn1cc[n+](C)c1.O=C(O[B-](F)(F)OC(=O)C(F)(F)F)C(F)(F)F,313.15,101.325,ElectricalConductivity,1.7072002,0.7064574,1.0007428,test,Ion-family,Family,C,Electrical conductivity multi-split parity plot,True
5073,"1-ethyl-3-methylimidazolium difluorobis(2,2,2-trifluoroacetoxy)borate",CCn1cc[n+](C)c1.O=C(O[B-](F)(F)OC(=O)C(F)(F)F)C(F)(F)F,323.15,101.325,ElectricalConductivity,2.1610005,0.9089597,1.2520409,test,Ion-family,Family,C,Electrical conductivity multi-split parity plot,True
5074,"1-ethyl-3-methylimidazolium difluorobis(2,2,2-trifluoroacetoxy)borate",CCn1cc[n+](C)c1.O=C(O[B-](F)(F)OC(=O)C(F)(F)F)C(F)(F)F,333.15,101.325,ElectricalConductivity,2.6557004,1.1236337,1.5320667,test,Ion-family,Family,C,Electrical conductivity multi-split parity plot,True
5075,"1-ethyl-3-methylimidazolium difluorobis(2,2,2-trifluoroacetoxy)borate",CCn1cc[n+](C)c1.O=C(O[B-](F)(F)OC(=O)C(F)(F)F)C(F)(F)F,343.15,101.325,ElectricalConductivity,3.1873002,1.3457222,1.841578,test,Ion-family,Family,C,Electrical conductivity multi-split parity plot,True
5076,"1-ethyl-3-methylimidazolium difluorobis(2,2,2-trifluoroacetoxy)borate",CCn1cc[n+](C)c1.O=C(O[B-](F)(F)OC(=O)C(F)(F)F)C(F)(F)F,353.15,101.325,ElectricalConductivity,3.7491002,1.5714643,2.177636,test,Ion-family,Family,C,Electrical conductivity multi-split parity plot,True
5077,1-ethyl-3-methylimidazolium difluoromono(malonato)borate,CCn1cc[n+](C)c1.O=C1CC(=O)O[B-](F)(F)O1,258.15,101.325,ElectricalConductivity,0.00899,0.0056922813,0.0032977187,test,Ion-family,Family,C,Electrical conductivity multi-split parity plot,True
5078,1-ethyl-3-methylimidazolium difluoromono(malonato)borate,CCn1cc[n+](C)c1.O=C1CC(=O)O[B-](F)(F)O1,268.15,101.325,ElectricalConductivity,0.03256,0.02011911,0.012440888,test,Ion-family,Family,C,Electrical conductivity multi-split parity plot,True
5080,1-ethyl-3-methylimidazolium difluoromono(malonato)borate,CCn1cc[n+](C)c1.O=C1CC(=O)O[B-](F)(F)O1,278.15,101.325,ElectricalConductivity,0.08624999,0.054064345,0.032185648,test,Ion-family,Family,C,Electrical conductivity multi-split parity plot,True
5082,1-ethyl-3-methylimidazolium difluoromono(malonato)borate,CCn1cc[n+](C)c1.O=C1CC(=O)O[B-](F)(F)O1,288.15,101.325,ElectricalConductivity,0.18669999,0.12069979,0.06600019,test,Ion-family,Family,C,Electrical conductivity multi-split parity plot,True
5084,1-ethyl-3-methylimidazolium difluoromono(malonato)borate,CCn1cc[n+](C)c1.O=C1CC(=O)O[B-](F)(F)O1,298.15,101.325,ElectricalConductivity,0.34560004,0.25265104,0.092949,test,Ion-family,Family,C,Electrical conductivity multi-split parity plot,True
5085,1-ethyl-3-methylimidazolium difluoromono(malonato)borate,CCn1cc[n+](C)c1.O=C1CC(=O)O[B-](F)(F)O1,303.15,101.325,ElectricalConductivity,0.45029998,0.33552697,0.114773005,test,Ion-family,Family,C,Electrical conductivity multi-split parity plot,True
5086,1-ethyl-3-methylimidazolium difluoromono(malonato)borate,CCn1cc[n+](C)c1.O=C1CC(=O)O[B-](F)(F)O1,313.15,101.325,ElectricalConductivity,0.7102999,0.5441503,0.16614962,test,Ion-family,Family,C,Electrical conductivity multi-split parity plot,True
5087,1-ethyl-3-methylimidazolium difluoromono(malonato)borate,CCn1cc[n+](C)c1.O=C1CC(=O)O[B-](F)(F)O1,323.15,101.325,ElectricalConductivity,1.0396,0.80363494,0.23596507,test,Ion-family,Family,C,Electrical conductivity multi-split parity plot,True
5088,1-ethyl-3-methylimidazolium difluoromono(malonato)borate,CCn1cc[n+](C)c1.O=C1CC(=O)O[B-](F)(F)O1,333.15,101.325,ElectricalConductivity,1.4350997,1.1032709,0.33182883,test,Ion-family,Family,C,Electrical conductivity multi-split parity plot,True
5089,1-ethyl-3-methylimidazolium difluoromono(malonato)borate,CCn1cc[n+](C)c1.O=C1CC(=O)O[B-](F)(F)O1,343.15,101.325,ElectricalConductivity,1.8942001,1.432502,0.46169806,test,Ion-family,Family,C,Electrical conductivity multi-split parity plot,True
5090,1-ethyl-3-methylimidazolium difluoromono(malonato)borate,CCn1cc[n+](C)c1.O=C1CC(=O)O[B-](F)(F)O1,353.15,101.325,ElectricalConductivity,2.4106998,1.7827667,0.62793314,test,Ion-family,Family,C,Electrical conductivity multi-split parity plot,True
5091,1-ethyl-3-methylimidazolium difluoromono(oxalato)borate,CCn1cc[n+](C)c1.O=C1O[B-](F)(F)OC1=O,268.15,101.325,ElectricalConductivity,0.07760001,0.12029041,0.042690404,test,Ion-family,Family,C,Electrical conductivity multi-split parity plot,True
5092,1-ethyl-3-methylimidazolium difluoromono(oxalato)borate,CCn1cc[n+](C)c1.O=C1O[B-](F)(F)OC1=O,278.15,101.325,ElectricalConductivity,0.18939999,0.23978977,0.05038978,test,Ion-family,Family,C,Electrical conductivity multi-split parity plot,True
5094,1-ethyl-3-methylimidazolium difluoromono(oxalato)borate,CCn1cc[n+](C)c1.O=C1O[B-](F)(F)OC1=O,288.15,101.325,ElectricalConductivity,0.38039997,0.4194551,0.03905514,test,Ion-family,Family,C,Electrical conductivity multi-split parity plot,True
5096,1-ethyl-3-methylimidazolium difluoromono(oxalato)borate,CCn1cc[n+](C)c1.O=C1O[B-](F)(F)OC1=O,298.15,101.325,ElectricalConductivity,0.6619,0.6613557,0.0005443096,test,Ion-family,Family,C,Electrical conductivity multi-split parity plot,True
5097,1-ethyl-3-methylimidazolium difluoromono(oxalato)borate,CCn1cc[n+](C)c1.O=C1O[B-](F)(F)OC1=O,303.15,101.325,ElectricalConductivity,0.8376,0.80398935,0.033610642,test,Ion-family,Family,C,Electrical conductivity multi-split parity plot,True
5098,1-ethyl-3-methylimidazolium difluoromono(oxalato)borate,CCn1cc[n+](C)c1.O=C1O[B-](F)(F)OC1=O,313.15,101.325,ElectricalConductivity,1.2595998,1.1265919,0.13300788,test,Ion-family,Family,C,Electrical conductivity multi-split parity plot,True
5099,1-ethyl-3-methylimidazolium difluoromono(oxalato)borate,CCn1cc[n+](C)c1.O=C1O[B-](F)(F)OC1=O,323.15,101.325,ElectricalConductivity,1.7705998,1.4900149,0.28058493,test,Ion-family,Family,C,Electrical conductivity multi-split parity plot,True
5100,1-ethyl-3-methylimidazolium difluoromono(oxalato)borate,CCn1cc[n+](C)c1.O=C1O[B-](F)(F)OC1=O,333.15,101.325,ElectricalConductivity,2.3607001,1.8843604,0.4763397,test,Ion-family,Family,C,Electrical conductivity multi-split parity plot,True
5101,1-ethyl-3-methylimidazolium difluoromono(oxalato)borate,CCn1cc[n+](C)c1.O=C1O[B-](F)(F)OC1=O,343.15,101.325,ElectricalConductivity,3.0186996,2.3015106,0.7171891,test,Ion-family,Family,C,Electrical conductivity multi-split parity plot,True
5102,1-ethyl-3-methylimidazolium difluoromono(oxalato)borate,CCn1cc[n+](C)c1.O=C1O[B-](F)(F)OC1=O,353.15,101.325,ElectricalConductivity,3.7382998,2.73511,1.0031898,test,Ion-family,Family,C,Electrical conductivity multi-split parity plot,True
5141,1-ethyl-3-methylimidazolium methylphosphonate,CP([O-])([O-])=O.C(C)N1C=[N+](C=C1)C.C(C)N1C=[N+](C=C1)C,298.1,100.0,ElectricalConductivity,0.44,0.08487563,0.35512435,test,Ion-family,Family,C,Electrical conductivity multi-split parity plot,True
4817,1-ethyl-3-methylimidazolium phenyltrifluoroborate,CC[n+]1ccn(C)c1.F[B-](F)(F)c1ccccc1,303.0,101.325,ElectricalConductivity,0.68850005,0.2820188,0.40648124,test,Ion-family,Family,C,Electrical conductivity multi-split parity plot,True
4818,1-ethyl-3-methylimidazolium phenyltrifluoroborate,CC[n+]1ccn(C)c1.F[B-](F)(F)c1ccccc1,308.0,101.325,ElectricalConductivity,0.783,0.3738668,0.4091332,test,Ion-family,Family,C,Electrical conductivity multi-split parity plot,True
4819,1-ethyl-3-methylimidazolium phenyltrifluoroborate,CC[n+]1ccn(C)c1.F[B-](F)(F)c1ccccc1,313.0,101.325,ElectricalConductivity,0.94399995,0.48190355,0.4620964,test,Ion-family,Family,C,Electrical conductivity multi-split parity plot,True
4820,1-ethyl-3-methylimidazolium phenyltrifluoroborate,CC[n+]1ccn(C)c1.F[B-](F)(F)c1ccccc1,318.0,101.325,ElectricalConductivity,1.09,0.6054583,0.4845417,test,Ion-family,Family,C,Electrical conductivity multi-split parity plot,True
4821,1-ethyl-3-methylimidazolium phenyltrifluoroborate,CC[n+]1ccn(C)c1.F[B-](F)(F)c1ccccc1,323.0,101.325,ElectricalConductivity,1.241,0.7433864,0.49761367,test,Ion-family,Family,C,Electrical conductivity multi-split parity plot,True
4822,1-ethyl-3-methylimidazolium phenyltrifluoroborate,CC[n+]1ccn(C)c1.F[B-](F)(F)c1ccccc1,328.0,101.325,ElectricalConductivity,1.3919997,0.8942679,0.4977318,test,Ion-family,Family,C,Electrical conductivity multi-split parity plot,True
4823,1-ethyl-3-methylimidazolium phenyltrifluoroborate,CC[n+]1ccn(C)c1.F[B-](F)(F)c1ccccc1,333.0,101.325,ElectricalConductivity,1.608,1.0565834,0.55141664,test,Ion-family,Family,C,Electrical conductivity multi-split parity plot,True
4824,1-ethyl-3-methylimidazolium phenyltrifluoroborate,CC[n+]1ccn(C)c1.F[B-](F)(F)c1ccccc1,338.0,101.325,ElectricalConductivity,1.857,1.2288446,0.62815535,test,Ion-family,Family,C,Electrical conductivity multi-split parity plot,True
4825,1-ethyl-3-methylimidazolium phenyltrifluoroborate,CC[n+]1ccn(C)c1.F[B-](F)(F)c1ccccc1,343.0,101.325,ElectricalConductivity,2.113,1.4096729,0.70332706,test,Ion-family,Family,C,Electrical conductivity multi-split parity plot,True
4826,1-ethyl-3-methylimidazolium phenyltrifluoroborate,CC[n+]1ccn(C)c1.F[B-](F)(F)c1ccccc1,348.0,101.325,ElectricalConductivity,2.304,1.5978382,0.70616174,test,Ion-family,Family,C,Electrical conductivity multi-split parity plot,True
4827,1-ethyl-3-methylimidazolium phenyltrifluoroborate,CC[n+]1ccn(C)c1.F[B-](F)(F)c1ccccc1,353.0,101.325,ElectricalConductivity,2.699,1.7922657,0.9067342,test,Ion-family,Family,C,Electrical conductivity multi-split parity plot,True
4534,1-ethyl-3-methylimidazolium tetrafluoroborate,CC[n+]1ccn(C)c1.F[B-](F)(F)F,238.15,101.325,ElectricalConductivity,0.041879997,0.0055766534,0.03630334,test,Ion-family,Family,C,Electrical conductivity multi-split parity plot,True
4535,1-ethyl-3-methylimidazolium tetrafluoroborate,CC[n+]1ccn(C)c1.F[B-](F)(F)F,248.05,101.325,ElectricalConductivity,0.1059,0.023240004,0.08265999,test,Ion-family,Family,C,Electrical conductivity multi-split parity plot,True
4536,1-ethyl-3-methylimidazolium tetrafluoroborate,CC[n+]1ccn(C)c1.F[B-](F)(F)F,248.15,101.325,ElectricalConductivity,0.108759984,0.02351796,0.085242026,test,Ion-family,Family,C,Electrical conductivity multi-split parity plot,True
4537,1-ethyl-3-methylimidazolium tetrafluoroborate,CC[n+]1ccn(C)c1.F[B-](F)(F)F,249.1,101.325,ElectricalConductivity,0.1451,0.026278751,0.11882125,test,Ion-family,Family,C,Electrical conductivity multi-split parity plot,True
4538,1-ethyl-3-methylimidazolium tetrafluoroborate,CC[n+]1ccn(C)c1.F[B-](F)(F)F,251.6,101.325,ElectricalConductivity,0.18629998,0.034641393,0.1516586,test,Ion-family,Family,C,Electrical conductivity multi-split parity plot,True
4540,1-ethyl-3-methylimidazolium tetrafluoroborate,CC[n+]1ccn(C)c1.F[B-](F)(F)F,254.1,101.325,ElectricalConductivity,0.22199999,0.04474821,0.17725179,test,Ion-family,Family,C,Electrical conductivity multi-split parity plot,True
4541,1-ethyl-3-methylimidazolium tetrafluoroborate,CC[n+]1ccn(C)c1.F[B-](F)(F)F,256.5,101.325,ElectricalConductivity,0.26099998,0.056279764,0.20472021,test,Ion-family,Family,C,Electrical conductivity multi-split parity plot,True
4542,1-ethyl-3-methylimidazolium tetrafluoroborate,CC[n+]1ccn(C)c1.F[B-](F)(F)F,258.05,101.325,ElectricalConductivity,0.22800003,0.06476895,0.16323107,test,Ion-family,Family,C,Electrical conductivity multi-split parity plot,True
4544,1-ethyl-3-methylimidazolium tetrafluoroborate,CC[n+]1ccn(C)c1.F[B-](F)(F)F,258.1,101.325,ElectricalConductivity,0.245,0.06505724,0.17994276,test,Ion-family,Family,C,Electrical conductivity multi-split parity plot,True
4543,1-ethyl-3-methylimidazolium tetrafluoroborate,CC[n+]1ccn(C)c1.F[B-](F)(F)F,258.15,101.325,ElectricalConductivity,0.23330002,0.065346286,0.16795373,test,Ion-family,Family,C,Electrical conductivity multi-split parity plot,True
4545,1-ethyl-3-methylimidazolium tetrafluoroborate,CC[n+]1ccn(C)c1.F[B-](F)(F)F,259.0,101.325,ElectricalConductivity,0.317,0.070403464,0.24659654,test,Ion-family,Family,C,Electrical conductivity multi-split parity plot,True
4546,1-ethyl-3-methylimidazolium tetrafluoroborate,CC[n+]1ccn(C)c1.F[B-](F)(F)F,261.5,101.325,ElectricalConductivity,0.363,0.086901926,0.27609807,test,Ion-family,Family,C,Electrical conductivity multi-split parity plot,True
4547,1-ethyl-3-methylimidazolium tetrafluoroborate,CC[n+]1ccn(C)c1.F[B-](F)(F)F,263.0,101.325,ElectricalConductivity,0.263,0.09803657,0.16496344,test,Ion-family,Family,C,Electrical conductivity multi-split parity plot,True
4549,1-ethyl-3-methylimidazolium tetrafluoroborate,CC[n+]1ccn(C)c1.F[B-](F)(F)F,263.1,101.325,ElectricalConductivity,0.29600003,0.09881348,0.19718656,test,Ion-family,Family,C,Electrical conductivity multi-split parity plot,True
4550,1-ethyl-3-methylimidazolium tetrafluoroborate,CC[n+]1ccn(C)c1.F[B-](F)(F)F,264.0,101.325,ElectricalConductivity,0.40100002,0.10600574,0.2949943,test,Ion-family,Family,C,Electrical conductivity multi-split parity plot,True
4551,1-ethyl-3-methylimidazolium tetrafluoroborate,CC[n+]1ccn(C)c1.F[B-](F)(F)F,266.5,101.325,ElectricalConductivity,0.443,0.12794988,0.31505013,test,Ion-family,Family,C,Electrical conductivity multi-split parity plot,True
4553,1-ethyl-3-methylimidazolium tetrafluoroborate,CC[n+]1ccn(C)c1.F[B-](F)(F)F,268.1,101.325,ElectricalConductivity,0.43766668,0.1435933,0.2940734,test,Ion-family,Family,C,Electrical conductivity multi-split parity plot,True
4552,1-ethyl-3-methylimidazolium tetrafluoroborate,CC[n+]1ccn(C)c1.F[B-](F)(F)F,268.15,101.325,ElectricalConductivity,0.4316,0.14410305,0.28749695,test,Ion-family,Family,C,Electrical conductivity multi-split parity plot,True
4554,1-ethyl-3-methylimidazolium tetrafluoroborate,CC[n+]1ccn(C)c1.F[B-](F)(F)F,269.0,101.325,ElectricalConductivity,0.527,0.15296914,0.3740309,test,Ion-family,Family,C,Electrical conductivity multi-split parity plot,True
4556,1-ethyl-3-methylimidazolium tetrafluoroborate,CC[n+]1ccn(C)c1.F[B-](F)(F)F,271.5,101.325,ElectricalConductivity,0.62,0.1812933,0.4387067,test,Ion-family,Family,C,Electrical conductivity multi-split parity plot,True
4557,1-ethyl-3-methylimidazolium tetrafluoroborate,CC[n+]1ccn(C)c1.F[B-](F)(F)F,273.0,101.325,ElectricalConductivity,0.476,0.19996595,0.27603406,test,Ion-family,Family,C,Electrical conductivity multi-split parity plot,True
4560,1-ethyl-3-methylimidazolium tetrafluoroborate,CC[n+]1ccn(C)c1.F[B-](F)(F)F,273.1,101.325,ElectricalConductivity,0.611,0.20125717,0.40974283,test,Ion-family,Family,C,Electrical conductivity multi-split parity plot,True
4561,1-ethyl-3-methylimidazolium tetrafluoroborate,CC[n+]1ccn(C)c1.F[B-](F)(F)F,273.9,101.325,ElectricalConductivity,0.702,0.21179728,0.49020272,test,Ion-family,Family,C,Electrical conductivity multi-split parity plot,True
4562,1-ethyl-3-methylimidazolium tetrafluoroborate,CC[n+]1ccn(C)c1.F[B-](F)(F)F,276.4,101.325,ElectricalConductivity,0.72099996,0.24722019,0.47377977,test,Ion-family,Family,C,Electrical conductivity multi-split parity plot,True
4566,1-ethyl-3-methylimidazolium tetrafluoroborate,CC[n+]1ccn(C)c1.F[B-](F)(F)F,278.1,101.325,ElectricalConductivity,0.7226667,0.27352712,0.44913957,test,Ion-family,Family,C,Electrical conductivity multi-split parity plot,True
4564,1-ethyl-3-methylimidazolium tetrafluoroborate,CC[n+]1ccn(C)c1.F[B-](F)(F)F,278.15,101.325,ElectricalConductivity,0.7167999,0.27432847,0.44247144,test,Ion-family,Family,C,Electrical conductivity multi-split parity plot,True
4567,1-ethyl-3-methylimidazolium tetrafluoroborate,CC[n+]1ccn(C)c1.F[B-](F)(F)F,278.9,101.325,ElectricalConductivity,0.8349999,0.28654584,0.54845405,test,Ion-family,Family,C,Electrical conductivity multi-split parity plot,True
4568,1-ethyl-3-methylimidazolium tetrafluoroborate,CC[n+]1ccn(C)c1.F[B-](F)(F)F,281.4,101.325,ElectricalConductivity,0.95800006,0.32993194,0.6280681,test,Ion-family,Family,C,Electrical conductivity multi-split parity plot,True
4570,1-ethyl-3-methylimidazolium tetrafluoroborate,CC[n+]1ccn(C)c1.F[B-](F)(F)F,283.0,101.325,ElectricalConductivity,0.77,0.35989067,0.4101093,test,Ion-family,Family,C,Electrical conductivity multi-split parity plot,True
4575,1-ethyl-3-methylimidazolium tetrafluoroborate,CC[n+]1ccn(C)c1.F[B-](F)(F)F,283.1,101.325,ElectricalConductivity,0.898,0.361821,0.536179,test,Ion-family,Family,C,Electrical conductivity multi-split parity plot,True
4577,1-ethyl-3-methylimidazolium tetrafluoroborate,CC[n+]1ccn(C)c1.F[B-](F)(F)F,283.9,101.325,ElectricalConductivity,1.0979999,0.37750712,0.72049284,test,Ion-family,Family,C,Electrical conductivity multi-split parity plot,True
4579,1-ethyl-3-methylimidazolium tetrafluoroborate,CC[n+]1ccn(C)c1.F[B-](F)(F)F,286.4,101.325,ElectricalConductivity,1.168,0.42936918,0.7386308,test,Ion-family,Family,C,Electrical conductivity multi-split parity plot,True
4587,1-ethyl-3-methylimidazolium tetrafluoroborate,CC[n+]1ccn(C)c1.F[B-](F)(F)F,288.1,101.325,ElectricalConductivity,1.091,0.46711874,0.6238812,test,Ion-family,Family,C,Electrical conductivity multi-split parity plot,True
4585,1-ethyl-3-methylimidazolium tetrafluoroborate,CC[n+]1ccn(C)c1.F[B-](F)(F)F,288.15,101.325,ElectricalConductivity,1.0861001,0.4682594,0.6178407,test,Ion-family,Family,C,Electrical conductivity multi-split parity plot,True
4588,1-ethyl-3-methylimidazolium tetrafluoroborate,CC[n+]1ccn(C)c1.F[B-](F)(F)F,288.5,101.325,ElectricalConductivity,0.611,0.47629467,0.13470533,test,Ion-family,Family,C,Electrical conductivity multi-split parity plot,True
4589,1-ethyl-3-methylimidazolium tetrafluoroborate,CC[n+]1ccn(C)c1.F[B-](F)(F)F,288.9,101.325,ElectricalConductivity,0.8483333,0.4855828,0.3627505,test,Ion-family,Family,C,Electrical conductivity multi-split parity plot,True
4590,1-ethyl-3-methylimidazolium tetrafluoroborate,CC[n+]1ccn(C)c1.F[B-](F)(F)F,289.5,101.325,ElectricalConductivity,0.89099985,0.49972618,0.39127368,test,Ion-family,Family,C,Electrical conductivity multi-split parity plot,True
4592,1-ethyl-3-methylimidazolium tetrafluoroborate,CC[n+]1ccn(C)c1.F[B-](F)(F)F,290.1,101.325,ElectricalConductivity,1.0160002,0.5141222,0.50187796,test,Ion-family,Family,C,Electrical conductivity multi-split parity plot,True
4593,1-ethyl-3-methylimidazolium tetrafluoroborate,CC[n+]1ccn(C)c1.F[B-](F)(F)F,290.7,101.325,ElectricalConductivity,1.07,0.52877116,0.5412289,test,Ion-family,Family,C,Electrical conductivity multi-split parity plot,True
4594,1-ethyl-3-methylimidazolium tetrafluoroborate,CC[n+]1ccn(C)c1.F[B-](F)(F)F,291.3,101.325,ElectricalConductivity,1.213,0.5436722,0.66932786,test,Ion-family,Family,C,Electrical conductivity multi-split parity plot,True
4595,1-ethyl-3-methylimidazolium tetrafluoroborate,CC[n+]1ccn(C)c1.F[B-](F)(F)F,292.6,101.325,ElectricalConductivity,1.1419997,0.5768261,0.5651736,test,Ion-family,Family,C,Electrical conductivity multi-split parity plot,True
4598,1-ethyl-3-methylimidazolium tetrafluoroborate,CC[n+]1ccn(C)c1.F[B-](F)(F)F,293.0,101.325,ElectricalConductivity,1.1432999,0.5872651,0.55603486,test,Ion-family,Family,C,Electrical conductivity multi-split parity plot,True
4605,1-ethyl-3-methylimidazolium tetrafluoroborate,CC[n+]1ccn(C)c1.F[B-](F)(F)F,293.1,101.325,ElectricalConductivity,1.3050001,0.5898925,0.71510756,test,Ion-family,Family,C,Electrical conductivity multi-split parity plot,True
4609,1-ethyl-3-methylimidazolium tetrafluoroborate,CC[n+]1ccn(C)c1.F[B-](F)(F)F,293.8,101.325,ElectricalConductivity,1.3169999,0.6084787,0.7085212,test,Ion-family,Family,C,Electrical conductivity multi-split parity plot,True
4611,1-ethyl-3-methylimidazolium tetrafluoroborate,CC[n+]1ccn(C)c1.F[B-](F)(F)F,295.1,101.325,ElectricalConductivity,1.244,0.64390326,0.6000967,test,Ion-family,Family,C,Electrical conductivity multi-split parity plot,True
4612,1-ethyl-3-methylimidazolium tetrafluoroborate,CC[n+]1ccn(C)c1.F[B-](F)(F)F,296.3,101.325,ElectricalConductivity,1.4175001,0.67764163,0.7398585,test,Ion-family,Family,C,Electrical conductivity multi-split parity plot,True
4614,1-ethyl-3-methylimidazolium tetrafluoroborate,CC[n+]1ccn(C)c1.F[B-](F)(F)F,296.8,101.325,ElectricalConductivity,1.3240001,0.6919926,0.63200754,test,Ion-family,Family,C,Electrical conductivity multi-split parity plot,True
4617,1-ethyl-3-methylimidazolium tetrafluoroborate,CC[n+]1ccn(C)c1.F[B-](F)(F)F,297.8,101.325,ElectricalConductivity,1.3560001,0.72120833,0.63479173,test,Ion-family,Family,C,Electrical conductivity multi-split parity plot,True
4627,1-ethyl-3-methylimidazolium tetrafluoroborate,CC[n+]1ccn(C)c1.F[B-](F)(F)F,298.1,100.0,ElectricalConductivity,0.91,0.7301376,0.17986244,test,Ion-family,Family,C,Electrical conductivity multi-split parity plot,True
4629,1-ethyl-3-methylimidazolium tetrafluoroborate,CC[n+]1ccn(C)c1.F[B-](F)(F)F,298.1,101.325,ElectricalConductivity,1.5264167,0.7301068,0.7963099,test,Ion-family,Family,C,Electrical conductivity multi-split parity plot,True
4623,1-ethyl-3-methylimidazolium tetrafluoroborate,CC[n+]1ccn(C)c1.F[B-](F)(F)F,298.15,101.0,ElectricalConductivity,1.5722501,0.7316028,0.84064734,test,Ion-family,Family,C,Electrical conductivity multi-split parity plot,True
4624,1-ethyl-3-methylimidazolium tetrafluoroborate,CC[n+]1ccn(C)c1.F[B-](F)(F)F,298.15,101.3,ElectricalConductivity,1.63,0.73159575,0.89840424,test,Ion-family,Family,C,Electrical conductivity multi-split parity plot,True
4625,1-ethyl-3-methylimidazolium tetrafluoroborate,CC[n+]1ccn(C)c1.F[B-](F)(F)F,298.15,101.325,ElectricalConductivity,1.5592502,0.7315952,0.827655,test,Ion-family,Family,C,Electrical conductivity multi-split parity plot,True
4632,1-ethyl-3-methylimidazolium tetrafluoroborate,CC[n+]1ccn(C)c1.F[B-](F)(F)F,298.8,101.325,ElectricalConductivity,1.5064998,0.7511051,0.75539464,test,Ion-family,Family,C,Electrical conductivity multi-split parity plot,True
4634,1-ethyl-3-methylimidazolium tetrafluoroborate,CC[n+]1ccn(C)c1.F[B-](F)(F)F,299.1,101.325,ElectricalConductivity,1.2999997,0.76020664,0.5397931,test,Ion-family,Family,C,Electrical conductivity multi-split parity plot,True
4636,1-ethyl-3-methylimidazolium tetrafluoroborate,CC[n+]1ccn(C)c1.F[B-](F)(F)F,300.0,101.325,ElectricalConductivity,1.4630003,0.78787285,0.67512745,test,Ion-family,Family,C,Electrical conductivity multi-split parity plot,True
4643,1-ethyl-3-methylimidazolium tetrafluoroborate,CC[n+]1ccn(C)c1.F[B-](F)(F)F,303.0,101.325,ElectricalConductivity,1.592,0.8839736,0.7080264,test,Ion-family,Family,C,Electrical conductivity multi-split parity plot,True
4652,1-ethyl-3-methylimidazolium tetrafluoroborate,CC[n+]1ccn(C)c1.F[B-](F)(F)F,303.1,101.325,ElectricalConductivity,1.788,0.88727844,0.90072155,test,Ion-family,Family,C,Electrical conductivity multi-split parity plot,True
4650,1-ethyl-3-methylimidazolium tetrafluoroborate,CC[n+]1ccn(C)c1.F[B-](F)(F)F,303.15,101.325,ElectricalConductivity,1.8466,0.8889329,0.9576672,test,Ion-family,Family,C,Electrical conductivity multi-split parity plot,True
4669,1-ethyl-3-methylimidazolium tetrafluoroborate,CC[n+]1ccn(C)c1.F[B-](F)(F)F,308.1,101.325,ElectricalConductivity,2.0200002,1.060575,0.9594252,test,Ion-family,Family,C,Electrical conductivity multi-split parity plot,True
4667,1-ethyl-3-methylimidazolium tetrafluoroborate,CC[n+]1ccn(C)c1.F[B-](F)(F)F,308.15,101.325,ElectricalConductivity,2.1100001,1.0623858,1.0476143,test,Ion-family,Family,C,Electrical conductivity multi-split parity plot,True
4673,1-ethyl-3-methylimidazolium tetrafluoroborate,CC[n+]1ccn(C)c1.F[B-](F)(F)F,313.0,101.325,ElectricalConductivity,2.109,1.2450194,0.86398053,test,Ion-family,Family,C,Electrical conductivity multi-split parity plot,True
4679,1-ethyl-3-methylimidazolium tetrafluoroborate,CC[n+]1ccn(C)c1.F[B-](F)(F)F,313.1,101.325,ElectricalConductivity,2.28,1.2489269,1.0310731,test,Ion-family,Family,C,Electrical conductivity multi-split parity plot,True
4677,1-ethyl-3-methylimidazolium tetrafluoroborate,CC[n+]1ccn(C)c1.F[B-](F)(F)F,313.15,101.325,ElectricalConductivity,2.4658003,1.2508818,1.2149185,test,Ion-family,Family,C,Electrical conductivity multi-split parity plot,True
4692,1-ethyl-3-methylimidazolium tetrafluoroborate,CC[n+]1ccn(C)c1.F[B-](F)(F)F,318.1,101.325,ElectricalConductivity,2.55,1.4511265,1.0988735,test,Ion-family,Family,C,Electrical conductivity multi-split parity plot,True
4690,1-ethyl-3-methylimidazolium tetrafluoroborate,CC[n+]1ccn(C)c1.F[B-](F)(F)F,318.15,101.325,ElectricalConductivity,2.7700005,1.4532139,1.3167865,test,Ion-family,Family,C,Electrical conductivity multi-split parity plot,True
4699,1-ethyl-3-methylimidazolium tetrafluoroborate,CC[n+]1ccn(C)c1.F[B-](F)(F)F,323.0,101.325,ElectricalConductivity,2.686,1.6615117,1.0244884,test,Ion-family,Family,C,Electrical conductivity multi-split parity plot,True
4706,1-ethyl-3-methylimidazolium tetrafluoroborate,CC[n+]1ccn(C)c1.F[B-](F)(F)F,323.1,101.325,ElectricalConductivity,2.8499997,1.665924,1.1840757,test,Ion-family,Family,C,Electrical conductivity multi-split parity plot,True
4704,1-ethyl-3-methylimidazolium tetrafluoroborate,CC[n+]1ccn(C)c1.F[B-](F)(F)F,323.15,101.325,ElectricalConductivity,3.1759,1.6681304,1.5077696,test,Ion-family,Family,C,Electrical conductivity multi-split parity plot,True
4718,1-ethyl-3-methylimidazolium tetrafluoroborate,CC[n+]1ccn(C)c1.F[B-](F)(F)F,328.1,101.325,ElectricalConductivity,3.22,1.8920816,1.3279184,test,Ion-family,Family,C,Electrical conductivity multi-split parity plot,True
4716,1-ethyl-3-methylimidazolium tetrafluoroborate,CC[n+]1ccn(C)c1.F[B-](F)(F)F,328.15,101.325,ElectricalConductivity,3.5100002,1.8943961,1.6156042,test,Ion-family,Family,C,Electrical conductivity multi-split parity plot,True
4726,1-ethyl-3-methylimidazolium tetrafluoroborate,CC[n+]1ccn(C)c1.F[B-](F)(F)F,333.0,101.325,ElectricalConductivity,3.314,2.123604,1.1903958,test,Ion-family,Family,C,Electrical conductivity multi-split parity plot,True
4732,1-ethyl-3-methylimidazolium tetrafluoroborate,CC[n+]1ccn(C)c1.F[B-](F)(F)F,333.1,101.325,ElectricalConductivity,3.5600002,2.1284235,1.4315767,test,Ion-family,Family,C,Electrical conductivity multi-split parity plot,True
4730,1-ethyl-3-methylimidazolium tetrafluoroborate,CC[n+]1ccn(C)c1.F[B-](F)(F)F,333.15,101.325,ElectricalConductivity,3.9697998,2.130834,1.8389657,test,Ion-family,Family,C,Electrical conductivity multi-split parity plot,True
4742,1-ethyl-3-methylimidazolium tetrafluoroborate,CC[n+]1ccn(C)c1.F[B-](F)(F)F,338.1,101.325,ElectricalConductivity,3.9500003,2.3738523,1.576148,test,Ion-family,Family,C,Electrical conductivity multi-split parity plot,True
4740,1-ethyl-3-methylimidazolium tetrafluoroborate,CC[n+]1ccn(C)c1.F[B-](F)(F)F,338.15,101.325,ElectricalConductivity,4.3400006,2.3763473,1.9636533,test,Ion-family,Family,C,Electrical conductivity multi-split parity plot,True
4749,1-ethyl-3-methylimidazolium tetrafluoroborate,CC[n+]1ccn(C)c1.F[B-](F)(F)F,343.0,101.325,ElectricalConductivity,3.9850004,2.6222167,1.3627837,test,Ion-family,Family,C,Electrical conductivity multi-split parity plot,True
4756,1-ethyl-3-methylimidazolium tetrafluoroborate,CC[n+]1ccn(C)c1.F[B-](F)(F)F,343.1,101.325,ElectricalConductivity,4.3499994,2.6273608,1.7226386,test,Ion-family,Family,C,Electrical conductivity multi-split parity plot,True
4753,1-ethyl-3-methylimidazolium tetrafluoroborate,CC[n+]1ccn(C)c1.F[B-](F)(F)F,343.15,101.325,ElectricalConductivity,4.8434,2.6299329,2.2134671,test,Ion-family,Family,C,Electrical conductivity multi-split parity plot,True
4764,1-ethyl-3-methylimidazolium tetrafluoroborate,CC[n+]1ccn(C)c1.F[B-](F)(F)F,348.1,101.325,ElectricalConductivity,4.7700005,2.8880332,1.8819673,test,Ion-family,Family,C,Electrical conductivity multi-split parity plot,True
4763,1-ethyl-3-methylimidazolium tetrafluoroborate,CC[n+]1ccn(C)c1.F[B-](F)(F)F,348.15,101.325,ElectricalConductivity,5.23,2.890672,2.339328,test,Ion-family,Family,C,Electrical conductivity multi-split parity plot,True
4771,1-ethyl-3-methylimidazolium tetrafluoroborate,CC[n+]1ccn(C)c1.F[B-](F)(F)F,353.0,101.325,ElectricalConductivity,4.691,3.1496313,1.5413687,test,Ion-family,Family,C,Electrical conductivity multi-split parity plot,True
4777,1-ethyl-3-methylimidazolium tetrafluoroborate,CC[n+]1ccn(C)c1.F[B-](F)(F)F,353.1,101.325,ElectricalConductivity,5.209999,3.1550276,2.0549715,test,Ion-family,Family,C,Electrical conductivity multi-split parity plot,True
4775,1-ethyl-3-methylimidazolium tetrafluoroborate,CC[n+]1ccn(C)c1.F[B-](F)(F)F,353.15,101.325,ElectricalConductivity,5.793799,3.157727,2.636072,test,Ion-family,Family,C,Electrical conductivity multi-split parity plot,True
4783,1-ethyl-3-methylimidazolium tetrafluoroborate,CC[n+]1ccn(C)c1.F[B-](F)(F)F,358.1,101.325,ElectricalConductivity,5.5250006,3.4275768,2.0974238,test,Ion-family,Family,C,Electrical conductivity multi-split parity plot,True
4782,1-ethyl-3-methylimidazolium tetrafluoroborate,CC[n+]1ccn(C)c1.F[B-](F)(F)F,358.15,101.325,ElectricalConductivity,6.199999,3.4303267,2.7696722,test,Ion-family,Family,C,Electrical conductivity multi-split parity plot,True
4786,1-ethyl-3-methylimidazolium tetrafluoroborate,CC[n+]1ccn(C)c1.F[B-](F)(F)F,363.0,101.325,ElectricalConductivity,5.425001,3.6993644,1.7256367,test,Ion-family,Family,C,Electrical conductivity multi-split parity plot,True
4789,1-ethyl-3-methylimidazolium tetrafluoroborate,CC[n+]1ccn(C)c1.F[B-](F)(F)F,363.1,101.325,ElectricalConductivity,5.974998,3.7049553,2.2700427,test,Ion-family,Family,C,Electrical conductivity multi-split parity plot,True
4792,1-ethyl-3-methylimidazolium tetrafluoroborate,CC[n+]1ccn(C)c1.F[B-](F)(F)F,368.1,101.325,ElectricalConductivity,6.4800005,3.9864771,2.4935234,test,Ion-family,Family,C,Electrical conductivity multi-split parity plot,True
4791,1-ethyl-3-methylimidazolium tetrafluoroborate,CC[n+]1ccn(C)c1.F[B-](F)(F)F,368.15,101.325,ElectricalConductivity,7.219999,3.9893112,3.2306876,test,Ion-family,Family,C,Electrical conductivity multi-split parity plot,True
4794,1-ethyl-3-methylimidazolium tetrafluoroborate,CC[n+]1ccn(C)c1.F[B-](F)(F)F,373.0,101.325,ElectricalConductivity,6.179998,4.265752,1.9142461,test,Ion-family,Family,C,Electrical conductivity multi-split parity plot,True
4795,1-ethyl-3-methylimidazolium tetrafluoroborate,CC[n+]1ccn(C)c1.F[B-](F)(F)F,373.1,101.325,ElectricalConductivity,6.8999996,4.271483,2.6285167,test,Ion-family,Family,C,Electrical conductivity multi-split parity plot,True
4797,1-ethyl-3-methylimidazolium tetrafluoroborate,CC[n+]1ccn(C)c1.F[B-](F)(F)F,378.1,101.325,ElectricalConductivity,7.380001,4.559305,2.8206959,test,Ion-family,Family,C,Electrical conductivity multi-split parity plot,True
4796,1-ethyl-3-methylimidazolium tetrafluoroborate,CC[n+]1ccn(C)c1.F[B-](F)(F)F,378.15,101.325,ElectricalConductivity,8.290003,4.5621943,3.7278085,test,Ion-family,Family,C,Electrical conductivity multi-split parity plot,True
4799,1-ethyl-3-methylimidazolium tetrafluoroborate,CC[n+]1ccn(C)c1.F[B-](F)(F)F,383.1,101.325,ElectricalConductivity,7.815001,4.849283,2.9657178,test,Ion-family,Family,C,Electrical conductivity multi-split parity plot,True
4801,1-ethyl-3-methylimidazolium tetrafluoroborate,CC[n+]1ccn(C)c1.F[B-](F)(F)F,388.1,101.325,ElectricalConductivity,8.309999,5.140736,3.1692634,test,Ion-family,Family,C,Electrical conductivity multi-split parity plot,True
4800,1-ethyl-3-methylimidazolium tetrafluoroborate,CC[n+]1ccn(C)c1.F[B-](F)(F)F,388.15,101.325,ElectricalConductivity,9.410001,5.1436543,4.2663465,test,Ion-family,Family,C,Electrical conductivity multi-split parity plot,True
4803,1-ethyl-3-methylimidazolium tetrafluoroborate,CC[n+]1ccn(C)c1.F[B-](F)(F)F,393.1,101.325,ElectricalConductivity,8.785,5.432959,3.3520408,test,Ion-family,Family,C,Electrical conductivity multi-split parity plot,True
4805,1-ethyl-3-methylimidazolium tetrafluoroborate,CC[n+]1ccn(C)c1.F[B-](F)(F)F,398.1,101.325,ElectricalConductivity,9.295,5.725225,3.569775,test,Ion-family,Family,C,Electrical conductivity multi-split parity plot,True
4804,1-ethyl-3-methylimidazolium tetrafluoroborate,CC[n+]1ccn(C)c1.F[B-](F)(F)F,398.15,101.325,ElectricalConductivity,10.559998,5.7281437,4.831854,test,Ion-family,Family,C,Electrical conductivity multi-split parity plot,True
4806,1-ethyl-3-methylimidazolium tetrafluoroborate,CC[n+]1ccn(C)c1.F[B-](F)(F)F,403.1,101.325,ElectricalConductivity,9.795,6.0167766,3.7782235,test,Ion-family,Family,C,Electrical conductivity multi-split parity plot,True
4808,1-ethyl-3-methylimidazolium tetrafluoroborate,CC[n+]1ccn(C)c1.F[B-](F)(F)F,408.1,101.325,ElectricalConductivity,10.285001,6.3068266,3.9781742,test,Ion-family,Family,C,Electrical conductivity multi-split parity plot,True
4807,1-ethyl-3-methylimidazolium tetrafluoroborate,CC[n+]1ccn(C)c1.F[B-](F)(F)F,408.15,101.325,ElectricalConductivity,11.75,6.309714,5.440286,test,Ion-family,Family,C,Electrical conductivity multi-split parity plot,True
4809,1-ethyl-3-methylimidazolium tetrafluoroborate,CC[n+]1ccn(C)c1.F[B-](F)(F)F,413.1,101.325,ElectricalConductivity,10.795001,6.5945687,4.2004323,test,Ion-family,Family,C,Electrical conductivity multi-split parity plot,True
4811,1-ethyl-3-methylimidazolium tetrafluoroborate,CC[n+]1ccn(C)c1.F[B-](F)(F)F,418.1,101.325,ElectricalConductivity,11.310002,6.8791685,4.430834,test,Ion-family,Family,C,Electrical conductivity multi-split parity plot,True
4810,1-ethyl-3-methylimidazolium tetrafluoroborate,CC[n+]1ccn(C)c1.F[B-](F)(F)F,418.15,101.325,ElectricalConductivity,12.969996,6.881994,6.0880027,test,Ion-family,Family,C,Electrical conductivity multi-split parity plot,True
4812,1-ethyl-3-methylimidazolium tetrafluoroborate,CC[n+]1ccn(C)c1.F[B-](F)(F)F,423.1,101.325,ElectricalConductivity,11.79,7.1597753,4.6302247,test,Ion-family,Family,C,Electrical conductivity multi-split parity plot,True
4814,1-ethyl-3-methylimidazolium tetrafluoroborate,CC[n+]1ccn(C)c1.F[B-](F)(F)F,428.1,101.325,ElectricalConductivity,12.279998,7.435543,4.844455,test,Ion-family,Family,C,Electrical conductivity multi-split parity plot,True
4813,1-ethyl-3-methylimidazolium tetrafluoroborate,CC[n+]1ccn(C)c1.F[B-](F)(F)F,428.15,101.325,ElectricalConductivity,14.219998,7.4382715,6.781727,test,Ion-family,Family,C,Electrical conductivity multi-split parity plot,True
4815,1-ethyl-3-methylimidazolium tetrafluoroborate,CC[n+]1ccn(C)c1.F[B-](F)(F)F,433.1,101.325,ElectricalConductivity,12.689995,7.7056036,4.984391,test,Ion-family,Family,C,Electrical conductivity multi-split parity plot,True
4941,1-ethyl-3-methylimidazolium tris(pentafluoroethyl)trifluorophosphate,CCn1cc[n+](C)c1.FC(F)(F)C(F)(F)[P-](F)(F)(F)(C(F)(F)C(F)(F)F)C(F)(F)C(F)(F)F,278.15,101.0,ElectricalConductivity,0.22399999,0.14576156,0.07823843,test,Ion-family,Family,C,Electrical conductivity multi-split parity plot,True
4952,1-ethyl-3-methylimidazolium tris(pentafluoroethyl)trifluorophosphate,CCn1cc[n+](C)c1.FC(F)(F)C(F)(F)[P-](F)(F)(F)(C(F)(F)C(F)(F)F)C(F)(F)C(F)(F)F,288.15,101.0,ElectricalConductivity,0.36199996,0.24534538,0.116654575,test,Ion-family,Family,C,Electrical conductivity multi-split parity plot,True
4967,1-ethyl-3-methylimidazolium tris(pentafluoroethyl)trifluorophosphate,CCn1cc[n+](C)c1.FC(F)(F)C(F)(F)[P-](F)(F)(F)(C(F)(F)C(F)(F)F)C(F)(F)C(F)(F)F,298.15,101.0,ElectricalConductivity,0.539,0.3738443,0.16515568,test,Ion-family,Family,C,Electrical conductivity multi-split parity plot,True
4984,1-ethyl-3-methylimidazolium tris(pentafluoroethyl)trifluorophosphate,CCn1cc[n+](C)c1.FC(F)(F)C(F)(F)[P-](F)(F)(F)(C(F)(F)C(F)(F)F)C(F)(F)C(F)(F)F,308.15,101.0,ElectricalConductivity,0.75699997,0.5303885,0.2266115,test,Ion-family,Family,C,Electrical conductivity multi-split parity plot,True
4998,1-ethyl-3-methylimidazolium tris(pentafluoroethyl)trifluorophosphate,CCn1cc[n+](C)c1.FC(F)(F)C(F)(F)[P-](F)(F)(F)(C(F)(F)C(F)(F)F)C(F)(F)C(F)(F)F,318.15,101.0,ElectricalConductivity,1.018,0.71112424,0.30687577,test,Ion-family,Family,C,Electrical conductivity multi-split parity plot,True
5010,1-ethyl-3-methylimidazolium tris(pentafluoroethyl)trifluorophosphate,CCn1cc[n+](C)c1.FC(F)(F)C(F)(F)[P-](F)(F)(F)(C(F)(F)C(F)(F)F)C(F)(F)C(F)(F)F,328.15,101.0,ElectricalConductivity,1.3180002,0.91038126,0.40761894,test,Ion-family,Family,C,Electrical conductivity multi-split parity plot,True
5027,1-ethyl-3-methylimidazolium tris(pentafluoroethyl)trifluorophosphate,CCn1cc[n+](C)c1.FC(F)(F)C(F)(F)[P-](F)(F)(F)(C(F)(F)C(F)(F)F)C(F)(F)C(F)(F)F,338.15,101.0,ElectricalConductivity,1.6579999,1.1222286,0.53577125,test,Ion-family,Family,C,Electrical conductivity multi-split parity plot,True
5040,1-ethyl-3-methylimidazolium tris(pentafluoroethyl)trifluorophosphate,CCn1cc[n+](C)c1.FC(F)(F)C(F)(F)[P-](F)(F)(F)(C(F)(F)C(F)(F)F)C(F)(F)C(F)(F)F,348.15,101.0,ElectricalConductivity,2.0279999,1.3414335,0.68656635,test,Ion-family,Family,C,Electrical conductivity multi-split parity plot,True
5047,1-ethyl-3-methylimidazolium tris(pentafluoroethyl)trifluorophosphate,CCn1cc[n+](C)c1.FC(F)(F)C(F)(F)[P-](F)(F)(F)(C(F)(F)C(F)(F)F)C(F)(F)C(F)(F)F,358.15,101.0,ElectricalConductivity,2.4289997,1.5637276,0.86527205,test,Ion-family,Family,C,Electrical conductivity multi-split parity plot,True
5050,1-ethyl-3-methylimidazolium tris(pentafluoroethyl)trifluorophosphate,CCn1cc[n+](C)c1.FC(F)(F)C(F)(F)[P-](F)(F)(F)(C(F)(F)C(F)(F)F)C(F)(F)C(F)(F)F,368.15,101.0,ElectricalConductivity,2.8559997,1.7856421,1.0703576,test,Ion-family,Family,C,Electrical conductivity multi-split parity plot,True
5052,1-ethyl-3-methylimidazolium tris(pentafluoroethyl)trifluorophosphate,CCn1cc[n+](C)c1.FC(F)(F)C(F)(F)[P-](F)(F)(F)(C(F)(F)C(F)(F)F)C(F)(F)C(F)(F)F,378.15,101.0,ElectricalConductivity,3.3080006,2.0042121,1.3037884,test,Ion-family,Family,C,Electrical conductivity multi-split parity plot,True
5053,1-ethyl-3-methylimidazolium tris(pentafluoroethyl)trifluorophosphate,CCn1cc[n+](C)c1.FC(F)(F)C(F)(F)[P-](F)(F)(F)(C(F)(F)C(F)(F)F)C(F)(F)C(F)(F)F,388.15,101.0,ElectricalConductivity,3.781,2.2167006,1.5642993,test,Ion-family,Family,C,Electrical conductivity multi-split parity plot,True
5054,1-ethyl-3-methylimidazolium tris(pentafluoroethyl)trifluorophosphate,CCn1cc[n+](C)c1.FC(F)(F)C(F)(F)[P-](F)(F)(F)(C(F)(F)C(F)(F)F)C(F)(F)C(F)(F)F,398.15,101.0,ElectricalConductivity,4.2749996,2.4204302,1.8545694,test,Ion-family,Family,C,Electrical conductivity multi-split parity plot,True
5055,1-ethyl-3-methylimidazolium tris(pentafluoroethyl)trifluorophosphate,CCn1cc[n+](C)c1.FC(F)(F)C(F)(F)[P-](F)(F)(F)(C(F)(F)C(F)(F)F)C(F)(F)C(F)(F)F,408.15,101.0,ElectricalConductivity,4.785998,2.6127162,2.1732817,test,Ion-family,Family,C,Electrical conductivity multi-split parity plot,True
5056,1-ethyl-3-methylimidazolium tris(pentafluoroethyl)trifluorophosphate,CCn1cc[n+](C)c1.FC(F)(F)C(F)(F)[P-](F)(F)(F)(C(F)(F)C(F)(F)F)C(F)(F)C(F)(F)F,418.15,101.0,ElectricalConductivity,5.309002,2.7908878,2.518114,test,Ion-family,Family,C,Electrical conductivity multi-split parity plot,True
5057,1-ethyl-3-methylimidazolium tris(pentafluoroethyl)trifluorophosphate,CCn1cc[n+](C)c1.FC(F)(F)C(F)(F)[P-](F)(F)(F)(C(F)(F)C(F)(F)F)C(F)(F)C(F)(F)F,428.15,101.0,ElectricalConductivity,5.847001,2.9523551,2.894646,test,Ion-family,Family,C,Electrical conductivity multi-split parity plot,True
5058,1-ethyl-3-methylimidazolium tris(pentafluoroethyl)trifluorophosphate,CCn1cc[n+](C)c1.FC(F)(F)C(F)(F)[P-](F)(F)(F)(C(F)(F)C(F)(F)F)C(F)(F)C(F)(F)F,438.15,101.0,ElectricalConductivity,6.3989983,3.094694,3.3043044,test,Ion-family,Family,C,Electrical conductivity multi-split parity plot,True
5059,1-ethyl-3-methylimidazolium tris(pentafluoroethyl)trifluorophosphate,CCn1cc[n+](C)c1.FC(F)(F)C(F)(F)[P-](F)(F)(F)(C(F)(F)C(F)(F)F)C(F)(F)C(F)(F)F,448.15,101.0,ElectricalConductivity,6.963,3.215719,3.7472808,test,Ion-family,Family,C,Electrical conductivity multi-split parity plot,True
5060,1-ethyl-3-methylimidazolium tris(pentafluoroethyl)trifluorophosphate,CCn1cc[n+](C)c1.FC(F)(F)C(F)(F)[P-](F)(F)(F)(C(F)(F)C(F)(F)F)C(F)(F)C(F)(F)F,458.15,101.0,ElectricalConductivity,7.5330014,3.3135407,4.2194605,test,Ion-family,Family,C,Electrical conductivity multi-split parity plot,True
5061,1-ethyl-3-methylimidazolium tris(pentafluoroethyl)trifluorophosphate,CCn1cc[n+](C)c1.FC(F)(F)C(F)(F)[P-](F)(F)(F)(C(F)(F)C(F)(F)F)C(F)(F)C(F)(F)F,468.15,101.0,ElectricalConductivity,8.112,3.3865926,4.7254076,test,Ion-family,Family,C,Electrical conductivity multi-split parity plot,True
1303,1-ethyl-3-octylimidazolium tetrafluoroborate,CCCCCCCCn1cc[n+](CC)c1.F[B-](F)(F)F,298.1,101.325,ElectricalConductivity,0.060949996,0.06353531,0.0025853142,test,Ion-family,Family,C,Electrical conductivity multi-split parity plot,True
133,1-hexadecyl-3-methylimidazolium tetrafluoroborate,CCCCCCCCCCCCCCCC[n+]1ccn(C)c1.F[B-](F)(F)F,283.1,101.325,ElectricalConductivity,4.100002e-05,0.023019843,0.022978842,test,Ion-family,Family,C,Electrical conductivity multi-split parity plot,True
134,1-hexadecyl-3-methylimidazolium tetrafluoroborate,CCCCCCCCCCCCCCCC[n+]1ccn(C)c1.F[B-](F)(F)F,288.1,101.325,ElectricalConductivity,8.799998e-05,0.027603159,0.027515158,test,Ion-family,Family,C,Electrical conductivity multi-split parity plot,True
135,1-hexadecyl-3-methylimidazolium tetrafluoroborate,CCCCCCCCCCCCCCCC[n+]1ccn(C)c1.F[B-](F)(F)F,293.1,101.325,ElectricalConductivity,0.00019100001,0.03281188,0.03262088,test,Ion-family,Family,C,Electrical conductivity multi-split parity plot,True
136,1-hexadecyl-3-methylimidazolium tetrafluoroborate,CCCCCCCCCCCCCCCC[n+]1ccn(C)c1.F[B-](F)(F)F,298.1,101.325,ElectricalConductivity,0.0006770001,0.03876486,0.03808786,test,Ion-family,Family,C,Electrical conductivity multi-split parity plot,True
137,1-hexadecyl-3-methylimidazolium tetrafluoroborate,CCCCCCCCCCCCCCCC[n+]1ccn(C)c1.F[B-](F)(F)F,303.1,101.325,ElectricalConductivity,0.0018400003,0.045588847,0.04374885,test,Ion-family,Family,C,Electrical conductivity multi-split parity plot,True
138,1-hexadecyl-3-methylimidazolium tetrafluoroborate,CCCCCCCCCCCCCCCC[n+]1ccn(C)c1.F[B-](F)(F)F,304.1,101.325,ElectricalConductivity,0.0020999995,0.047069587,0.04496959,test,Ion-family,Family,C,Electrical conductivity multi-split parity plot,True
139,1-hexadecyl-3-methylimidazolium tetrafluoroborate,CCCCCCCCCCCCCCCC[n+]1ccn(C)c1.F[B-](F)(F)F,306.1,101.325,ElectricalConductivity,0.0030699994,0.050155316,0.047085315,test,Ion-family,Family,C,Electrical conductivity multi-split parity plot,True
140,1-hexadecyl-3-methylimidazolium tetrafluoroborate,CCCCCCCCCCCCCCCC[n+]1ccn(C)c1.F[B-](F)(F)F,307.1,101.325,ElectricalConductivity,0.00443,0.048501354,0.044071354,test,Ion-family,Family,C,Electrical conductivity multi-split parity plot,True
141,1-hexadecyl-3-methylimidazolium tetrafluoroborate,CCCCCCCCCCCCCCCC[n+]1ccn(C)c1.F[B-](F)(F)F,310.1,101.325,ElectricalConductivity,0.022799997,0.05312111,0.030321112,test,Ion-family,Family,C,Electrical conductivity multi-split parity plot,True
142,1-hexadecyl-3-methylimidazolium tetrafluoroborate,CCCCCCCCCCCCCCCC[n+]1ccn(C)c1.F[B-](F)(F)F,313.1,101.325,ElectricalConductivity,0.032000005,0.058130663,0.026130658,test,Ion-family,Family,C,Electrical conductivity multi-split parity plot,True
143,1-hexadecyl-3-methylimidazolium tetrafluoroborate,CCCCCCCCCCCCCCCC[n+]1ccn(C)c1.F[B-](F)(F)F,315.1,101.325,ElectricalConductivity,0.0347,0.061701044,0.027001046,test,Ion-family,Family,C,Electrical conductivity multi-split parity plot,True
144,1-hexadecyl-3-methylimidazolium tetrafluoroborate,CCCCCCCCCCCCCCCC[n+]1ccn(C)c1.F[B-](F)(F)F,320.1,101.325,ElectricalConductivity,0.045099992,0.0714955,0.02639551,test,Ion-family,Family,C,Electrical conductivity multi-split parity plot,True
145,1-hexadecyl-3-methylimidazolium tetrafluoroborate,CCCCCCCCCCCCCCCC[n+]1ccn(C)c1.F[B-](F)(F)F,325.1,101.325,ElectricalConductivity,0.056800008,0.08263421,0.025834203,test,Ion-family,Family,C,Electrical conductivity multi-split parity plot,True
146,1-hexadecyl-3-methylimidazolium tetrafluoroborate,CCCCCCCCCCCCCCCC[n+]1ccn(C)c1.F[B-](F)(F)F,330.1,101.325,ElectricalConductivity,0.0705,0.09524319,0.024743192,test,Ion-family,Family,C,Electrical conductivity multi-split parity plot,True
147,1-hexadecyl-3-methylimidazolium tetrafluoroborate,CCCCCCCCCCCCCCCC[n+]1ccn(C)c1.F[B-](F)(F)F,333.1,101.325,ElectricalConductivity,0.0813,0.103564665,0.022264667,test,Ion-family,Family,C,Electrical conductivity multi-split parity plot,True
148,1-hexadecyl-3-methylimidazolium tetrafluoroborate,CCCCCCCCCCCCCCCC[n+]1ccn(C)c1.F[B-](F)(F)F,336.1,101.325,ElectricalConductivity,0.0902,0.11248371,0.02228371,test,Ion-family,Family,C,Electrical conductivity multi-split parity plot,True
149,1-hexadecyl-3-methylimidazolium tetrafluoroborate,CCCCCCCCCCCCCCCC[n+]1ccn(C)c1.F[B-](F)(F)F,338.1,101.325,ElectricalConductivity,0.09880001,0.11877348,0.019973472,test,Ion-family,Family,C,Electrical conductivity multi-split parity plot,True
150,1-hexadecyl-3-methylimidazolium tetrafluoroborate,CCCCCCCCCCCCCCCC[n+]1ccn(C)c1.F[B-](F)(F)F,340.1,101.325,ElectricalConductivity,0.105,0.12534608,0.020346083,test,Ion-family,Family,C,Electrical conductivity multi-split parity plot,True
151,1-hexadecyl-3-methylimidazolium tetrafluoroborate,CCCCCCCCCCCCCCCC[n+]1ccn(C)c1.F[B-](F)(F)F,343.1,101.325,ElectricalConductivity,0.11900001,0.1357494,0.01674939,test,Ion-family,Family,C,Electrical conductivity multi-split parity plot,True
152,1-hexadecyl-3-methylimidazolium tetrafluoroborate,CCCCCCCCCCCCCCCC[n+]1ccn(C)c1.F[B-](F)(F)F,346.1,101.325,ElectricalConductivity,0.128,0.1468242,0.01882419,test,Ion-family,Family,C,Electrical conductivity multi-split parity plot,True
153,1-hexadecyl-3-methylimidazolium tetrafluoroborate,CCCCCCCCCCCCCCCC[n+]1ccn(C)c1.F[B-](F)(F)F,348.1,101.325,ElectricalConductivity,0.143,0.1545899,0.0115899,test,Ion-family,Family,C,Electrical conductivity multi-split parity plot,True
154,1-hexadecyl-3-methylimidazolium tetrafluoroborate,CCCCCCCCCCCCCCCC[n+]1ccn(C)c1.F[B-](F)(F)F,350.1,101.325,ElectricalConductivity,0.146,0.16266769,0.016667694,test,Ion-family,Family,C,Electrical conductivity multi-split parity plot,True
155,1-hexadecyl-3-methylimidazolium tetrafluoroborate,CCCCCCCCCCCCCCCC[n+]1ccn(C)c1.F[B-](F)(F)F,353.1,101.325,ElectricalConductivity,0.169,0.17538008,0.006380081,test,Ion-family,Family,C,Electrical conductivity multi-split parity plot,True
156,1-hexadecyl-3-methylimidazolium tetrafluoroborate,CCCCCCCCCCCCCCCC[n+]1ccn(C)c1.F[B-](F)(F)F,355.1,101.325,ElectricalConductivity,0.171,0.18425845,0.013258442,test,Ion-family,Family,C,Electrical conductivity multi-split parity plot,True
157,1-hexadecyl-3-methylimidazolium tetrafluoroborate,CCCCCCCCCCCCCCCC[n+]1ccn(C)c1.F[B-](F)(F)F,367.1,101.325,ElectricalConductivity,0.24699998,0.24450344,0.0024965405,test,Ion-family,Family,C,Electrical conductivity multi-split parity plot,True
158,1-hexadecyl-3-methylimidazolium tetrafluoroborate,CCCCCCCCCCCCCCCC[n+]1ccn(C)c1.F[B-](F)(F)F,376.1,101.325,ElectricalConductivity,0.30100003,0.29768422,0.0033158064,test,Ion-family,Family,C,Electrical conductivity multi-split parity plot,True
159,1-hexadecyl-3-methylimidazolium tetrafluoroborate,CCCCCCCCCCCCCCCC[n+]1ccn(C)c1.F[B-](F)(F)F,381.1,101.325,ElectricalConductivity,0.331,0.3301777,0.0008223057,test,Ion-family,Family,C,Electrical conductivity multi-split parity plot,True
160,1-hexadecyl-3-methylimidazolium tetrafluoroborate,CCCCCCCCCCCCCCCC[n+]1ccn(C)c1.F[B-](F)(F)F,390.1,101.325,ElectricalConductivity,0.39099997,0.39378223,0.0027822554,test,Ion-family,Family,C,Electrical conductivity multi-split parity plot,True
161,1-hexadecyl-3-methylimidazolium tetrafluoroborate,CCCCCCCCCCCCCCCC[n+]1ccn(C)c1.F[B-](F)(F)F,396.1,101.325,ElectricalConductivity,0.44399998,0.439625,0.004374981,test,Ion-family,Family,C,Electrical conductivity multi-split parity plot,True
162,1-hexadecyl-3-methylimidazolium tetrafluoroborate,CCCCCCCCCCCCCCCC[n+]1ccn(C)c1.F[B-](F)(F)F,405.1,101.325,ElectricalConductivity,0.5220001,0.5129817,0.009018362,test,Ion-family,Family,C,Electrical conductivity multi-split parity plot,True
163,1-hexadecyl-3-methylimidazolium tetrafluoroborate,CCCCCCCCCCCCCCCC[n+]1ccn(C)c1.F[B-](F)(F)F,413.1,101.325,ElectricalConductivity,0.575,0.58207923,0.0070792437,test,Ion-family,Family,C,Electrical conductivity multi-split parity plot,True
164,1-hexadecyl-3-methylimidazolium tetrafluoroborate,CCCCCCCCCCCCCCCC[n+]1ccn(C)c1.F[B-](F)(F)F,419.1,101.325,ElectricalConductivity,0.62200004,0.6357515,0.013751447,test,Ion-family,Family,C,Electrical conductivity multi-split parity plot,True
165,1-hexadecyl-3-methylimidazolium tetrafluoroborate,CCCCCCCCCCCCCCCC[n+]1ccn(C)c1.F[B-](F)(F)F,425.1,101.325,ElectricalConductivity,0.72499996,0.69052917,0.034470797,test,Ion-family,Family,C,Electrical conductivity multi-split parity plot,True
166,1-hexadecyl-3-methylimidazolium tetrafluoroborate,CCCCCCCCCCCCCCCC[n+]1ccn(C)c1.F[B-](F)(F)F,433.1,101.325,ElectricalConductivity,0.847,0.7644541,0.08254588,test,Ion-family,Family,C,Electrical conductivity multi-split parity plot,True
167,1-hexadecyl-3-methylimidazolium tetrafluoroborate,CCCCCCCCCCCCCCCC[n+]1ccn(C)c1.F[B-](F)(F)F,435.1,101.325,ElectricalConductivity,0.872,0.7829679,0.089032054,test,Ion-family,Family,C,Electrical conductivity multi-split parity plot,True
168,1-hexadecyl-3-methylimidazolium tetrafluoroborate,CCCCCCCCCCCCCCCC[n+]1ccn(C)c1.F[B-](F)(F)F,440.1,101.325,ElectricalConductivity,1.0,0.8290917,0.17090827,test,Ion-family,Family,C,Electrical conductivity multi-split parity plot,True
169,1-hexadecyl-3-methylimidazolium tetrafluoroborate,CCCCCCCCCCCCCCCC[n+]1ccn(C)c1.F[B-](F)(F)F,448.1,101.325,ElectricalConductivity,1.11,0.90175074,0.20824927,test,Ion-family,Family,C,Electrical conductivity multi-split parity plot,True
170,1-hexadecyl-3-methylimidazolium tetrafluoroborate,CCCCCCCCCCCCCCCC[n+]1ccn(C)c1.F[B-](F)(F)F,453.1,101.325,ElectricalConductivity,1.1700001,0.94594496,0.22405511,test,Ion-family,Family,C,Electrical conductivity multi-split parity plot,True
171,1-hexadecyl-3-methylimidazolium tetrafluoroborate,CCCCCCCCCCCCCCCC[n+]1ccn(C)c1.F[B-](F)(F)F,457.1,101.325,ElectricalConductivity,1.22,0.9803606,0.2396394,test,Ion-family,Family,C,Electrical conductivity multi-split parity plot,True
172,1-hexadecyl-3-methylimidazolium tetrafluoroborate,CCCCCCCCCCCCCCCC[n+]1ccn(C)c1.F[B-](F)(F)F,462.1,101.325,ElectricalConductivity,1.27,1.0219347,0.24806523,test,Ion-family,Family,C,Electrical conductivity multi-split parity plot,True
1693,1-hexyl-3-methylimidazolium bis(perfluoroethylsulfonyl)imide,CCCCCC[n+]1ccn(C)c1.O=S(=O)([N-]S(=O)(=O)C(F)(F)C(F)(F)F)C(F)(F)C(F)(F)F,295.1,101.325,ElectricalConductivity,0.13,0.19405426,0.064054266,test,Ion-family,Family,C,Electrical conductivity multi-split parity plot,True
1412,1-hexyl-3-methylimidazolium tetrafluoroborate,CCCCCC[n+]1ccn(C)c1.F[B-](F)(F)F,238.05,101.325,ElectricalConductivity,0.00040499997,5.9494436e-05,0.00034550554,test,Ion-family,Family,C,Electrical conductivity multi-split parity plot,True
1413,1-hexyl-3-methylimidazolium tetrafluoroborate,CCCCCC[n+]1ccn(C)c1.F[B-](F)(F)F,248.05,101.325,ElectricalConductivity,0.0016849997,0.00056578685,0.0011192128,test,Ion-family,Family,C,Electrical conductivity multi-split parity plot,True
1414,1-hexyl-3-methylimidazolium tetrafluoroborate,CCCCCC[n+]1ccn(C)c1.F[B-](F)(F)F,258.05,101.325,ElectricalConductivity,0.0054399995,0.0028556592,0.0025843403,test,Ion-family,Family,C,Electrical conductivity multi-split parity plot,True
1415,1-hexyl-3-methylimidazolium tetrafluoroborate,CCCCCC[n+]1ccn(C)c1.F[B-](F)(F)F,268.1,101.325,ElectricalConductivity,0.014510002,0.009805692,0.0047043096,test,Ion-family,Family,C,Electrical conductivity multi-split parity plot,True
1418,1-hexyl-3-methylimidazolium tetrafluoroborate,CCCCCC[n+]1ccn(C)c1.F[B-](F)(F)F,273.0,100.0,ElectricalConductivity,0.0215,0.016385349,0.005114652,test,Ion-family,Family,C,Electrical conductivity multi-split parity plot,True
1427,1-hexyl-3-methylimidazolium tetrafluoroborate,CCCCCC[n+]1ccn(C)c1.F[B-](F)(F)F,278.1,101.325,ElectricalConductivity,0.033200003,0.02675982,0.006440183,test,Ion-family,Family,C,Electrical conductivity multi-split parity plot,True
1425,1-hexyl-3-methylimidazolium tetrafluoroborate,CCCCCC[n+]1ccn(C)c1.F[B-](F)(F)F,278.15,100.0,ElectricalConductivity,0.031799998,0.026881352,0.004918646,test,Ion-family,Family,C,Electrical conductivity multi-split parity plot,True
1433,1-hexyl-3-methylimidazolium tetrafluoroborate,CCCCCC[n+]1ccn(C)c1.F[B-](F)(F)F,283.15,100.0,ElectricalConductivity,0.0461,0.041862886,0.0042371154,test,Ion-family,Family,C,Electrical conductivity multi-split parity plot,True
1439,1-hexyl-3-methylimidazolium tetrafluoroborate,CCCCCC[n+]1ccn(C)c1.F[B-](F)(F)F,288.15,100.0,ElectricalConductivity,0.0647,0.06300459,0.0016954094,test,Ion-family,Family,C,Electrical conductivity multi-split parity plot,True
1441,1-hexyl-3-methylimidazolium tetrafluoroborate,CCCCCC[n+]1ccn(C)c1.F[B-](F)(F)F,288.15,101.325,ElectricalConductivity,0.06719999,0.06300527,0.0041947216,test,Ion-family,Family,C,Electrical conductivity multi-split parity plot,True
1454,1-hexyl-3-methylimidazolium tetrafluoroborate,CCCCCC[n+]1ccn(C)c1.F[B-](F)(F)F,293.15,100.0,ElectricalConductivity,0.08929998,0.09175475,0.0024547726,test,Ion-family,Family,C,Electrical conductivity multi-split parity plot,True
1479,1-hexyl-3-methylimidazolium tetrafluoroborate,CCCCCC[n+]1ccn(C)c1.F[B-](F)(F)F,298.1,101.325,ElectricalConductivity,0.13933334,0.12897234,0.010361001,test,Ion-family,Family,C,Electrical conductivity multi-split parity plot,True
1474,1-hexyl-3-methylimidazolium tetrafluoroborate,CCCCCC[n+]1ccn(C)c1.F[B-](F)(F)F,298.15,100.0,ElectricalConductivity,0.12009999,0.12940146,0.009301469,test,Ion-family,Family,C,Electrical conductivity multi-split parity plot,True
1475,1-hexyl-3-methylimidazolium tetrafluoroborate,CCCCCC[n+]1ccn(C)c1.F[B-](F)(F)F,298.15,101.0,ElectricalConductivity,0.12439999,0.12939751,0.0049975216,test,Ion-family,Family,C,Electrical conductivity multi-split parity plot,True
1477,1-hexyl-3-methylimidazolium tetrafluoroborate,CCCCCC[n+]1ccn(C)c1.F[B-](F)(F)F,298.15,101.325,ElectricalConductivity,0.12289998,0.1293962,0.006496221,test,Ion-family,Family,C,Electrical conductivity multi-split parity plot,True
1490,1-hexyl-3-methylimidazolium tetrafluoroborate,CCCCCC[n+]1ccn(C)c1.F[B-](F)(F)F,303.0,101.0,ElectricalConductivity,0.16,0.17532134,0.015321344,test,Ion-family,Family,C,Electrical conductivity multi-split parity plot,True
1499,1-hexyl-3-methylimidazolium tetrafluoroborate,CCCCCC[n+]1ccn(C)c1.F[B-](F)(F)F,303.16,100.0,ElectricalConductivity,0.15930001,0.17700914,0.017709121,test,Ion-family,Family,C,Electrical conductivity multi-split parity plot,True
1509,1-hexyl-3-methylimidazolium tetrafluoroborate,CCCCCC[n+]1ccn(C)c1.F[B-](F)(F)F,308.0,101.0,ElectricalConductivity,0.205,0.2431561,0.038156107,test,Ion-family,Family,C,Electrical conductivity multi-split parity plot,True
1511,1-hexyl-3-methylimidazolium tetrafluoroborate,CCCCCC[n+]1ccn(C)c1.F[B-](F)(F)F,308.15,100.0,ElectricalConductivity,0.19780001,0.24516566,0.04736565,test,Ion-family,Family,C,Electrical conductivity multi-split parity plot,True
1514,1-hexyl-3-methylimidazolium tetrafluoroborate,CCCCCC[n+]1ccn(C)c1.F[B-](F)(F)F,308.15,101.325,ElectricalConductivity,0.20699999,0.2451459,0.038145915,test,Ion-family,Family,C,Electrical conductivity multi-split parity plot,True
1527,1-hexyl-3-methylimidazolium tetrafluoroborate,CCCCCC[n+]1ccn(C)c1.F[B-](F)(F)F,313.0,101.0,ElectricalConductivity,0.259,0.3150648,0.056064785,test,Ion-family,Family,C,Electrical conductivity multi-split parity plot,True
1535,1-hexyl-3-methylimidazolium tetrafluoroborate,CCCCCC[n+]1ccn(C)c1.F[B-](F)(F)F,313.16,100.0,ElectricalConductivity,0.24970001,0.31757057,0.06787056,test,Ion-family,Family,C,Electrical conductivity multi-split parity plot,True
1548,1-hexyl-3-methylimidazolium tetrafluoroborate,CCCCCC[n+]1ccn(C)c1.F[B-](F)(F)F,318.0,101.0,ElectricalConductivity,0.322,0.3978771,0.0758771,test,Ion-family,Family,C,Electrical conductivity multi-split parity plot,True
1550,1-hexyl-3-methylimidazolium tetrafluoroborate,CCCCCC[n+]1ccn(C)c1.F[B-](F)(F)F,318.15,100.0,ElectricalConductivity,0.30979997,0.4005541,0.09075412,test,Ion-family,Family,C,Electrical conductivity multi-split parity plot,True
1553,1-hexyl-3-methylimidazolium tetrafluoroborate,CCCCCC[n+]1ccn(C)c1.F[B-](F)(F)F,318.15,101.325,ElectricalConductivity,0.32599998,0.40051422,0.07451424,test,Ion-family,Family,C,Electrical conductivity multi-split parity plot,True
1566,1-hexyl-3-methylimidazolium tetrafluoroborate,CCCCCC[n+]1ccn(C)c1.F[B-](F)(F)F,323.0,101.0,ElectricalConductivity,0.397,0.49097762,0.0939776,test,Ion-family,Family,C,Electrical conductivity multi-split parity plot,True
1569,1-hexyl-3-methylimidazolium tetrafluoroborate,CCCCCC[n+]1ccn(C)c1.F[B-](F)(F)F,323.12,100.0,ElectricalConductivity,0.37820002,0.49337074,0.11517072,test,Ion-family,Family,C,Electrical conductivity multi-split parity plot,True
1579,1-hexyl-3-methylimidazolium tetrafluoroborate,CCCCCC[n+]1ccn(C)c1.F[B-](F)(F)F,328.0,101.0,ElectricalConductivity,0.481,0.5935589,0.1125589,test,Ion-family,Family,C,Electrical conductivity multi-split parity plot,True
1585,1-hexyl-3-methylimidazolium tetrafluoroborate,CCCCCC[n+]1ccn(C)c1.F[B-](F)(F)F,328.1,100.0,ElectricalConductivity,0.45650002,0.59574956,0.13924953,test,Ion-family,Family,C,Electrical conductivity multi-split parity plot,True
1582,1-hexyl-3-methylimidazolium tetrafluoroborate,CCCCCC[n+]1ccn(C)c1.F[B-](F)(F)F,328.15,101.325,ElectricalConductivity,0.483,0.5967579,0.11375788,test,Ion-family,Family,C,Electrical conductivity multi-split parity plot,True
1590,1-hexyl-3-methylimidazolium tetrafluoroborate,CCCCCC[n+]1ccn(C)c1.F[B-](F)(F)F,333.0,101.0,ElectricalConductivity,0.576,0.70473456,0.12873459,test,Ion-family,Family,C,Electrical conductivity multi-split parity plot,True
1597,1-hexyl-3-methylimidazolium tetrafluoroborate,CCCCCC[n+]1ccn(C)c1.F[B-](F)(F)F,333.16,100.0,ElectricalConductivity,0.55609995,0.70848155,0.1523816,test,Ion-family,Family,C,Electrical conductivity multi-split parity plot,True
1609,1-hexyl-3-methylimidazolium tetrafluoroborate,CCCCCC[n+]1ccn(C)c1.F[B-](F)(F)F,338.13,100.0,ElectricalConductivity,0.6541,0.82687527,0.17277527,test,Ion-family,Family,C,Electrical conductivity multi-split parity plot,True
1610,1-hexyl-3-methylimidazolium tetrafluoroborate,CCCCCC[n+]1ccn(C)c1.F[B-](F)(F)F,338.15,101.325,ElectricalConductivity,0.683,0.82727736,0.14427733,test,Ion-family,Family,C,Electrical conductivity multi-split parity plot,True
1616,1-hexyl-3-methylimidazolium tetrafluoroborate,CCCCCC[n+]1ccn(C)c1.F[B-](F)(F)F,343.11,100.0,ElectricalConductivity,0.76329994,0.9523104,0.18901044,test,Ion-family,Family,C,Electrical conductivity multi-split parity plot,True
1624,1-hexyl-3-methylimidazolium tetrafluoroborate,CCCCCC[n+]1ccn(C)c1.F[B-](F)(F)F,348.15,101.325,ElectricalConductivity,0.926,1.0853299,0.15932989,test,Ion-family,Family,C,Electrical conductivity multi-split parity plot,True
1625,1-hexyl-3-methylimidazolium tetrafluoroborate,CCCCCC[n+]1ccn(C)c1.F[B-](F)(F)F,348.19,100.0,ElectricalConductivity,0.88490003,1.0865206,0.20162052,test,Ion-family,Family,C,Electrical conductivity multi-split parity plot,True
1633,1-hexyl-3-methylimidazolium tetrafluoroborate,CCCCCC[n+]1ccn(C)c1.F[B-](F)(F)F,353.15,100.0,ElectricalConductivity,1.0153,1.2229958,0.20769572,test,Ion-family,Family,C,Electrical conductivity multi-split parity plot,True
1640,1-hexyl-3-methylimidazolium tetrafluoroborate,CCCCCC[n+]1ccn(C)c1.F[B-](F)(F)F,358.15,101.325,ElectricalConductivity,1.2140001,1.3652891,0.15128899,test,Ion-family,Family,C,Electrical conductivity multi-split parity plot,True
1646,1-hexyl-3-methylimidazolium tetrafluoroborate,CCCCCC[n+]1ccn(C)c1.F[B-](F)(F)F,368.15,101.325,ElectricalConductivity,1.545,1.6626132,0.1176132,test,Ion-family,Family,C,Electrical conductivity multi-split parity plot,True
1652,1-hexyl-3-methylimidazolium tetrafluoroborate,CCCCCC[n+]1ccn(C)c1.F[B-](F)(F)F,378.15,101.325,ElectricalConductivity,1.9200001,1.9732883,0.05328822,test,Ion-family,Family,C,Electrical conductivity multi-split parity plot,True
1655,1-hexyl-3-methylimidazolium tetrafluoroborate,CCCCCC[n+]1ccn(C)c1.F[B-](F)(F)F,388.15,101.325,ElectricalConductivity,2.3299997,2.2932677,0.03673196,test,Ion-family,Family,C,Electrical conductivity multi-split parity plot,True
1657,1-hexyl-3-methylimidazolium tetrafluoroborate,CCCCCC[n+]1ccn(C)c1.F[B-](F)(F)F,398.15,101.325,ElectricalConductivity,2.78,2.6181197,0.16188025,test,Ion-family,Family,C,Electrical conductivity multi-split parity plot,True
1658,1-hexyl-3-methylimidazolium tetrafluoroborate,CCCCCC[n+]1ccn(C)c1.F[B-](F)(F)F,408.15,101.325,ElectricalConductivity,3.26,2.942905,0.31709504,test,Ion-family,Family,C,Electrical conductivity multi-split parity plot,True
1659,1-hexyl-3-methylimidazolium tetrafluoroborate,CCCCCC[n+]1ccn(C)c1.F[B-](F)(F)F,418.15,101.325,ElectricalConductivity,3.77,3.2622826,0.5077174,test,Ion-family,Family,C,Electrical conductivity multi-split parity plot,True
1660,1-hexyl-3-methylimidazolium tetrafluoroborate,CCCCCC[n+]1ccn(C)c1.F[B-](F)(F)F,428.15,101.325,ElectricalConductivity,4.3100004,3.5625262,0.7474742,test,Ion-family,Family,C,Electrical conductivity multi-split parity plot,True
1661,1-hexyl-3-methylimidazolium tetrafluoroborate,CCCCCC[n+]1ccn(C)c1.F[B-](F)(F)F,438.15,101.325,ElectricalConductivity,4.8800015,3.8529472,1.0270543,test,Ion-family,Family,C,Electrical conductivity multi-split parity plot,True
1662,1-hexyl-3-methylimidazolium tetrafluoroborate,CCCCCC[n+]1ccn(C)c1.F[B-](F)(F)F,448.15,101.325,ElectricalConductivity,5.4599986,4.1195593,1.3404393,test,Ion-family,Family,C,Electrical conductivity multi-split parity plot,True
1663,1-hexyl-3-methylimidazolium tetrafluoroborate,CCCCCC[n+]1ccn(C)c1.F[B-](F)(F)F,458.15,101.325,ElectricalConductivity,6.0700006,3.9902864,2.0797143,test,Ion-family,Family,C,Electrical conductivity multi-split parity plot,True
1664,1-hexyl-3-methylimidazolium tetrafluoroborate,CCCCCC[n+]1ccn(C)c1.F[B-](F)(F)F,468.15,101.325,ElectricalConductivity,6.6899996,4.218631,2.4713688,test,Ion-family,Family,C,Electrical conductivity multi-split parity plot,True
1794,1-hexyl-3-methylimidazolium tris(pentafluoroethyl)trifluorophosphate,CCCCCCn1cc[n+](C)c1.FC(F)(F)C(F)(F)[P-](F)(F)(F)(C(F)(F)C(F)(F)F)C(F)(F)C(F)(F)F,293.15,101.325,ElectricalConductivity,0.13029999,0.1140184,0.016281582,test,Ion-family,Family,C,Electrical conductivity multi-split parity plot,True
1802,1-hexyl-3-methylimidazolium tris(pentafluoroethyl)trifluorophosphate,CCCCCCn1cc[n+](C)c1.FC(F)(F)C(F)(F)[P-](F)(F)(F)(C(F)(F)C(F)(F)F)C(F)(F)C(F)(F)F,298.15,101.325,ElectricalConductivity,0.1665,0.14110436,0.025395647,test,Ion-family,Family,C,Electrical conductivity multi-split parity plot,True
1818,1-hexyl-3-methylimidazolium tris(pentafluoroethyl)trifluorophosphate,CCCCCCn1cc[n+](C)c1.FC(F)(F)C(F)(F)[P-](F)(F)(F)(C(F)(F)C(F)(F)F)C(F)(F)C(F)(F)F,303.15,101.325,ElectricalConductivity,0.209,0.1721487,0.0368513,test,Ion-family,Family,C,Electrical conductivity multi-split parity plot,True
1829,1-hexyl-3-methylimidazolium tris(pentafluoroethyl)trifluorophosphate,CCCCCCn1cc[n+](C)c1.FC(F)(F)C(F)(F)[P-](F)(F)(F)(C(F)(F)C(F)(F)F)C(F)(F)C(F)(F)F,308.15,101.325,ElectricalConductivity,0.258,0.20730996,0.050690025,test,Ion-family,Family,C,Electrical conductivity multi-split parity plot,True
1841,1-hexyl-3-methylimidazolium tris(pentafluoroethyl)trifluorophosphate,CCCCCCn1cc[n+](C)c1.FC(F)(F)C(F)(F)[P-](F)(F)(F)(C(F)(F)C(F)(F)F)C(F)(F)C(F)(F)F,313.15,101.325,ElectricalConductivity,0.31300002,0.24661985,0.06638017,test,Ion-family,Family,C,Electrical conductivity multi-split parity plot,True
1849,1-hexyl-3-methylimidazolium tris(pentafluoroethyl)trifluorophosphate,CCCCCCn1cc[n+](C)c1.FC(F)(F)C(F)(F)[P-](F)(F)(F)(C(F)(F)C(F)(F)F)C(F)(F)C(F)(F)F,318.15,101.325,ElectricalConductivity,0.374,0.28997216,0.08402786,test,Ion-family,Family,C,Electrical conductivity multi-split parity plot,True
1863,1-hexyl-3-methylimidazolium tris(pentafluoroethyl)trifluorophosphate,CCCCCCn1cc[n+](C)c1.FC(F)(F)C(F)(F)[P-](F)(F)(F)(C(F)(F)C(F)(F)F)C(F)(F)C(F)(F)F,323.15,101.325,ElectricalConductivity,0.44,0.33712965,0.102870345,test,Ion-family,Family,C,Electrical conductivity multi-split parity plot,True
1875,1-hexyl-3-methylimidazolium tris(pentafluoroethyl)trifluorophosphate,CCCCCCn1cc[n+](C)c1.FC(F)(F)C(F)(F)[P-](F)(F)(F)(C(F)(F)C(F)(F)F)C(F)(F)C(F)(F)F,328.15,101.325,ElectricalConductivity,0.51399994,0.38774613,0.12625381,test,Ion-family,Family,C,Electrical conductivity multi-split parity plot,True
1881,1-hexyl-3-methylimidazolium tris(pentafluoroethyl)trifluorophosphate,CCCCCCn1cc[n+](C)c1.FC(F)(F)C(F)(F)[P-](F)(F)(F)(C(F)(F)C(F)(F)F)C(F)(F)C(F)(F)F,333.15,101.325,ElectricalConductivity,0.593,0.441396,0.151604,test,Ion-family,Family,C,Electrical conductivity multi-split parity plot,True
1894,1-hexyl-3-methylimidazolium tris(pentafluoroethyl)trifluorophosphate,CCCCCCn1cc[n+](C)c1.FC(F)(F)C(F)(F)[P-](F)(F)(F)(C(F)(F)C(F)(F)F)C(F)(F)C(F)(F)F,338.15,101.325,ElectricalConductivity,0.676,0.4976078,0.1783922,test,Ion-family,Family,C,Electrical conductivity multi-split parity plot,True
1903,1-hexyl-3-methylimidazolium tris(pentafluoroethyl)trifluorophosphate,CCCCCCn1cc[n+](C)c1.FC(F)(F)C(F)(F)[P-](F)(F)(F)(C(F)(F)C(F)(F)F)C(F)(F)C(F)(F)F,343.15,101.325,ElectricalConductivity,0.76899993,0.555893,0.21310693,test,Ion-family,Family,C,Electrical conductivity multi-split parity plot,True
843,1-methyl-3-octylimidazolium tetrafluoroborate,CCCCCCCCn1cc[n+](C)c1.F[B-](F)(F)F,238.05,101.325,ElectricalConductivity,0.00015239997,3.267444e-05,0.000119725526,test,Ion-family,Family,C,Electrical conductivity multi-split parity plot,True
853,1-methyl-3-octylimidazolium tetrafluoroborate,CCCCCCCCn1cc[n+](C)c1.F[B-](F)(F)F,248.05,101.325,ElectricalConductivity,0.00064999994,0.00033639628,0.00031360367,test,Ion-family,Family,C,Electrical conductivity multi-split parity plot,True
875,1-methyl-3-octylimidazolium tetrafluoroborate,CCCCCCCCn1cc[n+](C)c1.F[B-](F)(F)F,258.05,101.325,ElectricalConductivity,0.0021800005,0.0017364421,0.00044355844,test,Ion-family,Family,C,Electrical conductivity multi-split parity plot,True
894,1-methyl-3-octylimidazolium tetrafluoroborate,CCCCCCCCn1cc[n+](C)c1.F[B-](F)(F)F,268.1,101.325,ElectricalConductivity,0.006049999,0.0057892133,0.0002607857,test,Ion-family,Family,C,Electrical conductivity multi-split parity plot,True
906,1-methyl-3-octylimidazolium tetrafluoroborate,CCCCCCCCn1cc[n+](C)c1.F[B-](F)(F)F,273.23,101.325,ElectricalConductivity,0.009610001,0.009673184,6.3182786e-05,test,Ion-family,Family,C,Electrical conductivity multi-split parity plot,True
907,1-methyl-3-octylimidazolium tetrafluoroborate,CCCCCCCCn1cc[n+](C)c1.F[B-](F)(F)F,273.37,101.325,ElectricalConductivity,0.009850001,0.009803008,4.6992674e-05,test,Ion-family,Family,C,Electrical conductivity multi-split parity plot,True
918,1-methyl-3-octylimidazolium tetrafluoroborate,CCCCCCCCn1cc[n+](C)c1.F[B-](F)(F)F,278.1,101.325,ElectricalConductivity,0.014410003,0.015117015,0.00070701167,test,Ion-family,Family,C,Electrical conductivity multi-split parity plot,True
917,1-methyl-3-octylimidazolium tetrafluoroborate,CCCCCCCCn1cc[n+](C)c1.F[B-](F)(F)F,278.15,101.325,ElectricalConductivity,0.014580003,0.015183855,0.00060385186,test,Ion-family,Family,C,Electrical conductivity multi-split parity plot,True
927,1-methyl-3-octylimidazolium tetrafluoroborate,CCCCCCCCn1cc[n+](C)c1.F[B-](F)(F)F,283.15,101.325,ElectricalConductivity,0.021366669,0.02325399,0.0018873215,test,Ion-family,Family,C,Electrical conductivity multi-split parity plot,True
938,1-methyl-3-octylimidazolium tetrafluoroborate,CCCCCCCCn1cc[n+](C)c1.F[B-](F)(F)F,288.15,101.325,ElectricalConductivity,0.030399999,0.03465803,0.004258031,test,Ion-family,Family,C,Electrical conductivity multi-split parity plot,True
940,1-methyl-3-octylimidazolium tetrafluoroborate,CCCCCCCCn1cc[n+](C)c1.F[B-](F)(F)F,288.16,101.325,ElectricalConductivity,0.031200007,0.034684848,0.0034848414,test,Ion-family,Family,C,Electrical conductivity multi-split parity plot,True
955,1-methyl-3-octylimidazolium tetrafluoroborate,CCCCCCCCn1cc[n+](C)c1.F[B-](F)(F)F,293.15,101.325,ElectricalConductivity,0.042900003,0.05036521,0.007465206,test,Ion-family,Family,C,Electrical conductivity multi-split parity plot,True
958,1-methyl-3-octylimidazolium tetrafluoroborate,CCCCCCCCn1cc[n+](C)c1.F[B-](F)(F)F,293.16,101.325,ElectricalConductivity,0.042699996,0.050401635,0.007701639,test,Ion-family,Family,C,Electrical conductivity multi-split parity plot,True
981,1-methyl-3-octylimidazolium tetrafluoroborate,CCCCCCCCn1cc[n+](C)c1.F[B-](F)(F)F,298.1,101.325,ElectricalConductivity,0.067966655,0.07113609,0.0031694323,test,Ion-family,Family,C,Electrical conductivity multi-split parity plot,True
974,1-methyl-3-octylimidazolium tetrafluoroborate,CCCCCCCCn1cc[n+](C)c1.F[B-](F)(F)F,298.15,100.0,ElectricalConductivity,0.05869999,0.0713773,0.012677308,test,Ion-family,Family,C,Electrical conductivity multi-split parity plot,True
975,1-methyl-3-octylimidazolium tetrafluoroborate,CCCCCCCCn1cc[n+](C)c1.F[B-](F)(F)F,298.15,101.0,ElectricalConductivity,0.069000006,0.07137597,0.0023759678,test,Ion-family,Family,C,Electrical conductivity multi-split parity plot,True
977,1-methyl-3-octylimidazolium tetrafluoroborate,CCCCCCCCn1cc[n+](C)c1.F[B-](F)(F)F,298.15,101.325,ElectricalConductivity,0.05851667,0.071375534,0.012858864,test,Ion-family,Family,C,Electrical conductivity multi-split parity plot,True
979,1-methyl-3-octylimidazolium tetrafluoroborate,CCCCCCCCn1cc[n+](C)c1.F[B-](F)(F)F,298.16,101.325,ElectricalConductivity,0.057999995,0.07142353,0.013423536,test,Ion-family,Family,C,Electrical conductivity multi-split parity plot,True
995,1-methyl-3-octylimidazolium tetrafluoroborate,CCCCCCCCn1cc[n+](C)c1.F[B-](F)(F)F,303.0,101.0,ElectricalConductivity,0.081700005,0.09768861,0.015988603,test,Ion-family,Family,C,Electrical conductivity multi-split parity plot,True
1001,1-methyl-3-octylimidazolium tetrafluoroborate,CCCCCCCCn1cc[n+](C)c1.F[B-](F)(F)F,303.15,101.325,ElectricalConductivity,0.077633336,0.10363266,0.025999323,test,Ion-family,Family,C,Electrical conductivity multi-split parity plot,True
1013,1-methyl-3-octylimidazolium tetrafluoroborate,CCCCCCCCn1cc[n+](C)c1.F[B-](F)(F)F,308.0,101.0,ElectricalConductivity,0.106999986,0.13841173,0.031411745,test,Ion-family,Family,C,Electrical conductivity multi-split parity plot,True
1018,1-methyl-3-octylimidazolium tetrafluoroborate,CCCCCCCCn1cc[n+](C)c1.F[B-](F)(F)F,308.15,101.325,ElectricalConductivity,0.10154999,0.13959897,0.038048975,test,Ion-family,Family,C,Electrical conductivity multi-split parity plot,True
1030,1-methyl-3-octylimidazolium tetrafluoroborate,CCCCCCCCn1cc[n+](C)c1.F[B-](F)(F)F,313.0,101.0,ElectricalConductivity,0.137,0.18183607,0.044836074,test,Ion-family,Family,C,Electrical conductivity multi-split parity plot,True
1036,1-methyl-3-octylimidazolium tetrafluoroborate,CCCCCCCCn1cc[n+](C)c1.F[B-](F)(F)F,313.15,101.325,ElectricalConductivity,0.12996666,0.18325569,0.053289026,test,Ion-family,Family,C,Electrical conductivity multi-split parity plot,True
1053,1-methyl-3-octylimidazolium tetrafluoroborate,CCCCCCCCn1cc[n+](C)c1.F[B-](F)(F)F,318.0,101.0,ElectricalConductivity,0.172,0.23305787,0.061057866,test,Ion-family,Family,C,Electrical conductivity multi-split parity plot,True
1058,1-methyl-3-octylimidazolium tetrafluoroborate,CCCCCCCCn1cc[n+](C)c1.F[B-](F)(F)F,318.15,101.325,ElectricalConductivity,0.164325,0.23470843,0.07038343,test,Ion-family,Family,C,Electrical conductivity multi-split parity plot,True
1070,1-methyl-3-octylimidazolium tetrafluoroborate,CCCCCCCCn1cc[n+](C)c1.F[B-](F)(F)F,323.0,101.0,ElectricalConductivity,0.21500002,0.29190725,0.07690723,test,Ion-family,Family,C,Electrical conductivity multi-split parity plot,True
1073,1-methyl-3-octylimidazolium tetrafluoroborate,CCCCCCCCn1cc[n+](C)c1.F[B-](F)(F)F,323.11,101.325,ElectricalConductivity,0.20149998,0.29327765,0.09177767,test,Ion-family,Family,C,Electrical conductivity multi-split parity plot,True
1074,1-methyl-3-octylimidazolium tetrafluoroborate,CCCCCCCCn1cc[n+](C)c1.F[B-](F)(F)F,323.13,101.325,ElectricalConductivity,0.19999999,0.29352874,0.09352875,test,Ion-family,Family,C,Electrical conductivity multi-split parity plot,True
1075,1-methyl-3-octylimidazolium tetrafluoroborate,CCCCCCCCn1cc[n+](C)c1.F[B-](F)(F)F,323.15,100.0,ElectricalConductivity,0.20299998,0.29380903,0.09080905,test,Ion-family,Family,C,Electrical conductivity multi-split parity plot,True
1088,1-methyl-3-octylimidazolium tetrafluoroborate,CCCCCCCCn1cc[n+](C)c1.F[B-](F)(F)F,328.0,101.0,ElectricalConductivity,0.263,0.3579958,0.0949958,test,Ion-family,Family,C,Electrical conductivity multi-split parity plot,True
1091,1-methyl-3-octylimidazolium tetrafluoroborate,CCCCCCCCn1cc[n+](C)c1.F[B-](F)(F)F,328.15,101.325,ElectricalConductivity,0.24933334,0.36007568,0.110742345,test,Ion-family,Family,C,Electrical conductivity multi-split parity plot,True
1092,1-methyl-3-octylimidazolium tetrafluoroborate,CCCCCCCCn1cc[n+](C)c1.F[B-](F)(F)F,328.19,101.325,ElectricalConductivity,0.24600004,0.36063397,0.11463393,test,Ion-family,Family,C,Electrical conductivity multi-split parity plot,True
1100,1-methyl-3-octylimidazolium tetrafluoroborate,CCCCCCCCn1cc[n+](C)c1.F[B-](F)(F)F,333.0,101.0,ElectricalConductivity,0.322,0.43079406,0.10879406,test,Ion-family,Family,C,Electrical conductivity multi-split parity plot,True
1102,1-methyl-3-octylimidazolium tetrafluoroborate,CCCCCCCCn1cc[n+](C)c1.F[B-](F)(F)F,333.11,101.325,ElectricalConductivity,0.304,0.43245515,0.12845516,test,Ion-family,Family,C,Electrical conductivity multi-split parity plot,True
1103,1-methyl-3-octylimidazolium tetrafluoroborate,CCCCCCCCn1cc[n+](C)c1.F[B-](F)(F)F,333.12,101.325,ElectricalConductivity,0.29399997,0.43260747,0.1386075,test,Ion-family,Family,C,Electrical conductivity multi-split parity plot,True
1110,1-methyl-3-octylimidazolium tetrafluoroborate,CCCCCCCCn1cc[n+](C)c1.F[B-](F)(F)F,333.16,101.325,ElectricalConductivity,0.298,0.43321663,0.13521662,test,Ion-family,Family,C,Electrical conductivity multi-split parity plot,True
1123,1-methyl-3-octylimidazolium tetrafluoroborate,CCCCCCCCn1cc[n+](C)c1.F[B-](F)(F)F,338.12,101.325,ElectricalConductivity,0.355,0.5116509,0.15665093,test,Ion-family,Family,C,Electrical conductivity multi-split parity plot,True
1124,1-methyl-3-octylimidazolium tetrafluoroborate,CCCCCCCCn1cc[n+](C)c1.F[B-](F)(F)F,338.15,101.325,ElectricalConductivity,0.36799997,0.5121421,0.14414215,test,Ion-family,Family,C,Electrical conductivity multi-split parity plot,True
1126,1-methyl-3-octylimidazolium tetrafluoroborate,CCCCCCCCn1cc[n+](C)c1.F[B-](F)(F)F,338.2,101.325,ElectricalConductivity,0.35850003,0.51296186,0.15446183,test,Ion-family,Family,C,Electrical conductivity multi-split parity plot,True
1139,1-methyl-3-octylimidazolium tetrafluoroborate,CCCCCCCCn1cc[n+](C)c1.F[B-](F)(F)F,343.16,101.325,ElectricalConductivity,0.42,0.59686327,0.17686328,test,Ion-family,Family,C,Electrical conductivity multi-split parity plot,True
1140,1-methyl-3-octylimidazolium tetrafluoroborate,CCCCCCCCn1cc[n+](C)c1.F[B-](F)(F)F,343.2,101.325,ElectricalConductivity,0.423,0.5975604,0.1745604,test,Ion-family,Family,C,Electrical conductivity multi-split parity plot,True
1147,1-methyl-3-octylimidazolium tetrafluoroborate,CCCCCCCCn1cc[n+](C)c1.F[B-](F)(F)F,348.15,100.0,ElectricalConductivity,0.48600003,0.6861702,0.20017019,test,Ion-family,Family,C,Electrical conductivity multi-split parity plot,True
1148,1-methyl-3-octylimidazolium tetrafluoroborate,CCCCCCCCn1cc[n+](C)c1.F[B-](F)(F)F,348.15,101.325,ElectricalConductivity,0.51199996,0.6860995,0.17409956,test,Ion-family,Family,C,Electrical conductivity multi-split parity plot,True
1149,1-methyl-3-octylimidazolium tetrafluoroborate,CCCCCCCCn1cc[n+](C)c1.F[B-](F)(F)F,348.16,101.325,ElectricalConductivity,0.48500004,0.68628293,0.20128289,test,Ion-family,Family,C,Electrical conductivity multi-split parity plot,True
1150,1-methyl-3-octylimidazolium tetrafluoroborate,CCCCCCCCn1cc[n+](C)c1.F[B-](F)(F)F,348.17,101.325,ElectricalConductivity,0.502,0.6864663,0.1844663,test,Ion-family,Family,C,Electrical conductivity multi-split parity plot,True
1151,1-methyl-3-octylimidazolium tetrafluoroborate,CCCCCCCCn1cc[n+](C)c1.F[B-](F)(F)F,348.24,101.325,ElectricalConductivity,0.49399996,0.68774956,0.1937496,test,Ion-family,Family,C,Electrical conductivity multi-split parity plot,True
1163,1-methyl-3-octylimidazolium tetrafluoroborate,CCCCCCCCn1cc[n+](C)c1.F[B-](F)(F)F,353.15,101.325,ElectricalConductivity,0.5709999,0.7797994,0.20879948,test,Ion-family,Family,C,Electrical conductivity multi-split parity plot,True
1164,1-methyl-3-octylimidazolium tetrafluoroborate,CCCCCCCCn1cc[n+](C)c1.F[B-](F)(F)F,353.21,101.325,ElectricalConductivity,0.5720001,0.7809476,0.20894754,test,Ion-family,Family,C,Electrical conductivity multi-split parity plot,True
1171,1-methyl-3-octylimidazolium tetrafluoroborate,CCCCCCCCn1cc[n+](C)c1.F[B-](F)(F)F,358.15,101.325,ElectricalConductivity,0.688,0.8772511,0.18925107,test,Ion-family,Family,C,Electrical conductivity multi-split parity plot,True
1190,1-methyl-3-octylimidazolium tetrafluoroborate,CCCCCCCCn1cc[n+](C)c1.F[B-](F)(F)F,368.15,101.325,ElectricalConductivity,0.89499986,1.0814118,0.18641198,test,Ion-family,Family,C,Electrical conductivity multi-split parity plot,True
1197,1-methyl-3-octylimidazolium tetrafluoroborate,CCCCCCCCn1cc[n+](C)c1.F[B-](F)(F)F,378.15,101.325,ElectricalConductivity,1.134,1.2947687,0.16076875,test,Ion-family,Family,C,Electrical conductivity multi-split parity plot,True
1202,1-methyl-3-octylimidazolium tetrafluoroborate,CCCCCCCCn1cc[n+](C)c1.F[B-](F)(F)F,388.15,101.325,ElectricalConductivity,1.403,1.7206641,0.31766415,test,Ion-family,Family,C,Electrical conductivity multi-split parity plot,True
1207,1-methyl-3-octylimidazolium tetrafluoroborate,CCCCCCCCn1cc[n+](C)c1.F[B-](F)(F)F,398.15,101.325,ElectricalConductivity,1.701,1.9855528,0.2845528,test,Ion-family,Family,C,Electrical conductivity multi-split parity plot,True
1209,1-methyl-3-octylimidazolium tetrafluoroborate,CCCCCCCCn1cc[n+](C)c1.F[B-](F)(F)F,408.15,101.325,ElectricalConductivity,2.0299997,2.250506,0.22050619,test,Ion-family,Family,C,Electrical conductivity multi-split parity plot,True
1213,1-methyl-3-octylimidazolium tetrafluoroborate,CCCCCCCCn1cc[n+](C)c1.F[B-](F)(F)F,418.15,101.325,ElectricalConductivity,2.38,2.5103645,0.13036442,test,Ion-family,Family,C,Electrical conductivity multi-split parity plot,True
1214,1-methyl-3-octylimidazolium tetrafluoroborate,CCCCCCCCn1cc[n+](C)c1.F[B-](F)(F)F,428.15,101.325,ElectricalConductivity,2.7500002,2.759811,0.009810686,test,Ion-family,Family,C,Electrical conductivity multi-split parity plot,True
1216,1-methyl-3-octylimidazolium tetrafluoroborate,CCCCCCCCn1cc[n+](C)c1.F[B-](F)(F)F,438.15,101.325,ElectricalConductivity,3.1500003,2.2429938,0.9070065,test,Ion-family,Family,C,Electrical conductivity multi-split parity plot,True
1217,1-methyl-3-octylimidazolium tetrafluoroborate,CCCCCCCCn1cc[n+](C)c1.F[B-](F)(F)F,448.15,101.325,ElectricalConductivity,3.5600002,2.4463894,1.1136107,test,Ion-family,Family,C,Electrical conductivity multi-split parity plot,True
1219,1-methyl-3-octylimidazolium tetrafluoroborate,CCCCCCCCn1cc[n+](C)c1.F[B-](F)(F)F,458.15,101.325,ElectricalConductivity,3.9900002,2.6326742,1.357326,test,Ion-family,Family,C,Electrical conductivity multi-split parity plot,True
1220,1-methyl-3-octylimidazolium tetrafluoroborate,CCCCCCCCn1cc[n+](C)c1.F[B-](F)(F)F,468.15,101.325,ElectricalConductivity,4.4400005,2.7976713,1.6423292,test,Ion-family,Family,C,Electrical conductivity multi-split parity plot,True
5473,1-methyl-3-pentylimidazolium dihydrogenphosphate,P(=O)(O)(O)[O-].CN1C=[N+](C=C1)CCCCC,288.15,101.325,ElectricalConductivity,0.164,0.004434696,0.15956531,test,Ion-family,Family,C,Electrical conductivity multi-split parity plot,True
5475,1-methyl-3-pentylimidazolium dihydrogenphosphate,P(=O)(O)(O)[O-].CN1C=[N+](C=C1)CCCCC,293.15,101.325,ElectricalConductivity,0.20100002,0.007764422,0.19323559,test,Ion-family,Family,C,Electrical conductivity multi-split parity plot,True
5477,1-methyl-3-pentylimidazolium dihydrogenphosphate,P(=O)(O)(O)[O-].CN1C=[N+](C=C1)CCCCC,298.15,101.325,ElectricalConductivity,0.243,0.01299463,0.23000537,test,Ion-family,Family,C,Electrical conductivity multi-split parity plot,True
5479,1-methyl-3-pentylimidazolium dihydrogenphosphate,P(=O)(O)(O)[O-].CN1C=[N+](C=C1)CCCCC,303.15,101.325,ElectricalConductivity,0.29,0.020891247,0.26910874,test,Ion-family,Family,C,Electrical conductivity multi-split parity plot,True
5481,1-methyl-3-pentylimidazolium dihydrogenphosphate,P(=O)(O)(O)[O-].CN1C=[N+](C=C1)CCCCC,308.15,101.325,ElectricalConductivity,0.34099996,0.03235668,0.30864328,test,Ion-family,Family,C,Electrical conductivity multi-split parity plot,True
5483,1-methyl-3-pentylimidazolium dihydrogenphosphate,P(=O)(O)(O)[O-].CN1C=[N+](C=C1)CCCCC,313.15,101.325,ElectricalConductivity,0.398,0.04835692,0.34964308,test,Ion-family,Family,C,Electrical conductivity multi-split parity plot,True
5485,1-methyl-3-pentylimidazolium dihydrogenphosphate,P(=O)(O)(O)[O-].CN1C=[N+](C=C1)CCCCC,318.15,101.325,ElectricalConductivity,0.45700002,0.08220849,0.37479153,test,Ion-family,Family,C,Electrical conductivity multi-split parity plot,True
5487,1-methyl-3-pentylimidazolium dihydrogenphosphate,P(=O)(O)(O)[O-].CN1C=[N+](C=C1)CCCCC,323.15,101.325,ElectricalConductivity,0.523,0.11239404,0.41060597,test,Ion-family,Family,C,Electrical conductivity multi-split parity plot,True
5489,1-methyl-3-pentylimidazolium dihydrogenphosphate,P(=O)(O)(O)[O-].CN1C=[N+](C=C1)CCCCC,328.15,101.325,ElectricalConductivity,0.588,0.14922601,0.438774,test,Ion-family,Family,C,Electrical conductivity multi-split parity plot,True
5491,1-methyl-3-pentylimidazolium dihydrogenphosphate,P(=O)(O)(O)[O-].CN1C=[N+](C=C1)CCCCC,333.15,101.325,ElectricalConductivity,0.66499996,0.19283795,0.472162,test,Ion-family,Family,C,Electrical conductivity multi-split parity plot,True
5493,1-methyl-3-pentylimidazolium dihydrogenphosphate,P(=O)(O)(O)[O-].CN1C=[N+](C=C1)CCCCC,338.15,101.325,ElectricalConductivity,0.7439999,0.24312305,0.50087684,test,Ion-family,Family,C,Electrical conductivity multi-split parity plot,True
5495,1-methyl-3-pentylimidazolium dihydrogenphosphate,P(=O)(O)(O)[O-].CN1C=[N+](C=C1)CCCCC,343.15,101.325,ElectricalConductivity,0.82500005,0.29978737,0.52521265,test,Ion-family,Family,C,Electrical conductivity multi-split parity plot,True
5497,1-methyl-3-propylimidazolium dihydrogenphosphate,P(=O)(O)(O)[O-].CN1C=[N+](C=C1)CCC,288.15,101.325,ElectricalConductivity,0.46900004,0.0062995646,0.4627005,test,Ion-family,Family,C,Electrical conductivity multi-split parity plot,True
5499,1-methyl-3-propylimidazolium dihydrogenphosphate,P(=O)(O)(O)[O-].CN1C=[N+](C=C1)CCC,293.15,101.325,ElectricalConductivity,0.536,0.011804346,0.5241957,test,Ion-family,Family,C,Electrical conductivity multi-split parity plot,True
5501,1-methyl-3-propylimidazolium dihydrogenphosphate,P(=O)(O)(O)[O-].CN1C=[N+](C=C1)CCC,298.15,101.325,ElectricalConductivity,0.613,0.02083362,0.59216636,test,Ion-family,Family,C,Electrical conductivity multi-split parity plot,True
5503,1-methyl-3-propylimidazolium dihydrogenphosphate,P(=O)(O)(O)[O-].CN1C=[N+](C=C1)CCC,303.15,101.325,ElectricalConductivity,0.6930001,0.034855634,0.6581445,test,Ion-family,Family,C,Electrical conductivity multi-split parity plot,True
5505,1-methyl-3-propylimidazolium dihydrogenphosphate,P(=O)(O)(O)[O-].CN1C=[N+](C=C1)CCC,308.15,101.325,ElectricalConductivity,0.785,0.055524133,0.7294759,test,Ion-family,Family,C,Electrical conductivity multi-split parity plot,True
5507,1-methyl-3-propylimidazolium dihydrogenphosphate,P(=O)(O)(O)[O-].CN1C=[N+](C=C1)CCC,313.15,101.325,ElectricalConductivity,0.87899995,0.084487244,0.7945127,test,Ion-family,Family,C,Electrical conductivity multi-split parity plot,True
5509,1-methyl-3-propylimidazolium dihydrogenphosphate,P(=O)(O)(O)[O-].CN1C=[N+](C=C1)CCC,318.15,101.325,ElectricalConductivity,0.97700006,0.123147696,0.8538524,test,Ion-family,Family,C,Electrical conductivity multi-split parity plot,True
5511,1-methyl-3-propylimidazolium dihydrogenphosphate,P(=O)(O)(O)[O-].CN1C=[N+](C=C1)CCC,323.15,101.325,ElectricalConductivity,1.0819999,0.17245209,0.9095478,test,Ion-family,Family,C,Electrical conductivity multi-split parity plot,True
5513,1-methyl-3-propylimidazolium dihydrogenphosphate,P(=O)(O)(O)[O-].CN1C=[N+](C=C1)CCC,328.15,101.325,ElectricalConductivity,1.1860001,0.23278253,0.95321757,test,Ion-family,Family,C,Electrical conductivity multi-split parity plot,True
5515,1-methyl-3-propylimidazolium dihydrogenphosphate,P(=O)(O)(O)[O-].CN1C=[N+](C=C1)CCC,333.15,101.325,ElectricalConductivity,1.302,0.3039749,0.9980252,test,Ion-family,Family,C,Electrical conductivity multi-split parity plot,True
5517,1-methyl-3-propylimidazolium dihydrogenphosphate,P(=O)(O)(O)[O-].CN1C=[N+](C=C1)CCC,338.15,101.325,ElectricalConductivity,1.4119997,0.38543624,1.0265634,test,Ion-family,Family,C,Electrical conductivity multi-split parity plot,True
5519,1-methyl-3-propylimidazolium dihydrogenphosphate,P(=O)(O)(O)[O-].CN1C=[N+](C=C1)CCC,343.15,101.325,ElectricalConductivity,1.5460001,0.47630313,1.069697,test,Ion-family,Family,C,Electrical conductivity multi-split parity plot,True
756,1-octyl-3-methylimidazolium bis(perfluoroethylsulfonyl)imide,CCCCCCCC[n+]1ccn(C)c1.O=S(=O)([N-]S(=O)(=O)C(F)(F)C(F)(F)F)C(F)(F)C(F)(F)F,295.1,101.325,ElectricalConductivity,0.10999999,0.13483307,0.024833076,test,Ion-family,Family,C,Electrical conductivity multi-split parity plot,True
4385,1-propyl-3-methylimidazolium tetrafluoroborate,CCC[n+]1ccn(C)c1.F[B-](F)(F)F,298.1,101.325,ElectricalConductivity,0.59000003,0.43032062,0.15967941,test,Ion-family,Family,C,Electrical conductivity multi-split parity plot,True
5308,2-methylpyridinium triflate,Cc1cccc[nH+]1.O=S(=O)([O-])C(F)(F)F,318.05,101.325,ElectricalConductivity,0.87600005,1.1663386,0.29033852,test,Ion-family,Family,C,Electrical conductivity multi-split parity plot,True
5309,2-methylpyridinium triflate,Cc1cccc[nH+]1.O=S(=O)([O-])C(F)(F)F,328.05,101.325,ElectricalConductivity,1.15,1.5239495,0.37394953,test,Ion-family,Family,C,Electrical conductivity multi-split parity plot,True
5310,2-methylpyridinium triflate,Cc1cccc[nH+]1.O=S(=O)([O-])C(F)(F)F,337.55,101.325,ElectricalConductivity,1.5399997,1.8906361,0.35063636,test,Ion-family,Family,C,Electrical conductivity multi-split parity plot,True
5311,2-methylpyridinium triflate,Cc1cccc[nH+]1.O=S(=O)([O-])C(F)(F)F,347.65,101.325,ElectricalConductivity,1.9200001,2.300651,0.380651,test,Ion-family,Family,C,Electrical conductivity multi-split parity plot,True
5312,2-methylpyridinium triflate,Cc1cccc[nH+]1.O=S(=O)([O-])C(F)(F)F,357.45,101.325,ElectricalConductivity,2.4099998,2.7113469,0.30134702,test,Ion-family,Family,C,Electrical conductivity multi-split parity plot,True
5313,2-methylpyridinium triflate,Cc1cccc[nH+]1.O=S(=O)([O-])C(F)(F)F,367.05,101.325,ElectricalConductivity,2.9499998,3.120307,0.17030716,test,Ion-family,Family,C,Electrical conductivity multi-split parity plot,True
4461,diethylmethylammonium bis(trifluoromethylsulfonyl)imide,CC[NH+](C)CC.O=S(=O)([N-]S(=O)(=O)C(F)(F)F)C(F)(F)F,393.1,101.325,ElectricalConductivity,4.05,3.8557343,0.19426584,test,Ion-family,Family,C,Electrical conductivity multi-split parity plot,True
250,trihexyltetradecylphosphonium heptadecafluorooctanesulfonate,CCCCCCCCCCCCCC[P+](CCCCCC)(CCCCCC)CCCCCC.O=S(=O)([O-])C(F)(F)C(F)(F)C(F)(F)C(F)(F)C(F)(F)C(F)(F)C(F)(F)C(F)(F)F,298.3,101.325,ElectricalConductivity,0.0007000001,0.0029679313,0.0022679311,test,Ion-family,Family,C,Electrical conductivity multi-split parity plot,True
252,trihexyltetradecylphosphonium heptadecafluorooctanesulfonate,CCCCCCCCCCCCCC[P+](CCCCCC)(CCCCCC)CCCCCC.O=S(=O)([O-])C(F)(F)C(F)(F)C(F)(F)C(F)(F)C(F)(F)C(F)(F)C(F)(F)C(F)(F)F,303.4,101.325,ElectricalConductivity,0.0009999999,0.0036243305,0.0026243306,test,Ion-family,Family,C,Electrical conductivity multi-split parity plot,True
255,trihexyltetradecylphosphonium heptadecafluorooctanesulfonate,CCCCCCCCCCCCCC[P+](CCCCCC)(CCCCCC)CCCCCC.O=S(=O)([O-])C(F)(F)C(F)(F)C(F)(F)C(F)(F)C(F)(F)C(F)(F)C(F)(F)C(F)(F)F,308.6,101.325,ElectricalConductivity,0.0012999999,0.0043957205,0.0030957207,test,Ion-family,Family,C,Electrical conductivity multi-split parity plot,True
258,trihexyltetradecylphosphonium heptadecafluorooctanesulfonate,CCCCCCCCCCCCCC[P+](CCCCCC)(CCCCCC)CCCCCC.O=S(=O)([O-])C(F)(F)C(F)(F)C(F)(F)C(F)(F)C(F)(F)C(F)(F)C(F)(F)C(F)(F)F,313.4,101.325,ElectricalConductivity,0.0018000002,0.005219307,0.0034193066,test,Ion-family,Family,C,Electrical conductivity multi-split parity plot,True
261,trihexyltetradecylphosphonium heptadecafluorooctanesulfonate,CCCCCCCCCCCCCC[P+](CCCCCC)(CCCCCC)CCCCCC.O=S(=O)([O-])C(F)(F)C(F)(F)C(F)(F)C(F)(F)C(F)(F)C(F)(F)C(F)(F)C(F)(F)F,318.4,101.325,ElectricalConductivity,0.0024,0.0062173465,0.0038173464,test,Ion-family,Family,C,Electrical conductivity multi-split parity plot,True
263,trihexyltetradecylphosphonium heptadecafluorooctanesulfonate,CCCCCCCCCCCCCC[P+](CCCCCC)(CCCCCC)CCCCCC.O=S(=O)([O-])C(F)(F)C(F)(F)C(F)(F)C(F)(F)C(F)(F)C(F)(F)C(F)(F)C(F)(F)F,323.3,101.325,ElectricalConductivity,0.0030999999,0.0073660207,0.004266021,test,Ion-family,Family,C,Electrical conductivity multi-split parity plot,True
266,trihexyltetradecylphosphonium heptadecafluorooctanesulfonate,CCCCCCCCCCCCCC[P+](CCCCCC)(CCCCCC)CCCCCC.O=S(=O)([O-])C(F)(F)C(F)(F)C(F)(F)C(F)(F)C(F)(F)C(F)(F)C(F)(F)C(F)(F)F,328.3,101.325,ElectricalConductivity,0.0039999993,0.008752442,0.0047524427,test,Ion-family,Family,C,Electrical conductivity multi-split parity plot,True
269,trihexyltetradecylphosphonium heptadecafluorooctanesulfonate,CCCCCCCCCCCCCC[P+](CCCCCC)(CCCCCC)CCCCCC.O=S(=O)([O-])C(F)(F)C(F)(F)C(F)(F)C(F)(F)C(F)(F)C(F)(F)C(F)(F)C(F)(F)F,333.3,101.325,ElectricalConductivity,0.005499998,0.010403988,0.00490399,test,Ion-family,Family,C,Electrical conductivity multi-split parity plot,True
272,trihexyltetradecylphosphonium heptadecafluorooctanesulfonate,CCCCCCCCCCCCCC[P+](CCCCCC)(CCCCCC)CCCCCC.O=S(=O)([O-])C(F)(F)C(F)(F)C(F)(F)C(F)(F)C(F)(F)C(F)(F)C(F)(F)C(F)(F)F,338.6,101.325,ElectricalConductivity,0.0065,0.012508419,0.006008419,test,Ion-family,Family,C,Electrical conductivity multi-split parity plot,True
273,trihexyltetradecylphosphonium heptadecafluorooctanesulfonate,CCCCCCCCCCCCCC[P+](CCCCCC)(CCCCCC)CCCCCC.O=S(=O)([O-])C(F)(F)C(F)(F)C(F)(F)C(F)(F)C(F)(F)C(F)(F)C(F)(F)C(F)(F)F,343.1,101.325,ElectricalConductivity,0.0079,0.014638853,0.0067388536,test,Ion-family,Family,C,Electrical conductivity multi-split parity plot,True
277,trihexyltetradecylphosphonium heptadecafluorooctanesulfonate,CCCCCCCCCCCCCC[P+](CCCCCC)(CCCCCC)CCCCCC.O=S(=O)([O-])C(F)(F)C(F)(F)C(F)(F)C(F)(F)C(F)(F)C(F)(F)C(F)(F)C(F)(F)F,348.8,101.325,ElectricalConductivity,0.0098,0.01788084,0.00808084,test,Ion-family,Family,C,Electrical conductivity multi-split parity plot,True
280,trihexyltetradecylphosphonium heptadecafluorooctanesulfonate,CCCCCCCCCCCCCC[P+](CCCCCC)(CCCCCC)CCCCCC.O=S(=O)([O-])C(F)(F)C(F)(F)C(F)(F)C(F)(F)C(F)(F)C(F)(F)C(F)(F)C(F)(F)F,353.4,101.325,ElectricalConductivity,0.0118999975,0.021017257,0.00911726,test,Ion-family,Family,C,Electrical conductivity multi-split parity plot,True
283,trihexyltetradecylphosphonium heptadecafluorooctanesulfonate,CCCCCCCCCCCCCC[P+](CCCCCC)(CCCCCC)CCCCCC.O=S(=O)([O-])C(F)(F)C(F)(F)C(F)(F)C(F)(F)C(F)(F)C(F)(F)C(F)(F)C(F)(F)F,358.6,101.325,ElectricalConductivity,0.0145,0.025214672,0.0107146725,test,Ion-family,Family,C,Electrical conductivity multi-split parity plot,True
286,trihexyltetradecylphosphonium heptadecafluorooctanesulfonate,CCCCCCCCCCCCCC[P+](CCCCCC)(CCCCCC)CCCCCC.O=S(=O)([O-])C(F)(F)C(F)(F)C(F)(F)C(F)(F)C(F)(F)C(F)(F)C(F)(F)C(F)(F)F,363.5,101.325,ElectricalConductivity,0.016400004,0.029890582,0.013490578,test,Ion-family,Family,C,Electrical conductivity multi-split parity plot,True
288,trihexyltetradecylphosphonium nonafluorobutanesulfonate,CCCCCCCCCCCCCC[P+](CCCCCC)(CCCCCC)CCCCCC.O=S(=O)([O-])C(F)(F)C(F)(F)C(F)(F)C(F)(F)F,298.3,101.325,ElectricalConductivity,0.0022999996,0.015202736,0.012902736,test,Ion-family,Family,C,Electrical conductivity multi-split parity plot,True
292,trihexyltetradecylphosphonium nonafluorobutanesulfonate,CCCCCCCCCCCCCC[P+](CCCCCC)(CCCCCC)CCCCCC.O=S(=O)([O-])C(F)(F)C(F)(F)C(F)(F)C(F)(F)F,303.6,101.325,ElectricalConductivity,0.0032000004,0.01771469,0.01451469,test,Ion-family,Family,C,Electrical conductivity multi-split parity plot,True
295,trihexyltetradecylphosphonium nonafluorobutanesulfonate,CCCCCCCCCCCCCC[P+](CCCCCC)(CCCCCC)CCCCCC.O=S(=O)([O-])C(F)(F)C(F)(F)C(F)(F)C(F)(F)F,308.7,101.325,ElectricalConductivity,0.0041999994,0.020455569,0.016255569,test,Ion-family,Family,C,Electrical conductivity multi-split parity plot,True
298,trihexyltetradecylphosphonium nonafluorobutanesulfonate,CCCCCCCCCCCCCC[P+](CCCCCC)(CCCCCC)CCCCCC.O=S(=O)([O-])C(F)(F)C(F)(F)C(F)(F)C(F)(F)F,313.4,101.325,ElectricalConductivity,0.005499998,0.023314405,0.017814407,test,Ion-family,Family,C,Electrical conductivity multi-split parity plot,True
301,trihexyltetradecylphosphonium nonafluorobutanesulfonate,CCCCCCCCCCCCCC[P+](CCCCCC)(CCCCCC)CCCCCC.O=S(=O)([O-])C(F)(F)C(F)(F)C(F)(F)C(F)(F)F,318.1,101.325,ElectricalConductivity,0.006799999,0.026545295,0.019745296,test,Ion-family,Family,C,Electrical conductivity multi-split parity plot,True
303,trihexyltetradecylphosphonium nonafluorobutanesulfonate,CCCCCCCCCCCCCC[P+](CCCCCC)(CCCCCC)CCCCCC.O=S(=O)([O-])C(F)(F)C(F)(F)C(F)(F)C(F)(F)F,323.4,101.325,ElectricalConductivity,0.008500001,0.03070453,0.02220453,test,Ion-family,Family,C,Electrical conductivity multi-split parity plot,True
306,trihexyltetradecylphosphonium nonafluorobutanesulfonate,CCCCCCCCCCCCCC[P+](CCCCCC)(CCCCCC)CCCCCC.O=S(=O)([O-])C(F)(F)C(F)(F)C(F)(F)C(F)(F)F,328.5,101.325,ElectricalConductivity,0.010599995,0.03529981,0.024699816,test,Ion-family,Family,C,Electrical conductivity multi-split parity plot,True
309,trihexyltetradecylphosphonium nonafluorobutanesulfonate,CCCCCCCCCCCCCC[P+](CCCCCC)(CCCCCC)CCCCCC.O=S(=O)([O-])C(F)(F)C(F)(F)C(F)(F)C(F)(F)F,333.6,101.325,ElectricalConductivity,0.013200002,0.040558323,0.027358321,test,Ion-family,Family,C,Electrical conductivity multi-split parity plot,True
312,trihexyltetradecylphosphonium nonafluorobutanesulfonate,CCCCCCCCCCCCCC[P+](CCCCCC)(CCCCCC)CCCCCC.O=S(=O)([O-])C(F)(F)C(F)(F)C(F)(F)C(F)(F)F,338.9,101.325,ElectricalConductivity,0.016400004,0.046815816,0.030415813,test,Ion-family,Family,C,Electrical conductivity multi-split parity plot,True
314,trihexyltetradecylphosphonium nonafluorobutanesulfonate,CCCCCCCCCCCCCC[P+](CCCCCC)(CCCCCC)CCCCCC.O=S(=O)([O-])C(F)(F)C(F)(F)C(F)(F)C(F)(F)F,343.1,101.325,ElectricalConductivity,0.018999996,0.052410983,0.03341099,test,Ion-family,Family,C,Electrical conductivity multi-split parity plot,True
318,trihexyltetradecylphosphonium nonafluorobutanesulfonate,CCCCCCCCCCCCCC[P+](CCCCCC)(CCCCCC)CCCCCC.O=S(=O)([O-])C(F)(F)C(F)(F)C(F)(F)C(F)(F)F,348.8,101.325,ElectricalConductivity,0.023100002,0.060995866,0.037895866,test,Ion-family,Family,C,Electrical conductivity multi-split parity plot,True
320,trihexyltetradecylphosphonium nonafluorobutanesulfonate,CCCCCCCCCCCCCC[P+](CCCCCC)(CCCCCC)CCCCCC.O=S(=O)([O-])C(F)(F)C(F)(F)C(F)(F)C(F)(F)F,353.4,101.325,ElectricalConductivity,0.0273,0.06882728,0.04152728,test,Ion-family,Family,C,Electrical conductivity multi-split parity plot,True
322,trihexyltetradecylphosphonium nonafluorobutanesulfonate,CCCCCCCCCCCCCC[P+](CCCCCC)(CCCCCC)CCCCCC.O=S(=O)([O-])C(F)(F)C(F)(F)C(F)(F)C(F)(F)F,358.6,101.325,ElectricalConductivity,0.030899998,0.07872704,0.04782704,test,Ion-family,Family,C,Electrical conductivity multi-split parity plot,True
324,trihexyltetradecylphosphonium nonafluorobutanesulfonate,CCCCCCCCCCCCCC[P+](CCCCCC)(CCCCCC)CCCCCC.O=S(=O)([O-])C(F)(F)C(F)(F)C(F)(F)C(F)(F)F,363.7,101.325,ElectricalConductivity,0.0376,0.089581,0.051981,test,Ion-family,Family,C,Electrical conductivity multi-split parity plot,True
