old_canonical_pair_key,il_smiles,chemical_identity_key,identity_status,matched_benchmark_IL_names,identity_error
CCCC[n+]1ccn(C)c1||O=S(=O)(F)[N-]S(=O)(=O)F,CCCC[n+]1ccn(C)c1.O=S(=O)(F)[N-]S(=O)(=O)F,IQQRAVYLUAZUGX-UHFFFAOYSA-N||NVIANCROYQGROD-UHFFFAOYSA-N,pseudo_unseen_known_identity,1-butyl-3-methylimidazolium bis(fluorosulfonyl)imide,
CCCC[n+]1ccn(C)c1||O=S(=O)([O-])O,CCCC[n+]1ccn(C)c1.O=S(=O)([O-])O,IQQRAVYLUAZUGX-UHFFFAOYSA-N||QAOWNCQODCNURD-UHFFFAOYSA-M,pseudo_unseen_known_identity,1-butyl-3-methylimidazolium hydrogensulfate,
CCCC[n+]1ccn(C)c1||FC(F)(F)C(F)(F)[P-](F)(F)(F)(C(F)(F)C(F)(F)F)C(F)(F)C(F)(F)F,CCCC[n+]1ccn(C)c1.FC(F)(F)C(F)(F)[P-](F)(F)(F)(C(F)(F)C(F)(F)F)C(F)(F)C(F)(F)F,IQQRAVYLUAZUGX-UHFFFAOYSA-N||OXDZSRZJFHVGGS-UHFFFAOYSA-N,pseudo_unseen_known_identity,1-butyl-3-methylimidazolium tris(pentafluoroethyl)trifluorophosphate,
CCCC[n+]1ccn(C)c1||O=C[O-],CCCC[n+]1ccn(C)c1.O=C[O-],IQQRAVYLUAZUGX-UHFFFAOYSA-N||BDAGIHXWWSANSR-UHFFFAOYSA-M,pseudo_unseen_known_identity,3-butyl-1-methyl-1H-imidazolium formate,
CCCC[n+]1ccn(C)c1||CCOS(=O)(=O)[O-],CCCC[n+]1ccn(C)c1.C(C)OS(=O)(=O)[O-],IQQRAVYLUAZUGX-UHFFFAOYSA-N||KIWBPDUYBMNFTB-UHFFFAOYSA-M,pseudo_unseen_known_identity,1-butyl-3-methyl-1H-imidazolium ethylsulfate,
CCCC[n+]1ccn(C)c1||O=[N+]([O-])c1cn[n-]c1,CCCC[n+]1ccn(C)c1.O=[N+]([O-])c1cn[n-]c1,IQQRAVYLUAZUGX-UHFFFAOYSA-N||IDGLPDIIVPZHRB-UHFFFAOYSA-N,genuinely_unseen_identity,,
CCCC[n+]1ccn(C)c1||CCCC(=O)[O-],CCCC[n+]1ccn(C)c1.CCCC(=O)[O-],IQQRAVYLUAZUGX-UHFFFAOYSA-N||FERIUCNNQQJTOY-UHFFFAOYSA-M,pseudo_unseen_known_identity,3-butyl-1-methyl-1H-imidazolium butanoate,
CCCC[n+]1ccn(C)c1||C[C@H](N)C(=O)[O-],CCCC[n+]1ccn(C)c1.C[C@H](N)C(=O)[O-],IQQRAVYLUAZUGX-UHFFFAOYSA-N||QNAYBMKLOCPYGJ-REOHCLBHSA-M,pseudo_unseen_known_identity,3-butyl-1-methyl-1H-imidazolium L-alaninate,
CCCC[n+]1ccn(C)c1||CCC(=O)[O-],CCCC[n+]1ccn(C)c1.CCC(=O)[O-],IQQRAVYLUAZUGX-UHFFFAOYSA-N||XBDQKXXYIPTUBI-UHFFFAOYSA-M,pseudo_unseen_known_identity,3-butyl-1-methyl-1H-imidazolium propanoate,
CCCC[n+]1ccn(C)c1||CCCCCC(=O)[O-],CCCC[n+]1ccn(C)c1.CCCCCC(=O)[O-],IQQRAVYLUAZUGX-UHFFFAOYSA-N||FUZZWVXGSFPDMH-UHFFFAOYSA-M,genuinely_unseen_identity,,
CCCC[n+]1ccn(C)c1||CCCCCCCC(=O)[O-],CCCC[n+]1ccn(C)c1.CCCCCCCC(=O)[O-],IQQRAVYLUAZUGX-UHFFFAOYSA-N||WWZKQHOCKIZLMA-UHFFFAOYSA-M,genuinely_unseen_identity,,
CCCC[n+]1ccn(C)c1||C[C@@H](O)[C@H](N)C(=O)[O-],CCCC[n+]1ccn(C)c1.C[C@@H](O)[C@H](N)C(=O)[O-],IQQRAVYLUAZUGX-UHFFFAOYSA-N||AYFVYJQAPQTCCC-GBXIJSLDSA-M,genuinely_unseen_identity,,
CC[n+]1ccn(C)c1||O=S(=O)([O-])O,C(C)[N+]1=CN(C=C1)C.O=S(=O)([O-])O,NJMWOUFKYKNWDW-UHFFFAOYSA-N||QAOWNCQODCNURD-UHFFFAOYSA-M,pseudo_unseen_known_identity,1-ethyl-3-methylimidazolium hydrogensulfate,
CC[n+]1ccn(C)c1||FC(F)(F)C(F)(F)[P-](F)(F)(F)(C(F)(F)C(F)(F)F)C(F)(F)C(F)(F)F,C(C)[N+]1=CN(C=C1)C.FC(F)(F)C(F)(F)[P-](F)(F)(F)(C(F)(F)C(F)(F)F)C(F)(F)C(F)(F)F,NJMWOUFKYKNWDW-UHFFFAOYSA-N||OXDZSRZJFHVGGS-UHFFFAOYSA-N,pseudo_unseen_known_identity,1-ethyl-3-methylimidazolium tris(pentafluoroethyl)trifluorophosphate,
CC[n+]1ccn(C)c1||O=C[O-],C(C)[N+]1=CN(C=C1)C.O=C[O-],NJMWOUFKYKNWDW-UHFFFAOYSA-N||BDAGIHXWWSANSR-UHFFFAOYSA-M,genuinely_unseen_identity,,
CC[n+]1ccn(C)c1||COS(=O)(=O)[O-],C(C)[N+]1=CN(C=C1)C.COS(=O)(=O)[O-],NJMWOUFKYKNWDW-UHFFFAOYSA-N||JZMJDSHXVKJFKW-UHFFFAOYSA-M,pseudo_unseen_known_identity,1-ethyl-3-methylimidazolium methylsulfate,
CC[n+]1ccn(C)c1||O=[N+]([O-])c1cn[n-]c1,C(C)[N+]1=CN(C=C1)C.O=[N+]([O-])c1cn[n-]c1,NJMWOUFKYKNWDW-UHFFFAOYSA-N||IDGLPDIIVPZHRB-UHFFFAOYSA-N,genuinely_unseen_identity,,
CC[n+]1ccn(C)c1||CCCC(=O)[O-],C(C)[N+]1=CN(C=C1)C.CCCC(=O)[O-],NJMWOUFKYKNWDW-UHFFFAOYSA-N||FERIUCNNQQJTOY-UHFFFAOYSA-M,genuinely_unseen_identity,,
CC[n+]1ccn(C)c1||CCC(=O)[O-],C(C)[N+]1=CN(C=C1)C.CCC(=O)[O-],NJMWOUFKYKNWDW-UHFFFAOYSA-N||XBDQKXXYIPTUBI-UHFFFAOYSA-M,genuinely_unseen_identity,,
CC[n+]1ccn(C)c1||CCCCCC(=O)[O-],C(C)[N+]1=CN(C=C1)C.CCCCCC(=O)[O-],NJMWOUFKYKNWDW-UHFFFAOYSA-N||FUZZWVXGSFPDMH-UHFFFAOYSA-M,genuinely_unseen_identity,,
CC[n+]1ccn(C)c1||CCCCCCCC(=O)[O-],C(C)[N+]1=CN(C=C1)C.CCCCCCCC(=O)[O-],NJMWOUFKYKNWDW-UHFFFAOYSA-N||WWZKQHOCKIZLMA-UHFFFAOYSA-M,genuinely_unseen_identity,,
CCCCn1cc[n+](C)c1||O=S(=O)([N-]S(=O)(=O)C(F)(F)F)C(F)(F)F,C(CCC)N1C=[N+](C=C1)C.FC(S(=O)(=O)[N-]S(=O)(=O)C(F)(F)F)(F)F,IQQRAVYLUAZUGX-UHFFFAOYSA-N||NHHWJSXMTZIPES-UHFFFAOYSA-N,pseudo_unseen_known_identity,1-butyl-3-methylimidazolium bis(trifluoromethylsulfonyl)imide,
CCCCn1cc[n+](C)c1||F[B-](F)(F)F,C(CCC)N1C=[N+](C=C1)C.F[B-](F)(F)F,IQQRAVYLUAZUGX-UHFFFAOYSA-N||ODGCEQLVLXJUCC-UHFFFAOYSA-N,pseudo_unseen_known_identity,1-butyl-3-methylimidazolium tetrafluoroborate,
CCCCn1cc[n+](C)c1||[Br-],C(CCC)N1C=[N+](C=C1)C.[Br-],IQQRAVYLUAZUGX-UHFFFAOYSA-N||CPELXLSAUQHCOX-UHFFFAOYSA-M,pseudo_unseen_known_identity,1-butyl-3-methylimidazolium bromide,
CCCCn1cc[n+](C)c1||O=S(=O)([O-])C(F)(F)F,C(CCC)N1C=[N+](C=C1)C.O=S(=O)([O-])C(F)(F)F,IQQRAVYLUAZUGX-UHFFFAOYSA-N||ITMCEJHCFYSIIV-UHFFFAOYSA-M,pseudo_unseen_known_identity,1-butyl-3-methylimidazolium trifluoromethanesulfonate,
CCCCn1cc[n+](C)c1||[Cl-],C(CCC)N1C=[N+](C=C1)C.[Cl-],IQQRAVYLUAZUGX-UHFFFAOYSA-N||VEXZGXHMUGYJMC-UHFFFAOYSA-M,pseudo_unseen_known_identity,1-butyl-3-methylimidazolium chloride,
CCCCn1cc[n+](C)c1||N#C[N-]C#N,C(CCC)N1C=[N+](C=C1)C.N#C[N-]C#N,IQQRAVYLUAZUGX-UHFFFAOYSA-N||UKDLHLAPDXIAID-UHFFFAOYSA-N,pseudo_unseen_known_identity,1-butyl-3-methylimidazolium dicyanamide,
CCCCn1cc[n+](C)c1||CC(=O)[O-],C(CCC)N1C=[N+](C=C1)C.CC(=O)[O-],IQQRAVYLUAZUGX-UHFFFAOYSA-N||QTBSBXVTEAMEQO-UHFFFAOYSA-M,pseudo_unseen_known_identity,1-butyl-3-methylimidazolium acetate,
CCCCn1cc[n+](C)c1||F[P-](F)(F)(F)(F)F,C(CCC)N1C=[N+](C=C1)C.F[P-](F)(F)(F)(F)F,IQQRAVYLUAZUGX-UHFFFAOYSA-N||LJQLCJWAZJINEB-UHFFFAOYSA-N,pseudo_unseen_known_identity,1-butyl-3-methylimidazolium hexafluorophosphate,
CCCCn1cc[n+](C)c1||N#C[S-],C(CCC)N1C=[N+](C=C1)C.N#C[S-],IQQRAVYLUAZUGX-UHFFFAOYSA-N||ZMZDMBWJUHKJPS-UHFFFAOYSA-M,pseudo_unseen_known_identity,1-butyl-3-methylimidazolium thiocyanate,
CCCCn1cc[n+](C)c1||O=C([O-])C(F)(F)F,C(CCC)N1C=[N+](C=C1)C.O=C([O-])C(F)(F)F,IQQRAVYLUAZUGX-UHFFFAOYSA-N||DTQVDTLACAAQTR-UHFFFAOYSA-M,pseudo_unseen_known_identity,1-butyl-3-methylimidazolium trifluoroacetate,
CCCCn1cc[n+](C)c1||O=[N+]([O-])[O-],C(CCC)N1C=[N+](C=C1)C.O=[N+]([O-])[O-],IQQRAVYLUAZUGX-UHFFFAOYSA-N||NHNBFGGVMKEFGY-UHFFFAOYSA-N,pseudo_unseen_known_identity,1-butyl-3-methylimidazolium nitrate,
CCCCn1cc[n+](C)c1||CS(=O)(=O)[O-],C(CCC)N1C=[N+](C=C1)C.CS(=O)(=O)[O-],IQQRAVYLUAZUGX-UHFFFAOYSA-N||AFVFQIVMOAPDHO-UHFFFAOYSA-M,pseudo_unseen_known_identity,1-butyl-3-methylimidazolium methanesulfonate,
CCCCn1cc[n+](C)c1||O=[N+]([O-])c1cn[n-]c1,C(CCC)N1C=[N+](C=C1)C.O=[N+]([O-])c1cn[n-]c1,IQQRAVYLUAZUGX-UHFFFAOYSA-N||IDGLPDIIVPZHRB-UHFFFAOYSA-N,genuinely_unseen_identity,,
CCCCn1cc[n+](C)c1||N#C[C-](C#N)C#N,C(CCC)N1C=[N+](C=C1)C.N#C[C-](C#N)C#N,IQQRAVYLUAZUGX-UHFFFAOYSA-N||CXERBOODJDWFQL-UHFFFAOYSA-N,pseudo_unseen_known_identity,1-butyl-3-methylimidazolium tricyanomethane,
CCCCn1cc[n+](C)c1||N#C[B-](C#N)(C#N)C#N,C(CCC)N1C=[N+](C=C1)C.N#C[B-](C#N)(C#N)C#N,IQQRAVYLUAZUGX-UHFFFAOYSA-N||KDCFMDHINPOTEA-UHFFFAOYSA-N,pseudo_unseen_known_identity,1-butyl-3-methyl-1H-imidazolium tetracyanoborate,
CCCCn1cc[n+](C)c1||NCC(=O)[O-],C(CCC)N1C=[N+](C=C1)C.NCC(=O)[O-],IQQRAVYLUAZUGX-UHFFFAOYSA-N||DHMQDGOQFOQNFH-UHFFFAOYSA-M,pseudo_unseen_known_identity,1-butyl-3-methylimidazolium glycinate,
CCCCn1cc[n+](C)c1||O=S(=O)([N-]S(=O)(=O)C(F)(F)C(F)(F)F)C(F)(F)C(F)(F)F,C(CCC)N1C=[N+](C=C1)C.O=S(=O)([N-]S(=O)(=O)C(F)(F)C(F)(F)F)C(F)(F)C(F)(F)F,IQQRAVYLUAZUGX-UHFFFAOYSA-N||SLSPYQCCSCAKIB-UHFFFAOYSA-N,pseudo_unseen_known_identity,1-butyl-3-methylimidazolium bis(perfluoroethylsulfonyl)imide,
CCCCn1cc[n+](C)c1||CC(O)C(=O)[O-],C(CCC)N1C=[N+](C=C1)C.CC(O)C(=O)[O-],IQQRAVYLUAZUGX-UHFFFAOYSA-N||JVTAAEKCZFNVCJ-UHFFFAOYSA-M,pseudo_unseen_known_identity,1-butyl-3-methylimidazolium lactate,
CCCCn1cc[n+](C)c1||CCCCCC(=O)[O-],C(CCC)N1C=[N+](C=C1)C.CCCCCC(=O)[O-],IQQRAVYLUAZUGX-UHFFFAOYSA-N||FUZZWVXGSFPDMH-UHFFFAOYSA-M,genuinely_unseen_identity,,
CCCCn1cc[n+](C)c1||CCCCCCCC(=O)[O-],C(CCC)N1C=[N+](C=C1)C.CCCCCCCC(=O)[O-],IQQRAVYLUAZUGX-UHFFFAOYSA-N||WWZKQHOCKIZLMA-UHFFFAOYSA-M,genuinely_unseen_identity,,
CCCCn1cc[n+](C)c1||C[C@@H](O)[C@H](N)C(=O)[O-],C(CCC)N1C=[N+](C=C1)C.C[C@@H](O)[C@H](N)C(=O)[O-],IQQRAVYLUAZUGX-UHFFFAOYSA-N||AYFVYJQAPQTCCC-GBXIJSLDSA-M,genuinely_unseen_identity,,
CCCCCCCCCCCCCC[P+](CCCCCC)(CCCCCC)CCCCCC||N#C[S-],CCCCCCCCCCCCCC[P+](CCCCCC)(CCCCCC)CCCCCC.N#C[S-],PYVOHVLEZJMINC-UHFFFAOYSA-N||ZMZDMBWJUHKJPS-UHFFFAOYSA-M,genuinely_unseen_identity,,
CCCCCCCCCCCCCC[P+](CCCCCC)(CCCCCC)CCCCCC||O=C([O-])C(F)(F)F,CCCCCCCCCCCCCC[P+](CCCCCC)(CCCCCC)CCCCCC.O=C([O-])C(F)(F)F,PYVOHVLEZJMINC-UHFFFAOYSA-N||DTQVDTLACAAQTR-UHFFFAOYSA-M,genuinely_unseen_identity,,
CCCCCCCCCCCCCC[P+](CCCCCC)(CCCCCC)CCCCCC||O=S(=O)(F)[N-]S(=O)(=O)F,CCCCCCCCCCCCCC[P+](CCCCCC)(CCCCCC)CCCCCC.O=S(=O)(F)[N-]S(=O)(=O)F,PYVOHVLEZJMINC-UHFFFAOYSA-N||NVIANCROYQGROD-UHFFFAOYSA-N,genuinely_unseen_identity,,
CCCCCCCCCCCCCC[P+](CCCCCC)(CCCCCC)CCCCCC||O=S(=O)([O-])O,CCCCCCCCCCCCCC[P+](CCCCCC)(CCCCCC)CCCCCC.O=S(=O)([O-])O,PYVOHVLEZJMINC-UHFFFAOYSA-N||QAOWNCQODCNURD-UHFFFAOYSA-M,genuinely_unseen_identity,,
CCCCCCCCCCCCCC[P+](CCCCCC)(CCCCCC)CCCCCC||O=C[O-],CCCCCCCCCCCCCC[P+](CCCCCC)(CCCCCC)CCCCCC.O=C[O-],PYVOHVLEZJMINC-UHFFFAOYSA-N||BDAGIHXWWSANSR-UHFFFAOYSA-M,genuinely_unseen_identity,,
CCCCCCCCCCCCCC[P+](CCCCCC)(CCCCCC)CCCCCC||O=[N+]([O-])[O-],CCCCCCCCCCCCCC[P+](CCCCCC)(CCCCCC)CCCCCC.O=[N+]([O-])[O-],PYVOHVLEZJMINC-UHFFFAOYSA-N||NHNBFGGVMKEFGY-UHFFFAOYSA-N,genuinely_unseen_identity,,
CCCCCCCCCCCCCC[P+](CCCCCC)(CCCCCC)CCCCCC||COS(=O)(=O)[O-],CCCCCCCCCCCCCC[P+](CCCCCC)(CCCCCC)CCCCCC.COS(=O)(=O)[O-],PYVOHVLEZJMINC-UHFFFAOYSA-N||JZMJDSHXVKJFKW-UHFFFAOYSA-M,genuinely_unseen_identity,,
CCCCCCCCCCCCCC[P+](CCCCCC)(CCCCCC)CCCCCC||CCOS(=O)(=O)[O-],CCCCCCCCCCCCCC[P+](CCCCCC)(CCCCCC)CCCCCC.C(C)OS(=O)(=O)[O-],PYVOHVLEZJMINC-UHFFFAOYSA-N||KIWBPDUYBMNFTB-UHFFFAOYSA-M,genuinely_unseen_identity,,
CCCCCCCCCCCCCC[P+](CCCCCC)(CCCCCC)CCCCCC||N#C[C-](C#N)C#N,CCCCCCCCCCCCCC[P+](CCCCCC)(CCCCCC)CCCCCC.N#C[C-](C#N)C#N,PYVOHVLEZJMINC-UHFFFAOYSA-N||CXERBOODJDWFQL-UHFFFAOYSA-N,genuinely_unseen_identity,,
CCCCCCCCCCCCCC[P+](CCCCCC)(CCCCCC)CCCCCC||C[C@H](N)C(=O)[O-],CCCCCCCCCCCCCC[P+](CCCCCC)(CCCCCC)CCCCCC.C[C@H](N)C(=O)[O-],PYVOHVLEZJMINC-UHFFFAOYSA-N||QNAYBMKLOCPYGJ-REOHCLBHSA-M,genuinely_unseen_identity,,
CCCCCCCCCCCCCC[P+](CCCCCC)(CCCCCC)CCCCCC||NCC(=O)[O-],CCCCCCCCCCCCCC[P+](CCCCCC)(CCCCCC)CCCCCC.NCC(=O)[O-],PYVOHVLEZJMINC-UHFFFAOYSA-N||DHMQDGOQFOQNFH-UHFFFAOYSA-M,genuinely_unseen_identity,,
CCCCCCCCCCCCCC[P+](CCCCCC)(CCCCCC)CCCCCC||O=S(=O)([N-]S(=O)(=O)C(F)(F)C(F)(F)F)C(F)(F)C(F)(F)F,CCCCCCCCCCCCCC[P+](CCCCCC)(CCCCCC)CCCCCC.O=S(=O)([N-]S(=O)(=O)C(F)(F)C(F)(F)F)C(F)(F)C(F)(F)F,PYVOHVLEZJMINC-UHFFFAOYSA-N||SLSPYQCCSCAKIB-UHFFFAOYSA-N,genuinely_unseen_identity,,
CCCCCCCCCCCCCC[P+](CCCCCC)(CCCCCC)CCCCCC||CC(O)C(=O)[O-],CCCCCCCCCCCCCC[P+](CCCCCC)(CCCCCC)CCCCCC.CC(O)C(=O)[O-],PYVOHVLEZJMINC-UHFFFAOYSA-N||JVTAAEKCZFNVCJ-UHFFFAOYSA-M,genuinely_unseen_identity,,
CCCCCCCCCCCCCC[P+](CCCCCC)(CCCCCC)CCCCCC||CCC(=O)[O-],CCCCCCCCCCCCCC[P+](CCCCCC)(CCCCCC)CCCCCC.CCC(=O)[O-],PYVOHVLEZJMINC-UHFFFAOYSA-N||XBDQKXXYIPTUBI-UHFFFAOYSA-M,genuinely_unseen_identity,,
CCCCCCCCCCCCCC[P+](CCCCCC)(CCCCCC)CCCCCC||C[C@@H](O)[C@H](N)C(=O)[O-],CCCCCCCCCCCCCC[P+](CCCCCC)(CCCCCC)CCCCCC.C[C@@H](O)[C@H](N)C(=O)[O-],PYVOHVLEZJMINC-UHFFFAOYSA-N||AYFVYJQAPQTCCC-GBXIJSLDSA-M,genuinely_unseen_identity,,
CCCCCC[n+]1ccn(C)c1||CC(=O)[O-],CCCCCC[n+]1ccn(C)c1.CC(=O)[O-],RVEJOWGVUQQIIZ-UHFFFAOYSA-N||QTBSBXVTEAMEQO-UHFFFAOYSA-M,pseudo_unseen_known_identity,3-hexyl-1-methylimidazolium acetate,
CCCCCC[n+]1ccn(C)c1||O=S(=O)(F)[N-]S(=O)(=O)F,CCCCCC[n+]1ccn(C)c1.O=S(=O)(F)[N-]S(=O)(=O)F,RVEJOWGVUQQIIZ-UHFFFAOYSA-N||NVIANCROYQGROD-UHFFFAOYSA-N,genuinely_unseen_identity,,
CCCCCC[n+]1ccn(C)c1||O=S(=O)([O-])O,CCCCCC[n+]1ccn(C)c1.O=S(=O)([O-])O,RVEJOWGVUQQIIZ-UHFFFAOYSA-N||QAOWNCQODCNURD-UHFFFAOYSA-M,pseudo_unseen_known_identity,1-hexyl-3-methylimidazolium hydrogensulfate,
CCCCCC[n+]1ccn(C)c1||FC(F)(F)C(F)(F)[P-](F)(F)(F)(C(F)(F)C(F)(F)F)C(F)(F)C(F)(F)F,CCCCCC[n+]1ccn(C)c1.FC(F)(F)C(F)(F)[P-](F)(F)(F)(C(F)(F)C(F)(F)F)C(F)(F)C(F)(F)F,RVEJOWGVUQQIIZ-UHFFFAOYSA-N||OXDZSRZJFHVGGS-UHFFFAOYSA-N,pseudo_unseen_known_identity,1-hexyl-3-methylimidazolium tris(pentafluoroethyl)trifluorophosphate,
CCCCCC[n+]1ccn(C)c1||O=C[O-],CCCCCC[n+]1ccn(C)c1.O=C[O-],RVEJOWGVUQQIIZ-UHFFFAOYSA-N||BDAGIHXWWSANSR-UHFFFAOYSA-M,genuinely_unseen_identity,,
CCCCCC[n+]1ccn(C)c1||COS(=O)(=O)[O-],CCCCCC[n+]1ccn(C)c1.COS(=O)(=O)[O-],RVEJOWGVUQQIIZ-UHFFFAOYSA-N||JZMJDSHXVKJFKW-UHFFFAOYSA-M,pseudo_unseen_known_identity,1-hexyl-3-methylimidazolium methylsulfate,
CCCCCC[n+]1ccn(C)c1||CCOS(=O)(=O)[O-],CCCCCC[n+]1ccn(C)c1.C(C)OS(=O)(=O)[O-],RVEJOWGVUQQIIZ-UHFFFAOYSA-N||KIWBPDUYBMNFTB-UHFFFAOYSA-M,pseudo_unseen_known_identity,1-hexyl-3-methylimidazolium ethylsulfate,
CCCCCC[n+]1ccn(C)c1||CS(=O)(=O)[O-],CCCCCC[n+]1ccn(C)c1.CS(=O)(=O)[O-],RVEJOWGVUQQIIZ-UHFFFAOYSA-N||AFVFQIVMOAPDHO-UHFFFAOYSA-M,genuinely_unseen_identity,,
CCCCCC[n+]1ccn(C)c1||N#C[C-](C#N)C#N,CCCCCC[n+]1ccn(C)c1.N#C[C-](C#N)C#N,RVEJOWGVUQQIIZ-UHFFFAOYSA-N||CXERBOODJDWFQL-UHFFFAOYSA-N,pseudo_unseen_known_identity,3-hexyl-1-methylimidazolium tricyanomethanide,
CCCCCC[n+]1ccn(C)c1||CCCC(=O)[O-],CCCCCC[n+]1ccn(C)c1.CCCC(=O)[O-],RVEJOWGVUQQIIZ-UHFFFAOYSA-N||FERIUCNNQQJTOY-UHFFFAOYSA-M,genuinely_unseen_identity,,
CCCCCC[n+]1ccn(C)c1||C[C@H](N)C(=O)[O-],CCCCCC[n+]1ccn(C)c1.C[C@H](N)C(=O)[O-],RVEJOWGVUQQIIZ-UHFFFAOYSA-N||QNAYBMKLOCPYGJ-REOHCLBHSA-M,genuinely_unseen_identity,,
CCCCCC[n+]1ccn(C)c1||NCC(=O)[O-],CCCCCC[n+]1ccn(C)c1.NCC(=O)[O-],RVEJOWGVUQQIIZ-UHFFFAOYSA-N||DHMQDGOQFOQNFH-UHFFFAOYSA-M,genuinely_unseen_identity,,
CCCCCC[n+]1ccn(C)c1||CCCCCC(=O)[O-],CCCCCC[n+]1ccn(C)c1.CCCCCC(=O)[O-],RVEJOWGVUQQIIZ-UHFFFAOYSA-N||FUZZWVXGSFPDMH-UHFFFAOYSA-M,genuinely_unseen_identity,,
CCCCCC[n+]1ccn(C)c1||CCCCCCCC(=O)[O-],CCCCCC[n+]1ccn(C)c1.CCCCCCCC(=O)[O-],RVEJOWGVUQQIIZ-UHFFFAOYSA-N||WWZKQHOCKIZLMA-UHFFFAOYSA-M,genuinely_unseen_identity,,
CCn1cc[n+](C)c1||O=S(=O)([N-]S(=O)(=O)C(F)(F)F)C(F)(F)F,C(C)N1C=[N+](C=C1)C.FC(S(=O)(=O)[N-]S(=O)(=O)C(F)(F)F)(F)F,NJMWOUFKYKNWDW-UHFFFAOYSA-N||NHHWJSXMTZIPES-UHFFFAOYSA-N,pseudo_unseen_known_identity,1-ethyl-3-methylimidazolium bis((trifluoromethyl)sulfonyl)imide,
CCn1cc[n+](C)c1||F[B-](F)(F)F,C(C)N1C=[N+](C=C1)C.F[B-](F)(F)F,NJMWOUFKYKNWDW-UHFFFAOYSA-N||ODGCEQLVLXJUCC-UHFFFAOYSA-N,pseudo_unseen_known_identity,1-ethyl-3-methylimidazolium tetrafluoroborate,
CCn1cc[n+](C)c1||[Br-],C(C)N1C=[N+](C=C1)C.[Br-],NJMWOUFKYKNWDW-UHFFFAOYSA-N||CPELXLSAUQHCOX-UHFFFAOYSA-M,pseudo_unseen_known_identity,1-ethyl-3-methylimidazolium bromide,
CCn1cc[n+](C)c1||O=S(=O)([O-])C(F)(F)F,C(C)N1C=[N+](C=C1)C.O=S(=O)([O-])C(F)(F)F,NJMWOUFKYKNWDW-UHFFFAOYSA-N||ITMCEJHCFYSIIV-UHFFFAOYSA-M,pseudo_unseen_known_identity,1-ethyl-3-methylimidazolium trifluoromethanesulfonate,
CCn1cc[n+](C)c1||[Cl-],C(C)N1C=[N+](C=C1)C.[Cl-],NJMWOUFKYKNWDW-UHFFFAOYSA-N||VEXZGXHMUGYJMC-UHFFFAOYSA-M,pseudo_unseen_known_identity,1-ethyl-3-methylimidazolium chloride,
CCn1cc[n+](C)c1||N#C[N-]C#N,C(C)N1C=[N+](C=C1)C.N#C[N-]C#N,NJMWOUFKYKNWDW-UHFFFAOYSA-N||UKDLHLAPDXIAID-UHFFFAOYSA-N,pseudo_unseen_known_identity,1-ethyl-3-methylimidazolium dicyanamide,
CCn1cc[n+](C)c1||CC(=O)[O-],C(C)N1C=[N+](C=C1)C.CC(=O)[O-],NJMWOUFKYKNWDW-UHFFFAOYSA-N||QTBSBXVTEAMEQO-UHFFFAOYSA-M,pseudo_unseen_known_identity,1-ethyl-3-methylimidazolium acetate,
CCn1cc[n+](C)c1||F[P-](F)(F)(F)(F)F,C(C)N1C=[N+](C=C1)C.F[P-](F)(F)(F)(F)F,NJMWOUFKYKNWDW-UHFFFAOYSA-N||LJQLCJWAZJINEB-UHFFFAOYSA-N,pseudo_unseen_known_identity,1-ethyl-3-methylimidazolium hexafluorophosphate,
CCn1cc[n+](C)c1||N#C[S-],C(C)N1C=[N+](C=C1)C.N#C[S-],NJMWOUFKYKNWDW-UHFFFAOYSA-N||ZMZDMBWJUHKJPS-UHFFFAOYSA-M,pseudo_unseen_known_identity,1-ethyl-3-methylimidazolium thiocyanate,
CCn1cc[n+](C)c1||O=C([O-])C(F)(F)F,C(C)N1C=[N+](C=C1)C.O=C([O-])C(F)(F)F,NJMWOUFKYKNWDW-UHFFFAOYSA-N||DTQVDTLACAAQTR-UHFFFAOYSA-M,pseudo_unseen_known_identity,1-ethyl-3-methylimidazolium trifluoroacetate,
CCn1cc[n+](C)c1||O=S(=O)(F)[N-]S(=O)(=O)F,C(C)N1C=[N+](C=C1)C.O=S(=O)(F)[N-]S(=O)(=O)F,NJMWOUFKYKNWDW-UHFFFAOYSA-N||NVIANCROYQGROD-UHFFFAOYSA-N,pseudo_unseen_known_identity,1-ethyl-3-methyl-1H-imidazolium bis(fluorosulfonyl)amide,
CCn1cc[n+](C)c1||O=C[O-],C(C)N1C=[N+](C=C1)C.O=C[O-],NJMWOUFKYKNWDW-UHFFFAOYSA-N||BDAGIHXWWSANSR-UHFFFAOYSA-M,genuinely_unseen_identity,,
CCn1cc[n+](C)c1||O=[N+]([O-])[O-],C(C)N1C=[N+](C=C1)C.O=[N+]([O-])[O-],NJMWOUFKYKNWDW-UHFFFAOYSA-N||NHNBFGGVMKEFGY-UHFFFAOYSA-N,pseudo_unseen_known_identity,1-ethyl-3-methylimidazolium nitrate,
CCn1cc[n+](C)c1||CS(=O)(=O)[O-],C(C)N1C=[N+](C=C1)C.CS(=O)(=O)[O-],NJMWOUFKYKNWDW-UHFFFAOYSA-N||AFVFQIVMOAPDHO-UHFFFAOYSA-M,pseudo_unseen_known_identity,1-ethyl-3-methylimidazolium methanesulfonate,
CCn1cc[n+](C)c1||O=[N+]([O-])c1cn[n-]c1,C(C)N1C=[N+](C=C1)C.O=[N+]([O-])c1cn[n-]c1,NJMWOUFKYKNWDW-UHFFFAOYSA-N||IDGLPDIIVPZHRB-UHFFFAOYSA-N,genuinely_unseen_identity,,
CCn1cc[n+](C)c1||N#C[C-](C#N)C#N,C(C)N1C=[N+](C=C1)C.N#C[C-](C#N)C#N,NJMWOUFKYKNWDW-UHFFFAOYSA-N||CXERBOODJDWFQL-UHFFFAOYSA-N,pseudo_unseen_known_identity,1-ethyl-3-methyl-1H-imidazolium tricyanomethanide,
CCn1cc[n+](C)c1||CCCC(=O)[O-],C(C)N1C=[N+](C=C1)C.CCCC(=O)[O-],NJMWOUFKYKNWDW-UHFFFAOYSA-N||FERIUCNNQQJTOY-UHFFFAOYSA-M,genuinely_unseen_identity,,
CCn1cc[n+](C)c1||C[C@H](N)C(=O)[O-],C(C)N1C=[N+](C=C1)C.C[C@H](N)C(=O)[O-],NJMWOUFKYKNWDW-UHFFFAOYSA-N||QNAYBMKLOCPYGJ-REOHCLBHSA-M,pseudo_unseen_known_identity,1-ethyl-3-methylimidazolium L-alaninate,
CCn1cc[n+](C)c1||N#C[B-](C#N)(C#N)C#N,C(C)N1C=[N+](C=C1)C.N#C[B-](C#N)(C#N)C#N,NJMWOUFKYKNWDW-UHFFFAOYSA-N||KDCFMDHINPOTEA-UHFFFAOYSA-N,pseudo_unseen_known_identity,1-ethyl-3-methylimidazolium tetracyanoborate,
CCn1cc[n+](C)c1||NCC(=O)[O-],C(C)N1C=[N+](C=C1)C.NCC(=O)[O-],NJMWOUFKYKNWDW-UHFFFAOYSA-N||DHMQDGOQFOQNFH-UHFFFAOYSA-M,pseudo_unseen_known_identity,1-ethyl-3-methylimidazolium ammonioacetate,
CCn1cc[n+](C)c1||O=S(=O)([N-]S(=O)(=O)C(F)(F)C(F)(F)F)C(F)(F)C(F)(F)F,C(C)N1C=[N+](C=C1)C.O=S(=O)([N-]S(=O)(=O)C(F)(F)C(F)(F)F)C(F)(F)C(F)(F)F,NJMWOUFKYKNWDW-UHFFFAOYSA-N||SLSPYQCCSCAKIB-UHFFFAOYSA-N,pseudo_unseen_known_identity,"1-ethyl-3-methylimidazolium 1,1,2,2,2-pentafluoro-N-[(pentafluoroethyl)sulfonyl]ethanesulfonamide",
CCn1cc[n+](C)c1||CC(O)C(=O)[O-],C(C)N1C=[N+](C=C1)C.CC(O)C(=O)[O-],NJMWOUFKYKNWDW-UHFFFAOYSA-N||JVTAAEKCZFNVCJ-UHFFFAOYSA-M,pseudo_unseen_known_identity,1-ethyl-3-methylimidazolium lactate,
CCn1cc[n+](C)c1||CCC(=O)[O-],C(C)N1C=[N+](C=C1)C.CCC(=O)[O-],NJMWOUFKYKNWDW-UHFFFAOYSA-N||XBDQKXXYIPTUBI-UHFFFAOYSA-M,genuinely_unseen_identity,,
CCn1cc[n+](C)c1||CCCCCC(=O)[O-],C(C)N1C=[N+](C=C1)C.CCCCCC(=O)[O-],NJMWOUFKYKNWDW-UHFFFAOYSA-N||FUZZWVXGSFPDMH-UHFFFAOYSA-M,genuinely_unseen_identity,,
CCn1cc[n+](C)c1||CCCCCCCC(=O)[O-],C(C)N1C=[N+](C=C1)C.CCCCCCCC(=O)[O-],NJMWOUFKYKNWDW-UHFFFAOYSA-N||WWZKQHOCKIZLMA-UHFFFAOYSA-M,genuinely_unseen_identity,,
CCn1cc[n+](C)c1||C[C@@H](O)[C@H](N)C(=O)[O-],C(C)N1C=[N+](C=C1)C.C[C@@H](O)[C@H](N)C(=O)[O-],NJMWOUFKYKNWDW-UHFFFAOYSA-N||AYFVYJQAPQTCCC-GBXIJSLDSA-M,pseudo_unseen_known_identity,3-ethyl-1-methyl-1H-imidazol-3-ium L-threoninate,
CCCCCCCCn1cc[n+](C)c1||O=S(=O)([O-])C(F)(F)F,C(CCCCCCC)N1C=[N+](C=C1)C.O=S(=O)([O-])C(F)(F)F,WXMVWUBWIHZLMQ-UHFFFAOYSA-N||ITMCEJHCFYSIIV-UHFFFAOYSA-M,pseudo_unseen_known_identity,1-octyl-3-methylimidazolium trifluoromethanesulfonate,
CCCCCCCCn1cc[n+](C)c1||N#C[N-]C#N,C(CCCCCCC)N1C=[N+](C=C1)C.N#C[N-]C#N,WXMVWUBWIHZLMQ-UHFFFAOYSA-N||UKDLHLAPDXIAID-UHFFFAOYSA-N,pseudo_unseen_known_identity,3-methyl-1-octylimidazolium dicyanamide,
CCCCCCCCn1cc[n+](C)c1||CC(=O)[O-],C(CCCCCCC)N1C=[N+](C=C1)C.CC(=O)[O-],WXMVWUBWIHZLMQ-UHFFFAOYSA-N||QTBSBXVTEAMEQO-UHFFFAOYSA-M,genuinely_unseen_identity,,
CCCCCCCCn1cc[n+](C)c1||F[P-](F)(F)(F)(F)F,C(CCCCCCC)N1C=[N+](C=C1)C.F[P-](F)(F)(F)(F)F,WXMVWUBWIHZLMQ-UHFFFAOYSA-N||LJQLCJWAZJINEB-UHFFFAOYSA-N,pseudo_unseen_known_identity,1-octyl-3-methylimidazolium hexafluorophosphate,
CCCCCCCCn1cc[n+](C)c1||O=C([O-])C(F)(F)F,C(CCCCCCC)N1C=[N+](C=C1)C.O=C([O-])C(F)(F)F,WXMVWUBWIHZLMQ-UHFFFAOYSA-N||DTQVDTLACAAQTR-UHFFFAOYSA-M,genuinely_unseen_identity,,
CCCCCCCCn1cc[n+](C)c1||O=S(=O)(F)[N-]S(=O)(=O)F,C(CCCCCCC)N1C=[N+](C=C1)C.O=S(=O)(F)[N-]S(=O)(=O)F,WXMVWUBWIHZLMQ-UHFFFAOYSA-N||NVIANCROYQGROD-UHFFFAOYSA-N,genuinely_unseen_identity,,
CCCCCCCCn1cc[n+](C)c1||O=C[O-],C(CCCCCCC)N1C=[N+](C=C1)C.O=C[O-],WXMVWUBWIHZLMQ-UHFFFAOYSA-N||BDAGIHXWWSANSR-UHFFFAOYSA-M,genuinely_unseen_identity,,
CCCCCCCCn1cc[n+](C)c1||COS(=O)(=O)[O-],C(CCCCCCC)N1C=[N+](C=C1)C.COS(=O)(=O)[O-],WXMVWUBWIHZLMQ-UHFFFAOYSA-N||JZMJDSHXVKJFKW-UHFFFAOYSA-M,pseudo_unseen_known_identity,1-methyl-3-octylimidazolium methylsulfate,
CCCCCCCCn1cc[n+](C)c1||CCOS(=O)(=O)[O-],C(CCCCCCC)N1C=[N+](C=C1)C.C(C)OS(=O)(=O)[O-],WXMVWUBWIHZLMQ-UHFFFAOYSA-N||KIWBPDUYBMNFTB-UHFFFAOYSA-M,pseudo_unseen_known_identity,1-methyl-3-octylimidazolium ethylsulfate,
CCCCCCCCn1cc[n+](C)c1||CS(=O)(=O)[O-],C(CCCCCCC)N1C=[N+](C=C1)C.CS(=O)(=O)[O-],WXMVWUBWIHZLMQ-UHFFFAOYSA-N||AFVFQIVMOAPDHO-UHFFFAOYSA-M,genuinely_unseen_identity,,
CCCCCCCCn1cc[n+](C)c1||O=[N+]([O-])c1cn[n-]c1,C(CCCCCCC)N1C=[N+](C=C1)C.O=[N+]([O-])c1cn[n-]c1,WXMVWUBWIHZLMQ-UHFFFAOYSA-N||IDGLPDIIVPZHRB-UHFFFAOYSA-N,genuinely_unseen_identity,,
CCCCCCCCn1cc[n+](C)c1||CCCC(=O)[O-],C(CCCCCCC)N1C=[N+](C=C1)C.CCCC(=O)[O-],WXMVWUBWIHZLMQ-UHFFFAOYSA-N||FERIUCNNQQJTOY-UHFFFAOYSA-M,genuinely_unseen_identity,,
CCCCCCCCn1cc[n+](C)c1||O=S(=O)([N-]S(=O)(=O)C(F)(F)C(F)(F)F)C(F)(F)C(F)(F)F,C(CCCCCCC)N1C=[N+](C=C1)C.O=S(=O)([N-]S(=O)(=O)C(F)(F)C(F)(F)F)C(F)(F)C(F)(F)F,WXMVWUBWIHZLMQ-UHFFFAOYSA-N||SLSPYQCCSCAKIB-UHFFFAOYSA-N,pseudo_unseen_known_identity,1-octyl-3-methylimidazolium bis(perfluoroethylsulfonyl)imide,
CCCCCCCCn1cc[n+](C)c1||CC(O)C(=O)[O-],C(CCCCCCC)N1C=[N+](C=C1)C.CC(O)C(=O)[O-],WXMVWUBWIHZLMQ-UHFFFAOYSA-N||JVTAAEKCZFNVCJ-UHFFFAOYSA-M,genuinely_unseen_identity,,
CCCCCCCCn1cc[n+](C)c1||CCC(=O)[O-],C(CCCCCCC)N1C=[N+](C=C1)C.CCC(=O)[O-],WXMVWUBWIHZLMQ-UHFFFAOYSA-N||XBDQKXXYIPTUBI-UHFFFAOYSA-M,genuinely_unseen_identity,,
CCCCCCCCn1cc[n+](C)c1||CCCCCC(=O)[O-],C(CCCCCCC)N1C=[N+](C=C1)C.CCCCCC(=O)[O-],WXMVWUBWIHZLMQ-UHFFFAOYSA-N||FUZZWVXGSFPDMH-UHFFFAOYSA-M,genuinely_unseen_identity,,
CCCCCCCCn1cc[n+](C)c1||CCCCCCCC(=O)[O-],C(CCCCCCC)N1C=[N+](C=C1)C.CCCCCCCC(=O)[O-],WXMVWUBWIHZLMQ-UHFFFAOYSA-N||WWZKQHOCKIZLMA-UHFFFAOYSA-M,genuinely_unseen_identity,,
CCCCCCCCn1cc[n+](C)c1||C[C@@H](O)[C@H](N)C(=O)[O-],C(CCCCCCC)N1C=[N+](C=C1)C.C[C@@H](O)[C@H](N)C(=O)[O-],WXMVWUBWIHZLMQ-UHFFFAOYSA-N||AYFVYJQAPQTCCC-GBXIJSLDSA-M,genuinely_unseen_identity,,
CCCC[n+]1ccccc1||CC(=O)[O-],CCCC[n+]1ccccc1.CC(=O)[O-],REACWASHYHDPSQ-UHFFFAOYSA-N||QTBSBXVTEAMEQO-UHFFFAOYSA-M,genuinely_unseen_identity,,
CCCC[n+]1ccccc1||F[P-](F)(F)(F)(F)F,CCCC[n+]1ccccc1.F[P-](F)(F)(F)(F)F,REACWASHYHDPSQ-UHFFFAOYSA-N||LJQLCJWAZJINEB-UHFFFAOYSA-N,genuinely_unseen_identity,,
CCCC[n+]1ccccc1||O=S(=O)([O-])O,CCCC[n+]1ccccc1.O=S(=O)([O-])O,REACWASHYHDPSQ-UHFFFAOYSA-N||QAOWNCQODCNURD-UHFFFAOYSA-M,genuinely_unseen_identity,,
CCCC[n+]1ccccc1||O=C[O-],CCCC[n+]1ccccc1.O=C[O-],REACWASHYHDPSQ-UHFFFAOYSA-N||BDAGIHXWWSANSR-UHFFFAOYSA-M,genuinely_unseen_identity,,
CCCC[n+]1ccccc1||COS(=O)(=O)[O-],CCCC[n+]1ccccc1.COS(=O)(=O)[O-],REACWASHYHDPSQ-UHFFFAOYSA-N||JZMJDSHXVKJFKW-UHFFFAOYSA-M,genuinely_unseen_identity,,
CCCC[n+]1ccccc1||CCOS(=O)(=O)[O-],CCCC[n+]1ccccc1.C(C)OS(=O)(=O)[O-],REACWASHYHDPSQ-UHFFFAOYSA-N||KIWBPDUYBMNFTB-UHFFFAOYSA-M,genuinely_unseen_identity,,
CCCC[n+]1ccccc1||CS(=O)(=O)[O-],CCCC[n+]1ccccc1.CS(=O)(=O)[O-],REACWASHYHDPSQ-UHFFFAOYSA-N||AFVFQIVMOAPDHO-UHFFFAOYSA-M,genuinely_unseen_identity,,
CCCC[n+]1ccccc1||O=[N+]([O-])c1cn[n-]c1,CCCC[n+]1ccccc1.O=[N+]([O-])c1cn[n-]c1,REACWASHYHDPSQ-UHFFFAOYSA-N||IDGLPDIIVPZHRB-UHFFFAOYSA-N,genuinely_unseen_identity,,
CCCC[n+]1ccccc1||N#C[C-](C#N)C#N,CCCC[n+]1ccccc1.N#C[C-](C#N)C#N,REACWASHYHDPSQ-UHFFFAOYSA-N||CXERBOODJDWFQL-UHFFFAOYSA-N,genuinely_unseen_identity,,
CCCC[n+]1ccccc1||CCCC(=O)[O-],CCCC[n+]1ccccc1.CCCC(=O)[O-],REACWASHYHDPSQ-UHFFFAOYSA-N||FERIUCNNQQJTOY-UHFFFAOYSA-M,genuinely_unseen_identity,,
CCCC[n+]1ccccc1||C[C@H](N)C(=O)[O-],CCCC[n+]1ccccc1.C[C@H](N)C(=O)[O-],REACWASHYHDPSQ-UHFFFAOYSA-N||QNAYBMKLOCPYGJ-REOHCLBHSA-M,genuinely_unseen_identity,,
CCCC[n+]1ccccc1||N#C[B-](C#N)(C#N)C#N,CCCC[n+]1ccccc1.N#C[B-](C#N)(C#N)C#N,REACWASHYHDPSQ-UHFFFAOYSA-N||KDCFMDHINPOTEA-UHFFFAOYSA-N,genuinely_unseen_identity,,
CCCC[n+]1ccccc1||NCC(=O)[O-],CCCC[n+]1ccccc1.NCC(=O)[O-],REACWASHYHDPSQ-UHFFFAOYSA-N||DHMQDGOQFOQNFH-UHFFFAOYSA-M,genuinely_unseen_identity,,
CCCC[n+]1ccccc1||O=S(=O)([N-]S(=O)(=O)C(F)(F)C(F)(F)F)C(F)(F)C(F)(F)F,CCCC[n+]1ccccc1.O=S(=O)([N-]S(=O)(=O)C(F)(F)C(F)(F)F)C(F)(F)C(F)(F)F,REACWASHYHDPSQ-UHFFFAOYSA-N||SLSPYQCCSCAKIB-UHFFFAOYSA-N,genuinely_unseen_identity,,
CCCC[n+]1ccccc1||CC(O)C(=O)[O-],CCCC[n+]1ccccc1.CC(O)C(=O)[O-],REACWASHYHDPSQ-UHFFFAOYSA-N||JVTAAEKCZFNVCJ-UHFFFAOYSA-M,genuinely_unseen_identity,,
CCCC[n+]1ccccc1||CCC(=O)[O-],CCCC[n+]1ccccc1.CCC(=O)[O-],REACWASHYHDPSQ-UHFFFAOYSA-N||XBDQKXXYIPTUBI-UHFFFAOYSA-M,genuinely_unseen_identity,,
CCCC[n+]1ccccc1||CCCCCC(=O)[O-],CCCC[n+]1ccccc1.CCCCCC(=O)[O-],REACWASHYHDPSQ-UHFFFAOYSA-N||FUZZWVXGSFPDMH-UHFFFAOYSA-M,genuinely_unseen_identity,,
CCCC[n+]1ccccc1||CCCCCCCC(=O)[O-],CCCC[n+]1ccccc1.CCCCCCCC(=O)[O-],REACWASHYHDPSQ-UHFFFAOYSA-N||WWZKQHOCKIZLMA-UHFFFAOYSA-M,genuinely_unseen_identity,,
CCCC[n+]1ccccc1||C[C@@H](O)[C@H](N)C(=O)[O-],CCCC[n+]1ccccc1.C[C@@H](O)[C@H](N)C(=O)[O-],REACWASHYHDPSQ-UHFFFAOYSA-N||AYFVYJQAPQTCCC-GBXIJSLDSA-M,genuinely_unseen_identity,,
CCCC[P+](CCCC)(CCCC)CCCC||O=S(=O)([N-]S(=O)(=O)C(F)(F)F)C(F)(F)F,CCCC[P+](CCCC)(CCCC)CCCC.FC(S(=O)(=O)[N-]S(=O)(=O)C(F)(F)F)(F)F,BJQWBACJIAKDTJ-UHFFFAOYSA-N||NHHWJSXMTZIPES-UHFFFAOYSA-N,genuinely_unseen_identity,,
CCCC[P+](CCCC)(CCCC)CCCC||F[B-](F)(F)F,CCCC[P+](CCCC)(CCCC)CCCC.F[B-](F)(F)F,BJQWBACJIAKDTJ-UHFFFAOYSA-N||ODGCEQLVLXJUCC-UHFFFAOYSA-N,genuinely_unseen_identity,,
CCCC[P+](CCCC)(CCCC)CCCC||[Br-],CCCC[P+](CCCC)(CCCC)CCCC.[Br-],BJQWBACJIAKDTJ-UHFFFAOYSA-N||CPELXLSAUQHCOX-UHFFFAOYSA-M,genuinely_unseen_identity,,
CCCC[P+](CCCC)(CCCC)CCCC||O=S(=O)([O-])C(F)(F)F,CCCC[P+](CCCC)(CCCC)CCCC.O=S(=O)([O-])C(F)(F)F,BJQWBACJIAKDTJ-UHFFFAOYSA-N||ITMCEJHCFYSIIV-UHFFFAOYSA-M,genuinely_unseen_identity,,
CCCC[P+](CCCC)(CCCC)CCCC||[Cl-],CCCC[P+](CCCC)(CCCC)CCCC.[Cl-],BJQWBACJIAKDTJ-UHFFFAOYSA-N||VEXZGXHMUGYJMC-UHFFFAOYSA-M,genuinely_unseen_identity,,
CCCC[P+](CCCC)(CCCC)CCCC||N#C[N-]C#N,CCCC[P+](CCCC)(CCCC)CCCC.N#C[N-]C#N,BJQWBACJIAKDTJ-UHFFFAOYSA-N||UKDLHLAPDXIAID-UHFFFAOYSA-N,genuinely_unseen_identity,,
CCCC[P+](CCCC)(CCCC)CCCC||CC(=O)[O-],CCCC[P+](CCCC)(CCCC)CCCC.CC(=O)[O-],BJQWBACJIAKDTJ-UHFFFAOYSA-N||QTBSBXVTEAMEQO-UHFFFAOYSA-M,genuinely_unseen_identity,,
CCCC[P+](CCCC)(CCCC)CCCC||F[P-](F)(F)(F)(F)F,CCCC[P+](CCCC)(CCCC)CCCC.F[P-](F)(F)(F)(F)F,BJQWBACJIAKDTJ-UHFFFAOYSA-N||LJQLCJWAZJINEB-UHFFFAOYSA-N,genuinely_unseen_identity,,
CCCC[P+](CCCC)(CCCC)CCCC||N#C[S-],CCCC[P+](CCCC)(CCCC)CCCC.N#C[S-],BJQWBACJIAKDTJ-UHFFFAOYSA-N||ZMZDMBWJUHKJPS-UHFFFAOYSA-M,genuinely_unseen_identity,,
CCCC[P+](CCCC)(CCCC)CCCC||O=C([O-])C(F)(F)F,CCCC[P+](CCCC)(CCCC)CCCC.O=C([O-])C(F)(F)F,BJQWBACJIAKDTJ-UHFFFAOYSA-N||DTQVDTLACAAQTR-UHFFFAOYSA-M,genuinely_unseen_identity,,
CCCC[P+](CCCC)(CCCC)CCCC||O=S(=O)(F)[N-]S(=O)(=O)F,CCCC[P+](CCCC)(CCCC)CCCC.O=S(=O)(F)[N-]S(=O)(=O)F,BJQWBACJIAKDTJ-UHFFFAOYSA-N||NVIANCROYQGROD-UHFFFAOYSA-N,genuinely_unseen_identity,,
CCCC[P+](CCCC)(CCCC)CCCC||O=S(=O)([O-])O,CCCC[P+](CCCC)(CCCC)CCCC.O=S(=O)([O-])O,BJQWBACJIAKDTJ-UHFFFAOYSA-N||QAOWNCQODCNURD-UHFFFAOYSA-M,genuinely_unseen_identity,,
CCCC[P+](CCCC)(CCCC)CCCC||FC(F)(F)C(F)(F)[P-](F)(F)(F)(C(F)(F)C(F)(F)F)C(F)(F)C(F)(F)F,CCCC[P+](CCCC)(CCCC)CCCC.FC(F)(F)C(F)(F)[P-](F)(F)(F)(C(F)(F)C(F)(F)F)C(F)(F)C(F)(F)F,BJQWBACJIAKDTJ-UHFFFAOYSA-N||OXDZSRZJFHVGGS-UHFFFAOYSA-N,genuinely_unseen_identity,,
CCCC[P+](CCCC)(CCCC)CCCC||O=[N+]([O-])[O-],CCCC[P+](CCCC)(CCCC)CCCC.O=[N+]([O-])[O-],BJQWBACJIAKDTJ-UHFFFAOYSA-N||NHNBFGGVMKEFGY-UHFFFAOYSA-N,genuinely_unseen_identity,,
CCCC[P+](CCCC)(CCCC)CCCC||COS(=O)(=O)[O-],CCCC[P+](CCCC)(CCCC)CCCC.COS(=O)(=O)[O-],BJQWBACJIAKDTJ-UHFFFAOYSA-N||JZMJDSHXVKJFKW-UHFFFAOYSA-M,genuinely_unseen_identity,,
CCCC[P+](CCCC)(CCCC)CCCC||CCOS(=O)(=O)[O-],CCCC[P+](CCCC)(CCCC)CCCC.C(C)OS(=O)(=O)[O-],BJQWBACJIAKDTJ-UHFFFAOYSA-N||KIWBPDUYBMNFTB-UHFFFAOYSA-M,genuinely_unseen_identity,,
CCCC[P+](CCCC)(CCCC)CCCC||O=[N+]([O-])c1cn[n-]c1,CCCC[P+](CCCC)(CCCC)CCCC.O=[N+]([O-])c1cn[n-]c1,BJQWBACJIAKDTJ-UHFFFAOYSA-N||IDGLPDIIVPZHRB-UHFFFAOYSA-N,genuinely_unseen_identity,,
CCCC[P+](CCCC)(CCCC)CCCC||N#C[C-](C#N)C#N,CCCC[P+](CCCC)(CCCC)CCCC.N#C[C-](C#N)C#N,BJQWBACJIAKDTJ-UHFFFAOYSA-N||CXERBOODJDWFQL-UHFFFAOYSA-N,genuinely_unseen_identity,,
CCCC[P+](CCCC)(CCCC)CCCC||CCCC(=O)[O-],CCCC[P+](CCCC)(CCCC)CCCC.CCCC(=O)[O-],BJQWBACJIAKDTJ-UHFFFAOYSA-N||FERIUCNNQQJTOY-UHFFFAOYSA-M,genuinely_unseen_identity,,
CCCC[P+](CCCC)(CCCC)CCCC||N#C[B-](C#N)(C#N)C#N,CCCC[P+](CCCC)(CCCC)CCCC.N#C[B-](C#N)(C#N)C#N,BJQWBACJIAKDTJ-UHFFFAOYSA-N||KDCFMDHINPOTEA-UHFFFAOYSA-N,genuinely_unseen_identity,,
CCCC[P+](CCCC)(CCCC)CCCC||NCC(=O)[O-],CCCC[P+](CCCC)(CCCC)CCCC.NCC(=O)[O-],BJQWBACJIAKDTJ-UHFFFAOYSA-N||DHMQDGOQFOQNFH-UHFFFAOYSA-M,genuinely_unseen_identity,,
CCCC[P+](CCCC)(CCCC)CCCC||O=S(=O)([N-]S(=O)(=O)C(F)(F)C(F)(F)F)C(F)(F)C(F)(F)F,CCCC[P+](CCCC)(CCCC)CCCC.O=S(=O)([N-]S(=O)(=O)C(F)(F)C(F)(F)F)C(F)(F)C(F)(F)F,BJQWBACJIAKDTJ-UHFFFAOYSA-N||SLSPYQCCSCAKIB-UHFFFAOYSA-N,genuinely_unseen_identity,,
CCCC[P+](CCCC)(CCCC)CCCC||CC(O)C(=O)[O-],CCCC[P+](CCCC)(CCCC)CCCC.CC(O)C(=O)[O-],BJQWBACJIAKDTJ-UHFFFAOYSA-N||JVTAAEKCZFNVCJ-UHFFFAOYSA-M,genuinely_unseen_identity,,
CCCC[P+](CCCC)(CCCC)CCCC||CCC(=O)[O-],CCCC[P+](CCCC)(CCCC)CCCC.CCC(=O)[O-],BJQWBACJIAKDTJ-UHFFFAOYSA-N||XBDQKXXYIPTUBI-UHFFFAOYSA-M,genuinely_unseen_identity,,
CCCC[P+](CCCC)(CCCC)CCCC||CCCCCC(=O)[O-],CCCC[P+](CCCC)(CCCC)CCCC.CCCCCC(=O)[O-],BJQWBACJIAKDTJ-UHFFFAOYSA-N||FUZZWVXGSFPDMH-UHFFFAOYSA-M,genuinely_unseen_identity,,
CCCC[P+](CCCC)(CCCC)CCCC||CCCCCCCC(=O)[O-],CCCC[P+](CCCC)(CCCC)CCCC.CCCCCCCC(=O)[O-],BJQWBACJIAKDTJ-UHFFFAOYSA-N||WWZKQHOCKIZLMA-UHFFFAOYSA-M,genuinely_unseen_identity,,
C=CC[n+]1ccn(C)c1||F[B-](F)(F)F,C=CC[n+]1ccn(C)c1.F[B-](F)(F)F,WWVMHGUBIOZASN-UHFFFAOYSA-N||ODGCEQLVLXJUCC-UHFFFAOYSA-N,genuinely_unseen_identity,,
C=CC[n+]1ccn(C)c1||O=S(=O)([O-])C(F)(F)F,C=CC[n+]1ccn(C)c1.O=S(=O)([O-])C(F)(F)F,WWVMHGUBIOZASN-UHFFFAOYSA-N||ITMCEJHCFYSIIV-UHFFFAOYSA-M,genuinely_unseen_identity,,
C=CC[n+]1ccn(C)c1||F[P-](F)(F)(F)(F)F,C=CC[n+]1ccn(C)c1.F[P-](F)(F)(F)(F)F,WWVMHGUBIOZASN-UHFFFAOYSA-N||LJQLCJWAZJINEB-UHFFFAOYSA-N,genuinely_unseen_identity,,
C=CC[n+]1ccn(C)c1||O=C([O-])C(F)(F)F,C=CC[n+]1ccn(C)c1.O=C([O-])C(F)(F)F,WWVMHGUBIOZASN-UHFFFAOYSA-N||DTQVDTLACAAQTR-UHFFFAOYSA-M,genuinely_unseen_identity,,
C=CC[n+]1ccn(C)c1||O=S(=O)(F)[N-]S(=O)(=O)F,C=CC[n+]1ccn(C)c1.O=S(=O)(F)[N-]S(=O)(=O)F,WWVMHGUBIOZASN-UHFFFAOYSA-N||NVIANCROYQGROD-UHFFFAOYSA-N,genuinely_unseen_identity,,
C=CC[n+]1ccn(C)c1||O=S(=O)([O-])O,C=CC[n+]1ccn(C)c1.O=S(=O)([O-])O,WWVMHGUBIOZASN-UHFFFAOYSA-N||QAOWNCQODCNURD-UHFFFAOYSA-M,genuinely_unseen_identity,,
C=CC[n+]1ccn(C)c1||FC(F)(F)C(F)(F)[P-](F)(F)(F)(C(F)(F)C(F)(F)F)C(F)(F)C(F)(F)F,C=CC[n+]1ccn(C)c1.FC(F)(F)C(F)(F)[P-](F)(F)(F)(C(F)(F)C(F)(F)F)C(F)(F)C(F)(F)F,WWVMHGUBIOZASN-UHFFFAOYSA-N||OXDZSRZJFHVGGS-UHFFFAOYSA-N,genuinely_unseen_identity,,
C=CC[n+]1ccn(C)c1||O=[N+]([O-])[O-],C=CC[n+]1ccn(C)c1.O=[N+]([O-])[O-],WWVMHGUBIOZASN-UHFFFAOYSA-N||NHNBFGGVMKEFGY-UHFFFAOYSA-N,genuinely_unseen_identity,,
C=CC[n+]1ccn(C)c1||COS(=O)(=O)[O-],C=CC[n+]1ccn(C)c1.COS(=O)(=O)[O-],WWVMHGUBIOZASN-UHFFFAOYSA-N||JZMJDSHXVKJFKW-UHFFFAOYSA-M,genuinely_unseen_identity,,
C=CC[n+]1ccn(C)c1||CCOS(=O)(=O)[O-],C=CC[n+]1ccn(C)c1.C(C)OS(=O)(=O)[O-],WWVMHGUBIOZASN-UHFFFAOYSA-N||KIWBPDUYBMNFTB-UHFFFAOYSA-M,genuinely_unseen_identity,,
C=CC[n+]1ccn(C)c1||CS(=O)(=O)[O-],C=CC[n+]1ccn(C)c1.CS(=O)(=O)[O-],WWVMHGUBIOZASN-UHFFFAOYSA-N||AFVFQIVMOAPDHO-UHFFFAOYSA-M,genuinely_unseen_identity,,
C=CC[n+]1ccn(C)c1||O=[N+]([O-])c1cn[n-]c1,C=CC[n+]1ccn(C)c1.O=[N+]([O-])c1cn[n-]c1,WWVMHGUBIOZASN-UHFFFAOYSA-N||IDGLPDIIVPZHRB-UHFFFAOYSA-N,genuinely_unseen_identity,,
C=CC[n+]1ccn(C)c1||N#C[C-](C#N)C#N,C=CC[n+]1ccn(C)c1.N#C[C-](C#N)C#N,WWVMHGUBIOZASN-UHFFFAOYSA-N||CXERBOODJDWFQL-UHFFFAOYSA-N,genuinely_unseen_identity,,
C=CC[n+]1ccn(C)c1||C[C@H](N)C(=O)[O-],C=CC[n+]1ccn(C)c1.C[C@H](N)C(=O)[O-],WWVMHGUBIOZASN-UHFFFAOYSA-N||QNAYBMKLOCPYGJ-REOHCLBHSA-M,genuinely_unseen_identity,,
C=CC[n+]1ccn(C)c1||N#C[B-](C#N)(C#N)C#N,C=CC[n+]1ccn(C)c1.N#C[B-](C#N)(C#N)C#N,WWVMHGUBIOZASN-UHFFFAOYSA-N||KDCFMDHINPOTEA-UHFFFAOYSA-N,genuinely_unseen_identity,,
C=CC[n+]1ccn(C)c1||NCC(=O)[O-],C=CC[n+]1ccn(C)c1.NCC(=O)[O-],WWVMHGUBIOZASN-UHFFFAOYSA-N||DHMQDGOQFOQNFH-UHFFFAOYSA-M,genuinely_unseen_identity,,
C=CC[n+]1ccn(C)c1||O=S(=O)([N-]S(=O)(=O)C(F)(F)C(F)(F)F)C(F)(F)C(F)(F)F,C=CC[n+]1ccn(C)c1.O=S(=O)([N-]S(=O)(=O)C(F)(F)C(F)(F)F)C(F)(F)C(F)(F)F,WWVMHGUBIOZASN-UHFFFAOYSA-N||SLSPYQCCSCAKIB-UHFFFAOYSA-N,genuinely_unseen_identity,,
C=CC[n+]1ccn(C)c1||CCC(=O)[O-],C=CC[n+]1ccn(C)c1.CCC(=O)[O-],WWVMHGUBIOZASN-UHFFFAOYSA-N||XBDQKXXYIPTUBI-UHFFFAOYSA-M,pseudo_unseen_known_identity,1-allyl-3-methyl-1H-imidazol-3-ium propionate,
C=CC[n+]1ccn(C)c1||CCCCCC(=O)[O-],C=CC[n+]1ccn(C)c1.CCCCCC(=O)[O-],WWVMHGUBIOZASN-UHFFFAOYSA-N||FUZZWVXGSFPDMH-UHFFFAOYSA-M,genuinely_unseen_identity,,
C=CC[n+]1ccn(C)c1||CCCCCCCC(=O)[O-],C=CC[n+]1ccn(C)c1.CCCCCCCC(=O)[O-],WWVMHGUBIOZASN-UHFFFAOYSA-N||WWZKQHOCKIZLMA-UHFFFAOYSA-M,genuinely_unseen_identity,,
C=CC[n+]1ccn(C)c1||C[C@@H](O)[C@H](N)C(=O)[O-],C=CC[n+]1ccn(C)c1.C[C@@H](O)[C@H](N)C(=O)[O-],WWVMHGUBIOZASN-UHFFFAOYSA-N||AYFVYJQAPQTCCC-GBXIJSLDSA-M,genuinely_unseen_identity,,
CCCCCCCC[P+](CC)(CC)CC||F[B-](F)(F)F,CCCCCCCC[P+](CC)(CC)CC.F[B-](F)(F)F,QCLVFLIIJODTJU-UHFFFAOYSA-N||ODGCEQLVLXJUCC-UHFFFAOYSA-N,genuinely_unseen_identity,,
CCCCCCCC[P+](CC)(CC)CC||[Br-],CCCCCCCC[P+](CC)(CC)CC.[Br-],QCLVFLIIJODTJU-UHFFFAOYSA-N||CPELXLSAUQHCOX-UHFFFAOYSA-M,genuinely_unseen_identity,,
CCCCCCCC[P+](CC)(CC)CC||O=S(=O)([O-])C(F)(F)F,CCCCCCCC[P+](CC)(CC)CC.O=S(=O)([O-])C(F)(F)F,QCLVFLIIJODTJU-UHFFFAOYSA-N||ITMCEJHCFYSIIV-UHFFFAOYSA-M,genuinely_unseen_identity,,
CCCCCCCC[P+](CC)(CC)CC||[Cl-],CCCCCCCC[P+](CC)(CC)CC.[Cl-],QCLVFLIIJODTJU-UHFFFAOYSA-N||VEXZGXHMUGYJMC-UHFFFAOYSA-M,genuinely_unseen_identity,,
CCCCCCCC[P+](CC)(CC)CC||N#C[N-]C#N,CCCCCCCC[P+](CC)(CC)CC.N#C[N-]C#N,QCLVFLIIJODTJU-UHFFFAOYSA-N||UKDLHLAPDXIAID-UHFFFAOYSA-N,genuinely_unseen_identity,,
CCCCCCCC[P+](CC)(CC)CC||CC(=O)[O-],CCCCCCCC[P+](CC)(CC)CC.CC(=O)[O-],QCLVFLIIJODTJU-UHFFFAOYSA-N||QTBSBXVTEAMEQO-UHFFFAOYSA-M,genuinely_unseen_identity,,
CCCCCCCC[P+](CC)(CC)CC||F[P-](F)(F)(F)(F)F,CCCCCCCC[P+](CC)(CC)CC.F[P-](F)(F)(F)(F)F,QCLVFLIIJODTJU-UHFFFAOYSA-N||LJQLCJWAZJINEB-UHFFFAOYSA-N,genuinely_unseen_identity,,
CCCCCCCC[P+](CC)(CC)CC||N#C[S-],CCCCCCCC[P+](CC)(CC)CC.N#C[S-],QCLVFLIIJODTJU-UHFFFAOYSA-N||ZMZDMBWJUHKJPS-UHFFFAOYSA-M,genuinely_unseen_identity,,
CCCCCCCC[P+](CC)(CC)CC||O=C([O-])C(F)(F)F,CCCCCCCC[P+](CC)(CC)CC.O=C([O-])C(F)(F)F,QCLVFLIIJODTJU-UHFFFAOYSA-N||DTQVDTLACAAQTR-UHFFFAOYSA-M,genuinely_unseen_identity,,
CCCCCCCC[P+](CC)(CC)CC||O=S(=O)(F)[N-]S(=O)(=O)F,CCCCCCCC[P+](CC)(CC)CC.O=S(=O)(F)[N-]S(=O)(=O)F,QCLVFLIIJODTJU-UHFFFAOYSA-N||NVIANCROYQGROD-UHFFFAOYSA-N,genuinely_unseen_identity,,
CCCCCCCC[P+](CC)(CC)CC||O=S(=O)([O-])O,CCCCCCCC[P+](CC)(CC)CC.O=S(=O)([O-])O,QCLVFLIIJODTJU-UHFFFAOYSA-N||QAOWNCQODCNURD-UHFFFAOYSA-M,genuinely_unseen_identity,,
CCCCCCCC[P+](CC)(CC)CC||FC(F)(F)C(F)(F)[P-](F)(F)(F)(C(F)(F)C(F)(F)F)C(F)(F)C(F)(F)F,CCCCCCCC[P+](CC)(CC)CC.FC(F)(F)C(F)(F)[P-](F)(F)(F)(C(F)(F)C(F)(F)F)C(F)(F)C(F)(F)F,QCLVFLIIJODTJU-UHFFFAOYSA-N||OXDZSRZJFHVGGS-UHFFFAOYSA-N,genuinely_unseen_identity,,
CCCCCCCC[P+](CC)(CC)CC||O=C[O-],CCCCCCCC[P+](CC)(CC)CC.O=C[O-],QCLVFLIIJODTJU-UHFFFAOYSA-N||BDAGIHXWWSANSR-UHFFFAOYSA-M,genuinely_unseen_identity,,
CCCCCCCC[P+](CC)(CC)CC||O=[N+]([O-])[O-],CCCCCCCC[P+](CC)(CC)CC.O=[N+]([O-])[O-],QCLVFLIIJODTJU-UHFFFAOYSA-N||NHNBFGGVMKEFGY-UHFFFAOYSA-N,genuinely_unseen_identity,,
CCCCCCCC[P+](CC)(CC)CC||COS(=O)(=O)[O-],CCCCCCCC[P+](CC)(CC)CC.COS(=O)(=O)[O-],QCLVFLIIJODTJU-UHFFFAOYSA-N||JZMJDSHXVKJFKW-UHFFFAOYSA-M,genuinely_unseen_identity,,
CCCCCCCC[P+](CC)(CC)CC||CCOS(=O)(=O)[O-],CCCCCCCC[P+](CC)(CC)CC.C(C)OS(=O)(=O)[O-],QCLVFLIIJODTJU-UHFFFAOYSA-N||KIWBPDUYBMNFTB-UHFFFAOYSA-M,genuinely_unseen_identity,,
CCCCCCCC[P+](CC)(CC)CC||CS(=O)(=O)[O-],CCCCCCCC[P+](CC)(CC)CC.CS(=O)(=O)[O-],QCLVFLIIJODTJU-UHFFFAOYSA-N||AFVFQIVMOAPDHO-UHFFFAOYSA-M,genuinely_unseen_identity,,
CCCCCCCC[P+](CC)(CC)CC||N#C[C-](C#N)C#N,CCCCCCCC[P+](CC)(CC)CC.N#C[C-](C#N)C#N,QCLVFLIIJODTJU-UHFFFAOYSA-N||CXERBOODJDWFQL-UHFFFAOYSA-N,genuinely_unseen_identity,,
CCCCCCCC[P+](CC)(CC)CC||CCCC(=O)[O-],CCCCCCCC[P+](CC)(CC)CC.CCCC(=O)[O-],QCLVFLIIJODTJU-UHFFFAOYSA-N||FERIUCNNQQJTOY-UHFFFAOYSA-M,genuinely_unseen_identity,,
CCCCCCCC[P+](CC)(CC)CC||C[C@H](N)C(=O)[O-],CCCCCCCC[P+](CC)(CC)CC.C[C@H](N)C(=O)[O-],QCLVFLIIJODTJU-UHFFFAOYSA-N||QNAYBMKLOCPYGJ-REOHCLBHSA-M,genuinely_unseen_identity,,
CCCCCCCC[P+](CC)(CC)CC||N#C[B-](C#N)(C#N)C#N,CCCCCCCC[P+](CC)(CC)CC.N#C[B-](C#N)(C#N)C#N,QCLVFLIIJODTJU-UHFFFAOYSA-N||KDCFMDHINPOTEA-UHFFFAOYSA-N,genuinely_unseen_identity,,
CCCCCCCC[P+](CC)(CC)CC||NCC(=O)[O-],CCCCCCCC[P+](CC)(CC)CC.NCC(=O)[O-],QCLVFLIIJODTJU-UHFFFAOYSA-N||DHMQDGOQFOQNFH-UHFFFAOYSA-M,genuinely_unseen_identity,,
CCCCCCCC[P+](CC)(CC)CC||O=S(=O)([N-]S(=O)(=O)C(F)(F)C(F)(F)F)C(F)(F)C(F)(F)F,CCCCCCCC[P+](CC)(CC)CC.O=S(=O)([N-]S(=O)(=O)C(F)(F)C(F)(F)F)C(F)(F)C(F)(F)F,QCLVFLIIJODTJU-UHFFFAOYSA-N||SLSPYQCCSCAKIB-UHFFFAOYSA-N,genuinely_unseen_identity,,
CCCCCCCC[P+](CC)(CC)CC||CC(O)C(=O)[O-],CCCCCCCC[P+](CC)(CC)CC.CC(O)C(=O)[O-],QCLVFLIIJODTJU-UHFFFAOYSA-N||JVTAAEKCZFNVCJ-UHFFFAOYSA-M,genuinely_unseen_identity,,
CCCCCCCC[P+](CC)(CC)CC||CCC(=O)[O-],CCCCCCCC[P+](CC)(CC)CC.CCC(=O)[O-],QCLVFLIIJODTJU-UHFFFAOYSA-N||XBDQKXXYIPTUBI-UHFFFAOYSA-M,genuinely_unseen_identity,,
CCCCCCCC[P+](CC)(CC)CC||CCCCCC(=O)[O-],CCCCCCCC[P+](CC)(CC)CC.CCCCCC(=O)[O-],QCLVFLIIJODTJU-UHFFFAOYSA-N||FUZZWVXGSFPDMH-UHFFFAOYSA-M,genuinely_unseen_identity,,
CCCCCCCC[P+](CC)(CC)CC||CCCCCCCC(=O)[O-],CCCCCCCC[P+](CC)(CC)CC.CCCCCCCC(=O)[O-],QCLVFLIIJODTJU-UHFFFAOYSA-N||WWZKQHOCKIZLMA-UHFFFAOYSA-M,genuinely_unseen_identity,,
CCCCCCCC[P+](CC)(CC)CC||C[C@@H](O)[C@H](N)C(=O)[O-],CCCCCCCC[P+](CC)(CC)CC.C[C@@H](O)[C@H](N)C(=O)[O-],QCLVFLIIJODTJU-UHFFFAOYSA-N||AYFVYJQAPQTCCC-GBXIJSLDSA-M,genuinely_unseen_identity,,
CCCCCC[n+]1ccccc1||O=S(=O)([O-])C(F)(F)F,CCCCCC[n+]1ccccc1.O=S(=O)([O-])C(F)(F)F,AMKUSFIBHAUBIJ-UHFFFAOYSA-N||ITMCEJHCFYSIIV-UHFFFAOYSA-M,genuinely_unseen_identity,,
CCCCCC[n+]1ccccc1||O=S(=O)([O-])O,CCCCCC[n+]1ccccc1.O=S(=O)([O-])O,AMKUSFIBHAUBIJ-UHFFFAOYSA-N||QAOWNCQODCNURD-UHFFFAOYSA-M,genuinely_unseen_identity,,
CCCCCC[n+]1ccccc1||FC(F)(F)C(F)(F)[P-](F)(F)(F)(C(F)(F)C(F)(F)F)C(F)(F)C(F)(F)F,CCCCCC[n+]1ccccc1.FC(F)(F)C(F)(F)[P-](F)(F)(F)(C(F)(F)C(F)(F)F)C(F)(F)C(F)(F)F,AMKUSFIBHAUBIJ-UHFFFAOYSA-N||OXDZSRZJFHVGGS-UHFFFAOYSA-N,genuinely_unseen_identity,,
CCCCCC[n+]1ccccc1||O=C[O-],CCCCCC[n+]1ccccc1.O=C[O-],AMKUSFIBHAUBIJ-UHFFFAOYSA-N||BDAGIHXWWSANSR-UHFFFAOYSA-M,genuinely_unseen_identity,,
CCCCCC[n+]1ccccc1||COS(=O)(=O)[O-],CCCCCC[n+]1ccccc1.COS(=O)(=O)[O-],AMKUSFIBHAUBIJ-UHFFFAOYSA-N||JZMJDSHXVKJFKW-UHFFFAOYSA-M,genuinely_unseen_identity,,
CCCCCC[n+]1ccccc1||CCOS(=O)(=O)[O-],CCCCCC[n+]1ccccc1.C(C)OS(=O)(=O)[O-],AMKUSFIBHAUBIJ-UHFFFAOYSA-N||KIWBPDUYBMNFTB-UHFFFAOYSA-M,genuinely_unseen_identity,,
CCCCCC[n+]1ccccc1||CS(=O)(=O)[O-],CCCCCC[n+]1ccccc1.CS(=O)(=O)[O-],AMKUSFIBHAUBIJ-UHFFFAOYSA-N||AFVFQIVMOAPDHO-UHFFFAOYSA-M,genuinely_unseen_identity,,
CCCCCC[n+]1ccccc1||O=[N+]([O-])c1cn[n-]c1,CCCCCC[n+]1ccccc1.O=[N+]([O-])c1cn[n-]c1,AMKUSFIBHAUBIJ-UHFFFAOYSA-N||IDGLPDIIVPZHRB-UHFFFAOYSA-N,genuinely_unseen_identity,,
CCCCCC[n+]1ccccc1||N#C[C-](C#N)C#N,CCCCCC[n+]1ccccc1.N#C[C-](C#N)C#N,AMKUSFIBHAUBIJ-UHFFFAOYSA-N||CXERBOODJDWFQL-UHFFFAOYSA-N,genuinely_unseen_identity,,
CCCCCC[n+]1ccccc1||CCCC(=O)[O-],CCCCCC[n+]1ccccc1.CCCC(=O)[O-],AMKUSFIBHAUBIJ-UHFFFAOYSA-N||FERIUCNNQQJTOY-UHFFFAOYSA-M,genuinely_unseen_identity,,
CCCCCC[n+]1ccccc1||C[C@H](N)C(=O)[O-],CCCCCC[n+]1ccccc1.C[C@H](N)C(=O)[O-],AMKUSFIBHAUBIJ-UHFFFAOYSA-N||QNAYBMKLOCPYGJ-REOHCLBHSA-M,genuinely_unseen_identity,,
CCCCCC[n+]1ccccc1||N#C[B-](C#N)(C#N)C#N,CCCCCC[n+]1ccccc1.N#C[B-](C#N)(C#N)C#N,AMKUSFIBHAUBIJ-UHFFFAOYSA-N||KDCFMDHINPOTEA-UHFFFAOYSA-N,genuinely_unseen_identity,,
CCCCCC[n+]1ccccc1||NCC(=O)[O-],CCCCCC[n+]1ccccc1.NCC(=O)[O-],AMKUSFIBHAUBIJ-UHFFFAOYSA-N||DHMQDGOQFOQNFH-UHFFFAOYSA-M,genuinely_unseen_identity,,
CCCCCC[n+]1ccccc1||O=S(=O)([N-]S(=O)(=O)C(F)(F)C(F)(F)F)C(F)(F)C(F)(F)F,CCCCCC[n+]1ccccc1.O=S(=O)([N-]S(=O)(=O)C(F)(F)C(F)(F)F)C(F)(F)C(F)(F)F,AMKUSFIBHAUBIJ-UHFFFAOYSA-N||SLSPYQCCSCAKIB-UHFFFAOYSA-N,genuinely_unseen_identity,,
CCCCCC[n+]1ccccc1||CC(O)C(=O)[O-],CCCCCC[n+]1ccccc1.CC(O)C(=O)[O-],AMKUSFIBHAUBIJ-UHFFFAOYSA-N||JVTAAEKCZFNVCJ-UHFFFAOYSA-M,genuinely_unseen_identity,,
CCCCCC[n+]1ccccc1||CCC(=O)[O-],CCCCCC[n+]1ccccc1.CCC(=O)[O-],AMKUSFIBHAUBIJ-UHFFFAOYSA-N||XBDQKXXYIPTUBI-UHFFFAOYSA-M,genuinely_unseen_identity,,
CCCCCC[n+]1ccccc1||CCCCCC(=O)[O-],CCCCCC[n+]1ccccc1.CCCCCC(=O)[O-],AMKUSFIBHAUBIJ-UHFFFAOYSA-N||FUZZWVXGSFPDMH-UHFFFAOYSA-M,genuinely_unseen_identity,,
CCCCCC[n+]1ccccc1||CCCCCCCC(=O)[O-],CCCCCC[n+]1ccccc1.CCCCCCCC(=O)[O-],AMKUSFIBHAUBIJ-UHFFFAOYSA-N||WWZKQHOCKIZLMA-UHFFFAOYSA-M,genuinely_unseen_identity,,
CCCCCC[n+]1ccccc1||C[C@@H](O)[C@H](N)C(=O)[O-],CCCCCC[n+]1ccccc1.C[C@@H](O)[C@H](N)C(=O)[O-],AMKUSFIBHAUBIJ-UHFFFAOYSA-N||AYFVYJQAPQTCCC-GBXIJSLDSA-M,genuinely_unseen_identity,,
CCCn1cc[n+](C)c1||F[B-](F)(F)F,CCCn1cc[n+](C)c1.F[B-](F)(F)F,WVDDUSFOSWWJJH-UHFFFAOYSA-N||ODGCEQLVLXJUCC-UHFFFAOYSA-N,pseudo_unseen_known_identity,1-propyl-3-methylimidazolium tetrafluoroborate,
CCCn1cc[n+](C)c1||O=S(=O)([O-])C(F)(F)F,CCCn1cc[n+](C)c1.O=S(=O)([O-])C(F)(F)F,WVDDUSFOSWWJJH-UHFFFAOYSA-N||ITMCEJHCFYSIIV-UHFFFAOYSA-M,genuinely_unseen_identity,,
CCCn1cc[n+](C)c1||CC(=O)[O-],CCCn1cc[n+](C)c1.CC(=O)[O-],WVDDUSFOSWWJJH-UHFFFAOYSA-N||QTBSBXVTEAMEQO-UHFFFAOYSA-M,pseudo_unseen_known_identity,1-propyl-3-methylimidazolium acetate,
CCCn1cc[n+](C)c1||N#C[S-],CCCn1cc[n+](C)c1.N#C[S-],WVDDUSFOSWWJJH-UHFFFAOYSA-N||ZMZDMBWJUHKJPS-UHFFFAOYSA-M,pseudo_unseen_known_identity,1-propyl-3-methylimidazolium thiocyanate,
CCCn1cc[n+](C)c1||O=C([O-])C(F)(F)F,CCCn1cc[n+](C)c1.O=C([O-])C(F)(F)F,WVDDUSFOSWWJJH-UHFFFAOYSA-N||DTQVDTLACAAQTR-UHFFFAOYSA-M,genuinely_unseen_identity,,
CCCn1cc[n+](C)c1||O=S(=O)([O-])O,CCCn1cc[n+](C)c1.O=S(=O)([O-])O,WVDDUSFOSWWJJH-UHFFFAOYSA-N||QAOWNCQODCNURD-UHFFFAOYSA-M,genuinely_unseen_identity,,
CCCn1cc[n+](C)c1||FC(F)(F)C(F)(F)[P-](F)(F)(F)(C(F)(F)C(F)(F)F)C(F)(F)C(F)(F)F,CCCn1cc[n+](C)c1.FC(F)(F)C(F)(F)[P-](F)(F)(F)(C(F)(F)C(F)(F)F)C(F)(F)C(F)(F)F,WVDDUSFOSWWJJH-UHFFFAOYSA-N||OXDZSRZJFHVGGS-UHFFFAOYSA-N,genuinely_unseen_identity,,
CCCn1cc[n+](C)c1||O=C[O-],CCCn1cc[n+](C)c1.O=C[O-],WVDDUSFOSWWJJH-UHFFFAOYSA-N||BDAGIHXWWSANSR-UHFFFAOYSA-M,genuinely_unseen_identity,,
CCCn1cc[n+](C)c1||COS(=O)(=O)[O-],CCCn1cc[n+](C)c1.COS(=O)(=O)[O-],WVDDUSFOSWWJJH-UHFFFAOYSA-N||JZMJDSHXVKJFKW-UHFFFAOYSA-M,pseudo_unseen_known_identity,1-propyl-3-methylimidazolium methylsulfate,
CCCn1cc[n+](C)c1||CCOS(=O)(=O)[O-],CCCn1cc[n+](C)c1.C(C)OS(=O)(=O)[O-],WVDDUSFOSWWJJH-UHFFFAOYSA-N||KIWBPDUYBMNFTB-UHFFFAOYSA-M,genuinely_unseen_identity,,
CCCn1cc[n+](C)c1||CS(=O)(=O)[O-],CCCn1cc[n+](C)c1.CS(=O)(=O)[O-],WVDDUSFOSWWJJH-UHFFFAOYSA-N||AFVFQIVMOAPDHO-UHFFFAOYSA-M,genuinely_unseen_identity,,
CCCn1cc[n+](C)c1||O=[N+]([O-])c1cn[n-]c1,CCCn1cc[n+](C)c1.O=[N+]([O-])c1cn[n-]c1,WVDDUSFOSWWJJH-UHFFFAOYSA-N||IDGLPDIIVPZHRB-UHFFFAOYSA-N,genuinely_unseen_identity,,
CCCn1cc[n+](C)c1||N#C[C-](C#N)C#N,CCCn1cc[n+](C)c1.N#C[C-](C#N)C#N,WVDDUSFOSWWJJH-UHFFFAOYSA-N||CXERBOODJDWFQL-UHFFFAOYSA-N,genuinely_unseen_identity,,
CCCn1cc[n+](C)c1||CCCC(=O)[O-],CCCn1cc[n+](C)c1.CCCC(=O)[O-],WVDDUSFOSWWJJH-UHFFFAOYSA-N||FERIUCNNQQJTOY-UHFFFAOYSA-M,genuinely_unseen_identity,,
CCCn1cc[n+](C)c1||C[C@H](N)C(=O)[O-],CCCn1cc[n+](C)c1.C[C@H](N)C(=O)[O-],WVDDUSFOSWWJJH-UHFFFAOYSA-N||QNAYBMKLOCPYGJ-REOHCLBHSA-M,genuinely_unseen_identity,,
CCCn1cc[n+](C)c1||N#C[B-](C#N)(C#N)C#N,CCCn1cc[n+](C)c1.N#C[B-](C#N)(C#N)C#N,WVDDUSFOSWWJJH-UHFFFAOYSA-N||KDCFMDHINPOTEA-UHFFFAOYSA-N,genuinely_unseen_identity,,
CCCn1cc[n+](C)c1||NCC(=O)[O-],CCCn1cc[n+](C)c1.NCC(=O)[O-],WVDDUSFOSWWJJH-UHFFFAOYSA-N||DHMQDGOQFOQNFH-UHFFFAOYSA-M,pseudo_unseen_known_identity,1-propyl-3-methylimidazolium glycine,
CCCn1cc[n+](C)c1||O=S(=O)([N-]S(=O)(=O)C(F)(F)C(F)(F)F)C(F)(F)C(F)(F)F,CCCn1cc[n+](C)c1.O=S(=O)([N-]S(=O)(=O)C(F)(F)C(F)(F)F)C(F)(F)C(F)(F)F,WVDDUSFOSWWJJH-UHFFFAOYSA-N||SLSPYQCCSCAKIB-UHFFFAOYSA-N,genuinely_unseen_identity,,
CCCn1cc[n+](C)c1||CC(O)C(=O)[O-],CCCn1cc[n+](C)c1.CC(O)C(=O)[O-],WVDDUSFOSWWJJH-UHFFFAOYSA-N||JVTAAEKCZFNVCJ-UHFFFAOYSA-M,genuinely_unseen_identity,,
CCCn1cc[n+](C)c1||CCC(=O)[O-],CCCn1cc[n+](C)c1.CCC(=O)[O-],WVDDUSFOSWWJJH-UHFFFAOYSA-N||XBDQKXXYIPTUBI-UHFFFAOYSA-M,pseudo_unseen_known_identity,1-propyl-3-methylimidazolium propionate,
CCCn1cc[n+](C)c1||CCCCCC(=O)[O-],CCCn1cc[n+](C)c1.CCCCCC(=O)[O-],WVDDUSFOSWWJJH-UHFFFAOYSA-N||FUZZWVXGSFPDMH-UHFFFAOYSA-M,genuinely_unseen_identity,,
CCCn1cc[n+](C)c1||CCCCCCCC(=O)[O-],CCCn1cc[n+](C)c1.CCCCCCCC(=O)[O-],WVDDUSFOSWWJJH-UHFFFAOYSA-N||WWZKQHOCKIZLMA-UHFFFAOYSA-M,genuinely_unseen_identity,,
CCCn1cc[n+](C)c1||C[C@@H](O)[C@H](N)C(=O)[O-],CCCn1cc[n+](C)c1.C[C@@H](O)[C@H](N)C(=O)[O-],WVDDUSFOSWWJJH-UHFFFAOYSA-N||AYFVYJQAPQTCCC-GBXIJSLDSA-M,pseudo_unseen_known_identity,1-propyl-3-methylimidazolium DL-threoninate,
Cn1cc[n+](CCO)c1||[Br-],Cn1cc[n+](CCO)c1.[Br-],ZGZLRWJZGFRHHQ-UHFFFAOYSA-N||CPELXLSAUQHCOX-UHFFFAOYSA-M,genuinely_unseen_identity,,
Cn1cc[n+](CCO)c1||O=S(=O)([O-])C(F)(F)F,Cn1cc[n+](CCO)c1.O=S(=O)([O-])C(F)(F)F,ZGZLRWJZGFRHHQ-UHFFFAOYSA-N||ITMCEJHCFYSIIV-UHFFFAOYSA-M,pseudo_unseen_known_identity,"3-(2-hydroxyethyl)-1-methylimidazolium 1,1,1-trifluoromethanesulfonate",
Cn1cc[n+](CCO)c1||[Cl-],Cn1cc[n+](CCO)c1.[Cl-],ZGZLRWJZGFRHHQ-UHFFFAOYSA-N||VEXZGXHMUGYJMC-UHFFFAOYSA-M,genuinely_unseen_identity,,
Cn1cc[n+](CCO)c1||CC(=O)[O-],Cn1cc[n+](CCO)c1.CC(=O)[O-],ZGZLRWJZGFRHHQ-UHFFFAOYSA-N||QTBSBXVTEAMEQO-UHFFFAOYSA-M,genuinely_unseen_identity,,
Cn1cc[n+](CCO)c1||F[P-](F)(F)(F)(F)F,Cn1cc[n+](CCO)c1.F[P-](F)(F)(F)(F)F,ZGZLRWJZGFRHHQ-UHFFFAOYSA-N||LJQLCJWAZJINEB-UHFFFAOYSA-N,pseudo_unseen_known_identity,3-(2-hydroxyethyl)-1-methylimidazolium hexafluorophosphate,
Cn1cc[n+](CCO)c1||N#C[S-],Cn1cc[n+](CCO)c1.N#C[S-],ZGZLRWJZGFRHHQ-UHFFFAOYSA-N||ZMZDMBWJUHKJPS-UHFFFAOYSA-M,genuinely_unseen_identity,,
Cn1cc[n+](CCO)c1||O=S(=O)(F)[N-]S(=O)(=O)F,Cn1cc[n+](CCO)c1.O=S(=O)(F)[N-]S(=O)(=O)F,ZGZLRWJZGFRHHQ-UHFFFAOYSA-N||NVIANCROYQGROD-UHFFFAOYSA-N,genuinely_unseen_identity,,
Cn1cc[n+](CCO)c1||O=S(=O)([O-])O,Cn1cc[n+](CCO)c1.O=S(=O)([O-])O,ZGZLRWJZGFRHHQ-UHFFFAOYSA-N||QAOWNCQODCNURD-UHFFFAOYSA-M,genuinely_unseen_identity,,
Cn1cc[n+](CCO)c1||FC(F)(F)C(F)(F)[P-](F)(F)(F)(C(F)(F)C(F)(F)F)C(F)(F)C(F)(F)F,Cn1cc[n+](CCO)c1.FC(F)(F)C(F)(F)[P-](F)(F)(F)(C(F)(F)C(F)(F)F)C(F)(F)C(F)(F)F,ZGZLRWJZGFRHHQ-UHFFFAOYSA-N||OXDZSRZJFHVGGS-UHFFFAOYSA-N,pseudo_unseen_known_identity,3-(2-hydroxyethyl)-1-methyl-1H-imidazolium trifluorotris(perfluoroethyl)phosphate(V),
Cn1cc[n+](CCO)c1||O=C[O-],Cn1cc[n+](CCO)c1.O=C[O-],ZGZLRWJZGFRHHQ-UHFFFAOYSA-N||BDAGIHXWWSANSR-UHFFFAOYSA-M,genuinely_unseen_identity,,
Cn1cc[n+](CCO)c1||O=[N+]([O-])[O-],Cn1cc[n+](CCO)c1.O=[N+]([O-])[O-],ZGZLRWJZGFRHHQ-UHFFFAOYSA-N||NHNBFGGVMKEFGY-UHFFFAOYSA-N,genuinely_unseen_identity,,
Cn1cc[n+](CCO)c1||COS(=O)(=O)[O-],Cn1cc[n+](CCO)c1.COS(=O)(=O)[O-],ZGZLRWJZGFRHHQ-UHFFFAOYSA-N||JZMJDSHXVKJFKW-UHFFFAOYSA-M,genuinely_unseen_identity,,
Cn1cc[n+](CCO)c1||CCOS(=O)(=O)[O-],Cn1cc[n+](CCO)c1.C(C)OS(=O)(=O)[O-],ZGZLRWJZGFRHHQ-UHFFFAOYSA-N||KIWBPDUYBMNFTB-UHFFFAOYSA-M,genuinely_unseen_identity,,
Cn1cc[n+](CCO)c1||CS(=O)(=O)[O-],Cn1cc[n+](CCO)c1.CS(=O)(=O)[O-],ZGZLRWJZGFRHHQ-UHFFFAOYSA-N||AFVFQIVMOAPDHO-UHFFFAOYSA-M,genuinely_unseen_identity,,
Cn1cc[n+](CCO)c1||O=[N+]([O-])c1cn[n-]c1,Cn1cc[n+](CCO)c1.O=[N+]([O-])c1cn[n-]c1,ZGZLRWJZGFRHHQ-UHFFFAOYSA-N||IDGLPDIIVPZHRB-UHFFFAOYSA-N,genuinely_unseen_identity,,
Cn1cc[n+](CCO)c1||N#C[C-](C#N)C#N,Cn1cc[n+](CCO)c1.N#C[C-](C#N)C#N,ZGZLRWJZGFRHHQ-UHFFFAOYSA-N||CXERBOODJDWFQL-UHFFFAOYSA-N,genuinely_unseen_identity,,
Cn1cc[n+](CCO)c1||CCCC(=O)[O-],Cn1cc[n+](CCO)c1.CCCC(=O)[O-],ZGZLRWJZGFRHHQ-UHFFFAOYSA-N||FERIUCNNQQJTOY-UHFFFAOYSA-M,genuinely_unseen_identity,,
Cn1cc[n+](CCO)c1||N#C[B-](C#N)(C#N)C#N,Cn1cc[n+](CCO)c1.N#C[B-](C#N)(C#N)C#N,ZGZLRWJZGFRHHQ-UHFFFAOYSA-N||KDCFMDHINPOTEA-UHFFFAOYSA-N,genuinely_unseen_identity,,
Cn1cc[n+](CCO)c1||O=S(=O)([N-]S(=O)(=O)C(F)(F)C(F)(F)F)C(F)(F)C(F)(F)F,Cn1cc[n+](CCO)c1.O=S(=O)([N-]S(=O)(=O)C(F)(F)C(F)(F)F)C(F)(F)C(F)(F)F,ZGZLRWJZGFRHHQ-UHFFFAOYSA-N||SLSPYQCCSCAKIB-UHFFFAOYSA-N,genuinely_unseen_identity,,
Cn1cc[n+](CCO)c1||CC(O)C(=O)[O-],Cn1cc[n+](CCO)c1.CC(O)C(=O)[O-],ZGZLRWJZGFRHHQ-UHFFFAOYSA-N||JVTAAEKCZFNVCJ-UHFFFAOYSA-M,genuinely_unseen_identity,,
Cn1cc[n+](CCO)c1||CCC(=O)[O-],Cn1cc[n+](CCO)c1.CCC(=O)[O-],ZGZLRWJZGFRHHQ-UHFFFAOYSA-N||XBDQKXXYIPTUBI-UHFFFAOYSA-M,genuinely_unseen_identity,,
Cn1cc[n+](CCO)c1||CCCCCC(=O)[O-],Cn1cc[n+](CCO)c1.CCCCCC(=O)[O-],ZGZLRWJZGFRHHQ-UHFFFAOYSA-N||FUZZWVXGSFPDMH-UHFFFAOYSA-M,genuinely_unseen_identity,,
Cn1cc[n+](CCO)c1||CCCCCCCC(=O)[O-],Cn1cc[n+](CCO)c1.CCCCCCCC(=O)[O-],ZGZLRWJZGFRHHQ-UHFFFAOYSA-N||WWZKQHOCKIZLMA-UHFFFAOYSA-M,genuinely_unseen_identity,,
Cn1cc[n+](CCO)c1||C[C@@H](O)[C@H](N)C(=O)[O-],Cn1cc[n+](CCO)c1.C[C@@H](O)[C@H](N)C(=O)[O-],ZGZLRWJZGFRHHQ-UHFFFAOYSA-N||AYFVYJQAPQTCCC-GBXIJSLDSA-M,genuinely_unseen_identity,,
CCCCCCCCCC[n+]1ccn(C)c1||O=S(=O)([O-])C(F)(F)F,CCCCCCCCCC[n+]1ccn(C)c1.O=S(=O)([O-])C(F)(F)F,LDVVBLGHGCHZBJ-UHFFFAOYSA-N||ITMCEJHCFYSIIV-UHFFFAOYSA-M,pseudo_unseen_known_identity,1-decyl-3-methylimidazolium trifluoromethansulfate,
CCCCCCCCCC[n+]1ccn(C)c1||N#C[S-],CCCCCCCCCC[n+]1ccn(C)c1.N#C[S-],LDVVBLGHGCHZBJ-UHFFFAOYSA-N||ZMZDMBWJUHKJPS-UHFFFAOYSA-M,pseudo_unseen_known_identity,3-decyl-1-methyl-1H-imidazolium thiocyanate,
CCCCCCCCCC[n+]1ccn(C)c1||O=C([O-])C(F)(F)F,CCCCCCCCCC[n+]1ccn(C)c1.O=C([O-])C(F)(F)F,LDVVBLGHGCHZBJ-UHFFFAOYSA-N||DTQVDTLACAAQTR-UHFFFAOYSA-M,genuinely_unseen_identity,,
CCCCCCCCCC[n+]1ccn(C)c1||O=S(=O)(F)[N-]S(=O)(=O)F,CCCCCCCCCC[n+]1ccn(C)c1.O=S(=O)(F)[N-]S(=O)(=O)F,LDVVBLGHGCHZBJ-UHFFFAOYSA-N||NVIANCROYQGROD-UHFFFAOYSA-N,genuinely_unseen_identity,,
CCCCCCCCCC[n+]1ccn(C)c1||O=S(=O)([O-])O,CCCCCCCCCC[n+]1ccn(C)c1.O=S(=O)([O-])O,LDVVBLGHGCHZBJ-UHFFFAOYSA-N||QAOWNCQODCNURD-UHFFFAOYSA-M,genuinely_unseen_identity,,
CCCCCCCCCC[n+]1ccn(C)c1||FC(F)(F)C(F)(F)[P-](F)(F)(F)(C(F)(F)C(F)(F)F)C(F)(F)C(F)(F)F,CCCCCCCCCC[n+]1ccn(C)c1.FC(F)(F)C(F)(F)[P-](F)(F)(F)(C(F)(F)C(F)(F)F)C(F)(F)C(F)(F)F,LDVVBLGHGCHZBJ-UHFFFAOYSA-N||OXDZSRZJFHVGGS-UHFFFAOYSA-N,genuinely_unseen_identity,,
CCCCCCCCCC[n+]1ccn(C)c1||O=C[O-],CCCCCCCCCC[n+]1ccn(C)c1.O=C[O-],LDVVBLGHGCHZBJ-UHFFFAOYSA-N||BDAGIHXWWSANSR-UHFFFAOYSA-M,genuinely_unseen_identity,,
CCCCCCCCCC[n+]1ccn(C)c1||O=[N+]([O-])[O-],CCCCCCCCCC[n+]1ccn(C)c1.O=[N+]([O-])[O-],LDVVBLGHGCHZBJ-UHFFFAOYSA-N||NHNBFGGVMKEFGY-UHFFFAOYSA-N,genuinely_unseen_identity,,
CCCCCCCCCC[n+]1ccn(C)c1||COS(=O)(=O)[O-],CCCCCCCCCC[n+]1ccn(C)c1.COS(=O)(=O)[O-],LDVVBLGHGCHZBJ-UHFFFAOYSA-N||JZMJDSHXVKJFKW-UHFFFAOYSA-M,genuinely_unseen_identity,,
CCCCCCCCCC[n+]1ccn(C)c1||CCOS(=O)(=O)[O-],CCCCCCCCCC[n+]1ccn(C)c1.C(C)OS(=O)(=O)[O-],LDVVBLGHGCHZBJ-UHFFFAOYSA-N||KIWBPDUYBMNFTB-UHFFFAOYSA-M,genuinely_unseen_identity,,
CCCCCCCCCC[n+]1ccn(C)c1||CS(=O)(=O)[O-],CCCCCCCCCC[n+]1ccn(C)c1.CS(=O)(=O)[O-],LDVVBLGHGCHZBJ-UHFFFAOYSA-N||AFVFQIVMOAPDHO-UHFFFAOYSA-M,genuinely_unseen_identity,,
CCCCCCCCCC[n+]1ccn(C)c1||O=[N+]([O-])c1cn[n-]c1,CCCCCCCCCC[n+]1ccn(C)c1.O=[N+]([O-])c1cn[n-]c1,LDVVBLGHGCHZBJ-UHFFFAOYSA-N||IDGLPDIIVPZHRB-UHFFFAOYSA-N,genuinely_unseen_identity,,
CCCCCCCCCC[n+]1ccn(C)c1||N#C[C-](C#N)C#N,CCCCCCCCCC[n+]1ccn(C)c1.N#C[C-](C#N)C#N,LDVVBLGHGCHZBJ-UHFFFAOYSA-N||CXERBOODJDWFQL-UHFFFAOYSA-N,pseudo_unseen_known_identity,3-decyl-1-methylimidazolium tricyanomethanide,
CCCCCCCCCC[n+]1ccn(C)c1||CCCC(=O)[O-],CCCCCCCCCC[n+]1ccn(C)c1.CCCC(=O)[O-],LDVVBLGHGCHZBJ-UHFFFAOYSA-N||FERIUCNNQQJTOY-UHFFFAOYSA-M,genuinely_unseen_identity,,
CCCCCCCCCC[n+]1ccn(C)c1||C[C@H](N)C(=O)[O-],CCCCCCCCCC[n+]1ccn(C)c1.C[C@H](N)C(=O)[O-],LDVVBLGHGCHZBJ-UHFFFAOYSA-N||QNAYBMKLOCPYGJ-REOHCLBHSA-M,genuinely_unseen_identity,,
CCCCCCCCCC[n+]1ccn(C)c1||NCC(=O)[O-],CCCCCCCCCC[n+]1ccn(C)c1.NCC(=O)[O-],LDVVBLGHGCHZBJ-UHFFFAOYSA-N||DHMQDGOQFOQNFH-UHFFFAOYSA-M,genuinely_unseen_identity,,
CCCCCCCCCC[n+]1ccn(C)c1||CC(O)C(=O)[O-],CCCCCCCCCC[n+]1ccn(C)c1.CC(O)C(=O)[O-],LDVVBLGHGCHZBJ-UHFFFAOYSA-N||JVTAAEKCZFNVCJ-UHFFFAOYSA-M,genuinely_unseen_identity,,
CCCCCCCCCC[n+]1ccn(C)c1||CCC(=O)[O-],CCCCCCCCCC[n+]1ccn(C)c1.CCC(=O)[O-],LDVVBLGHGCHZBJ-UHFFFAOYSA-N||XBDQKXXYIPTUBI-UHFFFAOYSA-M,genuinely_unseen_identity,,
CCCCCCCCCC[n+]1ccn(C)c1||CCCCCC(=O)[O-],CCCCCCCCCC[n+]1ccn(C)c1.CCCCCC(=O)[O-],LDVVBLGHGCHZBJ-UHFFFAOYSA-N||FUZZWVXGSFPDMH-UHFFFAOYSA-M,genuinely_unseen_identity,,
CCCCCCCCCC[n+]1ccn(C)c1||CCCCCCCC(=O)[O-],CCCCCCCCCC[n+]1ccn(C)c1.CCCCCCCC(=O)[O-],LDVVBLGHGCHZBJ-UHFFFAOYSA-N||WWZKQHOCKIZLMA-UHFFFAOYSA-M,genuinely_unseen_identity,,
CCCCCCCCCC[n+]1ccn(C)c1||C[C@@H](O)[C@H](N)C(=O)[O-],CCCCCCCCCC[n+]1ccn(C)c1.C[C@@H](O)[C@H](N)C(=O)[O-],LDVVBLGHGCHZBJ-UHFFFAOYSA-N||AYFVYJQAPQTCCC-GBXIJSLDSA-M,genuinely_unseen_identity,,
CCCCCCn1cc[n+](C)c1||O=S(=O)([N-]S(=O)(=O)C(F)(F)F)C(F)(F)F,C(CCCCC)N1C=[N+](C=C1)C.FC(S(=O)(=O)[N-]S(=O)(=O)C(F)(F)F)(F)F,RVEJOWGVUQQIIZ-UHFFFAOYSA-N||NHHWJSXMTZIPES-UHFFFAOYSA-N,pseudo_unseen_known_identity,1-hexyl-3-methylimidazolium bis[(trifluoromethyl)sulfonyl]imide,
CCCCCCn1cc[n+](C)c1||F[B-](F)(F)F,C(CCCCC)N1C=[N+](C=C1)C.F[B-](F)(F)F,RVEJOWGVUQQIIZ-UHFFFAOYSA-N||ODGCEQLVLXJUCC-UHFFFAOYSA-N,pseudo_unseen_known_identity,1-hexyl-3-methylimidazolium tetrafluoroborate,
CCCCCCn1cc[n+](C)c1||[Br-],C(CCCCC)N1C=[N+](C=C1)C.[Br-],RVEJOWGVUQQIIZ-UHFFFAOYSA-N||CPELXLSAUQHCOX-UHFFFAOYSA-M,pseudo_unseen_known_identity,1-hexyl-3-methyl-1H-imidazolium bromide,
CCCCCCn1cc[n+](C)c1||O=S(=O)([O-])C(F)(F)F,C(CCCCC)N1C=[N+](C=C1)C.O=S(=O)([O-])C(F)(F)F,RVEJOWGVUQQIIZ-UHFFFAOYSA-N||ITMCEJHCFYSIIV-UHFFFAOYSA-M,pseudo_unseen_known_identity,1-hexyl-3-methylimidazolium trifluoromethanesulfonate,
CCCCCCn1cc[n+](C)c1||[Cl-],C(CCCCC)N1C=[N+](C=C1)C.[Cl-],RVEJOWGVUQQIIZ-UHFFFAOYSA-N||VEXZGXHMUGYJMC-UHFFFAOYSA-M,pseudo_unseen_known_identity,1-hexyl-3-methylimidazolium chloride,
CCCCCCn1cc[n+](C)c1||N#C[N-]C#N,C(CCCCC)N1C=[N+](C=C1)C.N#C[N-]C#N,RVEJOWGVUQQIIZ-UHFFFAOYSA-N||UKDLHLAPDXIAID-UHFFFAOYSA-N,pseudo_unseen_known_identity,1-hexyl-3-methylimidazolium dicyanamide,
CCCCCCn1cc[n+](C)c1||F[P-](F)(F)(F)(F)F,C(CCCCC)N1C=[N+](C=C1)C.F[P-](F)(F)(F)(F)F,RVEJOWGVUQQIIZ-UHFFFAOYSA-N||LJQLCJWAZJINEB-UHFFFAOYSA-N,pseudo_unseen_known_identity,1-hexyl-3-methylimidazolium hexafluorophosphate,
CCCCCCn1cc[n+](C)c1||N#C[S-],C(CCCCC)N1C=[N+](C=C1)C.N#C[S-],RVEJOWGVUQQIIZ-UHFFFAOYSA-N||ZMZDMBWJUHKJPS-UHFFFAOYSA-M,pseudo_unseen_known_identity,1-hexyl-3-methylimidazolium thiocyanate,
CCCCCCn1cc[n+](C)c1||O=C([O-])C(F)(F)F,C(CCCCC)N1C=[N+](C=C1)C.O=C([O-])C(F)(F)F,RVEJOWGVUQQIIZ-UHFFFAOYSA-N||DTQVDTLACAAQTR-UHFFFAOYSA-M,pseudo_unseen_known_identity,1-hexyl-3-methylimidazolium trifluoroacetate,
CCCCCCn1cc[n+](C)c1||O=S(=O)(F)[N-]S(=O)(=O)F,C(CCCCC)N1C=[N+](C=C1)C.O=S(=O)(F)[N-]S(=O)(=O)F,RVEJOWGVUQQIIZ-UHFFFAOYSA-N||NVIANCROYQGROD-UHFFFAOYSA-N,genuinely_unseen_identity,,
CCCCCCn1cc[n+](C)c1||O=C[O-],C(CCCCC)N1C=[N+](C=C1)C.O=C[O-],RVEJOWGVUQQIIZ-UHFFFAOYSA-N||BDAGIHXWWSANSR-UHFFFAOYSA-M,genuinely_unseen_identity,,
CCCCCCn1cc[n+](C)c1||O=[N+]([O-])[O-],C(CCCCC)N1C=[N+](C=C1)C.O=[N+]([O-])[O-],RVEJOWGVUQQIIZ-UHFFFAOYSA-N||NHNBFGGVMKEFGY-UHFFFAOYSA-N,pseudo_unseen_known_identity,1-hexyl-3-methylimidazolium nitrate,
CCCCCCn1cc[n+](C)c1||CS(=O)(=O)[O-],C(CCCCC)N1C=[N+](C=C1)C.CS(=O)(=O)[O-],RVEJOWGVUQQIIZ-UHFFFAOYSA-N||AFVFQIVMOAPDHO-UHFFFAOYSA-M,genuinely_unseen_identity,,
CCCCCCn1cc[n+](C)c1||O=[N+]([O-])c1cn[n-]c1,C(CCCCC)N1C=[N+](C=C1)C.O=[N+]([O-])c1cn[n-]c1,RVEJOWGVUQQIIZ-UHFFFAOYSA-N||IDGLPDIIVPZHRB-UHFFFAOYSA-N,pseudo_unseen_known_identity,1-hexyl-3-methylimidazolium 4-nitropyrazolide,
CCCCCCn1cc[n+](C)c1||CCCC(=O)[O-],C(CCCCC)N1C=[N+](C=C1)C.CCCC(=O)[O-],RVEJOWGVUQQIIZ-UHFFFAOYSA-N||FERIUCNNQQJTOY-UHFFFAOYSA-M,genuinely_unseen_identity,,
CCCCCCn1cc[n+](C)c1||C[C@H](N)C(=O)[O-],C(CCCCC)N1C=[N+](C=C1)C.C[C@H](N)C(=O)[O-],RVEJOWGVUQQIIZ-UHFFFAOYSA-N||QNAYBMKLOCPYGJ-REOHCLBHSA-M,genuinely_unseen_identity,,
CCCCCCn1cc[n+](C)c1||N#C[B-](C#N)(C#N)C#N,C(CCCCC)N1C=[N+](C=C1)C.N#C[B-](C#N)(C#N)C#N,RVEJOWGVUQQIIZ-UHFFFAOYSA-N||KDCFMDHINPOTEA-UHFFFAOYSA-N,pseudo_unseen_known_identity,1-hexyl-3-methylimidazolium tetracyanoborate,
CCCCCCn1cc[n+](C)c1||NCC(=O)[O-],C(CCCCC)N1C=[N+](C=C1)C.NCC(=O)[O-],RVEJOWGVUQQIIZ-UHFFFAOYSA-N||DHMQDGOQFOQNFH-UHFFFAOYSA-M,genuinely_unseen_identity,,
CCCCCCn1cc[n+](C)c1||O=S(=O)([N-]S(=O)(=O)C(F)(F)C(F)(F)F)C(F)(F)C(F)(F)F,C(CCCCC)N1C=[N+](C=C1)C.O=S(=O)([N-]S(=O)(=O)C(F)(F)C(F)(F)F)C(F)(F)C(F)(F)F,RVEJOWGVUQQIIZ-UHFFFAOYSA-N||SLSPYQCCSCAKIB-UHFFFAOYSA-N,pseudo_unseen_known_identity,1-hexyl-3-methylimidazolium bis(perfluoroethylsulfonyl)imide,
CCCCCCn1cc[n+](C)c1||CC(O)C(=O)[O-],C(CCCCC)N1C=[N+](C=C1)C.CC(O)C(=O)[O-],RVEJOWGVUQQIIZ-UHFFFAOYSA-N||JVTAAEKCZFNVCJ-UHFFFAOYSA-M,pseudo_unseen_known_identity,1-hexyl-3-methylimidazolium lactate,
CCCCCCn1cc[n+](C)c1||CCC(=O)[O-],C(CCCCC)N1C=[N+](C=C1)C.CCC(=O)[O-],RVEJOWGVUQQIIZ-UHFFFAOYSA-N||XBDQKXXYIPTUBI-UHFFFAOYSA-M,pseudo_unseen_known_identity,1-hexyl-3-methylimidazolium propanoate,
CCCCCCn1cc[n+](C)c1||CCCCCC(=O)[O-],C(CCCCC)N1C=[N+](C=C1)C.CCCCCC(=O)[O-],RVEJOWGVUQQIIZ-UHFFFAOYSA-N||FUZZWVXGSFPDMH-UHFFFAOYSA-M,genuinely_unseen_identity,,
CCCCCCn1cc[n+](C)c1||CCCCCCCC(=O)[O-],C(CCCCC)N1C=[N+](C=C1)C.CCCCCCCC(=O)[O-],RVEJOWGVUQQIIZ-UHFFFAOYSA-N||WWZKQHOCKIZLMA-UHFFFAOYSA-M,genuinely_unseen_identity,,
CCCCCCn1cc[n+](C)c1||C[C@@H](O)[C@H](N)C(=O)[O-],C(CCCCC)N1C=[N+](C=C1)C.C[C@@H](O)[C@H](N)C(=O)[O-],RVEJOWGVUQQIIZ-UHFFFAOYSA-N||AYFVYJQAPQTCCC-GBXIJSLDSA-M,pseudo_unseen_known_identity,1-hexyl-3-methylimidazolium DL-threoninate,
Cn1cc[n+](C)c1||[Br-],CN1C=[N+](C=C1)C.[Br-],HVVRUQBMAZRKPJ-UHFFFAOYSA-N||CPELXLSAUQHCOX-UHFFFAOYSA-M,genuinely_unseen_identity,,
Cn1cc[n+](C)c1||O=S(=O)([O-])C(F)(F)F,CN1C=[N+](C=C1)C.O=S(=O)([O-])C(F)(F)F,HVVRUQBMAZRKPJ-UHFFFAOYSA-N||ITMCEJHCFYSIIV-UHFFFAOYSA-M,genuinely_unseen_identity,,
Cn1cc[n+](C)c1||[Cl-],CN1C=[N+](C=C1)C.[Cl-],HVVRUQBMAZRKPJ-UHFFFAOYSA-N||VEXZGXHMUGYJMC-UHFFFAOYSA-M,genuinely_unseen_identity,,
Cn1cc[n+](C)c1||F[P-](F)(F)(F)(F)F,CN1C=[N+](C=C1)C.F[P-](F)(F)(F)(F)F,HVVRUQBMAZRKPJ-UHFFFAOYSA-N||LJQLCJWAZJINEB-UHFFFAOYSA-N,genuinely_unseen_identity,,
Cn1cc[n+](C)c1||O=C([O-])C(F)(F)F,CN1C=[N+](C=C1)C.O=C([O-])C(F)(F)F,HVVRUQBMAZRKPJ-UHFFFAOYSA-N||DTQVDTLACAAQTR-UHFFFAOYSA-M,genuinely_unseen_identity,,
Cn1cc[n+](C)c1||O=S(=O)(F)[N-]S(=O)(=O)F,CN1C=[N+](C=C1)C.O=S(=O)(F)[N-]S(=O)(=O)F,HVVRUQBMAZRKPJ-UHFFFAOYSA-N||NVIANCROYQGROD-UHFFFAOYSA-N,genuinely_unseen_identity,,
Cn1cc[n+](C)c1||O=S(=O)([O-])O,CN1C=[N+](C=C1)C.O=S(=O)([O-])O,HVVRUQBMAZRKPJ-UHFFFAOYSA-N||QAOWNCQODCNURD-UHFFFAOYSA-M,genuinely_unseen_identity,,
Cn1cc[n+](C)c1||FC(F)(F)C(F)(F)[P-](F)(F)(F)(C(F)(F)C(F)(F)F)C(F)(F)C(F)(F)F,CN1C=[N+](C=C1)C.FC(F)(F)C(F)(F)[P-](F)(F)(F)(C(F)(F)C(F)(F)F)C(F)(F)C(F)(F)F,HVVRUQBMAZRKPJ-UHFFFAOYSA-N||OXDZSRZJFHVGGS-UHFFFAOYSA-N,genuinely_unseen_identity,,
Cn1cc[n+](C)c1||O=C[O-],CN1C=[N+](C=C1)C.O=C[O-],HVVRUQBMAZRKPJ-UHFFFAOYSA-N||BDAGIHXWWSANSR-UHFFFAOYSA-M,genuinely_unseen_identity,,
Cn1cc[n+](C)c1||O=[N+]([O-])[O-],CN1C=[N+](C=C1)C.O=[N+]([O-])[O-],HVVRUQBMAZRKPJ-UHFFFAOYSA-N||NHNBFGGVMKEFGY-UHFFFAOYSA-N,genuinely_unseen_identity,,
Cn1cc[n+](C)c1||CCOS(=O)(=O)[O-],CN1C=[N+](C=C1)C.C(C)OS(=O)(=O)[O-],HVVRUQBMAZRKPJ-UHFFFAOYSA-N||KIWBPDUYBMNFTB-UHFFFAOYSA-M,genuinely_unseen_identity,,
Cn1cc[n+](C)c1||O=[N+]([O-])c1cn[n-]c1,CN1C=[N+](C=C1)C.O=[N+]([O-])c1cn[n-]c1,HVVRUQBMAZRKPJ-UHFFFAOYSA-N||IDGLPDIIVPZHRB-UHFFFAOYSA-N,genuinely_unseen_identity,,
Cn1cc[n+](C)c1||N#C[C-](C#N)C#N,CN1C=[N+](C=C1)C.N#C[C-](C#N)C#N,HVVRUQBMAZRKPJ-UHFFFAOYSA-N||CXERBOODJDWFQL-UHFFFAOYSA-N,genuinely_unseen_identity,,
Cn1cc[n+](C)c1||CCCC(=O)[O-],CN1C=[N+](C=C1)C.CCCC(=O)[O-],HVVRUQBMAZRKPJ-UHFFFAOYSA-N||FERIUCNNQQJTOY-UHFFFAOYSA-M,genuinely_unseen_identity,,
Cn1cc[n+](C)c1||C[C@H](N)C(=O)[O-],CN1C=[N+](C=C1)C.C[C@H](N)C(=O)[O-],HVVRUQBMAZRKPJ-UHFFFAOYSA-N||QNAYBMKLOCPYGJ-REOHCLBHSA-M,genuinely_unseen_identity,,
Cn1cc[n+](C)c1||NCC(=O)[O-],CN1C=[N+](C=C1)C.NCC(=O)[O-],HVVRUQBMAZRKPJ-UHFFFAOYSA-N||DHMQDGOQFOQNFH-UHFFFAOYSA-M,genuinely_unseen_identity,,
Cn1cc[n+](C)c1||O=S(=O)([N-]S(=O)(=O)C(F)(F)C(F)(F)F)C(F)(F)C(F)(F)F,CN1C=[N+](C=C1)C.O=S(=O)([N-]S(=O)(=O)C(F)(F)C(F)(F)F)C(F)(F)C(F)(F)F,HVVRUQBMAZRKPJ-UHFFFAOYSA-N||SLSPYQCCSCAKIB-UHFFFAOYSA-N,genuinely_unseen_identity,,
Cn1cc[n+](C)c1||CC(O)C(=O)[O-],CN1C=[N+](C=C1)C.CC(O)C(=O)[O-],HVVRUQBMAZRKPJ-UHFFFAOYSA-N||JVTAAEKCZFNVCJ-UHFFFAOYSA-M,genuinely_unseen_identity,,
Cn1cc[n+](C)c1||CCC(=O)[O-],CN1C=[N+](C=C1)C.CCC(=O)[O-],HVVRUQBMAZRKPJ-UHFFFAOYSA-N||XBDQKXXYIPTUBI-UHFFFAOYSA-M,genuinely_unseen_identity,,
Cn1cc[n+](C)c1||CCCCCC(=O)[O-],CN1C=[N+](C=C1)C.CCCCCC(=O)[O-],HVVRUQBMAZRKPJ-UHFFFAOYSA-N||FUZZWVXGSFPDMH-UHFFFAOYSA-M,genuinely_unseen_identity,,
Cn1cc[n+](C)c1||CCCCCCCC(=O)[O-],CN1C=[N+](C=C1)C.CCCCCCCC(=O)[O-],HVVRUQBMAZRKPJ-UHFFFAOYSA-N||WWZKQHOCKIZLMA-UHFFFAOYSA-M,genuinely_unseen_identity,,
Cn1cc[n+](C)c1||C[C@@H](O)[C@H](N)C(=O)[O-],CN1C=[N+](C=C1)C.C[C@@H](O)[C@H](N)C(=O)[O-],HVVRUQBMAZRKPJ-UHFFFAOYSA-N||AYFVYJQAPQTCCC-GBXIJSLDSA-M,genuinely_unseen_identity,,
CCCCCCCC[n+]1ccn(C)c1||O=S(=O)([N-]S(=O)(=O)C(F)(F)F)C(F)(F)F,CCCCCCCC[n+]1ccn(C)c1.FC(S(=O)(=O)[N-]S(=O)(=O)C(F)(F)F)(F)F,WXMVWUBWIHZLMQ-UHFFFAOYSA-N||NHHWJSXMTZIPES-UHFFFAOYSA-N,pseudo_unseen_known_identity,1-methyl-3-octylimidazolium bis(trifluoromethylsulfonyl)imide,
CCCCCCCC[n+]1ccn(C)c1||F[B-](F)(F)F,CCCCCCCC[n+]1ccn(C)c1.F[B-](F)(F)F,WXMVWUBWIHZLMQ-UHFFFAOYSA-N||ODGCEQLVLXJUCC-UHFFFAOYSA-N,pseudo_unseen_known_identity,1-methyl-3-octylimidazolium tetrafluoroborate,
CCCCCCCC[n+]1ccn(C)c1||[Br-],CCCCCCCC[n+]1ccn(C)c1.[Br-],WXMVWUBWIHZLMQ-UHFFFAOYSA-N||CPELXLSAUQHCOX-UHFFFAOYSA-M,pseudo_unseen_known_identity,1-methyl-3-octylimidazolium bromide,
CCCCCCCC[n+]1ccn(C)c1||[Cl-],CCCCCCCC[n+]1ccn(C)c1.[Cl-],WXMVWUBWIHZLMQ-UHFFFAOYSA-N||VEXZGXHMUGYJMC-UHFFFAOYSA-M,pseudo_unseen_known_identity,1-methyl-3-octylimidazolium chloride,
CCCCCCCC[n+]1ccn(C)c1||CC(=O)[O-],CCCCCCCC[n+]1ccn(C)c1.CC(=O)[O-],WXMVWUBWIHZLMQ-UHFFFAOYSA-N||QTBSBXVTEAMEQO-UHFFFAOYSA-M,genuinely_unseen_identity,,
CCCCCCCC[n+]1ccn(C)c1||N#C[S-],CCCCCCCC[n+]1ccn(C)c1.N#C[S-],WXMVWUBWIHZLMQ-UHFFFAOYSA-N||ZMZDMBWJUHKJPS-UHFFFAOYSA-M,pseudo_unseen_known_identity,1-methyl-3-octyl-1H-imidazolium thiocyanate,
CCCCCCCC[n+]1ccn(C)c1||O=C([O-])C(F)(F)F,CCCCCCCC[n+]1ccn(C)c1.O=C([O-])C(F)(F)F,WXMVWUBWIHZLMQ-UHFFFAOYSA-N||DTQVDTLACAAQTR-UHFFFAOYSA-M,genuinely_unseen_identity,,
CCCCCCCC[n+]1ccn(C)c1||O=S(=O)(F)[N-]S(=O)(=O)F,CCCCCCCC[n+]1ccn(C)c1.O=S(=O)(F)[N-]S(=O)(=O)F,WXMVWUBWIHZLMQ-UHFFFAOYSA-N||NVIANCROYQGROD-UHFFFAOYSA-N,genuinely_unseen_identity,,
CCCCCCCC[n+]1ccn(C)c1||O=S(=O)([O-])O,CCCCCCCC[n+]1ccn(C)c1.O=S(=O)([O-])O,WXMVWUBWIHZLMQ-UHFFFAOYSA-N||QAOWNCQODCNURD-UHFFFAOYSA-M,pseudo_unseen_known_identity,1-octyl-3-methylimidazolium hydrogensulfate,
CCCCCCCC[n+]1ccn(C)c1||FC(F)(F)C(F)(F)[P-](F)(F)(F)(C(F)(F)C(F)(F)F)C(F)(F)C(F)(F)F,CCCCCCCC[n+]1ccn(C)c1.FC(F)(F)C(F)(F)[P-](F)(F)(F)(C(F)(F)C(F)(F)F)C(F)(F)C(F)(F)F,WXMVWUBWIHZLMQ-UHFFFAOYSA-N||OXDZSRZJFHVGGS-UHFFFAOYSA-N,pseudo_unseen_known_identity,1-methyl-3-octylimidazolium tris(pentafluoroethyl)trifluorophosphate,
CCCCCCCC[n+]1ccn(C)c1||O=C[O-],CCCCCCCC[n+]1ccn(C)c1.O=C[O-],WXMVWUBWIHZLMQ-UHFFFAOYSA-N||BDAGIHXWWSANSR-UHFFFAOYSA-M,genuinely_unseen_identity,,
CCCCCCCC[n+]1ccn(C)c1||O=[N+]([O-])[O-],CCCCCCCC[n+]1ccn(C)c1.O=[N+]([O-])[O-],WXMVWUBWIHZLMQ-UHFFFAOYSA-N||NHNBFGGVMKEFGY-UHFFFAOYSA-N,pseudo_unseen_known_identity,1-methyl-3-octylimidazolium nitrate,
CCCCCCCC[n+]1ccn(C)c1||CS(=O)(=O)[O-],CCCCCCCC[n+]1ccn(C)c1.CS(=O)(=O)[O-],WXMVWUBWIHZLMQ-UHFFFAOYSA-N||AFVFQIVMOAPDHO-UHFFFAOYSA-M,genuinely_unseen_identity,,
CCCCCCCC[n+]1ccn(C)c1||O=[N+]([O-])c1cn[n-]c1,CCCCCCCC[n+]1ccn(C)c1.O=[N+]([O-])c1cn[n-]c1,WXMVWUBWIHZLMQ-UHFFFAOYSA-N||IDGLPDIIVPZHRB-UHFFFAOYSA-N,genuinely_unseen_identity,,
CCCCCCCC[n+]1ccn(C)c1||N#C[C-](C#N)C#N,CCCCCCCC[n+]1ccn(C)c1.N#C[C-](C#N)C#N,WXMVWUBWIHZLMQ-UHFFFAOYSA-N||CXERBOODJDWFQL-UHFFFAOYSA-N,pseudo_unseen_known_identity,1-methyl-3-octylimidazolium tricyanomethanide,
CCCCCCCC[n+]1ccn(C)c1||CCCC(=O)[O-],CCCCCCCC[n+]1ccn(C)c1.CCCC(=O)[O-],WXMVWUBWIHZLMQ-UHFFFAOYSA-N||FERIUCNNQQJTOY-UHFFFAOYSA-M,genuinely_unseen_identity,,
CCCCCCCC[n+]1ccn(C)c1||C[C@H](N)C(=O)[O-],CCCCCCCC[n+]1ccn(C)c1.C[C@H](N)C(=O)[O-],WXMVWUBWIHZLMQ-UHFFFAOYSA-N||QNAYBMKLOCPYGJ-REOHCLBHSA-M,pseudo_unseen_known_identity,1-methyl-3-octylimidazolium L-alaninate,
CCCCCCCC[n+]1ccn(C)c1||N#C[B-](C#N)(C#N)C#N,CCCCCCCC[n+]1ccn(C)c1.N#C[B-](C#N)(C#N)C#N,WXMVWUBWIHZLMQ-UHFFFAOYSA-N||KDCFMDHINPOTEA-UHFFFAOYSA-N,pseudo_unseen_known_identity,1-methyl-3-octylimidazolium tetracyanoborate,
CCCCCCCC[n+]1ccn(C)c1||NCC(=O)[O-],CCCCCCCC[n+]1ccn(C)c1.NCC(=O)[O-],WXMVWUBWIHZLMQ-UHFFFAOYSA-N||DHMQDGOQFOQNFH-UHFFFAOYSA-M,pseudo_unseen_known_identity,1-methyl-3-octylimidazolium glycinate,
CCCCCCCC[n+]1ccn(C)c1||CC(O)C(=O)[O-],CCCCCCCC[n+]1ccn(C)c1.CC(O)C(=O)[O-],WXMVWUBWIHZLMQ-UHFFFAOYSA-N||JVTAAEKCZFNVCJ-UHFFFAOYSA-M,genuinely_unseen_identity,,
CCCCCCCC[n+]1ccn(C)c1||CCC(=O)[O-],CCCCCCCC[n+]1ccn(C)c1.CCC(=O)[O-],WXMVWUBWIHZLMQ-UHFFFAOYSA-N||XBDQKXXYIPTUBI-UHFFFAOYSA-M,genuinely_unseen_identity,,
CCCCCCCC[n+]1ccn(C)c1||CCCCCC(=O)[O-],CCCCCCCC[n+]1ccn(C)c1.CCCCCC(=O)[O-],WXMVWUBWIHZLMQ-UHFFFAOYSA-N||FUZZWVXGSFPDMH-UHFFFAOYSA-M,genuinely_unseen_identity,,
CCCCCCCC[n+]1ccn(C)c1||CCCCCCCC(=O)[O-],CCCCCCCC[n+]1ccn(C)c1.CCCCCCCC(=O)[O-],WXMVWUBWIHZLMQ-UHFFFAOYSA-N||WWZKQHOCKIZLMA-UHFFFAOYSA-M,genuinely_unseen_identity,,
CCCCCCCC[n+]1ccn(C)c1||C[C@@H](O)[C@H](N)C(=O)[O-],CCCCCCCC[n+]1ccn(C)c1.C[C@@H](O)[C@H](N)C(=O)[O-],WXMVWUBWIHZLMQ-UHFFFAOYSA-N||AYFVYJQAPQTCCC-GBXIJSLDSA-M,genuinely_unseen_identity,,
CCCCCn1cc[n+](C)c1||[Br-],CCCCCn1cc[n+](C)c1.[Br-],LSFWFJFDPRFPBK-UHFFFAOYSA-N||CPELXLSAUQHCOX-UHFFFAOYSA-M,pseudo_unseen_known_identity,1-pentyl-3-methylimidazolium bromide,
CCCCCn1cc[n+](C)c1||O=S(=O)([O-])C(F)(F)F,CCCCCn1cc[n+](C)c1.O=S(=O)([O-])C(F)(F)F,LSFWFJFDPRFPBK-UHFFFAOYSA-N||ITMCEJHCFYSIIV-UHFFFAOYSA-M,pseudo_unseen_known_identity,1-pentyl-3-methylimidazolium trifluoromethanesulfonate,
CCCCCn1cc[n+](C)c1||[Cl-],CCCCCn1cc[n+](C)c1.[Cl-],LSFWFJFDPRFPBK-UHFFFAOYSA-N||VEXZGXHMUGYJMC-UHFFFAOYSA-M,genuinely_unseen_identity,,
CCCCCn1cc[n+](C)c1||N#C[N-]C#N,CCCCCn1cc[n+](C)c1.N#C[N-]C#N,LSFWFJFDPRFPBK-UHFFFAOYSA-N||UKDLHLAPDXIAID-UHFFFAOYSA-N,pseudo_unseen_known_identity,3-methyl-1-pentylimidazolium dicyanamide,
CCCCCn1cc[n+](C)c1||N#C[S-],CCCCCn1cc[n+](C)c1.N#C[S-],LSFWFJFDPRFPBK-UHFFFAOYSA-N||ZMZDMBWJUHKJPS-UHFFFAOYSA-M,pseudo_unseen_known_identity,1-pentyl-3-methylimidazolium thiocyanate,
CCCCCn1cc[n+](C)c1||O=C([O-])C(F)(F)F,CCCCCn1cc[n+](C)c1.O=C([O-])C(F)(F)F,LSFWFJFDPRFPBK-UHFFFAOYSA-N||DTQVDTLACAAQTR-UHFFFAOYSA-M,genuinely_unseen_identity,,
CCCCCn1cc[n+](C)c1||O=S(=O)(F)[N-]S(=O)(=O)F,CCCCCn1cc[n+](C)c1.O=S(=O)(F)[N-]S(=O)(=O)F,LSFWFJFDPRFPBK-UHFFFAOYSA-N||NVIANCROYQGROD-UHFFFAOYSA-N,genuinely_unseen_identity,,
CCCCCn1cc[n+](C)c1||O=S(=O)([O-])O,CCCCCn1cc[n+](C)c1.O=S(=O)([O-])O,LSFWFJFDPRFPBK-UHFFFAOYSA-N||QAOWNCQODCNURD-UHFFFAOYSA-M,genuinely_unseen_identity,,
CCCCCn1cc[n+](C)c1||O=C[O-],CCCCCn1cc[n+](C)c1.O=C[O-],LSFWFJFDPRFPBK-UHFFFAOYSA-N||BDAGIHXWWSANSR-UHFFFAOYSA-M,genuinely_unseen_identity,,
CCCCCn1cc[n+](C)c1||COS(=O)(=O)[O-],CCCCCn1cc[n+](C)c1.COS(=O)(=O)[O-],LSFWFJFDPRFPBK-UHFFFAOYSA-N||JZMJDSHXVKJFKW-UHFFFAOYSA-M,genuinely_unseen_identity,,
CCCCCn1cc[n+](C)c1||CCOS(=O)(=O)[O-],CCCCCn1cc[n+](C)c1.C(C)OS(=O)(=O)[O-],LSFWFJFDPRFPBK-UHFFFAOYSA-N||KIWBPDUYBMNFTB-UHFFFAOYSA-M,genuinely_unseen_identity,,
CCCCCn1cc[n+](C)c1||CS(=O)(=O)[O-],CCCCCn1cc[n+](C)c1.CS(=O)(=O)[O-],LSFWFJFDPRFPBK-UHFFFAOYSA-N||AFVFQIVMOAPDHO-UHFFFAOYSA-M,genuinely_unseen_identity,,
CCCCCn1cc[n+](C)c1||O=[N+]([O-])c1cn[n-]c1,CCCCCn1cc[n+](C)c1.O=[N+]([O-])c1cn[n-]c1,LSFWFJFDPRFPBK-UHFFFAOYSA-N||IDGLPDIIVPZHRB-UHFFFAOYSA-N,genuinely_unseen_identity,,
CCCCCn1cc[n+](C)c1||N#C[C-](C#N)C#N,CCCCCn1cc[n+](C)c1.N#C[C-](C#N)C#N,LSFWFJFDPRFPBK-UHFFFAOYSA-N||CXERBOODJDWFQL-UHFFFAOYSA-N,genuinely_unseen_identity,,
CCCCCn1cc[n+](C)c1||CCCC(=O)[O-],CCCCCn1cc[n+](C)c1.CCCC(=O)[O-],LSFWFJFDPRFPBK-UHFFFAOYSA-N||FERIUCNNQQJTOY-UHFFFAOYSA-M,genuinely_unseen_identity,,
CCCCCn1cc[n+](C)c1||C[C@H](N)C(=O)[O-],CCCCCn1cc[n+](C)c1.C[C@H](N)C(=O)[O-],LSFWFJFDPRFPBK-UHFFFAOYSA-N||QNAYBMKLOCPYGJ-REOHCLBHSA-M,genuinely_unseen_identity,,
CCCCCn1cc[n+](C)c1||N#C[B-](C#N)(C#N)C#N,CCCCCn1cc[n+](C)c1.N#C[B-](C#N)(C#N)C#N,LSFWFJFDPRFPBK-UHFFFAOYSA-N||KDCFMDHINPOTEA-UHFFFAOYSA-N,genuinely_unseen_identity,,
CCCCCn1cc[n+](C)c1||NCC(=O)[O-],CCCCCn1cc[n+](C)c1.NCC(=O)[O-],LSFWFJFDPRFPBK-UHFFFAOYSA-N||DHMQDGOQFOQNFH-UHFFFAOYSA-M,genuinely_unseen_identity,,
CCCCCn1cc[n+](C)c1||CC(O)C(=O)[O-],CCCCCn1cc[n+](C)c1.CC(O)C(=O)[O-],LSFWFJFDPRFPBK-UHFFFAOYSA-N||JVTAAEKCZFNVCJ-UHFFFAOYSA-M,pseudo_unseen_known_identity,1-pentyl-3-methylimidazolium lactate,
CCCCCn1cc[n+](C)c1||CCCCCC(=O)[O-],CCCCCn1cc[n+](C)c1.CCCCCC(=O)[O-],LSFWFJFDPRFPBK-UHFFFAOYSA-N||FUZZWVXGSFPDMH-UHFFFAOYSA-M,genuinely_unseen_identity,,
CCCCCn1cc[n+](C)c1||CCCCCCCC(=O)[O-],CCCCCn1cc[n+](C)c1.CCCCCCCC(=O)[O-],LSFWFJFDPRFPBK-UHFFFAOYSA-N||WWZKQHOCKIZLMA-UHFFFAOYSA-M,genuinely_unseen_identity,,
CCCCCn1cc[n+](C)c1||C[C@@H](O)[C@H](N)C(=O)[O-],CCCCCn1cc[n+](C)c1.C[C@@H](O)[C@H](N)C(=O)[O-],LSFWFJFDPRFPBK-UHFFFAOYSA-N||AYFVYJQAPQTCCC-GBXIJSLDSA-M,pseudo_unseen_known_identity,1-pentyl-3-methylimidazolium DL-threoninate,
CCCC[N+](C)(CCCC)CCCC||F[B-](F)(F)F,C(CCC)[N+](C)(CCCC)CCCC.F[B-](F)(F)F,HJHUXWBTVVFLQI-UHFFFAOYSA-N||ODGCEQLVLXJUCC-UHFFFAOYSA-N,genuinely_unseen_identity,,
CCCC[N+](C)(CCCC)CCCC||[Br-],C(CCC)[N+](C)(CCCC)CCCC.[Br-],HJHUXWBTVVFLQI-UHFFFAOYSA-N||CPELXLSAUQHCOX-UHFFFAOYSA-M,genuinely_unseen_identity,,
CCCC[N+](C)(CCCC)CCCC||[Cl-],C(CCC)[N+](C)(CCCC)CCCC.[Cl-],HJHUXWBTVVFLQI-UHFFFAOYSA-N||VEXZGXHMUGYJMC-UHFFFAOYSA-M,genuinely_unseen_identity,,
CCCC[N+](C)(CCCC)CCCC||CC(=O)[O-],C(CCC)[N+](C)(CCCC)CCCC.CC(=O)[O-],HJHUXWBTVVFLQI-UHFFFAOYSA-N||QTBSBXVTEAMEQO-UHFFFAOYSA-M,genuinely_unseen_identity,,
CCCC[N+](C)(CCCC)CCCC||F[P-](F)(F)(F)(F)F,C(CCC)[N+](C)(CCCC)CCCC.F[P-](F)(F)(F)(F)F,HJHUXWBTVVFLQI-UHFFFAOYSA-N||LJQLCJWAZJINEB-UHFFFAOYSA-N,genuinely_unseen_identity,,
CCCC[N+](C)(CCCC)CCCC||N#C[S-],C(CCC)[N+](C)(CCCC)CCCC.N#C[S-],HJHUXWBTVVFLQI-UHFFFAOYSA-N||ZMZDMBWJUHKJPS-UHFFFAOYSA-M,genuinely_unseen_identity,,
CCCC[N+](C)(CCCC)CCCC||O=C([O-])C(F)(F)F,C(CCC)[N+](C)(CCCC)CCCC.O=C([O-])C(F)(F)F,HJHUXWBTVVFLQI-UHFFFAOYSA-N||DTQVDTLACAAQTR-UHFFFAOYSA-M,genuinely_unseen_identity,,
CCCC[N+](C)(CCCC)CCCC||O=S(=O)(F)[N-]S(=O)(=O)F,C(CCC)[N+](C)(CCCC)CCCC.O=S(=O)(F)[N-]S(=O)(=O)F,HJHUXWBTVVFLQI-UHFFFAOYSA-N||NVIANCROYQGROD-UHFFFAOYSA-N,genuinely_unseen_identity,,
CCCC[N+](C)(CCCC)CCCC||FC(F)(F)C(F)(F)[P-](F)(F)(F)(C(F)(F)C(F)(F)F)C(F)(F)C(F)(F)F,C(CCC)[N+](C)(CCCC)CCCC.FC(F)(F)C(F)(F)[P-](F)(F)(F)(C(F)(F)C(F)(F)F)C(F)(F)C(F)(F)F,HJHUXWBTVVFLQI-UHFFFAOYSA-N||OXDZSRZJFHVGGS-UHFFFAOYSA-N,genuinely_unseen_identity,,
CCCC[N+](C)(CCCC)CCCC||O=C[O-],C(CCC)[N+](C)(CCCC)CCCC.O=C[O-],HJHUXWBTVVFLQI-UHFFFAOYSA-N||BDAGIHXWWSANSR-UHFFFAOYSA-M,genuinely_unseen_identity,,
CCCC[N+](C)(CCCC)CCCC||O=[N+]([O-])[O-],C(CCC)[N+](C)(CCCC)CCCC.O=[N+]([O-])[O-],HJHUXWBTVVFLQI-UHFFFAOYSA-N||NHNBFGGVMKEFGY-UHFFFAOYSA-N,genuinely_unseen_identity,,
CCCC[N+](C)(CCCC)CCCC||COS(=O)(=O)[O-],C(CCC)[N+](C)(CCCC)CCCC.COS(=O)(=O)[O-],HJHUXWBTVVFLQI-UHFFFAOYSA-N||JZMJDSHXVKJFKW-UHFFFAOYSA-M,genuinely_unseen_identity,,
CCCC[N+](C)(CCCC)CCCC||CCOS(=O)(=O)[O-],C(CCC)[N+](C)(CCCC)CCCC.C(C)OS(=O)(=O)[O-],HJHUXWBTVVFLQI-UHFFFAOYSA-N||KIWBPDUYBMNFTB-UHFFFAOYSA-M,genuinely_unseen_identity,,
CCCC[N+](C)(CCCC)CCCC||O=[N+]([O-])c1cn[n-]c1,C(CCC)[N+](C)(CCCC)CCCC.O=[N+]([O-])c1cn[n-]c1,HJHUXWBTVVFLQI-UHFFFAOYSA-N||IDGLPDIIVPZHRB-UHFFFAOYSA-N,genuinely_unseen_identity,,
CCCC[N+](C)(CCCC)CCCC||N#C[C-](C#N)C#N,C(CCC)[N+](C)(CCCC)CCCC.N#C[C-](C#N)C#N,HJHUXWBTVVFLQI-UHFFFAOYSA-N||CXERBOODJDWFQL-UHFFFAOYSA-N,genuinely_unseen_identity,,
CCCC[N+](C)(CCCC)CCCC||CCCC(=O)[O-],C(CCC)[N+](C)(CCCC)CCCC.CCCC(=O)[O-],HJHUXWBTVVFLQI-UHFFFAOYSA-N||FERIUCNNQQJTOY-UHFFFAOYSA-M,genuinely_unseen_identity,,
CCCC[N+](C)(CCCC)CCCC||C[C@H](N)C(=O)[O-],C(CCC)[N+](C)(CCCC)CCCC.C[C@H](N)C(=O)[O-],HJHUXWBTVVFLQI-UHFFFAOYSA-N||QNAYBMKLOCPYGJ-REOHCLBHSA-M,genuinely_unseen_identity,,
CCCC[N+](C)(CCCC)CCCC||N#C[B-](C#N)(C#N)C#N,C(CCC)[N+](C)(CCCC)CCCC.N#C[B-](C#N)(C#N)C#N,HJHUXWBTVVFLQI-UHFFFAOYSA-N||KDCFMDHINPOTEA-UHFFFAOYSA-N,genuinely_unseen_identity,,
CCCC[N+](C)(CCCC)CCCC||NCC(=O)[O-],C(CCC)[N+](C)(CCCC)CCCC.NCC(=O)[O-],HJHUXWBTVVFLQI-UHFFFAOYSA-N||DHMQDGOQFOQNFH-UHFFFAOYSA-M,genuinely_unseen_identity,,
CCCC[N+](C)(CCCC)CCCC||O=S(=O)([N-]S(=O)(=O)C(F)(F)C(F)(F)F)C(F)(F)C(F)(F)F,C(CCC)[N+](C)(CCCC)CCCC.O=S(=O)([N-]S(=O)(=O)C(F)(F)C(F)(F)F)C(F)(F)C(F)(F)F,HJHUXWBTVVFLQI-UHFFFAOYSA-N||SLSPYQCCSCAKIB-UHFFFAOYSA-N,genuinely_unseen_identity,,
CCCC[N+](C)(CCCC)CCCC||CC(O)C(=O)[O-],C(CCC)[N+](C)(CCCC)CCCC.CC(O)C(=O)[O-],HJHUXWBTVVFLQI-UHFFFAOYSA-N||JVTAAEKCZFNVCJ-UHFFFAOYSA-M,genuinely_unseen_identity,,
CCCC[N+](C)(CCCC)CCCC||CCC(=O)[O-],C(CCC)[N+](C)(CCCC)CCCC.CCC(=O)[O-],HJHUXWBTVVFLQI-UHFFFAOYSA-N||XBDQKXXYIPTUBI-UHFFFAOYSA-M,genuinely_unseen_identity,,
CCCC[N+](C)(CCCC)CCCC||CCCCCC(=O)[O-],C(CCC)[N+](C)(CCCC)CCCC.CCCCCC(=O)[O-],HJHUXWBTVVFLQI-UHFFFAOYSA-N||FUZZWVXGSFPDMH-UHFFFAOYSA-M,genuinely_unseen_identity,,
CCCC[N+](C)(CCCC)CCCC||CCCCCCCC(=O)[O-],C(CCC)[N+](C)(CCCC)CCCC.CCCCCCCC(=O)[O-],HJHUXWBTVVFLQI-UHFFFAOYSA-N||WWZKQHOCKIZLMA-UHFFFAOYSA-M,genuinely_unseen_identity,,
CCCC[N+](CCCC)(CCCC)CCCC||O=S(=O)([N-]S(=O)(=O)C(F)(F)F)C(F)(F)F,C(CCC)[N+](CCCC)(CCCC)CCCC.FC(S(=O)(=O)[N-]S(=O)(=O)C(F)(F)F)(F)F,DZLFLBLQUQXARW-UHFFFAOYSA-N||NHHWJSXMTZIPES-UHFFFAOYSA-N,genuinely_unseen_identity,,
CCCC[N+](CCCC)(CCCC)CCCC||F[B-](F)(F)F,C(CCC)[N+](CCCC)(CCCC)CCCC.F[B-](F)(F)F,DZLFLBLQUQXARW-UHFFFAOYSA-N||ODGCEQLVLXJUCC-UHFFFAOYSA-N,genuinely_unseen_identity,,
CCCC[N+](CCCC)(CCCC)CCCC||[Br-],C(CCC)[N+](CCCC)(CCCC)CCCC.[Br-],DZLFLBLQUQXARW-UHFFFAOYSA-N||CPELXLSAUQHCOX-UHFFFAOYSA-M,genuinely_unseen_identity,,
CCCC[N+](CCCC)(CCCC)CCCC||O=S(=O)([O-])C(F)(F)F,C(CCC)[N+](CCCC)(CCCC)CCCC.O=S(=O)([O-])C(F)(F)F,DZLFLBLQUQXARW-UHFFFAOYSA-N||ITMCEJHCFYSIIV-UHFFFAOYSA-M,genuinely_unseen_identity,,
CCCC[N+](CCCC)(CCCC)CCCC||[Cl-],C(CCC)[N+](CCCC)(CCCC)CCCC.[Cl-],DZLFLBLQUQXARW-UHFFFAOYSA-N||VEXZGXHMUGYJMC-UHFFFAOYSA-M,genuinely_unseen_identity,,
CCCC[N+](CCCC)(CCCC)CCCC||N#C[N-]C#N,C(CCC)[N+](CCCC)(CCCC)CCCC.N#C[N-]C#N,DZLFLBLQUQXARW-UHFFFAOYSA-N||UKDLHLAPDXIAID-UHFFFAOYSA-N,genuinely_unseen_identity,,
CCCC[N+](CCCC)(CCCC)CCCC||F[P-](F)(F)(F)(F)F,C(CCC)[N+](CCCC)(CCCC)CCCC.F[P-](F)(F)(F)(F)F,DZLFLBLQUQXARW-UHFFFAOYSA-N||LJQLCJWAZJINEB-UHFFFAOYSA-N,genuinely_unseen_identity,,
CCCC[N+](CCCC)(CCCC)CCCC||O=C([O-])C(F)(F)F,C(CCC)[N+](CCCC)(CCCC)CCCC.O=C([O-])C(F)(F)F,DZLFLBLQUQXARW-UHFFFAOYSA-N||DTQVDTLACAAQTR-UHFFFAOYSA-M,genuinely_unseen_identity,,
CCCC[N+](CCCC)(CCCC)CCCC||O=S(=O)(F)[N-]S(=O)(=O)F,C(CCC)[N+](CCCC)(CCCC)CCCC.O=S(=O)(F)[N-]S(=O)(=O)F,DZLFLBLQUQXARW-UHFFFAOYSA-N||NVIANCROYQGROD-UHFFFAOYSA-N,genuinely_unseen_identity,,
CCCC[N+](CCCC)(CCCC)CCCC||O=S(=O)([O-])O,C(CCC)[N+](CCCC)(CCCC)CCCC.O=S(=O)([O-])O,DZLFLBLQUQXARW-UHFFFAOYSA-N||QAOWNCQODCNURD-UHFFFAOYSA-M,genuinely_unseen_identity,,
CCCC[N+](CCCC)(CCCC)CCCC||FC(F)(F)C(F)(F)[P-](F)(F)(F)(C(F)(F)C(F)(F)F)C(F)(F)C(F)(F)F,C(CCC)[N+](CCCC)(CCCC)CCCC.FC(F)(F)C(F)(F)[P-](F)(F)(F)(C(F)(F)C(F)(F)F)C(F)(F)C(F)(F)F,DZLFLBLQUQXARW-UHFFFAOYSA-N||OXDZSRZJFHVGGS-UHFFFAOYSA-N,genuinely_unseen_identity,,
CCCC[N+](CCCC)(CCCC)CCCC||O=C[O-],C(CCC)[N+](CCCC)(CCCC)CCCC.O=C[O-],DZLFLBLQUQXARW-UHFFFAOYSA-N||BDAGIHXWWSANSR-UHFFFAOYSA-M,genuinely_unseen_identity,,
CCCC[N+](CCCC)(CCCC)CCCC||O=[N+]([O-])[O-],C(CCC)[N+](CCCC)(CCCC)CCCC.O=[N+]([O-])[O-],DZLFLBLQUQXARW-UHFFFAOYSA-N||NHNBFGGVMKEFGY-UHFFFAOYSA-N,genuinely_unseen_identity,,
CCCC[N+](CCCC)(CCCC)CCCC||COS(=O)(=O)[O-],C(CCC)[N+](CCCC)(CCCC)CCCC.COS(=O)(=O)[O-],DZLFLBLQUQXARW-UHFFFAOYSA-N||JZMJDSHXVKJFKW-UHFFFAOYSA-M,genuinely_unseen_identity,,
CCCC[N+](CCCC)(CCCC)CCCC||CCOS(=O)(=O)[O-],C(CCC)[N+](CCCC)(CCCC)CCCC.C(C)OS(=O)(=O)[O-],DZLFLBLQUQXARW-UHFFFAOYSA-N||KIWBPDUYBMNFTB-UHFFFAOYSA-M,genuinely_unseen_identity,,
CCCC[N+](CCCC)(CCCC)CCCC||CS(=O)(=O)[O-],C(CCC)[N+](CCCC)(CCCC)CCCC.CS(=O)(=O)[O-],DZLFLBLQUQXARW-UHFFFAOYSA-N||AFVFQIVMOAPDHO-UHFFFAOYSA-M,genuinely_unseen_identity,,
CCCC[N+](CCCC)(CCCC)CCCC||O=[N+]([O-])c1cn[n-]c1,C(CCC)[N+](CCCC)(CCCC)CCCC.O=[N+]([O-])c1cn[n-]c1,DZLFLBLQUQXARW-UHFFFAOYSA-N||IDGLPDIIVPZHRB-UHFFFAOYSA-N,genuinely_unseen_identity,,
CCCC[N+](CCCC)(CCCC)CCCC||N#C[C-](C#N)C#N,C(CCC)[N+](CCCC)(CCCC)CCCC.N#C[C-](C#N)C#N,DZLFLBLQUQXARW-UHFFFAOYSA-N||CXERBOODJDWFQL-UHFFFAOYSA-N,genuinely_unseen_identity,,
CCCC[N+](CCCC)(CCCC)CCCC||CCCC(=O)[O-],C(CCC)[N+](CCCC)(CCCC)CCCC.CCCC(=O)[O-],DZLFLBLQUQXARW-UHFFFAOYSA-N||FERIUCNNQQJTOY-UHFFFAOYSA-M,genuinely_unseen_identity,,
CCCC[N+](CCCC)(CCCC)CCCC||C[C@H](N)C(=O)[O-],C(CCC)[N+](CCCC)(CCCC)CCCC.C[C@H](N)C(=O)[O-],DZLFLBLQUQXARW-UHFFFAOYSA-N||QNAYBMKLOCPYGJ-REOHCLBHSA-M,genuinely_unseen_identity,,
CCCC[N+](CCCC)(CCCC)CCCC||N#C[B-](C#N)(C#N)C#N,C(CCC)[N+](CCCC)(CCCC)CCCC.N#C[B-](C#N)(C#N)C#N,DZLFLBLQUQXARW-UHFFFAOYSA-N||KDCFMDHINPOTEA-UHFFFAOYSA-N,genuinely_unseen_identity,,
CCCC[N+](CCCC)(CCCC)CCCC||NCC(=O)[O-],C(CCC)[N+](CCCC)(CCCC)CCCC.NCC(=O)[O-],DZLFLBLQUQXARW-UHFFFAOYSA-N||DHMQDGOQFOQNFH-UHFFFAOYSA-M,genuinely_unseen_identity,,
CCCC[N+](CCCC)(CCCC)CCCC||O=S(=O)([N-]S(=O)(=O)C(F)(F)C(F)(F)F)C(F)(F)C(F)(F)F,C(CCC)[N+](CCCC)(CCCC)CCCC.O=S(=O)([N-]S(=O)(=O)C(F)(F)C(F)(F)F)C(F)(F)C(F)(F)F,DZLFLBLQUQXARW-UHFFFAOYSA-N||SLSPYQCCSCAKIB-UHFFFAOYSA-N,genuinely_unseen_identity,,
CCCC[N+](CCCC)(CCCC)CCCC||CC(O)C(=O)[O-],C(CCC)[N+](CCCC)(CCCC)CCCC.CC(O)C(=O)[O-],DZLFLBLQUQXARW-UHFFFAOYSA-N||JVTAAEKCZFNVCJ-UHFFFAOYSA-M,genuinely_unseen_identity,,
CCCC[N+](CCCC)(CCCC)CCCC||CCC(=O)[O-],C(CCC)[N+](CCCC)(CCCC)CCCC.CCC(=O)[O-],DZLFLBLQUQXARW-UHFFFAOYSA-N||XBDQKXXYIPTUBI-UHFFFAOYSA-M,genuinely_unseen_identity,,
CCCC[N+](CCCC)(CCCC)CCCC||CCCCCC(=O)[O-],C(CCC)[N+](CCCC)(CCCC)CCCC.CCCCCC(=O)[O-],DZLFLBLQUQXARW-UHFFFAOYSA-N||FUZZWVXGSFPDMH-UHFFFAOYSA-M,genuinely_unseen_identity,,
CCCC[N+](CCCC)(CCCC)CCCC||CCCCCCCC(=O)[O-],C(CCC)[N+](CCCC)(CCCC)CCCC.CCCCCCCC(=O)[O-],DZLFLBLQUQXARW-UHFFFAOYSA-N||WWZKQHOCKIZLMA-UHFFFAOYSA-M,genuinely_unseen_identity,,
CCCC[N+](CCCC)(CCCC)CCCC||C[C@@H](O)[C@H](N)C(=O)[O-],C(CCC)[N+](CCCC)(CCCC)CCCC.C[C@@H](O)[C@H](N)C(=O)[O-],DZLFLBLQUQXARW-UHFFFAOYSA-N||AYFVYJQAPQTCCC-GBXIJSLDSA-M,genuinely_unseen_identity,,
CCCC[n+]1cccc(C)c1||[Br-],CCCC[n+]1cccc(C)c1.[Br-],DADKKHHMGSWSPH-UHFFFAOYSA-N||CPELXLSAUQHCOX-UHFFFAOYSA-M,genuinely_unseen_identity,,
CCCC[n+]1cccc(C)c1||[Cl-],CCCC[n+]1cccc(C)c1.[Cl-],DADKKHHMGSWSPH-UHFFFAOYSA-N||VEXZGXHMUGYJMC-UHFFFAOYSA-M,genuinely_unseen_identity,,
CCCC[n+]1cccc(C)c1||CC(=O)[O-],CCCC[n+]1cccc(C)c1.CC(=O)[O-],DADKKHHMGSWSPH-UHFFFAOYSA-N||QTBSBXVTEAMEQO-UHFFFAOYSA-M,genuinely_unseen_identity,,
CCCC[n+]1cccc(C)c1||N#C[S-],CCCC[n+]1cccc(C)c1.N#C[S-],DADKKHHMGSWSPH-UHFFFAOYSA-N||ZMZDMBWJUHKJPS-UHFFFAOYSA-M,genuinely_unseen_identity,,
CCCC[n+]1cccc(C)c1||O=C([O-])C(F)(F)F,CCCC[n+]1cccc(C)c1.O=C([O-])C(F)(F)F,DADKKHHMGSWSPH-UHFFFAOYSA-N||DTQVDTLACAAQTR-UHFFFAOYSA-M,genuinely_unseen_identity,,
CCCC[n+]1cccc(C)c1||O=S(=O)(F)[N-]S(=O)(=O)F,CCCC[n+]1cccc(C)c1.O=S(=O)(F)[N-]S(=O)(=O)F,DADKKHHMGSWSPH-UHFFFAOYSA-N||NVIANCROYQGROD-UHFFFAOYSA-N,genuinely_unseen_identity,,
CCCC[n+]1cccc(C)c1||O=S(=O)([O-])O,CCCC[n+]1cccc(C)c1.O=S(=O)([O-])O,DADKKHHMGSWSPH-UHFFFAOYSA-N||QAOWNCQODCNURD-UHFFFAOYSA-M,genuinely_unseen_identity,,
CCCC[n+]1cccc(C)c1||O=C[O-],CCCC[n+]1cccc(C)c1.O=C[O-],DADKKHHMGSWSPH-UHFFFAOYSA-N||BDAGIHXWWSANSR-UHFFFAOYSA-M,genuinely_unseen_identity,,
CCCC[n+]1cccc(C)c1||O=[N+]([O-])[O-],CCCC[n+]1cccc(C)c1.O=[N+]([O-])[O-],DADKKHHMGSWSPH-UHFFFAOYSA-N||NHNBFGGVMKEFGY-UHFFFAOYSA-N,genuinely_unseen_identity,,
CCCC[n+]1cccc(C)c1||CCOS(=O)(=O)[O-],CCCC[n+]1cccc(C)c1.C(C)OS(=O)(=O)[O-],DADKKHHMGSWSPH-UHFFFAOYSA-N||KIWBPDUYBMNFTB-UHFFFAOYSA-M,genuinely_unseen_identity,,
CCCC[n+]1cccc(C)c1||CS(=O)(=O)[O-],CCCC[n+]1cccc(C)c1.CS(=O)(=O)[O-],DADKKHHMGSWSPH-UHFFFAOYSA-N||AFVFQIVMOAPDHO-UHFFFAOYSA-M,genuinely_unseen_identity,,
CCCC[n+]1cccc(C)c1||O=[N+]([O-])c1cn[n-]c1,CCCC[n+]1cccc(C)c1.O=[N+]([O-])c1cn[n-]c1,DADKKHHMGSWSPH-UHFFFAOYSA-N||IDGLPDIIVPZHRB-UHFFFAOYSA-N,genuinely_unseen_identity,,
CCCC[n+]1cccc(C)c1||CCCC(=O)[O-],CCCC[n+]1cccc(C)c1.CCCC(=O)[O-],DADKKHHMGSWSPH-UHFFFAOYSA-N||FERIUCNNQQJTOY-UHFFFAOYSA-M,genuinely_unseen_identity,,
CCCC[n+]1cccc(C)c1||C[C@H](N)C(=O)[O-],CCCC[n+]1cccc(C)c1.C[C@H](N)C(=O)[O-],DADKKHHMGSWSPH-UHFFFAOYSA-N||QNAYBMKLOCPYGJ-REOHCLBHSA-M,genuinely_unseen_identity,,
CCCC[n+]1cccc(C)c1||NCC(=O)[O-],CCCC[n+]1cccc(C)c1.NCC(=O)[O-],DADKKHHMGSWSPH-UHFFFAOYSA-N||DHMQDGOQFOQNFH-UHFFFAOYSA-M,genuinely_unseen_identity,,
CCCC[n+]1cccc(C)c1||O=S(=O)([N-]S(=O)(=O)C(F)(F)C(F)(F)F)C(F)(F)C(F)(F)F,CCCC[n+]1cccc(C)c1.O=S(=O)([N-]S(=O)(=O)C(F)(F)C(F)(F)F)C(F)(F)C(F)(F)F,DADKKHHMGSWSPH-UHFFFAOYSA-N||SLSPYQCCSCAKIB-UHFFFAOYSA-N,genuinely_unseen_identity,,
CCCC[n+]1cccc(C)c1||CC(O)C(=O)[O-],CCCC[n+]1cccc(C)c1.CC(O)C(=O)[O-],DADKKHHMGSWSPH-UHFFFAOYSA-N||JVTAAEKCZFNVCJ-UHFFFAOYSA-M,genuinely_unseen_identity,,
CCCC[n+]1cccc(C)c1||CCC(=O)[O-],CCCC[n+]1cccc(C)c1.CCC(=O)[O-],DADKKHHMGSWSPH-UHFFFAOYSA-N||XBDQKXXYIPTUBI-UHFFFAOYSA-M,genuinely_unseen_identity,,
CCCC[n+]1cccc(C)c1||CCCCCC(=O)[O-],CCCC[n+]1cccc(C)c1.CCCCCC(=O)[O-],DADKKHHMGSWSPH-UHFFFAOYSA-N||FUZZWVXGSFPDMH-UHFFFAOYSA-M,genuinely_unseen_identity,,
CCCC[n+]1cccc(C)c1||CCCCCCCC(=O)[O-],CCCC[n+]1cccc(C)c1.CCCCCCCC(=O)[O-],DADKKHHMGSWSPH-UHFFFAOYSA-N||WWZKQHOCKIZLMA-UHFFFAOYSA-M,genuinely_unseen_identity,,
CCCC[n+]1cccc(C)c1||C[C@@H](O)[C@H](N)C(=O)[O-],CCCC[n+]1cccc(C)c1.C[C@@H](O)[C@H](N)C(=O)[O-],DADKKHHMGSWSPH-UHFFFAOYSA-N||AYFVYJQAPQTCCC-GBXIJSLDSA-M,genuinely_unseen_identity,,
CCC[n+]1ccn(C)c1||O=S(=O)([N-]S(=O)(=O)C(F)(F)F)C(F)(F)F,CCC[n+]1ccn(C)c1.FC(S(=O)(=O)[N-]S(=O)(=O)C(F)(F)F)(F)F,WVDDUSFOSWWJJH-UHFFFAOYSA-N||NHHWJSXMTZIPES-UHFFFAOYSA-N,pseudo_unseen_known_identity,1-methyl-3-propylimidazolium bis[(trifluoromethyl)sulfonyl]imide,
CCC[n+]1ccn(C)c1||[Br-],CCC[n+]1ccn(C)c1.[Br-],WVDDUSFOSWWJJH-UHFFFAOYSA-N||CPELXLSAUQHCOX-UHFFFAOYSA-M,pseudo_unseen_known_identity,1-methyl-3-propylimidazolium bromide,
CCC[n+]1ccn(C)c1||O=S(=O)([O-])C(F)(F)F,CCC[n+]1ccn(C)c1.O=S(=O)([O-])C(F)(F)F,WVDDUSFOSWWJJH-UHFFFAOYSA-N||ITMCEJHCFYSIIV-UHFFFAOYSA-M,genuinely_unseen_identity,,
CCC[n+]1ccn(C)c1||[Cl-],CCC[n+]1ccn(C)c1.[Cl-],WVDDUSFOSWWJJH-UHFFFAOYSA-N||VEXZGXHMUGYJMC-UHFFFAOYSA-M,pseudo_unseen_known_identity,1-methyl-3-propylimidazolium chloride,
CCC[n+]1ccn(C)c1||N#C[N-]C#N,CCC[n+]1ccn(C)c1.N#C[N-]C#N,WVDDUSFOSWWJJH-UHFFFAOYSA-N||UKDLHLAPDXIAID-UHFFFAOYSA-N,pseudo_unseen_known_identity,1-methyl-3-propylimidazolium dicyanamide,
CCC[n+]1ccn(C)c1||F[P-](F)(F)(F)(F)F,CCC[n+]1ccn(C)c1.F[P-](F)(F)(F)(F)F,WVDDUSFOSWWJJH-UHFFFAOYSA-N||LJQLCJWAZJINEB-UHFFFAOYSA-N,pseudo_unseen_known_identity,1-methyl-3-propylimidazolium hexafluorophosphate,
CCC[n+]1ccn(C)c1||O=C([O-])C(F)(F)F,CCC[n+]1ccn(C)c1.O=C([O-])C(F)(F)F,WVDDUSFOSWWJJH-UHFFFAOYSA-N||DTQVDTLACAAQTR-UHFFFAOYSA-M,genuinely_unseen_identity,,
CCC[n+]1ccn(C)c1||O=S(=O)(F)[N-]S(=O)(=O)F,CCC[n+]1ccn(C)c1.O=S(=O)(F)[N-]S(=O)(=O)F,WVDDUSFOSWWJJH-UHFFFAOYSA-N||NVIANCROYQGROD-UHFFFAOYSA-N,pseudo_unseen_known_identity,1-methyl-3-propylimidazolium bis(fluorosulfonyl)imide,
CCC[n+]1ccn(C)c1||O=S(=O)([O-])O,CCC[n+]1ccn(C)c1.O=S(=O)([O-])O,WVDDUSFOSWWJJH-UHFFFAOYSA-N||QAOWNCQODCNURD-UHFFFAOYSA-M,genuinely_unseen_identity,,
CCC[n+]1ccn(C)c1||FC(F)(F)C(F)(F)[P-](F)(F)(F)(C(F)(F)C(F)(F)F)C(F)(F)C(F)(F)F,CCC[n+]1ccn(C)c1.FC(F)(F)C(F)(F)[P-](F)(F)(F)(C(F)(F)C(F)(F)F)C(F)(F)C(F)(F)F,WVDDUSFOSWWJJH-UHFFFAOYSA-N||OXDZSRZJFHVGGS-UHFFFAOYSA-N,genuinely_unseen_identity,,
CCC[n+]1ccn(C)c1||O=C[O-],CCC[n+]1ccn(C)c1.O=C[O-],WVDDUSFOSWWJJH-UHFFFAOYSA-N||BDAGIHXWWSANSR-UHFFFAOYSA-M,genuinely_unseen_identity,,
CCC[n+]1ccn(C)c1||O=[N+]([O-])[O-],CCC[n+]1ccn(C)c1.O=[N+]([O-])[O-],WVDDUSFOSWWJJH-UHFFFAOYSA-N||NHNBFGGVMKEFGY-UHFFFAOYSA-N,pseudo_unseen_known_identity,1-methyl-3-propylimidazolium nitrate,
CCC[n+]1ccn(C)c1||CCOS(=O)(=O)[O-],CCC[n+]1ccn(C)c1.C(C)OS(=O)(=O)[O-],WVDDUSFOSWWJJH-UHFFFAOYSA-N||KIWBPDUYBMNFTB-UHFFFAOYSA-M,genuinely_unseen_identity,,
CCC[n+]1ccn(C)c1||CS(=O)(=O)[O-],CCC[n+]1ccn(C)c1.CS(=O)(=O)[O-],WVDDUSFOSWWJJH-UHFFFAOYSA-N||AFVFQIVMOAPDHO-UHFFFAOYSA-M,genuinely_unseen_identity,,
CCC[n+]1ccn(C)c1||O=[N+]([O-])c1cn[n-]c1,CCC[n+]1ccn(C)c1.O=[N+]([O-])c1cn[n-]c1,WVDDUSFOSWWJJH-UHFFFAOYSA-N||IDGLPDIIVPZHRB-UHFFFAOYSA-N,genuinely_unseen_identity,,
CCC[n+]1ccn(C)c1||N#C[C-](C#N)C#N,CCC[n+]1ccn(C)c1.N#C[C-](C#N)C#N,WVDDUSFOSWWJJH-UHFFFAOYSA-N||CXERBOODJDWFQL-UHFFFAOYSA-N,genuinely_unseen_identity,,
CCC[n+]1ccn(C)c1||CCCC(=O)[O-],CCC[n+]1ccn(C)c1.CCCC(=O)[O-],WVDDUSFOSWWJJH-UHFFFAOYSA-N||FERIUCNNQQJTOY-UHFFFAOYSA-M,genuinely_unseen_identity,,
CCC[n+]1ccn(C)c1||C[C@H](N)C(=O)[O-],CCC[n+]1ccn(C)c1.C[C@H](N)C(=O)[O-],WVDDUSFOSWWJJH-UHFFFAOYSA-N||QNAYBMKLOCPYGJ-REOHCLBHSA-M,genuinely_unseen_identity,,
CCC[n+]1ccn(C)c1||N#C[B-](C#N)(C#N)C#N,CCC[n+]1ccn(C)c1.N#C[B-](C#N)(C#N)C#N,WVDDUSFOSWWJJH-UHFFFAOYSA-N||KDCFMDHINPOTEA-UHFFFAOYSA-N,genuinely_unseen_identity,,
CCC[n+]1ccn(C)c1||O=S(=O)([N-]S(=O)(=O)C(F)(F)C(F)(F)F)C(F)(F)C(F)(F)F,CCC[n+]1ccn(C)c1.O=S(=O)([N-]S(=O)(=O)C(F)(F)C(F)(F)F)C(F)(F)C(F)(F)F,WVDDUSFOSWWJJH-UHFFFAOYSA-N||SLSPYQCCSCAKIB-UHFFFAOYSA-N,genuinely_unseen_identity,,
CCC[n+]1ccn(C)c1||CC(O)C(=O)[O-],CCC[n+]1ccn(C)c1.CC(O)C(=O)[O-],WVDDUSFOSWWJJH-UHFFFAOYSA-N||JVTAAEKCZFNVCJ-UHFFFAOYSA-M,genuinely_unseen_identity,,
CCC[n+]1ccn(C)c1||CCCCCC(=O)[O-],CCC[n+]1ccn(C)c1.CCCCCC(=O)[O-],WVDDUSFOSWWJJH-UHFFFAOYSA-N||FUZZWVXGSFPDMH-UHFFFAOYSA-M,genuinely_unseen_identity,,
CCC[n+]1ccn(C)c1||CCCCCCCC(=O)[O-],CCC[n+]1ccn(C)c1.CCCCCCCC(=O)[O-],WVDDUSFOSWWJJH-UHFFFAOYSA-N||WWZKQHOCKIZLMA-UHFFFAOYSA-M,genuinely_unseen_identity,,
CCCCCCCC[N+](C)(CCCCCCCC)CCCCCCCC||F[B-](F)(F)F,CCCCCCCC[N+](C)(CCCCCCCC)CCCCCCCC.F[B-](F)(F)F,ZUZLIXGTXQBUDC-UHFFFAOYSA-N||ODGCEQLVLXJUCC-UHFFFAOYSA-N,genuinely_unseen_identity,,
CCCCCCCC[N+](C)(CCCCCCCC)CCCCCCCC||[Br-],CCCCCCCC[N+](C)(CCCCCCCC)CCCCCCCC.[Br-],ZUZLIXGTXQBUDC-UHFFFAOYSA-N||CPELXLSAUQHCOX-UHFFFAOYSA-M,genuinely_unseen_identity,,
CCCCCCCC[N+](C)(CCCCCCCC)CCCCCCCC||O=S(=O)([O-])C(F)(F)F,CCCCCCCC[N+](C)(CCCCCCCC)CCCCCCCC.O=S(=O)([O-])C(F)(F)F,ZUZLIXGTXQBUDC-UHFFFAOYSA-N||ITMCEJHCFYSIIV-UHFFFAOYSA-M,genuinely_unseen_identity,,
CCCCCCCC[N+](C)(CCCCCCCC)CCCCCCCC||F[P-](F)(F)(F)(F)F,CCCCCCCC[N+](C)(CCCCCCCC)CCCCCCCC.F[P-](F)(F)(F)(F)F,ZUZLIXGTXQBUDC-UHFFFAOYSA-N||LJQLCJWAZJINEB-UHFFFAOYSA-N,genuinely_unseen_identity,,
CCCCCCCC[N+](C)(CCCCCCCC)CCCCCCCC||N#C[S-],CCCCCCCC[N+](C)(CCCCCCCC)CCCCCCCC.N#C[S-],ZUZLIXGTXQBUDC-UHFFFAOYSA-N||ZMZDMBWJUHKJPS-UHFFFAOYSA-M,genuinely_unseen_identity,,
CCCCCCCC[N+](C)(CCCCCCCC)CCCCCCCC||O=S(=O)(F)[N-]S(=O)(=O)F,CCCCCCCC[N+](C)(CCCCCCCC)CCCCCCCC.O=S(=O)(F)[N-]S(=O)(=O)F,ZUZLIXGTXQBUDC-UHFFFAOYSA-N||NVIANCROYQGROD-UHFFFAOYSA-N,genuinely_unseen_identity,,
CCCCCCCC[N+](C)(CCCCCCCC)CCCCCCCC||O=S(=O)([O-])O,CCCCCCCC[N+](C)(CCCCCCCC)CCCCCCCC.O=S(=O)([O-])O,ZUZLIXGTXQBUDC-UHFFFAOYSA-N||QAOWNCQODCNURD-UHFFFAOYSA-M,genuinely_unseen_identity,,
CCCCCCCC[N+](C)(CCCCCCCC)CCCCCCCC||FC(F)(F)C(F)(F)[P-](F)(F)(F)(C(F)(F)C(F)(F)F)C(F)(F)C(F)(F)F,CCCCCCCC[N+](C)(CCCCCCCC)CCCCCCCC.FC(F)(F)C(F)(F)[P-](F)(F)(F)(C(F)(F)C(F)(F)F)C(F)(F)C(F)(F)F,ZUZLIXGTXQBUDC-UHFFFAOYSA-N||OXDZSRZJFHVGGS-UHFFFAOYSA-N,genuinely_unseen_identity,,
CCCCCCCC[N+](C)(CCCCCCCC)CCCCCCCC||O=C[O-],CCCCCCCC[N+](C)(CCCCCCCC)CCCCCCCC.O=C[O-],ZUZLIXGTXQBUDC-UHFFFAOYSA-N||BDAGIHXWWSANSR-UHFFFAOYSA-M,genuinely_unseen_identity,,
CCCCCCCC[N+](C)(CCCCCCCC)CCCCCCCC||COS(=O)(=O)[O-],CCCCCCCC[N+](C)(CCCCCCCC)CCCCCCCC.COS(=O)(=O)[O-],ZUZLIXGTXQBUDC-UHFFFAOYSA-N||JZMJDSHXVKJFKW-UHFFFAOYSA-M,genuinely_unseen_identity,,
CCCCCCCC[N+](C)(CCCCCCCC)CCCCCCCC||CCOS(=O)(=O)[O-],CCCCCCCC[N+](C)(CCCCCCCC)CCCCCCCC.C(C)OS(=O)(=O)[O-],ZUZLIXGTXQBUDC-UHFFFAOYSA-N||KIWBPDUYBMNFTB-UHFFFAOYSA-M,genuinely_unseen_identity,,
CCCCCCCC[N+](C)(CCCCCCCC)CCCCCCCC||CS(=O)(=O)[O-],CCCCCCCC[N+](C)(CCCCCCCC)CCCCCCCC.CS(=O)(=O)[O-],ZUZLIXGTXQBUDC-UHFFFAOYSA-N||AFVFQIVMOAPDHO-UHFFFAOYSA-M,genuinely_unseen_identity,,
CCCCCCCC[N+](C)(CCCCCCCC)CCCCCCCC||O=[N+]([O-])c1cn[n-]c1,CCCCCCCC[N+](C)(CCCCCCCC)CCCCCCCC.O=[N+]([O-])c1cn[n-]c1,ZUZLIXGTXQBUDC-UHFFFAOYSA-N||IDGLPDIIVPZHRB-UHFFFAOYSA-N,genuinely_unseen_identity,,
CCCCCCCC[N+](C)(CCCCCCCC)CCCCCCCC||N#C[C-](C#N)C#N,CCCCCCCC[N+](C)(CCCCCCCC)CCCCCCCC.N#C[C-](C#N)C#N,ZUZLIXGTXQBUDC-UHFFFAOYSA-N||CXERBOODJDWFQL-UHFFFAOYSA-N,genuinely_unseen_identity,,
CCCCCCCC[N+](C)(CCCCCCCC)CCCCCCCC||CCCC(=O)[O-],CCCCCCCC[N+](C)(CCCCCCCC)CCCCCCCC.CCCC(=O)[O-],ZUZLIXGTXQBUDC-UHFFFAOYSA-N||FERIUCNNQQJTOY-UHFFFAOYSA-M,genuinely_unseen_identity,,
CCCCCCCC[N+](C)(CCCCCCCC)CCCCCCCC||C[C@H](N)C(=O)[O-],CCCCCCCC[N+](C)(CCCCCCCC)CCCCCCCC.C[C@H](N)C(=O)[O-],ZUZLIXGTXQBUDC-UHFFFAOYSA-N||QNAYBMKLOCPYGJ-REOHCLBHSA-M,genuinely_unseen_identity,,
CCCCCCCC[N+](C)(CCCCCCCC)CCCCCCCC||N#C[B-](C#N)(C#N)C#N,CCCCCCCC[N+](C)(CCCCCCCC)CCCCCCCC.N#C[B-](C#N)(C#N)C#N,ZUZLIXGTXQBUDC-UHFFFAOYSA-N||KDCFMDHINPOTEA-UHFFFAOYSA-N,genuinely_unseen_identity,,
CCCCCCCC[N+](C)(CCCCCCCC)CCCCCCCC||NCC(=O)[O-],CCCCCCCC[N+](C)(CCCCCCCC)CCCCCCCC.NCC(=O)[O-],ZUZLIXGTXQBUDC-UHFFFAOYSA-N||DHMQDGOQFOQNFH-UHFFFAOYSA-M,genuinely_unseen_identity,,
CCCCCCCC[N+](C)(CCCCCCCC)CCCCCCCC||O=S(=O)([N-]S(=O)(=O)C(F)(F)C(F)(F)F)C(F)(F)C(F)(F)F,CCCCCCCC[N+](C)(CCCCCCCC)CCCCCCCC.O=S(=O)([N-]S(=O)(=O)C(F)(F)C(F)(F)F)C(F)(F)C(F)(F)F,ZUZLIXGTXQBUDC-UHFFFAOYSA-N||SLSPYQCCSCAKIB-UHFFFAOYSA-N,genuinely_unseen_identity,,
CCCCCCCC[N+](C)(CCCCCCCC)CCCCCCCC||CC(O)C(=O)[O-],CCCCCCCC[N+](C)(CCCCCCCC)CCCCCCCC.CC(O)C(=O)[O-],ZUZLIXGTXQBUDC-UHFFFAOYSA-N||JVTAAEKCZFNVCJ-UHFFFAOYSA-M,genuinely_unseen_identity,,
CCCCCCCC[N+](C)(CCCCCCCC)CCCCCCCC||CCC(=O)[O-],CCCCCCCC[N+](C)(CCCCCCCC)CCCCCCCC.CCC(=O)[O-],ZUZLIXGTXQBUDC-UHFFFAOYSA-N||XBDQKXXYIPTUBI-UHFFFAOYSA-M,genuinely_unseen_identity,,
CCCCCCCC[N+](C)(CCCCCCCC)CCCCCCCC||CCCCCC(=O)[O-],CCCCCCCC[N+](C)(CCCCCCCC)CCCCCCCC.CCCCCC(=O)[O-],ZUZLIXGTXQBUDC-UHFFFAOYSA-N||FUZZWVXGSFPDMH-UHFFFAOYSA-M,genuinely_unseen_identity,,
CCCCCCCC[N+](C)(CCCCCCCC)CCCCCCCC||CCCCCCCC(=O)[O-],CCCCCCCC[N+](C)(CCCCCCCC)CCCCCCCC.CCCCCCCC(=O)[O-],ZUZLIXGTXQBUDC-UHFFFAOYSA-N||WWZKQHOCKIZLMA-UHFFFAOYSA-M,genuinely_unseen_identity,,
CCCCCCCC[N+](C)(CCCCCCCC)CCCCCCCC||C[C@@H](O)[C@H](N)C(=O)[O-],CCCCCCCC[N+](C)(CCCCCCCC)CCCCCCCC.C[C@@H](O)[C@H](N)C(=O)[O-],ZUZLIXGTXQBUDC-UHFFFAOYSA-N||AYFVYJQAPQTCCC-GBXIJSLDSA-M,genuinely_unseen_identity,,
CCCCC[n+]1ccn(C)c1||O=S(=O)([N-]S(=O)(=O)C(F)(F)F)C(F)(F)F,CCCCC[n+]1ccn(C)c1.FC(S(=O)(=O)[N-]S(=O)(=O)C(F)(F)F)(F)F,LSFWFJFDPRFPBK-UHFFFAOYSA-N||NHHWJSXMTZIPES-UHFFFAOYSA-N,pseudo_unseen_known_identity,1-methyl-3-pentylimidazolium bis(trifluoromethylsulfonyl)imide,
CCCCC[n+]1ccn(C)c1||F[B-](F)(F)F,CCCCC[n+]1ccn(C)c1.F[B-](F)(F)F,LSFWFJFDPRFPBK-UHFFFAOYSA-N||ODGCEQLVLXJUCC-UHFFFAOYSA-N,pseudo_unseen_known_identity,1-methyl-3-pentyl-imidazolium tetrafluoroborate,
CCCCC[n+]1ccn(C)c1||[Cl-],CCCCC[n+]1ccn(C)c1.[Cl-],LSFWFJFDPRFPBK-UHFFFAOYSA-N||VEXZGXHMUGYJMC-UHFFFAOYSA-M,genuinely_unseen_identity,,
CCCCC[n+]1ccn(C)c1||CC(=O)[O-],CCCCC[n+]1ccn(C)c1.CC(=O)[O-],LSFWFJFDPRFPBK-UHFFFAOYSA-N||QTBSBXVTEAMEQO-UHFFFAOYSA-M,pseudo_unseen_known_identity,1-methyl-3-pentylimidazolium acetate,
CCCCC[n+]1ccn(C)c1||F[P-](F)(F)(F)(F)F,CCCCC[n+]1ccn(C)c1.F[P-](F)(F)(F)(F)F,LSFWFJFDPRFPBK-UHFFFAOYSA-N||LJQLCJWAZJINEB-UHFFFAOYSA-N,pseudo_unseen_known_identity,1-methyl-3-pentylimidazolium hexafluorophosphate,
CCCCC[n+]1ccn(C)c1||O=C([O-])C(F)(F)F,CCCCC[n+]1ccn(C)c1.O=C([O-])C(F)(F)F,LSFWFJFDPRFPBK-UHFFFAOYSA-N||DTQVDTLACAAQTR-UHFFFAOYSA-M,genuinely_unseen_identity,,
CCCCC[n+]1ccn(C)c1||O=S(=O)(F)[N-]S(=O)(=O)F,CCCCC[n+]1ccn(C)c1.O=S(=O)(F)[N-]S(=O)(=O)F,LSFWFJFDPRFPBK-UHFFFAOYSA-N||NVIANCROYQGROD-UHFFFAOYSA-N,genuinely_unseen_identity,,
CCCCC[n+]1ccn(C)c1||O=S(=O)([O-])O,CCCCC[n+]1ccn(C)c1.O=S(=O)([O-])O,LSFWFJFDPRFPBK-UHFFFAOYSA-N||QAOWNCQODCNURD-UHFFFAOYSA-M,genuinely_unseen_identity,,
CCCCC[n+]1ccn(C)c1||FC(F)(F)C(F)(F)[P-](F)(F)(F)(C(F)(F)C(F)(F)F)C(F)(F)C(F)(F)F,CCCCC[n+]1ccn(C)c1.FC(F)(F)C(F)(F)[P-](F)(F)(F)(C(F)(F)C(F)(F)F)C(F)(F)C(F)(F)F,LSFWFJFDPRFPBK-UHFFFAOYSA-N||OXDZSRZJFHVGGS-UHFFFAOYSA-N,pseudo_unseen_known_identity,3-methyl-1-pentylimidazolium trifluorotris(perfluoroethyl)phosphate,
CCCCC[n+]1ccn(C)c1||O=C[O-],CCCCC[n+]1ccn(C)c1.O=C[O-],LSFWFJFDPRFPBK-UHFFFAOYSA-N||BDAGIHXWWSANSR-UHFFFAOYSA-M,genuinely_unseen_identity,,
CCCCC[n+]1ccn(C)c1||O=[N+]([O-])[O-],CCCCC[n+]1ccn(C)c1.O=[N+]([O-])[O-],LSFWFJFDPRFPBK-UHFFFAOYSA-N||NHNBFGGVMKEFGY-UHFFFAOYSA-N,pseudo_unseen_known_identity,1-methyl-3-pentylimidazolium nitrate,
CCCCC[n+]1ccn(C)c1||COS(=O)(=O)[O-],CCCCC[n+]1ccn(C)c1.COS(=O)(=O)[O-],LSFWFJFDPRFPBK-UHFFFAOYSA-N||JZMJDSHXVKJFKW-UHFFFAOYSA-M,genuinely_unseen_identity,,
CCCCC[n+]1ccn(C)c1||CCOS(=O)(=O)[O-],CCCCC[n+]1ccn(C)c1.C(C)OS(=O)(=O)[O-],LSFWFJFDPRFPBK-UHFFFAOYSA-N||KIWBPDUYBMNFTB-UHFFFAOYSA-M,genuinely_unseen_identity,,
CCCCC[n+]1ccn(C)c1||CS(=O)(=O)[O-],CCCCC[n+]1ccn(C)c1.CS(=O)(=O)[O-],LSFWFJFDPRFPBK-UHFFFAOYSA-N||AFVFQIVMOAPDHO-UHFFFAOYSA-M,genuinely_unseen_identity,,
CCCCC[n+]1ccn(C)c1||O=[N+]([O-])c1cn[n-]c1,CCCCC[n+]1ccn(C)c1.O=[N+]([O-])c1cn[n-]c1,LSFWFJFDPRFPBK-UHFFFAOYSA-N||IDGLPDIIVPZHRB-UHFFFAOYSA-N,genuinely_unseen_identity,,
CCCCC[n+]1ccn(C)c1||N#C[C-](C#N)C#N,CCCCC[n+]1ccn(C)c1.N#C[C-](C#N)C#N,LSFWFJFDPRFPBK-UHFFFAOYSA-N||CXERBOODJDWFQL-UHFFFAOYSA-N,genuinely_unseen_identity,,
CCCCC[n+]1ccn(C)c1||CCCC(=O)[O-],CCCCC[n+]1ccn(C)c1.CCCC(=O)[O-],LSFWFJFDPRFPBK-UHFFFAOYSA-N||FERIUCNNQQJTOY-UHFFFAOYSA-M,genuinely_unseen_identity,,
CCCCC[n+]1ccn(C)c1||C[C@H](N)C(=O)[O-],CCCCC[n+]1ccn(C)c1.C[C@H](N)C(=O)[O-],LSFWFJFDPRFPBK-UHFFFAOYSA-N||QNAYBMKLOCPYGJ-REOHCLBHSA-M,genuinely_unseen_identity,,
CCCCC[n+]1ccn(C)c1||N#C[B-](C#N)(C#N)C#N,CCCCC[n+]1ccn(C)c1.N#C[B-](C#N)(C#N)C#N,LSFWFJFDPRFPBK-UHFFFAOYSA-N||KDCFMDHINPOTEA-UHFFFAOYSA-N,genuinely_unseen_identity,,
CCCCC[n+]1ccn(C)c1||NCC(=O)[O-],CCCCC[n+]1ccn(C)c1.NCC(=O)[O-],LSFWFJFDPRFPBK-UHFFFAOYSA-N||DHMQDGOQFOQNFH-UHFFFAOYSA-M,genuinely_unseen_identity,,
CCCCC[n+]1ccn(C)c1||O=S(=O)([N-]S(=O)(=O)C(F)(F)C(F)(F)F)C(F)(F)C(F)(F)F,CCCCC[n+]1ccn(C)c1.O=S(=O)([N-]S(=O)(=O)C(F)(F)C(F)(F)F)C(F)(F)C(F)(F)F,LSFWFJFDPRFPBK-UHFFFAOYSA-N||SLSPYQCCSCAKIB-UHFFFAOYSA-N,pseudo_unseen_known_identity,"1-methyl-3-pentylimidazolium 1,1,2,2,2-pentafluoro-N-[(1,1,2,2,2-pentafluoroethyl)sulfonyl]ethanesulfonamide",
CCCCC[n+]1ccn(C)c1||CCC(=O)[O-],CCCCC[n+]1ccn(C)c1.CCC(=O)[O-],LSFWFJFDPRFPBK-UHFFFAOYSA-N||XBDQKXXYIPTUBI-UHFFFAOYSA-M,pseudo_unseen_known_identity,1-methyl-3-pentylimidazolium propanoate,
CCCCC[n+]1ccn(C)c1||CCCCCC(=O)[O-],CCCCC[n+]1ccn(C)c1.CCCCCC(=O)[O-],LSFWFJFDPRFPBK-UHFFFAOYSA-N||FUZZWVXGSFPDMH-UHFFFAOYSA-M,genuinely_unseen_identity,,
CCCCC[n+]1ccn(C)c1||CCCCCCCC(=O)[O-],CCCCC[n+]1ccn(C)c1.CCCCCCCC(=O)[O-],LSFWFJFDPRFPBK-UHFFFAOYSA-N||WWZKQHOCKIZLMA-UHFFFAOYSA-M,genuinely_unseen_identity,,
CCCC[n+]1ccn(C)c1C||O=S(=O)([N-]S(=O)(=O)C(F)(F)F)C(F)(F)F,CCCC[n+]1ccn(C)c1C.FC(S(=O)(=O)[N-]S(=O)(=O)C(F)(F)F)(F)F,XUAXVBUVQVRIIQ-UHFFFAOYSA-N||NHHWJSXMTZIPES-UHFFFAOYSA-N,pseudo_unseen_known_identity,"1-butyl-2,3-dimethyl-1H-imidazolium bis(trifluoromethylsulfonyl)amide",
CCCC[n+]1ccn(C)c1C||[Cl-],CCCC[n+]1ccn(C)c1C.[Cl-],XUAXVBUVQVRIIQ-UHFFFAOYSA-N||VEXZGXHMUGYJMC-UHFFFAOYSA-M,genuinely_unseen_identity,,
CCCC[n+]1ccn(C)c1C||N#C[N-]C#N,CCCC[n+]1ccn(C)c1C.N#C[N-]C#N,XUAXVBUVQVRIIQ-UHFFFAOYSA-N||UKDLHLAPDXIAID-UHFFFAOYSA-N,genuinely_unseen_identity,,
CCCC[n+]1ccn(C)c1C||CC(=O)[O-],CCCC[n+]1ccn(C)c1C.CC(=O)[O-],XUAXVBUVQVRIIQ-UHFFFAOYSA-N||QTBSBXVTEAMEQO-UHFFFAOYSA-M,genuinely_unseen_identity,,
CCCC[n+]1ccn(C)c1C||O=C([O-])C(F)(F)F,CCCC[n+]1ccn(C)c1C.O=C([O-])C(F)(F)F,XUAXVBUVQVRIIQ-UHFFFAOYSA-N||DTQVDTLACAAQTR-UHFFFAOYSA-M,genuinely_unseen_identity,,
CCCC[n+]1ccn(C)c1C||O=S(=O)(F)[N-]S(=O)(=O)F,CCCC[n+]1ccn(C)c1C.O=S(=O)(F)[N-]S(=O)(=O)F,XUAXVBUVQVRIIQ-UHFFFAOYSA-N||NVIANCROYQGROD-UHFFFAOYSA-N,genuinely_unseen_identity,,
CCCC[n+]1ccn(C)c1C||O=S(=O)([O-])O,CCCC[n+]1ccn(C)c1C.O=S(=O)([O-])O,XUAXVBUVQVRIIQ-UHFFFAOYSA-N||QAOWNCQODCNURD-UHFFFAOYSA-M,pseudo_unseen_known_identity,"1-butyl-2,3-dimethylimidazolium hydrogensulfate",
CCCC[n+]1ccn(C)c1C||FC(F)(F)C(F)(F)[P-](F)(F)(F)(C(F)(F)C(F)(F)F)C(F)(F)C(F)(F)F,CCCC[n+]1ccn(C)c1C.FC(F)(F)C(F)(F)[P-](F)(F)(F)(C(F)(F)C(F)(F)F)C(F)(F)C(F)(F)F,XUAXVBUVQVRIIQ-UHFFFAOYSA-N||OXDZSRZJFHVGGS-UHFFFAOYSA-N,pseudo_unseen_known_identity,"1-butyl-2,3-dimethyl-1H-imidazolium trifluorotris(perfluoroethyl)phosphate(V)",
CCCC[n+]1ccn(C)c1C||O=C[O-],CCCC[n+]1ccn(C)c1C.O=C[O-],XUAXVBUVQVRIIQ-UHFFFAOYSA-N||BDAGIHXWWSANSR-UHFFFAOYSA-M,genuinely_unseen_identity,,
CCCC[n+]1ccn(C)c1C||O=[N+]([O-])[O-],CCCC[n+]1ccn(C)c1C.O=[N+]([O-])[O-],XUAXVBUVQVRIIQ-UHFFFAOYSA-N||NHNBFGGVMKEFGY-UHFFFAOYSA-N,genuinely_unseen_identity,,
CCCC[n+]1ccn(C)c1C||COS(=O)(=O)[O-],CCCC[n+]1ccn(C)c1C.COS(=O)(=O)[O-],XUAXVBUVQVRIIQ-UHFFFAOYSA-N||JZMJDSHXVKJFKW-UHFFFAOYSA-M,genuinely_unseen_identity,,
CCCC[n+]1ccn(C)c1C||CCOS(=O)(=O)[O-],CCCC[n+]1ccn(C)c1C.C(C)OS(=O)(=O)[O-],XUAXVBUVQVRIIQ-UHFFFAOYSA-N||KIWBPDUYBMNFTB-UHFFFAOYSA-M,genuinely_unseen_identity,,
CCCC[n+]1ccn(C)c1C||CS(=O)(=O)[O-],CCCC[n+]1ccn(C)c1C.CS(=O)(=O)[O-],XUAXVBUVQVRIIQ-UHFFFAOYSA-N||AFVFQIVMOAPDHO-UHFFFAOYSA-M,genuinely_unseen_identity,,
CCCC[n+]1ccn(C)c1C||O=[N+]([O-])c1cn[n-]c1,CCCC[n+]1ccn(C)c1C.O=[N+]([O-])c1cn[n-]c1,XUAXVBUVQVRIIQ-UHFFFAOYSA-N||IDGLPDIIVPZHRB-UHFFFAOYSA-N,genuinely_unseen_identity,,
CCCC[n+]1ccn(C)c1C||N#C[C-](C#N)C#N,CCCC[n+]1ccn(C)c1C.N#C[C-](C#N)C#N,XUAXVBUVQVRIIQ-UHFFFAOYSA-N||CXERBOODJDWFQL-UHFFFAOYSA-N,genuinely_unseen_identity,,
CCCC[n+]1ccn(C)c1C||CCCC(=O)[O-],CCCC[n+]1ccn(C)c1C.CCCC(=O)[O-],XUAXVBUVQVRIIQ-UHFFFAOYSA-N||FERIUCNNQQJTOY-UHFFFAOYSA-M,genuinely_unseen_identity,,
CCCC[n+]1ccn(C)c1C||C[C@H](N)C(=O)[O-],CCCC[n+]1ccn(C)c1C.C[C@H](N)C(=O)[O-],XUAXVBUVQVRIIQ-UHFFFAOYSA-N||QNAYBMKLOCPYGJ-REOHCLBHSA-M,genuinely_unseen_identity,,
CCCC[n+]1ccn(C)c1C||N#C[B-](C#N)(C#N)C#N,CCCC[n+]1ccn(C)c1C.N#C[B-](C#N)(C#N)C#N,XUAXVBUVQVRIIQ-UHFFFAOYSA-N||KDCFMDHINPOTEA-UHFFFAOYSA-N,genuinely_unseen_identity,,
CCCC[n+]1ccn(C)c1C||O=S(=O)([N-]S(=O)(=O)C(F)(F)C(F)(F)F)C(F)(F)C(F)(F)F,CCCC[n+]1ccn(C)c1C.O=S(=O)([N-]S(=O)(=O)C(F)(F)C(F)(F)F)C(F)(F)C(F)(F)F,XUAXVBUVQVRIIQ-UHFFFAOYSA-N||SLSPYQCCSCAKIB-UHFFFAOYSA-N,genuinely_unseen_identity,,
CCCC[n+]1ccn(C)c1C||CC(O)C(=O)[O-],CCCC[n+]1ccn(C)c1C.CC(O)C(=O)[O-],XUAXVBUVQVRIIQ-UHFFFAOYSA-N||JVTAAEKCZFNVCJ-UHFFFAOYSA-M,genuinely_unseen_identity,,
CCCC[n+]1ccn(C)c1C||CCC(=O)[O-],CCCC[n+]1ccn(C)c1C.CCC(=O)[O-],XUAXVBUVQVRIIQ-UHFFFAOYSA-N||XBDQKXXYIPTUBI-UHFFFAOYSA-M,genuinely_unseen_identity,,
CCCC[n+]1ccn(C)c1C||CCCCCC(=O)[O-],CCCC[n+]1ccn(C)c1C.CCCCCC(=O)[O-],XUAXVBUVQVRIIQ-UHFFFAOYSA-N||FUZZWVXGSFPDMH-UHFFFAOYSA-M,genuinely_unseen_identity,,
CCCC[n+]1ccn(C)c1C||CCCCCCCC(=O)[O-],CCCC[n+]1ccn(C)c1C.CCCCCCCC(=O)[O-],XUAXVBUVQVRIIQ-UHFFFAOYSA-N||WWZKQHOCKIZLMA-UHFFFAOYSA-M,genuinely_unseen_identity,,
CCCC[n+]1ccn(C)c1C||C[C@@H](O)[C@H](N)C(=O)[O-],CCCC[n+]1ccn(C)c1C.C[C@@H](O)[C@H](N)C(=O)[O-],XUAXVBUVQVRIIQ-UHFFFAOYSA-N||AYFVYJQAPQTCCC-GBXIJSLDSA-M,genuinely_unseen_identity,,
CC[NH3+]||O=S(=O)([N-]S(=O)(=O)C(F)(F)F)C(F)(F)F,C(C)[NH3+].FC(S(=O)(=O)[N-]S(=O)(=O)C(F)(F)F)(F)F,QUSNBJAOOMFDIB-UHFFFAOYSA-O||NHHWJSXMTZIPES-UHFFFAOYSA-N,genuinely_unseen_identity,,
CC[NH3+]||F[B-](F)(F)F,C(C)[NH3+].F[B-](F)(F)F,QUSNBJAOOMFDIB-UHFFFAOYSA-O||ODGCEQLVLXJUCC-UHFFFAOYSA-N,genuinely_unseen_identity,,
CC[NH3+]||[Br-],C(C)[NH3+].[Br-],QUSNBJAOOMFDIB-UHFFFAOYSA-O||CPELXLSAUQHCOX-UHFFFAOYSA-M,genuinely_unseen_identity,,
CC[NH3+]||O=S(=O)([O-])C(F)(F)F,C(C)[NH3+].O=S(=O)([O-])C(F)(F)F,QUSNBJAOOMFDIB-UHFFFAOYSA-O||ITMCEJHCFYSIIV-UHFFFAOYSA-M,genuinely_unseen_identity,,
CC[NH3+]||[Cl-],C(C)[NH3+].[Cl-],QUSNBJAOOMFDIB-UHFFFAOYSA-O||VEXZGXHMUGYJMC-UHFFFAOYSA-M,genuinely_unseen_identity,,
CC[NH3+]||N#C[N-]C#N,C(C)[NH3+].N#C[N-]C#N,QUSNBJAOOMFDIB-UHFFFAOYSA-O||UKDLHLAPDXIAID-UHFFFAOYSA-N,genuinely_unseen_identity,,
CC[NH3+]||F[P-](F)(F)(F)(F)F,C(C)[NH3+].F[P-](F)(F)(F)(F)F,QUSNBJAOOMFDIB-UHFFFAOYSA-O||LJQLCJWAZJINEB-UHFFFAOYSA-N,genuinely_unseen_identity,,
CC[NH3+]||N#C[S-],C(C)[NH3+].N#C[S-],QUSNBJAOOMFDIB-UHFFFAOYSA-O||ZMZDMBWJUHKJPS-UHFFFAOYSA-M,genuinely_unseen_identity,,
CC[NH3+]||O=C([O-])C(F)(F)F,C(C)[NH3+].O=C([O-])C(F)(F)F,QUSNBJAOOMFDIB-UHFFFAOYSA-O||DTQVDTLACAAQTR-UHFFFAOYSA-M,genuinely_unseen_identity,,
CC[NH3+]||O=S(=O)(F)[N-]S(=O)(=O)F,C(C)[NH3+].O=S(=O)(F)[N-]S(=O)(=O)F,QUSNBJAOOMFDIB-UHFFFAOYSA-O||NVIANCROYQGROD-UHFFFAOYSA-N,genuinely_unseen_identity,,
CC[NH3+]||FC(F)(F)C(F)(F)[P-](F)(F)(F)(C(F)(F)C(F)(F)F)C(F)(F)C(F)(F)F,C(C)[NH3+].FC(F)(F)C(F)(F)[P-](F)(F)(F)(C(F)(F)C(F)(F)F)C(F)(F)C(F)(F)F,QUSNBJAOOMFDIB-UHFFFAOYSA-O||OXDZSRZJFHVGGS-UHFFFAOYSA-N,genuinely_unseen_identity,,
CC[NH3+]||COS(=O)(=O)[O-],C(C)[NH3+].COS(=O)(=O)[O-],QUSNBJAOOMFDIB-UHFFFAOYSA-O||JZMJDSHXVKJFKW-UHFFFAOYSA-M,genuinely_unseen_identity,,
CC[NH3+]||CCOS(=O)(=O)[O-],C(C)[NH3+].C(C)OS(=O)(=O)[O-],QUSNBJAOOMFDIB-UHFFFAOYSA-O||KIWBPDUYBMNFTB-UHFFFAOYSA-M,genuinely_unseen_identity,,
CC[NH3+]||CS(=O)(=O)[O-],C(C)[NH3+].CS(=O)(=O)[O-],QUSNBJAOOMFDIB-UHFFFAOYSA-O||AFVFQIVMOAPDHO-UHFFFAOYSA-M,genuinely_unseen_identity,,
CC[NH3+]||O=[N+]([O-])c1cn[n-]c1,C(C)[NH3+].O=[N+]([O-])c1cn[n-]c1,QUSNBJAOOMFDIB-UHFFFAOYSA-O||IDGLPDIIVPZHRB-UHFFFAOYSA-N,genuinely_unseen_identity,,
CC[NH3+]||N#C[C-](C#N)C#N,C(C)[NH3+].N#C[C-](C#N)C#N,QUSNBJAOOMFDIB-UHFFFAOYSA-O||CXERBOODJDWFQL-UHFFFAOYSA-N,genuinely_unseen_identity,,
CC[NH3+]||C[C@H](N)C(=O)[O-],C(C)[NH3+].C[C@H](N)C(=O)[O-],QUSNBJAOOMFDIB-UHFFFAOYSA-O||QNAYBMKLOCPYGJ-REOHCLBHSA-M,genuinely_unseen_identity,,
CC[NH3+]||N#C[B-](C#N)(C#N)C#N,C(C)[NH3+].N#C[B-](C#N)(C#N)C#N,QUSNBJAOOMFDIB-UHFFFAOYSA-O||KDCFMDHINPOTEA-UHFFFAOYSA-N,genuinely_unseen_identity,,
CC[NH3+]||NCC(=O)[O-],C(C)[NH3+].NCC(=O)[O-],QUSNBJAOOMFDIB-UHFFFAOYSA-O||DHMQDGOQFOQNFH-UHFFFAOYSA-M,genuinely_unseen_identity,,
CC[NH3+]||O=S(=O)([N-]S(=O)(=O)C(F)(F)C(F)(F)F)C(F)(F)C(F)(F)F,C(C)[NH3+].O=S(=O)([N-]S(=O)(=O)C(F)(F)C(F)(F)F)C(F)(F)C(F)(F)F,QUSNBJAOOMFDIB-UHFFFAOYSA-O||SLSPYQCCSCAKIB-UHFFFAOYSA-N,genuinely_unseen_identity,,
CC[NH3+]||CCCCCC(=O)[O-],C(C)[NH3+].CCCCCC(=O)[O-],QUSNBJAOOMFDIB-UHFFFAOYSA-O||FUZZWVXGSFPDMH-UHFFFAOYSA-M,genuinely_unseen_identity,,
CC[NH3+]||CCCCCCCC(=O)[O-],C(C)[NH3+].CCCCCCCC(=O)[O-],QUSNBJAOOMFDIB-UHFFFAOYSA-O||WWZKQHOCKIZLMA-UHFFFAOYSA-M,genuinely_unseen_identity,,
CC[NH3+]||C[C@@H](O)[C@H](N)C(=O)[O-],C(C)[NH3+].C[C@@H](O)[C@H](N)C(=O)[O-],QUSNBJAOOMFDIB-UHFFFAOYSA-O||AYFVYJQAPQTCCC-GBXIJSLDSA-M,genuinely_unseen_identity,,
CC[n+]1ccccc1||[Cl-],C(C)[N+]1=CC=CC=C1.[Cl-],OIDIRWZVUWCCCO-UHFFFAOYSA-N||VEXZGXHMUGYJMC-UHFFFAOYSA-M,genuinely_unseen_identity,,
CC[n+]1ccccc1||CC(=O)[O-],C(C)[N+]1=CC=CC=C1.CC(=O)[O-],OIDIRWZVUWCCCO-UHFFFAOYSA-N||QTBSBXVTEAMEQO-UHFFFAOYSA-M,genuinely_unseen_identity,,
CC[n+]1ccccc1||N#C[S-],C(C)[N+]1=CC=CC=C1.N#C[S-],OIDIRWZVUWCCCO-UHFFFAOYSA-N||ZMZDMBWJUHKJPS-UHFFFAOYSA-M,genuinely_unseen_identity,,
CC[n+]1ccccc1||O=S(=O)([O-])O,C(C)[N+]1=CC=CC=C1.O=S(=O)([O-])O,OIDIRWZVUWCCCO-UHFFFAOYSA-N||QAOWNCQODCNURD-UHFFFAOYSA-M,genuinely_unseen_identity,,
CC[n+]1ccccc1||FC(F)(F)C(F)(F)[P-](F)(F)(F)(C(F)(F)C(F)(F)F)C(F)(F)C(F)(F)F,C(C)[N+]1=CC=CC=C1.FC(F)(F)C(F)(F)[P-](F)(F)(F)(C(F)(F)C(F)(F)F)C(F)(F)C(F)(F)F,OIDIRWZVUWCCCO-UHFFFAOYSA-N||OXDZSRZJFHVGGS-UHFFFAOYSA-N,genuinely_unseen_identity,,
CC[n+]1ccccc1||O=C[O-],C(C)[N+]1=CC=CC=C1.O=C[O-],OIDIRWZVUWCCCO-UHFFFAOYSA-N||BDAGIHXWWSANSR-UHFFFAOYSA-M,genuinely_unseen_identity,,
CC[n+]1ccccc1||O=[N+]([O-])[O-],C(C)[N+]1=CC=CC=C1.O=[N+]([O-])[O-],OIDIRWZVUWCCCO-UHFFFAOYSA-N||NHNBFGGVMKEFGY-UHFFFAOYSA-N,genuinely_unseen_identity,,
CC[n+]1ccccc1||COS(=O)(=O)[O-],C(C)[N+]1=CC=CC=C1.COS(=O)(=O)[O-],OIDIRWZVUWCCCO-UHFFFAOYSA-N||JZMJDSHXVKJFKW-UHFFFAOYSA-M,genuinely_unseen_identity,,
CC[n+]1ccccc1||CS(=O)(=O)[O-],C(C)[N+]1=CC=CC=C1.CS(=O)(=O)[O-],OIDIRWZVUWCCCO-UHFFFAOYSA-N||AFVFQIVMOAPDHO-UHFFFAOYSA-M,genuinely_unseen_identity,,
CC[n+]1ccccc1||O=[N+]([O-])c1cn[n-]c1,C(C)[N+]1=CC=CC=C1.O=[N+]([O-])c1cn[n-]c1,OIDIRWZVUWCCCO-UHFFFAOYSA-N||IDGLPDIIVPZHRB-UHFFFAOYSA-N,genuinely_unseen_identity,,
CC[n+]1ccccc1||N#C[C-](C#N)C#N,C(C)[N+]1=CC=CC=C1.N#C[C-](C#N)C#N,OIDIRWZVUWCCCO-UHFFFAOYSA-N||CXERBOODJDWFQL-UHFFFAOYSA-N,genuinely_unseen_identity,,
CC[n+]1ccccc1||CCCC(=O)[O-],C(C)[N+]1=CC=CC=C1.CCCC(=O)[O-],OIDIRWZVUWCCCO-UHFFFAOYSA-N||FERIUCNNQQJTOY-UHFFFAOYSA-M,genuinely_unseen_identity,,
CC[n+]1ccccc1||C[C@H](N)C(=O)[O-],C(C)[N+]1=CC=CC=C1.C[C@H](N)C(=O)[O-],OIDIRWZVUWCCCO-UHFFFAOYSA-N||QNAYBMKLOCPYGJ-REOHCLBHSA-M,genuinely_unseen_identity,,
CC[n+]1ccccc1||N#C[B-](C#N)(C#N)C#N,C(C)[N+]1=CC=CC=C1.N#C[B-](C#N)(C#N)C#N,OIDIRWZVUWCCCO-UHFFFAOYSA-N||KDCFMDHINPOTEA-UHFFFAOYSA-N,genuinely_unseen_identity,,
CC[n+]1ccccc1||NCC(=O)[O-],C(C)[N+]1=CC=CC=C1.NCC(=O)[O-],OIDIRWZVUWCCCO-UHFFFAOYSA-N||DHMQDGOQFOQNFH-UHFFFAOYSA-M,genuinely_unseen_identity,,
CC[n+]1ccccc1||O=S(=O)([N-]S(=O)(=O)C(F)(F)C(F)(F)F)C(F)(F)C(F)(F)F,C(C)[N+]1=CC=CC=C1.O=S(=O)([N-]S(=O)(=O)C(F)(F)C(F)(F)F)C(F)(F)C(F)(F)F,OIDIRWZVUWCCCO-UHFFFAOYSA-N||SLSPYQCCSCAKIB-UHFFFAOYSA-N,genuinely_unseen_identity,,
CC[n+]1ccccc1||CC(O)C(=O)[O-],C(C)[N+]1=CC=CC=C1.CC(O)C(=O)[O-],OIDIRWZVUWCCCO-UHFFFAOYSA-N||JVTAAEKCZFNVCJ-UHFFFAOYSA-M,genuinely_unseen_identity,,
CC[n+]1ccccc1||CCC(=O)[O-],C(C)[N+]1=CC=CC=C1.CCC(=O)[O-],OIDIRWZVUWCCCO-UHFFFAOYSA-N||XBDQKXXYIPTUBI-UHFFFAOYSA-M,genuinely_unseen_identity,,
CC[n+]1ccccc1||CCCCCC(=O)[O-],C(C)[N+]1=CC=CC=C1.CCCCCC(=O)[O-],OIDIRWZVUWCCCO-UHFFFAOYSA-N||FUZZWVXGSFPDMH-UHFFFAOYSA-M,genuinely_unseen_identity,,
CC[n+]1ccccc1||CCCCCCCC(=O)[O-],C(C)[N+]1=CC=CC=C1.CCCCCCCC(=O)[O-],OIDIRWZVUWCCCO-UHFFFAOYSA-N||WWZKQHOCKIZLMA-UHFFFAOYSA-M,genuinely_unseen_identity,,
CC[n+]1ccccc1||C[C@@H](O)[C@H](N)C(=O)[O-],C(C)[N+]1=CC=CC=C1.C[C@@H](O)[C@H](N)C(=O)[O-],OIDIRWZVUWCCCO-UHFFFAOYSA-N||AYFVYJQAPQTCCC-GBXIJSLDSA-M,genuinely_unseen_identity,,
COCC[n+]1ccn(C)c1||[Br-],COCC[n+]1ccn(C)c1.[Br-],BYCVVPOEPZGGGL-UHFFFAOYSA-N||CPELXLSAUQHCOX-UHFFFAOYSA-M,genuinely_unseen_identity,,
COCC[n+]1ccn(C)c1||N#C[N-]C#N,COCC[n+]1ccn(C)c1.N#C[N-]C#N,BYCVVPOEPZGGGL-UHFFFAOYSA-N||UKDLHLAPDXIAID-UHFFFAOYSA-N,genuinely_unseen_identity,,
COCC[n+]1ccn(C)c1||CC(=O)[O-],COCC[n+]1ccn(C)c1.CC(=O)[O-],BYCVVPOEPZGGGL-UHFFFAOYSA-N||QTBSBXVTEAMEQO-UHFFFAOYSA-M,genuinely_unseen_identity,,
COCC[n+]1ccn(C)c1||N#C[S-],COCC[n+]1ccn(C)c1.N#C[S-],BYCVVPOEPZGGGL-UHFFFAOYSA-N||ZMZDMBWJUHKJPS-UHFFFAOYSA-M,genuinely_unseen_identity,,
COCC[n+]1ccn(C)c1||O=C([O-])C(F)(F)F,COCC[n+]1ccn(C)c1.O=C([O-])C(F)(F)F,BYCVVPOEPZGGGL-UHFFFAOYSA-N||DTQVDTLACAAQTR-UHFFFAOYSA-M,genuinely_unseen_identity,,
COCC[n+]1ccn(C)c1||O=S(=O)(F)[N-]S(=O)(=O)F,COCC[n+]1ccn(C)c1.O=S(=O)(F)[N-]S(=O)(=O)F,BYCVVPOEPZGGGL-UHFFFAOYSA-N||NVIANCROYQGROD-UHFFFAOYSA-N,genuinely_unseen_identity,,
COCC[n+]1ccn(C)c1||O=S(=O)([O-])O,COCC[n+]1ccn(C)c1.O=S(=O)([O-])O,BYCVVPOEPZGGGL-UHFFFAOYSA-N||QAOWNCQODCNURD-UHFFFAOYSA-M,genuinely_unseen_identity,,
COCC[n+]1ccn(C)c1||FC(F)(F)C(F)(F)[P-](F)(F)(F)(C(F)(F)C(F)(F)F)C(F)(F)C(F)(F)F,COCC[n+]1ccn(C)c1.FC(F)(F)C(F)(F)[P-](F)(F)(F)(C(F)(F)C(F)(F)F)C(F)(F)C(F)(F)F,BYCVVPOEPZGGGL-UHFFFAOYSA-N||OXDZSRZJFHVGGS-UHFFFAOYSA-N,genuinely_unseen_identity,,
COCC[n+]1ccn(C)c1||O=C[O-],COCC[n+]1ccn(C)c1.O=C[O-],BYCVVPOEPZGGGL-UHFFFAOYSA-N||BDAGIHXWWSANSR-UHFFFAOYSA-M,genuinely_unseen_identity,,
COCC[n+]1ccn(C)c1||O=[N+]([O-])[O-],COCC[n+]1ccn(C)c1.O=[N+]([O-])[O-],BYCVVPOEPZGGGL-UHFFFAOYSA-N||NHNBFGGVMKEFGY-UHFFFAOYSA-N,genuinely_unseen_identity,,
COCC[n+]1ccn(C)c1||COS(=O)(=O)[O-],COCC[n+]1ccn(C)c1.COS(=O)(=O)[O-],BYCVVPOEPZGGGL-UHFFFAOYSA-N||JZMJDSHXVKJFKW-UHFFFAOYSA-M,genuinely_unseen_identity,,
COCC[n+]1ccn(C)c1||CCOS(=O)(=O)[O-],COCC[n+]1ccn(C)c1.C(C)OS(=O)(=O)[O-],BYCVVPOEPZGGGL-UHFFFAOYSA-N||KIWBPDUYBMNFTB-UHFFFAOYSA-M,genuinely_unseen_identity,,
COCC[n+]1ccn(C)c1||CS(=O)(=O)[O-],COCC[n+]1ccn(C)c1.CS(=O)(=O)[O-],BYCVVPOEPZGGGL-UHFFFAOYSA-N||AFVFQIVMOAPDHO-UHFFFAOYSA-M,pseudo_unseen_known_identity,1-(2-methoxyethyl)-3-methyl-1H-imidazol-3-ium methanesulfonate,
COCC[n+]1ccn(C)c1||O=[N+]([O-])c1cn[n-]c1,COCC[n+]1ccn(C)c1.O=[N+]([O-])c1cn[n-]c1,BYCVVPOEPZGGGL-UHFFFAOYSA-N||IDGLPDIIVPZHRB-UHFFFAOYSA-N,genuinely_unseen_identity,,
COCC[n+]1ccn(C)c1||N#C[C-](C#N)C#N,COCC[n+]1ccn(C)c1.N#C[C-](C#N)C#N,BYCVVPOEPZGGGL-UHFFFAOYSA-N||CXERBOODJDWFQL-UHFFFAOYSA-N,genuinely_unseen_identity,,
COCC[n+]1ccn(C)c1||CCCC(=O)[O-],COCC[n+]1ccn(C)c1.CCCC(=O)[O-],BYCVVPOEPZGGGL-UHFFFAOYSA-N||FERIUCNNQQJTOY-UHFFFAOYSA-M,genuinely_unseen_identity,,
COCC[n+]1ccn(C)c1||N#C[B-](C#N)(C#N)C#N,COCC[n+]1ccn(C)c1.N#C[B-](C#N)(C#N)C#N,BYCVVPOEPZGGGL-UHFFFAOYSA-N||KDCFMDHINPOTEA-UHFFFAOYSA-N,genuinely_unseen_identity,,
COCC[n+]1ccn(C)c1||NCC(=O)[O-],COCC[n+]1ccn(C)c1.NCC(=O)[O-],BYCVVPOEPZGGGL-UHFFFAOYSA-N||DHMQDGOQFOQNFH-UHFFFAOYSA-M,genuinely_unseen_identity,,
COCC[n+]1ccn(C)c1||O=S(=O)([N-]S(=O)(=O)C(F)(F)C(F)(F)F)C(F)(F)C(F)(F)F,COCC[n+]1ccn(C)c1.O=S(=O)([N-]S(=O)(=O)C(F)(F)C(F)(F)F)C(F)(F)C(F)(F)F,BYCVVPOEPZGGGL-UHFFFAOYSA-N||SLSPYQCCSCAKIB-UHFFFAOYSA-N,genuinely_unseen_identity,,
COCC[n+]1ccn(C)c1||CC(O)C(=O)[O-],COCC[n+]1ccn(C)c1.CC(O)C(=O)[O-],BYCVVPOEPZGGGL-UHFFFAOYSA-N||JVTAAEKCZFNVCJ-UHFFFAOYSA-M,genuinely_unseen_identity,,
COCC[n+]1ccn(C)c1||CCC(=O)[O-],COCC[n+]1ccn(C)c1.CCC(=O)[O-],BYCVVPOEPZGGGL-UHFFFAOYSA-N||XBDQKXXYIPTUBI-UHFFFAOYSA-M,genuinely_unseen_identity,,
COCC[n+]1ccn(C)c1||CCCCCC(=O)[O-],COCC[n+]1ccn(C)c1.CCCCCC(=O)[O-],BYCVVPOEPZGGGL-UHFFFAOYSA-N||FUZZWVXGSFPDMH-UHFFFAOYSA-M,genuinely_unseen_identity,,
COCC[n+]1ccn(C)c1||CCCCCCCC(=O)[O-],COCC[n+]1ccn(C)c1.CCCCCCCC(=O)[O-],BYCVVPOEPZGGGL-UHFFFAOYSA-N||WWZKQHOCKIZLMA-UHFFFAOYSA-M,genuinely_unseen_identity,,
CCCC[P+](CC)(CCCC)CCCC||O=S(=O)([N-]S(=O)(=O)C(F)(F)F)C(F)(F)F,CCCC[P+](CC)(CCCC)CCCC.FC(S(=O)(=O)[N-]S(=O)(=O)C(F)(F)F)(F)F,HOMONHWYLOPSLL-UHFFFAOYSA-N||NHHWJSXMTZIPES-UHFFFAOYSA-N,genuinely_unseen_identity,,
CCCC[P+](CC)(CCCC)CCCC||F[B-](F)(F)F,CCCC[P+](CC)(CCCC)CCCC.F[B-](F)(F)F,HOMONHWYLOPSLL-UHFFFAOYSA-N||ODGCEQLVLXJUCC-UHFFFAOYSA-N,genuinely_unseen_identity,,
CCCC[P+](CC)(CCCC)CCCC||[Br-],CCCC[P+](CC)(CCCC)CCCC.[Br-],HOMONHWYLOPSLL-UHFFFAOYSA-N||CPELXLSAUQHCOX-UHFFFAOYSA-M,genuinely_unseen_identity,,
CCCC[P+](CC)(CCCC)CCCC||O=S(=O)([O-])C(F)(F)F,CCCC[P+](CC)(CCCC)CCCC.O=S(=O)([O-])C(F)(F)F,HOMONHWYLOPSLL-UHFFFAOYSA-N||ITMCEJHCFYSIIV-UHFFFAOYSA-M,genuinely_unseen_identity,,
CCCC[P+](CC)(CCCC)CCCC||[Cl-],CCCC[P+](CC)(CCCC)CCCC.[Cl-],HOMONHWYLOPSLL-UHFFFAOYSA-N||VEXZGXHMUGYJMC-UHFFFAOYSA-M,genuinely_unseen_identity,,
CCCC[P+](CC)(CCCC)CCCC||N#C[N-]C#N,CCCC[P+](CC)(CCCC)CCCC.N#C[N-]C#N,HOMONHWYLOPSLL-UHFFFAOYSA-N||UKDLHLAPDXIAID-UHFFFAOYSA-N,genuinely_unseen_identity,,
CCCC[P+](CC)(CCCC)CCCC||F[P-](F)(F)(F)(F)F,CCCC[P+](CC)(CCCC)CCCC.F[P-](F)(F)(F)(F)F,HOMONHWYLOPSLL-UHFFFAOYSA-N||LJQLCJWAZJINEB-UHFFFAOYSA-N,genuinely_unseen_identity,,
CCCC[P+](CC)(CCCC)CCCC||N#C[S-],CCCC[P+](CC)(CCCC)CCCC.N#C[S-],HOMONHWYLOPSLL-UHFFFAOYSA-N||ZMZDMBWJUHKJPS-UHFFFAOYSA-M,genuinely_unseen_identity,,
CCCC[P+](CC)(CCCC)CCCC||O=C([O-])C(F)(F)F,CCCC[P+](CC)(CCCC)CCCC.O=C([O-])C(F)(F)F,HOMONHWYLOPSLL-UHFFFAOYSA-N||DTQVDTLACAAQTR-UHFFFAOYSA-M,genuinely_unseen_identity,,
CCCC[P+](CC)(CCCC)CCCC||O=S(=O)(F)[N-]S(=O)(=O)F,CCCC[P+](CC)(CCCC)CCCC.O=S(=O)(F)[N-]S(=O)(=O)F,HOMONHWYLOPSLL-UHFFFAOYSA-N||NVIANCROYQGROD-UHFFFAOYSA-N,genuinely_unseen_identity,,
CCCC[P+](CC)(CCCC)CCCC||O=S(=O)([O-])O,CCCC[P+](CC)(CCCC)CCCC.O=S(=O)([O-])O,HOMONHWYLOPSLL-UHFFFAOYSA-N||QAOWNCQODCNURD-UHFFFAOYSA-M,genuinely_unseen_identity,,
CCCC[P+](CC)(CCCC)CCCC||FC(F)(F)C(F)(F)[P-](F)(F)(F)(C(F)(F)C(F)(F)F)C(F)(F)C(F)(F)F,CCCC[P+](CC)(CCCC)CCCC.FC(F)(F)C(F)(F)[P-](F)(F)(F)(C(F)(F)C(F)(F)F)C(F)(F)C(F)(F)F,HOMONHWYLOPSLL-UHFFFAOYSA-N||OXDZSRZJFHVGGS-UHFFFAOYSA-N,genuinely_unseen_identity,,
CCCC[P+](CC)(CCCC)CCCC||O=[N+]([O-])[O-],CCCC[P+](CC)(CCCC)CCCC.O=[N+]([O-])[O-],HOMONHWYLOPSLL-UHFFFAOYSA-N||NHNBFGGVMKEFGY-UHFFFAOYSA-N,genuinely_unseen_identity,,
CCCC[P+](CC)(CCCC)CCCC||COS(=O)(=O)[O-],CCCC[P+](CC)(CCCC)CCCC.COS(=O)(=O)[O-],HOMONHWYLOPSLL-UHFFFAOYSA-N||JZMJDSHXVKJFKW-UHFFFAOYSA-M,genuinely_unseen_identity,,
CCCC[P+](CC)(CCCC)CCCC||CCOS(=O)(=O)[O-],CCCC[P+](CC)(CCCC)CCCC.C(C)OS(=O)(=O)[O-],HOMONHWYLOPSLL-UHFFFAOYSA-N||KIWBPDUYBMNFTB-UHFFFAOYSA-M,genuinely_unseen_identity,,
CCCC[P+](CC)(CCCC)CCCC||CS(=O)(=O)[O-],CCCC[P+](CC)(CCCC)CCCC.CS(=O)(=O)[O-],HOMONHWYLOPSLL-UHFFFAOYSA-N||AFVFQIVMOAPDHO-UHFFFAOYSA-M,genuinely_unseen_identity,,
CCCC[P+](CC)(CCCC)CCCC||O=[N+]([O-])c1cn[n-]c1,CCCC[P+](CC)(CCCC)CCCC.O=[N+]([O-])c1cn[n-]c1,HOMONHWYLOPSLL-UHFFFAOYSA-N||IDGLPDIIVPZHRB-UHFFFAOYSA-N,genuinely_unseen_identity,,
CCCC[P+](CC)(CCCC)CCCC||N#C[C-](C#N)C#N,CCCC[P+](CC)(CCCC)CCCC.N#C[C-](C#N)C#N,HOMONHWYLOPSLL-UHFFFAOYSA-N||CXERBOODJDWFQL-UHFFFAOYSA-N,genuinely_unseen_identity,,
CCCC[P+](CC)(CCCC)CCCC||C[C@H](N)C(=O)[O-],CCCC[P+](CC)(CCCC)CCCC.C[C@H](N)C(=O)[O-],HOMONHWYLOPSLL-UHFFFAOYSA-N||QNAYBMKLOCPYGJ-REOHCLBHSA-M,genuinely_unseen_identity,,
CCCC[P+](CC)(CCCC)CCCC||N#C[B-](C#N)(C#N)C#N,CCCC[P+](CC)(CCCC)CCCC.N#C[B-](C#N)(C#N)C#N,HOMONHWYLOPSLL-UHFFFAOYSA-N||KDCFMDHINPOTEA-UHFFFAOYSA-N,genuinely_unseen_identity,,
CCCC[P+](CC)(CCCC)CCCC||NCC(=O)[O-],CCCC[P+](CC)(CCCC)CCCC.NCC(=O)[O-],HOMONHWYLOPSLL-UHFFFAOYSA-N||DHMQDGOQFOQNFH-UHFFFAOYSA-M,genuinely_unseen_identity,,
CCCC[P+](CC)(CCCC)CCCC||O=S(=O)([N-]S(=O)(=O)C(F)(F)C(F)(F)F)C(F)(F)C(F)(F)F,CCCC[P+](CC)(CCCC)CCCC.O=S(=O)([N-]S(=O)(=O)C(F)(F)C(F)(F)F)C(F)(F)C(F)(F)F,HOMONHWYLOPSLL-UHFFFAOYSA-N||SLSPYQCCSCAKIB-UHFFFAOYSA-N,genuinely_unseen_identity,,
CCCC[P+](CC)(CCCC)CCCC||CC(O)C(=O)[O-],CCCC[P+](CC)(CCCC)CCCC.CC(O)C(=O)[O-],HOMONHWYLOPSLL-UHFFFAOYSA-N||JVTAAEKCZFNVCJ-UHFFFAOYSA-M,genuinely_unseen_identity,,
CCCC[P+](CC)(CCCC)CCCC||CCC(=O)[O-],CCCC[P+](CC)(CCCC)CCCC.CCC(=O)[O-],HOMONHWYLOPSLL-UHFFFAOYSA-N||XBDQKXXYIPTUBI-UHFFFAOYSA-M,genuinely_unseen_identity,,
CCCC[P+](CC)(CCCC)CCCC||CCCCCCCC(=O)[O-],CCCC[P+](CC)(CCCC)CCCC.CCCCCCCC(=O)[O-],HOMONHWYLOPSLL-UHFFFAOYSA-N||WWZKQHOCKIZLMA-UHFFFAOYSA-M,genuinely_unseen_identity,,
CCCC[P+](CC)(CCCC)CCCC||C[C@@H](O)[C@H](N)C(=O)[O-],CCCC[P+](CC)(CCCC)CCCC.C[C@@H](O)[C@H](N)C(=O)[O-],HOMONHWYLOPSLL-UHFFFAOYSA-N||AYFVYJQAPQTCCC-GBXIJSLDSA-M,genuinely_unseen_identity,,
