candidate_id,candidate_type,temperature_point_count,low_temperature_K,reference_temperature_K,high_temperature_K,electrolyte_resistance_ohm_at_low_temperature,electrolyte_resistance_ohm_at_reference_temperature,electrolyte_resistance_ohm_at_high_temperature,low_temperature_resistance_ratio_to_reference,high_temperature_resistance_ratio_to_reference,high_to_low_temperature_resistance_ratio,low_temperature_resistance_retention_pct,high_temperature_resistance_retention_pct,low_temperature_conductivity_retention_pct,high_temperature_conductivity_retention_pct,electrolyte_resistance_ohm_worst,electrolyte_resistance_worst_temperature_K,joule_heating_power_W_worst,joule_heating_worst_temperature_K,steady_state_temperature_rise_K_worst,steady_state_temperature_rise_worst_temperature_K,transient_temperature_rise_K_worst,transient_temperature_rise_worst_temperature_K,reference_cell_exceedance_index_worst,reference_cell_exceedance_band_worst,reference_cell_exceedance_index_worst_temperature_K,reference_cell_exceedance_component_worst,reference_cell_exceedance_index_at_band_worst,reference_cell_exceedance_band_worst_temperature_K,reference_cell_exceedance_band_component_worst,scenario_interpretation
REF-0001,observed_reference,12,298.15,298.15,353.15,0.027143215383664578,0.027143215383664578,0.005382221682698809,1.0,0.19828976068686233,0.19828976068686233,100.0,19.82897606868623,100.0,504.31247510515294,0.027143215383664578,298.15,0.10857286153465831,298.15,0.5514375196547715,298.15,0.5502764209988568,298.15,0.40112814950135567,within_reference_envelope,348.15,none,0.40112814950135567,348.15,none,conditional_liquid_phase_not_verified
REF-0002,observed_reference,12,298.15,298.15,353.15,0.01257994219014746,0.01257994219014746,0.003230552122497601,1.0,0.2568018257689412,0.2568018257689412,99.99999999999999,25.680182576894122,99.99999999999999,389.40533113645193,0.01257994219014746,298.15,0.05031976876058984,298.15,0.2556117974711477,298.15,0.25503715514552716,298.15,0.2373017614437189,within_reference_envelope,353.15,none,0.2373017614437189,353.15,none,conditional_liquid_phase_not_verified
REF-0003,observed_reference,12,298.15,298.15,353.15,0.5458417113578253,0.5458417113578253,0.10674334630228888,1.0,0.19555732748374283,0.19555732748374283,100.0,19.555732748374282,100.0,511.3590029415454,0.5458417113578253,298.15,2.1833668454313013,298.15,11.06801087950218,298.15,11.048188318993592,298.15,9.337843084767636,beyond_reference_tail,333.15,electrical;thermal,9.337843084767636,333.15,electrical;thermal,conditional_liquid_phase_not_verified
REF-0004,observed_reference,12,298.15,298.15,353.15,0.050518015273094366,0.050518015273094366,0.008135101952942408,1.0,0.16103368093471243,0.16103368093471243,100.0,16.103368093471243,100.0,620.9881027345006,0.050518015273094366,298.15,0.20207206109237746,298.15,1.0262883181288753,298.15,1.0240860975069623,298.15,0.6426044202891144,within_reference_envelope,303.15,none,0.6426044202891144,303.15,none,conditional_liquid_phase_not_verified
REF-0005,observed_reference,12,298.15,298.15,353.15,0.10858571228279564,0.10858571228279564,0.016452338257367072,1.0,0.1515147611181051,0.1515147611181051,100.0,15.15147611181051,100.0,660.0017005739159,0.10858571228279564,298.15,0.43434284913118254,298.15,2.2054548423662648,298.15,2.2010864422682137,298.15,1.3805211839049616,elevated_reference_tail,298.15,electrical;thermal,1.3805211839049616,298.15,electrical;thermal,conditional_liquid_phase_not_verified
REF-0006,observed_reference,12,298.15,298.15,353.15,0.019590051599977627,0.019590051599977627,0.0045537269347213985,1.0,0.23245099235606909,0.23245099235606909,100.0,23.245099235606908,100.0,430.19820645385636,0.019590051599977627,298.15,0.07836020639991051,298.15,0.39798748497269054,298.15,0.39730810198891364,298.15,0.33692105810967593,within_reference_envelope,348.15,none,0.33692105810967593,348.15,none,conditional_liquid_phase_not_verified
REF-0007,observed_reference,12,298.15,298.15,353.15,0.04016316659880926,0.04016316659880926,0.0069756392542028745,1.0,0.1736825017778774,0.1736825017778774,100.0,17.368250177787736,100.0,575.7632402594594,0.04016316659880926,298.15,0.16065266639523704,298.15,0.8160153048376061,298.15,0.8141522445968778,298.15,0.530067751813174,within_reference_envelope,333.15,none,0.530067751813174,333.15,none,conditional_liquid_phase_not_verified
REF-0008,observed_reference,12,298.15,298.15,353.15,0.20216835025152508,0.20216835025152508,0.028977769947760544,1.0,0.14333484895983092,0.14333484895983092,100.00000000000001,14.333484895983092,100.00000000000001,697.6670413768297,0.20216835025152508,298.15,0.8086734010061003,298.15,4.105164425085786,298.15,4.09771148419987,298.15,2.570084209704668,elevated_reference_tail,298.15,electrical;thermal,2.570084209704668,298.15,electrical;thermal,conditional_liquid_phase_not_verified
REF-0009,observed_reference,12,298.15,298.15,353.15,0.03402108562305722,0.03402108562305722,0.006330076588526169,1.0,0.186063333153486,0.186063333153486,100.0,18.6063333153486,100.0,537.4514059549214,0.03402108562305722,298.15,0.1360843424922289,298.15,0.6910898015055223,298.15,0.689553204518648,298.15,0.4795824580202527,within_reference_envelope,338.15,none,0.4795824580202527,338.15,none,conditional_liquid_phase_not_verified
REF-0010,observed_reference,12,298.15,298.15,353.15,0.02895057292993213,0.02895057292993213,0.005339639269474695,1.0,0.1844398479573445,0.1844398479573445,100.0,18.44398479573445,100.0,542.1821862655571,0.02895057292993213,298.15,0.11580229171972851,298.15,0.5881776803971364,298.15,0.5857280635718793,298.15,0.40123228751929174,within_reference_envelope,333.15,none,0.40123228751929174,333.15,none,conditional_liquid_phase_not_verified
REF-0011,observed_reference,12,298.15,298.15,353.15,0.03948058182572925,0.03948058182572925,0.006872317692379407,1.0,0.17406829825138898,0.17406829825138898,100.0,17.406829825138896,100.0,574.4871467381168,0.03948058182572925,298.15,0.157922327302917,298.15,0.8023831849545574,298.15,0.8004999496887681,298.15,0.5208377588923305,within_reference_envelope,338.15,none,0.5208377588923305,338.15,none,conditional_liquid_phase_not_verified
REF-0012,observed_reference,12,298.15,298.15,353.15,0.0715147748551884,0.0715147748551884,0.01155694984491623,1.0,0.16160226845876413,0.16160226845876413,100.0,16.160226845876412,100.0,618.8031947430051,0.0715147748551884,298.15,0.2860590994207536,298.15,1.4530333558583006,298.15,1.4498492261217555,298.15,0.911811672694105,within_reference_envelope,303.15,none,0.911811672694105,303.15,none,conditional_liquid_phase_not_verified
REF-0013,observed_reference,12,298.15,298.15,353.15,0.02174142601935839,0.02174142601935839,0.007294319321423561,1.0,0.3355032606844076,0.3355032606844076,100.0,33.55032606844076,100.0,298.0596963379899,0.02174142601935839,298.15,0.08696570407743356,298.15,0.44155004675998094,298.15,0.44043761713301866,298.15,0.535807737461462,within_reference_envelope,353.15,none,0.535807737461462,353.15,none,conditional_liquid_phase_not_verified
REF-0014,observed_reference,12,298.15,298.15,353.15,0.013759978767732956,0.013759978767732956,0.0034398567338721447,1.0,0.24998997396264755,0.24998997396264755,100.0,24.998997396264755,100.0,400.0160423031269,0.013759978767732956,298.15,0.055039915070931825,298.15,0.27979313531423206,298.15,0.27857815472045927,298.15,0.25269894900864404,within_reference_envelope,348.15,none,0.25269894900864404,348.15,none,conditional_liquid_phase_not_verified
REF-0015,observed_reference,12,298.15,298.15,353.15,0.023906922516035472,0.023906922516035472,0.005166403982153916,1.0,0.21610493691476063,0.21610493691476063,100.00000000000001,21.610493691476066,100.00000000000001,462.7381559517241,0.023906922516035472,298.15,0.09562769006414189,298.15,0.4864717368815345,298.15,0.48439179976276486,298.15,0.3818826456688108,within_reference_envelope,348.15,none,0.3818826456688108,348.15,none,conditional_liquid_phase_not_verified
REF-0016,observed_reference,12,298.15,298.15,353.15,0.14353685854075893,0.14353685854075893,0.01560348154884393,1.0,0.10870714120034293,0.10870714120034293,100.0,10.870714120034293,100.0,919.9027671577159,0.14353685854075893,298.15,0.5741474341630357,298.15,2.914508852891183,298.15,2.909856086626391,298.15,1.825061429919533,elevated_reference_tail,298.15,electrical;thermal,1.825061429919533,298.15,electrical;thermal,conditional_liquid_phase_not_verified
REF-0017,observed_reference,12,298.15,298.15,353.15,0.05446235188663589,0.05446235188663589,0.009364474242082912,1.0,0.1719439928260019,0.1719439928260019,99.99999999999999,17.19439928260019,99.99999999999999,581.5847262613858,0.05446235188663589,298.15,0.21784940754654356,298.15,1.106397913767805,298.15,1.1028657949111638,298.15,0.7027439607561202,within_reference_envelope,343.15,none,0.7027439607561202,343.15,none,conditional_liquid_phase_not_verified
REF-0018,observed_reference,12,298.15,298.15,353.15,0.02952056748720072,0.02952056748720072,0.0059631799615279075,1.0,0.20200085801580114,0.20200085801580114,100.0,20.200085801580116,100.0,495.04740218567633,0.02952056748720072,298.15,0.11808226994880287,298.15,0.5997147854864849,298.15,0.5984417942242387,298.15,0.4465502145345311,within_reference_envelope,343.15,none,0.4465502145345311,343.15,none,conditional_liquid_phase_not_verified
REF-0019,observed_reference,12,298.15,298.15,353.15,0.03209876581002183,0.03209876581002183,0.006779428044593571,1.0,0.2112052558256588,0.2112052558256588,100.0,21.120525582565882,100.0,473.47306585280177,0.03209876581002183,298.15,0.12839506324008731,298.15,0.6507197829046838,298.15,0.6423719096290076,298.15,0.5055637295509525,within_reference_envelope,348.15,none,0.5055637295509525,348.15,none,conditional_liquid_phase_not_verified
REF-0020,observed_reference,12,298.15,298.15,353.15,0.08025714772797332,0.08025714772797332,0.01313890685107209,1.0,0.1637101145882434,0.1637101145882434,100.0,16.371011458824338,100.0,610.8358072530564,0.08025714772797332,298.15,0.3210285909118933,298.15,1.630341446626076,298.15,1.6269552939055751,298.15,1.0323066871585809,elevated_reference_tail,328.15,electrical;thermal,1.0323066871585809,328.15,electrical;thermal,conditional_liquid_phase_not_verified
REF-0021,observed_reference,12,298.15,298.15,353.15,0.39158211978117025,0.39158211978117025,0.023500262846012296,1.0,0.06001362590085845,0.06001362590085845,100.0,6.0013625900858445,100.0,1666.2882553571817,0.39158211978117025,298.15,1.566328479124681,298.15,7.952490205660004,298.15,7.943634098294464,298.15,4.9822464666969175,elevated_reference_tail,298.15,electrical;thermal,4.9822464666969175,298.15,electrical;thermal,conditional_liquid_phase_not_verified
REF-0022,observed_reference,12,298.15,298.15,353.15,0.040556396524624824,0.040556396524624824,0.010740088655643338,1.0,0.26481861249981187,0.26481861249981187,100.0,26.481861249981186,100.0,377.61696225211904,0.040556396524624824,298.15,0.1622255860984993,298.15,0.8240465005168836,298.15,0.8222667042030949,298.15,0.799546550626696,within_reference_envelope,348.15,none,0.799546550626696,348.15,none,conditional_liquid_phase_not_verified
REF-0023,observed_reference,12,298.15,298.15,353.15,0.03093268011158631,0.03093268011158631,0.006076926370275465,1.0,0.19645650969633435,0.19645650969633435,100.0,19.645650969633436,100.0,509.0185107867967,0.03093268011158631,298.15,0.12373072044634524,298.15,0.6280352722219246,298.15,0.6268590382429806,298.15,0.4522702208795818,within_reference_envelope,348.15,none,0.4522702208795818,348.15,none,conditional_liquid_phase_not_verified
REF-0024,observed_reference,12,298.15,298.15,353.15,0.07404188716778642,0.07404188716778642,0.006726619155009267,1.0,0.09084883452208702,0.09084883452208702,100.0,9.084883452208702,100.0,1100.7295858670388,0.07404188716778642,298.15,0.2961675486711457,298.15,1.5031639548738114,298.15,1.4966862136221946,298.15,0.9407719436158253,within_reference_envelope,298.15,none,0.9407719436158253,298.15,none,conditional_liquid_phase_not_verified
REF-0025,observed_reference,12,298.15,298.15,353.15,0.03430395278600248,0.03430395278600248,0.01377194827258141,1.0,0.40146826106293415,0.40146826106293415,100.0,40.14682610629341,100.0,249.0856929393081,0.03430395278600248,298.15,0.1372158111440099,298.15,0.6966199796053538,298.15,0.6942759824518185,298.15,1.0117191952200573,elevated_reference_tail,353.15,electrical;thermal,1.0117191952200573,353.15,electrical;thermal,conditional_liquid_phase_not_verified
REF-0026,observed_reference,12,298.15,298.15,353.15,0.13604054891902095,0.13604054891902095,0.020308663009451628,1.0,0.1492838949182754,0.1492838949182754,100.0,14.928389491827538,100.0,669.8646230709911,0.13604054891902095,298.15,0.5441621956760838,298.15,2.762918364912676,298.15,2.7577686638876386,298.15,1.729672214455558,elevated_reference_tail,298.15,electrical;thermal,1.729672214455558,298.15,electrical;thermal,conditional_liquid_phase_not_verified
REF-0027,observed_reference,12,298.15,298.15,353.15,0.03730590234838265,0.03730590234838265,0.006783773432566998,1.0,0.1818418267762688,0.1818418267762688,100.0,18.18418267762688,100.0,549.9284833023381,0.03730590234838265,298.15,0.1492236093935306,298.15,0.7560627060136761,298.15,0.7496485488505821,298.15,0.5055600713248612,within_reference_envelope,348.15,none,0.5055600713248612,348.15,none,conditional_liquid_phase_not_verified
REF-0028,observed_reference,12,298.15,298.15,353.15,0.04622632186890583,0.04622632186890583,0.006705414245542497,1.0,0.14505619254239,0.14505619254239,100.0,14.505619254238999,100.0,689.3880105861517,0.04622632186890583,298.15,0.18490528747562332,298.15,0.9384318355323639,298.15,0.9355667957392189,298.15,0.5873489768335062,within_reference_envelope,298.15,none,0.5873489768335062,298.15,none,conditional_liquid_phase_not_verified
REF-0029,observed_reference,12,298.15,298.15,353.15,0.03918979522737182,0.03918979522737182,0.006548035704347172,1.0,0.16708522375166038,0.16708522375166038,100.0,16.708522375166037,100.0,598.496969119367,0.03918979522737182,298.15,0.1567591809094873,298.15,0.7963366494850085,298.15,0.7947822187169633,298.15,0.5007421766829155,within_reference_envelope,333.15,none,0.5007421766829155,333.15,none,conditional_liquid_phase_not_verified
REF-0030,observed_reference,12,298.15,298.15,353.15,1.2014174136863855,1.2014174136863855,0.06353425525676519,1.0,0.05288274877073655,0.05288274877073655,100.0,5.288274877073655,100.0,1890.9758347383122,1.2014174136863855,298.15,4.805669654745542,298.15,24.35619231057444,298.15,24.304954166695026,298.15,15.265140295605319,beyond_reference_tail,298.15,electrical;thermal,15.265140295605319,298.15,electrical;thermal,conditional_liquid_phase_not_verified
UPR-0001,unseen_pair_recombination,12,298.15,298.15,353.15,0.5305358890559617,0.5305358890559617,0.04612794600760028,1.0,0.0869459483498479,0.0869459483498479,100.0,8.69459483498479,100.0,1150.1398500781888,0.5305358890559617,298.15,2.122143556223847,298.15,10.742778188558908,298.15,10.701990775345031,298.15,6.7409583763591225,beyond_reference_tail,298.15,electrical;thermal,6.7409583763591225,298.15,electrical;thermal,conditional_liquid_phase_not_verified
UPR-0002,unseen_pair_recombination,12,298.15,298.15,353.15,0.032915899752295204,0.032915899752295204,0.006427868876074949,1.0,0.19528157894656178,0.19528157894656178,100.0,19.52815789465618,100.0,512.0810705210689,0.032915899752295204,298.15,0.13166359900918082,298.15,0.6717032252154201,298.15,0.668413751945479,298.15,0.47983655079844567,within_reference_envelope,348.15,none,0.47983655079844567,348.15,none,conditional_liquid_phase_not_verified
UPR-0003,unseen_pair_recombination,12,298.15,298.15,353.15,0.7938178393204378,0.7938178393204378,0.13520502211246968,1.0,0.17032247880472728,0.17032247880472728,100.00000000000001,17.03224788047273,100.00000000000001,587.1215631769242,0.7938178393204378,298.15,3.1752713572817512,298.15,16.10865834997372,298.15,16.09219334740217,298.15,12.563421212744274,beyond_reference_tail,328.15,electrical;thermal,12.563421212744274,328.15,electrical;thermal,conditional_liquid_phase_not_verified
UPR-0004,unseen_pair_recombination,12,298.15,298.15,353.15,0.9737076739993742,0.9737076739993742,0.012778399793561846,1.0,0.01312344570632403,0.01312344570632403,100.0,1.312344570632403,100.0,7619.949991625386,0.9737076739993742,298.15,3.8948306959974968,298.15,19.700258314468947,298.15,19.36681055042052,298.15,12.371873489747813,beyond_reference_tail,298.15,electrical;thermal,12.371873489747813,298.15,electrical;thermal,conditional_liquid_phase_not_verified
UPR-0005,unseen_pair_recombination,12,298.15,298.15,353.15,0.018670686909287134,0.018670686909287134,0.0033977131985433824,1.0,0.1819811566147199,0.1819811566147199,100.0,18.198115661471988,100.0,549.5074427497693,0.018670686909287134,298.15,0.07468274763714854,298.15,0.3771941823706543,298.15,0.36000364188987805,298.15,0.25744062728677325,within_reference_envelope,338.15,none,0.25744062728677325,338.15,none,conditional_liquid_phase_not_verified
UPR-0006,unseen_pair_recombination,12,298.15,298.15,353.15,0.7715728925102986,0.7715728925102986,0.028010587688856583,1.0,0.0363032293653094,0.0363032293653094,100.00000000000001,3.6303229365309395,100.00000000000001,2754.5758806669114,0.7715728925102986,298.15,3.0862915700411944,298.15,15.715569871185739,298.15,15.678299491093824,298.15,9.833427783398223,beyond_reference_tail,298.15,electrical;thermal,9.833427783398223,298.15,electrical;thermal,conditional_liquid_phase_not_verified
UPR-0007,unseen_pair_recombination,12,298.15,298.15,353.15,5.131947062995413,5.131947062995413,0.24903563021349526,1.0,0.0485265391783169,0.0485265391783169,100.0,4.852653917831691,100.0,2060.7280406405525,5.131947062995413,298.15,20.52778825198165,298.15,103.94780281450547,298.15,103.92742446150363,298.15,65.2062230943277,beyond_reference_tail,298.15,electrical;thermal,65.2062230943277,298.15,electrical;thermal,conditional_liquid_phase_not_verified
UPR-0008,unseen_pair_recombination,12,298.15,298.15,353.15,0.0550721649602979,0.0550721649602979,0.016222682532078956,1.0,0.29457136002868345,0.29457136002868345,100.0,29.457136002868342,100.0,339.47631565493214,0.0550721649602979,298.15,0.2202886598411916,298.15,1.1154770288958202,298.15,1.1145417906336708,298.15,1.2140248804338762,elevated_reference_tail,348.15,electrical;thermal,1.2140248804338762,348.15,electrical;thermal,conditional_liquid_phase_not_verified
UPR-0009,unseen_pair_recombination,12,298.15,298.15,353.15,0.23197982629736874,0.23197982629736874,0.027771668082103563,1.0,0.11971587583871972,0.11971587583871972,100.0,11.97158758387197,100.0,835.3111005487627,0.23197982629736874,298.15,0.927919305189475,298.15,4.699653806452888,298.15,4.668096644887918,298.15,2.94752227979931,elevated_reference_tail,298.15,electrical;thermal,2.94752227979931,298.15,electrical;thermal,conditional_liquid_phase_not_verified
UPR-0010,unseen_pair_recombination,12,298.15,298.15,353.15,0.04742230835155542,0.04742230835155542,0.006580686723493278,1.0,0.13876774354189436,0.13876774354189436,100.0,13.876774354189436,100.0,720.6285657430881,0.04742230835155542,298.15,0.18968923340622168,298.15,0.9645516078041324,298.15,0.9631070583057991,298.15,0.6040606451554933,within_reference_envelope,298.15,none,0.6040606451554933,298.15,none,conditional_liquid_phase_not_verified
UPR-0011,unseen_pair_recombination,12,298.15,298.15,353.15,0.09586523842042671,0.09586523842042671,0.005316301445652869,1.0,0.05545598731354206,0.05545598731354206,100.0,5.545598731354207,100.0,1803.2318031705213,0.09586523842042671,298.15,0.38346095368170685,298.15,1.9362267659116945,298.15,1.9348850321441684,298.15,1.2180581846814047,elevated_reference_tail,298.15,electrical;thermal,1.2180581846814047,298.15,electrical;thermal,conditional_liquid_phase_not_verified
UPR-0012,unseen_pair_recombination,12,298.15,298.15,353.15,0.020386101249341943,0.020386101249341943,0.0037543615331328824,1.0,0.18416280225499576,0.18416280225499576,100.0,18.416280225499577,100.0,542.9978191879262,0.020386101249341943,298.15,0.08154440499736777,298.15,0.41257157188641647,298.15,0.4010227918562964,298.15,0.27765275874891787,within_reference_envelope,348.15,none,0.27765275874891787,348.15,none,conditional_liquid_phase_not_verified
UPR-0013,unseen_pair_recombination,12,298.15,298.15,353.15,0.07770999103847712,0.07770999103847712,0.0070038384732004026,1.0,0.09012790221186026,0.09012790221186026,100.0,9.012790221186025,100.0,1109.5343123035725,0.07770999103847712,298.15,0.31083996415390847,298.15,1.5698002673617348,298.15,1.5687807423883149,298.15,0.9873786596223263,within_reference_envelope,298.15,none,0.9873786596223263,298.15,none,conditional_liquid_phase_not_verified
UPR-0014,unseen_pair_recombination,12,298.15,298.15,353.15,0.1643106782876023,0.1643106782876023,0.017711989258714703,1.0,0.10779572845358477,0.10779572845358477,100.00000000000001,10.779572845358478,100.00000000000001,927.6805438822051,0.1643106782876023,298.15,0.6572427131504092,298.15,3.3380292875173403,298.15,3.336768045062146,298.15,2.092820565119866,elevated_reference_tail,298.15,electrical;thermal,2.092820565119866,298.15,electrical;thermal,conditional_liquid_phase_not_verified
UPR-0015,unseen_pair_recombination,12,298.15,298.15,353.15,0.6593186078351655,0.6593186078351655,0.08446501907795134,1.0,0.12810956353148797,0.12810956353148797,100.00000000000001,12.810956353148798,100.00000000000001,780.5818491874032,0.6593186078351655,298.15,2.637274431340662,298.15,13.375984386224832,298.15,13.365587159657752,298.15,8.609651426335464,beyond_reference_tail,308.15,electrical;thermal,8.609651426335464,308.15,electrical;thermal,conditional_liquid_phase_not_verified
UPR-0016,unseen_pair_recombination,12,298.15,298.15,353.15,6.278895449820403,6.278895449820403,0.25522134532373,1.0,0.04064749084666319,0.04064749084666319,99.99999999999999,4.064749084666319,99.99999999999999,2460.1764565797084,6.278895449820403,298.15,25.11558179928161,298.15,127.16310302953895,298.15,127.04588640621007,298.15,79.77928307934968,beyond_reference_tail,298.15,electrical;thermal,79.77928307934968,298.15,electrical;thermal,conditional_liquid_phase_not_verified
UPR-0017,unseen_pair_recombination,12,298.15,298.15,353.15,26.90332773678336,26.90332773678336,0.019927690153054137,1.0,0.0007407146932908289,0.0007407146932908289,100.00000000000001,0.07407146932908289,100.00000000000001,135004.7473146813,26.90332773678336,298.15,107.61331094713344,298.15,544.347243310371,298.15,515.0180664732748,298.15,341.83212898548135,beyond_reference_tail,298.15,electrical;thermal,341.83212898548135,298.15,electrical;thermal,conditional_liquid_phase_not_verified
UPR-0018,unseen_pair_recombination,12,298.15,298.15,353.15,0.01719996005830503,0.01719996005830503,0.0032350164766405775,1.0,0.18808279005732598,0.18808279005732598,100.0,18.808279005732597,100.0,531.6807559560386,0.01719996005830503,298.15,0.06879984023322012,298.15,0.34741597005886066,298.15,0.347092490017507,298.15,0.24440681585527976,within_reference_envelope,338.15,none,0.24440681585527976,338.15,none,conditional_liquid_phase_not_verified
UPR-0019,unseen_pair_recombination,12,298.15,298.15,353.15,1.3179872711226361,1.3179872711226361,0.09424108417699675,1.0,0.07150378933229302,0.07150378933229302,100.0,7.1503789332293035,100.0,1398.5272799358804,1.3179872711226361,298.15,5.271949084490545,298.15,26.687224746066924,298.15,26.53822823845241,298.15,16.746270174140257,beyond_reference_tail,298.15,electrical;thermal,16.746270174140257,298.15,electrical;thermal,conditional_liquid_phase_not_verified
UPR-0020,unseen_pair_recombination,12,298.15,298.15,353.15,0.01719517217191384,0.01719517217191384,0.003966304552475068,1.0,0.23066384638785586,0.23066384638785586,100.0,23.06638463878559,100.0,433.53131219294914,0.01719517217191384,298.15,0.06878068868765536,298.15,0.3473520207939831,298.15,0.3434174206580839,298.15,0.2920869846163705,within_reference_envelope,348.15,none,0.2920869846163705,348.15,none,conditional_liquid_phase_not_verified
UPR-0021,unseen_pair_recombination,12,298.15,298.15,353.15,2.3164931338513166,2.3164931338513166,0.019433382361151618,1.0,0.008389138770656484,0.008389138770656484,100.0,0.8389138770656484,100.0,11920.174732331267,2.3164931338513166,298.15,9.265972535405266,298.15,46.80183000145361,298.15,46.66835311335395,298.15,29.43322801818275,beyond_reference_tail,298.15,electrical;thermal,29.43322801818275,298.15,electrical;thermal,conditional_liquid_phase_not_verified
UPR-0022,unseen_pair_recombination,12,298.15,298.15,353.15,21.411306457329733,21.411306457329733,0.019019837422558954,1.0,0.0008883081217142588,0.0008883081217142588,100.0,0.08883081217142587,100.0,112573.5514013086,21.411306457329733,298.15,85.64522582931893,298.15,432.80505974024004,298.15,431.6025410429762,298.15,272.05082368537865,beyond_reference_tail,298.15,electrical;thermal,272.05082368537865,298.15,electrical;thermal,conditional_liquid_phase_not_verified
UPR-0023,unseen_pair_recombination,12,298.15,298.15,353.15,0.014878731518666416,0.014878731518666416,0.0031639455237338298,1.0,0.21264887532680035,0.21264887532680035,100.0,21.264887532680035,100.0,470.25877680434127,0.014878731518666416,298.15,0.059514926074665665,298.15,0.30057807674450826,298.15,0.30021470937355493,298.15,0.23516600546632077,within_reference_envelope,348.15,none,0.23516600546632077,348.15,none,conditional_liquid_phase_not_verified
UPR-0024,unseen_pair_recombination,12,298.15,298.15,353.15,0.012426634949540452,0.012426634949540452,0.003249518011476304,1.0,0.26149621556207975,0.26149621556207975,100.0,26.149621556207975,100.0,382.41471214048903,0.012426634949540452,298.15,0.04970653979816181,298.15,0.2514452841542862,298.15,0.25028744078082554,298.15,0.23869490994940307,within_reference_envelope,353.15,none,0.23869490994940307,353.15,none,conditional_liquid_phase_not_verified
UPR-0025,unseen_pair_recombination,12,298.15,298.15,353.15,0.023368714907159405,0.023368714907159405,0.0046117276067319316,1.0,0.19734622229137,0.19734622229137,100.0,19.734622229137,100.0,506.7236597635801,0.023368714907159405,298.15,0.09347485962863762,298.15,0.4751863640242063,298.15,0.4713455524087737,298.15,0.3393045063056232,within_reference_envelope,348.15,none,0.3393045063056232,348.15,none,conditional_liquid_phase_not_verified
UPR-0026,unseen_pair_recombination,12,298.15,298.15,353.15,0.05741490797203793,0.05741490797203793,0.007807294786942286,1.0,0.13598027172219063,0.13598027172219063,100.0,13.598027172219062,100.0,735.4007955234952,0.05741490797203793,298.15,0.22965963188815172,298.15,1.1708678561481132,298.15,1.1679316213004525,298.15,0.7325265894129152,within_reference_envelope,298.15,none,0.7325265894129152,298.15,none,conditional_liquid_phase_not_verified
UPR-0027,unseen_pair_recombination,12,298.15,298.15,353.15,42.27143049961278,42.27143049961278,0.025097879647664835,1.0,0.0005937314955048598,0.0005937314955048598,100.0,0.05937314955048597,100.0,168426.30171567426,42.27143049961278,298.15,169.0857219984511,298.15,854.1560837809055,298.15,850.0365891258383,298.15,537.0983554271676,beyond_reference_tail,298.15,electrical;thermal,537.0983554271676,298.15,electrical;thermal,conditional_liquid_phase_not_verified
UPR-0028,unseen_pair_recombination,12,298.15,298.15,353.15,0.1139009433690063,0.1139009433690063,0.018327600911113753,1.0,0.16090824508571097,0.16090824508571097,100.0,16.0908245085711,100.0,621.4721933405774,0.1139009433690063,298.15,0.4556037734760252,298.15,2.3070619570619857,298.15,2.296332391674096,298.15,1.540597965845138,elevated_reference_tail,328.15,electrical;thermal,1.540597965845138,328.15,electrical;thermal,conditional_liquid_phase_not_verified
UPR-0029,unseen_pair_recombination,12,298.15,298.15,353.15,0.2855850374057414,0.2855850374057414,0.035002419072682554,1.0,0.12256391087798237,0.12256391087798237,100.0,12.256391087798237,100.0,815.9008576313649,0.2855850374057414,298.15,1.1423401496229657,298.15,5.8031992435538315,298.15,5.80112851595361,298.15,3.638467191945578,elevated_reference_tail,298.15,electrical;thermal,3.638467191945578,298.15,electrical;thermal,conditional_liquid_phase_not_verified
UPR-0030,unseen_pair_recombination,12,298.15,298.15,353.15,0.004639162064801764,0.004639162064801764,0.0016330240338485692,1.0,0.3520084038966097,0.3520084038966097,100.0,35.20084038966097,100.0,284.08412666582683,0.004639162064801764,298.15,0.018556648259207057,298.15,0.09378594354544274,298.15,0.08922347041390136,298.15,0.11995456659358712,within_reference_envelope,353.15,none,0.11995456659358712,353.15,none,conditional_liquid_phase_not_verified
UPR-0031,unseen_pair_recombination,12,298.15,298.15,353.15,0.095427085384087,0.095427085384087,0.016908132286669222,1.0,0.1771837861191635,0.1771837861191635,100.00000000000001,17.71837861191635,100.00000000000001,564.3857273302978,0.095427085384087,298.15,0.381708341536348,298.15,1.933438354654279,298.15,1.9114738359907824,298.15,1.3245390424307342,elevated_reference_tail,338.15,electrical;thermal,1.3245390424307342,338.15,electrical;thermal,conditional_liquid_phase_not_verified
UPR-0032,unseen_pair_recombination,12,298.15,298.15,353.15,0.22138643332781588,0.22138643332781588,0.017053132269493957,1.0,0.07702880439942177,0.07702880439942177,100.0,7.702880439942177,100.0,1298.21565815126,0.22138643332781588,298.15,0.8855457333112635,298.15,4.493863125170083,298.15,4.481521729859331,298.15,2.8129232403276583,elevated_reference_tail,298.15,electrical;thermal,2.8129232403276583,298.15,electrical;thermal,conditional_liquid_phase_not_verified
UPR-0033,unseen_pair_recombination,12,298.15,298.15,353.15,0.05186672275673786,0.05186672275673786,0.008698380826873187,1.0,0.16770638984980413,0.16770638984980413,100.0,16.770638984980412,100.0,596.2802019026158,0.05186672275673786,298.15,0.20746689102695143,298.15,1.058244240520086,298.15,1.0542319269447318,298.15,0.6625213612590608,within_reference_envelope,338.15,none,0.6625213612590608,338.15,none,conditional_liquid_phase_not_verified
UPR-0034,unseen_pair_recombination,12,298.15,298.15,353.15,0.08659899373904875,0.08659899373904875,0.022180711173695127,1.0,0.2561312806997839,0.2561312806997839,99.99999999999999,25.61312806997839,99.99999999999999,390.42478422310234,0.08659899373904875,298.15,0.346395974956195,298.15,1.7539853121612463,298.15,1.7525328529644482,298.15,1.6906851032909385,elevated_reference_tail,343.15,electrical;thermal,1.6906851032909385,343.15,electrical;thermal,conditional_liquid_phase_not_verified
UPR-0035,unseen_pair_recombination,12,298.15,298.15,353.15,0.07635699404812699,0.07635699404812699,0.008000196080245268,1.0,0.10477358596912328,0.10477358596912328,100.0,10.477358596912328,100.0,954.4390322716447,0.07635699404812699,298.15,0.30542797619250794,298.15,1.5453260749456246,298.15,1.5451122448431922,298.15,0.9701875579769343,within_reference_envelope,298.15,none,0.9701875579769343,298.15,none,conditional_liquid_phase_not_verified
UPR-0036,unseen_pair_recombination,12,298.15,298.15,353.15,0.01682675227602539,0.01682675227602539,0.0034160179431377666,1.0,0.2030111269900181,0.2030111269900181,100.0,20.301112699001813,100.0,492.5838375593911,0.01682675227602539,298.15,0.06730700910410156,298.15,0.3399006562118849,298.15,0.33919392130957565,298.15,0.25480222295750016,within_reference_envelope,348.15,none,0.25480222295750016,348.15,none,conditional_liquid_phase_not_verified
UPR-0037,unseen_pair_recombination,12,298.15,298.15,353.15,0.19151164417498762,0.19151164417498762,0.02281896788513381,1.0,0.11915185618835641,0.11915185618835641,100.0,11.915185618835642,100.0,839.2651461670814,0.19151164417498762,298.15,0.7660465766999505,298.15,3.8828891956624956,298.15,3.8536734809117656,298.15,2.4333358941444145,elevated_reference_tail,298.15,electrical;thermal,2.4333358941444145,298.15,electrical;thermal,conditional_liquid_phase_not_verified
UPR-0038,unseen_pair_recombination,12,298.15,298.15,353.15,0.07452946468036523,0.07452946468036523,0.015321206506876555,1.0,0.20557247489411962,0.20557247489411962,100.0,20.55724748941196,100.0,486.4464469355887,0.07452946468036523,298.15,0.2981178587214609,298.15,1.5152753856850967,298.15,1.5090803878841212,298.15,1.1583494307579032,elevated_reference_tail,343.15,electrical;thermal,1.1583494307579032,343.15,electrical;thermal,conditional_liquid_phase_not_verified
UPR-0039,unseen_pair_recombination,12,298.15,298.15,353.15,0.007184738282672237,0.007184738282672237,0.0019307035380685138,1.0,0.2687228764790055,0.2687228764790055,100.00000000000001,26.87228764790055,100.00000000000001,372.13058043390174,0.007184738282672237,298.15,0.028738953130688947,298.15,0.14514742023303764,298.15,0.1441158560577156,298.15,0.14182075788799434,within_reference_envelope,353.15,none,0.14182075788799434,353.15,none,conditional_liquid_phase_not_verified
UPR-0040,unseen_pair_recombination,12,298.15,298.15,353.15,0.05122414419272023,0.05122414419272023,0.015056903088801735,1.0,0.293941525546103,0.293941525546103,100.0,29.394152554610294,100.0,340.20371845799514,0.05122414419272023,298.15,0.2048965767708809,298.15,1.0371498170302693,298.15,1.0338082294760291,298.15,1.110688631321404,elevated_reference_tail,348.15,electrical;thermal,1.110688631321404,348.15,electrical;thermal,conditional_liquid_phase_not_verified
UPR-0041,unseen_pair_recombination,12,298.15,298.15,353.15,2.145283230989977,2.145283230989977,0.041620785862858584,1.0,0.01940106800893231,0.01940106800893231,100.0,1.940106800893231,100.0,5154.355417648127,2.145283230989977,298.15,8.581132923959908,298.15,43.44841836527765,298.15,43.405030602213664,298.15,27.257844877067782,beyond_reference_tail,298.15,electrical;thermal,27.257844877067782,298.15,electrical;thermal,conditional_liquid_phase_not_verified
UPR-0042,unseen_pair_recombination,12,298.15,298.15,353.15,0.2753329878791538,0.2753329878791538,0.018473647340553564,1.0,0.06709565563811708,0.06709565563811708,100.0,6.709565563811707,100.0,1490.4094616699736,0.2753329878791538,298.15,1.1013319515166151,298.15,5.579784918881973,298.15,5.564686187220816,298.15,3.498365047903841,elevated_reference_tail,298.15,electrical;thermal,3.498365047903841,298.15,electrical;thermal,conditional_liquid_phase_not_verified
UPR-0043,unseen_pair_recombination,12,298.15,298.15,353.15,0.35631347621510256,0.35631347621510256,0.018792103453022752,1.0,0.05274036686077561,0.05274036686077561,100.0,5.274036686077561,100.0,1896.080857078236,0.35631347621510256,298.15,1.4252539048604103,298.15,7.213020070571614,298.15,7.175723581117591,298.15,4.5272984573687856,elevated_reference_tail,298.15,electrical;thermal,4.5272984573687856,298.15,electrical;thermal,conditional_liquid_phase_not_verified
UPR-0044,unseen_pair_recombination,12,298.15,298.15,353.15,0.15835861151763972,0.15835861151763972,0.043229253488175405,1.0,0.2729832818934514,0.2729832818934514,100.0,27.298328189345142,100.0,366.32279935381234,0.15835861151763972,298.15,0.6334344460705589,298.15,3.2087467145154283,298.15,3.2047732643664424,298.15,3.382968141955315,elevated_reference_tail,338.15,electrical;thermal,3.382968141955315,338.15,electrical;thermal,conditional_liquid_phase_not_verified
UPR-0045,unseen_pair_recombination,12,298.15,298.15,353.15,0.04745337314270393,0.04745337314270393,0.011628977928100057,1.0,0.24506114440229293,0.24506114440229293,100.0,24.506114440229293,100.0,408.06142582864857,0.04745337314270393,298.15,0.18981349257081573,298.15,0.9626829951930002,298.15,0.9614861774600773,298.15,0.871850138423936,within_reference_envelope,348.15,none,0.871850138423936,348.15,none,conditional_liquid_phase_not_verified
UPR-0046,unseen_pair_recombination,12,298.15,298.15,353.15,0.16421741741043644,0.16421741741043644,0.011644114308098173,1.0,0.0709066948665712,0.0709066948665712,100.0,7.090669486657119,100.0,1410.3040649148177,0.16421741741043644,298.15,0.6568696696417458,298.15,3.3271412213136697,298.15,3.3194000026877704,298.15,2.0865370246803,elevated_reference_tail,298.15,electrical;thermal,2.0865370246803,298.15,electrical;thermal,conditional_liquid_phase_not_verified
UPR-0047,unseen_pair_recombination,12,298.15,298.15,353.15,0.01743538613473887,0.01743538613473887,0.0025586143441726165,1.0,0.1467483613153106,0.1467483613153106,100.0,14.674836131531062,100.0,681.438614398802,0.01743538613473887,298.15,0.06974154453895548,298.15,0.35218043941801314,298.15,0.35086809043947226,298.15,0.22153300961252467,within_reference_envelope,298.15,none,0.22153300961252467,298.15,none,conditional_liquid_phase_not_verified
UPR-0048,unseen_pair_recombination,12,298.15,298.15,353.15,0.028220028275172428,0.028220028275172428,0.006322456902932146,1.0,0.22404148008932195,0.22404148008932195,100.0,22.404148008932196,100.0,446.3459175512119,0.028220028275172428,298.15,0.11288011310068971,298.15,0.5717301777693105,298.15,0.5703352028470712,298.15,0.4688983775683178,within_reference_envelope,348.15,none,0.4688983775683178,348.15,none,conditional_liquid_phase_not_verified
UPR-0049,unseen_pair_recombination,12,298.15,298.15,353.15,0.11072194454190235,0.11072194454190235,0.00797067218074061,1.0,0.07198818819266795,0.07198818819266795,100.0,7.198818819266795,100.0,1389.1167774963544,0.11072194454190235,298.15,0.4428877781676094,298.15,2.2391307180871243,298.15,2.103905844795455,298.15,1.4068266349230494,elevated_reference_tail,298.15,electrical;thermal,1.4068266349230494,298.15,electrical;thermal,conditional_liquid_phase_not_verified
UPR-0050,unseen_pair_recombination,12,298.15,298.15,353.15,0.02262344431268469,0.02262344431268469,0.002500507636607306,1.0,0.11052727436402342,0.11052727436402342,100.0,11.052727436402341,100.0,904.7540579952089,0.02262344431268469,298.15,0.09049377725073876,298.15,0.4570171772899111,298.15,0.4562818993989393,298.15,0.2874521772938903,within_reference_envelope,298.15,none,0.2874521772938903,298.15,none,conditional_liquid_phase_not_verified
UPR-0051,unseen_pair_recombination,12,298.15,298.15,353.15,0.016029900438564094,0.016029900438564094,0.003852667195382572,1.0,0.2403425529776828,0.2403425529776828,100.0,24.034255297768283,100.0,416.07280425820215,0.016029900438564094,298.15,0.06411960175425638,298.15,0.32510564031261924,298.15,0.3227372715973095,298.15,0.28513536304653025,within_reference_envelope,348.15,none,0.28513536304653025,348.15,none,conditional_liquid_phase_not_verified
UPR-0052,unseen_pair_recombination,12,298.15,298.15,353.15,0.3327524025603683,0.3327524025603683,0.011121361814665756,1.0,0.033422333630327754,0.033422333630327754,100.0,3.342233363032775,100.0,2992.011303162237,0.3327524025603683,298.15,1.3310096102414732,298.15,6.7215544946110315,298.15,6.7131887543744995,298.15,4.227932815787954,elevated_reference_tail,298.15,electrical;thermal,4.227932815787954,298.15,electrical;thermal,conditional_liquid_phase_not_verified
UPR-0053,unseen_pair_recombination,12,298.15,298.15,353.15,0.06062057148886139,0.06062057148886139,0.017919838673327373,1.0,0.29560656115919365,0.29560656115919365,100.0,29.56065611591936,100.0,338.2874845803804,0.06062057148886139,298.15,0.24248228595544555,298.15,1.2278826978966961,298.15,1.226700634744502,298.15,1.350211397674749,elevated_reference_tail,343.15,electrical;thermal,1.350211397674749,343.15,electrical;thermal,conditional_liquid_phase_not_verified
UPR-0054,unseen_pair_recombination,12,298.15,298.15,353.15,0.03039575113561372,0.03039575113561372,0.005354932976584974,1.0,0.17617373404241266,0.17617373404241266,100.0,17.617373404241267,100.0,567.6215046672376,0.03039575113561372,298.15,0.12158300454245488,298.15,0.6139290391693605,298.15,0.613048985410576,298.15,0.4021569335850408,within_reference_envelope,338.15,none,0.4021569335850408,338.15,none,conditional_liquid_phase_not_verified
UPR-0055,unseen_pair_recombination,12,298.15,298.15,353.15,0.21591015141554923,0.21591015141554923,0.01591240540838406,1.0,0.07369919989430425,0.07369919989430425,100.0,7.369919989430425,100.0,1356.8668336076248,0.21591015141554923,298.15,0.8636406056621969,298.15,4.370271545179873,298.15,4.357549902842536,298.15,2.743341918518336,elevated_reference_tail,298.15,electrical;thermal,2.743341918518336,298.15,electrical;thermal,conditional_liquid_phase_not_verified
UPR-0056,unseen_pair_recombination,12,298.15,298.15,353.15,1.3754131942422985,1.3754131942422985,0.10281397938354081,1.0,0.07475134004380408,0.07475134004380408,100.0,7.475134004380409,100.0,1337.768659951785,1.3754131942422985,298.15,5.501652776969194,298.15,27.8595145957341,298.15,27.63810708055494,298.15,17.475920637867528,beyond_reference_tail,298.15,electrical;thermal,17.475920637867528,298.15,electrical;thermal,conditional_liquid_phase_not_verified
UPR-0057,unseen_pair_recombination,12,298.15,298.15,353.15,0.03798729478673716,0.03798729478673716,0.006568054337706159,1.0,0.1729013443726275,0.1729013443726275,100.0,17.29013443726275,100.0,578.3645023863173,0.03798729478673716,298.15,0.15194917914694864,298.15,0.7671634544605028,298.15,0.7662512932233698,298.15,0.509905278298462,within_reference_envelope,338.15,none,0.509905278298462,338.15,none,conditional_liquid_phase_not_verified
UPR-0058,unseen_pair_recombination,12,298.15,298.15,353.15,0.10750507197523135,0.10750507197523135,0.013719945634485137,1.0,0.12762137992564804,0.12762137992564804,100.0,12.762137992564805,100.0,783.5677694306378,0.10750507197523135,298.15,0.4300202879009254,298.15,2.176046694623483,298.15,2.162936275783538,298.15,1.3659532378140116,elevated_reference_tail,298.15,electrical;thermal,1.3659532378140116,298.15,electrical;thermal,conditional_liquid_phase_not_verified
UPR-0059,unseen_pair_recombination,12,298.15,298.15,353.15,0.06320178049144337,0.06320178049144337,0.009057300331936576,1.0,0.14330767680133327,0.14330767680133327,100.0,14.330767680133325,100.0,697.7993240280457,0.06320178049144337,298.15,0.2528071219657735,298.15,1.2821873892623405,298.15,1.27422001122644,298.15,0.8030381740294791,within_reference_envelope,298.15,none,0.8030381740294791,298.15,none,conditional_liquid_phase_not_verified
UPR-0060,unseen_pair_recombination,12,298.15,298.15,353.15,3.5002538995122094,3.5002538995122094,0.06333287562263992,1.0,0.018093794747708416,0.018093794747708416,100.00000000000001,1.8093794747708418,100.00000000000001,5526.756625370973,3.5002538995122094,298.15,14.001015598048838,298.15,70.90155062530711,298.15,70.6363612837415,298.15,44.47402396336597,beyond_reference_tail,298.15,electrical;thermal,44.47402396336597,298.15,electrical;thermal,conditional_liquid_phase_not_verified
UPR-0061,unseen_pair_recombination,12,298.15,298.15,353.15,0.5122776407081747,0.5122776407081747,0.025012631014771153,1.0,0.04882631804931714,0.04882631804931714,100.0,4.882631804931714,100.0,2048.0757918095474,0.5122776407081747,298.15,2.049110562832699,298.15,10.36980293167641,298.15,10.210884385130154,298.15,6.508970126974777,beyond_reference_tail,298.15,electrical;thermal,6.508970126974777,298.15,electrical;thermal,conditional_liquid_phase_not_verified
UPR-0062,unseen_pair_recombination,12,298.15,298.15,353.15,171.7246355909014,171.7246355909014,0.007659905837835075,1.0,4.460574810059998e-05,4.460574810059998e-05,100.0,0.004460574810059998,100.0,2241863.532351673,171.7246355909014,298.15,686.8985423636057,298.15,3468.961749088809,298.15,3453.2421881745545,298.15,2181.9233054591728,beyond_reference_tail,298.15,electrical;thermal,2181.9233054591728,298.15,electrical;thermal,conditional_liquid_phase_not_verified
UPR-0063,unseen_pair_recombination,12,298.15,298.15,353.15,0.8320857369073282,0.8320857369073282,0.010888164087848446,1.0,0.013085387244248715,0.013085387244248715,100.0,1.3085387244248716,100.0,7642.11239097658,0.8320857369073282,298.15,3.328342947629313,298.15,16.83818284900527,298.15,16.750769500100315,298.15,10.572433333464376,beyond_reference_tail,298.15,electrical;thermal,10.572433333464376,298.15,electrical;thermal,conditional_liquid_phase_not_verified
UPR-0064,unseen_pair_recombination,12,298.15,298.15,353.15,0.0715060194042343,0.0715060194042343,0.012070912188608002,1.0,0.16880973502900948,0.16880973502900948,100.0,16.880973502900947,100.0,592.382897721007,0.0715060194042343,298.15,0.2860240776169372,298.15,1.4444299364647977,298.15,1.4223048329558363,298.15,0.9894520112694442,within_reference_envelope,333.15,none,0.9894520112694442,333.15,none,conditional_liquid_phase_not_verified
UPR-0065,unseen_pair_recombination,12,298.15,298.15,353.15,0.012938883323268943,0.012938883323268943,0.0028599909515190296,1.0,0.22103846831787238,0.22103846831787238,100.0,22.10384683178724,100.0,452.4099391432236,0.012938883323268943,298.15,0.05175553329307577,298.15,0.2613414782472939,298.15,0.2605133829308883,298.15,0.21008201223011452,within_reference_envelope,353.15,none,0.21008201223011452,353.15,none,conditional_liquid_phase_not_verified
UPR-0066,unseen_pair_recombination,12,298.15,298.15,353.15,0.008788413126473467,0.008788413126473467,0.0026309124357930453,1.0,0.2993614885795376,0.2993614885795376,100.0,29.93614885795376,100.0,334.04430367612537,0.008788413126473467,298.15,0.03515365250589387,298.15,0.17755002050831328,298.15,0.17717932103117495,298.15,0.1932549395721252,within_reference_envelope,353.15,none,0.1932549395721252,353.15,none,conditional_liquid_phase_not_verified
UPR-0067,unseen_pair_recombination,12,298.15,298.15,353.15,0.08317286230909175,0.08317286230909175,0.009278907070870866,1.0,0.1115617139204379,0.1115617139204379,100.0,11.15617139204379,100.0,896.3648592860152,0.08317286230909175,298.15,0.332691449236367,298.15,1.6836595421989293,298.15,1.6833594499324214,298.15,1.0567895865930688,elevated_reference_tail,298.15,electrical;thermal,1.0567895865930688,298.15,electrical;thermal,conditional_liquid_phase_not_verified
UPR-0068,unseen_pair_recombination,12,298.15,298.15,353.15,0.004650961439515714,0.004650961439515714,0.0014111735988489103,1.0,0.3034154587606837,0.3034154587606837,100.0,30.34154587606837,100.0,329.5810978400877,0.004650961439515714,298.15,0.018603845758062856,298.15,0.09405008534914906,298.15,0.09264952894106086,298.15,0.10365843608516707,within_reference_envelope,353.15,none,0.10365843608516707,353.15,none,conditional_liquid_phase_not_verified
UPR-0069,unseen_pair_recombination,12,298.15,298.15,353.15,2.336043724544731,2.336043724544731,0.12179205220359605,1.0,0.05213603278223398,0.05213603278223398,100.0,5.213603278223398,100.0,1918.0592512224343,2.336043724544731,298.15,9.344174898178924,298.15,47.31891485913365,298.15,47.28263461216178,298.15,29.681636694798478,beyond_reference_tail,298.15,electrical;thermal,29.681636694798478,298.15,electrical;thermal,conditional_liquid_phase_not_verified
UPR-0070,unseen_pair_recombination,12,298.15,298.15,353.15,0.028257893880064413,0.028257893880064413,0.006498150973145324,1.0,0.22995878605552014,0.22995878605552014,99.99999999999999,22.995878605552015,99.99999999999999,434.86053181658593,0.028257893880064413,298.15,0.11303157552025765,298.15,0.5718015107474173,298.15,0.5699094300279391,298.15,0.4883410477377482,within_reference_envelope,343.15,none,0.4883410477377482,343.15,none,conditional_liquid_phase_not_verified
UPR-0071,unseen_pair_recombination,12,298.15,298.15,353.15,0.11836540447489131,0.11836540447489131,0.01586692271062981,1.0,0.13405033997071025,0.13405033997071025,100.0,13.405033997071028,100.0,745.9884101886635,0.11836540447489131,298.15,0.47346161789956526,298.15,2.415251072589385,298.15,2.37667362915507,298.15,1.5039439955437037,elevated_reference_tail,298.15,electrical;thermal,1.5039439955437037,298.15,electrical;thermal,conditional_liquid_phase_not_verified
UPR-0072,unseen_pair_recombination,12,298.15,298.15,353.15,0.18378731796743858,0.18378731796743858,0.020050636856771793,1.0,0.10909695553816257,0.10909695553816257,100.0,10.909695553816256,100.0,916.6158625299088,0.18378731796743858,298.15,0.7351492718697543,298.15,3.7488037410168915,298.15,3.7423332889561514,298.15,2.34719104321626,elevated_reference_tail,298.15,electrical;thermal,2.34719104321626,298.15,electrical;thermal,conditional_liquid_phase_not_verified
UPR-0073,unseen_pair_recombination,12,298.15,298.15,353.15,0.2154293974455567,0.2154293974455567,0.018347216687495706,1.0,0.08516579865629718,0.08516579865629718,100.0,8.51657986562972,100.0,1174.1802645868333,0.2154293974455567,298.15,0.8617175897822268,298.15,4.3652448220412925,298.15,4.350888841795416,298.15,2.737233486331485,elevated_reference_tail,298.15,electrical;thermal,2.737233486331485,298.15,electrical;thermal,conditional_liquid_phase_not_verified
UPR-0074,unseen_pair_recombination,12,298.15,298.15,353.15,0.24665554903060355,0.24665554903060355,0.05002680590620012,1.0,0.20282051671982898,0.20282051671982898,100.0,20.2820516719829,100.0,493.04676675356967,0.24665554903060355,298.15,0.9866221961224142,298.15,4.99720725720269,298.15,4.877985514396486,298.15,4.097286978197375,beyond_reference_tail,333.15,electrical;thermal,4.00643027064418,343.15,electrical;thermal,conditional_liquid_phase_not_verified
UPR-0075,unseen_pair_recombination,12,298.15,298.15,353.15,0.2502441105313874,0.2502441105313874,0.03341630570038744,1.0,0.1335348337646337,0.1335348337646337,100.0,13.353483376463371,100.0,748.8682704039481,0.2502441105313874,298.15,1.0009764421255496,298.15,5.07543240834528,298.15,5.055684604364402,298.15,3.179587220805639,elevated_reference_tail,298.15,electrical;thermal,3.179587220805639,298.15,electrical;thermal,conditional_liquid_phase_not_verified
UPR-0076,unseen_pair_recombination,12,298.15,298.15,353.15,1.1369790044573092,1.1369790044573092,0.030832674569141575,1.0,0.027118068538001108,0.027118068538001108,100.0,2.7118068538001103,100.0,3687.578260224099,1.1369790044573092,298.15,4.547916017829237,298.15,23.011506504901316,298.15,22.971888368567136,298.15,14.44638958823106,beyond_reference_tail,298.15,electrical;thermal,14.44638958823106,298.15,electrical;thermal,conditional_liquid_phase_not_verified
UPR-0077,unseen_pair_recombination,12,298.15,298.15,353.15,0.026984853403940943,0.026984853403940943,0.008346352088645603,1.0,0.30929766279281246,0.30929766279281246,100.00000000000001,30.929766279281242,100.00000000000001,323.3131446809104,0.026984853403940943,298.15,0.10793941361576377,298.15,0.5473112039695835,298.15,0.5467336962426986,298.15,0.6156461478808829,within_reference_envelope,348.15,none,0.6156461478808829,348.15,none,conditional_liquid_phase_not_verified
UPR-0078,unseen_pair_recombination,12,298.15,298.15,353.15,0.04459328290594447,0.04459328290594447,0.008214286064006858,1.0,0.18420456016508846,0.18420456016508846,100.00000000000001,18.420456016508844,100.00000000000001,542.874725307439,0.04459328290594447,298.15,0.17837313162377788,298.15,0.9027892091028911,298.15,0.8984841995569001,298.15,0.6370725035079703,within_reference_envelope,338.15,none,0.6370725035079703,338.15,none,conditional_liquid_phase_not_verified
UPR-0079,unseen_pair_recombination,12,298.15,298.15,353.15,0.026579902734366147,0.026579902734366147,0.005815391882764429,1.0,0.21878905806699933,0.21878905806699933,100.0,21.878905806699933,100.0,457.061248325212,0.026579902734366147,298.15,0.10631961093746459,298.15,0.5379699197633592,298.15,0.5357246798242831,298.15,0.43336456341240964,within_reference_envelope,348.15,none,0.43336456341240964,348.15,none,conditional_liquid_phase_not_verified
UPR-0080,unseen_pair_recombination,12,298.15,298.15,353.15,0.046038245525550116,0.046038245525550116,0.0118351005219313,1.0,0.2570710587866148,0.2570710587866148,100.0,25.70710587866148,100.0,388.99750314953315,0.046038245525550116,298.15,0.18415298210220046,298.15,0.9353725421955984,298.15,0.9344874615579186,298.15,0.8862050456290094,within_reference_envelope,348.15,none,0.8862050456290094,348.15,none,conditional_liquid_phase_not_verified
UPR-0081,unseen_pair_recombination,12,298.15,298.15,353.15,0.3907090425188566,0.3907090425188566,0.036827336300789215,1.0,0.09425770149410309,0.09425770149410309,100.0,9.425770149410308,100.0,1060.921266006642,0.3907090425188566,298.15,1.5628361700754263,298.15,7.910709976433571,298.15,7.89692471580701,298.15,4.9643265370289145,elevated_reference_tail,298.15,electrical;thermal,4.9643265370289145,298.15,electrical;thermal,conditional_liquid_phase_not_verified
UPR-0082,unseen_pair_recombination,12,298.15,298.15,353.15,0.039618896484951524,0.039618896484951524,0.006458550819482806,1.0,0.16301692859961311,0.16301692859961311,100.0,16.30169285996131,100.0,613.4332235249666,0.039618896484951524,298.15,0.1584755859398061,298.15,0.800302458125202,298.15,0.7974147255143244,298.15,0.503395411378415,within_reference_envelope,298.15,none,0.503395411378415,298.15,none,conditional_liquid_phase_not_verified
UPR-0083,unseen_pair_recombination,12,298.15,298.15,353.15,0.057530323948956505,0.057530323948956505,0.009092323862271032,1.0,0.1580440233630207,0.1580440233630207,100.0,15.804402336302072,100.0,632.7350941345252,0.057530323948956505,298.15,0.23012129579582602,298.15,1.1622500900921966,298.15,1.156652349364112,298.15,0.7391982711434707,within_reference_envelope,333.15,none,0.7391982711434707,333.15,none,conditional_liquid_phase_not_verified
UPR-0084,unseen_pair_recombination,12,298.15,298.15,353.15,1.4836128773742436,1.4836128773742436,0.06241565605722063,1.0,0.04207004199618859,0.04207004199618859,100.0,4.20700419961886,100.0,2376.9883569181998,1.4836128773742436,298.15,5.9344515094969745,298.15,30.113434431046592,298.15,30.070262613303264,298.15,18.86006553221593,beyond_reference_tail,298.15,electrical;thermal,18.86006553221593,298.15,electrical;thermal,conditional_liquid_phase_not_verified
UPR-0085,unseen_pair_recombination,12,298.15,298.15,353.15,0.045867356413299275,0.045867356413299275,0.011414549011715664,1.0,0.24885997154189612,0.24885997154189612,100.00000000000001,24.885997154189614,100.00000000000001,401.8324014923581,0.045867356413299275,298.15,0.1834694256531971,298.15,0.9348926781947177,298.15,0.9329756625936253,298.15,0.858197913405583,within_reference_envelope,348.15,none,0.858197913405583,348.15,none,conditional_liquid_phase_not_verified
UPR-0086,unseen_pair_recombination,12,298.15,298.15,353.15,0.3921174011542576,0.3921174011542576,0.005151834842721361,1.0,0.013138500937617526,0.013138500937617526,99.99999999999999,1.3138500937617528,99.99999999999999,7611.218393544791,0.3921174011542576,298.15,1.5684696046170303,298.15,7.921558557274964,298.15,7.906413131745469,298.15,4.982221060540071,elevated_reference_tail,298.15,electrical;thermal,4.982221060540071,298.15,electrical;thermal,conditional_liquid_phase_not_verified
UPR-0087,unseen_pair_recombination,12,298.15,298.15,353.15,1.5295340117180107,1.5295340117180107,0.027216136688557283,1.0,0.01779374402925989,0.01779374402925989,99.99999999999999,1.779374402925989,99.99999999999999,5619.952711220347,1.5295340117180107,298.15,6.118136046872043,298.15,30.96543991521665,298.15,30.904827175783407,298.15,19.434170846694837,beyond_reference_tail,298.15,electrical;thermal,19.434170846694837,298.15,electrical;thermal,conditional_liquid_phase_not_verified
UPR-0088,unseen_pair_recombination,12,298.15,298.15,353.15,0.030335043593972016,0.030335043593972016,0.007342633678678197,1.0,0.24205119916614454,0.24205119916614454,100.0,24.205119916614454,100.0,413.13573468958424,0.030335043593972016,298.15,0.12134017437588807,298.15,0.6146374955273273,298.15,0.6102720694442644,298.15,0.5457350937969347,within_reference_envelope,348.15,none,0.5457350937969347,348.15,none,conditional_liquid_phase_not_verified
UPR-0089,unseen_pair_recombination,12,298.15,298.15,353.15,0.5593151669509241,0.5593151669509241,0.09320074281318938,1.0,0.1666336768968167,0.1666336768968167,100.0,16.66336768968167,100.0,600.1187866839321,0.5593151669509241,298.15,2.2372606678036964,298.15,11.334972708635481,298.15,11.305299525432375,298.15,8.59026435915235,beyond_reference_tail,328.15,electrical;thermal,8.59026435915235,328.15,electrical;thermal,conditional_liquid_phase_not_verified
UPR-0090,unseen_pair_recombination,12,298.15,298.15,353.15,0.025901233847445436,0.025901233847445436,0.0047438436576839865,1.0,0.18315126165898302,0.18315126165898302,100.0,18.315126165898302,100.0,545.9967848116393,0.025901233847445436,298.15,0.10360493538978174,298.15,0.5230858070879394,298.15,0.5226153737484301,298.15,0.3786877236421217,within_reference_envelope,333.15,none,0.3786877236421217,333.15,none,conditional_liquid_phase_not_verified
UPR-0091,unseen_pair_recombination,12,298.15,298.15,353.15,2.0449866667758987,2.0449866667758987,0.020925970701149443,1.0,0.01023281522619464,0.01023281522619464,100.0,1.023281522619464,100.0,9772.481745200808,2.0449866667758987,298.15,8.179946667103595,298.15,41.32991353372555,298.15,41.16451880950444,298.15,25.98348252269063,beyond_reference_tail,298.15,electrical;thermal,25.98348252269063,298.15,electrical;thermal,conditional_liquid_phase_not_verified
UPR-0092,unseen_pair_recombination,12,298.15,298.15,353.15,0.19590630055515781,0.19590630055515781,0.05707308191099664,1.0,0.2913284654412,0.2913284654412,100.0,29.13284654412,100.0,343.2551633722294,0.19590630055515781,298.15,0.7836252022206313,298.15,3.968779351913673,298.15,3.962039806670022,298.15,4.441062111547653,beyond_reference_tail,343.15,electrical;thermal,4.441062111547653,343.15,electrical;thermal,conditional_liquid_phase_not_verified
UPR-0093,unseen_pair_recombination,12,298.15,298.15,353.15,0.014349421578730799,0.014349421578730799,0.0036548139839743575,1.0,0.25470113648285636,0.25470113648285636,100.0,25.470113648285636,100.0,392.6170153022889,0.014349421578730799,298.15,0.057397686314923195,298.15,0.29018540840985574,298.15,0.2896049265508605,298.15,0.2684661207310067,within_reference_envelope,353.15,none,0.2684661207310067,353.15,none,conditional_liquid_phase_not_verified
UPR-0094,unseen_pair_recombination,12,298.15,298.15,353.15,0.8430482469880489,0.8430482469880489,0.08598402023163548,1.0,0.10199181427495975,0.10199181427495975,100.0,10.199181427495974,100.0,980.4708418109907,0.8430482469880489,298.15,3.3721929879521957,298.15,17.080556931550188,298.15,16.800700520482202,298.15,10.7117223536399,beyond_reference_tail,298.15,electrical;thermal,10.7117223536399,298.15,electrical;thermal,conditional_liquid_phase_not_verified
UPR-0095,unseen_pair_recombination,12,298.15,298.15,353.15,0.13975618162405232,0.13975618162405232,0.021275292617104383,1.0,0.15223149609464476,0.15223149609464476,100.0,15.223149609464475,100.0,656.8942864348413,0.13975618162405232,298.15,0.5590247264962093,298.15,2.839084613550454,298.15,2.8343935237480533,298.15,1.7777313184596892,elevated_reference_tail,298.15,electrical;thermal,1.7777313184596892,298.15,electrical;thermal,conditional_liquid_phase_not_verified
UPR-0096,unseen_pair_recombination,12,298.15,298.15,353.15,0.5262049481823259,0.5262049481823259,0.040189821819711674,1.0,0.07637674628210873,0.07637674628210873,100.0,7.637674628210872,100.0,1309.2990323342044,0.5262049481823259,298.15,2.1048197927293035,298.15,10.654286122776382,298.15,10.614379016129401,298.15,6.685929691661466,beyond_reference_tail,298.15,electrical;thermal,6.685929691661466,298.15,electrical;thermal,conditional_liquid_phase_not_verified
UPR-0097,unseen_pair_recombination,12,298.15,298.15,353.15,1.4210873283507055,1.4210873283507055,0.011581896769536682,1.0,0.008150024659623467,0.008150024659623467,100.0,0.8150024659623467,100.0,12269.901525012074,1.4210873283507055,298.15,5.684349313402822,298.15,28.70527176489643,298.15,27.537613436010577,298.15,18.056253548896173,beyond_reference_tail,298.15,electrical;thermal,18.056253548896173,298.15,electrical;thermal,conditional_liquid_phase_not_verified
UPR-0098,unseen_pair_recombination,12,298.15,298.15,353.15,0.04219551687522289,0.04219551687522289,0.006552208679438225,1.0,0.15528210494052905,0.15528210494052905,100.0,15.528210494052905,100.0,643.9892094346523,0.04219551687522289,298.15,0.16878206750089156,298.15,0.8597688477092381,298.15,0.8570186943732889,298.15,0.5375220345120487,within_reference_envelope,298.15,none,0.5375220345120487,298.15,none,conditional_liquid_phase_not_verified
UPR-0099,unseen_pair_recombination,12,298.15,298.15,353.15,0.010792437221560536,0.010792437221560536,0.002473563275873843,1.0,0.2291941315101926,0.2291941315101926,100.0,22.91941315101926,100.0,436.31134593667747,0.010792437221560536,298.15,0.04316974888624214,298.15,0.21803320164110765,298.15,0.2164843900111144,298.15,0.1828366662725129,within_reference_envelope,348.15,none,0.1828366662725129,348.15,none,conditional_liquid_phase_not_verified
UPR-0100,unseen_pair_recombination,12,298.15,298.15,353.15,0.07289582281724584,0.07289582281724584,0.00788486228386699,1.0,0.10816617439979803,0.10816617439979803,100.0,10.816617439979803,100.0,924.5034370022679,0.07289582281724584,298.15,0.29158329126898336,298.15,1.4728416014586667,298.15,1.4688891409661113,298.15,0.926210116144794,within_reference_envelope,298.15,none,0.926210116144794,298.15,none,conditional_liquid_phase_not_verified
UPR-0101,unseen_pair_recombination,12,298.15,298.15,353.15,0.023497769617398294,0.023497769617398294,0.005487840388428247,1.0,0.23354728886119142,0.23354728886119142,100.0,23.35472888611914,100.0,428.1788090438288,0.023497769617398294,298.15,0.09399107846959318,298.15,0.47736275589388566,298.15,0.47441460060184587,298.15,0.4074539869173829,within_reference_envelope,348.15,none,0.4074539869173829,348.15,none,conditional_liquid_phase_not_verified
UPR-0102,unseen_pair_recombination,12,298.15,298.15,353.15,0.4568814352692262,0.4568814352692262,0.0614617408153623,1.0,0.13452448725377686,0.13452448725377686,100.0,13.452448725377685,100.0,743.3590868207709,0.4568814352692262,298.15,1.8275257410769048,298.15,9.265102461546588,298.15,9.235298347339336,298.15,5.912736827653023,beyond_reference_tail,308.15,electrical;thermal,5.7444548259089405,323.15,electrical;thermal,conditional_liquid_phase_not_verified
UPR-0103,unseen_pair_recombination,12,298.15,298.15,353.15,0.03602392230768289,0.03602392230768289,0.00857284004718195,1.0,0.2379763084641564,0.2379763084641564,100.0,23.79763084641564,100.0,420.2098967135707,0.03602392230768289,298.15,0.14409568923073157,298.15,0.7288672434591821,298.15,0.6981302677621967,298.15,0.6388251835442192,within_reference_envelope,348.15,none,0.6388251835442192,348.15,none,conditional_liquid_phase_not_verified
UPR-0104,unseen_pair_recombination,12,298.15,298.15,353.15,0.08696298250629199,0.08696298250629199,0.014472454469763077,1.0,0.16642086152824806,0.16642086152824806,100.00000000000001,16.642086152824806,100.00000000000001,600.8862055015029,0.08696298250629199,298.15,0.34785193002516795,298.15,1.7637719549378252,298.15,1.7607405794955995,298.15,1.109195679088592,elevated_reference_tail,338.15,electrical;thermal,1.109195679088592,338.15,electrical;thermal,conditional_liquid_phase_not_verified
UPR-0105,unseen_pair_recombination,12,298.15,298.15,353.15,1.164664755679953,1.164664755679953,0.04227998771963237,1.0,0.03630228141912694,0.03630228141912694,100.0,3.6302281419126943,100.0,2754.647809746525,1.164664755679953,298.15,4.658659022719812,298.15,23.616397521507857,298.15,23.211393790221095,298.15,14.798163144855408,beyond_reference_tail,298.15,electrical;thermal,14.798163144855408,298.15,electrical;thermal,conditional_liquid_phase_not_verified
UPR-0106,unseen_pair_recombination,12,298.15,298.15,353.15,0.36492415875122164,0.36492415875122164,0.045384071659219975,1.0,0.1243657636001005,0.1243657636001005,100.0,12.436576360010049,100.0,804.0798134891136,0.36492415875122164,298.15,1.4596966350048866,298.15,7.392398766887022,298.15,7.340255223986216,298.15,4.636705292543132,elevated_reference_tail,298.15,electrical;thermal,4.636705292543132,298.15,electrical;thermal,conditional_liquid_phase_not_verified
UPR-0107,unseen_pair_recombination,12,298.15,298.15,353.15,0.07159751253377762,0.07159751253377762,0.007483862195933259,1.0,0.10452684640967926,0.10452684640967926,100.0,10.452684640967927,100.0,956.6920215698761,0.07159751253377762,298.15,0.2863900501351105,298.15,1.4491468556518576,298.15,1.4469498249806647,298.15,0.9097138606397586,within_reference_envelope,298.15,none,0.9097138606397586,298.15,none,conditional_liquid_phase_not_verified
UPR-0108,unseen_pair_recombination,12,298.15,298.15,353.15,0.04471614528708772,0.04471614528708772,0.011421999139327326,1.0,0.255433447270455,0.255433447270455,99.99999999999999,25.5433447270455,99.99999999999999,391.4914083045639,0.04471614528708772,298.15,0.17886458114835088,298.15,0.9065622897068095,298.15,0.9007365983503238,298.15,0.8504455531650924,within_reference_envelope,348.15,none,0.8504455531650924,348.15,none,conditional_liquid_phase_not_verified
UPR-0109,unseen_pair_recombination,12,298.15,298.15,353.15,0.24352832833806365,0.24352832833806365,0.026144905615331997,1.0,0.10735878570577585,0.10735878570577585,100.0,10.735878570577585,100.0,931.4561388022483,0.24352832833806365,298.15,0.9741133133522546,298.15,4.934733848908988,298.15,4.922129801732518,298.15,3.094256879986577,elevated_reference_tail,298.15,electrical;thermal,3.094256879986577,298.15,electrical;thermal,conditional_liquid_phase_not_verified
UPR-0110,unseen_pair_recombination,12,298.15,298.15,353.15,0.11373362053917192,0.11373362053917192,0.028528253055967078,1.0,0.2508339479630074,0.2508339479630074,100.0,25.083394796300738,100.0,398.67011946384486,0.11373362053917192,298.15,0.4549344821566877,298.15,2.300652580243476,298.15,2.2977352481418567,298.15,2.639556191703396,elevated_reference_tail,323.15,electrical;thermal,2.639556191703396,323.15,electrical;thermal,conditional_liquid_phase_not_verified
UPR-0111,unseen_pair_recombination,12,298.15,298.15,353.15,4.008488256440066,4.008488256440066,0.04698763877201879,1.0,0.011722034783693854,0.011722034783693854,100.0,1.1722034783693853,100.0,8530.942097109863,4.008488256440066,298.15,16.033953025760265,298.15,81.17432859214581,298.15,80.89991199326901,298.15,50.93162036006318,beyond_reference_tail,298.15,electrical;thermal,50.93162036006318,298.15,electrical;thermal,conditional_liquid_phase_not_verified
UPR-0112,unseen_pair_recombination,12,298.15,298.15,353.15,0.08103395816229597,0.08103395816229597,0.005618898439475461,1.0,0.06934004665330368,0.06934004665330368,100.0,6.934004665330368,100.0,1442.1680518906246,0.08103395816229597,298.15,0.3241358326491839,298.15,1.6391012579078,298.15,1.609999866766608,298.15,1.029612793991482,elevated_reference_tail,298.15,electrical;thermal,1.029612793991482,298.15,electrical;thermal,conditional_liquid_phase_not_verified
UPR-0113,unseen_pair_recombination,12,298.15,298.15,353.15,0.7855859224272042,0.7855859224272042,0.05007953011755271,1.0,0.06374799838930832,0.06374799838930832,99.99999999999999,6.374799838930834,99.99999999999999,1568.6767040009804,0.7855859224272042,298.15,3.1423436897088166,298.15,15.900946590743532,298.15,15.837486906175895,298.15,9.981609375302567,beyond_reference_tail,298.15,electrical;thermal,9.981609375302567,298.15,electrical;thermal,conditional_liquid_phase_not_verified
UPR-0114,unseen_pair_recombination,12,298.15,298.15,353.15,0.05009257243186874,0.05009257243186874,0.005621752003140125,1.0,0.11222725706064127,0.11222725706064127,100.0,11.222725706064127,100.0,891.0491320835334,0.05009257243186874,298.15,0.20037028972747495,298.15,1.0132125136409846,298.15,1.0109794325575656,298.15,0.6364733332722068,within_reference_envelope,298.15,none,0.6364733332722068,298.15,none,conditional_liquid_phase_not_verified
UPR-0115,unseen_pair_recombination,12,298.15,298.15,353.15,0.15781024989162273,0.15781024989162273,0.03713584234436438,1.0,0.23531958392986307,0.23531958392986307,100.0,23.531958392986304,100.0,424.9540065046391,0.15781024989162273,298.15,0.6312409995664909,298.15,3.1967456135490715,298.15,3.1921669565195683,298.15,2.9703847325249786,elevated_reference_tail,338.15,electrical;thermal,2.9703847325249786,338.15,electrical;thermal,conditional_liquid_phase_not_verified
UPR-0116,unseen_pair_recombination,12,298.15,298.15,353.15,0.10132849476924881,0.10132849476924881,0.009326343900125964,1.0,0.09204068333753956,0.09204068333753956,100.0,9.204068333753957,100.0,1086.4760709486623,0.10132849476924881,298.15,0.40531397907699523,298.15,2.0540124146934255,298.15,2.052022862649241,298.15,1.287474004433619,elevated_reference_tail,298.15,electrical;thermal,1.287474004433619,298.15,electrical;thermal,conditional_liquid_phase_not_verified
UPR-0117,unseen_pair_recombination,12,298.15,298.15,353.15,0.25954161375079515,0.25954161375079515,0.008637986675316383,1.0,0.03328170211506177,0.03328170211506177,100.0,3.3281702115061766,100.0,3004.6540184236733,0.25954161375079515,298.15,1.0381664550031806,298.15,5.242588795350601,298.15,5.230428144765136,298.15,3.2977207599289113,elevated_reference_tail,298.15,electrical;thermal,3.2977207599289113,298.15,electrical;thermal,conditional_liquid_phase_not_verified
UPR-0118,unseen_pair_recombination,12,298.15,298.15,353.15,0.397385589643285,0.397385589643285,0.010551695567156242,1.0,0.026552788631887782,0.026552788631887782,100.0,2.6552788631887787,100.0,3766.0827789631094,0.397385589643285,298.15,1.58954235857314,298.15,8.03243819074358,298.15,8.015040078791632,298.15,5.049158359327792,elevated_reference_tail,298.15,electrical;thermal,5.049158359327792,298.15,electrical;thermal,conditional_liquid_phase_not_verified
UPR-0119,unseen_pair_recombination,12,298.15,298.15,353.15,0.3416607521385823,0.3416607521385823,0.020912207750766885,1.0,0.061207521261571786,0.061207521261571786,100.00000000000001,6.1207521261571785,100.00000000000001,1633.7861416188978,0.3416607521385823,298.15,1.3666430085543293,298.15,6.916254373289334,298.15,6.887113030117423,298.15,4.341121791213634,elevated_reference_tail,298.15,electrical;thermal,4.341121791213634,298.15,electrical;thermal,conditional_liquid_phase_not_verified
UPR-0120,unseen_pair_recombination,12,298.15,298.15,353.15,0.038934769378222496,0.038934769378222496,0.006519748244660924,1.0,0.16745311064581866,0.16745311064581866,100.0,16.745311064581866,100.0,597.1820984055098,0.038934769378222496,298.15,0.15573907751288998,298.15,0.7863538086822841,298.15,0.7862559802083529,298.15,0.5058307400322215,within_reference_envelope,333.15,none,0.5058307400322215,333.15,none,conditional_liquid_phase_not_verified
UPR-0121,unseen_pair_recombination,12,298.15,298.15,353.15,0.13675637766551832,0.13675637766551832,0.02685849611327649,1.0,0.19639666223806818,0.19639666223806818,100.0,19.639666223806817,100.0,509.1736227104612,0.13675637766551832,298.15,0.5470255106620733,298.15,2.77198525947767,298.15,2.754975731098471,298.15,2.189738623709277,elevated_reference_tail,333.15,electrical;thermal,2.189738623709277,333.15,electrical;thermal,conditional_liquid_phase_not_verified
UPR-0122,unseen_pair_recombination,12,298.15,298.15,353.15,0.033801367893143364,0.033801367893143364,0.007537152467483784,1.0,0.22298365235723794,0.22298365235723794,100.0,22.298365235723793,100.0,448.46336914327634,0.033801367893143364,298.15,0.13520547157257345,298.15,0.6827233048612428,298.15,0.6808905348164656,298.15,0.5840959858726636,within_reference_envelope,338.15,none,0.5840959858726636,338.15,none,conditional_liquid_phase_not_verified
UPR-0123,unseen_pair_recombination,12,298.15,298.15,353.15,0.008107546130555858,0.008107546130555858,0.0024175195096514516,1.0,0.2981814066453798,0.2981814066453798,100.0,29.818140664537978,100.0,335.3663165152604,0.008107546130555858,298.15,0.03243018452222343,298.15,0.16402669575089865,298.15,0.16040495089538997,298.15,0.1775800594485753,within_reference_envelope,353.15,none,0.1775800594485753,353.15,none,conditional_liquid_phase_not_verified
UPR-0124,unseen_pair_recombination,12,298.15,298.15,353.15,0.2804334945891536,0.2804334945891536,0.032648707870607536,1.0,0.11642228371628435,0.11642228371628435,100.0,11.642228371628436,100.0,858.9420925953945,0.2804334945891536,298.15,1.1217339783566145,298.15,5.699910340965472,298.15,5.693377191522241,298.15,3.5708855726530473,elevated_reference_tail,298.15,electrical;thermal,3.5708855726530473,298.15,electrical;thermal,conditional_liquid_phase_not_verified
UPR-0125,unseen_pair_recombination,12,298.15,298.15,353.15,0.04793687854135131,0.04793687854135131,0.00908850760901491,1.0,0.18959322937923423,0.18959322937923423,99.99999999999999,18.959322937923424,99.99999999999999,527.4449954115967,0.04793687854135131,298.15,0.19174751416540525,298.15,0.9711087634381893,298.15,0.9678912482483575,298.15,0.7083571718621706,within_reference_envelope,338.15,none,0.7083571718621706,338.15,none,conditional_liquid_phase_not_verified
UPR-0126,unseen_pair_recombination,12,298.15,298.15,353.15,0.20290902878826253,0.20290902878826253,0.010519519768818078,1.0,0.05184352727741502,0.05184352727741502,100.0,5.184352727741501,100.0,1928.8811014902478,0.20290902878826253,298.15,0.8116361151530501,298.15,4.100883935758764,298.15,4.094750309881249,298.15,2.5781504050235045,elevated_reference_tail,298.15,electrical;thermal,2.5781504050235045,298.15,electrical;thermal,conditional_liquid_phase_not_verified
UPR-0127,unseen_pair_recombination,12,298.15,298.15,353.15,0.16012450362144376,0.16012450362144376,0.023799128691028598,1.0,0.1486288990927522,0.1486288990927522,99.99999999999999,14.86288990927522,99.99999999999999,672.8166635856918,0.16012450362144376,298.15,0.640498014485775,298.15,3.243156828799175,298.15,3.2027565547642944,298.15,2.0538820976106806,elevated_reference_tail,323.15,electrical;thermal,2.0538820976106806,323.15,electrical;thermal,conditional_liquid_phase_not_verified
UPR-0128,unseen_pair_recombination,12,298.15,298.15,353.15,2.31297542023503,2.31297542023503,0.2012067482305854,1.0,0.08699043944450566,0.08699043944450566,100.0,8.699043944450565,100.0,1149.5516132412874,2.31297542023503,298.15,9.25190168094012,298.15,46.86040229803652,298.15,46.64766009400438,298.15,29.38853215206607,beyond_reference_tail,298.15,electrical;thermal,29.38853215206607,298.15,electrical;thermal,conditional_liquid_phase_not_verified
UPR-0129,unseen_pair_recombination,12,298.15,298.15,353.15,0.035620034222563005,0.035620034222563005,0.0064815424643931184,1.0,0.18196339801064754,0.18196339801064754,100.0,18.196339801064756,100.0,549.5610715851136,0.035620034222563005,298.15,0.14248013689025202,298.15,0.7192934300654539,298.15,0.7180225860887373,298.15,0.514411711311311,within_reference_envelope,333.15,none,0.514411711311311,333.15,none,conditional_liquid_phase_not_verified
UPR-0130,unseen_pair_recombination,12,298.15,298.15,353.15,0.46494342088033924,0.46494342088033924,0.03288339695993705,1.0,0.07072558828270877,0.07072558828270877,100.0,7.072558828270877,100.0,1413.9154219583686,0.46494342088033924,298.15,1.859773683521357,298.15,9.415569267330234,298.15,9.304278432827756,298.15,5.907544262638548,elevated_reference_tail,298.15,electrical;thermal,5.907544262638548,298.15,electrical;thermal,conditional_liquid_phase_not_verified
UPR-0131,unseen_pair_recombination,12,298.15,298.15,353.15,0.4213828511041639,0.4213828511041639,0.011692731218047429,1.0,0.027748474308834745,0.027748474308834745,100.0,2.7748474308834745,100.0,3603.80174012527,0.4213828511041639,298.15,1.6855314044166556,298.15,8.535690097465329,298.15,8.5004163699391,298.15,5.354066177990609,elevated_reference_tail,298.15,electrical;thermal,5.354066177990609,298.15,electrical;thermal,conditional_liquid_phase_not_verified
UPR-0132,unseen_pair_recombination,12,298.15,298.15,353.15,0.035566786556661276,0.035566786556661276,0.006851300795225802,1.0,0.1926319878325535,0.1926319878325535,100.0,19.263198783255348,100.0,519.1245811517326,0.035566786556661276,298.15,0.1422671462266451,298.15,0.7202143111385206,298.15,0.7177908599168062,298.15,0.5054089560863474,within_reference_envelope,348.15,none,0.5054089560863474,348.15,none,conditional_liquid_phase_not_verified
UPR-0133,unseen_pair_recombination,12,298.15,298.15,353.15,1.7099343587231808,1.7099343587231808,0.010379508860114827,1.0,0.00607012123428251,0.00607012123428251,100.0,0.6070121234282511,100.0,16474.13554695173,1.7099343587231808,298.15,6.839737434892723,298.15,34.540081817456496,298.15,34.34770826091414,298.15,21.726327240499742,beyond_reference_tail,298.15,electrical;thermal,21.726327240499742,298.15,electrical;thermal,conditional_liquid_phase_not_verified
UPR-0134,unseen_pair_recombination,12,298.15,298.15,353.15,0.5984043528835337,0.5984043528835337,0.015271313320588134,1.0,0.025520057210480153,0.025520057210480153,100.0,2.5520057210480154,100.0,3918.486513381861,0.5984043528835337,298.15,2.3936174115341347,298.15,12.122418510876642,298.15,12.114607162650747,298.15,7.60329115943092,beyond_reference_tail,298.15,electrical;thermal,7.60329115943092,298.15,electrical;thermal,conditional_liquid_phase_not_verified
UPR-0135,unseen_pair_recombination,12,298.15,298.15,353.15,0.0316426406110344,0.0316426406110344,0.004591465790914067,1.0,0.1451037493158183,0.1451037493158183,100.0,14.51037493158183,100.0,689.1620683236104,0.0316426406110344,298.15,0.1265705624441376,298.15,0.6390953978966676,298.15,0.6383515971300371,298.15,0.40204956474598524,within_reference_envelope,298.15,none,0.40204956474598524,298.15,none,conditional_liquid_phase_not_verified
UPR-0136,unseen_pair_recombination,12,298.15,298.15,353.15,2.1317058273191316,2.1317058273191316,0.02051501350846785,1.0,0.009623754481296263,0.009623754481296263,100.0,0.9623754481296263,100.0,10390.955026372472,2.1317058273191316,298.15,8.526823309276526,298.15,43.13088373215252,298.15,42.96575080019769,298.15,27.085331169904535,beyond_reference_tail,298.15,electrical;thermal,27.085331169904535,298.15,electrical;thermal,conditional_liquid_phase_not_verified
UPR-0137,unseen_pair_recombination,12,298.15,298.15,353.15,0.3103367877055353,0.3103367877055353,0.015941733651904176,1.0,0.051369139217328545,0.051369139217328545,100.0,5.136913921732854,100.0,1946.6940953970009,0.3103367877055353,298.15,1.2413471508221412,298.15,6.313441031736278,298.15,6.275032634178953,298.15,3.9431213075866904,elevated_reference_tail,298.15,electrical;thermal,3.9431213075866904,298.15,electrical;thermal,conditional_liquid_phase_not_verified
UPR-0138,unseen_pair_recombination,12,298.15,298.15,353.15,0.20203879897025032,0.20203879897025032,0.010235787358754878,1.0,0.05066248369582751,0.05066248369582751,100.0,5.066248369582751,100.0,1973.847168654226,0.20203879897025032,298.15,0.8081551958810013,298.15,4.086649879525778,298.15,3.8759923570869494,298.15,2.5670933151977335,elevated_reference_tail,298.15,electrical;thermal,2.5670933151977335,298.15,electrical;thermal,conditional_liquid_phase_not_verified
UPR-0139,unseen_pair_recombination,12,298.15,298.15,353.15,0.9337769672275962,0.9337769672275962,0.04528793620575688,1.0,0.048499735799028894,0.048499735799028894,100.0,4.84997357990289,100.0,2061.8669020049033,0.9337769672275962,298.15,3.7351078689103847,298.15,18.921563175386193,298.15,18.837889016968784,298.15,11.864516234867052,beyond_reference_tail,298.15,electrical;thermal,11.864516234867052,298.15,electrical;thermal,conditional_liquid_phase_not_verified
UPR-0140,unseen_pair_recombination,12,298.15,298.15,353.15,0.15287451901288004,0.15287451901288004,0.012794187211239401,1.0,0.08369077655224845,0.08369077655224845,100.0,8.369077655224844,100.0,1194.8748012580531,0.15287451901288004,298.15,0.6114980760515202,298.15,3.0883041506109246,298.15,3.0849965155439234,298.15,1.9424148125124197,elevated_reference_tail,298.15,electrical;thermal,1.9424148125124197,298.15,electrical;thermal,conditional_liquid_phase_not_verified
UPR-0141,unseen_pair_recombination,12,298.15,298.15,353.15,0.08024152977787154,0.08024152977787154,0.018100406388108625,1.0,0.2255740442413678,0.2255740442413678,100.0,22.55740442413678,100.0,443.31341549650284,0.08024152977787154,298.15,0.32096611911148615,298.15,1.6214688657349705,298.15,1.6040658881598049,298.15,1.3805136203868258,elevated_reference_tail,343.15,electrical;thermal,1.3805136203868258,343.15,electrical;thermal,conditional_liquid_phase_not_verified
UPR-0142,unseen_pair_recombination,12,298.15,298.15,353.15,0.03903187220640538,0.03903187220640538,0.006234241250919684,1.0,0.15972180934473865,0.15972180934473865,100.0,15.972180934473867,100.0,626.0885749432193,0.03903187220640538,298.15,0.15612748882562152,298.15,0.7882501489205667,298.15,0.7852557605418687,298.15,0.49593671478649715,within_reference_envelope,298.15,none,0.49593671478649715,298.15,none,conditional_liquid_phase_not_verified
UPR-0143,unseen_pair_recombination,12,298.15,298.15,353.15,0.031924100130438636,0.031924100130438636,0.008382580924315416,1.0,0.2625784560900712,0.2625784560900712,100.0,26.257845609007116,100.0,380.8385557941487,0.031924100130438636,298.15,0.12769640052175454,298.15,0.6456906363670846,298.15,0.6428634136366879,298.15,0.6272618464265562,within_reference_envelope,348.15,none,0.6272618464265562,348.15,none,conditional_liquid_phase_not_verified
UPR-0144,unseen_pair_recombination,12,298.15,298.15,353.15,0.08422041927318595,0.08422041927318595,0.009109165786637492,1.0,0.10815863736192136,0.10815863736192136,100.0,10.815863736192137,100.0,924.5678610519024,0.08422041927318595,298.15,0.3368816770927438,298.15,1.7047957429709768,298.15,1.6666798255193997,298.15,1.070099784899143,elevated_reference_tail,298.15,electrical;thermal,1.070099784899143,298.15,electrical;thermal,conditional_liquid_phase_not_verified
UPR-0145,unseen_pair_recombination,12,298.15,298.15,353.15,0.09697987196445951,0.09697987196445951,0.020172564162975918,1.0,0.20800774175458403,0.20800774175458403,100.0,20.800774175458404,100.0,480.7513372169775,0.09697987196445951,298.15,0.38791948785783803,298.15,1.965006448689403,298.15,1.929713066075417,298.15,1.6118824038343937,elevated_reference_tail,338.15,electrical;thermal,1.6118824038343937,338.15,electrical;thermal,conditional_liquid_phase_not_verified
UPR-0146,unseen_pair_recombination,12,298.15,298.15,353.15,4.710990639481116,4.710990639481116,0.4243766423846958,1.0,0.09008225124205257,0.09008225124205257,100.0,9.008225124205257,100.0,1110.0965908511573,4.710990639481116,298.15,18.843962557924463,298.15,95.446340140949,298.15,93.31095945586148,298.15,59.85757508067454,beyond_reference_tail,298.15,electrical;thermal,59.85757508067454,298.15,electrical;thermal,conditional_liquid_phase_not_verified
UPR-0147,unseen_pair_recombination,12,298.15,298.15,353.15,0.02536547310224042,0.02536547310224042,0.006216943292439215,1.0,0.24509471072668856,0.24509471072668856,100.0,24.509471072668855,100.0,408.0055408111707,0.02536547310224042,298.15,0.10146189240896168,298.15,0.5137344429145508,298.15,0.5071853769528963,298.15,0.46131607507004874,within_reference_envelope,348.15,none,0.46131607507004874,348.15,none,conditional_liquid_phase_not_verified
UPR-0148,unseen_pair_recombination,12,298.15,298.15,353.15,1.4982130824753428,1.4982130824753428,0.09930421356789908,1.0,0.0662817690817577,0.0662817690817577,100.00000000000001,6.62817690817577,100.00000000000001,1508.7104853319668,1.4982130824753428,298.15,5.992852329901371,298.15,30.352872149831317,298.15,30.206852942820184,298.15,19.036208928021615,beyond_reference_tail,298.15,electrical;thermal,19.036208928021615,298.15,electrical;thermal,conditional_liquid_phase_not_verified
UPR-0149,unseen_pair_recombination,12,298.15,298.15,353.15,0.1746971097564691,0.1746971097564691,0.011840401042636327,1.0,0.06777674260977791,0.06777674260977791,99.99999999999999,6.777674260977792,99.99999999999999,1475.432370300625,0.1746971097564691,298.15,0.6987884390258764,298.15,3.541596788682792,298.15,3.530958277656078,298.15,2.2196913905939013,elevated_reference_tail,298.15,electrical;thermal,2.2196913905939013,298.15,electrical;thermal,conditional_liquid_phase_not_verified
UPR-0150,unseen_pair_recombination,12,298.15,298.15,353.15,6.719310735835445,6.719310735835445,0.05633117280196635,1.0,0.008383474885532649,0.008383474885532649,100.0,0.8383474885532648,100.0,11928.228015875597,6.719310735835445,298.15,26.87724294334178,298.15,136.0378603417462,298.15,135.3797330381736,298.15,85.37517427649836,beyond_reference_tail,298.15,electrical;thermal,85.37517427649836,298.15,electrical;thermal,conditional_liquid_phase_not_verified
UPR-0151,unseen_pair_recombination,12,298.15,298.15,353.15,0.10259841496448674,0.10259841496448674,0.01376484560959833,1.0,0.13416236122519898,0.13416236122519898,100.0,13.416236122519898,100.0,745.3655338708928,0.10259841496448674,298.15,0.41039365985794696,298.15,2.0939130995224926,298.15,2.086817497392166,298.15,1.3088517137585323,elevated_reference_tail,298.15,electrical;thermal,1.3088517137585323,298.15,electrical;thermal,conditional_liquid_phase_not_verified
UPR-0152,unseen_pair_recombination,12,298.15,298.15,353.15,0.048875458693129245,0.048875458693129245,0.007321125011629341,1.0,0.14979143331617512,0.14979143331617512,99.99999999999999,14.979143331617513,99.99999999999999,667.5949203912288,0.048875458693129245,298.15,0.19550183477251698,298.15,0.992218294481264,298.15,0.9875605295418906,298.15,0.6210087563766891,within_reference_envelope,298.15,none,0.6210087563766891,298.15,none,conditional_liquid_phase_not_verified
UPR-0153,unseen_pair_recombination,12,298.15,298.15,353.15,1.1859566902438736,1.1859566902438736,0.14313085871224407,1.0,0.12068809922798397,0.12068809922798397,100.0,12.068809922798398,100.0,828.5821107439646,1.1859566902438736,298.15,4.7438267609754945,298.15,24.02136065151778,298.15,23.983016267290314,298.15,15.575700037568643,beyond_reference_tail,308.15,electrical;thermal,15.575700037568643,308.15,electrical;thermal,conditional_liquid_phase_not_verified
UPR-0154,unseen_pair_recombination,12,298.15,298.15,353.15,0.04528990755600426,0.04528990755600426,0.011745645671399891,1.0,0.2593435558877118,0.2593435558877118,100.0,25.93435558877118,100.0,385.58891373918345,0.04528990755600426,298.15,0.18115963022401704,298.15,0.9183627827937706,298.15,0.915649405418611,298.15,0.8790250488850452,within_reference_envelope,348.15,none,0.8790250488850452,348.15,none,conditional_liquid_phase_not_verified
UPR-0155,unseen_pair_recombination,12,298.15,298.15,353.15,0.010119544438776638,0.010119544438776638,0.0027718226386777363,1.0,0.27390784787272743,0.27390784787272743,100.0,27.390784787272743,100.0,365.0862900666704,0.010119544438776638,298.15,0.04047817775510655,298.15,0.20444646230166835,298.15,0.20292921563354036,298.15,0.20360556636346056,within_reference_envelope,353.15,none,0.20360556636346056,353.15,none,conditional_liquid_phase_not_verified
UPR-0156,unseen_pair_recombination,12,298.15,298.15,353.15,0.38204132845151767,0.38204132845151767,0.03667140617961086,1.0,0.09598806058037405,0.09598806058037405,100.0,9.598806058037404,100.0,1041.7962337749977,0.38204132845151767,298.15,1.5281653138060707,298.15,7.760236539625081,298.15,7.7557868960495675,298.15,4.864428721306998,elevated_reference_tail,298.15,electrical;thermal,4.864428721306998,298.15,electrical;thermal,conditional_liquid_phase_not_verified
UPR-0157,unseen_pair_recombination,12,298.15,298.15,353.15,0.03460407034495959,0.03460407034495959,0.006674674953442581,1.0,0.19288698950453992,0.19288698950453992,100.0,19.28869895045399,100.0,518.4382848053436,0.03460407034495959,298.15,0.13841628137983836,298.15,0.6998916111303292,298.15,0.6940712178219989,298.15,0.5001737807863156,within_reference_envelope,343.15,none,0.5001737807863156,343.15,none,conditional_liquid_phase_not_verified
UPR-0158,unseen_pair_recombination,12,298.15,298.15,353.15,0.038539439073117396,0.038539439073117396,0.01105048174724593,1.0,0.28673177433332253,0.28673177433332253,100.0,28.67317743333225,100.0,348.7579994666064,0.038539439073117396,298.15,0.15415775629246958,298.15,0.7813423758326804,298.15,0.7772867789231762,298.15,0.8206011331600782,within_reference_envelope,348.15,none,0.8206011331600782,348.15,none,conditional_liquid_phase_not_verified
UPR-0159,unseen_pair_recombination,12,298.15,298.15,353.15,0.6791465869137501,0.6791465869137501,0.03808395477835456,1.0,0.056076192551330784,0.056076192551330784,100.0,5.607619255133078,100.0,1783.2879774863893,0.6791465869137501,298.15,2.7165863476550003,298.15,13.793428462248958,298.15,13.789357021339816,298.15,8.648683266056182,beyond_reference_tail,298.15,electrical;thermal,8.648683266056182,298.15,electrical;thermal,conditional_liquid_phase_not_verified
UPR-0160,unseen_pair_recombination,12,298.15,298.15,353.15,3.203034796782199,3.203034796782199,0.15925137534910241,1.0,0.049718902682258696,0.049718902682258696,100.0,4.97189026822587,100.0,2011.3074626581254,3.203034796782199,298.15,12.812139187128796,298.15,64.87311130394312,298.15,64.1218662146961,298.15,40.69757520374121,beyond_reference_tail,298.15,electrical;thermal,40.69757520374121,298.15,electrical;thermal,conditional_liquid_phase_not_verified
UPR-0161,unseen_pair_recombination,12,298.15,298.15,353.15,0.020436210081339987,0.020436210081339987,0.004593652741737692,1.0,0.22478007044623657,0.22478007044623657,100.0,22.478007044623656,100.0,444.8792982468534,0.020436210081339987,298.15,0.08174484032535995,298.15,0.4138121186910538,298.15,0.4136460235278996,298.15,0.3428578738992043,within_reference_envelope,348.15,none,0.3428578738992043,348.15,none,conditional_liquid_phase_not_verified
UPR-0162,unseen_pair_recombination,12,298.15,298.15,353.15,0.035116476065029434,0.035116476065029434,0.009937782004701502,1.0,0.2829948536492815,0.2829948536492815,100.0,28.299485364928152,100.0,353.36331636592604,0.035116476065029434,298.15,0.14046590426011774,298.15,0.7131524231766517,298.15,0.711266517814937,298.15,0.739685598551586,within_reference_envelope,348.15,none,0.739685598551586,348.15,none,conditional_liquid_phase_not_verified
UPR-0163,unseen_pair_recombination,12,298.15,298.15,353.15,0.08529485243016283,0.08529485243016283,0.010644205653785124,1.0,0.12479306019669027,0.12479306019669027,99.99999999999999,12.479306019669028,99.99999999999999,801.3266109700879,0.08529485243016283,298.15,0.3411794097206513,298.15,1.7285304196650755,298.15,1.719167788760998,298.15,1.0837514705603126,elevated_reference_tail,298.15,electrical;thermal,1.0837514705603126,298.15,electrical;thermal,conditional_liquid_phase_not_verified
UPR-0164,unseen_pair_recombination,12,298.15,298.15,353.15,0.1453018469084567,0.1453018469084567,0.014609578263470601,1.0,0.10054640442853387,0.10054640442853387,100.0,10.054640442853387,100.0,994.5656492478332,0.1453018469084567,298.15,0.5812073876338268,298.15,2.9519477436323056,298.15,2.9496290757084362,298.15,1.8500070444672299,elevated_reference_tail,298.15,electrical;thermal,1.8500070444672299,298.15,electrical;thermal,conditional_liquid_phase_not_verified
UPR-0165,unseen_pair_recombination,12,298.15,298.15,353.15,0.011972611709872748,0.011972611709872748,0.0028483249240043346,1.0,0.23790339092476992,0.23790339092476992,100.0,23.79033909247699,100.0,420.3386913119793,0.011972611709872748,298.15,0.047890446839490994,298.15,0.24242083806725787,298.15,0.2420442465862341,298.15,0.20922507856264355,within_reference_envelope,353.15,none,0.20922507856264355,353.15,none,conditional_liquid_phase_not_verified
UPR-0166,unseen_pair_recombination,12,298.15,298.15,353.15,0.07305677394505963,0.07305677394505963,0.010481858783184132,1.0,0.14347552207912617,0.14347552207912617,100.0,14.347552207912617,100.0,696.983001357196,0.07305677394505963,298.15,0.29222709578023853,298.15,1.4788143722369158,298.15,1.4732712169203985,298.15,0.9282551518824355,within_reference_envelope,298.15,none,0.9282551518824355,298.15,none,conditional_liquid_phase_not_verified
UPR-0167,unseen_pair_recombination,12,298.15,298.15,353.15,0.9760305292857304,0.9760305292857304,0.010599926508459362,1.0,0.01086024073060143,0.01086024073060143,100.0,1.0860240730601431,100.0,9207.89902181681,0.9760305292857304,298.15,3.9041221171429217,298.15,19.713234973040436,298.15,19.57061373182171,298.15,12.40138755490841,beyond_reference_tail,298.15,electrical;thermal,12.40138755490841,298.15,electrical;thermal,conditional_liquid_phase_not_verified
UPR-0168,unseen_pair_recombination,12,298.15,298.15,353.15,0.09976202096212296,0.09976202096212296,0.008829032824718403,1.0,0.08850094193731858,0.08850094193731858,100.0,8.85009419373186,100.0,1129.9314765579072,0.09976202096212296,298.15,0.39904808384849183,298.15,2.0197921664480116,298.15,2.003140294324057,298.15,1.2675704786791564,elevated_reference_tail,298.15,electrical;thermal,1.2675704786791564,298.15,electrical;thermal,conditional_liquid_phase_not_verified
UPR-0169,unseen_pair_recombination,12,298.15,298.15,353.15,0.04511861805471796,0.04511861805471796,0.008738062336576848,1.0,0.19366866081713083,0.19366866081713083,100.0,19.366866081713084,100.0,516.3458020418891,0.04511861805471796,298.15,0.18047447221887183,298.15,0.9129744226851241,298.15,0.9108567822907665,298.15,0.6467695118393731,within_reference_envelope,348.15,none,0.6467695118393731,348.15,none,conditional_liquid_phase_not_verified
UPR-0170,unseen_pair_recombination,12,298.15,298.15,353.15,1.4866488899719237,1.4866488899719237,0.14456703636974857,1.0,0.09724356392751136,0.09724356392751136,100.0,9.724356392751137,100.0,1028.345691592951,1.4866488899719237,298.15,5.946595559887695,298.15,30.10669082987161,298.15,29.943565975723555,298.15,18.889274965720848,beyond_reference_tail,298.15,electrical;thermal,18.889274965720848,298.15,electrical;thermal,conditional_liquid_phase_not_verified
UPR-0171,unseen_pair_recombination,12,298.15,298.15,353.15,0.30603424143801594,0.30603424143801594,0.011538088474824225,1.0,0.03770195263317012,0.03770195263317012,100.0,3.7701952633170124,100.0,2652.382516443463,0.30603424143801594,298.15,1.2241369657520638,298.15,6.204481907651686,298.15,6.1705820712914585,298.15,3.888453403115014,elevated_reference_tail,298.15,electrical;thermal,3.888453403115014,298.15,electrical;thermal,conditional_liquid_phase_not_verified
UPR-0172,unseen_pair_recombination,12,298.15,298.15,353.15,0.2422819439131815,0.2422819439131815,0.04520006942783529,1.0,0.1865597935107873,0.1865597935107873,100.0,18.65597935107873,100.0,536.0211764718628,0.2422819439131815,298.15,0.969127775652726,298.15,4.90800815277371,298.15,4.813896507136516,298.15,3.9089032142551803,elevated_reference_tail,338.15,electrical;thermal,3.9089032142551803,338.15,electrical;thermal,conditional_liquid_phase_not_verified
UPR-0173,unseen_pair_recombination,12,298.15,298.15,353.15,0.04724446216327543,0.04724446216327543,0.00808019192243578,1.0,0.17102939799612663,0.17102939799612663,100.0,17.102939799612663,100.0,584.6948020144744,0.04724446216327543,298.15,0.18897784865310172,298.15,0.9563578844058768,298.15,0.9505952986259043,298.15,0.6211569517788654,within_reference_envelope,338.15,none,0.6211569517788654,338.15,none,conditional_liquid_phase_not_verified
UPR-0174,unseen_pair_recombination,12,298.15,298.15,353.15,0.15146059255248598,0.15146059255248598,0.00479999963378909,1.0,0.03169140931576466,0.03169140931576466,100.0,3.1691409315764663,100.0,3155.4292522502533,0.15146059255248598,298.15,0.6058423702099439,298.15,3.059584997216789,298.15,3.0483477265449306,298.15,1.9244495445383545,elevated_reference_tail,298.15,electrical;thermal,1.9244495445383545,298.15,electrical;thermal,conditional_liquid_phase_not_verified
UPR-0175,unseen_pair_recombination,12,298.15,298.15,353.15,0.05324776307605418,0.05324776307605418,0.011927131475434774,1.0,0.22399309917299554,0.22399309917299554,100.00000000000001,22.399309917299554,100.00000000000001,446.44232509487927,0.05324776307605418,298.15,0.21299105230421672,298.15,1.0761904428508557,298.15,1.0751393723409568,298.15,0.8942004486845448,within_reference_envelope,348.15,none,0.8942004486845448,348.15,none,conditional_liquid_phase_not_verified
UPR-0176,unseen_pair_recombination,12,298.15,298.15,353.15,0.0360994893161777,0.0360994893161777,0.007759473030478053,1.0,0.21494689197724207,0.21494689197724207,100.0,21.494689197724206,100.0,465.2311977164466,0.0360994893161777,298.15,0.1443979572647108,298.15,0.7291964967894895,298.15,0.7248387062880993,298.15,0.5849414094130773,within_reference_envelope,343.15,none,0.5849414094130773,343.15,none,conditional_liquid_phase_not_verified
UPR-0177,unseen_pair_recombination,12,298.15,298.15,353.15,0.030395547382301658,0.030395547382301658,0.008191258467129,1.0,0.26948876307779557,0.26948876307779557,100.0,26.948876307779553,100.0,371.07298596762706,0.030395547382301658,298.15,0.12158218952920663,298.15,0.61723336826578,298.15,0.6138195275490345,298.15,0.6132659929571782,within_reference_envelope,348.15,none,0.6132659929571782,348.15,none,conditional_liquid_phase_not_verified
UPR-0178,unseen_pair_recombination,12,298.15,298.15,353.15,1.565632809906173,1.565632809906173,0.08447950097462752,1.0,0.053958693532802436,0.053958693532802436,100.0,5.3958693532802435,100.0,1853.2694817603071,1.565632809906173,298.15,6.262531239624692,298.15,31.75362402768541,298.15,31.645732595986242,298.15,19.89284009234378,beyond_reference_tail,298.15,electrical;thermal,19.89284009234378,298.15,electrical;thermal,conditional_liquid_phase_not_verified
UPR-0179,unseen_pair_recombination,12,298.15,298.15,353.15,0.025074999843068425,0.025074999843068425,0.005204853341487095,1.0,0.20757142070036314,0.20757142070036314,100.0,20.757142070036313,100.0,481.76189025729906,0.025074999843068425,298.15,0.1002999993722737,298.15,0.5115635228084007,298.15,0.510373227604522,298.15,0.389129038641971,within_reference_envelope,348.15,none,0.389129038641971,348.15,none,conditional_liquid_phase_not_verified
UPR-0180,unseen_pair_recombination,12,298.15,298.15,353.15,0.18346709329661945,0.18346709329661945,0.012280173488063819,1.0,0.0669339294987898,0.0669339294987898,100.0,6.693392949878981,100.0,1494.0105974475625,0.18346709329661945,298.15,0.7338683731864778,298.15,3.721829650276403,298.15,3.697197615360034,298.15,2.331122295128377,elevated_reference_tail,298.15,electrical;thermal,2.331122295128377,298.15,electrical;thermal,conditional_liquid_phase_not_verified
UPR-0181,unseen_pair_recombination,12,298.15,298.15,353.15,0.008535802797765791,0.008535802797765791,0.0022491490424596115,1.0,0.26349590023896946,0.26349590023896946,100.0,26.34959002389695,100.0,379.51254615084366,0.008535802797765791,298.15,0.034143211191063165,298.15,0.17242395643945893,298.15,0.17163661677344078,298.15,0.1652123257223552,within_reference_envelope,353.15,none,0.1652123257223552,353.15,none,conditional_liquid_phase_not_verified
UPR-0182,unseen_pair_recombination,12,298.15,298.15,353.15,0.4931082908495398,0.4931082908495398,0.04339140439941071,1.0,0.08799569020560345,0.08799569020560345,100.0,8.799569020560346,100.0,1136.4192924261208,0.4931082908495398,298.15,1.972433163398159,298.15,9.990629303616835,298.15,9.91883878773042,298.15,6.265405474395179,beyond_reference_tail,298.15,electrical;thermal,6.265405474395179,298.15,electrical;thermal,conditional_liquid_phase_not_verified
UPR-0183,unseen_pair_recombination,12,298.15,298.15,353.15,0.048661858891272516,0.048661858891272516,0.00456327340327742,1.0,0.09377515588694128,0.09377515588694128,100.0,9.377515588694127,100.0,1066.3805253553896,0.048661858891272516,298.15,0.19464743556509007,298.15,0.9839991674276608,298.15,0.9827757876533285,298.15,0.6182947696262793,within_reference_envelope,298.15,none,0.6182947696262793,298.15,none,conditional_liquid_phase_not_verified
UPR-0184,unseen_pair_recombination,12,298.15,298.15,353.15,0.08288035281865586,0.08288035281865586,0.009488664989115068,1.0,0.11448630062997546,0.11448630062997546,100.0,11.448630062997546,100.0,873.4669515019461,0.08288035281865586,298.15,0.3315214112746234,298.15,1.678393384969877,298.15,1.6730641468408258,298.15,1.053072977895348,elevated_reference_tail,298.15,electrical;thermal,1.053072977895348,298.15,electrical;thermal,conditional_liquid_phase_not_verified
UPR-0185,unseen_pair_recombination,12,298.15,298.15,353.15,0.009894969702095474,0.009894969702095474,0.002531903352289238,1.0,0.25587782767571815,0.25587782767571815,100.0,25.58778276757182,100.0,390.811509181378,0.009894969702095474,298.15,0.039579878808381895,298.15,0.1999442907466825,298.15,0.19968171281829447,298.15,0.18598217967738087,within_reference_envelope,353.15,none,0.18598217967738087,353.15,none,conditional_liquid_phase_not_verified
UPR-0186,unseen_pair_recombination,12,298.15,298.15,353.15,0.26865223148558603,0.26865223148558603,0.01055833203534922,1.0,0.039301114221028555,0.039301114221028555,100.0,3.9301114221028555,100.0,2544.4571224521096,0.26865223148558603,298.15,1.0746089259423441,298.15,5.4264806584922844,298.15,5.421054308016548,298.15,3.413479742874298,elevated_reference_tail,298.15,electrical;thermal,3.413479742874298,298.15,electrical;thermal,conditional_liquid_phase_not_verified
UPR-0187,unseen_pair_recombination,12,298.15,298.15,353.15,0.03787268287606558,0.03787268287606558,0.010436319242130312,1.0,0.2755632410907377,0.2755632410907377,100.0,27.556324109073767,100.0,362.89310433488447,0.03787268287606558,298.15,0.15149073150426232,298.15,0.7651152021063399,298.15,0.7488765275994462,298.15,0.7753616377948092,within_reference_envelope,348.15,none,0.7753616377948092,348.15,none,conditional_liquid_phase_not_verified
UPR-0188,unseen_pair_recombination,12,298.15,298.15,353.15,0.9904240818364565,0.9904240818364565,0.10887793475292924,1.0,0.10993062138699863,0.10993062138699863,100.0,10.993062138699862,100.0,909.6646479233573,0.9904240818364565,298.15,3.961696327345826,298.15,20.08779606947287,298.15,20.060820084928213,298.15,12.60579578818525,beyond_reference_tail,303.15,electrical;thermal,12.60579578818525,303.15,electrical;thermal,conditional_liquid_phase_not_verified
UPR-0189,unseen_pair_recombination,12,298.15,298.15,353.15,0.012254344531752673,0.012254344531752673,0.0026513074758354378,1.0,0.2163565312665675,0.2163565312665675,100.00000000000001,21.63565312665675,100.00000000000001,462.2000519910004,0.012254344531752673,298.15,0.049017378127010694,298.15,0.24758187719752014,298.15,0.24704041142981656,298.15,0.19684290860087972,within_reference_envelope,348.15,none,0.19684290860087972,348.15,none,conditional_liquid_phase_not_verified
UPR-0190,unseen_pair_recombination,12,298.15,298.15,353.15,2.6057103141534084,2.6057103141534084,0.20308518275441426,1.0,0.07793851129625526,0.07793851129625526,100.0,7.7938511296255255,100.0,1283.0627418566658,2.6057103141534084,298.15,10.422841256613633,298.15,52.77712928024752,298.15,52.705873615706366,298.15,33.10800481342177,beyond_reference_tail,298.15,electrical;thermal,33.10800481342177,298.15,electrical;thermal,conditional_liquid_phase_not_verified
UPR-0191,unseen_pair_recombination,12,298.15,298.15,353.15,1.434922318159899,1.434922318159899,0.19247941982720748,1.0,0.13413926133230494,0.13413926133230494,100.0,13.413926133230492,100.0,745.4938919953399,1.434922318159899,298.15,5.739689272639596,298.15,29.067370996010634,298.15,29.019192535321405,298.15,19.467643158856838,beyond_reference_tail,318.15,electrical;thermal,19.467643158856838,318.15,electrical;thermal,conditional_liquid_phase_not_verified
UPR-0192,unseen_pair_recombination,12,298.15,298.15,353.15,10.624409056963568,10.624409056963568,0.06193217062043502,1.0,0.005829234387379197,0.005829234387379197,100.0,0.5829234387379197,100.0,17154.91149515428,10.624409056963568,298.15,42.49763622785427,298.15,215.11353619438054,298.15,213.9835235157563,298.15,134.99312808760774,beyond_reference_tail,298.15,electrical;thermal,134.99312808760774,298.15,electrical;thermal,conditional_liquid_phase_not_verified
UPR-0193,unseen_pair_recombination,12,298.15,298.15,353.15,0.5101593267622584,0.5101593267622584,0.03328613906193301,1.0,0.06524655595965381,0.06524655595965381,100.0,6.524655595965381,100.0,1532.647946381055,0.5101593267622584,298.15,2.0406373070490336,298.15,10.360281754945362,298.15,10.350723849133754,298.15,6.491972903960223,beyond_reference_tail,298.15,electrical;thermal,6.491972903960223,298.15,electrical;thermal,conditional_liquid_phase_not_verified
UPR-0194,unseen_pair_recombination,12,298.15,298.15,353.15,0.0644574642209875,0.0644574642209875,0.007018859936284281,1.0,0.10889134441002295,0.10889134441002295,100.0,10.889134441002295,100.0,918.3466375753137,0.0644574642209875,298.15,0.25782985688395,298.15,1.3023057967638745,298.15,1.2989600914266577,298.15,0.8189928190013587,within_reference_envelope,298.15,none,0.8189928190013587,298.15,none,conditional_liquid_phase_not_verified
UPR-0195,unseen_pair_recombination,12,298.15,298.15,353.15,0.43026142462475797,0.43026142462475797,0.049057883361025574,1.0,0.11401878149734249,0.11401878149734249,100.0,11.40187814973425,100.0,877.0484887380661,0.43026142462475797,298.15,1.7210456984990319,298.15,8.714681492676787,298.15,8.671654800457523,298.15,5.466876820547263,beyond_reference_tail,298.15,electrical;thermal,4.303998998988177,338.15,electrical;thermal,conditional_liquid_phase_not_verified
UPR-0196,unseen_pair_recombination,12,298.15,298.15,353.15,0.04413994289137898,0.04413994289137898,0.008385881749843125,1.0,0.1899839737101468,0.1899839737101468,100.00000000000001,18.99839737101468,100.00000000000001,526.360187373316,0.04413994289137898,298.15,0.17655977156551592,298.15,0.8927789550347986,298.15,0.8910196961160756,298.15,0.6352563798704125,within_reference_envelope,343.15,none,0.6352563798704125,343.15,none,conditional_liquid_phase_not_verified
UPR-0197,unseen_pair_recombination,12,298.15,298.15,353.15,0.06370358262065465,0.06370358262065465,0.009922414894372027,1.0,0.1557591345130231,0.1557591345130231,100.0,15.57591345130231,100.0,642.0169212717278,0.06370358262065465,298.15,0.2548143304826186,298.15,1.2946528594045976,298.15,1.2936560677437223,298.15,0.8124020377595401,within_reference_envelope,303.15,none,0.8124020377595401,303.15,none,conditional_liquid_phase_not_verified
UPR-0198,unseen_pair_recombination,12,298.15,298.15,353.15,0.306526001539051,0.306526001539051,0.017161835033485964,1.0,0.055988186800849805,0.055988186800849805,100.0,5.598818680084981,100.0,1786.0910615966254,0.306526001539051,298.15,1.226104006156204,298.15,6.209485024167363,298.15,6.198621740151453,298.15,3.894701678567463,elevated_reference_tail,298.15,electrical;thermal,3.894701678567463,298.15,electrical;thermal,conditional_liquid_phase_not_verified
UPR-0199,unseen_pair_recombination,12,298.15,298.15,353.15,0.08318715710360745,0.08318715710360745,0.015399123774795508,1.0,0.1851141968419031,0.1851141968419031,100.0,18.51141968419031,100.0,540.2070813909809,0.08318715710360745,298.15,0.3327486284144298,298.15,1.6910760508943468,298.15,1.67747046806954,298.15,1.1624987059774847,elevated_reference_tail,343.15,electrical;thermal,1.1624987059774847,343.15,electrical;thermal,conditional_liquid_phase_not_verified
UPR-0200,unseen_pair_recombination,12,298.15,298.15,353.15,0.014711612869904347,0.014711612869904347,0.0029749337089677395,1.0,0.20221669338877063,0.20221669338877063,100.0,20.221669338877067,100.0,494.5190148458492,0.014711612869904347,298.15,0.05884645147961739,298.15,0.29801891467803904,298.15,0.29118263243274134,298.15,0.21852518781543498,within_reference_envelope,353.15,none,0.21852518781543498,353.15,none,conditional_liquid_phase_not_verified
UPR-0201,unseen_pair_recombination,12,298.15,298.15,353.15,0.27631078304511714,0.27631078304511714,0.03248714797127373,1.0,0.11757466579206609,0.11757466579206609,100.0,11.75746657920661,100.0,850.5233616981114,0.27631078304511714,298.15,1.1052431321804685,298.15,5.600756847148183,298.15,5.579293812741675,298.15,3.510788856830496,elevated_reference_tail,298.15,electrical;thermal,3.510788856830496,298.15,electrical;thermal,conditional_liquid_phase_not_verified
UPR-0202,unseen_pair_recombination,12,298.15,298.15,353.15,0.18235930908265835,0.18235930908265835,0.01682609918334746,1.0,0.09226893470911683,0.09226893470911683,100.0,9.226893470911683,100.0,1083.7883878821817,0.18235930908265835,298.15,0.7294372363306334,298.15,3.719174580217726,298.15,3.6932173809240894,298.15,2.3170468528626573,elevated_reference_tail,298.15,electrical;thermal,2.3170468528626573,298.15,electrical;thermal,conditional_liquid_phase_not_verified
UPR-0203,unseen_pair_recombination,12,298.15,298.15,353.15,3.1990460856077534,3.1990460856077534,0.3079485853444101,1.0,0.09626262864103322,0.09626262864103322,100.0,9.626262864103321,100.0,1038.8247382367208,3.1990460856077534,298.15,12.796184342431014,298.15,64.83439191554996,298.15,64.7100495732273,298.15,40.99036976000995,beyond_reference_tail,303.15,electrical;thermal,40.99036976000995,303.15,electrical;thermal,conditional_liquid_phase_not_verified
UPR-0204,unseen_pair_recombination,12,298.15,298.15,353.15,0.05121631379013627,0.05121631379013627,0.006425509476556556,1.0,0.12545825736084198,0.12545825736084198,100.0,12.545825736084197,100.0,797.0778656073696,0.05121631379013627,298.15,0.20486525516054507,298.15,1.038202190728245,298.15,1.034338603447356,298.15,0.6507515260922134,within_reference_envelope,298.15,none,0.6507515260922134,298.15,none,conditional_liquid_phase_not_verified
UPR-0205,unseen_pair_recombination,12,298.15,298.15,353.15,0.037145120821933435,0.037145120821933435,0.007803029640619694,1.0,0.21006876456334378,0.21006876456334378,100.0,21.00687645633438,100.0,476.03459851760186,0.037145120821933435,298.15,0.14858048328773374,298.15,0.7540701663611756,298.15,0.749068061260706,298.15,0.5828271332498917,within_reference_envelope,348.15,none,0.5828271332498917,348.15,none,conditional_liquid_phase_not_verified
UPR-0206,unseen_pair_recombination,12,298.15,298.15,353.15,0.3618302471968938,0.3618302471968938,0.03197265826924321,1.0,0.0883636968355632,0.0883636968355632,100.0,8.83636968355632,100.0,1131.686468325232,0.3618302471968938,298.15,1.447320988787575,298.15,7.370234517262514,298.15,7.363110832499158,298.15,4.618142335759541,elevated_reference_tail,298.15,electrical;thermal,4.618142335759541,298.15,electrical;thermal,conditional_liquid_phase_not_verified
UPR-0207,unseen_pair_recombination,12,298.15,298.15,353.15,0.049542734450877667,0.049542734450877667,0.008033426899820905,1.0,0.16215146355690485,0.16215146355690485,100.0,16.215146355690486,100.0,616.707353769313,0.049542734450877667,298.15,0.19817093780351067,298.15,1.0021983255553417,298.15,1.0008751361881774,298.15,0.635668426508641,within_reference_envelope,333.15,none,0.635668426508641,333.15,none,conditional_liquid_phase_not_verified
UPR-0208,unseen_pair_recombination,12,298.15,298.15,353.15,0.05373905041306339,0.05373905041306339,0.013716237373122143,1.0,0.25523780691494824,0.25523780691494824,100.0,25.523780691494824,100.0,391.79148735329227,0.05373905041306339,298.15,0.21495620165225357,298.15,1.0922499516370652,298.15,1.091507643574817,298.15,1.0278648851488208,elevated_reference_tail,348.15,electrical;thermal,1.0278648851488208,348.15,electrical;thermal,conditional_liquid_phase_not_verified
UPR-0209,unseen_pair_recombination,12,298.15,298.15,353.15,0.02856246198204284,0.02856246198204284,0.005183383504329955,1.0,0.18147537518259937,0.18147537518259937,100.0,18.147537518259934,100.0,551.0389489448949,0.02856246198204284,298.15,0.11424984792817136,298.15,0.5777480604433763,298.15,0.5757532224702505,298.15,0.38649701054869096,within_reference_envelope,348.15,none,0.38649701054869096,348.15,none,conditional_liquid_phase_not_verified
UPR-0210,unseen_pair_recombination,12,298.15,298.15,353.15,0.1841845076415154,0.1841845076415154,0.021632481545191987,1.0,0.11745006038887931,0.11745006038887931,100.0,11.745006038887931,100.0,851.4257010077148,0.1841845076415154,298.15,0.7367380305660616,298.15,3.730878464165485,298.15,3.714019525537929,298.15,2.340237720375389,elevated_reference_tail,298.15,electrical;thermal,2.340237720375389,298.15,electrical;thermal,conditional_liquid_phase_not_verified
UPR-0211,unseen_pair_recombination,12,298.15,298.15,353.15,2.0524973544326324,2.0524973544326324,0.20923647348730107,1.0,0.1019423840110819,0.1019423840110819,100.0,10.194238401108189,100.0,980.9462567515515,2.0524973544326324,298.15,8.20998941773053,298.15,41.57705912304056,298.15,41.33008514249043,298.15,26.572808691146506,beyond_reference_tail,303.15,electrical;thermal,26.572808691146506,303.15,electrical;thermal,conditional_liquid_phase_not_verified
UPR-0212,unseen_pair_recombination,12,298.15,298.15,353.15,2.3693364681999483,2.3693364681999483,0.046466125233554915,1.0,0.019611450655995913,0.019611450655995913,100.0,1.9611450655995912,100.0,5099.061856978258,2.3693364681999483,298.15,9.477345872799793,298.15,47.98466820790639,298.15,47.749228534966775,298.15,30.104652373556718,beyond_reference_tail,298.15,electrical;thermal,30.104652373556718,298.15,electrical;thermal,conditional_liquid_phase_not_verified
UPR-0213,unseen_pair_recombination,12,298.15,298.15,353.15,0.07895559893029884,0.07895559893029884,0.009102799048898063,1.0,0.11529010193354262,0.11529010193354262,100.0,11.529010193354264,100.0,867.3771496675718,0.07895559893029884,298.15,0.31582239572119536,298.15,1.5989458530546319,298.15,1.5967218073698166,298.15,1.003205281581824,elevated_reference_tail,298.15,electrical;thermal,1.003205281581824,298.15,electrical;thermal,conditional_liquid_phase_not_verified
UPR-0214,unseen_pair_recombination,12,298.15,298.15,353.15,0.1936523013769647,0.1936523013769647,0.022661646868766545,1.0,0.11702234730819569,0.11702234730819569,100.0,11.702234730819569,100.0,854.537635761443,0.1936523013769647,298.15,0.7746092055078588,298.15,3.922336978489491,298.15,3.90982814898062,298.15,2.460534960963924,elevated_reference_tail,298.15,electrical;thermal,2.460534960963924,298.15,electrical;thermal,conditional_liquid_phase_not_verified
UPR-0215,unseen_pair_recombination,12,298.15,298.15,353.15,0.6570306882019783,0.6570306882019783,0.051482803485945756,1.0,0.07835677147262776,0.07835677147262776,100.0,7.835677147262777,100.0,1276.213888354663,0.6570306882019783,298.15,2.628122752807913,298.15,13.304006891400078,298.15,13.281510012299371,298.15,8.34819399125126,beyond_reference_tail,298.15,electrical;thermal,8.34819399125126,298.15,electrical;thermal,conditional_liquid_phase_not_verified
UPR-0216,unseen_pair_recombination,12,298.15,298.15,353.15,1.4934236687095959,1.4934236687095959,0.03934034659719294,1.0,0.02634238858098805,0.02634238858098805,100.0,2.634238858098805,100.0,3796.16296724787,1.4934236687095959,298.15,5.9736946748383835,298.15,30.230176720569087,298.15,30.001836735837088,298.15,18.97535491322629,beyond_reference_tail,298.15,electrical;thermal,18.97535491322629,298.15,electrical;thermal,conditional_liquid_phase_not_verified
UPR-0217,unseen_pair_recombination,12,298.15,298.15,353.15,0.31051549058264055,0.31051549058264055,0.009699915299559152,1.0,0.031238104357881036,0.031238104357881036,100.0,3.1238104357881036,100.0,3201.218577617405,0.31051549058264055,298.15,1.2420619623305622,298.15,6.283458877027719,298.15,6.255666262004139,298.15,3.945391896025949,elevated_reference_tail,298.15,electrical;thermal,3.945391896025949,298.15,electrical;thermal,conditional_liquid_phase_not_verified
UPR-0218,unseen_pair_recombination,12,298.15,298.15,353.15,0.3157200229678334,0.3157200229678334,0.026733457223155045,1.0,0.0846745701202446,0.0846745701202446,100.0,8.46745701202446,100.0,1180.9921190977655,0.3157200229678334,298.15,1.2628800918713337,298.15,6.38588215388449,298.15,6.374639605246483,298.15,4.0115203840334726,elevated_reference_tail,298.15,electrical;thermal,4.0115203840334726,298.15,electrical;thermal,conditional_liquid_phase_not_verified
UPR-0219,unseen_pair_recombination,12,298.15,298.15,353.15,1.0980665230383062,1.0980665230383062,0.05818289262217855,1.0,0.052986673759244395,0.052986673759244395,100.0,5.29866737592444,100.0,1887.2669844189522,1.0980665230383062,298.15,4.392266092153225,298.15,22.233340733436336,298.15,22.051990766494537,298.15,13.951969845896386,beyond_reference_tail,298.15,electrical;thermal,13.951969845896386,298.15,electrical;thermal,conditional_liquid_phase_not_verified
UPR-0220,unseen_pair_recombination,12,298.15,298.15,353.15,0.2104731994961228,0.2104731994961228,0.01986606299179033,1.0,0.0943876134317818,0.0943876134317818,100.0,9.438761343178179,100.0,1059.4610496458258,0.2104731994961228,298.15,0.8418927979844912,298.15,4.274617819725111,298.15,4.26893545056659,298.15,2.677475863309104,elevated_reference_tail,298.15,electrical;thermal,2.677475863309104,298.15,electrical;thermal,conditional_liquid_phase_not_verified
UPR-0221,unseen_pair_recombination,12,298.15,298.15,353.15,0.24018484274131405,0.24018484274131405,0.031073490349644958,1.0,0.12937323602518913,0.12937323602518913,100.0,12.937323602518914,100.0,772.9573988589872,0.24018484274131405,298.15,0.9607393709652562,298.15,4.868697029021597,298.15,4.802165173085042,298.15,3.082057108912464,elevated_reference_tail,303.15,electrical;thermal,3.082057108912464,303.15,electrical;thermal,conditional_liquid_phase_not_verified
UPR-0222,unseen_pair_recombination,12,298.15,298.15,353.15,0.16887006875199112,0.16887006875199112,0.016285166216825114,1.0,0.09643607263962281,0.09643607263962281,100.0,9.64360726396228,100.0,1036.9563718515935,0.16887006875199112,298.15,0.6754802750079645,298.15,3.4275440287094168,298.15,3.38143510105527,298.15,2.145653344009685,elevated_reference_tail,298.15,electrical;thermal,2.145653344009685,298.15,electrical;thermal,conditional_liquid_phase_not_verified
UPR-0223,unseen_pair_recombination,12,298.15,298.15,353.15,0.006865050725103208,0.006865050725103208,0.0018659091345869813,1.0,0.27179830263510973,0.27179830263510973,100.0,27.179830263510976,100.0,367.91988408496564,0.006865050725103208,298.15,0.02746020290041283,298.15,0.13866544499705732,298.15,0.13752205736546588,298.15,0.13706125378626968,within_reference_envelope,353.15,none,0.13706125378626968,353.15,none,conditional_liquid_phase_not_verified
UPR-0224,unseen_pair_recombination,12,298.15,298.15,353.15,12.610009358489378,12.610009358489378,0.030277331698543294,1.0,0.0024010554503006635,0.0024010554503006635,100.0,0.24010554503006634,100.0,41648.350931453024,12.610009358489378,298.15,50.440037433957514,298.15,254.7061557244198,298.15,253.89674188761566,298.15,160.22205088204618,beyond_reference_tail,298.15,electrical;thermal,160.22205088204618,298.15,electrical;thermal,conditional_liquid_phase_not_verified
UPR-0225,unseen_pair_recombination,12,298.15,298.15,353.15,3.0511115124038373,3.0511115124038373,0.08856008770381553,1.0,0.029025516551521552,0.029025516551521552,100.0,2.902551655152155,100.0,3445.244456631656,3.0511115124038373,298.15,12.204446049615349,298.15,61.80002869591002,298.15,61.65393943496422,298.15,38.76724672357635,beyond_reference_tail,298.15,electrical;thermal,38.76724672357635,298.15,electrical;thermal,conditional_liquid_phase_not_verified
UPR-0226,unseen_pair_recombination,12,298.15,298.15,353.15,2.8972866592526274,2.8972866592526274,0.14370527991472185,1.0,0.049599952236618346,0.049599952236618346,100.0,4.959995223661835,100.0,2016.1309737345398,2.8972866592526274,298.15,11.58914663701051,298.15,58.76317900503744,298.15,58.62282489818905,298.15,36.812757020368956,beyond_reference_tail,298.15,electrical;thermal,36.812757020368956,298.15,electrical;thermal,conditional_liquid_phase_not_verified
UPR-0227,unseen_pair_recombination,12,298.15,298.15,353.15,0.4831253867844706,0.4831253867844706,0.01953491957275467,1.0,0.040434471272091294,0.040434471272091294,100.0,4.04344712720913,100.0,2473.137322040911,0.4831253867844706,298.15,1.9325015471378824,298.15,9.852970670336752,298.15,9.816749686571296,298.15,6.157064365649596,beyond_reference_tail,298.15,electrical;thermal,6.157064365649596,298.15,electrical;thermal,conditional_liquid_phase_not_verified
UPR-0228,unseen_pair_recombination,12,298.15,298.15,353.15,2.4053455956303065,2.4053455956303065,0.04018216462488198,1.0,0.01670536021845646,0.01670536021845646,100.0,1.670536021845646,100.0,5986.102585774699,2.4053455956303065,298.15,9.621382382521226,298.15,48.71000422865365,298.15,48.46865226688957,298.15,30.56218226773406,beyond_reference_tail,298.15,electrical;thermal,30.56218226773406,298.15,electrical;thermal,conditional_liquid_phase_not_verified
UPR-0229,unseen_pair_recombination,12,298.15,298.15,353.15,0.03395028210425093,0.03395028210425093,0.007086063412798827,1.0,0.20871883747651032,0.20871883747651032,100.0,20.871883747651033,100.0,479.11343896429196,0.03395028210425093,298.15,0.13580112841700373,298.15,0.6883795306650888,298.15,0.6871455715734598,298.15,0.5335602305879934,within_reference_envelope,343.15,none,0.5335602305879934,343.15,none,conditional_liquid_phase_not_verified
UPR-0230,unseen_pair_recombination,12,298.15,298.15,353.15,0.1813875027408939,0.1813875027408939,0.01181597931987262,1.0,0.06514219084184295,0.06514219084184295,99.99999999999999,6.514219084184294,99.99999999999999,1535.1034208043054,0.1813875027408939,298.15,0.7255500109635756,298.15,3.6946071334292787,298.15,3.6865089828951523,298.15,2.3121780443562123,elevated_reference_tail,298.15,electrical;thermal,2.3121780443562123,298.15,electrical;thermal,conditional_liquid_phase_not_verified
UPR-0231,unseen_pair_recombination,12,298.15,298.15,353.15,0.048853715624193765,0.048853715624193765,0.007469858039350689,1.0,0.15290255702989763,0.15290255702989763,99.99999999999999,15.290255702989764,99.99999999999999,654.0112993692225,0.048853715624193765,298.15,0.19541486249677506,298.15,0.9867427143254733,298.15,0.9832501360434364,298.15,0.6207324901981104,within_reference_envelope,298.15,none,0.6207324901981104,298.15,none,conditional_liquid_phase_not_verified
UPR-0232,unseen_pair_recombination,12,298.15,298.15,353.15,8.57132453217614,8.57132453217614,0.009001451094426512,1.0,0.0010501820413677848,0.0010501820413677848,100.0,0.10501820413677848,100.0,95221.58641158762,8.57132453217614,298.15,34.28529812870456,298.15,173.1498103603933,298.15,172.70690995282612,298.15,108.90675464854478,beyond_reference_tail,298.15,electrical;thermal,108.90675464854478,298.15,electrical;thermal,conditional_liquid_phase_not_verified
UPR-0233,unseen_pair_recombination,12,298.15,298.15,353.15,0.34142213681295513,0.34142213681295513,0.02239238244367458,1.0,0.06558561976296819,0.06558561976296819,100.00000000000001,6.558561976296819,100.00000000000001,1524.7244801742854,0.34142213681295513,298.15,1.3656885472518205,298.15,6.917721017475546,298.15,6.894121800405455,298.15,4.338089958662445,elevated_reference_tail,298.15,electrical;thermal,4.338089958662445,298.15,electrical;thermal,conditional_liquid_phase_not_verified
UPR-0234,unseen_pair_recombination,12,298.15,298.15,353.15,0.07672989510659421,0.07672989510659421,0.012484103751931989,1.0,0.16270195253869307,0.16270195253869307,100.0,16.270195253869307,100.0,614.6207739960493,0.07672989510659421,298.15,0.30691958042637685,298.15,1.553208360571682,298.15,1.5502319952077472,298.15,1.0141956773863035,elevated_reference_tail,333.15,electrical;thermal,1.0141956773863035,333.15,electrical;thermal,conditional_liquid_phase_not_verified
UPR-0235,unseen_pair_recombination,12,298.15,298.15,353.15,0.08677041537756566,0.08677041537756566,0.007395129970479808,1.0,0.08522639817155706,0.08522639817155706,99.99999999999999,8.522639817155705,99.99999999999999,1173.345373562594,0.08677041537756566,298.15,0.34708166151026265,298.15,1.7538698791955531,298.15,1.7505007162025659,298.15,1.102499888179787,elevated_reference_tail,298.15,electrical;thermal,1.102499888179787,298.15,electrical;thermal,conditional_liquid_phase_not_verified
UPR-0236,unseen_pair_recombination,12,298.15,298.15,353.15,0.022644626738293868,0.022644626738293868,0.00491903934864161,1.0,0.2172276631225333,0.2172276631225333,100.0,21.72276631225333,100.0,460.346525679799,0.022644626738293868,298.15,0.09057850695317547,298.15,0.4584300202102308,298.15,0.4557377205143932,298.15,0.3649934329741367,within_reference_envelope,348.15,none,0.3649934329741367,348.15,none,conditional_liquid_phase_not_verified
UPR-0237,unseen_pair_recombination,12,298.15,298.15,353.15,0.22583321660375055,0.22583321660375055,0.010969994766483419,1.0,0.04857564769017789,0.04857564769017789,100.0,4.857564769017789,100.0,2058.6447068665693,0.22583321660375055,298.15,0.9033328664150022,298.15,4.567482393071441,298.15,4.55289302470293,298.15,2.869423811900873,elevated_reference_tail,298.15,electrical;thermal,2.869423811900873,298.15,electrical;thermal,conditional_liquid_phase_not_verified
UPR-0238,unseen_pair_recombination,12,298.15,298.15,353.15,0.09557226876185818,0.09557226876185818,0.004983694258615737,1.0,0.05214581931746161,0.05214581931746161,100.0,5.214581931746161,100.0,1917.6992769296442,0.09557226876185818,298.15,0.3822890750474327,298.15,1.933703540028574,298.15,1.9260030753499058,298.15,1.214335729113958,elevated_reference_tail,298.15,electrical;thermal,1.214335729113958,298.15,electrical;thermal,conditional_liquid_phase_not_verified
UPR-0239,unseen_pair_recombination,12,298.15,298.15,353.15,0.22868939860502585,0.22868939860502585,0.02054645116582188,1.0,0.08984435348185106,0.08984435348185106,100.0,8.984435348185107,100.0,1113.0360019809193,0.22868939860502585,298.15,0.9147575944201034,298.15,4.641824572764217,298.15,4.631834452623736,298.15,2.9057142955101205,elevated_reference_tail,298.15,electrical;thermal,2.9057142955101205,298.15,electrical;thermal,conditional_liquid_phase_not_verified
UPR-0240,unseen_pair_recombination,12,298.15,298.15,353.15,1.093061355540779,1.093061355540779,0.03008570918520459,1.0,0.027524263878417003,0.027524263878417003,100.0,2.7524263878417004,100.0,3633.1580180211267,1.093061355540779,298.15,4.372245422163116,298.15,22.10680441275051,298.15,22.07011009542995,298.15,13.8883744766414,beyond_reference_tail,298.15,electrical;thermal,13.8883744766414,298.15,electrical;thermal,conditional_liquid_phase_not_verified
UPR-0241,unseen_pair_recombination,12,298.15,298.15,353.15,1.7688077362597439,1.7688077362597439,0.07339715818804496,1.0,0.04149527203179691,0.04149527203179691,100.00000000000001,4.149527203179692,100.00000000000001,2409.9131082541694,1.7688077362597439,298.15,7.075230945038975,298.15,35.831064890856055,298.15,35.419869026614215,298.15,22.47436897648075,beyond_reference_tail,298.15,electrical;thermal,22.47436897648075,298.15,electrical;thermal,conditional_liquid_phase_not_verified
UPR-0242,unseen_pair_recombination,12,298.15,298.15,353.15,0.12941845178507344,0.12941845178507344,0.00876323360776173,1.0,0.06771239716508835,0.06771239716508835,100.0,6.771239716508835,100.0,1476.834437808956,0.12941845178507344,298.15,0.5176738071402938,298.15,2.6139103779801767,298.15,2.6088427469601174,298.15,1.6443833765296838,elevated_reference_tail,298.15,electrical;thermal,1.6443833765296838,298.15,electrical;thermal,conditional_liquid_phase_not_verified
UPR-0243,unseen_pair_recombination,12,298.15,298.15,353.15,0.06764580937650695,0.06764580937650695,0.00876651492540433,1.0,0.12959435338575306,0.12959435338575306,100.0,12.959435338575307,100.0,771.6385582197247,0.06764580937650695,298.15,0.2705832375060278,298.15,1.3802541914123763,298.15,1.3775148083850823,298.15,0.863977142196517,within_reference_envelope,298.15,none,0.863977142196517,298.15,none,conditional_liquid_phase_not_verified
UPR-0244,unseen_pair_recombination,12,298.15,298.15,353.15,1.0319186760202446,1.0319186760202446,0.031017922755883935,1.0,0.030058495380187705,0.030058495380187705,100.0,3.0058495380187704,100.0,3326.846494981664,1.0319186760202446,298.15,4.127674704080978,298.15,20.896583018414244,298.15,20.866964561245627,298.15,13.111499120668048,beyond_reference_tail,298.15,electrical;thermal,13.111499120668048,298.15,electrical;thermal,conditional_liquid_phase_not_verified
UPR-0245,unseen_pair_recombination,12,298.15,298.15,353.15,0.24431603912253708,0.24431603912253708,0.018681828405990756,1.0,0.07646582874004787,0.07646582874004787,100.0,7.646582874004787,100.0,1307.773702943292,0.24431603912253708,298.15,0.9772641564901483,298.15,4.951776042243863,298.15,4.9469852903761575,298.15,3.1042654877363622,elevated_reference_tail,298.15,electrical;thermal,3.1042654877363622,298.15,electrical;thermal,conditional_liquid_phase_not_verified
UPR-0246,unseen_pair_recombination,12,298.15,298.15,353.15,0.7667386108011605,0.7667386108011605,0.013587489077790105,1.0,0.017721148884875672,0.017721148884875672,100.0,1.772114888487567,100.0,5642.974992741369,0.7667386108011605,298.15,3.066954443204642,298.15,15.532729479093181,298.15,15.494299857888377,298.15,9.7421365219137,beyond_reference_tail,298.15,electrical;thermal,9.7421365219137,298.15,electrical;thermal,conditional_liquid_phase_not_verified
UPR-0247,unseen_pair_recombination,12,298.15,298.15,353.15,0.2825666420242997,0.2825666420242997,0.022676310879204277,1.0,0.08025119567105234,0.08025119567105234,100.0,8.025119567105234,100.0,1246.0873531392294,0.2825666420242997,298.15,1.1302665680971988,298.15,5.729488066764241,298.15,5.709667443871335,298.15,3.5902754398439103,elevated_reference_tail,298.15,electrical;thermal,3.5902754398439103,298.15,electrical;thermal,conditional_liquid_phase_not_verified
UPR-0248,unseen_pair_recombination,12,298.15,298.15,353.15,3.98319837591851,3.98319837591851,0.012137968076621665,1.0,0.003047291882323761,0.003047291882323761,100.0,0.3047291882323761,100.0,32816.02283655985,3.98319837591851,298.15,15.93279350367404,298.15,80.56226246558404,298.15,80.44684506937932,298.15,50.61028859824353,beyond_reference_tail,298.15,electrical;thermal,50.61028859824353,298.15,electrical;thermal,conditional_liquid_phase_not_verified
UPR-0249,unseen_pair_recombination,12,298.15,298.15,353.15,7.752137103590567,7.752137103590567,0.03344942088806401,1.0,0.004314864461384617,0.004314864461384617,100.0,0.43148644613846165,100.0,23175.69900397533,7.752137103590567,298.15,31.008548414362266,298.15,156.94454349833194,298.15,156.70415727698725,298.15,98.49820647594503,beyond_reference_tail,298.15,electrical;thermal,98.49820647594503,298.15,electrical;thermal,conditional_liquid_phase_not_verified
UPR-0250,unseen_pair_recombination,12,298.15,298.15,353.15,0.34914543309743884,0.34914543309743884,0.020049704749580892,1.0,0.057425080923184976,0.057425080923184976,100.0,5.742508092318497,100.0,1741.3993744957127,0.34914543309743884,298.15,1.3965817323897554,298.15,7.078961287855022,298.15,7.0686984545369045,298.15,4.436221715355916,elevated_reference_tail,298.15,electrical;thermal,4.436221715355916,298.15,electrical;thermal,conditional_liquid_phase_not_verified
UPR-0251,unseen_pair_recombination,12,298.15,298.15,353.15,0.3065698655130936,0.3065698655130936,0.02272710813836603,1.0,0.07413353592444119,0.07413353592444119,100.0,7.413353592444119,100.0,1348.917176996961,0.3065698655130936,298.15,1.2262794620523745,298.15,6.215238792932838,298.15,6.173904635918999,298.15,3.895259011689203,elevated_reference_tail,298.15,electrical;thermal,3.895259011689203,298.15,electrical;thermal,conditional_liquid_phase_not_verified
UPR-0252,unseen_pair_recombination,12,298.15,298.15,353.15,0.11802239931060116,0.11802239931060116,0.014524165061716733,1.0,0.12306278423889087,0.12306278423889087,100.0,12.306278423889086,100.0,812.5933491467158,0.11802239931060116,298.15,0.4720895972424046,298.15,2.4047349865614325,298.15,2.393204835685438,298.15,1.50101781994664,elevated_reference_tail,298.15,electrical;thermal,1.50101781994664,298.15,electrical;thermal,conditional_liquid_phase_not_verified
UPR-0253,unseen_pair_recombination,12,298.15,298.15,353.15,0.12109709946695442,0.12109709946695442,0.017975841517198488,1.0,0.1484415530704253,0.1484415530704253,100.0,14.84415530704253,100.0,673.665816151606,0.12109709946695442,298.15,0.4843883978678177,298.15,2.4553683229481633,298.15,2.4462089800248776,298.15,1.5386527544010404,elevated_reference_tail,298.15,electrical;thermal,1.5386527544010404,298.15,electrical;thermal,conditional_liquid_phase_not_verified
UPR-0254,unseen_pair_recombination,12,298.15,298.15,353.15,1.4232649542378069,1.4232649542378069,0.005290382343058319,1.0,0.003717074833681581,0.003717074833681581,100.00000000000001,0.3717074833681582,100.00000000000001,26902.875103258248,1.4232649542378069,298.15,5.693059816951227,298.15,28.74520577709798,298.15,28.74141168565508,298.15,18.08392233769452,beyond_reference_tail,298.15,electrical;thermal,18.08392233769452,298.15,electrical;thermal,conditional_liquid_phase_not_verified
UPR-0255,unseen_pair_recombination,12,298.15,298.15,353.15,2.8541588141814174,2.8541588141814174,0.07257858974309059,1.0,0.025429064907835683,0.025429064907835683,100.0,2.5429064907835683,100.0,3932.507953494826,2.8541588141814174,298.15,11.41663525672567,298.15,57.78367101177997,298.15,57.502773679972854,298.15,36.264777110839354,beyond_reference_tail,298.15,electrical;thermal,36.264777110839354,298.15,electrical;thermal,conditional_liquid_phase_not_verified
UPR-0256,unseen_pair_recombination,12,298.15,298.15,353.15,0.03302569719307826,0.03302569719307826,0.00761523586773944,1.0,0.2305851659457318,0.2305851659457318,100.0,23.058516594573177,100.0,433.67924207030296,0.03302569719307826,298.15,0.13210278877231305,298.15,0.6671232585353075,298.15,0.660918587035626,298.15,0.5680328562790729,within_reference_envelope,348.15,none,0.5680328562790729,348.15,none,conditional_liquid_phase_not_verified
UPR-0257,unseen_pair_recombination,12,298.15,298.15,353.15,0.042332069068989696,0.042332069068989696,0.008752467322003805,1.0,0.20675737129077432,0.20675737129077432,99.99999999999999,20.67573712907743,99.99999999999999,483.65869316148576,0.042332069068989696,298.15,0.16932827627595878,298.15,0.8584444993960949,298.15,0.8570655566350505,298.15,0.6702070940338007,within_reference_envelope,338.15,none,0.6702070940338007,338.15,none,conditional_liquid_phase_not_verified
UPR-0258,unseen_pair_recombination,12,298.15,298.15,353.15,0.3892372088882274,0.3892372088882274,0.031140833660400376,1.0,0.08000477073953821,0.08000477073953821,100.0,8.000477073953821,100.0,1249.925461639754,0.3892372088882274,298.15,1.5569488355529095,298.15,7.892424430805072,298.15,7.871153120637788,298.15,4.945625503893058,elevated_reference_tail,298.15,electrical;thermal,4.945625503893058,298.15,electrical;thermal,conditional_liquid_phase_not_verified
UPR-0259,unseen_pair_recombination,12,298.15,298.15,353.15,0.17972824447311567,0.17972824447311567,0.01345745119460714,1.0,0.07487666300896935,0.07487666300896935,100.0,7.487666300896935,100.0,1335.5296027017278,0.17972824447311567,298.15,0.7189129778924627,298.15,3.6308290747132617,298.15,3.6264837991470666,298.15,2.283616697835826,elevated_reference_tail,298.15,electrical;thermal,2.283616697835826,298.15,electrical;thermal,conditional_liquid_phase_not_verified
UPR-0260,unseen_pair_recombination,12,298.15,298.15,353.15,0.04492563613595233,0.04492563613595233,0.006022318150193971,1.0,0.1340508152621245,0.1340508152621245,100.0,13.405081526212449,100.0,745.9857652074614,0.04492563613595233,298.15,0.17970254454380932,298.15,0.9076279790546782,298.15,0.8695695476042767,298.15,0.5708225390044551,within_reference_envelope,298.15,none,0.5708225390044551,298.15,none,conditional_liquid_phase_not_verified
UPR-0261,unseen_pair_recombination,12,298.15,298.15,353.15,0.11645928285655113,0.11645928285655113,0.017789481999475134,1.0,0.15275280392536292,0.15275280392536292,100.0,15.275280392536292,100.0,654.6524674523248,0.11645928285655113,298.15,0.46583713142620453,298.15,2.3676307505284417,298.15,2.365625139606796,298.15,1.4837198374816758,elevated_reference_tail,298.15,electrical;thermal,1.4837198374816758,298.15,electrical;thermal,conditional_liquid_phase_not_verified
UPR-0262,unseen_pair_recombination,12,298.15,298.15,353.15,0.09149069508474933,0.09149069508474933,0.010267024256657004,1.0,0.11221932730040461,0.11221932730040461,99.99999999999999,11.22193273004046,99.99999999999999,891.1120963352936,0.09149069508474933,298.15,0.3659627803389973,298.15,1.8537619829548917,298.15,1.845564742950132,298.15,1.1624754896183946,elevated_reference_tail,298.15,electrical;thermal,1.1624754896183946,298.15,electrical;thermal,conditional_liquid_phase_not_verified
UPR-0263,unseen_pair_recombination,12,298.15,298.15,353.15,0.15771432331631063,0.15771432331631063,0.014658305211743687,1.0,0.09294213045155768,0.09294213045155768,100.0,9.294213045155768,100.0,1075.938323278709,0.15771432331631063,298.15,0.6308572932652425,298.15,3.194670533910146,298.15,3.1901203916490073,298.15,2.0039090865703018,elevated_reference_tail,298.15,electrical;thermal,2.0039090865703018,298.15,electrical;thermal,conditional_liquid_phase_not_verified
UPR-0264,unseen_pair_recombination,12,298.15,298.15,353.15,1.912031500190907,1.912031500190907,0.03904689745009145,1.0,0.02042168104771956,0.02042168104771956,100.0,2.042168104771956,100.0,4896.756528824876,1.912031500190907,298.15,7.648126000763628,298.15,38.70745513051643,298.15,38.534133463272084,298.15,24.294161852102057,beyond_reference_tail,298.15,electrical;thermal,24.294161852102057,298.15,electrical;thermal,conditional_liquid_phase_not_verified
UPR-0265,unseen_pair_recombination,12,298.15,298.15,353.15,3.8697746458543825,3.8697746458543825,0.15070835698835106,1.0,0.038944995711779264,0.038944995711779264,100.0,3.894499571177927,100.0,2567.723995659707,3.8697746458543825,298.15,15.47909858341753,298.15,78.37186996139744,298.15,78.36340648287337,298.15,49.16913323246011,beyond_reference_tail,298.15,electrical;thermal,49.16913323246011,298.15,electrical;thermal,conditional_liquid_phase_not_verified
UPR-0266,unseen_pair_recombination,12,298.15,298.15,353.15,0.590753152596429,0.590753152596429,0.035959461946036206,1.0,0.06087053752991444,0.06087053752991444,100.0,6.0870537529914435,100.0,1642.830900759758,0.590753152596429,298.15,2.363012610385716,298.15,11.96236787461527,298.15,11.925243957169222,298.15,7.506075450317753,beyond_reference_tail,298.15,electrical;thermal,7.506075450317753,298.15,electrical;thermal,conditional_liquid_phase_not_verified
UPR-0267,unseen_pair_recombination,12,298.15,298.15,353.15,0.07589098382661237,0.07589098382661237,0.010927455965726645,1.0,0.14398885631384792,0.14398885631384792,100.0,14.398885631384791,100.0,694.498189373997,0.07589098382661237,298.15,0.3035639353064495,298.15,1.539072793375686,298.15,1.5361633336178429,298.15,0.9642664590070275,within_reference_envelope,298.15,none,0.9642664590070275,298.15,none,conditional_liquid_phase_not_verified
UPR-0268,unseen_pair_recombination,12,298.15,298.15,353.15,0.1860838583869826,0.1860838583869826,0.023005997910193157,1.0,0.12363242093975481,0.12363242093975481,100.0,12.363242093975483,100.0,808.8493231781757,0.1860838583869826,298.15,0.7443354335479304,298.15,3.7696457894091853,298.15,3.760948675098237,298.15,2.364370761290083,elevated_reference_tail,298.15,electrical;thermal,2.364370761290083,298.15,electrical;thermal,conditional_liquid_phase_not_verified
UPR-0269,unseen_pair_recombination,12,298.15,298.15,353.15,2.9266080136794073,2.9266080136794073,0.15590895051241638,1.0,0.053272918608735585,0.053272918608735585,100.0,5.327291860873559,100.0,1877.1263638557662,2.9266080136794073,298.15,11.706432054717629,298.15,59.271598021124476,298.15,58.415551597295504,298.15,37.18531245687505,beyond_reference_tail,298.15,electrical;thermal,37.18531245687505,298.15,electrical;thermal,conditional_liquid_phase_not_verified
UPR-0270,unseen_pair_recombination,12,298.15,298.15,353.15,0.03322431849387669,0.03322431849387669,0.008955671252467889,1.0,0.2695516916056062,0.2695516916056062,100.0,26.95516916056062,100.0,370.98635665887315,0.03322431849387669,298.15,0.13289727397550677,298.15,0.6742296080246407,298.15,0.6723317831631301,298.15,0.6646799381066935,within_reference_envelope,348.15,none,0.6646799381066935,348.15,none,conditional_liquid_phase_not_verified
UPR-0271,unseen_pair_recombination,12,298.15,298.15,353.15,0.3754245429208535,0.3754245429208535,0.04460338966243284,1.0,0.11880786832798,0.11880786832798,100.0,11.880786832798,100.0,841.6950948395171,0.3754245429208535,298.15,1.501698171683414,298.15,7.606719304710878,298.15,7.553125957230053,298.15,4.770122567572763,elevated_reference_tail,298.15,electrical;thermal,4.770122567572763,298.15,electrical;thermal,conditional_liquid_phase_not_verified
UPR-0272,unseen_pair_recombination,12,298.15,298.15,353.15,0.010129712630086217,0.010129712630086217,0.0026998001816343343,1.0,0.26652287979183825,0.26652287979183825,100.0,26.652287979183825,100.0,375.20230937810203,0.010129712630086217,298.15,0.040518850520344867,298.15,0.2049323939911571,298.15,0.19730088950387498,298.15,0.19831512210754482,within_reference_envelope,353.15,none,0.19831512210754482,353.15,none,conditional_liquid_phase_not_verified
UPR-0273,unseen_pair_recombination,12,298.15,298.15,353.15,0.30728785715062534,0.30728785715062534,0.020677772851236138,1.0,0.06729121366191954,0.06729121366191954,100.0,6.7291213661919524,100.0,1486.0781156721885,0.30728785715062534,298.15,1.2291514286025014,298.15,6.2126243587883785,298.15,6.1855592766551215,298.15,3.9043817719831155,elevated_reference_tail,298.15,electrical;thermal,3.9043817719831155,298.15,electrical;thermal,conditional_liquid_phase_not_verified
UPR-0274,unseen_pair_recombination,12,298.15,298.15,353.15,0.19164607445523227,0.19164607445523227,0.0162204506533682,1.0,0.0846375314468402,0.0846375314468402,100.0,8.463753144684022,100.0,1181.5089392441553,0.19164607445523227,298.15,0.7665842978209291,298.15,3.8825364543044616,298.15,3.8695491320982085,298.15,2.4350439575239986,elevated_reference_tail,298.15,electrical;thermal,2.4350439575239986,298.15,electrical;thermal,conditional_liquid_phase_not_verified
UPR-0275,unseen_pair_recombination,12,298.15,298.15,353.15,5.176599682121845,5.176599682121845,0.3979920306840393,1.0,0.0768829067579948,0.0768829067579948,100.0,7.688290675799481,100.0,1300.679230492301,5.176599682121845,298.15,20.70639872848738,298.15,104.85256581398171,298.15,103.78007884705238,298.15,65.77357669497157,beyond_reference_tail,298.15,electrical;thermal,65.77357669497157,298.15,electrical;thermal,conditional_liquid_phase_not_verified
UPR-0276,unseen_pair_recombination,12,298.15,298.15,353.15,0.15379981232484238,0.15379981232484238,0.023089717267113848,1.0,0.15012838389130012,0.15012838389130012,100.0,15.012838389130012,100.0,666.0965595446936,0.15379981232484238,298.15,0.6151992492993695,298.15,3.125059025511825,298.15,3.118531072834532,298.15,1.9559423592094107,elevated_reference_tail,298.15,electrical;thermal,1.9559423592094107,298.15,electrical;thermal,conditional_liquid_phase_not_verified
UPR-0277,unseen_pair_recombination,12,298.15,298.15,353.15,0.011290660609884332,0.011290660609884332,0.0032176621351346227,1.0,0.2849843996123435,0.2849843996123435,100.0,28.498439961234357,100.0,350.8964004206099,0.011290660609884332,298.15,0.045162642439537326,298.15,0.22930212335029015,298.15,0.22739382820283344,298.15,0.23635492121634094,within_reference_envelope,353.15,none,0.23635492121634094,353.15,none,conditional_liquid_phase_not_verified
UPR-0278,unseen_pair_recombination,12,298.15,298.15,353.15,0.05997133373553203,0.05997133373553203,0.006507047161192263,1.0,0.10850262543580791,0.10850262543580791,100.0,10.850262543580792,100.0,921.6366848114822,0.05997133373553203,298.15,0.23988533494212813,298.15,1.211784016848242,298.15,1.2090586267975048,298.15,0.7619923040556464,within_reference_envelope,298.15,none,0.7619923040556464,298.15,none,conditional_liquid_phase_not_verified
UPR-0279,unseen_pair_recombination,12,298.15,298.15,353.15,0.0776456146030375,0.0776456146030375,0.012351364975007155,1.0,0.15907356826465213,0.15907356826465213,100.0,15.907356826465213,100.0,628.6399499986642,0.0776456146030375,298.15,0.31058245841215,298.15,1.5730295177963372,298.15,1.5640557670329267,298.15,0.9865606963503428,within_reference_envelope,298.15,none,0.9865606963503428,298.15,none,conditional_liquid_phase_not_verified
UPR-0280,unseen_pair_recombination,12,298.15,298.15,353.15,0.015116831591816019,0.015116831591816019,0.0037694994999529067,1.0,0.24935777560647338,0.24935777560647338,100.0,24.935777560647338,100.0,401.03020552210916,0.015116831591816019,298.15,0.060467326367264075,298.15,0.3054177013049642,298.15,0.3032668186999369,298.15,0.27694778946429083,within_reference_envelope,348.15,none,0.27694778946429083,348.15,none,conditional_liquid_phase_not_verified
UPR-0281,unseen_pair_recombination,12,298.15,298.15,353.15,0.040363643428118025,0.040363643428118025,0.006984204004569542,1.0,0.17303205091005788,0.17303205091005788,100.00000000000001,17.30320509100579,100.00000000000001,577.9276121045345,0.040363643428118025,298.15,0.1614545737124721,298.15,0.8172984139901087,298.15,0.8114893886037444,298.15,0.5238011758042967,within_reference_envelope,343.15,none,0.5238011758042967,343.15,none,conditional_liquid_phase_not_verified
UPR-0282,unseen_pair_recombination,12,298.15,298.15,353.15,0.02096800654840273,0.02096800654840273,0.0042680364639326685,1.0,0.20354993947947772,0.20354993947947772,100.0,20.354993947947772,100.0,491.279929906745,0.02096800654840273,298.15,0.08387202619361092,298.15,0.42406832254476434,298.15,0.42385629596678903,298.15,0.31848108354816596,within_reference_envelope,348.15,none,0.31848108354816596,348.15,none,conditional_liquid_phase_not_verified
UPR-0283,unseen_pair_recombination,12,298.15,298.15,353.15,0.010127438564296968,0.010127438564296968,0.002668615450354434,1.0,0.2635034943349158,0.2635034943349158,99.99999999999999,26.350349433491584,99.99999999999999,379.5016087069377,0.010127438564296968,298.15,0.04050975425718787,298.15,0.2046016333732454,298.15,0.2043185735400283,298.15,0.19602443265810537,within_reference_envelope,353.15,none,0.19602443265810537,353.15,none,conditional_liquid_phase_not_verified
UPR-0284,unseen_pair_recombination,12,298.15,298.15,353.15,0.010192945347816033,0.010192945347816033,0.0026965991046319702,1.0,0.2645554363940302,0.2645554363940302,100.0,26.455543639403018,100.0,377.99261040721734,0.010192945347816033,298.15,0.04077178139126413,298.15,0.2061687352020377,298.15,0.2057046291746195,298.15,0.19807998545524072,within_reference_envelope,353.15,none,0.19807998545524072,353.15,none,conditional_liquid_phase_not_verified
UPR-0285,unseen_pair_recombination,12,298.15,298.15,353.15,0.010929916987251502,0.010929916987251502,0.002523063848258514,1.0,0.23084016568482446,0.23084016568482446,100.0,23.084016568482443,100.0,433.20017425621717,0.010929916987251502,298.15,0.04371966794900601,298.15,0.22079473414964196,298.15,0.22064782026683613,298.15,0.185332869653199,within_reference_envelope,353.15,none,0.185332869653199,353.15,none,conditional_liquid_phase_not_verified
UPR-0286,unseen_pair_recombination,12,298.15,298.15,353.15,0.015241256989157834,0.015241256989157834,0.0035108623347015547,1.0,0.23035254488518075,0.23035254488518075,100.0,23.035254488518074,100.0,434.1171921927106,0.015241256989157834,298.15,0.060965027956631335,298.15,0.308221370486711,298.15,0.30629177833897847,298.15,0.2639589980392772,within_reference_envelope,338.15,none,0.2639589980392772,338.15,none,conditional_liquid_phase_not_verified
UPR-0287,unseen_pair_recombination,12,298.15,298.15,353.15,0.03424541544561229,0.03424541544561229,0.005147569216993528,1.0,0.15031411212308893,0.15031411212308893,100.0,15.031411212308893,100.0,665.27353012678,0.03424541544561229,298.15,0.13698166178244917,298.15,0.6915499756031539,298.15,0.6887357230953646,298.15,0.43512027152539756,within_reference_envelope,298.15,none,0.43512027152539756,298.15,none,conditional_liquid_phase_not_verified
UPR-0288,unseen_pair_recombination,12,298.15,298.15,353.15,0.1793515560467401,0.1793515560467401,0.006342368411064559,1.0,0.03536277326421244,0.03536277326421244,100.00000000000001,3.5362773264212435,100.00000000000001,2827.832513384951,0.1793515560467401,298.15,0.7174062241869604,298.15,3.6280503730623392,298.15,3.6091044556955727,298.15,2.2788305164380467,elevated_reference_tail,298.15,electrical;thermal,2.2788305164380467,298.15,electrical;thermal,conditional_liquid_phase_not_verified
UPR-0289,unseen_pair_recombination,12,298.15,298.15,353.15,0.033807498026477194,0.033807498026477194,0.00768634437733074,1.0,0.22735620279592963,0.22735620279592963,100.0,22.73562027959296,100.0,439.8384507228861,0.033807498026477194,298.15,0.13522999210590878,298.15,0.6840119688559241,298.15,0.6821592433479886,298.15,0.569306210925043,within_reference_envelope,348.15,none,0.569306210925043,348.15,none,conditional_liquid_phase_not_verified
UPR-0290,unseen_pair_recombination,12,298.15,298.15,353.15,0.04223636894253283,0.04223636894253283,0.006928473159604907,1.0,0.16404045454361493,0.16404045454361493,99.99999999999999,16.404045454361494,99.99999999999999,609.6057236503943,0.04223636894253283,298.15,0.16894547577013133,298.15,0.854367600158156,298.15,0.8514813135413347,298.15,0.5366528653071555,within_reference_envelope,298.15,none,0.5366528653071555,298.15,none,conditional_liquid_phase_not_verified
UPR-0291,unseen_pair_recombination,12,298.15,298.15,353.15,0.2618366487775093,0.2618366487775093,0.01604553786863639,1.0,0.061280718125409486,0.061280718125409486,100.0,6.128071812540949,100.0,1631.834662827424,0.2618366487775093,298.15,1.0473465951100371,298.15,5.299650334662996,298.15,5.2682199056099295,298.15,3.3268813424766726,elevated_reference_tail,298.15,electrical;thermal,3.3268813424766726,298.15,electrical;thermal,conditional_liquid_phase_not_verified
UPR-0292,unseen_pair_recombination,12,298.15,298.15,353.15,0.0908652403430353,0.0908652403430353,0.013152431004718492,1.0,0.1447465604566203,0.1447465604566203,100.0,14.47465604566203,100.0,690.8627029515455,0.0908652403430353,298.15,0.3634609613721412,298.15,1.8361509129770757,298.15,1.8341058713193,298.15,1.154528497780212,elevated_reference_tail,298.15,electrical;thermal,1.154528497780212,298.15,electrical;thermal,conditional_liquid_phase_not_verified
UPR-0293,unseen_pair_recombination,12,298.15,298.15,353.15,0.011005805640250249,0.011005805640250249,0.0023330019309003116,1.0,0.2119792050813705,0.2119792050813705,99.99999999999999,21.19792050813705,99.99999999999999,471.7443862553118,0.011005805640250249,298.15,0.044023222561000996,298.15,0.22265732562022825,298.15,0.22244332722203758,298.15,0.1735361057173238,within_reference_envelope,323.15,none,0.1735361057173238,323.15,none,conditional_liquid_phase_not_verified
UPR-0294,unseen_pair_recombination,12,298.15,298.15,353.15,0.06935628506112057,0.06935628506112057,0.01358435030444358,1.0,0.1958632918771861,0.1958632918771861,100.0,19.586329187718608,100.0,510.5601924770257,0.06935628506112057,298.15,0.2774251402444823,298.15,1.4008262646172471,298.15,1.3869238593735531,298.15,1.0258425853368767,elevated_reference_tail,343.15,electrical,1.0258425853368767,343.15,electrical,conditional_liquid_phase_not_verified
UPR-0295,unseen_pair_recombination,12,298.15,298.15,353.15,0.7769042631042266,0.7769042631042266,0.055221974949321406,1.0,0.07107951078640565,0.07107951078640565,100.0,7.107951078640565,100.0,1406.8751865850707,0.7769042631042266,298.15,3.1076170524169062,298.15,15.735525770980418,298.15,15.671893811343127,298.15,9.871300713172174,beyond_reference_tail,298.15,electrical;thermal,9.871300713172174,298.15,electrical;thermal,conditional_liquid_phase_not_verified
UPR-0296,unseen_pair_recombination,12,298.15,298.15,353.15,0.32279036819275486,0.32279036819275486,0.014485259709065614,1.0,0.04487512991842345,0.04487512991842345,100.00000000000001,4.487512991842345,100.00000000000001,2228.4058047694944,0.32279036819275486,298.15,1.2911614727710194,298.15,6.539056410247282,298.15,6.5203965394481385,298.15,4.101355782261654,elevated_reference_tail,298.15,electrical;thermal,4.101355782261654,298.15,electrical;thermal,conditional_liquid_phase_not_verified
UPR-0297,unseen_pair_recombination,12,298.15,298.15,353.15,0.030110328336008057,0.030110328336008057,0.006172646444399803,1.0,0.20500096762538841,0.20500096762538841,100.0,20.500096762538842,100.0,487.80257556021155,0.030110328336008057,298.15,0.12044131334403223,298.15,0.6143231439912659,298.15,0.6129831983134946,298.15,0.463681075360054,within_reference_envelope,343.15,none,0.463681075360054,343.15,none,conditional_liquid_phase_not_verified
UPR-0298,unseen_pair_recombination,12,298.15,298.15,353.15,2.0593733588419507,2.0593733588419507,0.02265715421460925,1.0,0.01100196529071837,0.01100196529071837,100.0,1.100196529071837,100.0,9089.285173837385,2.0593733588419507,298.15,8.237493435367803,298.15,41.61878700900693,298.15,41.35217679372768,298.15,26.16627900147988,beyond_reference_tail,298.15,electrical;thermal,26.16627900147988,298.15,electrical;thermal,conditional_liquid_phase_not_verified
UPR-0299,unseen_pair_recombination,12,298.15,298.15,353.15,0.19311585154460423,0.19311585154460423,0.01796978818051516,1.0,0.09305185481557765,0.09305185481557765,100.0,9.305185481557764,100.0,1074.6696043640732,0.19311585154460423,298.15,0.7724634061784169,298.15,3.910671074230304,298.15,3.9016041691804766,298.15,2.453718860365374,elevated_reference_tail,298.15,electrical;thermal,2.453718860365374,298.15,electrical;thermal,conditional_liquid_phase_not_verified
UPR-0300,unseen_pair_recombination,12,298.15,298.15,353.15,0.12057686703260177,0.12057686703260177,0.020365540788155827,1.0,0.16890089524924676,0.16890089524924676,100.0,16.890089524924676,100.0,592.0631732142697,0.12057686703260177,298.15,0.4823074681304071,298.15,2.44309220885208,298.15,2.4383515286035786,298.15,1.7174859403268037,elevated_reference_tail,333.15,electrical;thermal,1.7174859403268037,333.15,electrical;thermal,conditional_liquid_phase_not_verified
UPR-0301,unseen_pair_recombination,12,298.15,298.15,353.15,0.034973626801998295,0.034973626801998295,0.00526662226232244,1.0,0.15058839313804082,0.15058839313804082,100.0,15.05883931380408,100.0,664.0618039421695,0.034973626801998295,298.15,0.13989450720799318,298.15,0.7094069743809139,298.15,0.7059111665086515,298.15,0.44437288297704675,within_reference_envelope,298.15,none,0.44437288297704675,298.15,none,conditional_liquid_phase_not_verified
UPR-0302,unseen_pair_recombination,12,298.15,298.15,353.15,0.0492080161662545,0.0492080161662545,0.008945530805938386,1.0,0.1817901127270598,0.1817901127270598,100.0,18.179011272705978,100.0,550.0849221109197,0.0492080161662545,298.15,0.196832064665018,298.15,1.003172304006855,298.15,0.9973164572485365,298.15,0.6714887684189018,within_reference_envelope,343.15,none,0.6714887684189018,343.15,none,conditional_liquid_phase_not_verified
UPR-0303,unseen_pair_recombination,12,298.15,298.15,353.15,0.05643350207048279,0.05643350207048279,0.00772926177816157,1.0,0.13696229180510694,0.13696229180510694,100.0,13.696229180510693,100.0,730.1279693997592,0.05643350207048279,298.15,0.22573400828193116,298.15,1.1434580713364222,298.15,1.1399855236552212,298.15,0.7170408191728835,within_reference_envelope,298.15,none,0.7170408191728835,298.15,none,conditional_liquid_phase_not_verified
UPR-0304,unseen_pair_recombination,12,298.15,298.15,353.15,0.927584952958669,0.927584952958669,0.08136546436478484,1.0,0.08771753369355301,0.08771753369355301,100.0,8.771753369355302,100.0,1140.0229325798944,0.927584952958669,298.15,3.710339811834676,298.15,18.78908272635572,298.15,18.431058946289102,298.15,11.78584085905613,beyond_reference_tail,298.15,electrical;thermal,11.78584085905613,298.15,electrical;thermal,conditional_liquid_phase_not_verified
UPR-0305,unseen_pair_recombination,12,298.15,298.15,353.15,0.19382154556020673,0.19382154556020673,0.023471106267818283,1.0,0.12109647665835717,0.12109647665835717,100.0,12.109647665835716,100.0,825.7878574132632,0.19382154556020673,298.15,0.7752861822408269,298.15,3.95239080153899,298.15,3.945588783351885,298.15,2.474672867814312,elevated_reference_tail,298.15,electrical;thermal,2.474672867814312,298.15,electrical;thermal,conditional_liquid_phase_not_verified
UPR-0306,unseen_pair_recombination,12,298.15,298.15,353.15,0.10298674124929744,0.10298674124929744,0.015223496784115137,1.0,0.14781996788561352,0.14781996788561352,100.0,14.781996788561354,100.0,676.4985910251468,0.10298674124929744,298.15,0.41194696499718975,298.15,2.1017304423415064,298.15,2.0800423768426843,298.15,1.3085435884718306,elevated_reference_tail,298.15,electrical;thermal,1.3085435884718306,298.15,electrical;thermal,conditional_liquid_phase_not_verified
UPR-0307,unseen_pair_recombination,12,298.15,298.15,353.15,0.05838353770382387,0.05838353770382387,0.008763475295591763,1.0,0.15010182048317008,0.15010182048317008,99.99999999999999,15.010182048317008,99.99999999999999,666.2144381600777,0.05838353770382387,298.15,0.2335341508152955,298.15,1.1840891815287602,298.15,1.1815653252954645,298.15,0.7418178593466592,within_reference_envelope,298.15,none,0.7418178593466592,298.15,none,conditional_liquid_phase_not_verified
UPR-0308,unseen_pair_recombination,12,298.15,298.15,353.15,0.40040718000519804,0.40040718000519804,0.0633687814848602,1.0,0.1582608520757234,0.1582608520757234,100.0,15.82608520757234,100.0,631.8682016962273,0.40040718000519804,298.15,1.6016287200207922,298.15,8.108481903187293,298.15,8.087997351291156,298.15,5.362387800652824,beyond_reference_tail,328.15,electrical;thermal,5.362387800652824,328.15,electrical;thermal,conditional_liquid_phase_not_verified
UPR-0309,unseen_pair_recombination,12,298.15,298.15,353.15,0.1985857560764284,0.1985857560764284,0.03057116893628753,1.0,0.15394441948052812,0.15394441948052812,100.00000000000001,15.394441948052812,100.00000000000001,649.585092707103,0.1985857560764284,298.15,0.7943430243057136,298.15,4.0327787188871875,298.15,4.0260437967642675,298.15,2.5251342437213364,elevated_reference_tail,298.15,electrical;thermal,2.5251342437213364,298.15,electrical;thermal,conditional_liquid_phase_not_verified
UPR-0310,unseen_pair_recombination,12,298.15,298.15,353.15,0.09395643657287157,0.09395643657287157,0.007755806332284476,1.0,0.08254683356652376,0.08254683356652376,100.0,8.254683356652377,100.0,1211.43350604007,0.09395643657287157,298.15,0.3758257462914863,298.15,1.8983309839762512,298.15,1.8502703674097123,298.15,1.1938050586092317,elevated_reference_tail,298.15,electrical;thermal,1.1938050586092317,298.15,electrical;thermal,conditional_liquid_phase_not_verified
UPR-0311,unseen_pair_recombination,12,298.15,298.15,353.15,0.4982951442595745,0.4982951442595745,0.009948790214933086,1.0,0.019965657561676963,0.019965657561676963,100.0,1.9965657561676962,100.0,5008.6003774774135,0.4982951442595745,298.15,1.993180577038298,298.15,10.060596542463323,298.15,10.049469405143094,298.15,6.331309334365022,beyond_reference_tail,298.15,electrical;thermal,6.331309334365022,298.15,electrical;thermal,conditional_liquid_phase_not_verified
UPR-0312,unseen_pair_recombination,12,298.15,298.15,353.15,0.1318677134781068,0.1318677134781068,0.020676688513894315,1.0,0.15679871871993245,0.15679871871993245,100.0,15.679871871993244,100.0,637.7603134539381,0.1318677134781068,298.15,0.5274708539124272,298.15,2.673309929626741,298.15,2.6578777867790904,298.15,1.675503554195567,elevated_reference_tail,298.15,electrical;thermal,1.675503554195567,298.15,electrical;thermal,conditional_liquid_phase_not_verified
UPR-0313,unseen_pair_recombination,12,298.15,298.15,353.15,0.08195760725655242,0.08195760725655242,0.01468318913326715,1.0,0.17915590296949824,0.17915590296949824,100.0,17.915590296949823,100.0,558.1730679397444,0.08195760725655242,298.15,0.3278304290262097,298.15,1.6598456490633968,298.15,1.6552932077081524,298.15,1.0900586906403398,elevated_reference_tail,348.15,electrical;thermal,1.0900586906403398,348.15,electrical;thermal,conditional_liquid_phase_not_verified
UPR-0314,unseen_pair_recombination,12,298.15,298.15,353.15,0.8531746714328802,0.8531746714328802,0.038082424677692725,1.0,0.044636140702272,0.044636140702272,100.0,4.463614070227201,100.0,2240.337054832116,0.8531746714328802,298.15,3.4126986857315207,298.15,17.273359096546994,298.15,17.243372366559093,298.15,10.840388117996424,beyond_reference_tail,298.15,electrical;thermal,10.840388117996424,298.15,electrical;thermal,conditional_liquid_phase_not_verified
UPR-0315,unseen_pair_recombination,12,298.15,298.15,353.15,0.043197511945978186,0.043197511945978186,0.012964606546605409,1.0,0.3001239183131345,0.3001239183131345,100.0,30.012391831313447,100.0,333.19570316839906,0.043197511945978186,298.15,0.17279004778391274,298.15,0.8731392363634383,298.15,0.8727132455535607,298.15,0.9742798447089451,within_reference_envelope,348.15,none,0.9742798447089451,348.15,none,conditional_liquid_phase_not_verified
UPR-0316,unseen_pair_recombination,12,298.15,298.15,353.15,0.05494434079265943,0.05494434079265943,0.01086619992112602,1.0,0.19776740906094817,0.19776740906094817,100.0,19.776740906094815,100.0,505.6444864946473,0.05494434079265943,298.15,0.21977736317063773,298.15,1.111298070828372,298.15,1.07550962661326,298.15,0.8595847433209348,within_reference_envelope,348.15,none,0.8595847433209348,348.15,none,conditional_liquid_phase_not_verified
UPR-0317,unseen_pair_recombination,12,298.15,298.15,353.15,0.007709752709315687,0.007709752709315687,0.002245374563859306,1.0,0.2912382080875593,0.2912382080875593,100.0,29.12382080875593,100.0,343.3615412505749,0.007709752709315687,298.15,0.03083901083726275,298.15,0.15579992403282644,298.15,0.1544740427314545,298.15,0.1649350695796214,within_reference_envelope,353.15,none,0.1649350695796214,353.15,none,conditional_liquid_phase_not_verified
UPR-0318,unseen_pair_recombination,12,298.15,298.15,353.15,0.017983512235373134,0.017983512235373134,0.004348473474005343,1.0,0.24180334837218287,0.24180334837218287,100.0,24.180334837218286,100.0,413.55920285305706,0.017983512235373134,298.15,0.07193404894149254,298.15,0.3633081110873027,298.15,0.3614339701929796,298.15,0.32182940191414405,within_reference_envelope,348.15,none,0.32182940191414405,348.15,none,conditional_liquid_phase_not_verified
UPR-0319,unseen_pair_recombination,12,298.15,298.15,353.15,0.016387126996694482,0.016387126996694482,0.0032353156703352,1.0,0.19743031655199897,0.19743031655199897,100.0,19.743031655199896,100.0,506.5078238562319,0.016387126996694482,298.15,0.06554850798677793,298.15,0.3309516602202854,298.15,0.3309015843270143,298.15,0.2387240576890448,within_reference_envelope,348.15,none,0.2387240576890448,348.15,none,conditional_liquid_phase_not_verified
UPR-0320,unseen_pair_recombination,12,298.15,298.15,353.15,22.581328640026893,22.581328640026893,0.019693375612644257,1.0,0.0008721088084133567,0.0008721088084133567,99.99999999999999,0.08721088084133567,99.99999999999999,114664.59120156325,22.581328640026893,298.15,90.32531456010757,298.15,456.0524119145649,298.15,452.4330616570081,298.15,286.9170579886087,beyond_reference_tail,298.15,electrical;thermal,286.9170579886087,298.15,electrical;thermal,conditional_liquid_phase_not_verified
UPR-0321,unseen_pair_recombination,12,298.15,298.15,353.15,0.023659237472184676,0.023659237472184676,0.006179461145549868,1.0,0.2611859808590552,0.2611859808590552,100.0,26.118598085905518,100.0,382.86894139989613,0.023659237472184676,298.15,0.0946369498887387,298.15,0.4785427014314012,298.15,0.4726440811794618,298.15,0.4595115512950754,within_reference_envelope,348.15,none,0.4595115512950754,348.15,none,conditional_liquid_phase_not_verified
UPR-0322,unseen_pair_recombination,12,298.15,298.15,353.15,0.009499289643240783,0.009499289643240783,0.0025700332315402694,1.0,0.2705500440623974,0.2705500440623974,100.0,27.055004406239746,100.0,369.617385746708,0.009499289643240783,298.15,0.03799715857296313,298.15,0.1919374366520393,298.15,0.19145168151887273,298.15,0.18878302831464436,within_reference_envelope,353.15,none,0.18878302831464436,353.15,none,conditional_liquid_phase_not_verified
UPR-0323,unseen_pair_recombination,12,298.15,298.15,353.15,0.03200289943260774,0.03200289943260774,0.004643081507406528,1.0,0.14508315151831816,0.14508315151831816,100.0,14.508315151831818,100.0,689.2599102892661,0.03200289943260774,298.15,0.12801159773043097,298.15,0.6465899217960405,298.15,0.6447627849558827,298.15,0.406626992533695,within_reference_envelope,298.15,none,0.406626992533695,298.15,none,conditional_liquid_phase_not_verified
UPR-0324,unseen_pair_recombination,12,298.15,298.15,353.15,0.019303000043605783,0.019303000043605783,0.003847390916852846,1.0,0.199315697464722,0.199315697464722,100.0,19.9315697464722,100.0,501.7166298088466,0.019303000043605783,298.15,0.07721200017442313,298.15,0.3899690736209541,298.15,0.3892829124348215,298.15,0.2870715219846902,within_reference_envelope,343.15,none,0.2870715219846902,343.15,none,conditional_liquid_phase_not_verified
UPR-0325,unseen_pair_recombination,12,298.15,298.15,353.15,0.39442432894640855,0.39442432894640855,0.041044637027708816,1.0,0.10406213312791275,0.10406213312791275,99.99999999999999,10.406213312791275,99.99999999999999,960.9643488384041,0.39442432894640855,298.15,1.5776973157856342,298.15,8.014068020279092,298.15,8.007901029308487,298.15,5.0225546790349975,elevated_reference_tail,298.15,electrical;thermal,5.0225546790349975,298.15,electrical;thermal,conditional_liquid_phase_not_verified
UPR-0326,unseen_pair_recombination,12,298.15,298.15,353.15,0.33391186662306377,0.33391186662306377,0.042387146024073986,1.0,0.1269411190825473,0.1269411190825473,99.99999999999999,12.69411190825473,99.99999999999999,787.7668065536114,0.33391186662306377,298.15,1.335647466492255,298.15,6.763730625179719,298.15,6.716479016335932,298.15,4.2492719251518904,elevated_reference_tail,303.15,electrical;thermal,4.2492719251518904,303.15,electrical;thermal,conditional_liquid_phase_not_verified
UPR-0327,unseen_pair_recombination,12,298.15,298.15,353.15,0.047746991162921804,0.047746991162921804,0.006385990207792277,1.0,0.13374644249314194,0.13374644249314194,100.0,13.374644249314192,100.0,747.6834384221297,0.047746991162921804,298.15,0.19098796465168721,298.15,0.9672614994019315,298.15,0.9649053264052392,298.15,0.606670513088875,within_reference_envelope,298.15,none,0.606670513088875,298.15,none,conditional_liquid_phase_not_verified
UPR-0328,unseen_pair_recombination,12,298.15,298.15,353.15,0.3474668411365307,0.3474668411365307,0.011000082612658092,1.0,0.03165793483107015,0.03165793483107015,99.99999999999999,3.1657934831070147,99.99999999999999,3158.7657417835317,0.3474668411365307,298.15,1.3898673645461228,298.15,7.030971558074784,298.15,7.000468355817661,298.15,4.41489362281253,elevated_reference_tail,298.15,electrical;thermal,4.41489362281253,298.15,electrical;thermal,conditional_liquid_phase_not_verified
UPR-0329,unseen_pair_recombination,12,298.15,298.15,353.15,0.05203698185358852,0.05203698185358852,0.0061142045973037054,1.0,0.11749729479904615,0.11749729479904615,100.0,11.749729479904614,100.0,851.0834242697118,0.05203698185358852,298.15,0.2081479274143541,298.15,1.050900265585652,298.15,1.0485912899694467,298.15,0.6611788871259462,within_reference_envelope,298.15,none,0.6611788871259462,298.15,none,conditional_liquid_phase_not_verified
UPR-0330,unseen_pair_recombination,12,298.15,298.15,353.15,0.5154168406336755,0.5154168406336755,0.031139270203051336,1.0,0.06041570190987043,0.06041570190987043,100.0,6.041570190987043,100.0,1655.1988446510538,0.5154168406336755,298.15,2.061667362534702,298.15,10.468571100620514,298.15,10.464781492282013,298.15,6.563509845685321,beyond_reference_tail,298.15,electrical;thermal,6.563509845685321,298.15,electrical;thermal,conditional_liquid_phase_not_verified
UPR-0331,unseen_pair_recombination,12,298.15,298.15,353.15,0.20025483313940878,0.20025483313940878,0.03162967159446219,1.0,0.15794710718638674,0.15794710718638674,100.0,15.794710718638676,100.0,633.1233397139347,0.20025483313940878,298.15,0.8010193325576351,298.15,4.056240616963675,298.15,4.011128944675449,298.15,2.7083419274529343,elevated_reference_tail,328.15,electrical;thermal,2.7083419274529343,328.15,electrical;thermal,conditional_liquid_phase_not_verified
UPR-0332,unseen_pair_recombination,12,298.15,298.15,353.15,0.3736826777036068,0.3736826777036068,0.036940160220955545,1.0,0.09885435537971418,0.09885435537971418,100.0,9.88543553797142,100.0,1011.589217449097,0.3736826777036068,298.15,1.4947307108144272,298.15,7.569807932224393,298.15,7.53441764481157,298.15,4.747990528687361,elevated_reference_tail,298.15,electrical;thermal,4.747990528687361,298.15,electrical;thermal,conditional_liquid_phase_not_verified
UPR-0333,unseen_pair_recombination,12,298.15,298.15,353.15,1.167184895996111,1.167184895996111,0.07607496849710682,1.0,0.06517816393792701,0.06517816393792701,100.0,6.517816393792701,100.0,1534.2561673758692,1.167184895996111,298.15,4.668739583984444,298.15,23.64526018015256,298.15,23.46898020101345,298.15,14.830183902214603,beyond_reference_tail,298.15,electrical;thermal,14.830183902214603,298.15,electrical;thermal,conditional_liquid_phase_not_verified
UPR-0334,unseen_pair_recombination,12,298.15,298.15,353.15,2.18528270141468,2.18528270141468,0.16517276395062488,1.0,0.07558416302096634,0.07558416302096634,100.0,7.558416302096634,100.0,1323.0284758496423,2.18528270141468,298.15,8.74113080565872,298.15,44.26932737824912,298.15,44.17172606611568,298.15,27.766075838952606,beyond_reference_tail,298.15,electrical;thermal,27.766075838952606,298.15,electrical;thermal,conditional_liquid_phase_not_verified
UPR-0335,unseen_pair_recombination,12,298.15,298.15,353.15,0.2646167713723265,0.2646167713723265,0.03860835438869531,1.0,0.1459029002147857,0.1459029002147857,100.0,14.590290021478568,100.0,685.3873353633726,0.2646167713723265,298.15,1.058467085489306,298.15,5.367192030652528,298.15,5.354367725341486,298.15,3.3709746725338494,elevated_reference_tail,303.15,electrical;thermal,3.3709746725338494,303.15,electrical;thermal,conditional_liquid_phase_not_verified
UPR-0336,unseen_pair_recombination,12,298.15,298.15,353.15,0.8903388719811912,0.8903388719811912,0.07175379573954226,1.0,0.08059155676296034,0.08059155676296034,100.0,8.059155676296035,100.0,1240.8247714351103,0.8903388719811912,298.15,3.561355487924765,298.15,18.05938256083307,298.15,18.044690010479215,298.15,11.317627666996122,beyond_reference_tail,298.15,electrical;thermal,11.317627666996122,298.15,electrical;thermal,conditional_liquid_phase_not_verified
UPR-0337,unseen_pair_recombination,12,298.15,298.15,353.15,0.08111923472237623,0.08111923472237623,0.011360217729850498,1.0,0.1400434529335723,0.1400434529335723,100.0,14.00434529335723,100.0,714.0640844340909,0.08111923472237623,298.15,0.3244769388895049,298.15,1.64314698519737,298.15,1.6290991867159066,298.15,1.0306963130405007,elevated_reference_tail,298.15,electrical;thermal,1.0306963130405007,298.15,electrical;thermal,conditional_liquid_phase_not_verified
UPR-0338,unseen_pair_recombination,12,298.15,298.15,353.15,3.1941762294363487,3.1941762294363487,0.16170829111189947,1.0,0.05062597662009239,0.05062597662009239,100.0,5.062597662009239,100.0,1975.2705365156764,3.1941762294363487,298.15,12.776704917745395,298.15,64.7970145224657,298.15,64.58454424321083,298.15,40.585018758485816,beyond_reference_tail,298.15,electrical;thermal,40.585018758485816,298.15,electrical;thermal,conditional_liquid_phase_not_verified
UPR-0339,unseen_pair_recombination,12,298.15,298.15,353.15,0.5037243393009782,0.5037243393009782,0.04356547831498264,1.0,0.0864867446656216,0.0864867446656216,100.0,8.648674466562161,100.0,1156.2465483771398,0.5037243393009782,298.15,2.0148973572039126,298.15,10.202084084286943,298.15,10.083547927183753,298.15,6.400292373111675,beyond_reference_tail,298.15,electrical;thermal,6.400292373111675,298.15,electrical;thermal,conditional_liquid_phase_not_verified
UPR-0340,unseen_pair_recombination,12,298.15,298.15,353.15,0.03864411284893875,0.03864411284893875,0.007729742525531502,1.0,0.2000238058445629,0.2000238058445629,100.0,20.00238058445629,100.0,499.9404924717276,0.03864411284893875,298.15,0.154576451395755,298.15,0.7826608009526661,298.15,0.7802143284372182,298.15,0.5725187691622415,within_reference_envelope,348.15,none,0.5725187691622415,348.15,none,conditional_liquid_phase_not_verified
UPR-0341,unseen_pair_recombination,12,298.15,298.15,353.15,0.13193190224803106,0.13193190224803106,0.01331371020718396,1.0,0.10091350143769078,0.10091350143769078,100.0,10.091350143769077,100.0,990.9476787082369,0.13193190224803106,298.15,0.5277276089921242,298.15,2.6766680720726583,298.15,2.6640583786998016,298.15,1.6763191330003469,elevated_reference_tail,298.15,electrical;thermal,1.6763191330003469,298.15,electrical;thermal,conditional_liquid_phase_not_verified
UPR-0342,unseen_pair_recombination,12,298.15,298.15,353.15,0.09770029044163148,0.09770029044163148,0.014065418739068252,1.0,0.14396496341503995,0.14396496341503995,100.0,14.396496341503994,100.0,694.613450577608,0.09770029044163148,298.15,0.3908011617665259,298.15,1.991106276129659,298.15,1.9863213686773142,298.15,1.2458205524524253,elevated_reference_tail,298.15,electrical;thermal,1.2458205524524253,298.15,electrical;thermal,conditional_liquid_phase_not_verified
UPR-0343,unseen_pair_recombination,12,298.15,298.15,353.15,0.0706862007267183,0.0706862007267183,0.013302599599127274,1.0,0.18819231281868987,0.18819231281868987,100.0,18.819231281868987,100.0,531.3713323473686,0.0706862007267183,298.15,0.2827448029068732,298.15,1.4280028483844933,298.15,1.4229382175990168,298.15,1.1040123258616008,elevated_reference_tail,333.15,electrical;thermal,1.1040123258616008,333.15,electrical;thermal,conditional_liquid_phase_not_verified
UPR-0344,unseen_pair_recombination,12,298.15,298.15,353.15,1.4127547084562055,1.4127547084562055,0.06133090966583641,1.0,0.04341228473614932,0.04341228473614932,100.0,4.341228473614931,100.0,2303.495441619322,1.4127547084562055,298.15,5.651018833824822,298.15,28.61099571470101,298.15,28.534944146045543,298.15,17.950379761592558,beyond_reference_tail,298.15,electrical;thermal,17.950379761592558,298.15,electrical;thermal,conditional_liquid_phase_not_verified
UPR-0345,unseen_pair_recombination,12,298.15,298.15,353.15,0.030621602124155788,0.030621602124155788,0.008789078862749641,1.0,0.2870221756234105,0.2870221756234105,100.0,28.702217562341048,100.0,348.4051355363069,0.030621602124155788,298.15,0.12248640849662315,298.15,0.6221934518651622,298.15,0.6216027487459533,298.15,0.6520739081499555,within_reference_envelope,348.15,none,0.6520739081499555,348.15,none,conditional_liquid_phase_not_verified
UPR-0346,unseen_pair_recombination,12,298.15,298.15,353.15,0.06187498294283175,0.06187498294283175,0.010102629154763395,1.0,0.16327485963264882,0.16327485963264882,100.0,16.32748596326488,100.0,612.4641615064893,0.06187498294283175,298.15,0.247499931771327,298.15,1.2565909332419365,298.15,1.253580786818459,298.15,0.7923509953100387,within_reference_envelope,333.15,none,0.7923509953100387,333.15,none,conditional_liquid_phase_not_verified
UPR-0347,unseen_pair_recombination,12,298.15,298.15,353.15,0.05050299455994298,0.05050299455994298,0.008238425620157341,1.0,0.16312746782527904,0.16312746782527904,100.0,16.312746782527903,100.0,613.0175459298308,0.05050299455994298,298.15,0.20201197823977193,298.15,1.022083171480136,298.15,1.0211463274364583,298.15,0.6715941356426424,within_reference_envelope,333.15,none,0.6715941356426424,333.15,none,conditional_liquid_phase_not_verified
UPR-0348,unseen_pair_recombination,12,298.15,298.15,353.15,0.8337852624935189,0.8337852624935189,0.019029677044098667,1.0,0.02282323507036872,0.02282323507036872,100.0,2.2823235070368715,100.0,4381.4998045491575,0.8337852624935189,298.15,3.3351410499740757,298.15,16.877379871587546,298.15,16.837837179983936,298.15,10.594027407442018,beyond_reference_tail,298.15,electrical;thermal,10.594027407442018,298.15,electrical;thermal,conditional_liquid_phase_not_verified
UPR-0349,unseen_pair_recombination,12,298.15,298.15,353.15,0.4022313036971179,0.4022313036971179,0.04090939260441246,1.0,0.10170613830498242,0.10170613830498242,100.0,10.170613830498242,100.0,983.2248246426751,0.4022313036971179,298.15,1.6089252147884716,298.15,8.143974931781576,298.15,8.124368085907399,298.15,5.110727722333092,elevated_reference_tail,298.15,electrical;thermal,5.110727722333092,298.15,electrical;thermal,conditional_liquid_phase_not_verified
UPR-0350,unseen_pair_recombination,12,298.15,298.15,353.15,0.022384075477004686,0.022384075477004686,0.005745713219552529,1.0,0.2566875377745728,0.2566875377745728,100.0,25.668753777457283,100.0,389.578710626075,0.022384075477004686,298.15,0.08953630190801874,298.15,0.45368431290368927,298.15,0.4533744269494612,298.15,0.42737463996479697,within_reference_envelope,348.15,none,0.42737463996479697,348.15,none,conditional_liquid_phase_not_verified
UPR-0351,unseen_pair_recombination,12,298.15,298.15,353.15,0.04413029171333382,0.04413029171333382,0.008731666442874078,1.0,0.19786106331664777,0.19786106331664777,100.0,19.786106331664776,100.0,505.4051480556566,0.04413029171333382,298.15,0.17652116685333527,298.15,0.8951446590679498,298.15,0.89412910158778,298.15,0.6706269279501056,within_reference_envelope,338.15,none,0.6706269279501056,338.15,none,conditional_liquid_phase_not_verified
UPR-0352,unseen_pair_recombination,12,298.15,298.15,353.15,0.2232643270979233,0.2232643270979233,0.010834440743533869,1.0,0.048527415393064134,0.048527415393064134,100.0,4.852741539306414,100.0,2060.6908319764475,0.2232643270979233,298.15,0.8930573083916932,298.15,4.51796767730474,298.15,4.509935832863882,298.15,2.836783650152229,elevated_reference_tail,298.15,electrical;thermal,2.836783650152229,298.15,electrical;thermal,conditional_liquid_phase_not_verified
UPR-0353,unseen_pair_recombination,12,298.15,298.15,353.15,0.02257812580955945,0.02257812580955945,0.007295512593500679,1.0,0.3231230375380316,0.3231230375380316,100.0,32.312303753803164,100.0,309.4796358747092,0.02257812580955945,298.15,0.0903125032382378,298.15,0.45855596568102563,298.15,0.45810637000639104,298.15,0.5394540024038046,within_reference_envelope,348.15,none,0.5394540024038046,348.15,none,conditional_liquid_phase_not_verified
UPR-0354,unseen_pair_recombination,12,298.15,298.15,353.15,0.018360757928282664,0.018360757928282664,0.0043571045990819365,1.0,0.2373052689927528,0.2373052689927528,100.0,23.73052689927528,100.0,421.3981443583284,0.018360757928282664,298.15,0.07344303171313066,298.15,0.37152209873808384,298.15,0.37086351183408184,298.15,0.32210799118759065,within_reference_envelope,343.15,none,0.32210799118759065,343.15,none,conditional_liquid_phase_not_verified
UPR-0355,unseen_pair_recombination,12,298.15,298.15,353.15,0.24831053291465333,0.24831053291465333,0.01491155394576484,1.0,0.060052039560037844,0.060052039560037844,99.99999999999999,6.005203956003784,99.99999999999999,1665.222376003127,0.24831053291465333,298.15,0.9932421316586133,298.15,5.021677632864144,298.15,5.0204797939514885,298.15,3.155019295240684,elevated_reference_tail,298.15,electrical;thermal,3.155019295240684,298.15,electrical;thermal,conditional_liquid_phase_not_verified
UPR-0356,unseen_pair_recombination,12,298.15,298.15,353.15,2.0472932127542554,2.0472932127542554,0.031910447241689566,1.0,0.015586652191729755,0.015586652191729755,100.0,1.5586652191729755,100.0,6415.745906812484,2.0472932127542554,298.15,8.189172851017021,298.15,41.43123749810959,298.15,41.00569937618989,298.15,26.01278936272539,beyond_reference_tail,298.15,electrical;thermal,26.01278936272539,298.15,electrical;thermal,conditional_liquid_phase_not_verified
UPR-0357,unseen_pair_recombination,12,298.15,298.15,353.15,0.01827975122774128,0.01827975122774128,0.004118850368219548,1.0,0.2253231084441016,0.2253231084441016,100.0,22.532310844410162,100.0,443.8071207632399,0.01827975122774128,298.15,0.07311900491096512,298.15,0.36922341639776557,298.15,0.36903118522382733,298.15,0.31204477306973377,within_reference_envelope,338.15,none,0.31204477306973377,338.15,none,conditional_liquid_phase_not_verified
UPR-0358,unseen_pair_recombination,12,298.15,298.15,353.15,0.08550968989247786,0.08550968989247786,0.010457621155874829,1.0,0.12229749831889834,0.12229749831889834,100.0,12.229749831889835,100.0,817.6782139831165,0.08550968989247786,298.15,0.3420387595699114,298.15,1.7324657933507888,298.15,1.728026008922053,298.15,1.0864811829530505,elevated_reference_tail,298.15,electrical;thermal,1.0864811829530505,298.15,electrical;thermal,conditional_liquid_phase_not_verified
UPR-0359,unseen_pair_recombination,12,298.15,298.15,353.15,0.03093346716705581,0.03093346716705581,0.01082544905968148,1.0,0.3499591235996526,0.3499591235996526,100.0,34.99591235996526,100.0,285.7476581019169,0.03093346716705581,298.15,0.12373386866822324,298.15,0.6265119547916465,298.15,0.6247069520843386,298.15,0.798763270557776,within_reference_envelope,348.15,none,0.798763270557776,348.15,none,conditional_liquid_phase_not_verified
UPR-0360,unseen_pair_recombination,12,298.15,298.15,353.15,0.017513643701265784,0.017513643701265784,0.0037372762274244862,1.0,0.21339227240042447,0.21339227240042447,100.0,21.339227240042447,100.0,468.6205309832067,0.017513643701265784,298.15,0.07005457480506314,298.15,0.3537543294728256,298.15,0.3535715268555863,298.15,0.28000057308497384,within_reference_envelope,343.15,none,0.28000057308497384,343.15,none,conditional_liquid_phase_not_verified
UPR-0361,unseen_pair_recombination,12,298.15,298.15,353.15,0.02430119888668135,0.02430119888668135,0.003238804021231238,1.0,0.13327754059929592,0.13327754059929592,100.0,13.32775405992959,100.0,750.3139655064155,0.02430119888668135,298.15,0.0972047955467254,298.15,0.49093045727565177,298.15,0.4897775555990921,298.15,0.30876963004752417,within_reference_envelope,298.15,none,0.30876963004752417,298.15,none,conditional_liquid_phase_not_verified
UPR-0362,unseen_pair_recombination,12,298.15,298.15,353.15,0.19694516762669662,0.19694516762669662,0.02020921696827223,1.0,0.10261341880994088,0.10261341880994088,100.0,10.261341880994088,100.0,974.5314127503985,0.19694516762669662,298.15,0.7877806705067865,298.15,3.983017173241367,298.15,3.980308626238753,298.15,2.5023739294225105,elevated_reference_tail,298.15,electrical;thermal,2.5023739294225105,298.15,electrical;thermal,conditional_liquid_phase_not_verified
UPR-0363,unseen_pair_recombination,12,298.15,298.15,353.15,0.13370636799560084,0.13370636799560084,0.009307857601431983,1.0,0.06961416827759638,0.06961416827759638,100.0,6.9614168277596375,100.0,1436.4891871039213,0.13370636799560084,298.15,0.5348254719824034,298.15,2.705540896427452,298.15,2.5814773111239058,298.15,1.698865392341873,elevated_reference_tail,298.15,electrical;thermal,1.698865392341873,298.15,electrical;thermal,conditional_liquid_phase_not_verified
UPR-0364,unseen_pair_recombination,12,298.15,298.15,353.15,0.37351540592763344,0.37351540592763344,0.008815132598336826,1.0,0.02360045250729152,0.02360045250729152,100.0,2.3600452507291516,100.0,4237.206891228222,0.37351540592763344,298.15,1.4940616237105337,298.15,7.54743280653272,298.15,7.53436548983549,298.15,4.74586518315912,elevated_reference_tail,298.15,electrical;thermal,4.74586518315912,298.15,electrical;thermal,conditional_liquid_phase_not_verified
UPR-0365,unseen_pair_recombination,12,298.15,298.15,353.15,0.0877858971550727,0.0877858971550727,0.017963108060563917,1.0,0.20462407565115281,0.20462407565115281,100.00000000000001,20.46240756511528,100.00000000000001,488.70104694074223,0.0877858971550727,298.15,0.3511435886202908,298.15,1.7789809299177173,298.15,1.7678353237446065,298.15,1.4036032807439691,elevated_reference_tail,338.15,electrical;thermal,1.4036032807439691,338.15,electrical;thermal,conditional_liquid_phase_not_verified
UPR-0366,unseen_pair_recombination,12,298.15,298.15,353.15,0.03622601746845865,0.03622601746845865,0.005674529008656276,1.0,0.15664236383690225,0.15664236383690225,100.0,15.664236383690223,100.0,638.3969033059352,0.03622601746845865,298.15,0.1449040698738346,298.15,0.731549409938304,298.15,0.7267788283552504,298.15,0.4602856864795058,within_reference_envelope,298.15,none,0.4602856864795058,298.15,none,conditional_liquid_phase_not_verified
UPR-0367,unseen_pair_recombination,12,298.15,298.15,353.15,5.872204002604281,5.872204002604281,0.32249622357425567,1.0,0.05491911102394107,0.05491911102394107,100.00000000000001,5.4919111023941065,100.00000000000001,1820.8597724097658,5.872204002604281,298.15,23.488816010417125,298.15,118.95755019570386,298.15,118.755253284969,298.15,74.61188503096628,beyond_reference_tail,298.15,electrical;thermal,74.61188503096628,298.15,electrical;thermal,conditional_liquid_phase_not_verified
UPR-0368,unseen_pair_recombination,12,298.15,298.15,353.15,0.05117508244505582,0.05117508244505582,0.008410853867393868,1.0,0.1643544761539796,0.1643544761539796,100.0,16.435447615397962,100.0,608.44098889228,0.05117508244505582,298.15,0.2047003297802233,298.15,1.0338023793608986,298.15,1.0328786623430681,298.15,0.673045873547117,within_reference_envelope,333.15,none,0.673045873547117,333.15,none,conditional_liquid_phase_not_verified
UPR-0369,unseen_pair_recombination,12,298.15,298.15,353.15,0.04165644366756714,0.04165644366756714,0.005143896324520769,1.0,0.12348380878528288,0.12348380878528288,100.0,12.348380878528289,100.0,809.8227693468932,0.04165644366756714,298.15,0.16662577467026857,298.15,0.8413902242753251,298.15,0.8397764927517678,298.15,0.5292843682448767,within_reference_envelope,298.15,none,0.5292843682448767,298.15,none,conditional_liquid_phase_not_verified
UPR-0370,unseen_pair_recombination,12,298.15,298.15,353.15,1.2836212849042359,1.2836212849042359,0.02609105251089128,1.0,0.02032612953503478,0.02032612953503478,100.00000000000001,2.032612953503478,100.00000000000001,4919.775790449272,1.2836212849042359,298.15,5.1344851396169435,298.15,25.9614612821763,298.15,25.883802021374706,298.15,16.309617937336856,beyond_reference_tail,298.15,electrical;thermal,16.309617937336856,298.15,electrical;thermal,conditional_liquid_phase_not_verified
UPR-0371,unseen_pair_recombination,12,298.15,298.15,353.15,5.122671070487927,5.122671070487927,0.03791230770378026,1.0,0.0074008866042943435,0.0074008866042943435,100.0,0.7400886604294343,100.0,13511.894634620572,5.122671070487927,298.15,20.490684281951708,298.15,103.61122451996144,298.15,103.19173634074406,298.15,65.0883628690682,beyond_reference_tail,298.15,electrical;thermal,65.0883628690682,298.15,electrical;thermal,conditional_liquid_phase_not_verified
UPR-0372,unseen_pair_recombination,12,298.15,298.15,353.15,0.6862046125315767,0.6862046125315767,0.02194829886193969,1.0,0.03198506460189337,0.03198506460189337,100.0,3.1985064601893374,100.0,3126.459216032987,0.6862046125315767,298.15,2.744818450126307,298.15,13.877499840853227,298.15,13.845548211400143,298.15,8.71887618945431,beyond_reference_tail,298.15,electrical;thermal,8.71887618945431,298.15,electrical;thermal,conditional_liquid_phase_not_verified
UPR-0373,unseen_pair_recombination,12,298.15,298.15,353.15,0.038441517495855046,0.038441517495855046,0.0074994110778513505,1.0,0.1950862392115497,0.1950862392115497,100.0,19.508623921154967,100.0,512.5938169916789,0.038441517495855046,298.15,0.15376606998342018,298.15,0.7764734567318003,298.15,0.773300456380701,298.15,0.5608092649531782,within_reference_envelope,343.15,none,0.5608092649531782,343.15,none,conditional_liquid_phase_not_verified
UPR-0374,unseen_pair_recombination,12,298.15,298.15,353.15,0.04266510422388503,0.04266510422388503,0.006764085663177463,1.0,0.15853906339201565,0.15853906339201565,100.0,15.853906339201563,100.0,630.7593716050438,0.04266510422388503,298.15,0.17066041689554012,298.15,0.8615705349472335,298.15,0.8604290209441461,298.15,0.5623370196197658,within_reference_envelope,328.15,none,0.5623370196197658,328.15,none,conditional_liquid_phase_not_verified
UPR-0375,unseen_pair_recombination,12,298.15,298.15,353.15,0.0474436777949225,0.0474436777949225,0.005984579196790419,1.0,0.1261407098888716,0.1261407098888716,100.0,12.614070988887162,100.0,792.765476649836,0.0474436777949225,298.15,0.18977471117969,298.15,0.9580642263013575,298.15,0.956389484638831,298.15,0.6028166309465852,within_reference_envelope,298.15,none,0.6028166309465852,298.15,none,conditional_liquid_phase_not_verified
UPR-0376,unseen_pair_recombination,12,298.15,298.15,353.15,3.9805684647233788,3.9805684647233788,0.24361631323976016,1.0,0.06120138754018134,0.06120138754018134,100.0,6.120138754018134,100.0,1633.9498828248904,3.9805684647233788,298.15,15.922273858893515,298.15,80.62460342677527,298.15,79.65307822812,298.15,50.57687309843362,beyond_reference_tail,298.15,electrical;thermal,50.57687309843362,298.15,electrical;thermal,conditional_liquid_phase_not_verified
UPR-0377,unseen_pair_recombination,12,298.15,298.15,353.15,0.9272576479800059,0.9272576479800059,0.04213145978781984,1.0,0.04543662689609685,0.04543662689609685,100.0,4.543662689609685,100.0,2200.8676002441175,0.9272576479800059,298.15,3.7090305919200235,298.15,18.775973513385658,298.15,18.69965630345968,298.15,11.781682140893878,beyond_reference_tail,298.15,electrical;thermal,11.781682140893878,298.15,electrical;thermal,conditional_liquid_phase_not_verified
UPR-0378,unseen_pair_recombination,12,298.15,298.15,353.15,0.07719828630937518,0.07719828630937518,0.007735820764765281,1.0,0.10020715659106309,0.10020715659106309,100.0,10.02071565910631,100.0,997.9327166031816,0.07719828630937518,298.15,0.30879314523750073,298.15,1.559821245000937,298.15,1.5560973845630033,298.15,0.9808769688771439,within_reference_envelope,298.15,none,0.9808769688771439,298.15,none,conditional_liquid_phase_not_verified
UPR-0379,unseen_pair_recombination,12,298.15,298.15,353.15,0.026033117976205226,0.026033117976205226,0.005997437904063104,1.0,0.2303772413871008,0.2303772413871008,100.0,23.03772413871008,100.0,434.0706547135483,0.026033117976205226,298.15,0.1041324719048209,298.15,0.5271893732798681,298.15,0.5253498912827302,298.15,0.4429523017075512,within_reference_envelope,348.15,none,0.4429523017075512,348.15,none,conditional_liquid_phase_not_verified
UPR-0380,unseen_pair_recombination,12,298.15,298.15,353.15,0.305045490548135,0.305045490548135,0.019220514326871926,1.0,0.06300868205700948,0.06300868205700948,100.0,6.300868205700947,100.0,1587.082870730755,0.305045490548135,298.15,1.22018196219254,298.15,6.180647702225541,298.15,6.1639158384538275,298.15,3.875890391392781,elevated_reference_tail,298.15,electrical;thermal,3.875890391392781,298.15,electrical;thermal,conditional_liquid_phase_not_verified
UPR-0381,unseen_pair_recombination,12,298.15,298.15,353.15,3.7061609773570434,3.7061609773570434,0.28015743937359955,1.0,0.07559235583268886,0.07559235583268886,100.0,7.559235583268886,100.0,1322.885084059735,3.7061609773570434,298.15,14.824643909428174,298.15,75.06463245232862,298.15,74.27600982017154,298.15,47.09026740661275,beyond_reference_tail,298.15,electrical;thermal,47.09026740661275,298.15,electrical;thermal,conditional_liquid_phase_not_verified
UPR-0382,unseen_pair_recombination,12,298.15,298.15,353.15,0.06871846344102549,0.06871846344102549,0.00845668260362264,1.0,0.12306274296834656,0.12306274296834656,100.0,12.306274296834657,100.0,812.5936216594927,0.06871846344102549,298.15,0.27487385376410195,298.15,1.38910006303437,298.15,1.3875987293096597,298.15,0.8731328290864162,within_reference_envelope,298.15,none,0.8731328290864162,298.15,none,conditional_liquid_phase_not_verified
UPR-0383,unseen_pair_recombination,12,298.15,298.15,353.15,0.3043623928522835,0.3043623928522835,0.01303740202744261,1.0,0.042835127905470456,0.042835127905470456,100.0,4.283512790547046,100.0,2334.532541158329,0.3043623928522835,298.15,1.217449571409134,298.15,6.166494508956677,298.15,6.148216298155937,298.15,3.8672109915072883,elevated_reference_tail,298.15,electrical;thermal,3.8672109915072883,298.15,electrical;thermal,conditional_liquid_phase_not_verified
UPR-0384,unseen_pair_recombination,12,298.15,298.15,353.15,0.029833536628032224,0.029833536628032224,0.0056122600126554375,1.0,0.1881191654422238,0.1881191654422238,100.0,18.81191654422238,100.0,531.5779482910398,0.029833536628032224,298.15,0.1193341465121289,298.15,0.6044706631056267,298.15,0.6033930501996347,298.15,0.42569828984887825,within_reference_envelope,338.15,none,0.42569828984887825,338.15,none,conditional_liquid_phase_not_verified
UPR-0385,unseen_pair_recombination,12,298.15,298.15,353.15,0.04556453795445643,0.04556453795445643,0.006262520493747674,1.0,0.13744286181519744,0.13744286181519744,100.0,13.744286181519744,100.0,727.5750714100942,0.04556453795445643,298.15,0.18225815181782573,298.15,0.9202398635582191,298.15,0.9175089161591391,298.15,0.5789403886239782,within_reference_envelope,298.15,none,0.5789403886239782,298.15,none,conditional_liquid_phase_not_verified
UPR-0386,unseen_pair_recombination,12,298.15,298.15,353.15,0.03730399036605778,0.03730399036605778,0.009168660188372361,1.0,0.24578229026980333,0.24578229026980333,100.0,24.578229026980335,100.0,406.8641393577491,0.03730399036605778,298.15,0.14921596146423113,298.15,0.7540985416706294,298.15,0.751605795876507,298.15,0.6893523083528205,within_reference_envelope,343.15,none,0.6893523083528205,343.15,none,conditional_liquid_phase_not_verified
UPR-0387,unseen_pair_recombination,12,298.15,298.15,353.15,0.07255881461260441,0.07255881461260441,0.006179545360453982,1.0,0.08516601867666833,0.08516601867666833,100.0,8.516601867666832,100.0,1174.1772311753668,0.07255881461260441,298.15,0.29023525845041764,298.15,1.466709608226916,298.15,1.4629715891597006,298.15,0.9219281093534687,within_reference_envelope,298.15,none,0.9219281093534687,298.15,none,conditional_liquid_phase_not_verified
UPR-0388,unseen_pair_recombination,12,298.15,298.15,353.15,5.8370368393218195,5.8370368393218195,0.026082151267067557,1.0,0.004468389010561381,0.004468389010561381,100.00000000000001,0.4468389010561381,100.00000000000001,22379.430207093053,5.8370368393218195,298.15,23.348147357287278,298.15,117.89504821697975,298.15,117.10850227684402,298.15,74.16505308464211,beyond_reference_tail,298.15,electrical;thermal,74.16505308464211,298.15,electrical;thermal,conditional_liquid_phase_not_verified
UPR-0389,unseen_pair_recombination,12,298.15,298.15,353.15,0.2669500922964445,0.2669500922964445,0.033625593844252594,1.0,0.12596209858924423,0.12596209858924423,100.0,12.596209858924425,100.0,793.889599490516,0.2669500922964445,298.15,1.067800369185778,298.15,5.4082646988851275,298.15,5.397911808014922,298.15,3.406821595854983,elevated_reference_tail,303.15,electrical;thermal,3.406821595854983,303.15,electrical;thermal,conditional_liquid_phase_not_verified
UPR-0390,unseen_pair_recombination,12,298.15,298.15,353.15,1.6129306786783433,1.6129306786783433,0.07066634191821247,1.0,0.043812386268278686,0.043812386268278686,100.0,4.381238626827869,100.0,2282.4595626374867,1.6129306786783433,298.15,6.451722714713373,298.15,32.676003930290975,298.15,32.32379786280199,298.15,20.49380408226542,beyond_reference_tail,298.15,electrical;thermal,20.49380408226542,298.15,electrical;thermal,conditional_liquid_phase_not_verified
UPR-0391,unseen_pair_recombination,12,298.15,298.15,353.15,0.11230902289663448,0.11230902289663448,0.013440977268320975,1.0,0.11967851666461034,0.11967851666461034,100.00000000000001,11.967851666461035,100.00000000000001,835.5718535536513,0.11230902289663448,298.15,0.44923609158653793,298.15,2.2818277454058102,298.15,2.27697729316556,298.15,1.4281199175650514,elevated_reference_tail,298.15,electrical;thermal,1.4281199175650514,298.15,electrical;thermal,conditional_liquid_phase_not_verified
UPR-0392,unseen_pair_recombination,12,298.15,298.15,353.15,0.19357366661296746,0.19357366661296746,0.012621755452404775,1.0,0.06520388683674004,0.06520388683674004,99.99999999999999,6.520388683674004,99.99999999999999,1533.6509041306658,0.19357366661296746,298.15,0.7742946664518698,298.15,3.9112898276016255,298.15,3.9048178758561085,298.15,2.4595358321924787,elevated_reference_tail,298.15,electrical;thermal,2.4595358321924787,298.15,electrical;thermal,conditional_liquid_phase_not_verified
UPR-0393,unseen_pair_recombination,12,298.15,298.15,353.15,0.016828568376400583,0.016828568376400583,0.003646045257755151,1.0,0.21665807668275308,0.21665807668275308,100.0,21.66580766827531,100.0,461.55676045452697,0.016828568376400583,298.15,0.06731427350560233,298.15,0.3404008575904501,298.15,0.33969586946881747,298.15,0.2800296627734576,within_reference_envelope,343.15,none,0.2800296627734576,343.15,none,conditional_liquid_phase_not_verified
UPR-0394,unseen_pair_recombination,12,298.15,298.15,353.15,0.6883816474612873,0.6883816474612873,0.018137668068839437,1.0,0.026348273716665944,0.026348273716665944,100.0,2.6348273716665944,100.0,3795.315058411113,0.6883816474612873,298.15,2.753526589845149,298.15,13.926388535678045,298.15,13.907507615241485,298.15,8.746537469582169,beyond_reference_tail,298.15,electrical;thermal,8.746537469582169,298.15,electrical;thermal,conditional_liquid_phase_not_verified
UPR-0395,unseen_pair_recombination,12,298.15,298.15,353.15,0.11420242778288683,0.11420242778288683,0.017366233487695566,1.0,0.15206536169888576,0.15206536169888576,100.0,15.206536169888576,100.0,657.6119563508245,0.11420242778288683,298.15,0.45680971113154734,298.15,2.3129602505175106,298.15,2.3065429529483383,298.15,1.4510494540406023,elevated_reference_tail,298.15,electrical;thermal,1.4510494540406023,298.15,electrical;thermal,conditional_liquid_phase_not_verified
UPR-0396,unseen_pair_recombination,12,298.15,298.15,353.15,0.050825624788601656,0.050825624788601656,0.010066382549172206,1.0,0.19805723178103912,0.19805723178103912,100.00000000000001,19.805723178103914,100.00000000000001,504.9045626900125,0.050825624788601656,298.15,0.20330249915440662,298.15,1.0303113437002116,298.15,1.0272538861288905,298.15,0.788372814213579,within_reference_envelope,333.15,none,0.788372814213579,333.15,none,conditional_liquid_phase_not_verified
UPR-0397,unseen_pair_recombination,12,298.15,298.15,353.15,0.015687879457445923,0.015687879457445923,0.003239242751754289,1.0,0.20648059927671425,0.20648059927671425,100.0,20.648059927671422,100.0,484.3070019667337,0.015687879457445923,298.15,0.06275151782978369,298.15,0.3172803379780026,298.15,0.3170584946075037,298.15,0.24020983106677207,within_reference_envelope,348.15,none,0.24020983106677207,348.15,none,conditional_liquid_phase_not_verified
UPR-0398,unseen_pair_recombination,12,298.15,298.15,353.15,0.07651841803616735,0.07651841803616735,0.00962550900886015,1.0,0.12579336133570532,0.12579336133570532,100.0,12.57933613357053,100.0,794.95451062103,0.07651841803616735,298.15,0.3060736721446694,298.15,1.5497094957983375,298.15,1.546069934824719,298.15,0.9722386018493145,within_reference_envelope,298.15,none,0.9722386018493145,298.15,none,conditional_liquid_phase_not_verified
UPR-0399,unseen_pair_recombination,12,298.15,298.15,353.15,0.08718976561133784,0.08718976561133784,0.01190548372563255,1.0,0.13654680273718275,0.13654680273718275,100.0,13.654680273718277,100.0,732.3496266146495,0.08718976561133784,298.15,0.3487590624453514,298.15,1.7732569408148746,298.15,1.7714175525641471,298.15,1.11103290170459,elevated_reference_tail,298.15,electrical;thermal,1.11103290170459,298.15,electrical;thermal,conditional_liquid_phase_not_verified
UPR-0400,unseen_pair_recombination,12,298.15,298.15,353.15,0.09501182854286608,0.09501182854286608,0.014706074265902242,1.0,0.15478150974925575,0.15478150974925575,100.0,15.478150974925576,100.0,646.0720027992933,0.09501182854286608,298.15,0.3800473141714643,298.15,1.9385289156899217,298.15,1.9338101807446786,298.15,1.2128855409322443,elevated_reference_tail,298.15,electrical;thermal,1.2128855409322443,298.15,electrical;thermal,conditional_liquid_phase_not_verified
UPR-0401,unseen_pair_recombination,12,298.15,298.15,353.15,0.11095076462011046,0.11095076462011046,0.01825655963224883,1.0,0.16454649677051186,0.16454649677051186,100.0,16.454649677051187,100.0,607.7309572835636,0.11095076462011046,298.15,0.4438030584804418,298.15,2.255008734371277,298.15,2.2534687932733815,298.15,1.4413678320724888,elevated_reference_tail,333.15,electrical;thermal,1.4413678320724888,333.15,electrical;thermal,conditional_liquid_phase_not_verified
UPR-0402,unseen_pair_recombination,12,298.15,298.15,353.15,0.15966102090093548,0.15966102090093548,0.01880137588842277,1.0,0.11775808385998246,0.11775808385998246,100.0,11.775808385998245,100.0,849.1986004026926,0.15966102090093548,298.15,0.6386440836037419,298.15,3.2448648721672004,298.15,3.2354438076912952,298.15,2.0292700141522593,elevated_reference_tail,298.15,electrical;thermal,2.0292700141522593,298.15,electrical;thermal,conditional_liquid_phase_not_verified
UPR-0403,unseen_pair_recombination,12,298.15,298.15,353.15,0.5781374995086821,0.5781374995086821,0.013298164762750461,1.0,0.023001733625740633,0.023001733625740633,100.0,2.3001733625740632,100.0,4347.498394125068,0.5781374995086821,298.15,2.3125499980347284,298.15,11.686934393686654,298.15,11.63060664639105,298.15,7.345781690537596,beyond_reference_tail,298.15,electrical;thermal,7.345781690537596,298.15,electrical;thermal,conditional_liquid_phase_not_verified
UPR-0404,unseen_pair_recombination,12,298.15,298.15,353.15,0.043393741599635105,0.043393741599635105,0.0060320435920905415,1.0,0.13900722476858884,0.13900722476858884,100.0,13.900722476858885,100.0,719.3870690280609,0.043393741599635105,298.15,0.17357496639854042,298.15,0.8781893778607134,298.15,0.8772090707169423,298.15,0.5513583754684853,within_reference_envelope,298.15,none,0.5513583754684853,298.15,none,conditional_liquid_phase_not_verified
UPR-0405,unseen_pair_recombination,12,298.15,298.15,353.15,0.2498849005675102,0.2498849005675102,0.013003576732012342,1.0,0.052038265227231005,0.052038265227231005,100.0,5.203826522723101,100.0,1921.6628295224414,0.2498849005675102,298.15,0.9995396022700408,298.15,5.0594378360337515,298.15,5.0456112925226995,298.15,3.1750231197432615,elevated_reference_tail,298.15,electrical;thermal,3.1750231197432615,298.15,electrical;thermal,conditional_liquid_phase_not_verified
UPR-0406,unseen_pair_recombination,12,298.15,298.15,353.15,0.11270173780423037,0.11270173780423037,0.017438022902688206,1.0,0.15472718737468885,0.15472718737468885,100.0,15.472718737468885,100.0,646.2988289048326,0.11270173780423037,298.15,0.4508069512169215,298.15,2.285856383286707,298.15,2.2762826563987786,298.15,1.4379135324755692,elevated_reference_tail,303.15,electrical;thermal,1.4379135324755692,303.15,electrical;thermal,conditional_liquid_phase_not_verified
UPR-0407,unseen_pair_recombination,12,298.15,298.15,353.15,0.14056549717377095,0.14056549717377095,0.01958392087063222,1.0,0.13932238895311583,0.13932238895311583,100.0,13.932238895311583,100.0,717.7597280050342,0.14056549717377095,298.15,0.5622619886950838,298.15,2.847183972895586,298.15,2.836845511165775,298.15,1.7860170916743907,elevated_reference_tail,298.15,electrical;thermal,1.7860170916743907,298.15,electrical;thermal,conditional_liquid_phase_not_verified
UPR-0408,unseen_pair_recombination,12,298.15,298.15,353.15,0.013782935324057471,0.013782935324057471,0.0035056792233435575,1.0,0.254349247161057,0.254349247161057,100.00000000000001,25.4349247161057,100.00000000000001,393.1601965256803,0.013782935324057471,298.15,0.055131741296229886,298.15,0.27878315605955456,298.15,0.2778624772038544,298.15,0.25751135509087963,within_reference_envelope,353.15,none,0.25751135509087963,353.15,none,conditional_liquid_phase_not_verified
UPR-0409,unseen_pair_recombination,12,298.15,298.15,353.15,1.9130045731624659,1.9130045731624659,0.014091084666952173,1.0,0.007365944057131879,0.007365944057131879,100.0,0.7365944057131879,100.0,13575.992326900401,1.9130045731624659,298.15,7.652018292649863,298.15,38.685492066962816,298.15,38.62139084770099,298.15,24.30652566109924,beyond_reference_tail,298.15,electrical;thermal,24.30652566109924,298.15,electrical;thermal,conditional_liquid_phase_not_verified
UPR-0410,unseen_pair_recombination,12,298.15,298.15,353.15,3.4676005732928927,3.4676005732928927,0.03388847065524878,1.0,0.009772887603103523,0.009772887603103523,100.0,0.9772887603103523,100.0,10232.390267973975,3.4676005732928927,298.15,13.870402293171571,298.15,70.17394887831672,298.15,69.75096483859656,298.15,44.05913268563212,beyond_reference_tail,298.15,electrical;thermal,44.05913268563212,298.15,electrical;thermal,conditional_liquid_phase_not_verified
UPR-0411,unseen_pair_recombination,12,298.15,298.15,353.15,0.5541427662233098,0.5541427662233098,0.01402536621643176,1.0,0.025310023104731433,0.025310023104731433,100.0,2.531002310473143,100.0,3951.0039001626233,0.5541427662233098,298.15,2.2165710648932393,298.15,11.225405460752519,298.15,11.19871552392557,298.15,7.0409059947268045,beyond_reference_tail,298.15,electrical;thermal,7.0409059947268045,298.15,electrical;thermal,conditional_liquid_phase_not_verified
UPR-0412,unseen_pair_recombination,12,298.15,298.15,353.15,0.42326474874537384,0.42326474874537384,0.011679501398848897,1.0,0.02759384388487077,0.02759384388487077,100.0,2.759384388487077,100.0,3623.9967297498656,0.42326474874537384,298.15,1.6930589949814954,298.15,8.569703555872655,298.15,8.538804986490996,298.15,5.377977460770249,elevated_reference_tail,298.15,electrical;thermal,5.377977460770249,298.15,electrical;thermal,conditional_liquid_phase_not_verified
UPR-0413,unseen_pair_recombination,12,298.15,298.15,353.15,0.3217444974155373,0.3217444974155373,0.023494781731498444,1.0,0.07302310348809049,0.07302310348809049,100.0,7.30231034880905,100.0,1369.4296082103554,0.3217444974155373,298.15,1.2869779896621492,298.15,6.5139787156662985,298.15,6.494305713425895,298.15,4.088067008548685,elevated_reference_tail,298.15,electrical;thermal,4.088067008548685,298.15,electrical;thermal,conditional_liquid_phase_not_verified
UPR-0414,unseen_pair_recombination,12,298.15,298.15,353.15,0.05213003381634896,0.05213003381634896,0.012124703977685685,1.0,0.23258576851111018,0.23258576851111018,100.0,23.258576851111016,100.0,429.94892009148526,0.05213003381634896,298.15,0.20852013526539584,298.15,1.0562341891913416,298.15,1.0539892553769885,298.15,0.8906259678807008,within_reference_envelope,353.15,none,0.8906259678807008,353.15,none,conditional_liquid_phase_not_verified
UPR-0415,unseen_pair_recombination,12,298.15,298.15,353.15,0.8343320715882999,0.8343320715882999,0.0717808728492248,1.0,0.08603393695819112,0.08603393695819112,100.0,8.603393695819113,100.0,1162.332023101486,0.8343320715882999,298.15,3.3373282863531997,298.15,16.90387649475891,298.15,16.815500442708057,298.15,10.600975132230802,beyond_reference_tail,298.15,electrical;thermal,10.600975132230802,298.15,electrical;thermal,conditional_liquid_phase_not_verified
UPR-0416,unseen_pair_recombination,12,298.15,298.15,353.15,0.011492596970835127,0.011492596970835127,0.0028814163285049176,1.0,0.25071934009494246,0.25071934009494246,100.0,25.071934009494246,100.0,398.85235802763356,0.011492596970835127,298.15,0.045970387883340506,298.15,0.23231007510129703,298.15,0.2321094831524868,298.15,0.21165582361143845,within_reference_envelope,353.15,none,0.21165582361143845,353.15,none,conditional_liquid_phase_not_verified
UPR-0417,unseen_pair_recombination,12,298.15,298.15,353.15,0.14813417859465738,0.14813417859465738,0.013531646522164813,1.0,0.09134722756448893,0.09134722756448893,100.0,9.134722756448893,100.0,1094.723974292514,0.14813417859465738,298.15,0.5925367143786295,298.15,2.999182892408522,298.15,2.986990322424513,298.15,1.8821843208375366,elevated_reference_tail,298.15,electrical;thermal,1.8821843208375366,298.15,electrical;thermal,conditional_liquid_phase_not_verified
UPR-0418,unseen_pair_recombination,12,298.15,298.15,353.15,0.22278805495863707,0.22278805495863707,0.02199623956594926,1.0,0.0987316827647384,0.0987316827647384,100.0,9.873168276473839,100.0,1012.8461016742092,0.22278805495863707,298.15,0.8911522198345483,298.15,4.514440826808264,298.15,4.4997346212032365,298.15,2.830732163847578,elevated_reference_tail,298.15,electrical;thermal,2.830732163847578,298.15,electrical;thermal,conditional_liquid_phase_not_verified
UPR-0419,unseen_pair_recombination,12,298.15,298.15,353.15,0.05501229784626202,0.05501229784626202,0.016742186323555223,1.0,0.3043353391698548,0.3043353391698548,100.0,30.43353391698548,100.0,328.5849098983154,0.05501229784626202,298.15,0.22004919138504808,298.15,1.1114008828610777,298.15,1.103484368435047,298.15,1.2507895841487042,elevated_reference_tail,348.15,electrical;thermal,1.2507895841487042,348.15,electrical;thermal,conditional_liquid_phase_not_verified
UPR-0420,unseen_pair_recombination,12,298.15,298.15,353.15,3.1539082184424956,3.1539082184424956,0.07613156610421454,1.0,0.02413880202950574,0.02413880202950574,100.0,2.413880202950574,100.0,4142.707657064603,3.1539082184424956,298.15,12.615632873769982,298.15,63.86459629961714,298.15,63.38978962017076,298.15,40.073375735633306,beyond_reference_tail,298.15,electrical;thermal,40.073375735633306,298.15,electrical;thermal,conditional_liquid_phase_not_verified
UPR-0421,unseen_pair_recombination,12,298.15,298.15,353.15,1.91452927763258,1.91452927763258,0.07786418103502292,1.0,0.040670143802296006,0.040670143802296006,100.0,4.067014380229601,100.0,2458.806157315691,1.91452927763258,298.15,7.65811711053032,298.15,38.78230940032149,298.15,38.10093131274606,298.15,24.325898468069145,beyond_reference_tail,298.15,electrical;thermal,24.325898468069145,298.15,electrical;thermal,conditional_liquid_phase_not_verified
UPR-0422,unseen_pair_recombination,12,298.15,298.15,353.15,0.9869628218040403,0.9869628218040403,0.05105189062553966,1.0,0.05172625502977246,0.05172625502977246,100.0,5.172625502977246,100.0,1933.2542041259755,0.9869628218040403,298.15,3.947851287216161,298.15,19.98067941540809,298.15,19.87505509571857,298.15,12.540292632480524,beyond_reference_tail,298.15,electrical;thermal,12.540292632480524,298.15,electrical;thermal,conditional_liquid_phase_not_verified
UPR-0423,unseen_pair_recombination,12,298.15,298.15,353.15,0.6417104919672513,0.6417104919672513,0.05637331577563092,1.0,0.08784851811104227,0.08784851811104227,99.99999999999999,8.784851811104227,99.99999999999999,1138.3231288386448,0.6417104919672513,298.15,2.566841967869005,298.15,13.000836296806638,298.15,12.922532752472637,298.15,8.153536462389805,beyond_reference_tail,298.15,electrical;thermal,8.153536462389805,298.15,electrical;thermal,conditional_liquid_phase_not_verified
UPR-0424,unseen_pair_recombination,12,298.15,298.15,353.15,0.3100537902303451,0.3100537902303451,0.039278614466293445,1.0,0.1266832262786163,0.1266832262786163,100.0,12.668322627861631,100.0,789.3704868241082,0.3100537902303451,298.15,1.2402151609213805,298.15,6.277564254537606,298.15,6.252667520635764,298.15,3.9395255580055144,elevated_reference_tail,298.15,electrical;thermal,3.9395255580055144,298.15,electrical;thermal,conditional_liquid_phase_not_verified
UPR-0425,unseen_pair_recombination,12,298.15,298.15,353.15,3.403492807402209,3.403492807402209,0.02714396633330782,1.0,0.00797532648644733,0.00797532648644733,100.00000000000001,0.7975326486447332,100.00000000000001,12538.67163556658,3.403492807402209,298.15,13.613971229608836,298.15,68.75267027871838,298.15,68.36385230140544,298.15,43.2445831134261,beyond_reference_tail,298.15,electrical;thermal,43.2445831134261,298.15,electrical;thermal,conditional_liquid_phase_not_verified
UPR-0426,unseen_pair_recombination,12,298.15,298.15,353.15,2.075874890538456,2.075874890538456,0.053871975510192946,1.0,0.025951455820258623,0.025951455820258623,100.0,2.595145582025862,100.0,3853.3483706118895,2.075874890538456,298.15,8.303499562153824,298.15,42.00864721842987,298.15,41.90442730983445,298.15,26.37594651051541,beyond_reference_tail,298.15,electrical;thermal,26.37594651051541,298.15,electrical;thermal,conditional_liquid_phase_not_verified
UPR-0427,unseen_pair_recombination,12,298.15,298.15,353.15,0.14691545442763534,0.14691545442763534,0.016464276209235813,1.0,0.11206633279921857,0.11206633279921857,100.0,11.206633279921858,100.0,892.3286548437613,0.14691545442763534,298.15,0.5876618177105414,298.15,2.970854240598363,298.15,2.9680289691241497,298.15,1.8666992819332375,elevated_reference_tail,298.15,electrical;thermal,1.8666992819332375,298.15,electrical;thermal,conditional_liquid_phase_not_verified
UPR-0428,unseen_pair_recombination,12,298.15,298.15,353.15,1.027593818714131,1.027593818714131,0.027695919654638294,1.0,0.026952205385290563,0.026952205385290563,100.0,2.6952205385290564,100.0,3710.2715184329963,1.027593818714131,298.15,4.110375274856524,298.15,20.79091730038871,298.15,20.749731858973902,298.15,13.0565477334281,beyond_reference_tail,298.15,electrical;thermal,13.0565477334281,298.15,electrical;thermal,conditional_liquid_phase_not_verified
UPR-0429,unseen_pair_recombination,12,298.15,298.15,353.15,0.07392848589562503,0.07392848589562503,0.007116034704866293,1.0,0.09625565326622507,0.09625565326622507,100.0,9.625565326622507,100.0,1038.9000189258368,0.07392848589562503,298.15,0.29571394358250014,298.15,1.493139542904347,298.15,1.4899167404721079,298.15,0.9393310735988575,within_reference_envelope,298.15,none,0.9393310735988575,298.15,none,conditional_liquid_phase_not_verified
UPR-0430,unseen_pair_recombination,12,298.15,298.15,353.15,0.05374500681934855,0.05374500681934855,0.010188165593300732,1.0,0.1895648767437299,0.1895648767437299,100.0,18.956487674372994,100.0,527.5238837371155,0.05374500681934855,298.15,0.2149800272773942,298.15,1.0874136329070039,298.15,1.083375493766279,298.15,0.7923485040924905,within_reference_envelope,338.15,none,0.7923485040924905,338.15,none,conditional_liquid_phase_not_verified
UPR-0431,unseen_pair_recombination,12,298.15,298.15,353.15,2.239250600796303,2.239250600796303,0.030293029876086723,1.0,0.013528199954625076,0.013528199954625076,100.0,1.3528199954625075,100.0,7391.9664356980165,2.239250600796303,298.15,8.957002403185212,298.15,45.27172143137205,298.15,45.050559797050305,298.15,28.45178885271007,beyond_reference_tail,298.15,electrical;thermal,28.45178885271007,298.15,electrical;thermal,conditional_liquid_phase_not_verified
UPR-0432,unseen_pair_recombination,12,298.15,298.15,353.15,0.06838308709163063,0.06838308709163063,0.008144588789729786,1.0,0.11910238534297757,0.11910238534297757,100.0,11.910238534297758,100.0,839.6137467107088,0.06838308709163063,298.15,0.2735323483665225,298.15,1.380940672968332,298.15,1.37942112976519,298.15,0.8688715565536403,within_reference_envelope,298.15,none,0.8688715565536403,298.15,none,conditional_liquid_phase_not_verified
UPR-0433,unseen_pair_recombination,12,298.15,298.15,353.15,0.1437357667375971,0.1437357667375971,0.011467294469659665,1.0,0.07978038264195068,0.07978038264195068,100.0,7.978038264195069,100.0,1253.4409674216993,0.1437357667375971,298.15,0.5749430669503884,298.15,2.904870227328591,298.15,2.9001476215347664,298.15,1.826298353719862,elevated_reference_tail,298.15,electrical;thermal,1.826298353719862,298.15,electrical;thermal,conditional_liquid_phase_not_verified
UPR-0434,unseen_pair_recombination,12,298.15,298.15,353.15,0.038153192750281735,0.038153192750281735,0.008968024915361578,1.0,0.23505306552084965,0.23505306552084965,100.0,23.505306552084964,100.0,425.43584691572477,0.038153192750281735,298.15,0.15261277100112694,298.15,0.7728530626284806,298.15,0.762347091916554,298.15,0.6756533988655495,within_reference_envelope,343.15,none,0.6756533988655495,343.15,none,conditional_liquid_phase_not_verified
UPR-0435,unseen_pair_recombination,12,298.15,298.15,353.15,0.19076732487861525,0.19076732487861525,0.024802373735634077,1.0,0.13001374187857256,0.13001374187857256,100.00000000000001,13.001374187857255,100.00000000000001,769.149464934221,0.19076732487861525,298.15,0.763069299514461,298.15,3.877787661933187,298.15,3.875804016625674,298.15,2.4309038695008596,elevated_reference_tail,298.15,electrical;thermal,2.4309038695008596,298.15,electrical;thermal,conditional_liquid_phase_not_verified
UPR-0436,unseen_pair_recombination,12,298.15,298.15,353.15,0.48314708229586284,0.48314708229586284,0.042102199470937476,1.0,0.08714157864903657,0.08714157864903657,100.0,8.714157864903658,100.0,1147.5578197033913,0.48314708229586284,298.15,1.9325883291834514,298.15,9.814444501422377,298.15,9.812096605527703,298.15,6.154145953710951,beyond_reference_tail,298.15,electrical;thermal,6.154145953710951,298.15,electrical;thermal,conditional_liquid_phase_not_verified
UPR-0437,unseen_pair_recombination,12,298.15,298.15,353.15,0.30533427924409556,0.30533427924409556,0.03171065407178117,1.0,0.10385553220649194,0.10385553220649194,100.0,10.385553220649195,100.0,962.8760054993879,0.30533427924409556,298.15,1.2213371169763823,298.15,6.18453767343612,298.15,6.172052063202439,298.15,3.8795597238907145,elevated_reference_tail,298.15,electrical;thermal,3.8795597238907145,298.15,electrical;thermal,conditional_liquid_phase_not_verified
UPR-0438,unseen_pair_recombination,12,298.15,298.15,353.15,0.2348447639684436,0.2348447639684436,0.03635796958404716,1.0,0.15481703304627492,0.15481703304627492,100.0,15.48170330462749,100.0,645.923759371554,0.2348447639684436,298.15,0.9393790558737743,298.15,4.757596468291909,298.15,4.690025375284631,298.15,3.2787490678323725,elevated_reference_tail,323.15,electrical;thermal,3.2787490678323725,323.15,electrical;thermal,conditional_liquid_phase_not_verified
UPR-0439,unseen_pair_recombination,12,298.15,298.15,353.15,0.08771075689155713,0.08771075689155713,0.017135659730237097,1.0,0.19536554394831065,0.19536554394831065,100.0,19.536554394831068,100.0,511.8609862261984,0.08771075689155713,298.15,0.35084302756622854,298.15,1.7764950193967743,298.15,1.7536153429020815,298.15,1.357657878680801,elevated_reference_tail,338.15,electrical;thermal,1.357657878680801,338.15,electrical;thermal,conditional_liquid_phase_not_verified
UPR-0440,unseen_pair_recombination,12,298.15,298.15,353.15,1.5180863949369332,1.5180863949369332,0.0887676986984684,1.0,0.05847341692444068,0.05847341692444068,99.99999999999999,5.847341692444067,99.99999999999999,1710.1788344132506,1.5180863949369332,298.15,6.072345579747733,298.15,30.826713068774655,298.15,30.795608221428896,298.15,19.315002220953136,beyond_reference_tail,298.15,electrical;thermal,19.315002220953136,298.15,electrical;thermal,conditional_liquid_phase_not_verified
UPR-0441,unseen_pair_recombination,12,298.15,298.15,353.15,0.18882815109321588,0.18882815109321588,0.025306116046136574,1.0,0.1340166489987189,0.1340166489987189,100.0,13.401664899871891,100.0,746.1759471463572,0.18882815109321588,298.15,0.7553126043728635,298.15,3.825278142630417,298.15,3.8137751412756558,298.15,2.424124883108643,elevated_reference_tail,303.15,electrical;thermal,2.424124883108643,303.15,electrical;thermal,conditional_liquid_phase_not_verified
UPR-0442,unseen_pair_recombination,12,298.15,298.15,353.15,0.026736021875543567,0.026736021875543567,0.006095088403619644,1.0,0.2279728985857484,0.2279728985857484,100.0,22.79728985857484,100.0,438.6486315713821,0.026736021875543567,298.15,0.10694408750217427,298.15,0.5417031582367146,298.15,0.5393477162996416,298.15,0.4557827375334039,within_reference_envelope,348.15,none,0.4557827375334039,348.15,none,conditional_liquid_phase_not_verified
UPR-0443,unseen_pair_recombination,12,298.15,298.15,353.15,0.5209111830816268,0.5209111830816268,0.09524780354009622,1.0,0.18284845216150963,0.18284845216150963,100.0,18.284845216150966,100.0,546.90099269569,0.5209111830816268,298.15,2.083644732326507,298.15,10.554460757996472,298.15,10.384010536575904,298.15,8.246088816869001,beyond_reference_tail,333.15,electrical;thermal,8.246088816869001,333.15,electrical;thermal,conditional_liquid_phase_not_verified
UPR-0444,unseen_pair_recombination,12,298.15,298.15,353.15,0.5194162408751366,0.5194162408751366,0.05667204402912203,1.0,0.10910718527714562,0.10910718527714562,100.0,10.910718527714563,100.0,916.5299218927493,0.5194162408751366,298.15,2.0776649635005464,298.15,10.52149580933588,298.15,10.404926491653468,298.15,6.706454551865836,beyond_reference_tail,303.15,electrical;thermal,6.706454551865836,303.15,electrical;thermal,conditional_liquid_phase_not_verified
UPR-0445,unseen_pair_recombination,12,298.15,298.15,353.15,0.23897944683209343,0.23897944683209343,0.036031403636726,1.0,0.15077197689741748,0.15077197689741748,100.0,15.07719768974175,100.0,663.253225551577,0.23897944683209343,298.15,0.9559177873283737,298.15,4.84306434988895,298.15,4.812417221681647,298.15,3.239615732692385,elevated_reference_tail,323.15,electrical;thermal,3.239615732692385,323.15,electrical;thermal,conditional_liquid_phase_not_verified
UPR-0446,unseen_pair_recombination,12,298.15,298.15,353.15,0.2560589979685872,0.2560589979685872,0.02514126663927842,1.0,0.098185444912046,0.098185444912046,100.0,9.818544491204602,100.0,1018.4808969351767,0.2560589979685872,298.15,1.0242359918743489,298.15,5.201578223290197,298.15,5.196683260893885,298.15,3.2593591918704474,elevated_reference_tail,298.15,electrical;thermal,3.2593591918704474,298.15,electrical;thermal,conditional_liquid_phase_not_verified
UPR-0447,unseen_pair_recombination,12,298.15,298.15,353.15,0.7298719324158274,0.7298719324158274,0.09880016206386447,1.0,0.1353664357757155,0.1353664357757155,99.99999999999999,13.536643577571551,99.99999999999999,738.7355619356553,0.7298719324158274,298.15,2.9194877296633095,298.15,14.784980693041197,298.15,14.681879751127418,298.15,9.760005013009373,beyond_reference_tail,313.15,electrical;thermal,9.760005013009373,313.15,electrical;thermal,conditional_liquid_phase_not_verified
UPR-0448,unseen_pair_recombination,12,298.15,298.15,353.15,0.5861986490167912,0.5861986490167912,0.05300556682400369,1.0,0.09042253323665607,0.09042253323665607,100.0,9.042253323665607,100.0,1105.9190272658868,0.5861986490167912,298.15,2.344794596067165,298.15,11.87504270048044,298.15,11.852995038506622,298.15,7.448206190784815,beyond_reference_tail,298.15,electrical;thermal,7.448206190784815,298.15,electrical;thermal,conditional_liquid_phase_not_verified
UPR-0449,unseen_pair_recombination,12,298.15,298.15,353.15,0.15456256682767683,0.15456256682767683,0.026277805470465262,1.0,0.17001403386217454,0.17001403386217454,100.0,17.001403386217454,100.0,588.1867380493254,0.15456256682767683,298.15,0.6182502673107073,298.15,3.1349275068043148,298.15,3.129893644916198,298.15,2.2021847512537445,elevated_reference_tail,333.15,electrical;thermal,2.2021847512537445,333.15,electrical;thermal,conditional_liquid_phase_not_verified
UPR-0450,unseen_pair_recombination,12,298.15,298.15,353.15,0.03862658995629499,0.03862658995629499,0.007422314010318816,1.0,0.19215555964730455,0.19215555964730455,100.0,19.215555964730456,100.0,520.4116923993604,0.03862658995629499,298.15,0.15450635982517996,298.15,0.7825233176316616,298.15,0.7805765304028186,298.15,0.5670842083121981,within_reference_envelope,338.15,none,0.5670842083121981,338.15,none,conditional_liquid_phase_not_verified
UPR-0451,unseen_pair_recombination,12,298.15,298.15,353.15,0.38627683281883357,0.38627683281883357,0.041003914531755906,1.0,0.10615162766177856,0.10615162766177856,100.0,10.615162766177855,100.0,942.0486732301558,0.38627683281883357,298.15,1.5451073312753343,298.15,7.832347897008792,298.15,7.814991391808875,298.15,4.908011136469842,elevated_reference_tail,298.15,electrical;thermal,4.908011136469842,298.15,electrical;thermal,conditional_liquid_phase_not_verified
UPR-0452,unseen_pair_recombination,12,298.15,298.15,353.15,0.35567897322524383,0.35567897322524383,0.03721213560906223,1.0,0.1046228155452321,0.1046228155452321,100.0,10.46228155452321,100.0,955.81446053482,0.35567897322524383,298.15,1.4227158929009753,298.15,7.203897234410329,298.15,7.161527760887421,298.15,4.519236499012068,elevated_reference_tail,298.15,electrical;thermal,4.519236499012068,298.15,electrical;thermal,conditional_liquid_phase_not_verified
UPR-0453,unseen_pair_recombination,12,298.15,298.15,353.15,0.7471789120741741,0.7471789120741741,0.030390126895305486,1.0,0.040673159271776387,0.040673159271776387,100.0,4.0673159271776385,100.0,2458.6238637575234,0.7471789120741741,298.15,2.9887156482966963,298.15,15.13164349002143,298.15,15.104550433881057,298.15,9.493612119149251,beyond_reference_tail,298.15,electrical;thermal,9.493612119149251,298.15,electrical;thermal,conditional_liquid_phase_not_verified
UPR-0454,unseen_pair_recombination,12,298.15,298.15,353.15,1.5975317466753007,1.5975317466753007,0.11256148383069106,1.0,0.07045962251764205,0.07045962251764205,99.99999999999999,7.045962251764206,99.99999999999999,1419.252565183151,1.5975317466753007,298.15,6.390126986701203,298.15,32.420693361556864,298.15,32.38909978305906,298.15,20.3144399599532,beyond_reference_tail,298.15,electrical;thermal,20.3144399599532,298.15,electrical;thermal,conditional_liquid_phase_not_verified
UPR-0455,unseen_pair_recombination,12,298.15,298.15,353.15,0.2469192802940936,0.2469192802940936,0.026984658091638084,1.0,0.10928534239812283,0.10928534239812283,100.0,10.928534239812285,100.0,915.0357935074528,0.2469192802940936,298.15,0.9876771211763744,298.15,5.005425827655423,298.15,4.972229456817072,298.15,3.1373421197665015,elevated_reference_tail,298.15,electrical;thermal,3.1373421197665015,298.15,electrical;thermal,conditional_liquid_phase_not_verified
UPR-0456,unseen_pair_recombination,12,298.15,298.15,353.15,0.18485285239376603,0.18485285239376603,0.01944665209973499,1.0,0.10520071423247784,0.10520071423247784,99.99999999999999,10.520071423247785,99.99999999999999,950.5638885589212,0.18485285239376603,298.15,0.7394114095750641,298.15,3.744641570908415,298.15,3.706878406598736,298.15,2.3487296702112355,elevated_reference_tail,298.15,electrical;thermal,2.3487296702112355,298.15,electrical;thermal,conditional_liquid_phase_not_verified
UPR-0457,unseen_pair_recombination,12,298.15,298.15,353.15,0.13454906853617726,0.13454906853617726,0.019058111781991727,1.0,0.14164432343779046,0.14164432343779046,100.0,14.164432343779046,100.0,705.9937000858318,0.13454906853617726,298.15,0.538196274144709,298.15,2.7271786729607466,298.15,2.7116913752849774,298.15,1.7467950862265007,elevated_reference_tail,308.15,electrical;thermal,1.7467950862265007,308.15,electrical;thermal,conditional_liquid_phase_not_verified
UPR-0458,unseen_pair_recombination,12,298.15,298.15,353.15,0.033633952754497466,0.033633952754497466,0.00732385050160549,1.0,0.21775170331789678,0.21775170331789678,100.0,21.77517033178968,100.0,459.23865795901264,0.033633952754497466,298.15,0.13453581101798986,298.15,0.6809789586417919,298.15,0.6791381669668515,298.15,0.5413894376100636,within_reference_envelope,348.15,none,0.5413894376100636,348.15,none,conditional_liquid_phase_not_verified
UPR-0459,unseen_pair_recombination,12,298.15,298.15,353.15,0.1629553030877896,0.1629553030877896,0.019391043318781085,1.0,0.11899608635832162,0.11899608635832162,100.0,11.89960863583216,100.0,840.3637721233915,0.1629553030877896,298.15,0.6518212123511584,298.15,3.2999086264260975,298.15,3.2920679654205975,298.15,2.070500672963721,elevated_reference_tail,298.15,electrical;thermal,2.070500672963721,298.15,electrical;thermal,conditional_liquid_phase_not_verified
UPR-0460,unseen_pair_recombination,12,298.15,298.15,353.15,0.11217792847269789,0.11217792847269789,0.0139547528143289,1.0,0.12439838214453423,0.12439838214453423,100.0,12.439838214453424,100.0,803.8689754326018,0.11217792847269789,298.15,0.44871171389079156,298.15,2.275729240841054,298.15,2.267530687847917,298.15,1.4253262826878874,elevated_reference_tail,298.15,electrical;thermal,1.4253262826878874,298.15,electrical;thermal,conditional_liquid_phase_not_verified
UPR-0461,unseen_pair_recombination,12,298.15,298.15,353.15,0.18562253995319,0.18562253995319,0.018499040051444243,1.0,0.09965944898776463,0.09965944898776463,100.0,9.965944898776463,100.0,1003.4171472519096,0.18562253995319,298.15,0.74249015981276,298.15,3.751954748934816,298.15,3.7355838883988315,298.15,2.358509275904096,elevated_reference_tail,298.15,electrical;thermal,2.358509275904096,298.15,electrical;thermal,conditional_liquid_phase_not_verified
UPR-0462,unseen_pair_recombination,12,298.15,298.15,353.15,0.060588389944847484,0.060588389944847484,0.006160771859093353,1.0,0.10168238279151157,0.10168238279151157,100.0,10.168238279151156,100.0,983.4545302212173,0.060588389944847484,298.15,0.24235355977938994,298.15,1.2236293678269174,298.15,1.216252001557968,298.15,0.7698325846260541,within_reference_envelope,298.15,none,0.7698325846260541,298.15,none,conditional_liquid_phase_not_verified
UPR-0463,unseen_pair_recombination,12,298.15,298.15,353.15,0.15300438695238772,0.15300438695238772,0.009058156101275545,1.0,0.059201937158143605,0.059201937158143605,100.0,5.920193715814361,100.0,1689.1339168999534,0.15300438695238772,298.15,0.6120175478095509,298.15,3.091026357910764,298.15,3.0826008228042494,298.15,1.944064907054002,elevated_reference_tail,298.15,electrical;thermal,1.944064907054002,298.15,electrical;thermal,conditional_liquid_phase_not_verified
UPR-0464,unseen_pair_recombination,12,298.15,298.15,353.15,3.5303995990685286,3.5303995990685286,0.21469575575201058,1.0,0.06081344327385958,0.06081344327385958,100.0,6.081344327385959,100.0,1644.373260525187,3.5303995990685286,298.15,14.121598396274115,298.15,71.50307886463115,298.15,71.41078912781818,298.15,44.857053481495214,beyond_reference_tail,298.15,electrical;thermal,44.857053481495214,298.15,electrical;thermal,conditional_liquid_phase_not_verified
UPR-0465,unseen_pair_recombination,12,298.15,298.15,353.15,0.45295623913740524,0.45295623913740524,0.016761292771866724,1.0,0.03700422099005937,0.03700422099005937,100.0,3.7004220990059373,100.0,2702.394411352788,0.45295623913740524,298.15,1.811824956549621,298.15,9.165794097604381,298.15,8.590171354389014,298.15,5.755235823481387,elevated_reference_tail,298.15,electrical;thermal,5.755235823481387,298.15,electrical;thermal,conditional_liquid_phase_not_verified
UPR-0466,unseen_pair_recombination,12,298.15,298.15,353.15,1.1198403895895714,1.1198403895895714,0.020201022692956594,1.0,0.01803919815783783,0.01803919815783783,100.0,1.8039198157837828,100.0,5543.4836473898995,1.1198403895895714,298.15,4.479361558358286,298.15,22.65098367123478,298.15,22.593660370371307,298.15,14.228627337203246,beyond_reference_tail,298.15,electrical;thermal,14.228627337203246,298.15,electrical;thermal,conditional_liquid_phase_not_verified
UPR-0467,unseen_pair_recombination,12,298.15,298.15,353.15,1.2071691429140725,1.2071691429140725,0.11398518643076042,1.0,0.09442354213561438,0.09442354213561438,100.0,9.442354213561437,100.0,1059.0579185895879,1.2071691429140725,298.15,4.82867657165629,298.15,24.454557406730657,298.15,24.094127039557133,298.15,15.338221435101683,beyond_reference_tail,298.15,electrical;thermal,15.338221435101683,298.15,electrical;thermal,conditional_liquid_phase_not_verified
UPR-0468,unseen_pair_recombination,12,298.15,298.15,353.15,0.2016460649017758,0.2016460649017758,0.005064220015114284,1.0,0.02511440041034833,0.02511440041034833,100.0,2.511440041034833,100.0,3981.7793125092976,0.2016460649017758,298.15,0.8065842596071032,298.15,4.073209959920331,298.15,4.070132664425155,298.15,2.562103258797825,elevated_reference_tail,298.15,electrical;thermal,2.562103258797825,298.15,electrical;thermal,conditional_liquid_phase_not_verified
UPR-0469,unseen_pair_recombination,12,298.15,298.15,353.15,0.7890841395342165,0.7890841395342165,0.0631604515328739,1.0,0.08004273355456934,0.08004273355456934,100.0,8.004273355456935,100.0,1249.3326446906608,0.7890841395342165,298.15,3.156336558136866,298.15,15.97402083860621,298.15,15.950626378167287,298.15,10.026057519898021,beyond_reference_tail,298.15,electrical;thermal,10.026057519898021,298.15,electrical;thermal,conditional_liquid_phase_not_verified
UPR-0470,unseen_pair_recombination,12,298.15,298.15,353.15,1.0402923672526043,1.0402923672526043,0.06688126038279132,1.0,0.06429083062430196,0.06429083062430196,100.0,6.4290830624301964,100.0,1555.4317626470352,1.0402923672526043,298.15,4.161169469010417,298.15,21.06053336816695,298.15,21.023531760611732,298.15,13.217894758019298,beyond_reference_tail,298.15,electrical;thermal,13.217894758019298,298.15,electrical;thermal,conditional_liquid_phase_not_verified
UPR-0471,unseen_pair_recombination,12,298.15,298.15,353.15,22.569831609123035,22.569831609123035,1.36865092373647,1.0,0.06064072375193275,0.06064072375193275,100.0,6.064072375193276,100.0,1649.0568352890539,22.569831609123035,298.15,90.27932643649214,298.15,457.3700221588297,298.15,451.84076907054697,298.15,286.7709773777145,beyond_reference_tail,298.15,electrical;thermal,286.7709773777145,298.15,electrical;thermal,conditional_liquid_phase_not_verified
UPR-0472,unseen_pair_recombination,12,298.15,298.15,353.15,0.011717782275694347,0.011717782275694347,0.0028830043539558596,1.0,0.24603668903594,0.24603668903594,99.99999999999999,24.603668903594002,99.99999999999999,406.44344708033526,0.011717782275694347,298.15,0.04687112910277739,298.15,0.23672078298911478,298.15,0.23403249102471813,298.15,0.21339605634844208,within_reference_envelope,348.15,none,0.21339605634844208,348.15,none,conditional_liquid_phase_not_verified
UPR-0473,unseen_pair_recombination,12,298.15,298.15,353.15,6.5063072592537,6.5063072592537,0.005658416800961132,1.0,0.0008696817680894732,0.0008696817680894732,100.0,0.08696817680894732,100.0,114984.58823585683,6.5063072592537,298.15,26.0252290370148,298.15,131.4376595067553,298.15,130.54059947573148,298.15,82.66876440060422,beyond_reference_tail,298.15,electrical;thermal,82.66876440060422,298.15,electrical;thermal,conditional_liquid_phase_not_verified
UPR-0474,unseen_pair_recombination,12,298.15,298.15,353.15,2.4016908569197737,2.4016908569197737,0.09066947114929927,1.0,0.03775234888706078,0.03775234888706078,100.0,3.7752348887060783,100.0,2648.8418058213574,2.4016908569197737,298.15,9.606763427679095,298.15,48.6315837301055,298.15,48.617096949226415,298.15,30.5157453686809,beyond_reference_tail,298.15,electrical;thermal,30.5157453686809,298.15,electrical;thermal,conditional_liquid_phase_not_verified
UPR-0475,unseen_pair_recombination,12,298.15,298.15,353.15,0.03664870007137634,0.03664870007137634,0.009479099749671819,1.0,0.25864763910344696,0.25864763910344696,100.0,25.864763910344696,100.0,386.6263784453284,0.03664870007137634,298.15,0.14659480028550537,298.15,0.740384702764309,298.15,0.7392919935879195,298.15,0.7135637990654917,within_reference_envelope,343.15,none,0.7135637990654917,343.15,none,conditional_liquid_phase_not_verified
UPR-0476,unseen_pair_recombination,12,298.15,298.15,353.15,0.6888239627755762,0.6888239627755762,0.009553312514513138,1.0,0.013869018836131395,0.013869018836131395,100.0,1.3869018836131395,100.0,7210.315393002512,0.6888239627755762,298.15,2.755295851102305,298.15,13.917357344903023,298.15,13.903363521617269,298.15,8.752157502428869,beyond_reference_tail,298.15,electrical;thermal,8.752157502428869,298.15,electrical;thermal,conditional_liquid_phase_not_verified
UPR-0477,unseen_pair_recombination,12,298.15,298.15,353.15,0.0783989566255191,0.0783989566255191,0.007818355885747688,1.0,0.09972525429251426,0.09972525429251426,100.0,9.972525429251425,100.0,1002.7550263916086,0.0783989566255191,298.15,0.3135958265020764,298.15,1.5838487401839474,298.15,1.5812527140017776,298.15,0.9961326165945076,within_reference_envelope,298.15,none,0.9961326165945076,298.15,none,conditional_liquid_phase_not_verified
UPR-0478,unseen_pair_recombination,12,298.15,298.15,353.15,0.041681908056265995,0.041681908056265995,0.010716848749184764,1.0,0.25711032073479445,0.25711032073479445,100.0,25.711032073479448,100.0,388.938101411917,0.041681908056265995,298.15,0.16672763222506398,298.15,0.8419234730661102,298.15,0.8349765446994811,298.15,0.8028185034889426,within_reference_envelope,348.15,none,0.8028185034889426,348.15,none,conditional_liquid_phase_not_verified
UPR-0479,unseen_pair_recombination,12,298.15,298.15,353.15,3.899510170581124,3.899510170581124,0.06141016636845645,1.0,0.015748174432714663,0.015748174432714663,100.0,1.5748174432714663,100.0,6349.942364891755,3.899510170581124,298.15,15.598040682324497,298.15,78.95575344422197,298.15,78.62535309662701,298.15,49.5469510928858,beyond_reference_tail,298.15,electrical;thermal,49.5469510928858,298.15,electrical;thermal,conditional_liquid_phase_not_verified
UPR-0480,unseen_pair_recombination,12,298.15,298.15,353.15,0.25087203057542967,0.25087203057542967,0.010778463318137118,1.0,0.04296398962217655,0.04296398962217655,100.0,4.296398962217654,100.0,2327.530587345255,0.25087203057542967,298.15,1.0034881223017187,298.15,5.0697729127671645,298.15,5.062072009604511,298.15,3.187565536632872,elevated_reference_tail,298.15,electrical;thermal,3.187565536632872,298.15,electrical;thermal,conditional_liquid_phase_not_verified
UPR-0481,unseen_pair_recombination,12,298.15,298.15,353.15,0.7287229263373779,0.7287229263373779,0.07705103664159721,1.0,0.10573433860364753,0.10573433860364753,100.0,10.573433860364753,100.0,945.7665439688133,0.7287229263373779,298.15,2.9148917053495116,298.15,14.75948725320388,298.15,14.555307717588247,298.15,9.431484222183384,beyond_reference_tail,303.15,electrical;thermal,9.431484222183384,303.15,electrical;thermal,conditional_liquid_phase_not_verified
UPR-0482,unseen_pair_recombination,12,298.15,298.15,353.15,3.0743364436264238,3.0743364436264238,0.08809378609308867,1.0,0.028654569110586694,0.028654569110586694,100.0,2.8654569110586694,100.0,3489.8448346603855,3.0743364436264238,298.15,12.297345774505695,298.15,62.268734245284286,298.15,62.160223387718325,298.15,39.06234135882118,beyond_reference_tail,298.15,electrical;thermal,39.06234135882118,298.15,electrical;thermal,conditional_liquid_phase_not_verified
UPR-0483,unseen_pair_recombination,12,298.15,298.15,353.15,0.686902861120143,0.686902861120143,0.06835841480763472,1.0,0.0995168584625803,0.0995168584625803,99.99999999999999,9.95168584625803,99.99999999999999,1004.8548712739096,0.686902861120143,298.15,2.747611444480572,298.15,13.916199290372614,298.15,13.555078868310861,298.15,8.727748095707915,beyond_reference_tail,298.15,electrical;thermal,8.727748095707915,298.15,electrical;thermal,conditional_liquid_phase_not_verified
UPR-0484,unseen_pair_recombination,12,298.15,298.15,353.15,0.3158514926894865,0.3158514926894865,0.012954442829460356,1.0,0.041014347341381305,0.041014347341381305,100.0,4.10143473413813,100.0,2438.1711884295987,0.3158514926894865,298.15,1.263405970757946,298.15,6.377733250614639,298.15,6.364677666260866,298.15,4.013190830726517,elevated_reference_tail,298.15,electrical;thermal,4.013190830726517,298.15,electrical;thermal,conditional_liquid_phase_not_verified
UPR-0485,unseen_pair_recombination,12,298.15,298.15,353.15,1.3448150506709593,1.3448150506709593,0.06002948480662995,1.0,0.044637725296634546,0.044637725296634546,100.0,4.463772529663455,100.0,2240.257525119441,1.3448150506709593,298.15,5.379260202683837,298.15,27.22967982100941,298.15,27.12699339861081,298.15,17.087142392204868,beyond_reference_tail,298.15,electrical;thermal,17.087142392204868,298.15,electrical;thermal,conditional_liquid_phase_not_verified
UPR-0486,unseen_pair_recombination,12,298.15,298.15,353.15,15.505578380981463,15.505578380981463,0.02227504890071719,1.0,0.0014365829092863054,0.0014365829092863054,100.0,0.14365829092863053,100.0,69609.62667283854,15.505578380981463,298.15,62.02231352392585,298.15,313.19315928442774,298.15,311.2259750481758,298.15,197.0129837089018,beyond_reference_tail,298.15,electrical;thermal,197.0129837089018,298.15,electrical;thermal,conditional_liquid_phase_not_verified
UPR-0487,unseen_pair_recombination,12,298.15,298.15,353.15,4.20209881122261,4.20209881122261,0.06386594301169515,1.0,0.015198581918427856,0.015198581918427856,100.0,1.5198581918427856,100.0,6579.561207532974,4.20209881122261,298.15,16.80839524489044,298.15,85.0829470198983,298.15,84.79938784189414,298.15,53.39162489120859,beyond_reference_tail,298.15,electrical;thermal,53.39162489120859,298.15,electrical;thermal,conditional_liquid_phase_not_verified
UPR-0488,unseen_pair_recombination,12,298.15,298.15,353.15,2.9977142488620854,2.9977142488620854,0.028732399769280617,1.0,0.009584769388939344,0.009584769388939344,100.0,0.9584769388939346,100.0,10433.21919830416,2.9977142488620854,298.15,11.990856995448341,298.15,60.653282676054125,298.15,60.46936203569973,298.15,38.088784175855174,beyond_reference_tail,298.15,electrical;thermal,38.088784175855174,298.15,electrical;thermal,conditional_liquid_phase_not_verified
UPR-0489,unseen_pair_recombination,12,298.15,298.15,353.15,0.15999593745056673,0.15999593745056673,0.010156977987726178,1.0,0.06348272430894901,0.06348272430894901,100.0,6.348272430894902,100.0,1575.2317041929978,0.15999593745056673,298.15,0.6399837498022669,298.15,3.241200990282991,298.15,3.18952870829432,298.15,2.0328991440333333,elevated_reference_tail,298.15,electrical;thermal,2.0328991440333333,298.15,electrical;thermal,conditional_liquid_phase_not_verified
UPR-0490,unseen_pair_recombination,12,298.15,298.15,353.15,5.448204553668392,5.448204553668392,0.018940022641485577,1.0,0.0034763787693567524,0.0034763787693567524,100.0,0.3476378769356752,100.0,28765.565156901295,5.448204553668392,298.15,21.792818214673567,298.15,110.17772047740232,298.15,109.60169754811979,298.15,69.22457251199256,beyond_reference_tail,298.15,electrical;thermal,69.22457251199256,298.15,electrical;thermal,conditional_liquid_phase_not_verified
UPR-0491,unseen_pair_recombination,12,298.15,298.15,353.15,0.07853489853425957,0.07853489853425957,0.013744833567340133,1.0,0.17501561501787863,0.17501561501787863,100.0,17.50156150178786,100.0,571.3775881642592,0.07853489853425957,298.15,0.3141395941370383,298.15,1.60198568801339,298.15,1.5958297529080814,298.15,1.0684096568644241,elevated_reference_tail,333.15,electrical;thermal,1.0684096568644241,333.15,electrical;thermal,conditional_liquid_phase_not_verified
UPR-0492,unseen_pair_recombination,12,298.15,298.15,353.15,0.03209384435288465,0.03209384435288465,0.004389544348295668,1.0,0.1367721579263261,0.1367721579263261,100.0,13.677215792632609,100.0,731.1429571350783,0.03209384435288465,298.15,0.1283753774115386,298.15,0.6480172242101389,298.15,0.6479739421310914,298.15,0.4077825334401147,within_reference_envelope,298.15,none,0.4077825334401147,298.15,none,conditional_liquid_phase_not_verified
UPR-0493,unseen_pair_recombination,12,298.15,298.15,353.15,0.32121884295598196,0.32121884295598196,0.023794428541827492,1.0,0.07407544440065164,0.07407544440065164,100.00000000000001,7.4075444400651635,100.00000000000001,1349.9750262601235,0.32121884295598196,298.15,1.2848753718239279,298.15,6.495879806286411,298.15,6.470740131502015,298.15,4.081388073333736,elevated_reference_tail,298.15,electrical;thermal,4.081388073333736,298.15,electrical;thermal,conditional_liquid_phase_not_verified
UPR-0494,unseen_pair_recombination,12,298.15,298.15,353.15,0.08123735138993461,0.08123735138993461,0.014779796031397919,1.0,0.18193350445973736,0.18193350445973736,100.00000000000001,18.193350445973735,100.00000000000001,549.651370136337,0.08123735138993461,298.15,0.32494940555973845,298.15,1.6505055966770583,298.15,1.648730166957922,298.15,1.1280454395815271,elevated_reference_tail,338.15,electrical;thermal,1.1280454395815271,338.15,electrical;thermal,conditional_liquid_phase_not_verified
UPR-0495,unseen_pair_recombination,12,298.15,298.15,353.15,0.24296334860644447,0.24296334860644447,0.016437630981552112,1.0,0.06765477622790762,0.06765477622790762,100.0,6.765477622790762,100.0,1478.092243822247,0.24296334860644447,298.15,0.9718533944257779,298.15,4.9131091585570354,298.15,4.90265717862993,298.15,3.0870782801351924,elevated_reference_tail,298.15,electrical;thermal,3.0870782801351924,298.15,electrical;thermal,conditional_liquid_phase_not_verified
UPR-0496,unseen_pair_recombination,12,298.15,298.15,353.15,0.013165750561324439,0.013165750561324439,0.0029027150876056052,1.0,0.22047471384826237,0.22047471384826237,100.0,22.047471384826235,100.0,453.56675264276856,0.013165750561324439,298.15,0.052663002245297755,298.15,0.2665274640330459,298.15,0.26619888527112906,298.15,0.22351624340081486,within_reference_envelope,348.15,none,0.22351624340081486,348.15,none,conditional_liquid_phase_not_verified
UPR-0497,unseen_pair_recombination,12,298.15,298.15,353.15,0.2777975961263331,0.2777975961263331,0.020052101087009007,1.0,0.07218241398276888,0.07218241398276888,100.0,7.218241398276888,100.0,1385.3789930587752,0.2777975961263331,298.15,1.1111903845053324,298.15,5.6180537852412185,298.15,5.606655352327889,298.15,3.529680218000684,elevated_reference_tail,298.15,electrical;thermal,3.529680218000684,298.15,electrical;thermal,conditional_liquid_phase_not_verified
UPR-0498,unseen_pair_recombination,12,298.15,298.15,353.15,0.10269840612772943,0.10269840612772943,0.009543138846246694,1.0,0.09292392361355223,0.09292392361355223,100.00000000000001,9.292392361355223,100.00000000000001,1076.1491348113477,0.10269840612772943,298.15,0.4107936245109177,298.15,2.079339648685549,298.15,2.077135690705709,298.15,1.304880019063942,elevated_reference_tail,298.15,electrical;thermal,1.304880019063942,298.15,electrical;thermal,conditional_liquid_phase_not_verified
UPR-0499,unseen_pair_recombination,12,298.15,298.15,353.15,0.04771390567858414,0.04771390567858414,0.007103319816156916,1.0,0.1488731579428251,0.1488731579428251,100.0,14.88731579428251,100.0,671.7127612648958,0.04771390567858414,298.15,0.19085562271433656,298.15,0.9675742206285299,298.15,0.9662672719890235,298.15,0.6062501308350396,within_reference_envelope,298.15,none,0.6062501308350396,298.15,none,conditional_liquid_phase_not_verified
UPR-0500,unseen_pair_recombination,12,298.15,298.15,353.15,0.023627838381300545,0.023627838381300545,0.00491777337860077,1.0,0.20813471377444226,0.20813471377444226,100.0,20.813471377444227,100.0,480.45805616246713,0.023627838381300545,298.15,0.09451135352520218,298.15,0.4799500410880078,298.15,0.477162130015685,298.15,0.3686864906425274,within_reference_envelope,343.15,none,0.3686864906425274,343.15,none,conditional_liquid_phase_not_verified
UPR-0501,unseen_pair_recombination,12,298.15,298.15,353.15,0.07896345851447818,0.07896345851447818,0.007716966454787447,1.0,0.09772832396104482,0.09772832396104482,100.0,9.772832396104482,100.0,1023.2448071028076,0.07896345851447818,298.15,0.31585383405791273,298.15,1.5985106613179298,298.15,1.5939646247360924,298.15,1.003305145004641,elevated_reference_tail,298.15,electrical,1.003305145004641,298.15,electrical,conditional_liquid_phase_not_verified
UPR-0502,unseen_pair_recombination,12,298.15,298.15,353.15,0.0496118140658786,0.0496118140658786,0.006144659020680611,1.0,0.1238547538802196,0.1238547538802196,100.0,12.38547538802196,100.0,807.397349452653,0.0496118140658786,298.15,0.1984472562635144,298.15,1.005744624172131,298.15,1.0014697920666125,298.15,0.630364845230064,within_reference_envelope,298.15,none,0.630364845230064,298.15,none,conditional_liquid_phase_not_verified
UPR-0503,unseen_pair_recombination,12,298.15,298.15,353.15,1.562270084835373,1.562270084835373,0.028498244892863296,1.0,0.01824156089877785,0.01824156089877785,100.0,1.824156089877785,100.0,5481.9870160727205,1.562270084835373,298.15,6.249080339341492,298.15,31.61885287626811,298.15,31.415355449555562,298.15,19.850113501737937,beyond_reference_tail,298.15,electrical;thermal,19.850113501737937,298.15,electrical;thermal,conditional_liquid_phase_not_verified
UPR-0504,unseen_pair_recombination,12,298.15,298.15,353.15,0.08945844067872531,0.08945844067872531,0.005292454086651281,1.0,0.059161036638881566,0.059161036638881566,100.0,5.916103663888157,100.0,1690.3016864021351,0.08945844067872531,298.15,0.35783376271490125,298.15,1.8093831145029051,298.15,1.8041092690672638,298.15,1.1366537824657326,elevated_reference_tail,298.15,electrical;thermal,1.1366537824657326,298.15,electrical;thermal,conditional_liquid_phase_not_verified
UPR-0505,unseen_pair_recombination,12,298.15,298.15,353.15,0.1324964664049336,0.1324964664049336,0.007814232964450891,1.0,0.058976915962189944,0.058976915962189944,100.0,5.897691596218994,100.0,1695.5786576583614,0.1324964664049336,298.15,0.5299858656197344,298.15,2.676690547207911,298.15,2.6724236242709924,298.15,1.6834924525833748,elevated_reference_tail,298.15,electrical;thermal,1.6834924525833748,298.15,electrical;thermal,conditional_liquid_phase_not_verified
UPR-0506,unseen_pair_recombination,12,298.15,298.15,353.15,0.09646461341090692,0.09646461341090692,0.015487787957492906,1.0,0.16055408724357936,0.16055408724357936,100.0,16.055408724357935,100.0,622.8430662639456,0.09646461341090692,298.15,0.3858584536436277,298.15,1.9632940496696711,298.15,1.9534352123086112,298.15,1.2256738087061,elevated_reference_tail,298.15,electrical;thermal,1.2256738087061,298.15,electrical;thermal,conditional_liquid_phase_not_verified
UPR-0507,unseen_pair_recombination,12,298.15,298.15,353.15,0.04255853483025731,0.04255853483025731,0.005797298480558584,1.0,0.1362194094247096,0.1362194094247096,99.99999999999999,13.621940942470959,99.99999999999999,734.109774974993,0.04255853483025731,298.15,0.17023413932102924,298.15,0.8594324907177707,298.15,0.857198868636588,298.15,0.540746286476641,within_reference_envelope,298.15,none,0.540746286476641,298.15,none,conditional_liquid_phase_not_verified
UPR-0508,unseen_pair_recombination,12,298.15,298.15,353.15,0.25298922421450615,0.25298922421450615,0.018387037946272004,1.0,0.07267913486576758,0.07267913486576758,100.0,7.267913486576758,100.0,1375.910709238516,0.25298922421450615,298.15,1.0119568968580246,298.15,5.1138040865420775,298.15,5.105925977891793,298.15,3.214466476776813,elevated_reference_tail,298.15,electrical;thermal,3.214466476776813,298.15,electrical;thermal,conditional_liquid_phase_not_verified
UPR-0509,unseen_pair_recombination,12,298.15,298.15,353.15,0.07884500625742237,0.07884500625742237,0.007782511455596186,1.0,0.09870645999046453,0.09870645999046453,100.0,9.870645999046452,100.0,1013.1049174457319,0.07884500625742237,298.15,0.3153800250296895,298.15,1.5931521108493523,298.15,1.5908893136715878,298.15,1.0018000974652184,elevated_reference_tail,298.15,electrical,1.0018000974652184,298.15,electrical,conditional_liquid_phase_not_verified
UPR-0510,unseen_pair_recombination,12,298.15,298.15,353.15,0.05180387528262576,0.05180387528262576,0.008126815637154098,1.0,0.15687659644798252,0.15687659644798252,100.0,15.687659644798252,100.0,637.4437122184648,0.05180387528262576,298.15,0.20721550113050305,298.15,1.0505732714661618,298.15,1.047879780135608,298.15,0.65821704849348,within_reference_envelope,298.15,none,0.65821704849348,298.15,none,conditional_liquid_phase_not_verified
UPR-0511,unseen_pair_recombination,12,298.15,298.15,353.15,0.01837800854270085,0.01837800854270085,0.004718744828348128,1.0,0.2567604002024616,0.2567604002024616,100.0,25.67604002024616,100.0,389.4681575552447,0.01837800854270085,298.15,0.0735120341708034,298.15,0.373241377916297,298.15,0.3726958390988719,298.15,0.3493356725715655,within_reference_envelope,348.15,none,0.3493356725715655,348.15,none,conditional_liquid_phase_not_verified
UPR-0512,unseen_pair_recombination,12,298.15,298.15,353.15,0.013132731877560396,0.013132731877560396,0.0029901103245075383,1.0,0.22768380199832394,0.22768380199832394,100.0,22.768380199832396,100.0,439.2055961922848,0.013132731877560396,298.15,0.05253092751024158,298.15,0.2656474684830983,298.15,0.265150671184149,298.15,0.2196399934163934,within_reference_envelope,353.15,none,0.2196399934163934,353.15,none,conditional_liquid_phase_not_verified
UPR-0513,unseen_pair_recombination,12,298.15,298.15,353.15,0.04117924226702593,0.04117924226702593,0.010145464016418785,1.0,0.24637325647302438,0.24637325647302438,100.00000000000001,24.637325647302436,100.00000000000001,405.8882097495395,0.04117924226702593,298.15,0.1647169690681037,298.15,0.8345104696152841,298.15,0.831927886293549,298.15,0.7615016811388778,within_reference_envelope,343.15,none,0.7615016811388778,343.15,none,conditional_liquid_phase_not_verified
UPR-0514,unseen_pair_recombination,12,298.15,298.15,353.15,0.0124520472098481,0.0124520472098481,0.002854224289430302,1.0,0.229217271773026,0.229217271773026,100.0,22.9217271773026,100.0,436.2672988230195,0.0124520472098481,298.15,0.0498081888393924,298.15,0.25172814741676935,298.15,0.25155141625319416,298.15,0.2107872419329103,within_reference_envelope,348.15,none,0.2107872419329103,348.15,none,conditional_liquid_phase_not_verified
UPR-0515,unseen_pair_recombination,12,298.15,298.15,353.15,0.058238661579831374,0.058238661579831374,0.00829038927118746,1.0,0.142351988289142,0.142351988289142,100.0,14.235198828914202,100.0,702.4840411563649,0.058238661579831374,298.15,0.2329546463193255,298.15,1.179201701047454,298.15,1.1763076729748512,298.15,0.739977071679496,within_reference_envelope,298.15,none,0.739977071679496,298.15,none,conditional_liquid_phase_not_verified
UPR-0516,unseen_pair_recombination,12,298.15,298.15,353.15,0.08916396242800068,0.08916396242800068,0.007334894639794287,1.0,0.08226299549795318,0.08226299549795318,99.99999999999999,8.22629954979532,99.99999999999999,1215.6134042370013,0.08916396242800068,298.15,0.3566558497120027,298.15,1.803680679387182,298.15,1.7997416350313906,298.15,1.1329121588134474,elevated_reference_tail,298.15,electrical;thermal,1.1329121588134474,298.15,electrical;thermal,conditional_liquid_phase_not_verified
UPR-0517,unseen_pair_recombination,12,298.15,298.15,353.15,0.06942874928575943,0.06942874928575943,0.00750859267861444,1.0,0.10814817717239986,0.10814817717239986,100.0,10.814817717239986,100.0,924.6572860917408,0.06942874928575943,298.15,0.2777149971430377,298.15,1.406052876374412,298.15,1.4013812426976051,298.15,0.8821576800219267,within_reference_envelope,298.15,none,0.8821576800219267,298.15,none,conditional_liquid_phase_not_verified
UPR-0518,unseen_pair_recombination,12,298.15,298.15,353.15,0.34089065731838725,0.34089065731838725,0.012646791576592948,1.0,0.037099261317628356,0.037099261317628356,100.0,3.709926131762836,100.0,2695.471458146884,0.34089065731838725,298.15,1.363562629273549,298.15,6.888898418068561,298.15,6.880835797398896,298.15,4.331337010888929,elevated_reference_tail,298.15,electrical;thermal,4.331337010888929,298.15,electrical;thermal,conditional_liquid_phase_not_verified
UPR-0519,unseen_pair_recombination,12,298.15,298.15,353.15,0.5992064153048018,0.5992064153048018,0.01593288464405746,1.0,0.02658997673773701,0.02658997673773701,100.0,2.658997673773701,100.0,3760.8156256142215,0.5992064153048018,298.15,2.396825661219207,298.15,12.119665280901783,298.15,12.09381940040864,298.15,7.613482118249239,beyond_reference_tail,298.15,electrical;thermal,7.613482118249239,298.15,electrical;thermal,conditional_liquid_phase_not_verified
UPR-0520,unseen_pair_recombination,12,298.15,298.15,353.15,0.02350083233085698,0.02350083233085698,0.007220654809457132,1.0,0.3072510244658992,0.3072510244658992,100.0,30.72510244658992,100.0,325.46677484259675,0.02350083233085698,298.15,0.09400332932342792,298.15,0.4763297086389977,298.15,0.4760371935007014,298.15,0.5303966752706404,within_reference_envelope,353.15,none,0.5303966752706404,353.15,none,conditional_liquid_phase_not_verified
UPR-0521,unseen_pair_recombination,12,298.15,298.15,353.15,1.5711782822072804,1.5711782822072804,0.053374780414854175,1.0,0.033971180113227036,0.033971180113227036,100.0,3.3971180113227035,100.0,2943.6716554060467,1.5711782822072804,298.15,6.284713128829122,298.15,31.814551461027662,298.15,31.73097418331184,298.15,19.96330054323907,beyond_reference_tail,298.15,electrical;thermal,19.96330054323907,298.15,electrical;thermal,conditional_liquid_phase_not_verified
UPR-0522,unseen_pair_recombination,12,298.15,298.15,353.15,0.24286071678599128,0.24286071678599128,0.03231091415772577,1.0,0.13304298276529478,0.13304298276529478,100.0,13.304298276529478,100.0,751.6367862588671,0.24286071678599128,298.15,0.9714428671439651,298.15,4.9160523089376165,298.15,4.902711780161841,298.15,3.0857742461498647,elevated_reference_tail,298.15,electrical;thermal,3.0857742461498647,298.15,electrical;thermal,conditional_liquid_phase_not_verified
UPR-0523,unseen_pair_recombination,12,298.15,298.15,353.15,1.151681278695052,1.151681278695052,0.056603240331001725,1.0,0.049148354998995704,0.049148354998995704,100.0,4.91483549989957,100.0,2034.6560938213172,1.151681278695052,298.15,4.606725114780208,298.15,23.317229644207195,298.15,23.252699578948373,298.15,14.633195835873977,beyond_reference_tail,298.15,electrical;thermal,14.633195835873977,298.15,electrical;thermal,conditional_liquid_phase_not_verified
UPR-0524,unseen_pair_recombination,12,298.15,298.15,353.15,0.20015699959250632,0.20015699959250632,0.02535757736610304,1.0,0.1266884366658562,0.1266884366658562,100.0,12.66884366658562,100.0,789.3380219360699,0.20015699959250632,298.15,0.8006279983700253,298.15,4.05392814143201,298.15,4.0453477619228915,298.15,2.543183280948019,elevated_reference_tail,298.15,electrical;thermal,2.543183280948019,298.15,electrical;thermal,conditional_liquid_phase_not_verified
UPR-0525,unseen_pair_recombination,12,298.15,298.15,353.15,0.38014580574636897,0.38014580574636897,0.03973116153953723,1.0,0.10451558570146535,0.10451558570146535,100.0,10.451558570146535,100.0,956.7950973899383,0.38014580574636897,298.15,1.5205832229854759,298.15,7.696546347199515,298.15,7.670575780898696,298.15,4.830110660456135,elevated_reference_tail,298.15,electrical;thermal,4.830110660456135,298.15,electrical;thermal,conditional_liquid_phase_not_verified
UPR-0526,unseen_pair_recombination,12,298.15,298.15,353.15,0.6715416788050664,0.6715416788050664,0.053271932376602674,1.0,0.07932781249168948,0.07932781249168948,100.00000000000001,7.932781249168949,100.00000000000001,1260.5919268286414,0.6715416788050664,298.15,2.6861667152202657,298.15,13.59807825479253,298.15,13.548641431122567,298.15,8.53256980007583,beyond_reference_tail,298.15,electrical;thermal,8.53256980007583,298.15,electrical;thermal,conditional_liquid_phase_not_verified
UPR-0527,unseen_pair_recombination,12,298.15,298.15,353.15,0.09777224407197482,0.09777224407197482,0.012537349079409335,1.0,0.12823014546111872,0.12823014546111872,100.00000000000001,12.823014546111873,100.00000000000001,779.8478247092178,0.09777224407197482,298.15,0.3910889762878993,298.15,1.9799411702241627,298.15,1.974120218762977,298.15,1.242288488390814,elevated_reference_tail,298.15,electrical;thermal,1.242288488390814,298.15,electrical;thermal,conditional_liquid_phase_not_verified
UPR-0528,unseen_pair_recombination,12,298.15,298.15,353.15,0.06708405631597435,0.06708405631597435,0.013912114744404564,1.0,0.2073833263581551,0.2073833263581551,100.0,20.73833263581551,100.0,482.19884286790744,0.06708405631597435,298.15,0.2683362252638974,298.15,1.3597867864084543,298.15,1.358323483069289,298.15,1.0238294175549927,elevated_reference_tail,348.15,electrical;thermal,1.0238294175549927,348.15,electrical;thermal,conditional_liquid_phase_not_verified
UPR-0529,unseen_pair_recombination,12,298.15,298.15,353.15,0.7782386818772341,0.7782386818772341,0.056802571369224994,1.0,0.07298862507349063,0.07298862507349063,100.0,7.298862507349064,100.0,1370.0765002671608,0.7782386818772341,298.15,3.1129547275089364,298.15,15.758294446876576,298.15,15.694865991405445,298.15,9.888255761060606,beyond_reference_tail,298.15,electrical;thermal,9.888255761060606,298.15,electrical;thermal,conditional_liquid_phase_not_verified
UPR-0530,unseen_pair_recombination,12,298.15,298.15,353.15,0.07186015697496491,0.07186015697496491,0.00992600291747484,1.0,0.1381294354941769,0.1381294354941769,100.0,13.812943549417689,100.0,723.9586525655185,0.07186015697496491,298.15,0.28744062789985964,298.15,1.458763611904876,298.15,1.4512768164264747,298.15,0.9130510057459567,within_reference_envelope,298.15,none,0.9130510057459567,298.15,none,conditional_liquid_phase_not_verified
UPR-0531,unseen_pair_recombination,12,298.15,298.15,353.15,0.18277397359142375,0.18277397359142375,0.027100313482155646,1.0,0.14827227832085205,0.14827227832085205,99.99999999999999,14.827227832085207,99.99999999999999,674.4349053813429,0.18277397359142375,298.15,0.731095894365695,298.15,3.7044760572039688,298.15,3.685233515321847,298.15,2.3223155561707687,elevated_reference_tail,298.15,electrical;thermal,2.3223155561707687,298.15,electrical;thermal,conditional_liquid_phase_not_verified
UPR-0532,unseen_pair_recombination,12,298.15,298.15,353.15,0.8343110022740835,0.8343110022740835,0.044326735114574765,1.0,0.05312975016960495,0.05312975016960495,100.0,5.312975016960495,100.0,1882.1846457168,0.8343110022740835,298.15,3.337244009096334,298.15,16.893754736436286,298.15,16.873101830704275,298.15,10.600707426740785,beyond_reference_tail,298.15,electrical;thermal,10.600707426740785,298.15,electrical;thermal,conditional_liquid_phase_not_verified
UPR-0533,unseen_pair_recombination,12,298.15,298.15,353.15,2.303400110456811,2.303400110456811,0.059908481572362275,1.0,0.026008716983382103,0.026008716983382103,100.0,2.60087169833821,100.0,3844.8647837528306,2.303400110456811,298.15,9.213600441827245,298.15,46.63124552217753,298.15,46.453544068716205,298.15,29.266868818845442,beyond_reference_tail,298.15,electrical;thermal,29.266868818845442,298.15,electrical;thermal,conditional_liquid_phase_not_verified
UPR-0534,unseen_pair_recombination,12,298.15,298.15,353.15,0.16298759794206155,0.16298759794206155,0.011382401569648043,1.0,0.06983599803522617,0.06983599803522617,100.0,6.983599803522616,100.0,1431.9262674467504,0.16298759794206155,298.15,0.6519503917682462,298.15,3.294134857170098,298.15,3.289367499837626,298.15,2.070911009517588,elevated_reference_tail,298.15,electrical;thermal,2.070911009517588,298.15,electrical;thermal,conditional_liquid_phase_not_verified
UPR-0535,unseen_pair_recombination,12,298.15,298.15,353.15,0.013252995373794905,0.013252995373794905,0.0030212416648154427,1.0,0.2279667033453684,0.2279667033453684,100.0,22.796670334536838,100.0,438.66055231978555,0.013252995373794905,298.15,0.05301198149517962,298.15,0.2683027684818127,298.15,0.2679946154252277,298.15,0.22347260702274357,within_reference_envelope,348.15,none,0.22347260702274357,348.15,none,conditional_liquid_phase_not_verified
UPR-0536,unseen_pair_recombination,12,298.15,298.15,353.15,0.24071407671218695,0.24071407671218695,0.016110530045650873,1.0,0.06692807610463782,0.06692807610463782,100.0,6.692807610463781,100.0,1494.141260592286,0.24071407671218695,298.15,0.9628563068487478,298.15,4.867148092357552,298.15,4.857482972807256,298.15,3.058499161306334,elevated_reference_tail,298.15,electrical;thermal,3.058499161306334,298.15,electrical;thermal,conditional_liquid_phase_not_verified
UPR-0537,unseen_pair_recombination,12,298.15,298.15,353.15,0.31790470205877747,0.31790470205877747,0.009767521200726525,1.0,0.030724683018122225,0.030724683018122225,100.0,3.0724683018122225,100.0,3254.7121785118948,0.31790470205877747,298.15,1.2716188082351099,298.15,6.433065487612845,298.15,6.405979796426004,298.15,4.039278790432634,elevated_reference_tail,298.15,electrical;thermal,4.039278790432634,298.15,electrical;thermal,conditional_liquid_phase_not_verified
UPR-0538,unseen_pair_recombination,12,298.15,298.15,353.15,1.558230970988841,1.558230970988841,0.037544592440983605,1.0,0.02409436928156941,0.02409436928156941,100.0,2.409436928156941,100.0,4150.3472795402595,1.558230970988841,298.15,6.232923883955364,298.15,31.541974597688142,298.15,31.328942139292813,298.15,19.798792754398303,beyond_reference_tail,298.15,electrical;thermal,19.798792754398303,298.15,electrical;thermal,conditional_liquid_phase_not_verified
UPR-0539,unseen_pair_recombination,12,298.15,298.15,353.15,0.31626626998008117,0.31626626998008117,0.026553614122409364,1.0,0.08395967778695383,0.08395967778695383,100.0,8.395967778695384,100.0,1191.0479248592187,0.31626626998008117,298.15,1.2650650799203247,298.15,6.396072459580629,298.15,6.386410633953148,298.15,4.01846096703404,elevated_reference_tail,298.15,electrical;thermal,4.01846096703404,298.15,electrical;thermal,conditional_liquid_phase_not_verified
UPR-0540,unseen_pair_recombination,12,298.15,298.15,353.15,0.27805072823302646,0.27805072823302646,0.01992938505269037,1.0,0.07167535643347826,0.07167535643347826,100.0,7.167535643347827,100.0,1395.179668102659,0.27805072823302646,298.15,1.1122029129321058,298.15,5.6228416880357175,298.15,5.614444395517033,298.15,3.532896499933988,elevated_reference_tail,298.15,electrical;thermal,3.532896499933988,298.15,electrical;thermal,conditional_liquid_phase_not_verified
UPR-0541,unseen_pair_recombination,12,298.15,298.15,353.15,0.08030290418795533,0.08030290418795533,0.007887801986513853,1.0,0.09822561296228871,0.09822561296228871,100.0,9.822561296228871,100.0,1018.064402798815,0.08030290418795533,298.15,0.3212116167518213,298.15,1.6227231140621179,298.15,1.620415920794753,298.15,1.0203240644002172,elevated_reference_tail,298.15,electrical;thermal,1.0203240644002172,298.15,electrical;thermal,conditional_liquid_phase_not_verified
UPR-0542,unseen_pair_recombination,12,298.15,298.15,353.15,0.022509983083181275,0.022509983083181275,0.004753056711279531,1.0,0.21115327780192159,0.21115327780192159,100.0,21.11532778019216,100.0,473.5896171775646,0.022509983083181275,298.15,0.0900399323327251,298.15,0.457253007066953,298.15,0.4545862772037293,298.15,0.3548220393813123,within_reference_envelope,343.15,none,0.3548220393813123,343.15,none,conditional_liquid_phase_not_verified
UPR-0543,unseen_pair_recombination,12,298.15,298.15,353.15,0.05411731956112537,0.05411731956112537,0.007253105972838792,1.0,0.134025595348388,0.134025595348388,100.0,13.402559534838801,100.0,746.12613911588,0.05411731956112537,298.15,0.2164692782445015,298.15,1.0965092778428307,298.15,1.093081103581139,298.15,0.6876115379315867,within_reference_envelope,298.15,none,0.6876115379315867,298.15,none,conditional_liquid_phase_not_verified
UPR-0544,unseen_pair_recombination,12,298.15,298.15,353.15,0.6108722861845395,0.6108722861845395,0.017388458573466197,1.0,0.028464965536533257,0.028464965536533257,100.0,2.8464965536533255,100.0,3513.090499676009,0.6108722861845395,298.15,2.443489144738158,298.15,12.357754585595735,298.15,12.339582023821114,298.15,7.761708000129206,beyond_reference_tail,298.15,electrical;thermal,7.761708000129206,298.15,electrical;thermal,conditional_liquid_phase_not_verified
UPR-0545,unseen_pair_recombination,12,298.15,298.15,353.15,0.08305806891980916,0.08305806891980916,0.00934360476164062,1.0,0.11249484707694898,0.11249484707694898,100.0,11.249484707694899,100.0,888.9296052075858,0.08305806891980916,298.15,0.33223227567923663,298.15,1.682021803293974,298.15,1.6800312562858295,298.15,1.0553310284163315,elevated_reference_tail,298.15,electrical;thermal,1.0553310284163315,298.15,electrical;thermal,conditional_liquid_phase_not_verified
UPR-0546,unseen_pair_recombination,12,298.15,298.15,353.15,0.07188438062325918,0.07188438062325918,0.011280388647652314,1.0,0.15692405707398402,0.15692405707398402,100.0,15.692405707398404,100.0,637.2509216534825,0.07188438062325918,298.15,0.2875375224930367,298.15,1.460992889976693,298.15,1.4597714255950105,298.15,0.9182658618578874,within_reference_envelope,303.15,none,0.9182658618578874,303.15,none,conditional_liquid_phase_not_verified
UPR-0547,unseen_pair_recombination,12,298.15,298.15,353.15,0.015617973480227462,0.015617973480227462,0.0032659674493700774,1.0,0.20911595563309354,0.20911595563309354,100.0,20.911595563309355,100.0,478.20358660462995,0.015617973480227462,298.15,0.06247189392090985,298.15,0.31586649595177213,298.15,0.31562261351692156,298.15,0.2418536875237862,within_reference_envelope,348.15,none,0.2418536875237862,348.15,none,conditional_liquid_phase_not_verified
UPR-0548,unseen_pair_recombination,12,298.15,298.15,353.15,0.9146992275662971,0.9146992275662971,0.02729427229497022,1.0,0.029839614457301968,0.029839614457301968,99.99999999999999,2.9839614457301966,99.99999999999999,3351.249733574533,0.9146992275662971,298.15,3.6587969102651883,298.15,18.497483233308337,298.15,18.47044337960811,298.15,11.622115576165774,beyond_reference_tail,298.15,electrical;thermal,11.622115576165774,298.15,electrical;thermal,conditional_liquid_phase_not_verified
UPR-0549,unseen_pair_recombination,12,298.15,298.15,353.15,0.11123131972949005,0.11123131972949005,0.013143582051223193,1.0,0.1181643990486478,0.1181643990486478,100.0,11.81643990486478,100.0,846.2785814095361,0.11123131972949005,298.15,0.4449252789179602,298.15,2.2595270761626254,298.15,2.2547596774944187,298.15,1.4141850313648248,elevated_reference_tail,298.15,electrical;thermal,1.4141850313648248,298.15,electrical;thermal,conditional_liquid_phase_not_verified
UPR-0550,unseen_pair_recombination,12,298.15,298.15,353.15,0.015333680332936825,0.015333680332936825,0.0040135040700048285,1.0,0.2617443420536035,0.2617443420536035,100.0,26.17443420536035,100.0,382.0521934320196,0.015333680332936825,298.15,0.0613347213317473,298.15,0.3101814324437697,298.15,0.3095625814341326,298.15,0.29481387368464845,within_reference_envelope,353.15,none,0.29481387368464845,353.15,none,conditional_liquid_phase_not_verified
UPR-0551,unseen_pair_recombination,12,298.15,298.15,353.15,0.04550400111093753,0.04550400111093753,0.006961933730315164,1.0,0.15299607859410333,0.15299607859410333,100.0,15.299607859410333,100.0,653.6115233730842,0.04550400111093753,298.15,0.18201600444375013,298.15,0.9228365317674637,298.15,0.9214039471388175,298.15,0.5781712109852643,within_reference_envelope,298.15,none,0.5781712109852643,298.15,none,conditional_liquid_phase_not_verified
UPR-0552,unseen_pair_recombination,12,298.15,298.15,353.15,0.06764313654972433,0.06764313654972433,0.0116803194060122,1.0,0.17267560319923989,0.17267560319923989,100.0,17.267560319923987,100.0,579.1206061959782,0.06764313654972433,298.15,0.2705725461988973,298.15,1.371630276605051,298.15,1.3668432357623816,298.15,0.9222677087485674,within_reference_envelope,333.15,none,0.9222677087485674,333.15,none,conditional_liquid_phase_not_verified
UPR-0553,unseen_pair_recombination,12,298.15,298.15,353.15,0.07917686755152928,0.07917686755152928,0.007959102212304954,1.0,0.10052307521669852,0.10052307521669852,100.0,10.052307521669851,100.0,994.7964662285657,0.07917686755152928,298.15,0.3167074702061171,298.15,1.6033602557153392,298.15,1.5973163649116333,298.15,1.006016707908444,elevated_reference_tail,298.15,electrical;thermal,1.006016707908444,298.15,electrical;thermal,conditional_liquid_phase_not_verified
UPR-0554,unseen_pair_recombination,12,298.15,298.15,353.15,1.560091096937291,1.560091096937291,0.03590683220508386,1.0,0.023015856109668678,0.023015856109668678,100.0,2.301585610966868,100.0,4344.830777682488,1.560091096937291,298.15,6.240364387749164,298.15,31.575017845772148,298.15,31.291749984015684,298.15,19.8224274073067,beyond_reference_tail,298.15,electrical;thermal,19.8224274073067,298.15,electrical;thermal,conditional_liquid_phase_not_verified
UPR-0555,unseen_pair_recombination,12,298.15,298.15,353.15,0.03665992344277633,0.03665992344277633,0.007367328319791242,1.0,0.2009640945183954,0.2009640945183954,100.0,20.096409451839538,100.0,497.6013264441446,0.03665992344277633,298.15,0.14663969377110533,298.15,0.742678389641507,298.15,0.740646692124662,298.15,0.553069006842202,within_reference_envelope,343.15,none,0.553069006842202,343.15,none,conditional_liquid_phase_not_verified
UPR-0556,unseen_pair_recombination,12,298.15,298.15,353.15,0.028276792134713572,0.028276792134713572,0.005110231485601954,1.0,0.1807217544782407,0.1807217544782407,100.0,18.072175447824073,100.0,553.336814866083,0.028276792134713572,298.15,0.11310716853885429,298.15,0.5734176805392731,298.15,0.5715358076402263,298.15,0.3911422338654419,within_reference_envelope,333.15,none,0.3911422338654419,333.15,none,conditional_liquid_phase_not_verified
UPR-0557,unseen_pair_recombination,12,298.15,298.15,353.15,0.0603602065971198,0.0603602065971198,0.010042638012664322,1.0,0.16637845658307482,0.16637845658307482,100.0,16.63784565830748,100.0,601.0393536140826,0.0603602065971198,298.15,0.2414408263884792,298.15,1.2319024771320255,298.15,1.2287930791577557,298.15,0.779859685039867,within_reference_envelope,333.15,none,0.779859685039867,333.15,none,conditional_liquid_phase_not_verified
UPR-0558,unseen_pair_recombination,12,298.15,298.15,353.15,0.032187703484791566,0.032187703484791566,0.006999328153249144,1.0,0.21745348053663632,0.21745348053663632,100.0,21.745348053663633,100.0,459.8684728026329,0.032187703484791566,298.15,0.12875081393916626,298.15,0.6522946696591326,298.15,0.649103004239817,298.15,0.5266303207391564,within_reference_envelope,343.15,none,0.5266303207391564,343.15,none,conditional_liquid_phase_not_verified
UPR-0559,unseen_pair_recombination,12,298.15,298.15,353.15,0.5786088622806126,0.5786088622806126,0.007697888051932201,1.0,0.01330413091425982,0.01330413091425982,100.0,1.330413091425982,100.0,7516.4624164075685,0.5786088622806126,298.15,2.3144354491224504,298.15,11.700413297194556,298.15,11.66795083836558,298.15,7.351770798704062,beyond_reference_tail,298.15,electrical;thermal,7.351770798704062,298.15,electrical;thermal,conditional_liquid_phase_not_verified
UPR-0560,unseen_pair_recombination,12,298.15,298.15,353.15,0.06930580249443148,0.06930580249443148,0.006369431858700583,1.0,0.09190329856165143,0.09190329856165143,100.0,9.190329856165143,100.0,1088.100226706412,0.06930580249443148,298.15,0.2772232099777259,298.15,1.4013768137153677,298.15,1.396801397019848,298.15,0.8805955251895301,within_reference_envelope,298.15,none,0.8805955251895301,298.15,none,conditional_liquid_phase_not_verified
UPR-0561,unseen_pair_recombination,12,298.15,298.15,353.15,0.009378140633293876,0.009378140633293876,0.0024126595970241646,1.0,0.2572641732902622,0.2572641732902622,100.0,25.726417329026216,100.0,388.70550345606614,0.009378140633293876,298.15,0.0375125625331755,298.15,0.18961214800407536,298.15,0.18935743980341108,298.15,0.17722307222682876,within_reference_envelope,353.15,none,0.17722307222682876,353.15,none,conditional_liquid_phase_not_verified
UPR-0562,unseen_pair_recombination,12,298.15,298.15,353.15,0.0398413821886831,0.0398413821886831,0.005610811037861935,1.0,0.14082872454800727,0.14082872454800727,100.0,14.082872454800725,100.0,710.0824091175439,0.0398413821886831,298.15,0.1593655287547324,298.15,0.8060020313777413,298.15,0.8040378968380056,298.15,0.5062223018850275,within_reference_envelope,298.15,none,0.5062223018850275,298.15,none,conditional_liquid_phase_not_verified
UPR-0563,unseen_pair_recombination,12,298.15,298.15,353.15,0.21533542083770477,0.21533542083770477,0.008723991379807025,1.0,0.040513499106968436,0.040513499106968436,100.0,4.051349910696843,100.0,2468.313085867217,0.21533542083770477,298.15,0.8613416833508191,298.15,4.348649457108631,298.15,4.347051127597949,298.15,2.7360394249777684,elevated_reference_tail,298.15,electrical;thermal,2.7360394249777684,298.15,electrical;thermal,conditional_liquid_phase_not_verified
UPR-0564,unseen_pair_recombination,12,298.15,298.15,353.15,0.18194470899232437,0.18194470899232437,0.010792249775901435,1.0,0.0593160957286025,0.0593160957286025,100.00000000000001,5.931609572860249,100.00000000000001,1685.883043576308,0.18194470899232437,298.15,0.7277788359692975,298.15,3.674829165825885,298.15,3.6700020489822283,298.15,2.3117789680514167,elevated_reference_tail,298.15,electrical;thermal,2.3117789680514167,298.15,electrical;thermal,conditional_liquid_phase_not_verified
UPR-0565,unseen_pair_recombination,12,298.15,298.15,353.15,0.5275422245800837,0.5275422245800837,0.015006581898504503,1.0,0.02844621946698112,0.02844621946698112,100.0,2.844621946698112,100.0,3515.405627664328,0.5275422245800837,298.15,2.110168898320335,298.15,10.67753073669881,298.15,10.65120099803103,298.15,6.702921048364994,beyond_reference_tail,298.15,electrical;thermal,6.702921048364994,298.15,electrical;thermal,conditional_liquid_phase_not_verified
UPR-0566,unseen_pair_recombination,12,298.15,298.15,353.15,0.05355331501908233,0.05355331501908233,0.008128824585256982,1.0,0.15178938189653593,0.15178938189653593,100.0,15.178938189653595,100.0,658.8076105887493,0.05355331501908233,298.15,0.21421326007632932,298.15,1.0892561216208645,298.15,1.0882553445106111,298.15,0.6825536370332249,within_reference_envelope,298.15,none,0.6825536370332249,298.15,none,conditional_liquid_phase_not_verified
UPR-0567,unseen_pair_recombination,12,298.15,298.15,353.15,0.17043276458382245,0.17043276458382245,0.01844756761226322,1.0,0.10823956096299966,0.10823956096299966,100.0,10.823956096299966,100.0,923.8766224687823,0.17043276458382245,298.15,0.6817310583352898,298.15,3.4772848660480093,298.15,3.446228587233711,298.15,2.1655088670281737,elevated_reference_tail,298.15,electrical;thermal,2.1655088670281737,298.15,electrical;thermal,conditional_liquid_phase_not_verified
UPR-0568,unseen_pair_recombination,12,298.15,298.15,353.15,0.01075403968373518,0.01075403968373518,0.0028214212824683774,1.0,0.2623592031872081,0.2623592031872081,100.0,26.235920318720815,100.0,381.15682158343935,0.01075403968373518,298.15,0.04301615873494072,298.15,0.21739687661593743,298.15,0.2169479426343538,298.15,0.20724885862139175,within_reference_envelope,353.15,none,0.20724885862139175,353.15,none,conditional_liquid_phase_not_verified
UPR-0569,unseen_pair_recombination,12,298.15,298.15,353.15,0.08166309321207096,0.08166309321207096,0.008039871344546102,1.0,0.09845171212982777,0.09845171212982777,100.0,9.845171212982777,100.0,1015.7263681522421,0.08166309321207096,298.15,0.32665237284828386,298.15,1.6561253281066737,298.15,1.641592811920527,298.15,1.0376065476114082,elevated_reference_tail,298.15,electrical;thermal,1.0376065476114082,298.15,electrical;thermal,conditional_liquid_phase_not_verified
UPR-0570,unseen_pair_recombination,12,298.15,298.15,353.15,0.24449463876954228,0.24449463876954228,0.015022386443296792,1.0,0.0614426006185629,0.0614426006185629,100.0,6.14426006185629,100.0,1627.5352767178967,0.24449463876954228,298.15,0.9779785550781691,298.15,4.944349565893938,298.15,4.935926574581456,298.15,3.106534764539929,elevated_reference_tail,298.15,electrical;thermal,3.106534764539929,298.15,electrical;thermal,conditional_liquid_phase_not_verified
UPR-0571,unseen_pair_recombination,12,298.15,298.15,353.15,0.1378022540115746,0.1378022540115746,0.011461027543001013,1.0,0.08317010215259871,0.08317010215259871,100.0,8.31701021525987,100.0,1202.3551421942727,0.1378022540115746,298.15,0.5512090160462984,298.15,2.788380843817998,298.15,2.782675431108605,298.15,1.7509074835887446,elevated_reference_tail,298.15,electrical;thermal,1.7509074835887446,298.15,electrical;thermal,conditional_liquid_phase_not_verified
UPR-0572,unseen_pair_recombination,12,298.15,298.15,353.15,0.030025899398514362,0.030025899398514362,0.005412728022387504,1.0,0.1802686391021252,0.1802686391021252,100.0,18.026863910212523,100.0,554.7276581111167,0.030025899398514362,298.15,0.12010359759405745,298.15,0.6098448286283007,298.15,0.6060705819534338,298.15,0.40908810169845106,within_reference_envelope,338.15,none,0.40908810169845106,338.15,none,conditional_liquid_phase_not_verified
UPR-0573,unseen_pair_recombination,12,298.15,298.15,353.15,0.056641292581072034,0.056641292581072034,0.00881476485891619,1.0,0.15562435914221778,0.15562435914221778,100.0,15.562435914221776,100.0,642.5729272151714,0.056641292581072034,298.15,0.22656517032428813,298.15,1.14775883840559,298.15,1.1435840471486707,298.15,0.7196809934038426,within_reference_envelope,298.15,none,0.7196809934038426,298.15,none,conditional_liquid_phase_not_verified
UPR-0574,unseen_pair_recombination,12,298.15,298.15,353.15,0.9031198973863006,0.9031198973863006,0.02274190171604464,1.0,0.025181486734885895,0.025181486734885895,100.0,2.5181486734885894,100.0,3971.1714027377952,0.9031198973863006,298.15,3.6124795895452024,298.15,18.27507794734138,298.15,18.233121240456374,298.15,11.474989275420375,beyond_reference_tail,298.15,electrical;thermal,11.474989275420375,298.15,electrical;thermal,conditional_liquid_phase_not_verified
UPR-0575,unseen_pair_recombination,12,298.15,298.15,353.15,0.019064418085930703,0.019064418085930703,0.0038113973056446387,1.0,0.19992203740314535,0.19992203740314535,100.0,19.992203740314537,100.0,500.1949824988464,0.019064418085930703,298.15,0.07625767234372281,298.15,0.38550886116719046,298.15,0.384911465079733,298.15,0.28317928192234076,within_reference_envelope,348.15,none,0.28317928192234076,348.15,none,conditional_liquid_phase_not_verified
UPR-0576,unseen_pair_recombination,12,298.15,298.15,353.15,0.3335488846444206,0.3335488846444206,0.03224418316812654,1.0,0.09667003744443761,0.09667003744443761,100.0,9.667003744443761,100.0,1034.4466873458732,0.3335488846444206,298.15,1.3341955385776825,298.15,6.7474389506649235,298.15,6.733441634302035,298.15,4.238052871163785,elevated_reference_tail,298.15,electrical;thermal,4.238052871163785,298.15,electrical;thermal,conditional_liquid_phase_not_verified
UPR-0577,unseen_pair_recombination,12,298.15,298.15,353.15,1.4039192808583791,1.4039192808583791,0.04846352918678973,1.0,0.034520167824148934,0.034520167824148934,100.0,3.452016782414893,100.0,2896.857295405267,1.4039192808583791,298.15,5.6156771234335165,298.15,28.404544778882293,298.15,28.33010612022909,298.15,17.8381173286396,beyond_reference_tail,298.15,electrical;thermal,17.8381173286396,298.15,electrical;thermal,conditional_liquid_phase_not_verified
UPR-0578,unseen_pair_recombination,12,298.15,298.15,353.15,0.09712911943675451,0.09712911943675451,0.009280382198357442,1.0,0.09554685816337859,0.09554685816337859,100.0,9.554685816337859,100.0,1046.6068892501607,0.09712911943675451,298.15,0.38851647774701803,298.15,1.9678212278571585,298.15,1.9599766946070813,298.15,1.234116983905895,elevated_reference_tail,298.15,electrical;thermal,1.234116983905895,298.15,electrical;thermal,conditional_liquid_phase_not_verified
UPR-0579,unseen_pair_recombination,12,298.15,298.15,353.15,0.12375591070798118,0.12375591070798118,0.01691591465906406,1.0,0.13668773121454741,0.13668773121454741,100.0,13.668773121454741,100.0,731.5945557910993,0.12375591070798118,298.15,0.49502364283192474,298.15,2.51556894764575,298.15,2.5092215414401906,298.15,1.5737834855314303,elevated_reference_tail,298.15,electrical;thermal,1.5737834855314303,298.15,electrical;thermal,conditional_liquid_phase_not_verified
UPR-0580,unseen_pair_recombination,12,298.15,298.15,353.15,0.044226687788106886,0.044226687788106886,0.007818727533739352,1.0,0.17678754446182848,0.17678754446182848,100.0,17.678754446182847,100.0,565.6507097511711,0.044226687788106886,298.15,0.17690675115242754,298.15,0.8958176481384748,298.15,0.8945342214221228,298.15,0.5872885468590578,within_reference_envelope,343.15,none,0.5872885468590578,343.15,none,conditional_liquid_phase_not_verified
UPR-0581,unseen_pair_recombination,12,298.15,298.15,353.15,0.021262565990002275,0.021262565990002275,0.005159956595042088,1.0,0.24267798145662736,0.24267798145662736,99.99999999999999,24.267798145662738,99.99999999999999,412.06869860944715,0.021262565990002275,298.15,0.0850502639600091,298.15,0.43010143819066304,298.15,0.42900180869082766,298.15,0.37987523573310183,within_reference_envelope,348.15,none,0.37987523573310183,348.15,none,conditional_liquid_phase_not_verified
UPR-0582,unseen_pair_recombination,12,298.15,298.15,353.15,0.056277574990026946,0.056277574990026946,0.00827337559734265,1.0,0.1470101652178295,0.1470101652178295,99.99999999999999,14.701016521782948,99.99999999999999,680.2250705033009,0.056277574990026946,298.15,0.22511029996010778,298.15,1.1414031113571343,298.15,1.1389547279006582,298.15,0.7150596186909136,within_reference_envelope,298.15,none,0.7150596186909136,298.15,none,conditional_liquid_phase_not_verified
UPR-0583,unseen_pair_recombination,12,298.15,298.15,353.15,1.8523851682811256,1.8523851682811256,0.03953561741646773,1.0,0.021343086790720642,0.021343086790720642,99.99999999999999,2.1343086790720642,99.99999999999999,4685.357885696136,1.8523851682811256,298.15,7.409540673124503,298.15,37.49639763172239,298.15,37.359050666728194,298.15,23.536299002480728,beyond_reference_tail,298.15,electrical;thermal,23.536299002480728,298.15,electrical;thermal,conditional_liquid_phase_not_verified
UPR-0584,unseen_pair_recombination,12,298.15,298.15,353.15,0.16160709185631922,0.16160709185631922,0.021990208146037114,1.0,0.13607204914984827,0.13607204914984827,100.0,13.607204914984829,100.0,734.9047848164305,0.16160709185631922,298.15,0.6464283674252769,298.15,3.273529127473925,298.15,3.2626849874575323,298.15,2.0670835098823446,elevated_reference_tail,303.15,electrical;thermal,2.0670835098823446,303.15,electrical;thermal,conditional_liquid_phase_not_verified
UPR-0585,unseen_pair_recombination,12,298.15,298.15,353.15,1.8639872218471747,1.8639872218471747,0.13191337286346008,1.0,0.07076946199917429,0.07076946199917429,100.0,7.076946199917429,100.0,1413.0388613264681,1.8639872218471747,298.15,7.455948887388699,298.15,37.75335224913487,298.15,37.73294053415698,298.15,23.683714025257398,beyond_reference_tail,298.15,electrical;thermal,23.683714025257398,298.15,electrical;thermal,conditional_liquid_phase_not_verified
UPR-0586,unseen_pair_recombination,12,298.15,298.15,353.15,0.20832138346862247,0.20832138346862247,0.03255965319573724,1.0,0.15629530033646977,0.15629530033646977,100.0,15.62953003364698,100.0,639.8145036013351,0.20832138346862247,298.15,0.8332855338744899,298.15,4.225401669704384,298.15,4.2126950854510685,298.15,2.721099748814058,elevated_reference_tail,323.15,electrical;thermal,2.721099748814058,323.15,electrical;thermal,conditional_liquid_phase_not_verified
UPR-0587,unseen_pair_recombination,12,298.15,298.15,353.15,0.6255594825227722,0.6255594825227722,0.05155149821437213,1.0,0.08240862724432525,0.08240862724432525,100.0,8.240862724432526,100.0,1213.465183730337,0.6255594825227722,298.15,2.5022379300910886,298.15,12.662317912608309,298.15,12.630426290894002,298.15,7.948322668851452,beyond_reference_tail,298.15,electrical;thermal,7.948322668851452,298.15,electrical;thermal,conditional_liquid_phase_not_verified
UPR-0588,unseen_pair_recombination,12,298.15,298.15,353.15,0.02376361393781682,0.02376361393781682,0.0055983235077241315,1.0,0.2355838435337943,0.2355838435337943,100.0,23.55838435337943,100.0,424.4773262036328,0.02376361393781682,298.15,0.09505445575126728,298.15,0.48143815666280737,298.15,0.4782868079543859,298.15,0.4174506382821348,within_reference_envelope,348.15,none,0.4174506382821348,348.15,none,conditional_liquid_phase_not_verified
UPR-0589,unseen_pair_recombination,12,298.15,298.15,353.15,0.3461217576485195,0.3461217576485195,0.04673455583418485,1.0,0.13502345576796407,0.13502345576796407,100.0,13.502345576796406,100.0,740.6120620394179,0.3461217576485195,298.15,1.384487030594078,298.15,7.021894170420266,298.15,7.016817382284247,298.15,4.431599909546868,elevated_reference_tail,303.15,electrical;thermal,4.431599909546868,303.15,electrical;thermal,conditional_liquid_phase_not_verified
UPR-0590,unseen_pair_recombination,12,298.15,298.15,353.15,0.09093339541100404,0.09093339541100404,0.01091565818873325,1.0,0.12004014740015222,0.12004014740015222,100.0,12.004014740015222,100.0,833.0546251884492,0.09093339541100404,298.15,0.36373358164401615,298.15,1.8430179736724381,298.15,1.8355349476066445,298.15,1.1553944721389546,elevated_reference_tail,298.15,electrical;thermal,1.1553944721389546,298.15,electrical;thermal,conditional_liquid_phase_not_verified
UPR-0591,unseen_pair_recombination,12,298.15,298.15,353.15,0.18514170332284774,0.18514170332284774,0.02665655943194629,1.0,0.1439792275512499,0.1439792275512499,100.0,14.397922755124988,100.0,694.5446346724194,0.18514170332284774,298.15,0.740566813291391,298.15,3.7627128146619246,298.15,3.7611239511475465,298.15,2.373603306074619,elevated_reference_tail,303.15,electrical;thermal,2.373603306074619,303.15,electrical;thermal,conditional_liquid_phase_not_verified
UPR-0592,unseen_pair_recombination,12,298.15,298.15,353.15,0.04338214505228313,0.04338214505228313,0.008336866074395868,1.0,0.1921727490502942,0.1921727490502942,100.0,19.217274905029416,100.0,520.3651427905039,0.04338214505228313,298.15,0.17352858020913253,298.15,0.878802492416375,298.15,0.8745249336531057,298.15,0.6459973916409202,within_reference_envelope,338.15,none,0.6459973916409202,338.15,none,conditional_liquid_phase_not_verified
UPR-0593,unseen_pair_recombination,12,298.15,298.15,353.15,0.10972760246117087,0.10972760246117087,0.020469939944065575,1.0,0.18655233036107974,0.18655233036107974,100.0,18.655233036107976,100.0,536.0426203545454,0.10972760246117087,298.15,0.4389104098446835,298.15,2.2252159135972898,298.15,2.2213344027220443,298.15,1.6439414360957714,elevated_reference_tail,333.15,electrical;thermal,1.6439414360957714,333.15,electrical;thermal,conditional_liquid_phase_not_verified
UPR-0594,unseen_pair_recombination,12,298.15,298.15,353.15,0.34466384530746147,0.34466384530746147,0.04248562121316196,1.0,0.1232668346030381,0.1232668346030381,100.0,12.326683460303808,100.0,811.2482187283761,0.34466384530746147,298.15,1.3786553812298459,298.15,6.981714643219221,298.15,6.9449747195684655,298.15,4.37927891963668,elevated_reference_tail,298.15,electrical;thermal,4.37927891963668,298.15,electrical;thermal,conditional_liquid_phase_not_verified
UPR-0595,unseen_pair_recombination,12,298.15,298.15,353.15,0.09077455842691563,0.09077455842691563,0.014519109687229153,1.0,0.1599469051553555,0.1599469051553555,100.0,15.994690515535552,100.0,625.2074705845079,0.09077455842691563,298.15,0.36309823370766253,298.15,1.8386131702895379,298.15,1.8203072429617495,298.15,1.2232296183732145,elevated_reference_tail,328.15,electrical;thermal,1.2232296183732145,328.15,electrical;thermal,conditional_liquid_phase_not_verified
UPR-0596,unseen_pair_recombination,12,298.15,298.15,353.15,0.39951962176263883,0.39951962176263883,0.07407591900233469,1.0,0.1854124677919935,0.1854124677919935,100.0,18.541246779199348,100.0,539.3380563392632,0.39951962176263883,298.15,1.5980784870505553,298.15,8.094656081320439,298.15,7.937373671751219,298.15,6.4140329737220325,beyond_reference_tail,328.15,electrical;thermal,6.4140329737220325,328.15,electrical;thermal,conditional_liquid_phase_not_verified
UPR-0597,unseen_pair_recombination,12,298.15,298.15,353.15,0.3368525500379259,0.3368525500379259,0.04795813172079991,1.0,0.14237128890786294,0.14237128890786294,100.0,14.237128890786295,100.0,702.3888086362415,0.3368525500379259,298.15,1.3474102001517037,298.15,6.822416856324582,298.15,6.788494199722789,298.15,4.516655713802494,beyond_reference_tail,328.15,electrical;thermal,4.235131293355,338.15,electrical;thermal,conditional_liquid_phase_not_verified
UPR-0598,unseen_pair_recombination,12,298.15,298.15,353.15,0.029547064149430802,0.029547064149430802,0.005814931923506329,1.0,0.1968023589111255,0.1968023589111255,100.0,19.68023589111255,100.0,508.123990755412,0.029547064149430802,298.15,0.11818825659772321,298.15,0.5984528971951486,298.15,0.5961954196572216,298.15,0.437197474619782,within_reference_envelope,343.15,none,0.437197474619782,343.15,none,conditional_liquid_phase_not_verified
UPR-0599,unseen_pair_recombination,12,298.15,298.15,353.15,0.8136718092379601,0.8136718092379601,0.06908554656692761,1.0,0.08490591142837958,0.08490591142837958,100.0,8.490591142837959,100.0,1177.7742953074908,0.8136718092379601,298.15,3.2546872369518405,298.15,16.478624979825558,298.15,16.3784928867833,298.15,10.338467031608019,beyond_reference_tail,298.15,electrical;thermal,10.338467031608019,298.15,electrical;thermal,conditional_liquid_phase_not_verified
UPR-0600,unseen_pair_recombination,12,298.15,298.15,353.15,0.9855603854118966,0.9855603854118966,0.09893826286473509,1.0,0.10038782435779994,0.10038782435779994,100.0,10.038782435779993,100.0,996.1367390888196,0.9855603854118966,298.15,3.9422415416475864,298.15,19.96380223781296,298.15,19.850466059432623,298.15,12.574817554575723,beyond_reference_tail,303.15,electrical;thermal,12.574817554575723,303.15,electrical;thermal,conditional_liquid_phase_not_verified
UPR-0601,unseen_pair_recombination,12,298.15,298.15,353.15,0.1530259832758537,0.1530259832758537,0.02297447650274825,1.0,0.15013448050409253,0.15013448050409253,100.0,15.013448050409256,100.0,666.0695109094148,0.1530259832758537,298.15,0.6121039331034148,298.15,3.1010690405735284,298.15,3.0738053244116283,298.15,2.051122615379711,elevated_reference_tail,313.15,electrical;thermal,2.051122615379711,313.15,electrical;thermal,conditional_liquid_phase_not_verified
UPR-0602,unseen_pair_recombination,12,298.15,298.15,353.15,0.5220895644599682,0.5220895644599682,0.04126062789643168,1.0,0.07902978857489763,0.07902978857489763,100.0,7.902978857489763,100.0,1265.345660202907,0.5220895644599682,298.15,2.088358257839873,298.15,10.60407065665642,298.15,10.59163185861897,298.15,6.643070382042,beyond_reference_tail,298.15,electrical;thermal,6.643070382042,298.15,electrical;thermal,conditional_liquid_phase_not_verified
UPR-0603,unseen_pair_recombination,12,298.15,298.15,353.15,0.9952246685239436,0.9952246685239436,0.0638929467028977,1.0,0.0641995206948194,0.0641995206948194,100.0,6.419952069481941,100.0,1557.6440278325865,0.9952246685239436,298.15,3.9808986740957746,298.15,20.157534572040152,298.15,20.131751173857094,298.15,12.64526717991374,beyond_reference_tail,298.15,electrical;thermal,12.64526717991374,298.15,electrical;thermal,conditional_liquid_phase_not_verified
UPR-0604,unseen_pair_recombination,12,298.15,298.15,353.15,0.024037172965699367,0.024037172965699367,0.0052792178462893555,1.0,0.21962723544165152,0.21962723544165152,99.99999999999999,21.96272354416515,99.99999999999999,455.31693643963865,0.024037172965699367,298.15,0.09614869186279747,298.15,0.4868303927923443,298.15,0.48563923035829953,298.15,0.3894577014785821,within_reference_envelope,348.15,none,0.3894577014785821,348.15,none,conditional_liquid_phase_not_verified
UPR-0605,unseen_pair_recombination,12,298.15,298.15,353.15,0.26072417355331784,0.26072417355331784,0.030735095539172586,1.0,0.1178835668373009,0.1178835668373009,100.0,11.78835668373009,100.0,848.2946578806592,0.26072417355331784,298.15,1.0428966942132714,298.15,5.293129482404408,298.15,5.284453143911259,298.15,3.3144084532204383,elevated_reference_tail,298.15,electrical;thermal,3.3144084532204383,298.15,electrical;thermal,conditional_liquid_phase_not_verified
UPR-0606,unseen_pair_recombination,12,298.15,298.15,353.15,0.4241772080690478,0.4241772080690478,0.04266194713668709,1.0,0.10057576485755584,0.10057576485755584,100.0,10.057576485755586,100.0,994.2753121651991,0.4241772080690478,298.15,1.6967088322761912,298.15,8.594022415086389,298.15,8.525670751854067,298.15,5.389571116256877,elevated_reference_tail,298.15,electrical;thermal,5.389571116256877,298.15,electrical;thermal,conditional_liquid_phase_not_verified
UPR-0607,unseen_pair_recombination,12,298.15,298.15,353.15,0.25360916016572016,0.25360916016572016,0.027270058034071443,1.0,0.10752789061819339,0.10752789061819339,100.0,10.752789061819339,100.0,929.9912741251181,0.25360916016572016,298.15,1.0144366406628806,298.15,5.152307737818804,298.15,5.150887830405505,298.15,3.2306363027093536,elevated_reference_tail,298.15,electrical;thermal,3.2306363027093536,298.15,electrical;thermal,conditional_liquid_phase_not_verified
UPR-0608,unseen_pair_recombination,12,298.15,298.15,353.15,0.16928469761258122,0.16928469761258122,0.023702426136783854,1.0,0.14001517249378537,0.14001517249378537,100.0,14.001517249378535,100.0,714.2083119916061,0.16928469761258122,298.15,0.6771387904503249,298.15,3.4293969380386424,298.15,3.420398680725216,298.15,2.1709083587805793,elevated_reference_tail,303.15,electrical;thermal,2.1709083587805793,303.15,electrical;thermal,conditional_liquid_phase_not_verified
