candidate_id,cation_smiles,anion_smiles,canonical_cation_smiles,canonical_anion_smiles,cation_identity_key,anion_identity_key,canonical_il_key,cation_charge,anion_charge,cation_support_count,anion_support_count,charge_balance_pass,standard_inchikey_parse_pass,identity_new_to_benchmark,identity_new_to_primary_training_split,identity_audit_pass,generation_status,warnings
UPR-0001,CCCCCCCC[n+]1ccn(C)c1,CC(=O)[O-],CCCCCCCC[n+]1ccn(C)c1,CC(=O)[O-],WXMVWUBWIHZLMQ-UHFFFAOYSA-N,QTBSBXVTEAMEQO-UHFFFAOYSA-M,WXMVWUBWIHZLMQ-UHFFFAOYSA-N||QTBSBXVTEAMEQO-UHFFFAOYSA-M,1,-1,21,18,True,True,True,True,True,retained,
UPR-0002,C(C)[NH3+],FC(F)(F)C(F)(F)[P-](F)(F)(F)(C(F)(F)C(F)(F)F)C(F)(F)C(F)(F)F,CC[NH3+],FC(F)(F)C(F)(F)[P-](F)(F)(F)(C(F)(F)C(F)(F)F)C(F)(F)C(F)(F)F,QUSNBJAOOMFDIB-UHFFFAOYSA-O,OXDZSRZJFHVGGS-UHFFFAOYSA-N,QUSNBJAOOMFDIB-UHFFFAOYSA-O||OXDZSRZJFHVGGS-UHFFFAOYSA-N,1,-1,7,14,True,True,True,True,True,retained,
UPR-0003,CCCCCCCCCCCCCC[P+](CCCCCC)(CCCCCC)CCCCCC,O=S(=O)([N-]S(=O)(=O)C(F)(F)C(F)(F)F)C(F)(F)C(F)(F)F,CCCCCCCCCCCCCC[P+](CCCCCC)(CCCCCC)CCCCCC,O=S(=O)([N-]S(=O)(=O)C(F)(F)C(F)(F)F)C(F)(F)C(F)(F)F,PYVOHVLEZJMINC-UHFFFAOYSA-N,SLSPYQCCSCAKIB-UHFFFAOYSA-N,PYVOHVLEZJMINC-UHFFFAOYSA-N||SLSPYQCCSCAKIB-UHFFFAOYSA-N,1,-1,22,6,True,True,True,True,True,retained,
UPR-0004,C(C)[NH3+],Cc1ccc(S(=O)(=O)[O-])cc1,CC[NH3+],Cc1ccc(S(=O)(=O)[O-])cc1,QUSNBJAOOMFDIB-UHFFFAOYSA-O,JOXIMZWYDAKGHI-UHFFFAOYSA-M,QUSNBJAOOMFDIB-UHFFFAOYSA-O||JOXIMZWYDAKGHI-UHFFFAOYSA-M,1,-1,7,6,True,True,True,True,True,retained,
UPR-0005,C(C)[NH3+],[Cl-],CC[NH3+],[Cl-],QUSNBJAOOMFDIB-UHFFFAOYSA-O,VEXZGXHMUGYJMC-UHFFFAOYSA-M,QUSNBJAOOMFDIB-UHFFFAOYSA-O||VEXZGXHMUGYJMC-UHFFFAOYSA-M,1,-1,7,28,True,True,True,True,True,retained,
UPR-0006,CCCCCC[n+]1ccn(CCC#N)c1,FC(F)(F)C(F)(F)[P-](F)(F)(F)(C(F)(F)C(F)(F)F)C(F)(F)C(F)(F)F,CCCCCC[n+]1ccn(CCC#N)c1,FC(F)(F)C(F)(F)[P-](F)(F)(F)(C(F)(F)C(F)(F)F)C(F)(F)C(F)(F)F,IDRFNBZFUVYEJX-UHFFFAOYSA-N,OXDZSRZJFHVGGS-UHFFFAOYSA-N,IDRFNBZFUVYEJX-UHFFFAOYSA-N||OXDZSRZJFHVGGS-UHFFFAOYSA-N,1,-1,6,14,True,True,True,True,True,retained,
UPR-0007,CCCC[P+](CCCC)(CCCC)CCCC,[Br-],CCCC[P+](CCCC)(CCCC)CCCC,[Br-],BJQWBACJIAKDTJ-UHFFFAOYSA-N,CPELXLSAUQHCOX-UHFFFAOYSA-M,BJQWBACJIAKDTJ-UHFFFAOYSA-N||CPELXLSAUQHCOX-UHFFFAOYSA-M,1,-1,9,38,True,True,True,True,True,retained,
UPR-0008,CCCCCCCCCCCCCC[P+](CCCCCC)(CCCCCC)CCCCCC,N#C[S-],CCCCCCCCCCCCCC[P+](CCCCCC)(CCCCCC)CCCCCC,N#C[S-],PYVOHVLEZJMINC-UHFFFAOYSA-N,ZMZDMBWJUHKJPS-UHFFFAOYSA-M,PYVOHVLEZJMINC-UHFFFAOYSA-N||ZMZDMBWJUHKJPS-UHFFFAOYSA-M,1,-1,22,13,True,True,True,True,True,retained,
UPR-0009,CCCC[P+](CCCC)(CCCC)CCCC,O=[N+]([O-])c1cn[n-]c1,CCCC[P+](CCCC)(CCCC)CCCC,O=[N+]([O-])c1cn[n-]c1,BJQWBACJIAKDTJ-UHFFFAOYSA-N,IDGLPDIIVPZHRB-UHFFFAOYSA-N,BJQWBACJIAKDTJ-UHFFFAOYSA-N||IDGLPDIIVPZHRB-UHFFFAOYSA-N,1,-1,9,9,True,True,True,True,True,retained,
UPR-0010,C[n+]1ccn(CCO)c1,O=S(=O)([N-]S(=O)(=O)C(F)(F)C(F)(F)F)C(F)(F)C(F)(F)F,C[n+]1ccn(CCO)c1,O=S(=O)([N-]S(=O)(=O)C(F)(F)C(F)(F)F)C(F)(F)C(F)(F)F,ZGZLRWJZGFRHHQ-UHFFFAOYSA-N,SLSPYQCCSCAKIB-UHFFFAOYSA-N,ZGZLRWJZGFRHHQ-UHFFFAOYSA-N||SLSPYQCCSCAKIB-UHFFFAOYSA-N,1,-1,9,6,True,True,True,True,True,retained,
UPR-0011,C[n+]1ccn(CCO)c1,O=[N+]([O-])c1cn[n-]c1,C[n+]1ccn(CCO)c1,O=[N+]([O-])c1cn[n-]c1,ZGZLRWJZGFRHHQ-UHFFFAOYSA-N,IDGLPDIIVPZHRB-UHFFFAOYSA-N,ZGZLRWJZGFRHHQ-UHFFFAOYSA-N||IDGLPDIIVPZHRB-UHFFFAOYSA-N,1,-1,9,9,True,True,True,True,True,retained,
UPR-0012,C(C)[NH3+],F[P-](F)(F)(F)(F)F,CC[NH3+],F[P-](F)(F)(F)(F)F,QUSNBJAOOMFDIB-UHFFFAOYSA-O,LJQLCJWAZJINEB-UHFFFAOYSA-N,QUSNBJAOOMFDIB-UHFFFAOYSA-O||LJQLCJWAZJINEB-UHFFFAOYSA-N,1,-1,7,20,True,True,True,True,True,retained,
UPR-0013,COCC[n+]1ccn(C)c1,[Br-],COCC[n+]1ccn(C)c1,[Br-],BYCVVPOEPZGGGL-UHFFFAOYSA-N,CPELXLSAUQHCOX-UHFFFAOYSA-M,BYCVVPOEPZGGGL-UHFFFAOYSA-N||CPELXLSAUQHCOX-UHFFFAOYSA-M,1,-1,7,38,True,True,True,True,True,retained,
UPR-0014,CCCCCCCC[P+](CC)(CC)CC,O=S(=O)([N-]S(=O)(=O)C(F)(F)C(F)(F)F)C(F)(F)C(F)(F)F,CCCCCCCC[P+](CC)(CC)CC,O=S(=O)([N-]S(=O)(=O)C(F)(F)C(F)(F)F)C(F)(F)C(F)(F)F,QCLVFLIIJODTJU-UHFFFAOYSA-N,SLSPYQCCSCAKIB-UHFFFAOYSA-N,QCLVFLIIJODTJU-UHFFFAOYSA-N||SLSPYQCCSCAKIB-UHFFFAOYSA-N,1,-1,7,6,True,True,True,True,True,retained,
UPR-0015,CCCC[P+](CCCC)(CCCC)CCCC,F[P-](F)(F)(F)(F)F,CCCC[P+](CCCC)(CCCC)CCCC,F[P-](F)(F)(F)(F)F,BJQWBACJIAKDTJ-UHFFFAOYSA-N,LJQLCJWAZJINEB-UHFFFAOYSA-N,BJQWBACJIAKDTJ-UHFFFAOYSA-N||LJQLCJWAZJINEB-UHFFFAOYSA-N,1,-1,9,20,True,True,True,True,True,retained,
UPR-0016,CCCCCCCCCCCCCC[P+](CCCCCC)(CCCCCC)CCCCCC,C[C@@H](O)[C@H](N)C(=O)[O-],CCCCCCCCCCCCCC[P+](CCCCCC)(CCCCCC)CCCCCC,C[C@@H](O)[C@H](N)C(=O)[O-],PYVOHVLEZJMINC-UHFFFAOYSA-N,AYFVYJQAPQTCCC-GBXIJSLDSA-M,PYVOHVLEZJMINC-UHFFFAOYSA-N||AYFVYJQAPQTCCC-GBXIJSLDSA-M,1,-1,22,7,True,True,True,True,True,retained,
UPR-0017,C(C)[NH3+],C[C@@H](O)[C@H](N)C(=O)[O-],CC[NH3+],C[C@@H](O)[C@H](N)C(=O)[O-],QUSNBJAOOMFDIB-UHFFFAOYSA-O,AYFVYJQAPQTCCC-GBXIJSLDSA-M,QUSNBJAOOMFDIB-UHFFFAOYSA-O||AYFVYJQAPQTCCC-GBXIJSLDSA-M,1,-1,7,7,True,True,True,True,True,retained,
UPR-0018,C[n+]1ccn(CCO)c1,N#C[S-],C[n+]1ccn(CCO)c1,N#C[S-],ZGZLRWJZGFRHHQ-UHFFFAOYSA-N,ZMZDMBWJUHKJPS-UHFFFAOYSA-M,ZGZLRWJZGFRHHQ-UHFFFAOYSA-N||ZMZDMBWJUHKJPS-UHFFFAOYSA-M,1,-1,9,13,True,True,True,True,True,retained,
UPR-0019,CCCCCCCC[P+](CC)(CC)CC,C[C@@H](O)[C@H](N)C(=O)[O-],CCCCCCCC[P+](CC)(CC)CC,C[C@@H](O)[C@H](N)C(=O)[O-],QCLVFLIIJODTJU-UHFFFAOYSA-N,AYFVYJQAPQTCCC-GBXIJSLDSA-M,QCLVFLIIJODTJU-UHFFFAOYSA-N||AYFVYJQAPQTCCC-GBXIJSLDSA-M,1,-1,7,7,True,True,True,True,True,retained,
UPR-0020,CN1C=[NH+]C=C1,O=S(=O)(F)[N-]S(=O)(=O)F,Cn1cc[nH+]c1,O=S(=O)(F)[N-]S(=O)(=O)F,MCTWTZJPVLRJOU-UHFFFAOYSA-O,NVIANCROYQGROD-UHFFFAOYSA-N,MCTWTZJPVLRJOU-UHFFFAOYSA-O||NVIANCROYQGROD-UHFFFAOYSA-N,1,-1,6,14,True,True,True,True,True,retained,
UPR-0021,C(C)[N+]1=CC=CC=C1,Cc1ccc(S(=O)(=O)[O-])cc1,CC[n+]1ccccc1,Cc1ccc(S(=O)(=O)[O-])cc1,OIDIRWZVUWCCCO-UHFFFAOYSA-N,JOXIMZWYDAKGHI-UHFFFAOYSA-M,OIDIRWZVUWCCCO-UHFFFAOYSA-N||JOXIMZWYDAKGHI-UHFFFAOYSA-M,1,-1,7,6,True,True,True,True,True,retained,
UPR-0022,C[n+]1ccn(CCO)c1,C[C@@H](O)[C@H](N)C(=O)[O-],C[n+]1ccn(CCO)c1,C[C@@H](O)[C@H](N)C(=O)[O-],ZGZLRWJZGFRHHQ-UHFFFAOYSA-N,AYFVYJQAPQTCCC-GBXIJSLDSA-M,ZGZLRWJZGFRHHQ-UHFFFAOYSA-N||AYFVYJQAPQTCCC-GBXIJSLDSA-M,1,-1,9,7,True,True,True,True,True,retained,
UPR-0023,CN1C=[N+](C=C1)C,F[P-](F)(F)(F)(F)F,Cn1cc[n+](C)c1,F[P-](F)(F)(F)(F)F,HVVRUQBMAZRKPJ-UHFFFAOYSA-N,LJQLCJWAZJINEB-UHFFFAOYSA-N,HVVRUQBMAZRKPJ-UHFFFAOYSA-N||LJQLCJWAZJINEB-UHFFFAOYSA-N,1,-1,7,20,True,True,True,True,True,retained,
UPR-0024,CC[N+](C)(C)CCOC,N#C[B-](C#N)(C#N)C#N,CC[N+](C)(C)CCOC,N#C[B-](C#N)(C#N)C#N,KIJWMNYEVKNAGY-UHFFFAOYSA-N,KDCFMDHINPOTEA-UHFFFAOYSA-N,KIJWMNYEVKNAGY-UHFFFAOYSA-N||KDCFMDHINPOTEA-UHFFFAOYSA-N,1,-1,5,6,True,True,True,True,True,retained,
UPR-0025,C(C)[NH3+],FC(S(=O)(=O)[N-]S(=O)(=O)C(F)(F)F)(F)F,CC[NH3+],O=S(=O)([N-]S(=O)(=O)C(F)(F)F)C(F)(F)F,QUSNBJAOOMFDIB-UHFFFAOYSA-O,NHHWJSXMTZIPES-UHFFFAOYSA-N,QUSNBJAOOMFDIB-UHFFFAOYSA-O||NHHWJSXMTZIPES-UHFFFAOYSA-N,1,-1,7,169,True,True,True,True,True,retained,
UPR-0026,C(C)[N+]1=CC=CC=C1,O=S(=O)([N-]S(=O)(=O)C(F)(F)C(F)(F)F)C(F)(F)C(F)(F)F,CC[n+]1ccccc1,O=S(=O)([N-]S(=O)(=O)C(F)(F)C(F)(F)F)C(F)(F)C(F)(F)F,OIDIRWZVUWCCCO-UHFFFAOYSA-N,SLSPYQCCSCAKIB-UHFFFAOYSA-N,OIDIRWZVUWCCCO-UHFFFAOYSA-N||SLSPYQCCSCAKIB-UHFFFAOYSA-N,1,-1,7,6,True,True,True,True,True,retained,
UPR-0027,C(C)[N+]1=CC=CC=C1,C[C@@H](O)[C@H](N)C(=O)[O-],CC[n+]1ccccc1,C[C@@H](O)[C@H](N)C(=O)[O-],OIDIRWZVUWCCCO-UHFFFAOYSA-N,AYFVYJQAPQTCCC-GBXIJSLDSA-M,OIDIRWZVUWCCCO-UHFFFAOYSA-N||AYFVYJQAPQTCCC-GBXIJSLDSA-M,1,-1,7,7,True,True,True,True,True,retained,
UPR-0028,CCCC[P+](CCCC)(CCCC)CCCC,O=[N+]([O-])[O-],CCCC[P+](CCCC)(CCCC)CCCC,O=[N+]([O-])[O-],BJQWBACJIAKDTJ-UHFFFAOYSA-N,NHNBFGGVMKEFGY-UHFFFAOYSA-N,BJQWBACJIAKDTJ-UHFFFAOYSA-N||NHNBFGGVMKEFGY-UHFFFAOYSA-N,1,-1,9,12,True,True,True,True,True,retained,
UPR-0029,CCCC[P+](CCCC)(CCCC)CCCC,FC(F)(F)C(F)(F)[P-](F)(F)(F)(C(F)(F)C(F)(F)F)C(F)(F)C(F)(F)F,CCCC[P+](CCCC)(CCCC)CCCC,FC(F)(F)C(F)(F)[P-](F)(F)(F)(C(F)(F)C(F)(F)F)C(F)(F)C(F)(F)F,BJQWBACJIAKDTJ-UHFFFAOYSA-N,OXDZSRZJFHVGGS-UHFFFAOYSA-N,BJQWBACJIAKDTJ-UHFFFAOYSA-N||OXDZSRZJFHVGGS-UHFFFAOYSA-N,1,-1,9,14,True,True,True,True,True,retained,
UPR-0030,C(C)[NH3+],N#C[N-]C#N,CC[NH3+],N#C[N-]C#N,QUSNBJAOOMFDIB-UHFFFAOYSA-O,UKDLHLAPDXIAID-UHFFFAOYSA-N,QUSNBJAOOMFDIB-UHFFFAOYSA-O||UKDLHLAPDXIAID-UHFFFAOYSA-N,1,-1,7,26,True,True,True,True,True,retained,
UPR-0031,C(CCC)[N+](C)(CCCC)CCCC,N#C[S-],CCCC[N+](C)(CCCC)CCCC,N#C[S-],HJHUXWBTVVFLQI-UHFFFAOYSA-N,ZMZDMBWJUHKJPS-UHFFFAOYSA-M,HJHUXWBTVVFLQI-UHFFFAOYSA-N||ZMZDMBWJUHKJPS-UHFFFAOYSA-M,1,-1,5,13,True,True,True,True,True,retained,
UPR-0032,CCCCCC[n+]1ccn(CCC#N)c1,FC(S(=O)(=O)[N-]S(=O)(=O)C(F)(F)F)(F)F,CCCCCC[n+]1ccn(CCC#N)c1,O=S(=O)([N-]S(=O)(=O)C(F)(F)F)C(F)(F)F,IDRFNBZFUVYEJX-UHFFFAOYSA-N,NHHWJSXMTZIPES-UHFFFAOYSA-N,IDRFNBZFUVYEJX-UHFFFAOYSA-N||NHHWJSXMTZIPES-UHFFFAOYSA-N,1,-1,6,169,True,True,True,True,True,retained,
UPR-0033,CN1C=[NH+]C=C1,FC(F)(F)C(F)(F)[P-](F)(F)(F)(C(F)(F)C(F)(F)F)C(F)(F)C(F)(F)F,Cn1cc[nH+]c1,FC(F)(F)C(F)(F)[P-](F)(F)(F)(C(F)(F)C(F)(F)F)C(F)(F)C(F)(F)F,MCTWTZJPVLRJOU-UHFFFAOYSA-O,OXDZSRZJFHVGGS-UHFFFAOYSA-N,MCTWTZJPVLRJOU-UHFFFAOYSA-O||OXDZSRZJFHVGGS-UHFFFAOYSA-N,1,-1,6,14,True,True,True,True,True,retained,
UPR-0034,CCCCCCCCCCCCCC[P+](CCCCCC)(CCCCCC)CCCCCC,O=[N+]([O-])[O-],CCCCCCCCCCCCCC[P+](CCCCCC)(CCCCCC)CCCCCC,O=[N+]([O-])[O-],PYVOHVLEZJMINC-UHFFFAOYSA-N,NHNBFGGVMKEFGY-UHFFFAOYSA-N,PYVOHVLEZJMINC-UHFFFAOYSA-N||NHNBFGGVMKEFGY-UHFFFAOYSA-N,1,-1,22,12,True,True,True,True,True,retained,
UPR-0035,CC[N+](C)(C)CCOC,O=[N+]([O-])c1cn[n-]c1,CC[N+](C)(C)CCOC,O=[N+]([O-])c1cn[n-]c1,KIJWMNYEVKNAGY-UHFFFAOYSA-N,IDGLPDIIVPZHRB-UHFFFAOYSA-N,KIJWMNYEVKNAGY-UHFFFAOYSA-N||IDGLPDIIVPZHRB-UHFFFAOYSA-N,1,-1,5,9,True,True,True,True,True,retained,
UPR-0036,C[n+]1ccn(CCO)c1,O=[N+]([O-])[O-],C[n+]1ccn(CCO)c1,O=[N+]([O-])[O-],ZGZLRWJZGFRHHQ-UHFFFAOYSA-N,NHNBFGGVMKEFGY-UHFFFAOYSA-N,ZGZLRWJZGFRHHQ-UHFFFAOYSA-N||NHNBFGGVMKEFGY-UHFFFAOYSA-N,1,-1,9,12,True,True,True,True,True,retained,
UPR-0037,C(CCC)[N+](CCCC)(CCCC)CCCC,O=S(=O)(F)[N-]S(=O)(=O)F,CCCC[N+](CCCC)(CCCC)CCCC,O=S(=O)(F)[N-]S(=O)(=O)F,DZLFLBLQUQXARW-UHFFFAOYSA-N,NVIANCROYQGROD-UHFFFAOYSA-N,DZLFLBLQUQXARW-UHFFFAOYSA-N||NVIANCROYQGROD-UHFFFAOYSA-N,1,-1,8,14,True,True,True,True,True,retained,
UPR-0038,CC[N+](C)(C)CCOC,O=S(=O)([O-])C(F)(F)C(F)(F)C(F)(F)C(F)(F)F,CC[N+](C)(C)CCOC,O=S(=O)([O-])C(F)(F)C(F)(F)C(F)(F)C(F)(F)F,KIJWMNYEVKNAGY-UHFFFAOYSA-N,JGTNAGYHADQMCM-UHFFFAOYSA-M,KIJWMNYEVKNAGY-UHFFFAOYSA-N||JGTNAGYHADQMCM-UHFFFAOYSA-M,1,-1,5,6,True,True,True,True,True,retained,
UPR-0039,CN1C=[NH+]C=C1,N#C[N-]C#N,Cn1cc[nH+]c1,N#C[N-]C#N,MCTWTZJPVLRJOU-UHFFFAOYSA-O,UKDLHLAPDXIAID-UHFFFAOYSA-N,MCTWTZJPVLRJOU-UHFFFAOYSA-O||UKDLHLAPDXIAID-UHFFFAOYSA-N,1,-1,6,26,True,True,True,True,True,retained,
UPR-0040,CC[N+](C)(C)CCOC,O=S(=O)([O-])O,CC[N+](C)(C)CCOC,O=S(=O)([O-])O,KIJWMNYEVKNAGY-UHFFFAOYSA-N,QAOWNCQODCNURD-UHFFFAOYSA-M,KIJWMNYEVKNAGY-UHFFFAOYSA-N||QAOWNCQODCNURD-UHFFFAOYSA-M,1,-1,5,12,True,True,True,True,True,retained,
UPR-0041,CCCCCC[n+]1ccn(CCC#N)c1,O=[N+]([O-])c1cn[n-]c1,CCCCCC[n+]1ccn(CCC#N)c1,O=[N+]([O-])c1cn[n-]c1,IDRFNBZFUVYEJX-UHFFFAOYSA-N,IDGLPDIIVPZHRB-UHFFFAOYSA-N,IDRFNBZFUVYEJX-UHFFFAOYSA-N||IDGLPDIIVPZHRB-UHFFFAOYSA-N,1,-1,6,9,True,True,True,True,True,retained,
UPR-0042,CCCCCC[n+]1ccn(CCC#N)c1,O=S(=O)([O-])O,CCCCCC[n+]1ccn(CCC#N)c1,O=S(=O)([O-])O,IDRFNBZFUVYEJX-UHFFFAOYSA-N,QAOWNCQODCNURD-UHFFFAOYSA-M,IDRFNBZFUVYEJX-UHFFFAOYSA-N||QAOWNCQODCNURD-UHFFFAOYSA-M,1,-1,6,12,True,True,True,True,True,retained,
UPR-0043,CCCCCC[n+]1ccn(CCC#N)c1,N#C[S-],CCCCCC[n+]1ccn(CCC#N)c1,N#C[S-],IDRFNBZFUVYEJX-UHFFFAOYSA-N,ZMZDMBWJUHKJPS-UHFFFAOYSA-M,IDRFNBZFUVYEJX-UHFFFAOYSA-N||ZMZDMBWJUHKJPS-UHFFFAOYSA-M,1,-1,6,13,True,True,True,True,True,retained,
UPR-0044,CCCCCCCCCCCCCC[P+](CCCCCC)(CCCCCC)CCCCCC,O=S(=O)(F)[N-]S(=O)(=O)F,CCCCCCCCCCCCCC[P+](CCCCCC)(CCCCCC)CCCCCC,O=S(=O)(F)[N-]S(=O)(=O)F,PYVOHVLEZJMINC-UHFFFAOYSA-N,NVIANCROYQGROD-UHFFFAOYSA-N,PYVOHVLEZJMINC-UHFFFAOYSA-N||NVIANCROYQGROD-UHFFFAOYSA-N,1,-1,22,14,True,True,True,True,True,retained,
UPR-0045,CC[N+](C)(C)CCOC,F[P-](F)(F)(F)(F)F,CC[N+](C)(C)CCOC,F[P-](F)(F)(F)(F)F,KIJWMNYEVKNAGY-UHFFFAOYSA-N,LJQLCJWAZJINEB-UHFFFAOYSA-N,KIJWMNYEVKNAGY-UHFFFAOYSA-N||LJQLCJWAZJINEB-UHFFFAOYSA-N,1,-1,5,20,True,True,True,True,True,retained,
UPR-0046,CCCCCC[n+]1ccn(CCC#N)c1,F[B-](F)(F)F,CCCCCC[n+]1ccn(CCC#N)c1,F[B-](F)(F)F,IDRFNBZFUVYEJX-UHFFFAOYSA-N,ODGCEQLVLXJUCC-UHFFFAOYSA-N,IDRFNBZFUVYEJX-UHFFFAOYSA-N||ODGCEQLVLXJUCC-UHFFFAOYSA-N,1,-1,6,41,True,True,True,True,True,retained,
UPR-0047,C(C)[N+]1=CC=CC=C1,O=[N+]([O-])[O-],CC[n+]1ccccc1,O=[N+]([O-])[O-],OIDIRWZVUWCCCO-UHFFFAOYSA-N,NHNBFGGVMKEFGY-UHFFFAOYSA-N,OIDIRWZVUWCCCO-UHFFFAOYSA-N||NHNBFGGVMKEFGY-UHFFFAOYSA-N,1,-1,7,12,True,True,True,True,True,retained,
UPR-0048,CCCC[P+](CCCC)(CCCC)CCCC,N#C[B-](C#N)(C#N)C#N,CCCC[P+](CCCC)(CCCC)CCCC,N#C[B-](C#N)(C#N)C#N,BJQWBACJIAKDTJ-UHFFFAOYSA-N,KDCFMDHINPOTEA-UHFFFAOYSA-N,BJQWBACJIAKDTJ-UHFFFAOYSA-N||KDCFMDHINPOTEA-UHFFFAOYSA-N,1,-1,9,6,True,True,True,True,True,retained,
UPR-0049,C(C)[NH3+],COS(=O)(=O)[O-],CC[NH3+],COS(=O)(=O)[O-],QUSNBJAOOMFDIB-UHFFFAOYSA-O,JZMJDSHXVKJFKW-UHFFFAOYSA-M,QUSNBJAOOMFDIB-UHFFFAOYSA-O||JZMJDSHXVKJFKW-UHFFFAOYSA-M,1,-1,7,12,True,True,True,True,True,retained,
UPR-0050,C(C)[N+]1=CC=CC=C1,N#C[S-],CC[n+]1ccccc1,N#C[S-],OIDIRWZVUWCCCO-UHFFFAOYSA-N,ZMZDMBWJUHKJPS-UHFFFAOYSA-M,OIDIRWZVUWCCCO-UHFFFAOYSA-N||ZMZDMBWJUHKJPS-UHFFFAOYSA-M,1,-1,7,13,True,True,True,True,True,retained,
UPR-0051,C[n+]1ccn(CCO)c1,O=S(=O)(F)[N-]S(=O)(=O)F,C[n+]1ccn(CCO)c1,O=S(=O)(F)[N-]S(=O)(=O)F,ZGZLRWJZGFRHHQ-UHFFFAOYSA-N,NVIANCROYQGROD-UHFFFAOYSA-N,ZGZLRWJZGFRHHQ-UHFFFAOYSA-N||NVIANCROYQGROD-UHFFFAOYSA-N,1,-1,9,14,True,True,True,True,True,retained,
UPR-0052,C[n+]1ccn(CCO)c1,CCCC(=O)[O-],C[n+]1ccn(CCO)c1,CCCC(=O)[O-],ZGZLRWJZGFRHHQ-UHFFFAOYSA-N,FERIUCNNQQJTOY-UHFFFAOYSA-M,ZGZLRWJZGFRHHQ-UHFFFAOYSA-N||FERIUCNNQQJTOY-UHFFFAOYSA-M,1,-1,9,7,True,True,True,True,True,retained,
UPR-0053,CCCCCCCCCCCCCC[P+](CCCCCC)(CCCCCC)CCCCCC,N#C[C-](C#N)C#N,CCCCCCCCCCCCCC[P+](CCCCCC)(CCCCCC)CCCCCC,N#C[C-](C#N)C#N,PYVOHVLEZJMINC-UHFFFAOYSA-N,CXERBOODJDWFQL-UHFFFAOYSA-N,PYVOHVLEZJMINC-UHFFFAOYSA-N||CXERBOODJDWFQL-UHFFFAOYSA-N,1,-1,22,8,True,True,True,True,True,retained,
UPR-0054,CN1C=[NH+]C=C1,O=[N+]([O-])c1cn[n-]c1,Cn1cc[nH+]c1,O=[N+]([O-])c1cn[n-]c1,MCTWTZJPVLRJOU-UHFFFAOYSA-O,IDGLPDIIVPZHRB-UHFFFAOYSA-N,MCTWTZJPVLRJOU-UHFFFAOYSA-O||IDGLPDIIVPZHRB-UHFFFAOYSA-N,1,-1,6,9,True,True,True,True,True,retained,
UPR-0055,CCCCCC[n+]1ccn(CCC#N)c1,N#C[B-](C#N)(C#N)C#N,CCCCCC[n+]1ccn(CCC#N)c1,N#C[B-](C#N)(C#N)C#N,IDRFNBZFUVYEJX-UHFFFAOYSA-N,KDCFMDHINPOTEA-UHFFFAOYSA-N,IDRFNBZFUVYEJX-UHFFFAOYSA-N||KDCFMDHINPOTEA-UHFFFAOYSA-N,1,-1,6,6,True,True,True,True,True,retained,
UPR-0056,CCCCCCCC[P+](CC)(CC)CC,CCCC(=O)[O-],CCCCCCCC[P+](CC)(CC)CC,CCCC(=O)[O-],QCLVFLIIJODTJU-UHFFFAOYSA-N,FERIUCNNQQJTOY-UHFFFAOYSA-M,QCLVFLIIJODTJU-UHFFFAOYSA-N||FERIUCNNQQJTOY-UHFFFAOYSA-M,1,-1,7,7,True,True,True,True,True,retained,
UPR-0057,COCC[n+]1ccn(C)c1,NCC(=O)[O-],COCC[n+]1ccn(C)c1,NCC(=O)[O-],BYCVVPOEPZGGGL-UHFFFAOYSA-N,DHMQDGOQFOQNFH-UHFFFAOYSA-M,BYCVVPOEPZGGGL-UHFFFAOYSA-N||DHMQDGOQFOQNFH-UHFFFAOYSA-M,1,-1,7,5,True,True,True,True,True,retained,
UPR-0058,CC[N+](C)(C)CCOC,CCCC(=O)[O-],CC[N+](C)(C)CCOC,CCCC(=O)[O-],KIJWMNYEVKNAGY-UHFFFAOYSA-N,FERIUCNNQQJTOY-UHFFFAOYSA-M,KIJWMNYEVKNAGY-UHFFFAOYSA-N||FERIUCNNQQJTOY-UHFFFAOYSA-M,1,-1,5,7,True,True,True,True,True,retained,
UPR-0059,CCCC[n+]1ccccc1,O=S(=O)([O-])C(F)(F)C(F)F,CCCC[n+]1ccccc1,O=S(=O)([O-])C(F)(F)C(F)F,REACWASHYHDPSQ-UHFFFAOYSA-N,KZWJWYFPLXRYIL-UHFFFAOYSA-M,REACWASHYHDPSQ-UHFFFAOYSA-N||KZWJWYFPLXRYIL-UHFFFAOYSA-M,1,-1,8,6,True,True,True,True,True,retained,
UPR-0060,CCCCCC[n+]1ccn(CCC#N)c1,C[C@@H](O)[C@H](N)C(=O)[O-],CCCCCC[n+]1ccn(CCC#N)c1,C[C@@H](O)[C@H](N)C(=O)[O-],IDRFNBZFUVYEJX-UHFFFAOYSA-N,AYFVYJQAPQTCCC-GBXIJSLDSA-M,IDRFNBZFUVYEJX-UHFFFAOYSA-N||AYFVYJQAPQTCCC-GBXIJSLDSA-M,1,-1,6,7,True,True,True,True,True,retained,
UPR-0061,CC[N+](C)(C)CCOC,C[C@@H](O)[C@H](N)C(=O)[O-],CC[N+](C)(C)CCOC,C[C@@H](O)[C@H](N)C(=O)[O-],KIJWMNYEVKNAGY-UHFFFAOYSA-N,AYFVYJQAPQTCCC-GBXIJSLDSA-M,KIJWMNYEVKNAGY-UHFFFAOYSA-N||AYFVYJQAPQTCCC-GBXIJSLDSA-M,1,-1,5,7,True,True,True,True,True,retained,
UPR-0062,C(C)[N+]1=CC=CC=C1,[Cl-],CC[n+]1ccccc1,[Cl-],OIDIRWZVUWCCCO-UHFFFAOYSA-N,VEXZGXHMUGYJMC-UHFFFAOYSA-M,OIDIRWZVUWCCCO-UHFFFAOYSA-N||VEXZGXHMUGYJMC-UHFFFAOYSA-M,1,-1,7,28,True,True,True,True,True,retained,
UPR-0063,C[n+]1ccn(CCCC#N)c1,O=[N+]([O-])[O-],C[n+]1ccn(CCCC#N)c1,O=[N+]([O-])[O-],SROUAIZIOIOQID-UHFFFAOYSA-N,NHNBFGGVMKEFGY-UHFFFAOYSA-N,SROUAIZIOIOQID-UHFFFAOYSA-N||NHNBFGGVMKEFGY-UHFFFAOYSA-N,1,-1,5,12,True,True,True,True,True,retained,
UPR-0064,CN1C=[NH+]C=C1,O=C[O-],Cn1cc[nH+]c1,O=C[O-],MCTWTZJPVLRJOU-UHFFFAOYSA-O,BDAGIHXWWSANSR-UHFFFAOYSA-M,MCTWTZJPVLRJOU-UHFFFAOYSA-O||BDAGIHXWWSANSR-UHFFFAOYSA-M,1,-1,6,14,True,True,True,True,True,retained,
UPR-0065,C[n+]1ccn(CCO)c1,N#C[B-](C#N)(C#N)C#N,C[n+]1ccn(CCO)c1,N#C[B-](C#N)(C#N)C#N,ZGZLRWJZGFRHHQ-UHFFFAOYSA-N,KDCFMDHINPOTEA-UHFFFAOYSA-N,ZGZLRWJZGFRHHQ-UHFFFAOYSA-N||KDCFMDHINPOTEA-UHFFFAOYSA-N,1,-1,9,6,True,True,True,True,True,retained,
UPR-0066,C(C)[N+]1=CC=CC=C1,N#C[B-](C#N)(C#N)C#N,CC[n+]1ccccc1,N#C[B-](C#N)(C#N)C#N,OIDIRWZVUWCCCO-UHFFFAOYSA-N,KDCFMDHINPOTEA-UHFFFAOYSA-N,OIDIRWZVUWCCCO-UHFFFAOYSA-N||KDCFMDHINPOTEA-UHFFFAOYSA-N,1,-1,7,6,True,True,True,True,True,retained,
UPR-0067,COCC[n+]1ccn(C)c1,Cc1ccc(S(=O)(=O)[O-])cc1,COCC[n+]1ccn(C)c1,Cc1ccc(S(=O)(=O)[O-])cc1,BYCVVPOEPZGGGL-UHFFFAOYSA-N,JOXIMZWYDAKGHI-UHFFFAOYSA-M,BYCVVPOEPZGGGL-UHFFFAOYSA-N||JOXIMZWYDAKGHI-UHFFFAOYSA-M,1,-1,7,6,True,True,True,True,True,retained,
UPR-0068,C(C)[NH3+],N#C[S-],CC[NH3+],N#C[S-],QUSNBJAOOMFDIB-UHFFFAOYSA-O,ZMZDMBWJUHKJPS-UHFFFAOYSA-M,QUSNBJAOOMFDIB-UHFFFAOYSA-O||ZMZDMBWJUHKJPS-UHFFFAOYSA-M,1,-1,7,13,True,True,True,True,True,retained,
UPR-0069,C(CCC)[N+](C)(CCCC)CCCC,Cc1ccc(S(=O)(=O)[O-])cc1,CCCC[N+](C)(CCCC)CCCC,Cc1ccc(S(=O)(=O)[O-])cc1,HJHUXWBTVVFLQI-UHFFFAOYSA-N,JOXIMZWYDAKGHI-UHFFFAOYSA-M,HJHUXWBTVVFLQI-UHFFFAOYSA-N||JOXIMZWYDAKGHI-UHFFFAOYSA-M,1,-1,5,6,True,True,True,True,True,retained,
UPR-0070,CC[N+](C)(C)CCOC,N#C[S-],CC[N+](C)(C)CCOC,N#C[S-],KIJWMNYEVKNAGY-UHFFFAOYSA-N,ZMZDMBWJUHKJPS-UHFFFAOYSA-M,KIJWMNYEVKNAGY-UHFFFAOYSA-N||ZMZDMBWJUHKJPS-UHFFFAOYSA-M,1,-1,5,13,True,True,True,True,True,retained,
UPR-0071,CN1C=[NH+]C=C1,O=S(=O)([O-])C(F)(F)C(F)(F)C(F)(F)C(F)(F)F,Cn1cc[nH+]c1,O=S(=O)([O-])C(F)(F)C(F)(F)C(F)(F)C(F)(F)F,MCTWTZJPVLRJOU-UHFFFAOYSA-O,JGTNAGYHADQMCM-UHFFFAOYSA-M,MCTWTZJPVLRJOU-UHFFFAOYSA-O||JGTNAGYHADQMCM-UHFFFAOYSA-M,1,-1,6,6,True,True,True,True,True,retained,
UPR-0072,CCCCCC[n+]1ccccc1,FC(F)(F)C(F)(F)[P-](F)(F)(F)(C(F)(F)C(F)(F)F)C(F)(F)C(F)(F)F,CCCCCC[n+]1ccccc1,FC(F)(F)C(F)(F)[P-](F)(F)(F)(C(F)(F)C(F)(F)F)C(F)(F)C(F)(F)F,AMKUSFIBHAUBIJ-UHFFFAOYSA-N,OXDZSRZJFHVGGS-UHFFFAOYSA-N,AMKUSFIBHAUBIJ-UHFFFAOYSA-N||OXDZSRZJFHVGGS-UHFFFAOYSA-N,1,-1,7,14,True,True,True,True,True,retained,
UPR-0073,CCCCCC[n+]1ccccc1,O=S(=O)([O-])O,CCCCCC[n+]1ccccc1,O=S(=O)([O-])O,AMKUSFIBHAUBIJ-UHFFFAOYSA-N,QAOWNCQODCNURD-UHFFFAOYSA-M,AMKUSFIBHAUBIJ-UHFFFAOYSA-N||QAOWNCQODCNURD-UHFFFAOYSA-M,1,-1,7,12,True,True,True,True,True,retained,
UPR-0074,CCCCCCCC[P+](CC)(CC)CC,O=S(=O)([O-])O,CCCCCCCC[P+](CC)(CC)CC,O=S(=O)([O-])O,QCLVFLIIJODTJU-UHFFFAOYSA-N,QAOWNCQODCNURD-UHFFFAOYSA-M,QCLVFLIIJODTJU-UHFFFAOYSA-N||QAOWNCQODCNURD-UHFFFAOYSA-M,1,-1,7,12,True,True,True,True,True,retained,
UPR-0075,C(CCC)[N+](C)(CCCC)CCCC,O=C([O-])C(F)(F)F,CCCC[N+](C)(CCCC)CCCC,O=C([O-])C(F)(F)F,HJHUXWBTVVFLQI-UHFFFAOYSA-N,DTQVDTLACAAQTR-UHFFFAOYSA-M,HJHUXWBTVVFLQI-UHFFFAOYSA-N||DTQVDTLACAAQTR-UHFFFAOYSA-M,1,-1,5,12,True,True,True,True,True,retained,
UPR-0076,C[n+]1ccn(CCCC#N)c1,CCCC(=O)[O-],C[n+]1ccn(CCCC#N)c1,CCCC(=O)[O-],SROUAIZIOIOQID-UHFFFAOYSA-N,FERIUCNNQQJTOY-UHFFFAOYSA-M,SROUAIZIOIOQID-UHFFFAOYSA-N||FERIUCNNQQJTOY-UHFFFAOYSA-M,1,-1,5,7,True,True,True,True,True,retained,
UPR-0077,COCC[n+]1ccn(C)c1,O=S(=O)([O-])C(F)(F)C(F)F,COCC[n+]1ccn(C)c1,O=S(=O)([O-])C(F)(F)C(F)F,BYCVVPOEPZGGGL-UHFFFAOYSA-N,KZWJWYFPLXRYIL-UHFFFAOYSA-M,BYCVVPOEPZGGGL-UHFFFAOYSA-N||KZWJWYFPLXRYIL-UHFFFAOYSA-M,1,-1,7,6,True,True,True,True,True,retained,
UPR-0078,CC[N+](C)(C)CCOC,O=[N+]([O-])[O-],CC[N+](C)(C)CCOC,O=[N+]([O-])[O-],KIJWMNYEVKNAGY-UHFFFAOYSA-N,NHNBFGGVMKEFGY-UHFFFAOYSA-N,KIJWMNYEVKNAGY-UHFFFAOYSA-N||NHNBFGGVMKEFGY-UHFFFAOYSA-N,1,-1,5,12,True,True,True,True,True,retained,
UPR-0079,CCCCCCC[n+]1ccn(C)c1,N#C[N-]C#N,CCCCCCC[n+]1ccn(C)c1,N#C[N-]C#N,FCZZZYZIQDHCIW-UHFFFAOYSA-N,UKDLHLAPDXIAID-UHFFFAOYSA-N,FCZZZYZIQDHCIW-UHFFFAOYSA-N||UKDLHLAPDXIAID-UHFFFAOYSA-N,1,-1,5,26,True,True,True,True,True,retained,
UPR-0080,COCCCC[n+]1ccn(C)c1,O=S(=O)([N-]S(=O)(=O)C(F)(F)C(F)(F)F)C(F)(F)C(F)(F)F,COCCCC[n+]1ccn(C)c1,O=S(=O)([N-]S(=O)(=O)C(F)(F)C(F)(F)F)C(F)(F)C(F)(F)F,IXGKOODVBRRWQB-UHFFFAOYSA-N,SLSPYQCCSCAKIB-UHFFFAOYSA-N,IXGKOODVBRRWQB-UHFFFAOYSA-N||SLSPYQCCSCAKIB-UHFFFAOYSA-N,1,-1,5,6,True,True,True,True,True,retained,
UPR-0081,CCCCCCCCCC[n+]1ccn(C)c1,O=[N+]([O-])[O-],CCCCCCCCCC[n+]1ccn(C)c1,O=[N+]([O-])[O-],LDVVBLGHGCHZBJ-UHFFFAOYSA-N,NHNBFGGVMKEFGY-UHFFFAOYSA-N,LDVVBLGHGCHZBJ-UHFFFAOYSA-N||NHNBFGGVMKEFGY-UHFFFAOYSA-N,1,-1,11,12,True,True,True,True,True,retained,
UPR-0082,CN1C=[N+](C=C1)C,O=S(=O)([O-])O,Cn1cc[n+](C)c1,O=S(=O)([O-])O,HVVRUQBMAZRKPJ-UHFFFAOYSA-N,QAOWNCQODCNURD-UHFFFAOYSA-M,HVVRUQBMAZRKPJ-UHFFFAOYSA-N||QAOWNCQODCNURD-UHFFFAOYSA-M,1,-1,7,12,True,True,True,True,True,retained,
UPR-0083,CC[N+](C)(C)CCOC,[Cl-],CC[N+](C)(C)CCOC,[Cl-],KIJWMNYEVKNAGY-UHFFFAOYSA-N,VEXZGXHMUGYJMC-UHFFFAOYSA-M,KIJWMNYEVKNAGY-UHFFFAOYSA-N||VEXZGXHMUGYJMC-UHFFFAOYSA-M,1,-1,5,28,True,True,True,True,True,retained,
UPR-0084,C(CCC)[N+](C)(CCCC)CCCC,O=S(=O)([O-])C(F)(F)C(F)(F)C(F)(F)C(F)(F)F,CCCC[N+](C)(CCCC)CCCC,O=S(=O)([O-])C(F)(F)C(F)(F)C(F)(F)C(F)(F)F,HJHUXWBTVVFLQI-UHFFFAOYSA-N,JGTNAGYHADQMCM-UHFFFAOYSA-M,HJHUXWBTVVFLQI-UHFFFAOYSA-N||JGTNAGYHADQMCM-UHFFFAOYSA-M,1,-1,5,6,True,True,True,True,True,retained,
UPR-0085,COCC[n+]1ccn(C)c1,FC(F)(F)C(F)(F)[P-](F)(F)(F)(C(F)(F)C(F)(F)F)C(F)(F)C(F)(F)F,COCC[n+]1ccn(C)c1,FC(F)(F)C(F)(F)[P-](F)(F)(F)(C(F)(F)C(F)(F)F)C(F)(F)C(F)(F)F,BYCVVPOEPZGGGL-UHFFFAOYSA-N,OXDZSRZJFHVGGS-UHFFFAOYSA-N,BYCVVPOEPZGGGL-UHFFFAOYSA-N||OXDZSRZJFHVGGS-UHFFFAOYSA-N,1,-1,7,14,True,True,True,True,True,retained,
UPR-0086,C[n+]1ccn(CCO)c1,[Cl-],C[n+]1ccn(CCO)c1,[Cl-],ZGZLRWJZGFRHHQ-UHFFFAOYSA-N,VEXZGXHMUGYJMC-UHFFFAOYSA-M,ZGZLRWJZGFRHHQ-UHFFFAOYSA-N||VEXZGXHMUGYJMC-UHFFFAOYSA-M,1,-1,9,28,True,True,True,True,True,retained,
UPR-0087,CCCCCC[n+]1ccccc1,O=[N+]([O-])c1cn[n-]c1,CCCCCC[n+]1ccccc1,O=[N+]([O-])c1cn[n-]c1,AMKUSFIBHAUBIJ-UHFFFAOYSA-N,IDGLPDIIVPZHRB-UHFFFAOYSA-N,AMKUSFIBHAUBIJ-UHFFFAOYSA-N||IDGLPDIIVPZHRB-UHFFFAOYSA-N,1,-1,7,9,True,True,True,True,True,retained,
UPR-0088,C(CCC)[N+](CCCC)(CCCC)CCCC,N#C[N-]C#N,CCCC[N+](CCCC)(CCCC)CCCC,N#C[N-]C#N,DZLFLBLQUQXARW-UHFFFAOYSA-N,UKDLHLAPDXIAID-UHFFFAOYSA-N,DZLFLBLQUQXARW-UHFFFAOYSA-N||UKDLHLAPDXIAID-UHFFFAOYSA-N,1,-1,8,26,True,True,True,True,True,retained,
UPR-0089,CCCCCCCCCCCCCC[P+](CCCCCC)(CCCCCC)CCCCCC,O=C([O-])C(F)(F)F,CCCCCCCCCCCCCC[P+](CCCCCC)(CCCCCC)CCCCCC,O=C([O-])C(F)(F)F,PYVOHVLEZJMINC-UHFFFAOYSA-N,DTQVDTLACAAQTR-UHFFFAOYSA-M,PYVOHVLEZJMINC-UHFFFAOYSA-N||DTQVDTLACAAQTR-UHFFFAOYSA-M,1,-1,22,12,True,True,True,True,True,retained,
UPR-0090,COCC[n+]1ccn(C)c1,N#C[S-],COCC[n+]1ccn(C)c1,N#C[S-],BYCVVPOEPZGGGL-UHFFFAOYSA-N,ZMZDMBWJUHKJPS-UHFFFAOYSA-M,BYCVVPOEPZGGGL-UHFFFAOYSA-N||ZMZDMBWJUHKJPS-UHFFFAOYSA-M,1,-1,7,13,True,True,True,True,True,retained,
UPR-0091,C(C)[N+]1=CC=CC=C1,CCCC(=O)[O-],CC[n+]1ccccc1,CCCC(=O)[O-],OIDIRWZVUWCCCO-UHFFFAOYSA-N,FERIUCNNQQJTOY-UHFFFAOYSA-M,OIDIRWZVUWCCCO-UHFFFAOYSA-N||FERIUCNNQQJTOY-UHFFFAOYSA-M,1,-1,7,7,True,True,True,True,True,retained,
UPR-0092,CCCCCCCCCCCCCC[P+](CCCCCC)(CCCCCC)CCCCCC,O=S(=O)([O-])O,CCCCCCCCCCCCCC[P+](CCCCCC)(CCCCCC)CCCCCC,O=S(=O)([O-])O,PYVOHVLEZJMINC-UHFFFAOYSA-N,QAOWNCQODCNURD-UHFFFAOYSA-M,PYVOHVLEZJMINC-UHFFFAOYSA-N||QAOWNCQODCNURD-UHFFFAOYSA-M,1,-1,22,12,True,True,True,True,True,retained,
UPR-0093,COCC[n+]1ccn(C)c1,N#C[B-](C#N)(C#N)C#N,COCC[n+]1ccn(C)c1,N#C[B-](C#N)(C#N)C#N,BYCVVPOEPZGGGL-UHFFFAOYSA-N,KDCFMDHINPOTEA-UHFFFAOYSA-N,BYCVVPOEPZGGGL-UHFFFAOYSA-N||KDCFMDHINPOTEA-UHFFFAOYSA-N,1,-1,7,6,True,True,True,True,True,retained,
UPR-0094,C(CCC)[N+](CCCC)(CCCC)CCCC,NCC(=O)[O-],CCCC[N+](CCCC)(CCCC)CCCC,NCC(=O)[O-],DZLFLBLQUQXARW-UHFFFAOYSA-N,DHMQDGOQFOQNFH-UHFFFAOYSA-M,DZLFLBLQUQXARW-UHFFFAOYSA-N||DHMQDGOQFOQNFH-UHFFFAOYSA-M,1,-1,8,5,True,True,True,True,True,retained,
UPR-0095,CCCCCCC[n+]1ccn(C)c1,O=S(=O)([O-])C(F)(F)C(F)(F)C(F)(F)C(F)(F)F,CCCCCCC[n+]1ccn(C)c1,O=S(=O)([O-])C(F)(F)C(F)(F)C(F)(F)C(F)(F)F,FCZZZYZIQDHCIW-UHFFFAOYSA-N,JGTNAGYHADQMCM-UHFFFAOYSA-M,FCZZZYZIQDHCIW-UHFFFAOYSA-N||JGTNAGYHADQMCM-UHFFFAOYSA-M,1,-1,5,6,True,True,True,True,True,retained,
UPR-0096,CCCCCCCCCC[n+]1ccn(C)c1,C(C)OS(=O)(=O)[O-],CCCCCCCCCC[n+]1ccn(C)c1,CCOS(=O)(=O)[O-],LDVVBLGHGCHZBJ-UHFFFAOYSA-N,KIWBPDUYBMNFTB-UHFFFAOYSA-M,LDVVBLGHGCHZBJ-UHFFFAOYSA-N||KIWBPDUYBMNFTB-UHFFFAOYSA-M,1,-1,11,7,True,True,True,True,True,retained,
UPR-0097,CN1C=[NH+]C=C1,C[C@@H](O)[C@H](N)C(=O)[O-],Cn1cc[nH+]c1,C[C@@H](O)[C@H](N)C(=O)[O-],MCTWTZJPVLRJOU-UHFFFAOYSA-O,AYFVYJQAPQTCCC-GBXIJSLDSA-M,MCTWTZJPVLRJOU-UHFFFAOYSA-O||AYFVYJQAPQTCCC-GBXIJSLDSA-M,1,-1,6,7,True,True,True,True,True,retained,
UPR-0098,C(C)[NH3+],O=S(=O)([N-]S(=O)(=O)C(F)(F)C(F)(F)F)C(F)(F)C(F)(F)F,CC[NH3+],O=S(=O)([N-]S(=O)(=O)C(F)(F)C(F)(F)F)C(F)(F)C(F)(F)F,QUSNBJAOOMFDIB-UHFFFAOYSA-O,SLSPYQCCSCAKIB-UHFFFAOYSA-N,QUSNBJAOOMFDIB-UHFFFAOYSA-O||SLSPYQCCSCAKIB-UHFFFAOYSA-N,1,-1,7,6,True,True,True,True,True,retained,
UPR-0099,CN1C=[NH+]C=C1,N#C[S-],Cn1cc[nH+]c1,N#C[S-],MCTWTZJPVLRJOU-UHFFFAOYSA-O,ZMZDMBWJUHKJPS-UHFFFAOYSA-M,MCTWTZJPVLRJOU-UHFFFAOYSA-O||ZMZDMBWJUHKJPS-UHFFFAOYSA-M,1,-1,6,13,True,True,True,True,True,retained,
UPR-0100,C[n+]1ccn(CCO)c1,O=S(=O)([O-])O,C[n+]1ccn(CCO)c1,O=S(=O)([O-])O,ZGZLRWJZGFRHHQ-UHFFFAOYSA-N,QAOWNCQODCNURD-UHFFFAOYSA-M,ZGZLRWJZGFRHHQ-UHFFFAOYSA-N||QAOWNCQODCNURD-UHFFFAOYSA-M,1,-1,9,12,True,True,True,True,True,retained,
UPR-0101,CC[N+](C)(C)CCOC,O=S(=O)(F)[N-]S(=O)(=O)F,CC[N+](C)(C)CCOC,O=S(=O)(F)[N-]S(=O)(=O)F,KIJWMNYEVKNAGY-UHFFFAOYSA-N,NVIANCROYQGROD-UHFFFAOYSA-N,KIJWMNYEVKNAGY-UHFFFAOYSA-N||NVIANCROYQGROD-UHFFFAOYSA-N,1,-1,5,14,True,True,True,True,True,retained,
UPR-0102,CCCC[P+](CCCC)(CCCC)CCCC,O=S(=O)([O-])C(F)(F)F,CCCC[P+](CCCC)(CCCC)CCCC,O=S(=O)([O-])C(F)(F)F,BJQWBACJIAKDTJ-UHFFFAOYSA-N,ITMCEJHCFYSIIV-UHFFFAOYSA-M,BJQWBACJIAKDTJ-UHFFFAOYSA-N||ITMCEJHCFYSIIV-UHFFFAOYSA-M,1,-1,9,28,True,True,True,True,True,retained,
UPR-0103,C(C)[NH3+],O=C([O-])C(F)(F)F,CC[NH3+],O=C([O-])C(F)(F)F,QUSNBJAOOMFDIB-UHFFFAOYSA-O,DTQVDTLACAAQTR-UHFFFAOYSA-M,QUSNBJAOOMFDIB-UHFFFAOYSA-O||DTQVDTLACAAQTR-UHFFFAOYSA-M,1,-1,7,12,True,True,True,True,True,retained,
UPR-0104,COCCCC[n+]1ccn(C)c1,F[P-](F)(F)(F)(F)F,COCCCC[n+]1ccn(C)c1,F[P-](F)(F)(F)(F)F,IXGKOODVBRRWQB-UHFFFAOYSA-N,LJQLCJWAZJINEB-UHFFFAOYSA-N,IXGKOODVBRRWQB-UHFFFAOYSA-N||LJQLCJWAZJINEB-UHFFFAOYSA-N,1,-1,5,20,True,True,True,True,True,retained,
UPR-0105,CCCCCC[n+]1ccn(CCC#N)c1,O=C([O-])C(F)(F)F,CCCCCC[n+]1ccn(CCC#N)c1,O=C([O-])C(F)(F)F,IDRFNBZFUVYEJX-UHFFFAOYSA-N,DTQVDTLACAAQTR-UHFFFAOYSA-M,IDRFNBZFUVYEJX-UHFFFAOYSA-N||DTQVDTLACAAQTR-UHFFFAOYSA-M,1,-1,6,12,True,True,True,True,True,retained,
UPR-0106,C(CCC)[N+](C)(CCCC)CCCC,F[B-](F)(F)F,CCCC[N+](C)(CCCC)CCCC,F[B-](F)(F)F,HJHUXWBTVVFLQI-UHFFFAOYSA-N,ODGCEQLVLXJUCC-UHFFFAOYSA-N,HJHUXWBTVVFLQI-UHFFFAOYSA-N||ODGCEQLVLXJUCC-UHFFFAOYSA-N,1,-1,5,41,True,True,True,True,True,retained,
UPR-0107,COCCCC[n+]1ccn(C)c1,CS(=O)(=O)[O-],COCCCC[n+]1ccn(C)c1,CS(=O)(=O)[O-],IXGKOODVBRRWQB-UHFFFAOYSA-N,AFVFQIVMOAPDHO-UHFFFAOYSA-M,IXGKOODVBRRWQB-UHFFFAOYSA-N||AFVFQIVMOAPDHO-UHFFFAOYSA-M,1,-1,5,10,True,True,True,True,True,retained,
UPR-0108,C=CC[n+]1ccn(C)c1,O=C([O-])C(F)(F)F,C=CC[n+]1ccn(C)c1,O=C([O-])C(F)(F)F,WWVMHGUBIOZASN-UHFFFAOYSA-N,DTQVDTLACAAQTR-UHFFFAOYSA-M,WWVMHGUBIOZASN-UHFFFAOYSA-N||DTQVDTLACAAQTR-UHFFFAOYSA-M,1,-1,7,12,True,True,True,True,True,retained,
UPR-0109,CCCCCCCCCC[n+]1ccn(C)c1,Cc1ccc(S(=O)(=O)[O-])cc1,CCCCCCCCCC[n+]1ccn(C)c1,Cc1ccc(S(=O)(=O)[O-])cc1,LDVVBLGHGCHZBJ-UHFFFAOYSA-N,JOXIMZWYDAKGHI-UHFFFAOYSA-M,LDVVBLGHGCHZBJ-UHFFFAOYSA-N||JOXIMZWYDAKGHI-UHFFFAOYSA-M,1,-1,11,6,True,True,True,True,True,retained,
UPR-0110,CCCCCCC[n+]1ccn(C)c1,[Cl-],CCCCCCC[n+]1ccn(C)c1,[Cl-],FCZZZYZIQDHCIW-UHFFFAOYSA-N,VEXZGXHMUGYJMC-UHFFFAOYSA-M,FCZZZYZIQDHCIW-UHFFFAOYSA-N||VEXZGXHMUGYJMC-UHFFFAOYSA-M,1,-1,5,28,True,True,True,True,True,retained,
UPR-0111,CCCCCC[n+]1ccccc1,NCC(=O)[O-],CCCCCC[n+]1ccccc1,NCC(=O)[O-],AMKUSFIBHAUBIJ-UHFFFAOYSA-N,DHMQDGOQFOQNFH-UHFFFAOYSA-M,AMKUSFIBHAUBIJ-UHFFFAOYSA-N||DHMQDGOQFOQNFH-UHFFFAOYSA-M,1,-1,7,5,True,True,True,True,True,retained,
UPR-0112,C(C)[NH3+],O=[N+]([O-])c1cn[n-]c1,CC[NH3+],O=[N+]([O-])c1cn[n-]c1,QUSNBJAOOMFDIB-UHFFFAOYSA-O,IDGLPDIIVPZHRB-UHFFFAOYSA-N,QUSNBJAOOMFDIB-UHFFFAOYSA-O||IDGLPDIIVPZHRB-UHFFFAOYSA-N,1,-1,7,9,True,True,True,True,True,retained,
UPR-0113,C(CCC)[N+](C)(CCCC)CCCC,[Cl-],CCCC[N+](C)(CCCC)CCCC,[Cl-],HJHUXWBTVVFLQI-UHFFFAOYSA-N,VEXZGXHMUGYJMC-UHFFFAOYSA-M,HJHUXWBTVVFLQI-UHFFFAOYSA-N||VEXZGXHMUGYJMC-UHFFFAOYSA-M,1,-1,5,28,True,True,True,True,True,retained,
UPR-0114,C=CC[n+]1ccn(C)c1,C(C)OS(=O)(=O)[O-],C=CC[n+]1ccn(C)c1,CCOS(=O)(=O)[O-],WWVMHGUBIOZASN-UHFFFAOYSA-N,KIWBPDUYBMNFTB-UHFFFAOYSA-M,WWVMHGUBIOZASN-UHFFFAOYSA-N||KIWBPDUYBMNFTB-UHFFFAOYSA-M,1,-1,7,7,True,True,True,True,True,retained,
UPR-0115,CCCCCCCCCCCCCC[P+](CCCCCC)(CCCCCC)CCCCCC,O=C[O-],CCCCCCCCCCCCCC[P+](CCCCCC)(CCCCCC)CCCCCC,O=C[O-],PYVOHVLEZJMINC-UHFFFAOYSA-N,BDAGIHXWWSANSR-UHFFFAOYSA-M,PYVOHVLEZJMINC-UHFFFAOYSA-N||BDAGIHXWWSANSR-UHFFFAOYSA-M,1,-1,22,14,True,True,True,True,True,retained,
UPR-0116,CCCC[n+]1ccccc1,F[P-](F)(F)(F)(F)F,CCCC[n+]1ccccc1,F[P-](F)(F)(F)(F)F,REACWASHYHDPSQ-UHFFFAOYSA-N,LJQLCJWAZJINEB-UHFFFAOYSA-N,REACWASHYHDPSQ-UHFFFAOYSA-N||LJQLCJWAZJINEB-UHFFFAOYSA-N,1,-1,8,20,True,True,True,True,True,retained,
UPR-0117,CN1C=[NH+]C=C1,Cc1ccc(S(=O)(=O)[O-])cc1,Cn1cc[nH+]c1,Cc1ccc(S(=O)(=O)[O-])cc1,MCTWTZJPVLRJOU-UHFFFAOYSA-O,JOXIMZWYDAKGHI-UHFFFAOYSA-M,MCTWTZJPVLRJOU-UHFFFAOYSA-O||JOXIMZWYDAKGHI-UHFFFAOYSA-M,1,-1,6,6,True,True,True,True,True,retained,
UPR-0118,C[n+]1ccn(CCO)c1,Cc1ccc(S(=O)(=O)[O-])cc1,C[n+]1ccn(CCO)c1,Cc1ccc(S(=O)(=O)[O-])cc1,ZGZLRWJZGFRHHQ-UHFFFAOYSA-N,JOXIMZWYDAKGHI-UHFFFAOYSA-M,ZGZLRWJZGFRHHQ-UHFFFAOYSA-N||JOXIMZWYDAKGHI-UHFFFAOYSA-M,1,-1,9,6,True,True,True,True,True,retained,
UPR-0119,CC[N+](C)(C)CCOC,Cc1ccc(S(=O)(=O)[O-])cc1,CC[N+](C)(C)CCOC,Cc1ccc(S(=O)(=O)[O-])cc1,KIJWMNYEVKNAGY-UHFFFAOYSA-N,JOXIMZWYDAKGHI-UHFFFAOYSA-M,KIJWMNYEVKNAGY-UHFFFAOYSA-N||JOXIMZWYDAKGHI-UHFFFAOYSA-M,1,-1,5,6,True,True,True,True,True,retained,
UPR-0120,COCC[n+]1ccn(C)c1,O=[N+]([O-])c1cn[n-]c1,COCC[n+]1ccn(C)c1,O=[N+]([O-])c1cn[n-]c1,BYCVVPOEPZGGGL-UHFFFAOYSA-N,IDGLPDIIVPZHRB-UHFFFAOYSA-N,BYCVVPOEPZGGGL-UHFFFAOYSA-N||IDGLPDIIVPZHRB-UHFFFAOYSA-N,1,-1,7,9,True,True,True,True,True,retained,
UPR-0121,C(CCC)[N+](CCCC)(CCCC)CCCC,O=C[O-],CCCC[N+](CCCC)(CCCC)CCCC,O=C[O-],DZLFLBLQUQXARW-UHFFFAOYSA-N,BDAGIHXWWSANSR-UHFFFAOYSA-M,DZLFLBLQUQXARW-UHFFFAOYSA-N||BDAGIHXWWSANSR-UHFFFAOYSA-M,1,-1,8,14,True,True,True,True,True,retained,
UPR-0122,CN1C=[N+](C=C1)C,NCC(=O)[O-],Cn1cc[n+](C)c1,NCC(=O)[O-],HVVRUQBMAZRKPJ-UHFFFAOYSA-N,DHMQDGOQFOQNFH-UHFFFAOYSA-M,HVVRUQBMAZRKPJ-UHFFFAOYSA-N||DHMQDGOQFOQNFH-UHFFFAOYSA-M,1,-1,7,5,True,True,True,True,True,retained,
UPR-0123,C(C)[NH3+],N#C[B-](C#N)(C#N)C#N,CC[NH3+],N#C[B-](C#N)(C#N)C#N,QUSNBJAOOMFDIB-UHFFFAOYSA-O,KDCFMDHINPOTEA-UHFFFAOYSA-N,QUSNBJAOOMFDIB-UHFFFAOYSA-O||KDCFMDHINPOTEA-UHFFFAOYSA-N,1,-1,7,6,True,True,True,True,True,retained,
UPR-0124,C(CCC)[N+](C)(CCCC)CCCC,FC(F)(F)C(F)(F)[P-](F)(F)(F)(C(F)(F)C(F)(F)F)C(F)(F)C(F)(F)F,CCCC[N+](C)(CCCC)CCCC,FC(F)(F)C(F)(F)[P-](F)(F)(F)(C(F)(F)C(F)(F)F)C(F)(F)C(F)(F)F,HJHUXWBTVVFLQI-UHFFFAOYSA-N,OXDZSRZJFHVGGS-UHFFFAOYSA-N,HJHUXWBTVVFLQI-UHFFFAOYSA-N||OXDZSRZJFHVGGS-UHFFFAOYSA-N,1,-1,5,14,True,True,True,True,True,retained,
UPR-0125,CCCC[P+](CCCC)(CCCC)CCCC,N#C[S-],CCCC[P+](CCCC)(CCCC)CCCC,N#C[S-],BJQWBACJIAKDTJ-UHFFFAOYSA-N,ZMZDMBWJUHKJPS-UHFFFAOYSA-M,BJQWBACJIAKDTJ-UHFFFAOYSA-N||ZMZDMBWJUHKJPS-UHFFFAOYSA-M,1,-1,9,13,True,True,True,True,True,retained,
UPR-0126,C[n+]1ccn(CCCC#N)c1,[Cl-],C[n+]1ccn(CCCC#N)c1,[Cl-],SROUAIZIOIOQID-UHFFFAOYSA-N,VEXZGXHMUGYJMC-UHFFFAOYSA-M,SROUAIZIOIOQID-UHFFFAOYSA-N||VEXZGXHMUGYJMC-UHFFFAOYSA-M,1,-1,5,28,True,True,True,True,True,retained,
UPR-0127,C(CCC)[N+](C)(CCCC)CCCC,O=[N+]([O-])[O-],CCCC[N+](C)(CCCC)CCCC,O=[N+]([O-])[O-],HJHUXWBTVVFLQI-UHFFFAOYSA-N,NHNBFGGVMKEFGY-UHFFFAOYSA-N,HJHUXWBTVVFLQI-UHFFFAOYSA-N||NHNBFGGVMKEFGY-UHFFFAOYSA-N,1,-1,5,12,True,True,True,True,True,retained,
UPR-0128,CCCC[P+](CCCC)(CCCC)CCCC,Cc1ccc(S(=O)(=O)[O-])cc1,CCCC[P+](CCCC)(CCCC)CCCC,Cc1ccc(S(=O)(=O)[O-])cc1,BJQWBACJIAKDTJ-UHFFFAOYSA-N,JOXIMZWYDAKGHI-UHFFFAOYSA-M,BJQWBACJIAKDTJ-UHFFFAOYSA-N||JOXIMZWYDAKGHI-UHFFFAOYSA-M,1,-1,9,6,True,True,True,True,True,retained,
UPR-0129,COCC[n+]1ccn(C)c1,O=C[O-],COCC[n+]1ccn(C)c1,O=C[O-],BYCVVPOEPZGGGL-UHFFFAOYSA-N,BDAGIHXWWSANSR-UHFFFAOYSA-M,BYCVVPOEPZGGGL-UHFFFAOYSA-N||BDAGIHXWWSANSR-UHFFFAOYSA-M,1,-1,7,14,True,True,True,True,True,retained,
UPR-0130,C(CCC)[N+](C)(CCCC)CCCC,O=[N+]([O-])c1cn[n-]c1,CCCC[N+](C)(CCCC)CCCC,O=[N+]([O-])c1cn[n-]c1,HJHUXWBTVVFLQI-UHFFFAOYSA-N,IDGLPDIIVPZHRB-UHFFFAOYSA-N,HJHUXWBTVVFLQI-UHFFFAOYSA-N||IDGLPDIIVPZHRB-UHFFFAOYSA-N,1,-1,5,9,True,True,True,True,True,retained,
UPR-0131,C[n+]1ccn(CCCC#N)c1,COS(=O)(=O)[O-],C[n+]1ccn(CCCC#N)c1,COS(=O)(=O)[O-],SROUAIZIOIOQID-UHFFFAOYSA-N,JZMJDSHXVKJFKW-UHFFFAOYSA-M,SROUAIZIOIOQID-UHFFFAOYSA-N||JZMJDSHXVKJFKW-UHFFFAOYSA-M,1,-1,5,12,True,True,True,True,True,retained,
UPR-0132,C(CCC)[N+](C)(CCCC)CCCC,N#C[B-](C#N)(C#N)C#N,CCCC[N+](C)(CCCC)CCCC,N#C[B-](C#N)(C#N)C#N,HJHUXWBTVVFLQI-UHFFFAOYSA-N,KDCFMDHINPOTEA-UHFFFAOYSA-N,HJHUXWBTVVFLQI-UHFFFAOYSA-N||KDCFMDHINPOTEA-UHFFFAOYSA-N,1,-1,5,6,True,True,True,True,True,retained,
UPR-0133,C(C)[N+]1=CC=CC=C1,CS(=O)(=O)[O-],CC[n+]1ccccc1,CS(=O)(=O)[O-],OIDIRWZVUWCCCO-UHFFFAOYSA-N,AFVFQIVMOAPDHO-UHFFFAOYSA-M,OIDIRWZVUWCCCO-UHFFFAOYSA-N||AFVFQIVMOAPDHO-UHFFFAOYSA-M,1,-1,7,10,True,True,True,True,True,retained,
UPR-0134,C[n+]1ccn(CCCC#N)c1,Cc1ccc(S(=O)(=O)[O-])cc1,C[n+]1ccn(CCCC#N)c1,Cc1ccc(S(=O)(=O)[O-])cc1,SROUAIZIOIOQID-UHFFFAOYSA-N,JOXIMZWYDAKGHI-UHFFFAOYSA-M,SROUAIZIOIOQID-UHFFFAOYSA-N||JOXIMZWYDAKGHI-UHFFFAOYSA-M,1,-1,5,6,True,True,True,True,True,retained,
UPR-0135,COCC[n+]1ccn(C)c1,O=[N+]([O-])[O-],COCC[n+]1ccn(C)c1,O=[N+]([O-])[O-],BYCVVPOEPZGGGL-UHFFFAOYSA-N,NHNBFGGVMKEFGY-UHFFFAOYSA-N,BYCVVPOEPZGGGL-UHFFFAOYSA-N||NHNBFGGVMKEFGY-UHFFFAOYSA-N,1,-1,7,12,True,True,True,True,True,retained,
UPR-0136,C[n+]1ccn(CCCC#N)c1,NCC(=O)[O-],C[n+]1ccn(CCCC#N)c1,NCC(=O)[O-],SROUAIZIOIOQID-UHFFFAOYSA-N,DHMQDGOQFOQNFH-UHFFFAOYSA-M,SROUAIZIOIOQID-UHFFFAOYSA-N||DHMQDGOQFOQNFH-UHFFFAOYSA-M,1,-1,5,5,True,True,True,True,True,retained,
UPR-0137,C[n+]1ccn(CCCC#N)c1,O=S(=O)([O-])C(F)(F)C(F)(F)C(F)(F)C(F)(F)F,C[n+]1ccn(CCCC#N)c1,O=S(=O)([O-])C(F)(F)C(F)(F)C(F)(F)C(F)(F)F,SROUAIZIOIOQID-UHFFFAOYSA-N,JGTNAGYHADQMCM-UHFFFAOYSA-M,SROUAIZIOIOQID-UHFFFAOYSA-N||JGTNAGYHADQMCM-UHFFFAOYSA-M,1,-1,5,6,True,True,True,True,True,retained,
UPR-0138,C(C)[NH3+],NCC(=O)[O-],CC[NH3+],NCC(=O)[O-],QUSNBJAOOMFDIB-UHFFFAOYSA-O,DHMQDGOQFOQNFH-UHFFFAOYSA-M,QUSNBJAOOMFDIB-UHFFFAOYSA-O||DHMQDGOQFOQNFH-UHFFFAOYSA-M,1,-1,7,5,True,True,True,True,True,retained,
UPR-0139,CCCCCC[n+]1ccn(CCC#N)c1,O=C[O-],CCCCCC[n+]1ccn(CCC#N)c1,O=C[O-],IDRFNBZFUVYEJX-UHFFFAOYSA-N,BDAGIHXWWSANSR-UHFFFAOYSA-M,IDRFNBZFUVYEJX-UHFFFAOYSA-N||BDAGIHXWWSANSR-UHFFFAOYSA-M,1,-1,6,14,True,True,True,True,True,retained,
UPR-0140,COCC[n+]1ccn(C)c1,CCCC(=O)[O-],COCC[n+]1ccn(C)c1,CCCC(=O)[O-],BYCVVPOEPZGGGL-UHFFFAOYSA-N,FERIUCNNQQJTOY-UHFFFAOYSA-M,BYCVVPOEPZGGGL-UHFFFAOYSA-N||FERIUCNNQQJTOY-UHFFFAOYSA-M,1,-1,7,7,True,True,True,True,True,retained,
UPR-0141,CN1C=[NH+]C=C1,CCCC(=O)[O-],Cn1cc[nH+]c1,CCCC(=O)[O-],MCTWTZJPVLRJOU-UHFFFAOYSA-O,FERIUCNNQQJTOY-UHFFFAOYSA-M,MCTWTZJPVLRJOU-UHFFFAOYSA-O||FERIUCNNQQJTOY-UHFFFAOYSA-M,1,-1,6,7,True,True,True,True,True,retained,
UPR-0142,C[n+]1ccn(CCO)c1,O=C[O-],C[n+]1ccn(CCO)c1,O=C[O-],ZGZLRWJZGFRHHQ-UHFFFAOYSA-N,BDAGIHXWWSANSR-UHFFFAOYSA-M,ZGZLRWJZGFRHHQ-UHFFFAOYSA-N||BDAGIHXWWSANSR-UHFFFAOYSA-M,1,-1,9,14,True,True,True,True,True,retained,
UPR-0143,CC[N+](C)(C)CCOC,O=C[O-],CC[N+](C)(C)CCOC,O=C[O-],KIJWMNYEVKNAGY-UHFFFAOYSA-N,BDAGIHXWWSANSR-UHFFFAOYSA-M,KIJWMNYEVKNAGY-UHFFFAOYSA-N||BDAGIHXWWSANSR-UHFFFAOYSA-M,1,-1,5,14,True,True,True,True,True,retained,
UPR-0144,C(C)[NH3+],O=S(=O)([O-])C(F)(F)C(F)F,CC[NH3+],O=S(=O)([O-])C(F)(F)C(F)F,QUSNBJAOOMFDIB-UHFFFAOYSA-O,KZWJWYFPLXRYIL-UHFFFAOYSA-M,QUSNBJAOOMFDIB-UHFFFAOYSA-O||KZWJWYFPLXRYIL-UHFFFAOYSA-M,1,-1,7,6,True,True,True,True,True,retained,
UPR-0145,CCCCCCCC[P+](CC)(CC)CC,O=C[O-],CCCCCCCC[P+](CC)(CC)CC,O=C[O-],QCLVFLIIJODTJU-UHFFFAOYSA-N,BDAGIHXWWSANSR-UHFFFAOYSA-M,QCLVFLIIJODTJU-UHFFFAOYSA-N||BDAGIHXWWSANSR-UHFFFAOYSA-M,1,-1,7,14,True,True,True,True,True,retained,
UPR-0146,C(CCC)[N+](CCCC)(CCCC)CCCC,O=S(=O)([O-])O,CCCC[N+](CCCC)(CCCC)CCCC,O=S(=O)([O-])O,DZLFLBLQUQXARW-UHFFFAOYSA-N,QAOWNCQODCNURD-UHFFFAOYSA-M,DZLFLBLQUQXARW-UHFFFAOYSA-N||QAOWNCQODCNURD-UHFFFAOYSA-M,1,-1,8,12,True,True,True,True,True,retained,
UPR-0147,CCCCCCCC[P+](CC)(CC)CC,N#C[N-]C#N,CCCCCCCC[P+](CC)(CC)CC,N#C[N-]C#N,QCLVFLIIJODTJU-UHFFFAOYSA-N,UKDLHLAPDXIAID-UHFFFAOYSA-N,QCLVFLIIJODTJU-UHFFFAOYSA-N||UKDLHLAPDXIAID-UHFFFAOYSA-N,1,-1,7,26,True,True,True,True,True,retained,
UPR-0148,C(CCC)[N+](CCCC)(CCCC)CCCC,CCCC(=O)[O-],CCCC[N+](CCCC)(CCCC)CCCC,CCCC(=O)[O-],DZLFLBLQUQXARW-UHFFFAOYSA-N,FERIUCNNQQJTOY-UHFFFAOYSA-M,DZLFLBLQUQXARW-UHFFFAOYSA-N||FERIUCNNQQJTOY-UHFFFAOYSA-M,1,-1,8,7,True,True,True,True,True,retained,
UPR-0149,C[n+]1ccn(CCCC#N)c1,O=S(=O)([O-])C(F)(F)C(F)F,C[n+]1ccn(CCCC#N)c1,O=S(=O)([O-])C(F)(F)C(F)F,SROUAIZIOIOQID-UHFFFAOYSA-N,KZWJWYFPLXRYIL-UHFFFAOYSA-M,SROUAIZIOIOQID-UHFFFAOYSA-N||KZWJWYFPLXRYIL-UHFFFAOYSA-M,1,-1,5,6,True,True,True,True,True,retained,
UPR-0150,CCCCCCCCCC[n+]1ccn(C)c1,C[C@@H](O)[C@H](N)C(=O)[O-],CCCCCCCCCC[n+]1ccn(C)c1,C[C@@H](O)[C@H](N)C(=O)[O-],LDVVBLGHGCHZBJ-UHFFFAOYSA-N,AYFVYJQAPQTCCC-GBXIJSLDSA-M,LDVVBLGHGCHZBJ-UHFFFAOYSA-N||AYFVYJQAPQTCCC-GBXIJSLDSA-M,1,-1,11,7,True,True,True,True,True,retained,
UPR-0151,C=CC[n+]1ccn(C)c1,FC(F)(F)C(F)(F)[P-](F)(F)(F)(C(F)(F)C(F)(F)F)C(F)(F)C(F)(F)F,C=CC[n+]1ccn(C)c1,FC(F)(F)C(F)(F)[P-](F)(F)(F)(C(F)(F)C(F)(F)F)C(F)(F)C(F)(F)F,WWVMHGUBIOZASN-UHFFFAOYSA-N,OXDZSRZJFHVGGS-UHFFFAOYSA-N,WWVMHGUBIOZASN-UHFFFAOYSA-N||OXDZSRZJFHVGGS-UHFFFAOYSA-N,1,-1,7,14,True,True,True,True,True,retained,
UPR-0152,CCCCCC[n+]1ccn(C)c1,O=S(=O)(F)[N-]S(=O)(=O)F,CCCCCC[n+]1ccn(C)c1,O=S(=O)(F)[N-]S(=O)(=O)F,RVEJOWGVUQQIIZ-UHFFFAOYSA-N,NVIANCROYQGROD-UHFFFAOYSA-N,RVEJOWGVUQQIIZ-UHFFFAOYSA-N||NVIANCROYQGROD-UHFFFAOYSA-N,1,-1,22,14,True,True,True,True,True,retained,
UPR-0153,CCCCCCCCCCCCCC[P+](CCCCCC)(CCCCCC)CCCCCC,NCC(=O)[O-],CCCCCCCCCCCCCC[P+](CCCCCC)(CCCCCC)CCCCCC,NCC(=O)[O-],PYVOHVLEZJMINC-UHFFFAOYSA-N,DHMQDGOQFOQNFH-UHFFFAOYSA-M,PYVOHVLEZJMINC-UHFFFAOYSA-N||DHMQDGOQFOQNFH-UHFFFAOYSA-M,1,-1,22,5,True,True,True,True,True,retained,
UPR-0154,COCCCC[n+]1ccn(C)c1,O=C([O-])C(F)(F)F,COCCCC[n+]1ccn(C)c1,O=C([O-])C(F)(F)F,IXGKOODVBRRWQB-UHFFFAOYSA-N,DTQVDTLACAAQTR-UHFFFAOYSA-M,IXGKOODVBRRWQB-UHFFFAOYSA-N||DTQVDTLACAAQTR-UHFFFAOYSA-M,1,-1,5,12,True,True,True,True,True,retained,
UPR-0155,CN1C=[NH+]C=C1,N#C[B-](C#N)(C#N)C#N,Cn1cc[nH+]c1,N#C[B-](C#N)(C#N)C#N,MCTWTZJPVLRJOU-UHFFFAOYSA-O,KDCFMDHINPOTEA-UHFFFAOYSA-N,MCTWTZJPVLRJOU-UHFFFAOYSA-O||KDCFMDHINPOTEA-UHFFFAOYSA-N,1,-1,6,6,True,True,True,True,True,retained,
UPR-0156,CCCC[P+](CCCC)(CCCC)CCCC,FC(S(=O)(=O)[N-]S(=O)(=O)C(F)(F)F)(F)F,CCCC[P+](CCCC)(CCCC)CCCC,O=S(=O)([N-]S(=O)(=O)C(F)(F)F)C(F)(F)F,BJQWBACJIAKDTJ-UHFFFAOYSA-N,NHHWJSXMTZIPES-UHFFFAOYSA-N,BJQWBACJIAKDTJ-UHFFFAOYSA-N||NHHWJSXMTZIPES-UHFFFAOYSA-N,1,-1,9,169,True,True,True,True,True,retained,
UPR-0157,CN1C=[N+](C=C1)C,O=S(=O)([O-])C(F)(F)C(F)F,Cn1cc[n+](C)c1,O=S(=O)([O-])C(F)(F)C(F)F,HVVRUQBMAZRKPJ-UHFFFAOYSA-N,KZWJWYFPLXRYIL-UHFFFAOYSA-M,HVVRUQBMAZRKPJ-UHFFFAOYSA-N||KZWJWYFPLXRYIL-UHFFFAOYSA-M,1,-1,7,6,True,True,True,True,True,retained,
UPR-0158,CC[N+](C)(C)CCOC,O=C([O-])C(F)(F)F,CC[N+](C)(C)CCOC,O=C([O-])C(F)(F)F,KIJWMNYEVKNAGY-UHFFFAOYSA-N,DTQVDTLACAAQTR-UHFFFAOYSA-M,KIJWMNYEVKNAGY-UHFFFAOYSA-N||DTQVDTLACAAQTR-UHFFFAOYSA-M,1,-1,5,12,True,True,True,True,True,retained,
UPR-0159,C(CCC)[N+](CCCC)(CCCC)CCCC,O=S(=O)([N-]S(=O)(=O)C(F)(F)C(F)(F)F)C(F)(F)C(F)(F)F,CCCC[N+](CCCC)(CCCC)CCCC,O=S(=O)([N-]S(=O)(=O)C(F)(F)C(F)(F)F)C(F)(F)C(F)(F)F,DZLFLBLQUQXARW-UHFFFAOYSA-N,SLSPYQCCSCAKIB-UHFFFAOYSA-N,DZLFLBLQUQXARW-UHFFFAOYSA-N||SLSPYQCCSCAKIB-UHFFFAOYSA-N,1,-1,8,6,True,True,True,True,True,retained,
UPR-0160,C(CCC)[N+](C)(CCCC)CCCC,COS(=O)(=O)[O-],CCCC[N+](C)(CCCC)CCCC,COS(=O)(=O)[O-],HJHUXWBTVVFLQI-UHFFFAOYSA-N,JZMJDSHXVKJFKW-UHFFFAOYSA-M,HJHUXWBTVVFLQI-UHFFFAOYSA-N||JZMJDSHXVKJFKW-UHFFFAOYSA-M,1,-1,5,12,True,True,True,True,True,retained,
UPR-0161,COCCCC[n+]1ccn(C)c1,N#C[N-]C#N,COCCCC[n+]1ccn(C)c1,N#C[N-]C#N,IXGKOODVBRRWQB-UHFFFAOYSA-N,UKDLHLAPDXIAID-UHFFFAOYSA-N,IXGKOODVBRRWQB-UHFFFAOYSA-N||UKDLHLAPDXIAID-UHFFFAOYSA-N,1,-1,5,26,True,True,True,True,True,retained,
UPR-0162,COCCCC[n+]1ccn(C)c1,FC(S(=O)(=O)[N-]S(=O)(=O)C(F)(F)F)(F)F,COCCCC[n+]1ccn(C)c1,O=S(=O)([N-]S(=O)(=O)C(F)(F)F)C(F)(F)F,IXGKOODVBRRWQB-UHFFFAOYSA-N,NHHWJSXMTZIPES-UHFFFAOYSA-N,IXGKOODVBRRWQB-UHFFFAOYSA-N||NHHWJSXMTZIPES-UHFFFAOYSA-N,1,-1,5,169,True,True,True,True,True,retained,
UPR-0163,CCCCCCCC[P+](CC)(CC)CC,O=S(=O)(F)[N-]S(=O)(=O)F,CCCCCCCC[P+](CC)(CC)CC,O=S(=O)(F)[N-]S(=O)(=O)F,QCLVFLIIJODTJU-UHFFFAOYSA-N,NVIANCROYQGROD-UHFFFAOYSA-N,QCLVFLIIJODTJU-UHFFFAOYSA-N||NVIANCROYQGROD-UHFFFAOYSA-N,1,-1,7,14,True,True,True,True,True,retained,
UPR-0164,CCCCCC[n+]1ccn(CCC#N)c1,O=S(=O)([N-]S(=O)(=O)C(F)(F)C(F)(F)F)C(F)(F)C(F)(F)F,CCCCCC[n+]1ccn(CCC#N)c1,O=S(=O)([N-]S(=O)(=O)C(F)(F)C(F)(F)F)C(F)(F)C(F)(F)F,IDRFNBZFUVYEJX-UHFFFAOYSA-N,SLSPYQCCSCAKIB-UHFFFAOYSA-N,IDRFNBZFUVYEJX-UHFFFAOYSA-N||SLSPYQCCSCAKIB-UHFFFAOYSA-N,1,-1,6,6,True,True,True,True,True,retained,
UPR-0165,CC[N+](C)(C)CCOC,N#C[N-]C#N,CC[N+](C)(C)CCOC,N#C[N-]C#N,KIJWMNYEVKNAGY-UHFFFAOYSA-N,UKDLHLAPDXIAID-UHFFFAOYSA-N,KIJWMNYEVKNAGY-UHFFFAOYSA-N||UKDLHLAPDXIAID-UHFFFAOYSA-N,1,-1,5,26,True,True,True,True,True,retained,
UPR-0166,CCCCCCC[n+]1ccn(C)c1,N#C[S-],CCCCCCC[n+]1ccn(C)c1,N#C[S-],FCZZZYZIQDHCIW-UHFFFAOYSA-N,ZMZDMBWJUHKJPS-UHFFFAOYSA-M,FCZZZYZIQDHCIW-UHFFFAOYSA-N||ZMZDMBWJUHKJPS-UHFFFAOYSA-M,1,-1,5,13,True,True,True,True,True,retained,
UPR-0167,C(C)[N+]1=CC=CC=C1,O=C[O-],CC[n+]1ccccc1,O=C[O-],OIDIRWZVUWCCCO-UHFFFAOYSA-N,BDAGIHXWWSANSR-UHFFFAOYSA-M,OIDIRWZVUWCCCO-UHFFFAOYSA-N||BDAGIHXWWSANSR-UHFFFAOYSA-M,1,-1,7,14,True,True,True,True,True,retained,
UPR-0168,CCCCCC[n+]1ccn(CCC#N)c1,N#C[N-]C#N,CCCCCC[n+]1ccn(CCC#N)c1,N#C[N-]C#N,IDRFNBZFUVYEJX-UHFFFAOYSA-N,UKDLHLAPDXIAID-UHFFFAOYSA-N,IDRFNBZFUVYEJX-UHFFFAOYSA-N||UKDLHLAPDXIAID-UHFFFAOYSA-N,1,-1,6,26,True,True,True,True,True,retained,
UPR-0169,CCCCCCC[n+]1ccn(C)c1,N#C[B-](C#N)(C#N)C#N,CCCCCCC[n+]1ccn(C)c1,N#C[B-](C#N)(C#N)C#N,FCZZZYZIQDHCIW-UHFFFAOYSA-N,KDCFMDHINPOTEA-UHFFFAOYSA-N,FCZZZYZIQDHCIW-UHFFFAOYSA-N||KDCFMDHINPOTEA-UHFFFAOYSA-N,1,-1,5,6,True,True,True,True,True,retained,
UPR-0170,C(CCC)[N+](CCCC)(CCCC)CCCC,C[C@@H](O)[C@H](N)C(=O)[O-],CCCC[N+](CCCC)(CCCC)CCCC,C[C@@H](O)[C@H](N)C(=O)[O-],DZLFLBLQUQXARW-UHFFFAOYSA-N,AYFVYJQAPQTCCC-GBXIJSLDSA-M,DZLFLBLQUQXARW-UHFFFAOYSA-N||AYFVYJQAPQTCCC-GBXIJSLDSA-M,1,-1,8,7,True,True,True,True,True,retained,
UPR-0171,C[n+]1ccn(CCCC#N)c1,F[P-](F)(F)(F)(F)F,C[n+]1ccn(CCCC#N)c1,F[P-](F)(F)(F)(F)F,SROUAIZIOIOQID-UHFFFAOYSA-N,LJQLCJWAZJINEB-UHFFFAOYSA-N,SROUAIZIOIOQID-UHFFFAOYSA-N||LJQLCJWAZJINEB-UHFFFAOYSA-N,1,-1,5,20,True,True,True,True,True,retained,
UPR-0172,CCCCCCCC[P+](CC)(CC)CC,NCC(=O)[O-],CCCCCCCC[P+](CC)(CC)CC,NCC(=O)[O-],QCLVFLIIJODTJU-UHFFFAOYSA-N,DHMQDGOQFOQNFH-UHFFFAOYSA-M,QCLVFLIIJODTJU-UHFFFAOYSA-N||DHMQDGOQFOQNFH-UHFFFAOYSA-M,1,-1,7,5,True,True,True,True,True,retained,
UPR-0173,CC[N+](C)(C)CCOC,NCC(=O)[O-],CC[N+](C)(C)CCOC,NCC(=O)[O-],KIJWMNYEVKNAGY-UHFFFAOYSA-N,DHMQDGOQFOQNFH-UHFFFAOYSA-M,KIJWMNYEVKNAGY-UHFFFAOYSA-N||DHMQDGOQFOQNFH-UHFFFAOYSA-M,1,-1,5,5,True,True,True,True,True,retained,
UPR-0174,CN1C=[N+](C=C1)C,[Br-],Cn1cc[n+](C)c1,[Br-],HVVRUQBMAZRKPJ-UHFFFAOYSA-N,CPELXLSAUQHCOX-UHFFFAOYSA-M,HVVRUQBMAZRKPJ-UHFFFAOYSA-N||CPELXLSAUQHCOX-UHFFFAOYSA-M,1,-1,7,38,True,True,True,True,True,retained,
UPR-0175,COCC[n+]1ccn(C)c1,O=S(=O)([O-])O,COCC[n+]1ccn(C)c1,O=S(=O)([O-])O,BYCVVPOEPZGGGL-UHFFFAOYSA-N,QAOWNCQODCNURD-UHFFFAOYSA-M,BYCVVPOEPZGGGL-UHFFFAOYSA-N||QAOWNCQODCNURD-UHFFFAOYSA-M,1,-1,7,12,True,True,True,True,True,retained,
UPR-0176,CN1C=[NH+]C=C1,CS(=O)(=O)[O-],Cn1cc[nH+]c1,CS(=O)(=O)[O-],MCTWTZJPVLRJOU-UHFFFAOYSA-O,AFVFQIVMOAPDHO-UHFFFAOYSA-M,MCTWTZJPVLRJOU-UHFFFAOYSA-O||AFVFQIVMOAPDHO-UHFFFAOYSA-M,1,-1,6,10,True,True,True,True,True,retained,
UPR-0177,COCCCC[n+]1ccn(C)c1,O=S(=O)(F)[N-]S(=O)(=O)F,COCCCC[n+]1ccn(C)c1,O=S(=O)(F)[N-]S(=O)(=O)F,IXGKOODVBRRWQB-UHFFFAOYSA-N,NVIANCROYQGROD-UHFFFAOYSA-N,IXGKOODVBRRWQB-UHFFFAOYSA-N||NVIANCROYQGROD-UHFFFAOYSA-N,1,-1,5,14,True,True,True,True,True,retained,
UPR-0178,C(CCC)[N+](C)(CCCC)CCCC,O=S(=O)([O-])C(F)(F)C(F)F,CCCC[N+](C)(CCCC)CCCC,O=S(=O)([O-])C(F)(F)C(F)F,HJHUXWBTVVFLQI-UHFFFAOYSA-N,KZWJWYFPLXRYIL-UHFFFAOYSA-M,HJHUXWBTVVFLQI-UHFFFAOYSA-N||KZWJWYFPLXRYIL-UHFFFAOYSA-M,1,-1,5,6,True,True,True,True,True,retained,
UPR-0179,CN1C=[N+](C=C1)C,O=S(=O)([N-]S(=O)(=O)C(F)(F)C(F)(F)F)C(F)(F)C(F)(F)F,Cn1cc[n+](C)c1,O=S(=O)([N-]S(=O)(=O)C(F)(F)C(F)(F)F)C(F)(F)C(F)(F)F,HVVRUQBMAZRKPJ-UHFFFAOYSA-N,SLSPYQCCSCAKIB-UHFFFAOYSA-N,HVVRUQBMAZRKPJ-UHFFFAOYSA-N||SLSPYQCCSCAKIB-UHFFFAOYSA-N,1,-1,7,6,True,True,True,True,True,retained,
UPR-0180,CCCCCC[n+]1ccn(CCC#N)c1,O=S(=O)(F)[N-]S(=O)(=O)F,CCCCCC[n+]1ccn(CCC#N)c1,O=S(=O)(F)[N-]S(=O)(=O)F,IDRFNBZFUVYEJX-UHFFFAOYSA-N,NVIANCROYQGROD-UHFFFAOYSA-N,IDRFNBZFUVYEJX-UHFFFAOYSA-N||NVIANCROYQGROD-UHFFFAOYSA-N,1,-1,6,14,True,True,True,True,True,retained,
UPR-0181,CN1C=[N+](C=C1)C,O=[N+]([O-])[O-],Cn1cc[n+](C)c1,O=[N+]([O-])[O-],HVVRUQBMAZRKPJ-UHFFFAOYSA-N,NHNBFGGVMKEFGY-UHFFFAOYSA-N,HVVRUQBMAZRKPJ-UHFFFAOYSA-N||NHNBFGGVMKEFGY-UHFFFAOYSA-N,1,-1,7,12,True,True,True,True,True,retained,
UPR-0182,CCCCCCCCCC[n+]1ccn(C)c1,O=C([O-])C(F)(F)F,CCCCCCCCCC[n+]1ccn(C)c1,O=C([O-])C(F)(F)F,LDVVBLGHGCHZBJ-UHFFFAOYSA-N,DTQVDTLACAAQTR-UHFFFAOYSA-M,LDVVBLGHGCHZBJ-UHFFFAOYSA-N||DTQVDTLACAAQTR-UHFFFAOYSA-M,1,-1,11,12,True,True,True,True,True,retained,
UPR-0183,C[n+]1ccn(CCCC#N)c1,N#C[C-](C#N)C#N,C[n+]1ccn(CCCC#N)c1,N#C[C-](C#N)C#N,SROUAIZIOIOQID-UHFFFAOYSA-N,CXERBOODJDWFQL-UHFFFAOYSA-N,SROUAIZIOIOQID-UHFFFAOYSA-N||CXERBOODJDWFQL-UHFFFAOYSA-N,1,-1,5,8,True,True,True,True,True,retained,
UPR-0184,CCCCCC[n+]1ccn(C)c1,CS(=O)(=O)[O-],CCCCCC[n+]1ccn(C)c1,CS(=O)(=O)[O-],RVEJOWGVUQQIIZ-UHFFFAOYSA-N,AFVFQIVMOAPDHO-UHFFFAOYSA-M,RVEJOWGVUQQIIZ-UHFFFAOYSA-N||AFVFQIVMOAPDHO-UHFFFAOYSA-M,1,-1,22,10,True,True,True,True,True,retained,
UPR-0185,C=CC[n+]1ccn(C)c1,N#C[C-](C#N)C#N,C=CC[n+]1ccn(C)c1,N#C[C-](C#N)C#N,WWVMHGUBIOZASN-UHFFFAOYSA-N,CXERBOODJDWFQL-UHFFFAOYSA-N,WWVMHGUBIOZASN-UHFFFAOYSA-N||CXERBOODJDWFQL-UHFFFAOYSA-N,1,-1,7,8,True,True,True,True,True,retained,
UPR-0186,CCC[n+]1ccn(C)c1,O=[N+]([O-])c1cn[n-]c1,CCC[n+]1ccn(C)c1,O=[N+]([O-])c1cn[n-]c1,WVDDUSFOSWWJJH-UHFFFAOYSA-N,IDGLPDIIVPZHRB-UHFFFAOYSA-N,WVDDUSFOSWWJJH-UHFFFAOYSA-N||IDGLPDIIVPZHRB-UHFFFAOYSA-N,1,-1,14,9,True,True,True,True,True,retained,
UPR-0187,CN1C=[NH+]C=C1,O=C([O-])C(F)(F)F,Cn1cc[nH+]c1,O=C([O-])C(F)(F)F,MCTWTZJPVLRJOU-UHFFFAOYSA-O,DTQVDTLACAAQTR-UHFFFAOYSA-M,MCTWTZJPVLRJOU-UHFFFAOYSA-O||DTQVDTLACAAQTR-UHFFFAOYSA-M,1,-1,6,12,True,True,True,True,True,retained,
UPR-0188,C(CCC)[N+](CCCC)(CCCC)CCCC,F[P-](F)(F)(F)(F)F,CCCC[N+](CCCC)(CCCC)CCCC,F[P-](F)(F)(F)(F)F,DZLFLBLQUQXARW-UHFFFAOYSA-N,LJQLCJWAZJINEB-UHFFFAOYSA-N,DZLFLBLQUQXARW-UHFFFAOYSA-N||LJQLCJWAZJINEB-UHFFFAOYSA-N,1,-1,8,20,True,True,True,True,True,retained,
UPR-0189,C=CC[n+]1ccn(C)c1,F[B-](F)(F)F,C=CC[n+]1ccn(C)c1,F[B-](F)(F)F,WWVMHGUBIOZASN-UHFFFAOYSA-N,ODGCEQLVLXJUCC-UHFFFAOYSA-N,WWVMHGUBIOZASN-UHFFFAOYSA-N||ODGCEQLVLXJUCC-UHFFFAOYSA-N,1,-1,7,41,True,True,True,True,True,retained,
UPR-0190,CCCCCCCCCCCCCC[P+](CCCCCC)(CCCCCC)CCCCCC,CCC(=O)[O-],CCCCCCCCCCCCCC[P+](CCCCCC)(CCCCCC)CCCCCC,CCC(=O)[O-],PYVOHVLEZJMINC-UHFFFAOYSA-N,XBDQKXXYIPTUBI-UHFFFAOYSA-M,PYVOHVLEZJMINC-UHFFFAOYSA-N||XBDQKXXYIPTUBI-UHFFFAOYSA-M,1,-1,22,7,True,True,True,True,True,retained,
UPR-0191,CCCCCCCCCCCCCC[P+](CCCCCC)(CCCCCC)CCCCCC,COS(=O)(=O)[O-],CCCCCCCCCCCCCC[P+](CCCCCC)(CCCCCC)CCCCCC,COS(=O)(=O)[O-],PYVOHVLEZJMINC-UHFFFAOYSA-N,JZMJDSHXVKJFKW-UHFFFAOYSA-M,PYVOHVLEZJMINC-UHFFFAOYSA-N||JZMJDSHXVKJFKW-UHFFFAOYSA-M,1,-1,22,12,True,True,True,True,True,retained,
UPR-0192,CCCCCCCCCC[n+]1ccn(C)c1,C[C@H](N)C(=O)[O-],CCCCCCCCCC[n+]1ccn(C)c1,C[C@H](N)C(=O)[O-],LDVVBLGHGCHZBJ-UHFFFAOYSA-N,QNAYBMKLOCPYGJ-REOHCLBHSA-M,LDVVBLGHGCHZBJ-UHFFFAOYSA-N||QNAYBMKLOCPYGJ-REOHCLBHSA-M,1,-1,11,7,True,True,True,True,True,retained,
UPR-0193,C(CCC)[N+](CCCC)(CCCC)CCCC,FC(S(=O)(=O)[N-]S(=O)(=O)C(F)(F)F)(F)F,CCCC[N+](CCCC)(CCCC)CCCC,O=S(=O)([N-]S(=O)(=O)C(F)(F)F)C(F)(F)F,DZLFLBLQUQXARW-UHFFFAOYSA-N,NHHWJSXMTZIPES-UHFFFAOYSA-N,DZLFLBLQUQXARW-UHFFFAOYSA-N||NHHWJSXMTZIPES-UHFFFAOYSA-N,1,-1,8,169,True,True,True,True,True,retained,
UPR-0194,C[n+]1ccn(CCO)c1,CS(=O)(=O)[O-],C[n+]1ccn(CCO)c1,CS(=O)(=O)[O-],ZGZLRWJZGFRHHQ-UHFFFAOYSA-N,AFVFQIVMOAPDHO-UHFFFAOYSA-M,ZGZLRWJZGFRHHQ-UHFFFAOYSA-N||AFVFQIVMOAPDHO-UHFFFAOYSA-M,1,-1,9,10,True,True,True,True,True,retained,
UPR-0195,CCCCCCCC[P+](CC)(CC)CC,CS(=O)(=O)[O-],CCCCCCCC[P+](CC)(CC)CC,CS(=O)(=O)[O-],QCLVFLIIJODTJU-UHFFFAOYSA-N,AFVFQIVMOAPDHO-UHFFFAOYSA-M,QCLVFLIIJODTJU-UHFFFAOYSA-N||AFVFQIVMOAPDHO-UHFFFAOYSA-M,1,-1,7,10,True,True,True,True,True,retained,
UPR-0196,CC[N+](C)(C)CCOC,CS(=O)(=O)[O-],CC[N+](C)(C)CCOC,CS(=O)(=O)[O-],KIJWMNYEVKNAGY-UHFFFAOYSA-N,AFVFQIVMOAPDHO-UHFFFAOYSA-M,KIJWMNYEVKNAGY-UHFFFAOYSA-N||AFVFQIVMOAPDHO-UHFFFAOYSA-M,1,-1,5,10,True,True,True,True,True,retained,
UPR-0197,CCCC[n+]1ccn(CC)c1,O=S(=O)([N-]S(=O)(=O)C(F)(F)C(F)(F)F)C(F)(F)C(F)(F)F,CCCC[n+]1ccn(CC)c1,O=S(=O)([N-]S(=O)(=O)C(F)(F)C(F)(F)F)C(F)(F)C(F)(F)F,JYARJXBHOOZQQD-UHFFFAOYSA-N,SLSPYQCCSCAKIB-UHFFFAOYSA-N,JYARJXBHOOZQQD-UHFFFAOYSA-N||SLSPYQCCSCAKIB-UHFFFAOYSA-N,1,-1,6,6,True,True,True,True,True,retained,
UPR-0198,CCCCCC[n+]1ccn(CCC#N)c1,CS(=O)(=O)[O-],CCCCCC[n+]1ccn(CCC#N)c1,CS(=O)(=O)[O-],IDRFNBZFUVYEJX-UHFFFAOYSA-N,AFVFQIVMOAPDHO-UHFFFAOYSA-M,IDRFNBZFUVYEJX-UHFFFAOYSA-N||AFVFQIVMOAPDHO-UHFFFAOYSA-M,1,-1,6,10,True,True,True,True,True,retained,
UPR-0199,COCC[n+]1ccn(C)c1,O=S(=O)([O-])C(F)(F)C(F)(F)C(F)(F)C(F)(F)F,COCC[n+]1ccn(C)c1,O=S(=O)([O-])C(F)(F)C(F)(F)C(F)(F)C(F)(F)F,BYCVVPOEPZGGGL-UHFFFAOYSA-N,JGTNAGYHADQMCM-UHFFFAOYSA-M,BYCVVPOEPZGGGL-UHFFFAOYSA-N||JGTNAGYHADQMCM-UHFFFAOYSA-M,1,-1,7,6,True,True,True,True,True,retained,
UPR-0200,C(C)[NH3+],O=S(=O)(F)[N-]S(=O)(=O)F,CC[NH3+],O=S(=O)(F)[N-]S(=O)(=O)F,QUSNBJAOOMFDIB-UHFFFAOYSA-O,NVIANCROYQGROD-UHFFFAOYSA-N,QUSNBJAOOMFDIB-UHFFFAOYSA-O||NVIANCROYQGROD-UHFFFAOYSA-N,1,-1,7,14,True,True,True,True,True,retained,
UPR-0201,CCCCCCCCCC[n+]1ccn(C)c1,O=S(=O)([O-])C(F)(F)C(F)F,CCCCCCCCCC[n+]1ccn(C)c1,O=S(=O)([O-])C(F)(F)C(F)F,LDVVBLGHGCHZBJ-UHFFFAOYSA-N,KZWJWYFPLXRYIL-UHFFFAOYSA-M,LDVVBLGHGCHZBJ-UHFFFAOYSA-N||KZWJWYFPLXRYIL-UHFFFAOYSA-M,1,-1,11,6,True,True,True,True,True,retained,
UPR-0202,C(C)[N+]1=CC=CC=C1,O=S(=O)([O-])C(F)(F)C(F)(F)C(F)(F)C(F)(F)F,CC[n+]1ccccc1,O=S(=O)([O-])C(F)(F)C(F)(F)C(F)(F)C(F)(F)F,OIDIRWZVUWCCCO-UHFFFAOYSA-N,JGTNAGYHADQMCM-UHFFFAOYSA-M,OIDIRWZVUWCCCO-UHFFFAOYSA-N||JGTNAGYHADQMCM-UHFFFAOYSA-M,1,-1,7,6,True,True,True,True,True,retained,
UPR-0203,CCCCCCCCCCCCCC[P+](CCCCCC)(CCCCCC)CCCCCC,O=S(=O)([O-])C(F)(F)C(F)F,CCCCCCCCCCCCCC[P+](CCCCCC)(CCCCCC)CCCCCC,O=S(=O)([O-])C(F)(F)C(F)F,PYVOHVLEZJMINC-UHFFFAOYSA-N,KZWJWYFPLXRYIL-UHFFFAOYSA-M,PYVOHVLEZJMINC-UHFFFAOYSA-N||KZWJWYFPLXRYIL-UHFFFAOYSA-M,1,-1,22,6,True,True,True,True,True,retained,
UPR-0204,C[n+]1ccn(CCO)c1,O=S(=O)([O-])C(F)(F)C(F)F,C[n+]1ccn(CCO)c1,O=S(=O)([O-])C(F)(F)C(F)F,ZGZLRWJZGFRHHQ-UHFFFAOYSA-N,KZWJWYFPLXRYIL-UHFFFAOYSA-M,ZGZLRWJZGFRHHQ-UHFFFAOYSA-N||KZWJWYFPLXRYIL-UHFFFAOYSA-M,1,-1,9,6,True,True,True,True,True,retained,
UPR-0205,CC[N+](C)(C)CCOC,O=S(=O)([O-])C(F)(F)C(F)F,CC[N+](C)(C)CCOC,O=S(=O)([O-])C(F)(F)C(F)F,KIJWMNYEVKNAGY-UHFFFAOYSA-N,KZWJWYFPLXRYIL-UHFFFAOYSA-M,KIJWMNYEVKNAGY-UHFFFAOYSA-N||KZWJWYFPLXRYIL-UHFFFAOYSA-M,1,-1,5,6,True,True,True,True,True,retained,
UPR-0206,CCCCCCCCCC[n+]1ccn(C)c1,FC(F)(F)C(F)(F)[P-](F)(F)(F)(C(F)(F)C(F)(F)F)C(F)(F)C(F)(F)F,CCCCCCCCCC[n+]1ccn(C)c1,FC(F)(F)C(F)(F)[P-](F)(F)(F)(C(F)(F)C(F)(F)F)C(F)(F)C(F)(F)F,LDVVBLGHGCHZBJ-UHFFFAOYSA-N,OXDZSRZJFHVGGS-UHFFFAOYSA-N,LDVVBLGHGCHZBJ-UHFFFAOYSA-N||OXDZSRZJFHVGGS-UHFFFAOYSA-N,1,-1,11,14,True,True,True,True,True,retained,
UPR-0207,COCC[n+]1ccn(C)c1,C(C)OS(=O)(=O)[O-],COCC[n+]1ccn(C)c1,CCOS(=O)(=O)[O-],BYCVVPOEPZGGGL-UHFFFAOYSA-N,KIWBPDUYBMNFTB-UHFFFAOYSA-M,BYCVVPOEPZGGGL-UHFFFAOYSA-N||KIWBPDUYBMNFTB-UHFFFAOYSA-M,1,-1,7,7,True,True,True,True,True,retained,
UPR-0208,CC[N+](C)(C)CCOC,O=S(=O)([N-]S(=O)(=O)C(F)(F)C(F)(F)F)C(F)(F)C(F)(F)F,CC[N+](C)(C)CCOC,O=S(=O)([N-]S(=O)(=O)C(F)(F)C(F)(F)F)C(F)(F)C(F)(F)F,KIJWMNYEVKNAGY-UHFFFAOYSA-N,SLSPYQCCSCAKIB-UHFFFAOYSA-N,KIJWMNYEVKNAGY-UHFFFAOYSA-N||SLSPYQCCSCAKIB-UHFFFAOYSA-N,1,-1,5,6,True,True,True,True,True,retained,
UPR-0209,CCCCCC[n+]1ccccc1,N#C[C-](C#N)C#N,CCCCCC[n+]1ccccc1,N#C[C-](C#N)C#N,AMKUSFIBHAUBIJ-UHFFFAOYSA-N,CXERBOODJDWFQL-UHFFFAOYSA-N,AMKUSFIBHAUBIJ-UHFFFAOYSA-N||CXERBOODJDWFQL-UHFFFAOYSA-N,1,-1,7,8,True,True,True,True,True,retained,
UPR-0210,CCCCCCCC[P+](CC)(CC)CC,F[B-](F)(F)F,CCCCCCCC[P+](CC)(CC)CC,F[B-](F)(F)F,QCLVFLIIJODTJU-UHFFFAOYSA-N,ODGCEQLVLXJUCC-UHFFFAOYSA-N,QCLVFLIIJODTJU-UHFFFAOYSA-N||ODGCEQLVLXJUCC-UHFFFAOYSA-N,1,-1,7,41,True,True,True,True,True,retained,
UPR-0211,CCCC[P+](CCCC)(CCCC)CCCC,C(C)OS(=O)(=O)[O-],CCCC[P+](CCCC)(CCCC)CCCC,CCOS(=O)(=O)[O-],BJQWBACJIAKDTJ-UHFFFAOYSA-N,KIWBPDUYBMNFTB-UHFFFAOYSA-M,BJQWBACJIAKDTJ-UHFFFAOYSA-N||KIWBPDUYBMNFTB-UHFFFAOYSA-M,1,-1,9,7,True,True,True,True,True,retained,
UPR-0212,CCCCCCCCCC[n+]1ccn(C)c1,O=S(=O)([O-])O,CCCCCCCCCC[n+]1ccn(C)c1,O=S(=O)([O-])O,LDVVBLGHGCHZBJ-UHFFFAOYSA-N,QAOWNCQODCNURD-UHFFFAOYSA-M,LDVVBLGHGCHZBJ-UHFFFAOYSA-N||QAOWNCQODCNURD-UHFFFAOYSA-M,1,-1,11,12,True,True,True,True,True,retained,
UPR-0213,CCCC[n+]1ccn(CC)c1,Cc1ccc(S(=O)(=O)[O-])cc1,CCCC[n+]1ccn(CC)c1,Cc1ccc(S(=O)(=O)[O-])cc1,JYARJXBHOOZQQD-UHFFFAOYSA-N,JOXIMZWYDAKGHI-UHFFFAOYSA-M,JYARJXBHOOZQQD-UHFFFAOYSA-N||JOXIMZWYDAKGHI-UHFFFAOYSA-M,1,-1,6,6,True,True,True,True,True,retained,
UPR-0214,CCCCCC[n+]1ccccc1,C(C)OS(=O)(=O)[O-],CCCCCC[n+]1ccccc1,CCOS(=O)(=O)[O-],AMKUSFIBHAUBIJ-UHFFFAOYSA-N,KIWBPDUYBMNFTB-UHFFFAOYSA-M,AMKUSFIBHAUBIJ-UHFFFAOYSA-N||KIWBPDUYBMNFTB-UHFFFAOYSA-M,1,-1,7,7,True,True,True,True,True,retained,
UPR-0215,CCCCCCCCCC[n+]1ccn(C)c1,O=[N+]([O-])c1cn[n-]c1,CCCCCCCCCC[n+]1ccn(C)c1,O=[N+]([O-])c1cn[n-]c1,LDVVBLGHGCHZBJ-UHFFFAOYSA-N,IDGLPDIIVPZHRB-UHFFFAOYSA-N,LDVVBLGHGCHZBJ-UHFFFAOYSA-N||IDGLPDIIVPZHRB-UHFFFAOYSA-N,1,-1,11,9,True,True,True,True,True,retained,
UPR-0216,CCCC[n+]1ccn(CC)c1,C[C@@H](O)[C@H](N)C(=O)[O-],CCCC[n+]1ccn(CC)c1,C[C@@H](O)[C@H](N)C(=O)[O-],JYARJXBHOOZQQD-UHFFFAOYSA-N,AYFVYJQAPQTCCC-GBXIJSLDSA-M,JYARJXBHOOZQQD-UHFFFAOYSA-N||AYFVYJQAPQTCCC-GBXIJSLDSA-M,1,-1,6,7,True,True,True,True,True,retained,
UPR-0217,CCCC[n+]1ccn(CC)c1,O=[N+]([O-])[O-],CCCC[n+]1ccn(CC)c1,O=[N+]([O-])[O-],JYARJXBHOOZQQD-UHFFFAOYSA-N,NHNBFGGVMKEFGY-UHFFFAOYSA-N,JYARJXBHOOZQQD-UHFFFAOYSA-N||NHNBFGGVMKEFGY-UHFFFAOYSA-N,1,-1,6,12,True,True,True,True,True,retained,
UPR-0218,CCCC[n+]1ccn(CC)c1,CCCC(=O)[O-],CCCC[n+]1ccn(CC)c1,CCCC(=O)[O-],JYARJXBHOOZQQD-UHFFFAOYSA-N,FERIUCNNQQJTOY-UHFFFAOYSA-M,JYARJXBHOOZQQD-UHFFFAOYSA-N||FERIUCNNQQJTOY-UHFFFAOYSA-M,1,-1,6,7,True,True,True,True,True,retained,
UPR-0219,CCCCCCCCCC[n+]1ccn(C)c1,CCCC(=O)[O-],CCCCCCCCCC[n+]1ccn(C)c1,CCCC(=O)[O-],LDVVBLGHGCHZBJ-UHFFFAOYSA-N,FERIUCNNQQJTOY-UHFFFAOYSA-M,LDVVBLGHGCHZBJ-UHFFFAOYSA-N||FERIUCNNQQJTOY-UHFFFAOYSA-M,1,-1,11,7,True,True,True,True,True,retained,
UPR-0220,CCCCCCCC[P+](CC)(CC)CC,O=S(=O)([O-])C(F)(F)C(F)(F)C(F)(F)C(F)(F)F,CCCCCCCC[P+](CC)(CC)CC,O=S(=O)([O-])C(F)(F)C(F)(F)C(F)(F)C(F)(F)F,QCLVFLIIJODTJU-UHFFFAOYSA-N,JGTNAGYHADQMCM-UHFFFAOYSA-M,QCLVFLIIJODTJU-UHFFFAOYSA-N||JGTNAGYHADQMCM-UHFFFAOYSA-M,1,-1,7,6,True,True,True,True,True,retained,
UPR-0221,CCCCCCCC[P+](CC)(CC)CC,O=C([O-])C(F)(F)F,CCCCCCCC[P+](CC)(CC)CC,O=C([O-])C(F)(F)F,QCLVFLIIJODTJU-UHFFFAOYSA-N,DTQVDTLACAAQTR-UHFFFAOYSA-M,QCLVFLIIJODTJU-UHFFFAOYSA-N||DTQVDTLACAAQTR-UHFFFAOYSA-M,1,-1,7,12,True,True,True,True,True,retained,
UPR-0222,C(C)[NH3+],O=S(=O)([O-])C(F)(F)C(F)(F)C(F)(F)C(F)(F)F,CC[NH3+],O=S(=O)([O-])C(F)(F)C(F)(F)C(F)(F)C(F)(F)F,QUSNBJAOOMFDIB-UHFFFAOYSA-O,JGTNAGYHADQMCM-UHFFFAOYSA-M,QUSNBJAOOMFDIB-UHFFFAOYSA-O||JGTNAGYHADQMCM-UHFFFAOYSA-M,1,-1,7,6,True,True,True,True,True,retained,
UPR-0223,C(C)[NH3+],F[B-](F)(F)F,CC[NH3+],F[B-](F)(F)F,QUSNBJAOOMFDIB-UHFFFAOYSA-O,ODGCEQLVLXJUCC-UHFFFAOYSA-N,QUSNBJAOOMFDIB-UHFFFAOYSA-O||ODGCEQLVLXJUCC-UHFFFAOYSA-N,1,-1,7,41,True,True,True,True,True,retained,
UPR-0224,C(C)[N+]1=CC=CC=C1,C[C@H](N)C(=O)[O-],CC[n+]1ccccc1,C[C@H](N)C(=O)[O-],OIDIRWZVUWCCCO-UHFFFAOYSA-N,QNAYBMKLOCPYGJ-REOHCLBHSA-M,OIDIRWZVUWCCCO-UHFFFAOYSA-N||QNAYBMKLOCPYGJ-REOHCLBHSA-M,1,-1,7,7,True,True,True,True,True,retained,
UPR-0225,CCCCCC[n+]1ccn(CCC#N)c1,C[C@H](N)C(=O)[O-],CCCCCC[n+]1ccn(CCC#N)c1,C[C@H](N)C(=O)[O-],IDRFNBZFUVYEJX-UHFFFAOYSA-N,QNAYBMKLOCPYGJ-REOHCLBHSA-M,IDRFNBZFUVYEJX-UHFFFAOYSA-N||QNAYBMKLOCPYGJ-REOHCLBHSA-M,1,-1,6,7,True,True,True,True,True,retained,
UPR-0226,C(CCC)[N+](CCCC)(CCCC)CCCC,O=S(=O)([O-])C(F)(F)F,CCCC[N+](CCCC)(CCCC)CCCC,O=S(=O)([O-])C(F)(F)F,DZLFLBLQUQXARW-UHFFFAOYSA-N,ITMCEJHCFYSIIV-UHFFFAOYSA-M,DZLFLBLQUQXARW-UHFFFAOYSA-N||ITMCEJHCFYSIIV-UHFFFAOYSA-M,1,-1,8,28,True,True,True,True,True,retained,
UPR-0227,C[n+]1ccn(CCCC#N)c1,FC(F)(F)C(F)(F)[P-](F)(F)(F)(C(F)(F)C(F)(F)F)C(F)(F)C(F)(F)F,C[n+]1ccn(CCCC#N)c1,FC(F)(F)C(F)(F)[P-](F)(F)(F)(C(F)(F)C(F)(F)F)C(F)(F)C(F)(F)F,SROUAIZIOIOQID-UHFFFAOYSA-N,OXDZSRZJFHVGGS-UHFFFAOYSA-N,SROUAIZIOIOQID-UHFFFAOYSA-N||OXDZSRZJFHVGGS-UHFFFAOYSA-N,1,-1,5,14,True,True,True,True,True,retained,
UPR-0228,CCCCCC[n+]1ccccc1,O=C[O-],CCCCCC[n+]1ccccc1,O=C[O-],AMKUSFIBHAUBIJ-UHFFFAOYSA-N,BDAGIHXWWSANSR-UHFFFAOYSA-M,AMKUSFIBHAUBIJ-UHFFFAOYSA-N||BDAGIHXWWSANSR-UHFFFAOYSA-M,1,-1,7,14,True,True,True,True,True,retained,
UPR-0229,CC=1N(C=C[N+]1C)CCC,O=S(=O)([O-])C(F)(F)F,CCCn1cc[n+](C)c1C,O=S(=O)([O-])C(F)(F)F,MXLZUALXSYVAIV-UHFFFAOYSA-N,ITMCEJHCFYSIIV-UHFFFAOYSA-M,MXLZUALXSYVAIV-UHFFFAOYSA-N||ITMCEJHCFYSIIV-UHFFFAOYSA-M,1,-1,5,28,True,True,True,True,True,retained,
UPR-0230,C[n+]1ccn(CCCC#N)c1,O=S(=O)([N-]S(=O)(=O)C(F)(F)C(F)(F)F)C(F)(F)C(F)(F)F,C[n+]1ccn(CCCC#N)c1,O=S(=O)([N-]S(=O)(=O)C(F)(F)C(F)(F)F)C(F)(F)C(F)(F)F,SROUAIZIOIOQID-UHFFFAOYSA-N,SLSPYQCCSCAKIB-UHFFFAOYSA-N,SROUAIZIOIOQID-UHFFFAOYSA-N||SLSPYQCCSCAKIB-UHFFFAOYSA-N,1,-1,5,6,True,True,True,True,True,retained,
UPR-0231,CN1C=[NH+]C=C1,C(C)OS(=O)(=O)[O-],Cn1cc[nH+]c1,CCOS(=O)(=O)[O-],MCTWTZJPVLRJOU-UHFFFAOYSA-O,KIWBPDUYBMNFTB-UHFFFAOYSA-M,MCTWTZJPVLRJOU-UHFFFAOYSA-O||KIWBPDUYBMNFTB-UHFFFAOYSA-M,1,-1,6,7,True,True,True,True,True,retained,
UPR-0232,C(C)[N+]1=CC=CC=C1,O=S(=O)([O-])O,CC[n+]1ccccc1,O=S(=O)([O-])O,OIDIRWZVUWCCCO-UHFFFAOYSA-N,QAOWNCQODCNURD-UHFFFAOYSA-M,OIDIRWZVUWCCCO-UHFFFAOYSA-N||QAOWNCQODCNURD-UHFFFAOYSA-M,1,-1,7,12,True,True,True,True,True,retained,
UPR-0233,CCCCCC[n+]1ccn(CCC#N)c1,C(C)OS(=O)(=O)[O-],CCCCCC[n+]1ccn(CCC#N)c1,CCOS(=O)(=O)[O-],IDRFNBZFUVYEJX-UHFFFAOYSA-N,KIWBPDUYBMNFTB-UHFFFAOYSA-M,IDRFNBZFUVYEJX-UHFFFAOYSA-N||KIWBPDUYBMNFTB-UHFFFAOYSA-M,1,-1,6,7,True,True,True,True,True,retained,
UPR-0234,COCCCC[n+]1ccn(C)c1,F[B-](F)(F)F,COCCCC[n+]1ccn(C)c1,F[B-](F)(F)F,IXGKOODVBRRWQB-UHFFFAOYSA-N,ODGCEQLVLXJUCC-UHFFFAOYSA-N,IXGKOODVBRRWQB-UHFFFAOYSA-N||ODGCEQLVLXJUCC-UHFFFAOYSA-N,1,-1,5,41,True,True,True,True,True,retained,
UPR-0235,C[n+]1ccn(CCO)c1,C(C)OS(=O)(=O)[O-],C[n+]1ccn(CCO)c1,CCOS(=O)(=O)[O-],ZGZLRWJZGFRHHQ-UHFFFAOYSA-N,KIWBPDUYBMNFTB-UHFFFAOYSA-M,ZGZLRWJZGFRHHQ-UHFFFAOYSA-N||KIWBPDUYBMNFTB-UHFFFAOYSA-M,1,-1,9,7,True,True,True,True,True,retained,
UPR-0236,CC[N+](C)(C)CCOC,C(C)OS(=O)(=O)[O-],CC[N+](C)(C)CCOC,CCOS(=O)(=O)[O-],KIJWMNYEVKNAGY-UHFFFAOYSA-N,KIWBPDUYBMNFTB-UHFFFAOYSA-M,KIJWMNYEVKNAGY-UHFFFAOYSA-N||KIWBPDUYBMNFTB-UHFFFAOYSA-M,1,-1,5,7,True,True,True,True,True,retained,
UPR-0237,C[n+]1ccn(CCCC#N)c1,O=C[O-],C[n+]1ccn(CCCC#N)c1,O=C[O-],SROUAIZIOIOQID-UHFFFAOYSA-N,BDAGIHXWWSANSR-UHFFFAOYSA-M,SROUAIZIOIOQID-UHFFFAOYSA-N||BDAGIHXWWSANSR-UHFFFAOYSA-M,1,-1,5,14,True,True,True,True,True,retained,
UPR-0238,C[n+]1ccn(CCCC#N)c1,N#C[S-],C[n+]1ccn(CCCC#N)c1,N#C[S-],SROUAIZIOIOQID-UHFFFAOYSA-N,ZMZDMBWJUHKJPS-UHFFFAOYSA-M,SROUAIZIOIOQID-UHFFFAOYSA-N||ZMZDMBWJUHKJPS-UHFFFAOYSA-M,1,-1,5,13,True,True,True,True,True,retained,
UPR-0239,CCCCCC[n+]1ccn(CCC#N)c1,O=S(=O)([O-])C(F)(F)C(F)(F)C(F)(F)C(F)(F)F,CCCCCC[n+]1ccn(CCC#N)c1,O=S(=O)([O-])C(F)(F)C(F)(F)C(F)(F)C(F)(F)F,IDRFNBZFUVYEJX-UHFFFAOYSA-N,JGTNAGYHADQMCM-UHFFFAOYSA-M,IDRFNBZFUVYEJX-UHFFFAOYSA-N||JGTNAGYHADQMCM-UHFFFAOYSA-M,1,-1,6,6,True,True,True,True,True,retained,
UPR-0240,CCCC[n+]1ccn(C)c1C,C[C@H](N)C(=O)[O-],CCCC[n+]1ccn(C)c1C,C[C@H](N)C(=O)[O-],XUAXVBUVQVRIIQ-UHFFFAOYSA-N,QNAYBMKLOCPYGJ-REOHCLBHSA-M,XUAXVBUVQVRIIQ-UHFFFAOYSA-N||QNAYBMKLOCPYGJ-REOHCLBHSA-M,1,-1,9,7,True,True,True,True,True,retained,
UPR-0241,CCCCCC[n+]1ccn(CCC#N)c1,CCC(=O)[O-],CCCCCC[n+]1ccn(CCC#N)c1,CCC(=O)[O-],IDRFNBZFUVYEJX-UHFFFAOYSA-N,XBDQKXXYIPTUBI-UHFFFAOYSA-M,IDRFNBZFUVYEJX-UHFFFAOYSA-N||XBDQKXXYIPTUBI-UHFFFAOYSA-M,1,-1,6,7,True,True,True,True,True,retained,
UPR-0242,CC=1N(C=C[N+]1C)CCC,CC(=O)[O-],CCCn1cc[n+](C)c1C,CC(=O)[O-],MXLZUALXSYVAIV-UHFFFAOYSA-N,QTBSBXVTEAMEQO-UHFFFAOYSA-M,MXLZUALXSYVAIV-UHFFFAOYSA-N||QTBSBXVTEAMEQO-UHFFFAOYSA-M,1,-1,5,18,True,True,True,True,True,retained,
UPR-0243,C(C)[N+]1=CC=CC=C1,FC(F)(F)C(F)(F)[P-](F)(F)(F)(C(F)(F)C(F)(F)F)C(F)(F)C(F)(F)F,CC[n+]1ccccc1,FC(F)(F)C(F)(F)[P-](F)(F)(F)(C(F)(F)C(F)(F)F)C(F)(F)C(F)(F)F,OIDIRWZVUWCCCO-UHFFFAOYSA-N,OXDZSRZJFHVGGS-UHFFFAOYSA-N,OIDIRWZVUWCCCO-UHFFFAOYSA-N||OXDZSRZJFHVGGS-UHFFFAOYSA-N,1,-1,7,14,True,True,True,True,True,retained,
UPR-0244,CCCCCC[n+]1ccn(CCC#N)c1,O=[N+]([O-])[O-],CCCCCC[n+]1ccn(CCC#N)c1,O=[N+]([O-])[O-],IDRFNBZFUVYEJX-UHFFFAOYSA-N,NHNBFGGVMKEFGY-UHFFFAOYSA-N,IDRFNBZFUVYEJX-UHFFFAOYSA-N||NHNBFGGVMKEFGY-UHFFFAOYSA-N,1,-1,6,12,True,True,True,True,True,retained,
UPR-0245,CCCCCC[n+]1ccn(CCC#N)c1,Cc1ccc(S(=O)(=O)[O-])cc1,CCCCCC[n+]1ccn(CCC#N)c1,Cc1ccc(S(=O)(=O)[O-])cc1,IDRFNBZFUVYEJX-UHFFFAOYSA-N,JOXIMZWYDAKGHI-UHFFFAOYSA-M,IDRFNBZFUVYEJX-UHFFFAOYSA-N||JOXIMZWYDAKGHI-UHFFFAOYSA-M,1,-1,6,6,True,True,True,True,True,retained,
UPR-0246,C[n+]1ccn(CCCC#N)c1,O=S(=O)([O-])O,C[n+]1ccn(CCCC#N)c1,O=S(=O)([O-])O,SROUAIZIOIOQID-UHFFFAOYSA-N,QAOWNCQODCNURD-UHFFFAOYSA-M,SROUAIZIOIOQID-UHFFFAOYSA-N||QAOWNCQODCNURD-UHFFFAOYSA-M,1,-1,5,12,True,True,True,True,True,retained,
UPR-0247,CCCCCC[n+]1ccn(CCC#N)c1,O=S(=O)([O-])C(F)(F)C(F)F,CCCCCC[n+]1ccn(CCC#N)c1,O=S(=O)([O-])C(F)(F)C(F)F,IDRFNBZFUVYEJX-UHFFFAOYSA-N,KZWJWYFPLXRYIL-UHFFFAOYSA-M,IDRFNBZFUVYEJX-UHFFFAOYSA-N||KZWJWYFPLXRYIL-UHFFFAOYSA-M,1,-1,6,6,True,True,True,True,True,retained,
UPR-0248,C[n+]1ccn(CCCC#N)c1,O=[N+]([O-])c1cn[n-]c1,C[n+]1ccn(CCCC#N)c1,O=[N+]([O-])c1cn[n-]c1,SROUAIZIOIOQID-UHFFFAOYSA-N,IDGLPDIIVPZHRB-UHFFFAOYSA-N,SROUAIZIOIOQID-UHFFFAOYSA-N||IDGLPDIIVPZHRB-UHFFFAOYSA-N,1,-1,5,9,True,True,True,True,True,retained,
UPR-0249,C[n+]1ccn(CCCC#N)c1,C[C@@H](O)[C@H](N)C(=O)[O-],C[n+]1ccn(CCCC#N)c1,C[C@@H](O)[C@H](N)C(=O)[O-],SROUAIZIOIOQID-UHFFFAOYSA-N,AYFVYJQAPQTCCC-GBXIJSLDSA-M,SROUAIZIOIOQID-UHFFFAOYSA-N||AYFVYJQAPQTCCC-GBXIJSLDSA-M,1,-1,5,7,True,True,True,True,True,retained,
UPR-0250,CCCCCC[n+]1ccn(CCC#N)c1,F[P-](F)(F)(F)(F)F,CCCCCC[n+]1ccn(CCC#N)c1,F[P-](F)(F)(F)(F)F,IDRFNBZFUVYEJX-UHFFFAOYSA-N,LJQLCJWAZJINEB-UHFFFAOYSA-N,IDRFNBZFUVYEJX-UHFFFAOYSA-N||LJQLCJWAZJINEB-UHFFFAOYSA-N,1,-1,6,20,True,True,True,True,True,retained,
UPR-0251,C[n+]1ccn(CCCC#N)c1,O=C([O-])C(F)(F)F,C[n+]1ccn(CCCC#N)c1,O=C([O-])C(F)(F)F,SROUAIZIOIOQID-UHFFFAOYSA-N,DTQVDTLACAAQTR-UHFFFAOYSA-M,SROUAIZIOIOQID-UHFFFAOYSA-N||DTQVDTLACAAQTR-UHFFFAOYSA-M,1,-1,5,12,True,True,True,True,True,retained,
UPR-0252,CCC[n+]1ccn(C)c1,O=S(=O)([O-])C(F)(F)C(F)(F)C(F)(F)C(F)(F)F,CCC[n+]1ccn(C)c1,O=S(=O)([O-])C(F)(F)C(F)(F)C(F)(F)C(F)(F)F,WVDDUSFOSWWJJH-UHFFFAOYSA-N,JGTNAGYHADQMCM-UHFFFAOYSA-M,WVDDUSFOSWWJJH-UHFFFAOYSA-N||JGTNAGYHADQMCM-UHFFFAOYSA-M,1,-1,14,6,True,True,True,True,True,retained,
UPR-0253,CCCCCC[n+]1ccccc1,O=S(=O)([O-])C(F)(F)F,CCCCCC[n+]1ccccc1,O=S(=O)([O-])C(F)(F)F,AMKUSFIBHAUBIJ-UHFFFAOYSA-N,ITMCEJHCFYSIIV-UHFFFAOYSA-M,AMKUSFIBHAUBIJ-UHFFFAOYSA-N||ITMCEJHCFYSIIV-UHFFFAOYSA-M,1,-1,7,28,True,True,True,True,True,retained,
UPR-0254,C(C)[N+]1=CC=CC=C1,O=[N+]([O-])c1cn[n-]c1,CC[n+]1ccccc1,O=[N+]([O-])c1cn[n-]c1,OIDIRWZVUWCCCO-UHFFFAOYSA-N,IDGLPDIIVPZHRB-UHFFFAOYSA-N,OIDIRWZVUWCCCO-UHFFFAOYSA-N||IDGLPDIIVPZHRB-UHFFFAOYSA-N,1,-1,7,9,True,True,True,True,True,retained,
UPR-0255,CCCCCC[n+]1ccccc1,CCC(=O)[O-],CCCCCC[n+]1ccccc1,CCC(=O)[O-],AMKUSFIBHAUBIJ-UHFFFAOYSA-N,XBDQKXXYIPTUBI-UHFFFAOYSA-M,AMKUSFIBHAUBIJ-UHFFFAOYSA-N||XBDQKXXYIPTUBI-UHFFFAOYSA-M,1,-1,7,7,True,True,True,True,True,retained,
UPR-0256,CN1C=[NH+]C=C1,O=S(=O)([O-])C(F)(F)F,Cn1cc[nH+]c1,O=S(=O)([O-])C(F)(F)F,MCTWTZJPVLRJOU-UHFFFAOYSA-O,ITMCEJHCFYSIIV-UHFFFAOYSA-M,MCTWTZJPVLRJOU-UHFFFAOYSA-O||ITMCEJHCFYSIIV-UHFFFAOYSA-M,1,-1,6,28,True,True,True,True,True,retained,
UPR-0257,COCCCC[n+]1ccn(C)c1,O=S(=O)([O-])C(F)(F)F,COCCCC[n+]1ccn(C)c1,O=S(=O)([O-])C(F)(F)F,IXGKOODVBRRWQB-UHFFFAOYSA-N,ITMCEJHCFYSIIV-UHFFFAOYSA-M,IXGKOODVBRRWQB-UHFFFAOYSA-N||ITMCEJHCFYSIIV-UHFFFAOYSA-M,1,-1,5,28,True,True,True,True,True,retained,
UPR-0258,CCCCCCCC[P+](CC)(CC)CC,O=S(=O)([O-])C(F)(F)C(F)F,CCCCCCCC[P+](CC)(CC)CC,O=S(=O)([O-])C(F)(F)C(F)F,QCLVFLIIJODTJU-UHFFFAOYSA-N,KZWJWYFPLXRYIL-UHFFFAOYSA-M,QCLVFLIIJODTJU-UHFFFAOYSA-N||KZWJWYFPLXRYIL-UHFFFAOYSA-M,1,-1,7,6,True,True,True,True,True,retained,
UPR-0259,CC=1N(C=C[N+]1C)CCC,[Br-],CCCn1cc[n+](C)c1C,[Br-],MXLZUALXSYVAIV-UHFFFAOYSA-N,CPELXLSAUQHCOX-UHFFFAOYSA-M,MXLZUALXSYVAIV-UHFFFAOYSA-N||CPELXLSAUQHCOX-UHFFFAOYSA-M,1,-1,5,38,True,True,True,True,True,retained,
UPR-0260,C(C)[NH3+],O=S(=O)([O-])C(F)(F)F,CC[NH3+],O=S(=O)([O-])C(F)(F)F,QUSNBJAOOMFDIB-UHFFFAOYSA-O,ITMCEJHCFYSIIV-UHFFFAOYSA-M,QUSNBJAOOMFDIB-UHFFFAOYSA-O||ITMCEJHCFYSIIV-UHFFFAOYSA-M,1,-1,7,28,True,True,True,True,True,retained,
UPR-0261,CCCCCC[n+]1ccccc1,O=S(=O)([N-]S(=O)(=O)C(F)(F)C(F)(F)F)C(F)(F)C(F)(F)F,CCCCCC[n+]1ccccc1,O=S(=O)([N-]S(=O)(=O)C(F)(F)C(F)(F)F)C(F)(F)C(F)(F)F,AMKUSFIBHAUBIJ-UHFFFAOYSA-N,SLSPYQCCSCAKIB-UHFFFAOYSA-N,AMKUSFIBHAUBIJ-UHFFFAOYSA-N||SLSPYQCCSCAKIB-UHFFFAOYSA-N,1,-1,7,6,True,True,True,True,True,retained,
UPR-0262,CCCCC[n+]1ccn(C)c1,O=S(=O)([O-])O,CCCCC[n+]1ccn(C)c1,O=S(=O)([O-])O,LSFWFJFDPRFPBK-UHFFFAOYSA-N,QAOWNCQODCNURD-UHFFFAOYSA-M,LSFWFJFDPRFPBK-UHFFFAOYSA-N||QAOWNCQODCNURD-UHFFFAOYSA-M,1,-1,12,12,True,True,True,True,True,retained,
UPR-0263,CCCCCC[n+]1ccccc1,Cc1ccc(S(=O)(=O)[O-])cc1,CCCCCC[n+]1ccccc1,Cc1ccc(S(=O)(=O)[O-])cc1,AMKUSFIBHAUBIJ-UHFFFAOYSA-N,JOXIMZWYDAKGHI-UHFFFAOYSA-M,AMKUSFIBHAUBIJ-UHFFFAOYSA-N||JOXIMZWYDAKGHI-UHFFFAOYSA-M,1,-1,7,6,True,True,True,True,True,retained,
UPR-0264,CCCCCC[n+]1ccccc1,C[C@@H](O)[C@H](N)C(=O)[O-],CCCCCC[n+]1ccccc1,C[C@@H](O)[C@H](N)C(=O)[O-],AMKUSFIBHAUBIJ-UHFFFAOYSA-N,AYFVYJQAPQTCCC-GBXIJSLDSA-M,AMKUSFIBHAUBIJ-UHFFFAOYSA-N||AYFVYJQAPQTCCC-GBXIJSLDSA-M,1,-1,7,7,True,True,True,True,True,retained,
UPR-0265,C(CCC)[N+](CCCC)(CCCC)CCCC,[Br-],CCCC[N+](CCCC)(CCCC)CCCC,[Br-],DZLFLBLQUQXARW-UHFFFAOYSA-N,CPELXLSAUQHCOX-UHFFFAOYSA-M,DZLFLBLQUQXARW-UHFFFAOYSA-N||CPELXLSAUQHCOX-UHFFFAOYSA-M,1,-1,8,38,True,True,True,True,True,retained,
UPR-0266,CCCCCCCCCC[n+]1ccn(C)c1,CS(=O)(=O)[O-],CCCCCCCCCC[n+]1ccn(C)c1,CS(=O)(=O)[O-],LDVVBLGHGCHZBJ-UHFFFAOYSA-N,AFVFQIVMOAPDHO-UHFFFAOYSA-M,LDVVBLGHGCHZBJ-UHFFFAOYSA-N||AFVFQIVMOAPDHO-UHFFFAOYSA-M,1,-1,11,10,True,True,True,True,True,retained,
UPR-0267,CCCCCC[n+]1ccn(C)c1,O=S(=O)([O-])C(F)(F)C(F)F,CCCCCC[n+]1ccn(C)c1,O=S(=O)([O-])C(F)(F)C(F)F,RVEJOWGVUQQIIZ-UHFFFAOYSA-N,KZWJWYFPLXRYIL-UHFFFAOYSA-M,RVEJOWGVUQQIIZ-UHFFFAOYSA-N||KZWJWYFPLXRYIL-UHFFFAOYSA-M,1,-1,22,6,True,True,True,True,True,retained,
UPR-0268,CCCCCCCCCC[n+]1ccn(C)c1,O=S(=O)(F)[N-]S(=O)(=O)F,CCCCCCCCCC[n+]1ccn(C)c1,O=S(=O)(F)[N-]S(=O)(=O)F,LDVVBLGHGCHZBJ-UHFFFAOYSA-N,NVIANCROYQGROD-UHFFFAOYSA-N,LDVVBLGHGCHZBJ-UHFFFAOYSA-N||NVIANCROYQGROD-UHFFFAOYSA-N,1,-1,11,14,True,True,True,True,True,retained,
UPR-0269,C(CCC)[N+](CCCC)(CCCC)CCCC,CS(=O)(=O)[O-],CCCC[N+](CCCC)(CCCC)CCCC,CS(=O)(=O)[O-],DZLFLBLQUQXARW-UHFFFAOYSA-N,AFVFQIVMOAPDHO-UHFFFAOYSA-M,DZLFLBLQUQXARW-UHFFFAOYSA-N||AFVFQIVMOAPDHO-UHFFFAOYSA-M,1,-1,8,10,True,True,True,True,True,retained,
UPR-0270,CC[N+](C)(C)CCOC,O=S(=O)([O-])C(F)(F)F,CC[N+](C)(C)CCOC,O=S(=O)([O-])C(F)(F)F,KIJWMNYEVKNAGY-UHFFFAOYSA-N,ITMCEJHCFYSIIV-UHFFFAOYSA-M,KIJWMNYEVKNAGY-UHFFFAOYSA-N||ITMCEJHCFYSIIV-UHFFFAOYSA-M,1,-1,5,28,True,True,True,True,True,retained,
UPR-0271,C(CCC)[N+](C)(CCCC)CCCC,CC(=O)[O-],CCCC[N+](C)(CCCC)CCCC,CC(=O)[O-],HJHUXWBTVVFLQI-UHFFFAOYSA-N,QTBSBXVTEAMEQO-UHFFFAOYSA-M,HJHUXWBTVVFLQI-UHFFFAOYSA-N||QTBSBXVTEAMEQO-UHFFFAOYSA-M,1,-1,5,18,True,True,True,True,True,retained,
UPR-0272,C(C)[NH3+],N#C[C-](C#N)C#N,CC[NH3+],N#C[C-](C#N)C#N,QUSNBJAOOMFDIB-UHFFFAOYSA-O,CXERBOODJDWFQL-UHFFFAOYSA-N,QUSNBJAOOMFDIB-UHFFFAOYSA-O||CXERBOODJDWFQL-UHFFFAOYSA-N,1,-1,7,8,True,True,True,True,True,retained,
UPR-0273,C(C)[N+]1=CN(C=C1)C,CCCC(=O)[O-],CC[n+]1ccn(C)c1,CCCC(=O)[O-],NJMWOUFKYKNWDW-UHFFFAOYSA-N,FERIUCNNQQJTOY-UHFFFAOYSA-M,NJMWOUFKYKNWDW-UHFFFAOYSA-N||FERIUCNNQQJTOY-UHFFFAOYSA-M,1,-1,48,7,True,True,True,True,True,retained,
UPR-0274,CCCCCC[n+]1ccccc1,CS(=O)(=O)[O-],CCCCCC[n+]1ccccc1,CS(=O)(=O)[O-],AMKUSFIBHAUBIJ-UHFFFAOYSA-N,AFVFQIVMOAPDHO-UHFFFAOYSA-M,AMKUSFIBHAUBIJ-UHFFFAOYSA-N||AFVFQIVMOAPDHO-UHFFFAOYSA-M,1,-1,7,10,True,True,True,True,True,retained,
UPR-0275,C(CCC)[N+](CCCC)(CCCC)CCCC,C(C)OS(=O)(=O)[O-],CCCC[N+](CCCC)(CCCC)CCCC,CCOS(=O)(=O)[O-],DZLFLBLQUQXARW-UHFFFAOYSA-N,KIWBPDUYBMNFTB-UHFFFAOYSA-M,DZLFLBLQUQXARW-UHFFFAOYSA-N||KIWBPDUYBMNFTB-UHFFFAOYSA-M,1,-1,8,7,True,True,True,True,True,retained,
UPR-0276,CCCCCC[n+]1ccccc1,O=S(=O)([O-])C(F)(F)C(F)(F)C(F)(F)C(F)(F)F,CCCCCC[n+]1ccccc1,O=S(=O)([O-])C(F)(F)C(F)(F)C(F)(F)C(F)(F)F,AMKUSFIBHAUBIJ-UHFFFAOYSA-N,JGTNAGYHADQMCM-UHFFFAOYSA-M,AMKUSFIBHAUBIJ-UHFFFAOYSA-N||JGTNAGYHADQMCM-UHFFFAOYSA-M,1,-1,7,6,True,True,True,True,True,retained,
UPR-0277,C=CC[n+]1ccn(C)c1,O=S(=O)(F)[N-]S(=O)(=O)F,C=CC[n+]1ccn(C)c1,O=S(=O)(F)[N-]S(=O)(=O)F,WWVMHGUBIOZASN-UHFFFAOYSA-N,NVIANCROYQGROD-UHFFFAOYSA-N,WWVMHGUBIOZASN-UHFFFAOYSA-N||NVIANCROYQGROD-UHFFFAOYSA-N,1,-1,7,14,True,True,True,True,True,retained,
UPR-0278,C=CC[n+]1ccn(C)c1,CS(=O)(=O)[O-],C=CC[n+]1ccn(C)c1,CS(=O)(=O)[O-],WWVMHGUBIOZASN-UHFFFAOYSA-N,AFVFQIVMOAPDHO-UHFFFAOYSA-M,WWVMHGUBIOZASN-UHFFFAOYSA-N||AFVFQIVMOAPDHO-UHFFFAOYSA-M,1,-1,7,10,True,True,True,True,True,retained,
UPR-0279,C(CCC)[N+](CCCC)(CCCC)CCCC,N#C[C-](C#N)C#N,CCCC[N+](CCCC)(CCCC)CCCC,N#C[C-](C#N)C#N,DZLFLBLQUQXARW-UHFFFAOYSA-N,CXERBOODJDWFQL-UHFFFAOYSA-N,DZLFLBLQUQXARW-UHFFFAOYSA-N||CXERBOODJDWFQL-UHFFFAOYSA-N,1,-1,8,8,True,True,True,True,True,retained,
UPR-0280,CN1C=[NH+]C=C1,N#C[C-](C#N)C#N,Cn1cc[nH+]c1,N#C[C-](C#N)C#N,MCTWTZJPVLRJOU-UHFFFAOYSA-O,CXERBOODJDWFQL-UHFFFAOYSA-N,MCTWTZJPVLRJOU-UHFFFAOYSA-O||CXERBOODJDWFQL-UHFFFAOYSA-N,1,-1,6,8,True,True,True,True,True,retained,
UPR-0281,CCCCCCCC[P+](CC)(CC)CC,N#C[C-](C#N)C#N,CCCCCCCC[P+](CC)(CC)CC,N#C[C-](C#N)C#N,QCLVFLIIJODTJU-UHFFFAOYSA-N,CXERBOODJDWFQL-UHFFFAOYSA-N,QCLVFLIIJODTJU-UHFFFAOYSA-N||CXERBOODJDWFQL-UHFFFAOYSA-N,1,-1,7,8,True,True,True,True,True,retained,
UPR-0282,COCCCC[n+]1ccn(C)c1,N#C[C-](C#N)C#N,COCCCC[n+]1ccn(C)c1,N#C[C-](C#N)C#N,IXGKOODVBRRWQB-UHFFFAOYSA-N,CXERBOODJDWFQL-UHFFFAOYSA-N,IXGKOODVBRRWQB-UHFFFAOYSA-N||CXERBOODJDWFQL-UHFFFAOYSA-N,1,-1,5,8,True,True,True,True,True,retained,
UPR-0283,C(C)[N+]1=CC=CC=C1,N#C[C-](C#N)C#N,CC[n+]1ccccc1,N#C[C-](C#N)C#N,OIDIRWZVUWCCCO-UHFFFAOYSA-N,CXERBOODJDWFQL-UHFFFAOYSA-N,OIDIRWZVUWCCCO-UHFFFAOYSA-N||CXERBOODJDWFQL-UHFFFAOYSA-N,1,-1,7,8,True,True,True,True,True,retained,
UPR-0284,CCC[n+]1ccn(C)c1,N#C[B-](C#N)(C#N)C#N,CCC[n+]1ccn(C)c1,N#C[B-](C#N)(C#N)C#N,WVDDUSFOSWWJJH-UHFFFAOYSA-N,KDCFMDHINPOTEA-UHFFFAOYSA-N,WVDDUSFOSWWJJH-UHFFFAOYSA-N||KDCFMDHINPOTEA-UHFFFAOYSA-N,1,-1,14,6,True,True,True,True,True,retained,
UPR-0285,C[n+]1ccn(CCO)c1,N#C[C-](C#N)C#N,C[n+]1ccn(CCO)c1,N#C[C-](C#N)C#N,ZGZLRWJZGFRHHQ-UHFFFAOYSA-N,CXERBOODJDWFQL-UHFFFAOYSA-N,ZGZLRWJZGFRHHQ-UHFFFAOYSA-N||CXERBOODJDWFQL-UHFFFAOYSA-N,1,-1,9,8,True,True,True,True,True,retained,
UPR-0286,CC[N+](C)(C)CCOC,N#C[C-](C#N)C#N,CC[N+](C)(C)CCOC,N#C[C-](C#N)C#N,KIJWMNYEVKNAGY-UHFFFAOYSA-N,CXERBOODJDWFQL-UHFFFAOYSA-N,KIJWMNYEVKNAGY-UHFFFAOYSA-N||CXERBOODJDWFQL-UHFFFAOYSA-N,1,-1,5,8,True,True,True,True,True,retained,
UPR-0287,C(C)[N+]1=CN(C=C1)C,O=C[O-],CC[n+]1ccn(C)c1,O=C[O-],NJMWOUFKYKNWDW-UHFFFAOYSA-N,BDAGIHXWWSANSR-UHFFFAOYSA-M,NJMWOUFKYKNWDW-UHFFFAOYSA-N||BDAGIHXWWSANSR-UHFFFAOYSA-M,1,-1,48,14,True,True,True,True,True,retained,
UPR-0288,C[n+]1ccn(CCCC#N)c1,N#C[B-](C#N)(C#N)C#N,C[n+]1ccn(CCCC#N)c1,N#C[B-](C#N)(C#N)C#N,SROUAIZIOIOQID-UHFFFAOYSA-N,KDCFMDHINPOTEA-UHFFFAOYSA-N,SROUAIZIOIOQID-UHFFFAOYSA-N||KDCFMDHINPOTEA-UHFFFAOYSA-N,1,-1,5,6,True,True,True,True,True,retained,
UPR-0289,CCCCCC[n+]1ccccc1,N#C[B-](C#N)(C#N)C#N,CCCCCC[n+]1ccccc1,N#C[B-](C#N)(C#N)C#N,AMKUSFIBHAUBIJ-UHFFFAOYSA-N,KDCFMDHINPOTEA-UHFFFAOYSA-N,AMKUSFIBHAUBIJ-UHFFFAOYSA-N||KDCFMDHINPOTEA-UHFFFAOYSA-N,1,-1,7,6,True,True,True,True,True,retained,
UPR-0290,CCCCCCC[n+]1ccn(C)c1,N#C[C-](C#N)C#N,CCCCCCC[n+]1ccn(C)c1,N#C[C-](C#N)C#N,FCZZZYZIQDHCIW-UHFFFAOYSA-N,CXERBOODJDWFQL-UHFFFAOYSA-N,FCZZZYZIQDHCIW-UHFFFAOYSA-N||CXERBOODJDWFQL-UHFFFAOYSA-N,1,-1,5,8,True,True,True,True,True,retained,
UPR-0291,CCCCCC[n+]1ccn(CCC#N)c1,N#C[C-](C#N)C#N,CCCCCC[n+]1ccn(CCC#N)c1,N#C[C-](C#N)C#N,IDRFNBZFUVYEJX-UHFFFAOYSA-N,CXERBOODJDWFQL-UHFFFAOYSA-N,IDRFNBZFUVYEJX-UHFFFAOYSA-N||CXERBOODJDWFQL-UHFFFAOYSA-N,1,-1,6,8,True,True,True,True,True,retained,
UPR-0292,COCCCC[n+]1ccn(C)c1,CC(=O)[O-],COCCCC[n+]1ccn(C)c1,CC(=O)[O-],IXGKOODVBRRWQB-UHFFFAOYSA-N,QTBSBXVTEAMEQO-UHFFFAOYSA-M,IXGKOODVBRRWQB-UHFFFAOYSA-N||QTBSBXVTEAMEQO-UHFFFAOYSA-M,1,-1,5,18,True,True,True,True,True,retained,
UPR-0293,CC=1N(C=C[N+]1C)CCC,N#C[N-]C#N,CCCn1cc[n+](C)c1C,N#C[N-]C#N,MXLZUALXSYVAIV-UHFFFAOYSA-N,UKDLHLAPDXIAID-UHFFFAOYSA-N,MXLZUALXSYVAIV-UHFFFAOYSA-N||UKDLHLAPDXIAID-UHFFFAOYSA-N,1,-1,5,26,True,True,True,True,True,retained,
UPR-0294,CN1C=[NH+]C=C1,C[C@H](N)C(=O)[O-],Cn1cc[nH+]c1,C[C@H](N)C(=O)[O-],MCTWTZJPVLRJOU-UHFFFAOYSA-O,QNAYBMKLOCPYGJ-REOHCLBHSA-M,MCTWTZJPVLRJOU-UHFFFAOYSA-O||QNAYBMKLOCPYGJ-REOHCLBHSA-M,1,-1,6,7,True,True,True,True,True,retained,
UPR-0295,CCCCCCCCCC[n+]1ccn(C)c1,O=C[O-],CCCCCCCCCC[n+]1ccn(C)c1,O=C[O-],LDVVBLGHGCHZBJ-UHFFFAOYSA-N,BDAGIHXWWSANSR-UHFFFAOYSA-M,LDVVBLGHGCHZBJ-UHFFFAOYSA-N||BDAGIHXWWSANSR-UHFFFAOYSA-M,1,-1,11,14,True,True,True,True,True,retained,
UPR-0296,CCCC[n+]1ccccc1,COS(=O)(=O)[O-],CCCC[n+]1ccccc1,COS(=O)(=O)[O-],REACWASHYHDPSQ-UHFFFAOYSA-N,JZMJDSHXVKJFKW-UHFFFAOYSA-M,REACWASHYHDPSQ-UHFFFAOYSA-N||JZMJDSHXVKJFKW-UHFFFAOYSA-M,1,-1,8,12,True,True,True,True,True,retained,
UPR-0297,CN1C=[N+](C=C1)C,FC(F)(F)C(F)(F)[P-](F)(F)(F)(C(F)(F)C(F)(F)F)C(F)(F)C(F)(F)F,Cn1cc[n+](C)c1,FC(F)(F)C(F)(F)[P-](F)(F)(F)(C(F)(F)C(F)(F)F)C(F)(F)C(F)(F)F,HVVRUQBMAZRKPJ-UHFFFAOYSA-N,OXDZSRZJFHVGGS-UHFFFAOYSA-N,HVVRUQBMAZRKPJ-UHFFFAOYSA-N||OXDZSRZJFHVGGS-UHFFFAOYSA-N,1,-1,7,14,True,True,True,True,True,retained,
UPR-0298,CCCC[n+]1ccccc1,CC(=O)[O-],CCCC[n+]1ccccc1,CC(=O)[O-],REACWASHYHDPSQ-UHFFFAOYSA-N,QTBSBXVTEAMEQO-UHFFFAOYSA-M,REACWASHYHDPSQ-UHFFFAOYSA-N||QTBSBXVTEAMEQO-UHFFFAOYSA-M,1,-1,8,18,True,True,True,True,True,retained,
UPR-0299,CCCCCC[n+]1ccn(C)c1,O=C[O-],CCCCCC[n+]1ccn(C)c1,O=C[O-],RVEJOWGVUQQIIZ-UHFFFAOYSA-N,BDAGIHXWWSANSR-UHFFFAOYSA-M,RVEJOWGVUQQIIZ-UHFFFAOYSA-N||BDAGIHXWWSANSR-UHFFFAOYSA-M,1,-1,22,14,True,True,True,True,True,retained,
UPR-0300,CCCC[P+](CCCC)(CCCC)CCCC,CC(=O)[O-],CCCC[P+](CCCC)(CCCC)CCCC,CC(=O)[O-],BJQWBACJIAKDTJ-UHFFFAOYSA-N,QTBSBXVTEAMEQO-UHFFFAOYSA-M,BJQWBACJIAKDTJ-UHFFFAOYSA-N||QTBSBXVTEAMEQO-UHFFFAOYSA-M,1,-1,9,18,True,True,True,True,True,retained,
UPR-0301,CCC[n+]1ccn(C)c1,O=S(=O)([O-])C(F)(F)C(F)F,CCC[n+]1ccn(C)c1,O=S(=O)([O-])C(F)(F)C(F)F,WVDDUSFOSWWJJH-UHFFFAOYSA-N,KZWJWYFPLXRYIL-UHFFFAOYSA-M,WVDDUSFOSWWJJH-UHFFFAOYSA-N||KZWJWYFPLXRYIL-UHFFFAOYSA-M,1,-1,14,6,True,True,True,True,True,retained,
UPR-0302,CN1C=[NH+]C=C1,O=S(=O)([N-]S(=O)(=O)C(F)(F)C(F)(F)F)C(F)(F)C(F)(F)F,Cn1cc[nH+]c1,O=S(=O)([N-]S(=O)(=O)C(F)(F)C(F)(F)F)C(F)(F)C(F)(F)F,MCTWTZJPVLRJOU-UHFFFAOYSA-O,SLSPYQCCSCAKIB-UHFFFAOYSA-N,MCTWTZJPVLRJOU-UHFFFAOYSA-O||SLSPYQCCSCAKIB-UHFFFAOYSA-N,1,-1,6,6,True,True,True,True,True,retained,
UPR-0303,CCCC[n+]1ccn(C)c1C,COS(=O)(=O)[O-],CCCC[n+]1ccn(C)c1C,COS(=O)(=O)[O-],XUAXVBUVQVRIIQ-UHFFFAOYSA-N,JZMJDSHXVKJFKW-UHFFFAOYSA-M,XUAXVBUVQVRIIQ-UHFFFAOYSA-N||JZMJDSHXVKJFKW-UHFFFAOYSA-M,1,-1,9,12,True,True,True,True,True,retained,
UPR-0304,C(CCC)[N+](C)(CCCC)CCCC,C[C@H](N)C(=O)[O-],CCCC[N+](C)(CCCC)CCCC,C[C@H](N)C(=O)[O-],HJHUXWBTVVFLQI-UHFFFAOYSA-N,QNAYBMKLOCPYGJ-REOHCLBHSA-M,HJHUXWBTVVFLQI-UHFFFAOYSA-N||QNAYBMKLOCPYGJ-REOHCLBHSA-M,1,-1,5,7,True,True,True,True,True,retained,
UPR-0305,CCCCCCC[n+]1ccn(C)c1,FC(F)(F)C(F)(F)[P-](F)(F)(F)(C(F)(F)C(F)(F)F)C(F)(F)C(F)(F)F,CCCCCCC[n+]1ccn(C)c1,FC(F)(F)C(F)(F)[P-](F)(F)(F)(C(F)(F)C(F)(F)F)C(F)(F)C(F)(F)F,FCZZZYZIQDHCIW-UHFFFAOYSA-N,OXDZSRZJFHVGGS-UHFFFAOYSA-N,FCZZZYZIQDHCIW-UHFFFAOYSA-N||OXDZSRZJFHVGGS-UHFFFAOYSA-N,1,-1,5,14,True,True,True,True,True,retained,
UPR-0306,CN1C=[N+](C=C1)C,O=S(=O)([O-])C(F)(F)C(F)(F)C(F)(F)C(F)(F)F,Cn1cc[n+](C)c1,O=S(=O)([O-])C(F)(F)C(F)(F)C(F)(F)C(F)(F)F,HVVRUQBMAZRKPJ-UHFFFAOYSA-N,JGTNAGYHADQMCM-UHFFFAOYSA-M,HVVRUQBMAZRKPJ-UHFFFAOYSA-N||JGTNAGYHADQMCM-UHFFFAOYSA-M,1,-1,7,6,True,True,True,True,True,retained,
UPR-0307,C=CC[n+]1ccn(C)c1,F[P-](F)(F)(F)(F)F,C=CC[n+]1ccn(C)c1,F[P-](F)(F)(F)(F)F,WWVMHGUBIOZASN-UHFFFAOYSA-N,LJQLCJWAZJINEB-UHFFFAOYSA-N,WWVMHGUBIOZASN-UHFFFAOYSA-N||LJQLCJWAZJINEB-UHFFFAOYSA-N,1,-1,7,20,True,True,True,True,True,retained,
UPR-0308,CCCCCCCC[P+](CC)(CC)CC,[Cl-],CCCCCCCC[P+](CC)(CC)CC,[Cl-],QCLVFLIIJODTJU-UHFFFAOYSA-N,VEXZGXHMUGYJMC-UHFFFAOYSA-M,QCLVFLIIJODTJU-UHFFFAOYSA-N||VEXZGXHMUGYJMC-UHFFFAOYSA-M,1,-1,7,28,True,True,True,True,True,retained,
UPR-0309,CCCCCCCCCC[n+]1ccn(C)c1,O=S(=O)([O-])C(F)(F)C(F)(F)C(F)(F)C(F)(F)F,CCCCCCCCCC[n+]1ccn(C)c1,O=S(=O)([O-])C(F)(F)C(F)(F)C(F)(F)C(F)(F)F,LDVVBLGHGCHZBJ-UHFFFAOYSA-N,JGTNAGYHADQMCM-UHFFFAOYSA-M,LDVVBLGHGCHZBJ-UHFFFAOYSA-N||JGTNAGYHADQMCM-UHFFFAOYSA-M,1,-1,11,6,True,True,True,True,True,retained,
UPR-0310,C(C)[NH3+],CS(=O)(=O)[O-],CC[NH3+],CS(=O)(=O)[O-],QUSNBJAOOMFDIB-UHFFFAOYSA-O,AFVFQIVMOAPDHO-UHFFFAOYSA-M,QUSNBJAOOMFDIB-UHFFFAOYSA-O||AFVFQIVMOAPDHO-UHFFFAOYSA-M,1,-1,7,10,True,True,True,True,True,retained,
UPR-0311,CN1C=[N+](C=C1)C,Cc1ccc(S(=O)(=O)[O-])cc1,Cn1cc[n+](C)c1,Cc1ccc(S(=O)(=O)[O-])cc1,HVVRUQBMAZRKPJ-UHFFFAOYSA-N,JOXIMZWYDAKGHI-UHFFFAOYSA-M,HVVRUQBMAZRKPJ-UHFFFAOYSA-N||JOXIMZWYDAKGHI-UHFFFAOYSA-M,1,-1,7,6,True,True,True,True,True,retained,
UPR-0312,CCCCCCC[n+]1ccn(C)c1,O=C([O-])C(F)(F)F,CCCCCCC[n+]1ccn(C)c1,O=C([O-])C(F)(F)F,FCZZZYZIQDHCIW-UHFFFAOYSA-N,DTQVDTLACAAQTR-UHFFFAOYSA-M,FCZZZYZIQDHCIW-UHFFFAOYSA-N||DTQVDTLACAAQTR-UHFFFAOYSA-M,1,-1,5,12,True,True,True,True,True,retained,
UPR-0313,CCCCCCC[n+]1ccn(C)c1,C(C)OS(=O)(=O)[O-],CCCCCCC[n+]1ccn(C)c1,CCOS(=O)(=O)[O-],FCZZZYZIQDHCIW-UHFFFAOYSA-N,KIWBPDUYBMNFTB-UHFFFAOYSA-M,FCZZZYZIQDHCIW-UHFFFAOYSA-N||KIWBPDUYBMNFTB-UHFFFAOYSA-M,1,-1,5,7,True,True,True,True,True,retained,
UPR-0314,CCCCCCC[n+]1ccn(C)c1,O=[N+]([O-])c1cn[n-]c1,CCCCCCC[n+]1ccn(C)c1,O=[N+]([O-])c1cn[n-]c1,FCZZZYZIQDHCIW-UHFFFAOYSA-N,IDGLPDIIVPZHRB-UHFFFAOYSA-N,FCZZZYZIQDHCIW-UHFFFAOYSA-N||IDGLPDIIVPZHRB-UHFFFAOYSA-N,1,-1,5,9,True,True,True,True,True,retained,
UPR-0315,COCCCC[n+]1ccn(C)c1,[Br-],COCCCC[n+]1ccn(C)c1,[Br-],IXGKOODVBRRWQB-UHFFFAOYSA-N,CPELXLSAUQHCOX-UHFFFAOYSA-M,IXGKOODVBRRWQB-UHFFFAOYSA-N||CPELXLSAUQHCOX-UHFFFAOYSA-M,1,-1,5,38,True,True,True,True,True,retained,
UPR-0316,CN1C=[NH+]C=C1,O=S(=O)([O-])C(F)(F)C(F)F,Cn1cc[nH+]c1,O=S(=O)([O-])C(F)(F)C(F)F,MCTWTZJPVLRJOU-UHFFFAOYSA-O,KZWJWYFPLXRYIL-UHFFFAOYSA-M,MCTWTZJPVLRJOU-UHFFFAOYSA-O||KZWJWYFPLXRYIL-UHFFFAOYSA-M,1,-1,6,6,True,True,True,True,True,retained,
UPR-0317,CN1C=[N+](C=C1)C,O=S(=O)(F)[N-]S(=O)(=O)F,Cn1cc[n+](C)c1,O=S(=O)(F)[N-]S(=O)(=O)F,HVVRUQBMAZRKPJ-UHFFFAOYSA-N,NVIANCROYQGROD-UHFFFAOYSA-N,HVVRUQBMAZRKPJ-UHFFFAOYSA-N||NVIANCROYQGROD-UHFFFAOYSA-N,1,-1,7,14,True,True,True,True,True,retained,
UPR-0318,CN1C=[N+](C=C1)C,O=S(=O)([O-])C(F)(F)F,Cn1cc[n+](C)c1,O=S(=O)([O-])C(F)(F)F,HVVRUQBMAZRKPJ-UHFFFAOYSA-N,ITMCEJHCFYSIIV-UHFFFAOYSA-M,HVVRUQBMAZRKPJ-UHFFFAOYSA-N||ITMCEJHCFYSIIV-UHFFFAOYSA-M,1,-1,7,28,True,True,True,True,True,retained,
UPR-0319,CN1C=[N+](C=C1)C,O=[N+]([O-])c1cn[n-]c1,Cn1cc[n+](C)c1,O=[N+]([O-])c1cn[n-]c1,HVVRUQBMAZRKPJ-UHFFFAOYSA-N,IDGLPDIIVPZHRB-UHFFFAOYSA-N,HVVRUQBMAZRKPJ-UHFFFAOYSA-N||IDGLPDIIVPZHRB-UHFFFAOYSA-N,1,-1,7,9,True,True,True,True,True,retained,
UPR-0320,CN1C=[N+](C=C1)C,C[C@@H](O)[C@H](N)C(=O)[O-],Cn1cc[n+](C)c1,C[C@@H](O)[C@H](N)C(=O)[O-],HVVRUQBMAZRKPJ-UHFFFAOYSA-N,AYFVYJQAPQTCCC-GBXIJSLDSA-M,HVVRUQBMAZRKPJ-UHFFFAOYSA-N||AYFVYJQAPQTCCC-GBXIJSLDSA-M,1,-1,7,7,True,True,True,True,True,retained,
UPR-0321,CN1C=[N+](C=C1)C,O=C([O-])C(F)(F)F,Cn1cc[n+](C)c1,O=C([O-])C(F)(F)F,HVVRUQBMAZRKPJ-UHFFFAOYSA-N,DTQVDTLACAAQTR-UHFFFAOYSA-M,HVVRUQBMAZRKPJ-UHFFFAOYSA-N||DTQVDTLACAAQTR-UHFFFAOYSA-M,1,-1,7,12,True,True,True,True,True,retained,
UPR-0322,CN1C=[N+](C=C1)C,N#C[C-](C#N)C#N,Cn1cc[n+](C)c1,N#C[C-](C#N)C#N,HVVRUQBMAZRKPJ-UHFFFAOYSA-N,CXERBOODJDWFQL-UHFFFAOYSA-N,HVVRUQBMAZRKPJ-UHFFFAOYSA-N||CXERBOODJDWFQL-UHFFFAOYSA-N,1,-1,7,8,True,True,True,True,True,retained,
UPR-0323,CN1C=[N+](C=C1)C,C(C)OS(=O)(=O)[O-],Cn1cc[n+](C)c1,CCOS(=O)(=O)[O-],HVVRUQBMAZRKPJ-UHFFFAOYSA-N,KIWBPDUYBMNFTB-UHFFFAOYSA-M,HVVRUQBMAZRKPJ-UHFFFAOYSA-N||KIWBPDUYBMNFTB-UHFFFAOYSA-M,1,-1,7,7,True,True,True,True,True,retained,
UPR-0324,CN1C=[NH+]C=C1,F[P-](F)(F)(F)(F)F,Cn1cc[nH+]c1,F[P-](F)(F)(F)(F)F,MCTWTZJPVLRJOU-UHFFFAOYSA-O,LJQLCJWAZJINEB-UHFFFAOYSA-N,MCTWTZJPVLRJOU-UHFFFAOYSA-O||LJQLCJWAZJINEB-UHFFFAOYSA-N,1,-1,6,20,True,True,True,True,True,retained,
UPR-0325,C(CCC)[N+](CCCC)(CCCC)CCCC,FC(F)(F)C(F)(F)[P-](F)(F)(F)(C(F)(F)C(F)(F)F)C(F)(F)C(F)(F)F,CCCC[N+](CCCC)(CCCC)CCCC,FC(F)(F)C(F)(F)[P-](F)(F)(F)(C(F)(F)C(F)(F)F)C(F)(F)C(F)(F)F,DZLFLBLQUQXARW-UHFFFAOYSA-N,OXDZSRZJFHVGGS-UHFFFAOYSA-N,DZLFLBLQUQXARW-UHFFFAOYSA-N||OXDZSRZJFHVGGS-UHFFFAOYSA-N,1,-1,8,14,True,True,True,True,True,retained,
UPR-0326,CCCCCCCC[P+](CC)(CC)CC,COS(=O)(=O)[O-],CCCCCCCC[P+](CC)(CC)CC,COS(=O)(=O)[O-],QCLVFLIIJODTJU-UHFFFAOYSA-N,JZMJDSHXVKJFKW-UHFFFAOYSA-M,QCLVFLIIJODTJU-UHFFFAOYSA-N||JZMJDSHXVKJFKW-UHFFFAOYSA-M,1,-1,7,12,True,True,True,True,True,retained,
UPR-0327,COCCCC[n+]1ccn(C)c1,COS(=O)(=O)[O-],COCCCC[n+]1ccn(C)c1,COS(=O)(=O)[O-],IXGKOODVBRRWQB-UHFFFAOYSA-N,JZMJDSHXVKJFKW-UHFFFAOYSA-M,IXGKOODVBRRWQB-UHFFFAOYSA-N||JZMJDSHXVKJFKW-UHFFFAOYSA-M,1,-1,5,12,True,True,True,True,True,retained,
UPR-0328,C[n+]1ccn(CCCC#N)c1,CS(=O)(=O)[O-],C[n+]1ccn(CCCC#N)c1,CS(=O)(=O)[O-],SROUAIZIOIOQID-UHFFFAOYSA-N,AFVFQIVMOAPDHO-UHFFFAOYSA-M,SROUAIZIOIOQID-UHFFFAOYSA-N||AFVFQIVMOAPDHO-UHFFFAOYSA-M,1,-1,5,10,True,True,True,True,True,retained,
UPR-0329,C=CC[n+]1ccn(C)c1,NCC(=O)[O-],C=CC[n+]1ccn(C)c1,NCC(=O)[O-],WWVMHGUBIOZASN-UHFFFAOYSA-N,DHMQDGOQFOQNFH-UHFFFAOYSA-M,WWVMHGUBIOZASN-UHFFFAOYSA-N||DHMQDGOQFOQNFH-UHFFFAOYSA-M,1,-1,7,5,True,True,True,True,True,retained,
UPR-0330,C(CCC)[N+](C)(CCCC)CCCC,O=S(=O)([N-]S(=O)(=O)C(F)(F)C(F)(F)F)C(F)(F)C(F)(F)F,CCCC[N+](C)(CCCC)CCCC,O=S(=O)([N-]S(=O)(=O)C(F)(F)C(F)(F)F)C(F)(F)C(F)(F)F,HJHUXWBTVVFLQI-UHFFFAOYSA-N,SLSPYQCCSCAKIB-UHFFFAOYSA-N,HJHUXWBTVVFLQI-UHFFFAOYSA-N||SLSPYQCCSCAKIB-UHFFFAOYSA-N,1,-1,5,6,True,True,True,True,True,retained,
UPR-0331,C(CCC)[N+](CCCC)(CCCC)CCCC,O=[N+]([O-])[O-],CCCC[N+](CCCC)(CCCC)CCCC,O=[N+]([O-])[O-],DZLFLBLQUQXARW-UHFFFAOYSA-N,NHNBFGGVMKEFGY-UHFFFAOYSA-N,DZLFLBLQUQXARW-UHFFFAOYSA-N||NHNBFGGVMKEFGY-UHFFFAOYSA-N,1,-1,8,12,True,True,True,True,True,retained,
UPR-0332,C(CCC)[N+](CCCC)(CCCC)CCCC,F[B-](F)(F)F,CCCC[N+](CCCC)(CCCC)CCCC,F[B-](F)(F)F,DZLFLBLQUQXARW-UHFFFAOYSA-N,ODGCEQLVLXJUCC-UHFFFAOYSA-N,DZLFLBLQUQXARW-UHFFFAOYSA-N||ODGCEQLVLXJUCC-UHFFFAOYSA-N,1,-1,8,41,True,True,True,True,True,retained,
UPR-0333,C(CCC)[N+](C)(CCCC)CCCC,CCCC(=O)[O-],CCCC[N+](C)(CCCC)CCCC,CCCC(=O)[O-],HJHUXWBTVVFLQI-UHFFFAOYSA-N,FERIUCNNQQJTOY-UHFFFAOYSA-M,HJHUXWBTVVFLQI-UHFFFAOYSA-N||FERIUCNNQQJTOY-UHFFFAOYSA-M,1,-1,5,7,True,True,True,True,True,retained,
UPR-0334,C(CCC)[N+](CCCC)(CCCC)CCCC,Cc1ccc(S(=O)(=O)[O-])cc1,CCCC[N+](CCCC)(CCCC)CCCC,Cc1ccc(S(=O)(=O)[O-])cc1,DZLFLBLQUQXARW-UHFFFAOYSA-N,JOXIMZWYDAKGHI-UHFFFAOYSA-M,DZLFLBLQUQXARW-UHFFFAOYSA-N||JOXIMZWYDAKGHI-UHFFFAOYSA-M,1,-1,8,6,True,True,True,True,True,retained,
UPR-0335,C(CCC)[N+](CCCC)(CCCC)CCCC,O=C([O-])C(F)(F)F,CCCC[N+](CCCC)(CCCC)CCCC,O=C([O-])C(F)(F)F,DZLFLBLQUQXARW-UHFFFAOYSA-N,DTQVDTLACAAQTR-UHFFFAOYSA-M,DZLFLBLQUQXARW-UHFFFAOYSA-N||DTQVDTLACAAQTR-UHFFFAOYSA-M,1,-1,8,12,True,True,True,True,True,retained,
UPR-0336,C(CCC)[N+](C)(CCCC)CCCC,F[P-](F)(F)(F)(F)F,CCCC[N+](C)(CCCC)CCCC,F[P-](F)(F)(F)(F)F,HJHUXWBTVVFLQI-UHFFFAOYSA-N,LJQLCJWAZJINEB-UHFFFAOYSA-N,HJHUXWBTVVFLQI-UHFFFAOYSA-N||LJQLCJWAZJINEB-UHFFFAOYSA-N,1,-1,5,20,True,True,True,True,True,retained,
UPR-0337,C(CCC)[N+](C)(CCCC)CCCC,N#C[C-](C#N)C#N,CCCC[N+](C)(CCCC)CCCC,N#C[C-](C#N)C#N,HJHUXWBTVVFLQI-UHFFFAOYSA-N,CXERBOODJDWFQL-UHFFFAOYSA-N,HJHUXWBTVVFLQI-UHFFFAOYSA-N||CXERBOODJDWFQL-UHFFFAOYSA-N,1,-1,5,8,True,True,True,True,True,retained,
UPR-0338,C(CCC)[N+](CCCC)(CCCC)CCCC,O=S(=O)([O-])C(F)(F)C(F)F,CCCC[N+](CCCC)(CCCC)CCCC,O=S(=O)([O-])C(F)(F)C(F)F,DZLFLBLQUQXARW-UHFFFAOYSA-N,KZWJWYFPLXRYIL-UHFFFAOYSA-M,DZLFLBLQUQXARW-UHFFFAOYSA-N||KZWJWYFPLXRYIL-UHFFFAOYSA-M,1,-1,8,6,True,True,True,True,True,retained,
UPR-0339,C(CCC)[N+](CCCC)(CCCC)CCCC,O=[N+]([O-])c1cn[n-]c1,CCCC[N+](CCCC)(CCCC)CCCC,O=[N+]([O-])c1cn[n-]c1,DZLFLBLQUQXARW-UHFFFAOYSA-N,IDGLPDIIVPZHRB-UHFFFAOYSA-N,DZLFLBLQUQXARW-UHFFFAOYSA-N||IDGLPDIIVPZHRB-UHFFFAOYSA-N,1,-1,8,9,True,True,True,True,True,retained,
UPR-0340,C(CCC)[N+](CCCC)(CCCC)CCCC,N#C[B-](C#N)(C#N)C#N,CCCC[N+](CCCC)(CCCC)CCCC,N#C[B-](C#N)(C#N)C#N,DZLFLBLQUQXARW-UHFFFAOYSA-N,KDCFMDHINPOTEA-UHFFFAOYSA-N,DZLFLBLQUQXARW-UHFFFAOYSA-N||KDCFMDHINPOTEA-UHFFFAOYSA-N,1,-1,8,6,True,True,True,True,True,retained,
UPR-0341,C(CCC)[N+](C)(CCCC)CCCC,O=S(=O)(F)[N-]S(=O)(=O)F,CCCC[N+](C)(CCCC)CCCC,O=S(=O)(F)[N-]S(=O)(=O)F,HJHUXWBTVVFLQI-UHFFFAOYSA-N,NVIANCROYQGROD-UHFFFAOYSA-N,HJHUXWBTVVFLQI-UHFFFAOYSA-N||NVIANCROYQGROD-UHFFFAOYSA-N,1,-1,5,14,True,True,True,True,True,retained,
UPR-0342,C=CC[n+]1ccn(C)c1,O=S(=O)([N-]S(=O)(=O)C(F)(F)C(F)(F)F)C(F)(F)C(F)(F)F,C=CC[n+]1ccn(C)c1,O=S(=O)([N-]S(=O)(=O)C(F)(F)C(F)(F)F)C(F)(F)C(F)(F)F,WWVMHGUBIOZASN-UHFFFAOYSA-N,SLSPYQCCSCAKIB-UHFFFAOYSA-N,WWVMHGUBIOZASN-UHFFFAOYSA-N||SLSPYQCCSCAKIB-UHFFFAOYSA-N,1,-1,7,6,True,True,True,True,True,retained,
UPR-0343,CN1C=[N+](C=C1)C,CCC(=O)[O-],Cn1cc[n+](C)c1,CCC(=O)[O-],HVVRUQBMAZRKPJ-UHFFFAOYSA-N,XBDQKXXYIPTUBI-UHFFFAOYSA-M,HVVRUQBMAZRKPJ-UHFFFAOYSA-N||XBDQKXXYIPTUBI-UHFFFAOYSA-M,1,-1,7,7,True,True,True,True,True,retained,
UPR-0344,CCCCCCC[n+]1ccn(C)c1,NCC(=O)[O-],CCCCCCC[n+]1ccn(C)c1,NCC(=O)[O-],FCZZZYZIQDHCIW-UHFFFAOYSA-N,DHMQDGOQFOQNFH-UHFFFAOYSA-M,FCZZZYZIQDHCIW-UHFFFAOYSA-N||DHMQDGOQFOQNFH-UHFFFAOYSA-M,1,-1,5,5,True,True,True,True,True,retained,
UPR-0345,COCC[n+]1ccn(C)c1,O=S(=O)([N-]S(=O)(=O)C(F)(F)C(F)(F)F)C(F)(F)C(F)(F)F,COCC[n+]1ccn(C)c1,O=S(=O)([N-]S(=O)(=O)C(F)(F)C(F)(F)F)C(F)(F)C(F)(F)F,BYCVVPOEPZGGGL-UHFFFAOYSA-N,SLSPYQCCSCAKIB-UHFFFAOYSA-N,BYCVVPOEPZGGGL-UHFFFAOYSA-N||SLSPYQCCSCAKIB-UHFFFAOYSA-N,1,-1,7,6,True,True,True,True,True,retained,
UPR-0346,COCCCC[n+]1ccn(C)c1,O=S(=O)([O-])C(F)(F)C(F)(F)C(F)(F)C(F)(F)F,COCCCC[n+]1ccn(C)c1,O=S(=O)([O-])C(F)(F)C(F)(F)C(F)(F)C(F)(F)F,IXGKOODVBRRWQB-UHFFFAOYSA-N,JGTNAGYHADQMCM-UHFFFAOYSA-M,IXGKOODVBRRWQB-UHFFFAOYSA-N||JGTNAGYHADQMCM-UHFFFAOYSA-M,1,-1,5,6,True,True,True,True,True,retained,
UPR-0347,COCCCC[n+]1ccn(C)c1,N#C[S-],COCCCC[n+]1ccn(C)c1,N#C[S-],IXGKOODVBRRWQB-UHFFFAOYSA-N,ZMZDMBWJUHKJPS-UHFFFAOYSA-M,IXGKOODVBRRWQB-UHFFFAOYSA-N||ZMZDMBWJUHKJPS-UHFFFAOYSA-M,1,-1,5,13,True,True,True,True,True,retained,
UPR-0348,C=CC[n+]1ccn(C)c1,Cc1ccc(S(=O)(=O)[O-])cc1,C=CC[n+]1ccn(C)c1,Cc1ccc(S(=O)(=O)[O-])cc1,WWVMHGUBIOZASN-UHFFFAOYSA-N,JOXIMZWYDAKGHI-UHFFFAOYSA-M,WWVMHGUBIOZASN-UHFFFAOYSA-N||JOXIMZWYDAKGHI-UHFFFAOYSA-M,1,-1,7,6,True,True,True,True,True,retained,
UPR-0349,CCCCCCC[n+]1ccn(C)c1,CCC(=O)[O-],CCCCCCC[n+]1ccn(C)c1,CCC(=O)[O-],FCZZZYZIQDHCIW-UHFFFAOYSA-N,XBDQKXXYIPTUBI-UHFFFAOYSA-M,FCZZZYZIQDHCIW-UHFFFAOYSA-N||XBDQKXXYIPTUBI-UHFFFAOYSA-M,1,-1,5,7,True,True,True,True,True,retained,
UPR-0350,COCCCC[n+]1ccn(C)c1,Cc1ccc(S(=O)(=O)[O-])cc1,COCCCC[n+]1ccn(C)c1,Cc1ccc(S(=O)(=O)[O-])cc1,IXGKOODVBRRWQB-UHFFFAOYSA-N,JOXIMZWYDAKGHI-UHFFFAOYSA-M,IXGKOODVBRRWQB-UHFFFAOYSA-N||JOXIMZWYDAKGHI-UHFFFAOYSA-M,1,-1,5,6,True,True,True,True,True,retained,
UPR-0351,COCCCC[n+]1ccn(C)c1,O=S(=O)([O-])C(F)(F)C(F)F,COCCCC[n+]1ccn(C)c1,O=S(=O)([O-])C(F)(F)C(F)F,IXGKOODVBRRWQB-UHFFFAOYSA-N,KZWJWYFPLXRYIL-UHFFFAOYSA-M,IXGKOODVBRRWQB-UHFFFAOYSA-N||KZWJWYFPLXRYIL-UHFFFAOYSA-M,1,-1,5,6,True,True,True,True,True,retained,
UPR-0352,COCCCC[n+]1ccn(C)c1,O=[N+]([O-])[O-],COCCCC[n+]1ccn(C)c1,O=[N+]([O-])[O-],IXGKOODVBRRWQB-UHFFFAOYSA-N,NHNBFGGVMKEFGY-UHFFFAOYSA-N,IXGKOODVBRRWQB-UHFFFAOYSA-N||NHNBFGGVMKEFGY-UHFFFAOYSA-N,1,-1,5,12,True,True,True,True,True,retained,
UPR-0353,COCC[n+]1ccn(C)c1,O=S(=O)(F)[N-]S(=O)(=O)F,COCC[n+]1ccn(C)c1,O=S(=O)(F)[N-]S(=O)(=O)F,BYCVVPOEPZGGGL-UHFFFAOYSA-N,NVIANCROYQGROD-UHFFFAOYSA-N,BYCVVPOEPZGGGL-UHFFFAOYSA-N||NVIANCROYQGROD-UHFFFAOYSA-N,1,-1,7,14,True,True,True,True,True,retained,
UPR-0354,COCCCC[n+]1ccn(C)c1,N#C[B-](C#N)(C#N)C#N,COCCCC[n+]1ccn(C)c1,N#C[B-](C#N)(C#N)C#N,IXGKOODVBRRWQB-UHFFFAOYSA-N,KDCFMDHINPOTEA-UHFFFAOYSA-N,IXGKOODVBRRWQB-UHFFFAOYSA-N||KDCFMDHINPOTEA-UHFFFAOYSA-N,1,-1,5,6,True,True,True,True,True,retained,
UPR-0355,COCCCC[n+]1ccn(C)c1,O=[N+]([O-])c1cn[n-]c1,COCCCC[n+]1ccn(C)c1,O=[N+]([O-])c1cn[n-]c1,IXGKOODVBRRWQB-UHFFFAOYSA-N,IDGLPDIIVPZHRB-UHFFFAOYSA-N,IXGKOODVBRRWQB-UHFFFAOYSA-N||IDGLPDIIVPZHRB-UHFFFAOYSA-N,1,-1,5,9,True,True,True,True,True,retained,
UPR-0356,C=CC[n+]1ccn(C)c1,C[C@@H](O)[C@H](N)C(=O)[O-],C=CC[n+]1ccn(C)c1,C[C@@H](O)[C@H](N)C(=O)[O-],WWVMHGUBIOZASN-UHFFFAOYSA-N,AYFVYJQAPQTCCC-GBXIJSLDSA-M,WWVMHGUBIOZASN-UHFFFAOYSA-N||AYFVYJQAPQTCCC-GBXIJSLDSA-M,1,-1,7,7,True,True,True,True,True,retained,
UPR-0357,COCC[n+]1ccn(C)c1,N#C[N-]C#N,COCC[n+]1ccn(C)c1,N#C[N-]C#N,BYCVVPOEPZGGGL-UHFFFAOYSA-N,UKDLHLAPDXIAID-UHFFFAOYSA-N,BYCVVPOEPZGGGL-UHFFFAOYSA-N||UKDLHLAPDXIAID-UHFFFAOYSA-N,1,-1,7,26,True,True,True,True,True,retained,
UPR-0358,COCCCC[n+]1ccn(C)c1,O=S(=O)([O-])O,COCCCC[n+]1ccn(C)c1,O=S(=O)([O-])O,IXGKOODVBRRWQB-UHFFFAOYSA-N,QAOWNCQODCNURD-UHFFFAOYSA-M,IXGKOODVBRRWQB-UHFFFAOYSA-N||QAOWNCQODCNURD-UHFFFAOYSA-M,1,-1,5,12,True,True,True,True,True,retained,
UPR-0359,COCC[n+]1ccn(C)c1,O=C([O-])C(F)(F)F,COCC[n+]1ccn(C)c1,O=C([O-])C(F)(F)F,BYCVVPOEPZGGGL-UHFFFAOYSA-N,DTQVDTLACAAQTR-UHFFFAOYSA-M,BYCVVPOEPZGGGL-UHFFFAOYSA-N||DTQVDTLACAAQTR-UHFFFAOYSA-M,1,-1,7,12,True,True,True,True,True,retained,
UPR-0360,COCC[n+]1ccn(C)c1,N#C[C-](C#N)C#N,COCC[n+]1ccn(C)c1,N#C[C-](C#N)C#N,BYCVVPOEPZGGGL-UHFFFAOYSA-N,CXERBOODJDWFQL-UHFFFAOYSA-N,BYCVVPOEPZGGGL-UHFFFAOYSA-N||CXERBOODJDWFQL-UHFFFAOYSA-N,1,-1,7,8,True,True,True,True,True,retained,
UPR-0361,C=CC[n+]1ccn(C)c1,O=[N+]([O-])[O-],C=CC[n+]1ccn(C)c1,O=[N+]([O-])[O-],WWVMHGUBIOZASN-UHFFFAOYSA-N,NHNBFGGVMKEFGY-UHFFFAOYSA-N,WWVMHGUBIOZASN-UHFFFAOYSA-N||NHNBFGGVMKEFGY-UHFFFAOYSA-N,1,-1,7,12,True,True,True,True,True,retained,
UPR-0362,COCCCC[n+]1ccn(C)c1,CCCC(=O)[O-],COCCCC[n+]1ccn(C)c1,CCCC(=O)[O-],IXGKOODVBRRWQB-UHFFFAOYSA-N,FERIUCNNQQJTOY-UHFFFAOYSA-M,IXGKOODVBRRWQB-UHFFFAOYSA-N||FERIUCNNQQJTOY-UHFFFAOYSA-M,1,-1,5,7,True,True,True,True,True,retained,
UPR-0363,C(C)[NH3+],C(C)OS(=O)(=O)[O-],CC[NH3+],CCOS(=O)(=O)[O-],QUSNBJAOOMFDIB-UHFFFAOYSA-O,KIWBPDUYBMNFTB-UHFFFAOYSA-M,QUSNBJAOOMFDIB-UHFFFAOYSA-O||KIWBPDUYBMNFTB-UHFFFAOYSA-M,1,-1,7,7,True,True,True,True,True,retained,
UPR-0364,C=CC[n+]1ccn(C)c1,O=S(=O)([O-])O,C=CC[n+]1ccn(C)c1,O=S(=O)([O-])O,WWVMHGUBIOZASN-UHFFFAOYSA-N,QAOWNCQODCNURD-UHFFFAOYSA-M,WWVMHGUBIOZASN-UHFFFAOYSA-N||QAOWNCQODCNURD-UHFFFAOYSA-M,1,-1,7,12,True,True,True,True,True,retained,
UPR-0365,C(CCC)[N+](C)(CCCC)CCCC,O=C[O-],CCCC[N+](C)(CCCC)CCCC,O=C[O-],HJHUXWBTVVFLQI-UHFFFAOYSA-N,BDAGIHXWWSANSR-UHFFFAOYSA-M,HJHUXWBTVVFLQI-UHFFFAOYSA-N||BDAGIHXWWSANSR-UHFFFAOYSA-M,1,-1,5,14,True,True,True,True,True,retained,
UPR-0366,C(C)[N+]1=CC=CC=C1,O=S(=O)([O-])C(F)(F)C(F)F,CC[n+]1ccccc1,O=S(=O)([O-])C(F)(F)C(F)F,OIDIRWZVUWCCCO-UHFFFAOYSA-N,KZWJWYFPLXRYIL-UHFFFAOYSA-M,OIDIRWZVUWCCCO-UHFFFAOYSA-N||KZWJWYFPLXRYIL-UHFFFAOYSA-M,1,-1,7,6,True,True,True,True,True,retained,
UPR-0367,CCCCCCCCCCCCCC[P+](CCCCCC)(CCCCCC)CCCCCC,C(C)OS(=O)(=O)[O-],CCCCCCCCCCCCCC[P+](CCCCCC)(CCCCCC)CCCCCC,CCOS(=O)(=O)[O-],PYVOHVLEZJMINC-UHFFFAOYSA-N,KIWBPDUYBMNFTB-UHFFFAOYSA-M,PYVOHVLEZJMINC-UHFFFAOYSA-N||KIWBPDUYBMNFTB-UHFFFAOYSA-M,1,-1,22,7,True,True,True,True,True,retained,
UPR-0368,COCCCC[n+]1ccn(C)c1,O=C[O-],COCCCC[n+]1ccn(C)c1,O=C[O-],IXGKOODVBRRWQB-UHFFFAOYSA-N,BDAGIHXWWSANSR-UHFFFAOYSA-M,IXGKOODVBRRWQB-UHFFFAOYSA-N||BDAGIHXWWSANSR-UHFFFAOYSA-M,1,-1,5,14,True,True,True,True,True,retained,
UPR-0369,C(C)[N+]1=CC=CC=C1,COS(=O)(=O)[O-],CC[n+]1ccccc1,COS(=O)(=O)[O-],OIDIRWZVUWCCCO-UHFFFAOYSA-N,JZMJDSHXVKJFKW-UHFFFAOYSA-M,OIDIRWZVUWCCCO-UHFFFAOYSA-N||JZMJDSHXVKJFKW-UHFFFAOYSA-M,1,-1,7,12,True,True,True,True,True,retained,
UPR-0370,CCCC[n+]1ccccc1,CCCC(=O)[O-],CCCC[n+]1ccccc1,CCCC(=O)[O-],REACWASHYHDPSQ-UHFFFAOYSA-N,FERIUCNNQQJTOY-UHFFFAOYSA-M,REACWASHYHDPSQ-UHFFFAOYSA-N||FERIUCNNQQJTOY-UHFFFAOYSA-M,1,-1,8,7,True,True,True,True,True,retained,
UPR-0371,CCCC[n+]1ccccc1,C[C@H](N)C(=O)[O-],CCCC[n+]1ccccc1,C[C@H](N)C(=O)[O-],REACWASHYHDPSQ-UHFFFAOYSA-N,QNAYBMKLOCPYGJ-REOHCLBHSA-M,REACWASHYHDPSQ-UHFFFAOYSA-N||QNAYBMKLOCPYGJ-REOHCLBHSA-M,1,-1,8,7,True,True,True,True,True,retained,
UPR-0372,C[n+]1ccn(CCCC#N)c1,CC(=O)[O-],C[n+]1ccn(CCCC#N)c1,CC(=O)[O-],SROUAIZIOIOQID-UHFFFAOYSA-N,QTBSBXVTEAMEQO-UHFFFAOYSA-M,SROUAIZIOIOQID-UHFFFAOYSA-N||QTBSBXVTEAMEQO-UHFFFAOYSA-M,1,-1,5,18,True,True,True,True,True,retained,
UPR-0373,CN1C=[NH+]C=C1,COS(=O)(=O)[O-],Cn1cc[nH+]c1,COS(=O)(=O)[O-],MCTWTZJPVLRJOU-UHFFFAOYSA-O,JZMJDSHXVKJFKW-UHFFFAOYSA-M,MCTWTZJPVLRJOU-UHFFFAOYSA-O||JZMJDSHXVKJFKW-UHFFFAOYSA-M,1,-1,6,12,True,True,True,True,True,retained,
UPR-0374,COCC[n+]1ccn(C)c1,CC(=O)[O-],COCC[n+]1ccn(C)c1,CC(=O)[O-],BYCVVPOEPZGGGL-UHFFFAOYSA-N,QTBSBXVTEAMEQO-UHFFFAOYSA-M,BYCVVPOEPZGGGL-UHFFFAOYSA-N||QTBSBXVTEAMEQO-UHFFFAOYSA-M,1,-1,7,18,True,True,True,True,True,retained,
UPR-0375,CC=1N(C=C[N+]1C)CCC,O=C[O-],CCCn1cc[n+](C)c1C,O=C[O-],MXLZUALXSYVAIV-UHFFFAOYSA-N,BDAGIHXWWSANSR-UHFFFAOYSA-M,MXLZUALXSYVAIV-UHFFFAOYSA-N||BDAGIHXWWSANSR-UHFFFAOYSA-M,1,-1,5,14,True,True,True,True,True,retained,
UPR-0376,C(CCC)[N+](CCCC)(CCCC)CCCC,COS(=O)(=O)[O-],CCCC[N+](CCCC)(CCCC)CCCC,COS(=O)(=O)[O-],DZLFLBLQUQXARW-UHFFFAOYSA-N,JZMJDSHXVKJFKW-UHFFFAOYSA-M,DZLFLBLQUQXARW-UHFFFAOYSA-N||JZMJDSHXVKJFKW-UHFFFAOYSA-M,1,-1,8,12,True,True,True,True,True,retained,
UPR-0377,CCCCCCCCCC[n+]1ccn(C)c1,COS(=O)(=O)[O-],CCCCCCCCCC[n+]1ccn(C)c1,COS(=O)(=O)[O-],LDVVBLGHGCHZBJ-UHFFFAOYSA-N,JZMJDSHXVKJFKW-UHFFFAOYSA-M,LDVVBLGHGCHZBJ-UHFFFAOYSA-N||JZMJDSHXVKJFKW-UHFFFAOYSA-M,1,-1,11,12,True,True,True,True,True,retained,
UPR-0378,C[n+]1ccn(CCO)c1,COS(=O)(=O)[O-],C[n+]1ccn(CCO)c1,COS(=O)(=O)[O-],ZGZLRWJZGFRHHQ-UHFFFAOYSA-N,JZMJDSHXVKJFKW-UHFFFAOYSA-M,ZGZLRWJZGFRHHQ-UHFFFAOYSA-N||JZMJDSHXVKJFKW-UHFFFAOYSA-M,1,-1,9,12,True,True,True,True,True,retained,
UPR-0379,CC[N+](C)(C)CCOC,COS(=O)(=O)[O-],CC[N+](C)(C)CCOC,COS(=O)(=O)[O-],KIJWMNYEVKNAGY-UHFFFAOYSA-N,JZMJDSHXVKJFKW-UHFFFAOYSA-M,KIJWMNYEVKNAGY-UHFFFAOYSA-N||JZMJDSHXVKJFKW-UHFFFAOYSA-M,1,-1,5,12,True,True,True,True,True,retained,
UPR-0380,CCCCCC[n+]1ccn(CCC#N)c1,COS(=O)(=O)[O-],CCCCCC[n+]1ccn(CCC#N)c1,COS(=O)(=O)[O-],IDRFNBZFUVYEJX-UHFFFAOYSA-N,JZMJDSHXVKJFKW-UHFFFAOYSA-M,IDRFNBZFUVYEJX-UHFFFAOYSA-N||JZMJDSHXVKJFKW-UHFFFAOYSA-M,1,-1,6,12,True,True,True,True,True,retained,
UPR-0381,C(CCC)[N+](C)(CCCC)CCCC,C(C)OS(=O)(=O)[O-],CCCC[N+](C)(CCCC)CCCC,CCOS(=O)(=O)[O-],HJHUXWBTVVFLQI-UHFFFAOYSA-N,KIWBPDUYBMNFTB-UHFFFAOYSA-M,HJHUXWBTVVFLQI-UHFFFAOYSA-N||KIWBPDUYBMNFTB-UHFFFAOYSA-M,1,-1,5,7,True,True,True,True,True,retained,
UPR-0382,COCC[n+]1ccn(C)c1,COS(=O)(=O)[O-],COCC[n+]1ccn(C)c1,COS(=O)(=O)[O-],BYCVVPOEPZGGGL-UHFFFAOYSA-N,JZMJDSHXVKJFKW-UHFFFAOYSA-M,BYCVVPOEPZGGGL-UHFFFAOYSA-N||JZMJDSHXVKJFKW-UHFFFAOYSA-M,1,-1,7,12,True,True,True,True,True,retained,
UPR-0383,C[n+]1ccn(CCCC#N)c1,C(C)OS(=O)(=O)[O-],C[n+]1ccn(CCCC#N)c1,CCOS(=O)(=O)[O-],SROUAIZIOIOQID-UHFFFAOYSA-N,KIWBPDUYBMNFTB-UHFFFAOYSA-M,SROUAIZIOIOQID-UHFFFAOYSA-N||KIWBPDUYBMNFTB-UHFFFAOYSA-M,1,-1,5,7,True,True,True,True,True,retained,
UPR-0384,COCCCC[n+]1ccn(C)c1,C(C)OS(=O)(=O)[O-],COCCCC[n+]1ccn(C)c1,CCOS(=O)(=O)[O-],IXGKOODVBRRWQB-UHFFFAOYSA-N,KIWBPDUYBMNFTB-UHFFFAOYSA-M,IXGKOODVBRRWQB-UHFFFAOYSA-N||KIWBPDUYBMNFTB-UHFFFAOYSA-M,1,-1,5,7,True,True,True,True,True,retained,
UPR-0385,C[n+]1ccn(CCO)c1,CC(=O)[O-],C[n+]1ccn(CCO)c1,CC(=O)[O-],ZGZLRWJZGFRHHQ-UHFFFAOYSA-N,QTBSBXVTEAMEQO-UHFFFAOYSA-M,ZGZLRWJZGFRHHQ-UHFFFAOYSA-N||QTBSBXVTEAMEQO-UHFFFAOYSA-M,1,-1,9,18,True,True,True,True,True,retained,
UPR-0386,CC[N+](C)(C)CCOC,CC(=O)[O-],CC[N+](C)(C)CCOC,CC(=O)[O-],KIJWMNYEVKNAGY-UHFFFAOYSA-N,QTBSBXVTEAMEQO-UHFFFAOYSA-M,KIJWMNYEVKNAGY-UHFFFAOYSA-N||QTBSBXVTEAMEQO-UHFFFAOYSA-M,1,-1,5,18,True,True,True,True,True,retained,
UPR-0387,C=CC[n+]1ccn(C)c1,COS(=O)(=O)[O-],C=CC[n+]1ccn(C)c1,COS(=O)(=O)[O-],WWVMHGUBIOZASN-UHFFFAOYSA-N,JZMJDSHXVKJFKW-UHFFFAOYSA-M,WWVMHGUBIOZASN-UHFFFAOYSA-N||JZMJDSHXVKJFKW-UHFFFAOYSA-M,1,-1,7,12,True,True,True,True,True,retained,
UPR-0388,C(C)[N+]1=CC=CC=C1,CC(=O)[O-],CC[n+]1ccccc1,CC(=O)[O-],OIDIRWZVUWCCCO-UHFFFAOYSA-N,QTBSBXVTEAMEQO-UHFFFAOYSA-M,OIDIRWZVUWCCCO-UHFFFAOYSA-N||QTBSBXVTEAMEQO-UHFFFAOYSA-M,1,-1,7,18,True,True,True,True,True,retained,
UPR-0389,CCCC[P+](CCCC)(CCCC)CCCC,CCC(=O)[O-],CCCC[P+](CCCC)(CCCC)CCCC,CCC(=O)[O-],BJQWBACJIAKDTJ-UHFFFAOYSA-N,XBDQKXXYIPTUBI-UHFFFAOYSA-M,BJQWBACJIAKDTJ-UHFFFAOYSA-N||XBDQKXXYIPTUBI-UHFFFAOYSA-M,1,-1,9,7,True,True,True,True,True,retained,
UPR-0390,CCCCCC[n+]1ccn(CCC#N)c1,CC(=O)[O-],CCCCCC[n+]1ccn(CCC#N)c1,CC(=O)[O-],IDRFNBZFUVYEJX-UHFFFAOYSA-N,QTBSBXVTEAMEQO-UHFFFAOYSA-M,IDRFNBZFUVYEJX-UHFFFAOYSA-N||QTBSBXVTEAMEQO-UHFFFAOYSA-M,1,-1,6,18,True,True,True,True,True,retained,
UPR-0391,CCCC[n+]1ccn(C)c1C,O=S(=O)([O-])C(F)(F)C(F)(F)C(F)(F)C(F)(F)F,CCCC[n+]1ccn(C)c1C,O=S(=O)([O-])C(F)(F)C(F)(F)C(F)(F)C(F)(F)F,XUAXVBUVQVRIIQ-UHFFFAOYSA-N,JGTNAGYHADQMCM-UHFFFAOYSA-M,XUAXVBUVQVRIIQ-UHFFFAOYSA-N||JGTNAGYHADQMCM-UHFFFAOYSA-M,1,-1,9,6,True,True,True,True,True,retained,
UPR-0392,CC=1N(C=C[N+]1C)CCC,CCC(=O)[O-],CCCn1cc[n+](C)c1C,CCC(=O)[O-],MXLZUALXSYVAIV-UHFFFAOYSA-N,XBDQKXXYIPTUBI-UHFFFAOYSA-M,MXLZUALXSYVAIV-UHFFFAOYSA-N||XBDQKXXYIPTUBI-UHFFFAOYSA-M,1,-1,5,7,True,True,True,True,True,retained,
UPR-0393,CCCC[n+]1ccn(C)c1C,N#C[B-](C#N)(C#N)C#N,CCCC[n+]1ccn(C)c1C,N#C[B-](C#N)(C#N)C#N,XUAXVBUVQVRIIQ-UHFFFAOYSA-N,KDCFMDHINPOTEA-UHFFFAOYSA-N,XUAXVBUVQVRIIQ-UHFFFAOYSA-N||KDCFMDHINPOTEA-UHFFFAOYSA-N,1,-1,9,6,True,True,True,True,True,retained,
UPR-0394,CCCC[n+]1ccn(C)c1C,O=[N+]([O-])c1cn[n-]c1,CCCC[n+]1ccn(C)c1C,O=[N+]([O-])c1cn[n-]c1,XUAXVBUVQVRIIQ-UHFFFAOYSA-N,IDGLPDIIVPZHRB-UHFFFAOYSA-N,XUAXVBUVQVRIIQ-UHFFFAOYSA-N||IDGLPDIIVPZHRB-UHFFFAOYSA-N,1,-1,9,9,True,True,True,True,True,retained,
UPR-0395,CCCCCCC[n+]1ccn(C)c1,COS(=O)(=O)[O-],CCCCCCC[n+]1ccn(C)c1,COS(=O)(=O)[O-],FCZZZYZIQDHCIW-UHFFFAOYSA-N,JZMJDSHXVKJFKW-UHFFFAOYSA-M,FCZZZYZIQDHCIW-UHFFFAOYSA-N||JZMJDSHXVKJFKW-UHFFFAOYSA-M,1,-1,5,12,True,True,True,True,True,retained,
UPR-0396,CCCC[n+]1ccn(C)c1C,O=C([O-])C(F)(F)F,CCCC[n+]1ccn(C)c1C,O=C([O-])C(F)(F)F,XUAXVBUVQVRIIQ-UHFFFAOYSA-N,DTQVDTLACAAQTR-UHFFFAOYSA-M,XUAXVBUVQVRIIQ-UHFFFAOYSA-N||DTQVDTLACAAQTR-UHFFFAOYSA-M,1,-1,9,12,True,True,True,True,True,retained,
UPR-0397,CCCC[n+]1ccn(C)c1C,N#C[C-](C#N)C#N,CCCC[n+]1ccn(C)c1C,N#C[C-](C#N)C#N,XUAXVBUVQVRIIQ-UHFFFAOYSA-N,CXERBOODJDWFQL-UHFFFAOYSA-N,XUAXVBUVQVRIIQ-UHFFFAOYSA-N||CXERBOODJDWFQL-UHFFFAOYSA-N,1,-1,9,8,True,True,True,True,True,retained,
UPR-0398,CCCC[n+]1ccn(C)c1C,C(C)OS(=O)(=O)[O-],CCCC[n+]1ccn(C)c1C,CCOS(=O)(=O)[O-],XUAXVBUVQVRIIQ-UHFFFAOYSA-N,KIWBPDUYBMNFTB-UHFFFAOYSA-M,XUAXVBUVQVRIIQ-UHFFFAOYSA-N||KIWBPDUYBMNFTB-UHFFFAOYSA-M,1,-1,9,7,True,True,True,True,True,retained,
UPR-0399,CCCC[n+]1ccccc1,O=S(=O)([N-]S(=O)(=O)C(F)(F)C(F)(F)F)C(F)(F)C(F)(F)F,CCCC[n+]1ccccc1,O=S(=O)([N-]S(=O)(=O)C(F)(F)C(F)(F)F)C(F)(F)C(F)(F)F,REACWASHYHDPSQ-UHFFFAOYSA-N,SLSPYQCCSCAKIB-UHFFFAOYSA-N,REACWASHYHDPSQ-UHFFFAOYSA-N||SLSPYQCCSCAKIB-UHFFFAOYSA-N,1,-1,8,6,True,True,True,True,True,retained,
UPR-0400,CCCC[n+]1ccn(CC)c1,FC(F)(F)C(F)(F)[P-](F)(F)(F)(C(F)(F)C(F)(F)F)C(F)(F)C(F)(F)F,CCCC[n+]1ccn(CC)c1,FC(F)(F)C(F)(F)[P-](F)(F)(F)(C(F)(F)C(F)(F)F)C(F)(F)C(F)(F)F,JYARJXBHOOZQQD-UHFFFAOYSA-N,OXDZSRZJFHVGGS-UHFFFAOYSA-N,JYARJXBHOOZQQD-UHFFFAOYSA-N||OXDZSRZJFHVGGS-UHFFFAOYSA-N,1,-1,6,14,True,True,True,True,True,retained,
UPR-0401,CCCCCCC[n+]1ccn(C)c1,O=S(=O)([N-]S(=O)(=O)C(F)(F)C(F)(F)F)C(F)(F)C(F)(F)F,CCCCCCC[n+]1ccn(C)c1,O=S(=O)([N-]S(=O)(=O)C(F)(F)C(F)(F)F)C(F)(F)C(F)(F)F,FCZZZYZIQDHCIW-UHFFFAOYSA-N,SLSPYQCCSCAKIB-UHFFFAOYSA-N,FCZZZYZIQDHCIW-UHFFFAOYSA-N||SLSPYQCCSCAKIB-UHFFFAOYSA-N,1,-1,5,6,True,True,True,True,True,retained,
UPR-0402,CCCC[n+]1ccccc1,O=S(=O)([O-])C(F)(F)C(F)(F)C(F)(F)C(F)(F)F,CCCC[n+]1ccccc1,O=S(=O)([O-])C(F)(F)C(F)(F)C(F)(F)C(F)(F)F,REACWASHYHDPSQ-UHFFFAOYSA-N,JGTNAGYHADQMCM-UHFFFAOYSA-M,REACWASHYHDPSQ-UHFFFAOYSA-N||JGTNAGYHADQMCM-UHFFFAOYSA-M,1,-1,8,6,True,True,True,True,True,retained,
UPR-0403,CCCC[n+]1ccccc1,O=C[O-],CCCC[n+]1ccccc1,O=C[O-],REACWASHYHDPSQ-UHFFFAOYSA-N,BDAGIHXWWSANSR-UHFFFAOYSA-M,REACWASHYHDPSQ-UHFFFAOYSA-N||BDAGIHXWWSANSR-UHFFFAOYSA-M,1,-1,8,14,True,True,True,True,True,retained,
UPR-0404,CCCC[n+]1ccn(CC)c1,N#C[S-],CCCC[n+]1ccn(CC)c1,N#C[S-],JYARJXBHOOZQQD-UHFFFAOYSA-N,ZMZDMBWJUHKJPS-UHFFFAOYSA-M,JYARJXBHOOZQQD-UHFFFAOYSA-N||ZMZDMBWJUHKJPS-UHFFFAOYSA-M,1,-1,6,13,True,True,True,True,True,retained,
UPR-0405,CCCC[n+]1ccccc1,Cc1ccc(S(=O)(=O)[O-])cc1,CCCC[n+]1ccccc1,Cc1ccc(S(=O)(=O)[O-])cc1,REACWASHYHDPSQ-UHFFFAOYSA-N,JOXIMZWYDAKGHI-UHFFFAOYSA-M,REACWASHYHDPSQ-UHFFFAOYSA-N||JOXIMZWYDAKGHI-UHFFFAOYSA-M,1,-1,8,6,True,True,True,True,True,retained,
UPR-0406,CCCCCC[n+]1ccccc1,O=S(=O)([O-])C(F)(F)C(F)F,CCCCCC[n+]1ccccc1,O=S(=O)([O-])C(F)(F)C(F)F,AMKUSFIBHAUBIJ-UHFFFAOYSA-N,KZWJWYFPLXRYIL-UHFFFAOYSA-M,AMKUSFIBHAUBIJ-UHFFFAOYSA-N||KZWJWYFPLXRYIL-UHFFFAOYSA-M,1,-1,7,6,True,True,True,True,True,retained,
UPR-0407,CCCCCCC[n+]1ccn(C)c1,O=S(=O)([O-])O,CCCCCCC[n+]1ccn(C)c1,O=S(=O)([O-])O,FCZZZYZIQDHCIW-UHFFFAOYSA-N,QAOWNCQODCNURD-UHFFFAOYSA-M,FCZZZYZIQDHCIW-UHFFFAOYSA-N||QAOWNCQODCNURD-UHFFFAOYSA-M,1,-1,5,12,True,True,True,True,True,retained,
UPR-0408,CCCC[n+]1ccccc1,N#C[B-](C#N)(C#N)C#N,CCCC[n+]1ccccc1,N#C[B-](C#N)(C#N)C#N,REACWASHYHDPSQ-UHFFFAOYSA-N,KDCFMDHINPOTEA-UHFFFAOYSA-N,REACWASHYHDPSQ-UHFFFAOYSA-N||KDCFMDHINPOTEA-UHFFFAOYSA-N,1,-1,8,6,True,True,True,True,True,retained,
UPR-0409,CCCC[n+]1ccccc1,O=[N+]([O-])c1cn[n-]c1,CCCC[n+]1ccccc1,O=[N+]([O-])c1cn[n-]c1,REACWASHYHDPSQ-UHFFFAOYSA-N,IDGLPDIIVPZHRB-UHFFFAOYSA-N,REACWASHYHDPSQ-UHFFFAOYSA-N||IDGLPDIIVPZHRB-UHFFFAOYSA-N,1,-1,8,9,True,True,True,True,True,retained,
UPR-0410,CCCC[n+]1ccccc1,C[C@@H](O)[C@H](N)C(=O)[O-],CCCC[n+]1ccccc1,C[C@@H](O)[C@H](N)C(=O)[O-],REACWASHYHDPSQ-UHFFFAOYSA-N,AYFVYJQAPQTCCC-GBXIJSLDSA-M,REACWASHYHDPSQ-UHFFFAOYSA-N||AYFVYJQAPQTCCC-GBXIJSLDSA-M,1,-1,8,7,True,True,True,True,True,retained,
UPR-0411,CCCC[n+]1ccccc1,O=S(=O)([O-])O,CCCC[n+]1ccccc1,O=S(=O)([O-])O,REACWASHYHDPSQ-UHFFFAOYSA-N,QAOWNCQODCNURD-UHFFFAOYSA-M,REACWASHYHDPSQ-UHFFFAOYSA-N||QAOWNCQODCNURD-UHFFFAOYSA-M,1,-1,8,12,True,True,True,True,True,retained,
UPR-0412,CCCC[n+]1ccccc1,CS(=O)(=O)[O-],CCCC[n+]1ccccc1,CS(=O)(=O)[O-],REACWASHYHDPSQ-UHFFFAOYSA-N,AFVFQIVMOAPDHO-UHFFFAOYSA-M,REACWASHYHDPSQ-UHFFFAOYSA-N||AFVFQIVMOAPDHO-UHFFFAOYSA-M,1,-1,8,10,True,True,True,True,True,retained,
UPR-0413,CCCCCCC[n+]1ccn(C)c1,O=[N+]([O-])[O-],CCCCCCC[n+]1ccn(C)c1,O=[N+]([O-])[O-],FCZZZYZIQDHCIW-UHFFFAOYSA-N,NHNBFGGVMKEFGY-UHFFFAOYSA-N,FCZZZYZIQDHCIW-UHFFFAOYSA-N||NHNBFGGVMKEFGY-UHFFFAOYSA-N,1,-1,5,12,True,True,True,True,True,retained,
UPR-0414,CCCCCCC[n+]1ccn(C)c1,Cc1ccc(S(=O)(=O)[O-])cc1,CCCCCCC[n+]1ccn(C)c1,Cc1ccc(S(=O)(=O)[O-])cc1,FCZZZYZIQDHCIW-UHFFFAOYSA-N,JOXIMZWYDAKGHI-UHFFFAOYSA-M,FCZZZYZIQDHCIW-UHFFFAOYSA-N||JOXIMZWYDAKGHI-UHFFFAOYSA-M,1,-1,5,6,True,True,True,True,True,retained,
UPR-0415,C(CCC)[N+](CCCC)(CCCC)CCCC,CCC(=O)[O-],CCCC[N+](CCCC)(CCCC)CCCC,CCC(=O)[O-],DZLFLBLQUQXARW-UHFFFAOYSA-N,XBDQKXXYIPTUBI-UHFFFAOYSA-M,DZLFLBLQUQXARW-UHFFFAOYSA-N||XBDQKXXYIPTUBI-UHFFFAOYSA-M,1,-1,8,7,True,True,True,True,True,retained,
UPR-0416,CCCC[n+]1ccccc1,N#C[C-](C#N)C#N,CCCC[n+]1ccccc1,N#C[C-](C#N)C#N,REACWASHYHDPSQ-UHFFFAOYSA-N,CXERBOODJDWFQL-UHFFFAOYSA-N,REACWASHYHDPSQ-UHFFFAOYSA-N||CXERBOODJDWFQL-UHFFFAOYSA-N,1,-1,8,8,True,True,True,True,True,retained,
UPR-0417,CCCC[n+]1ccccc1,C(C)OS(=O)(=O)[O-],CCCC[n+]1ccccc1,CCOS(=O)(=O)[O-],REACWASHYHDPSQ-UHFFFAOYSA-N,KIWBPDUYBMNFTB-UHFFFAOYSA-M,REACWASHYHDPSQ-UHFFFAOYSA-N||KIWBPDUYBMNFTB-UHFFFAOYSA-M,1,-1,8,7,True,True,True,True,True,retained,
UPR-0418,CCCCCC[n+]1ccccc1,COS(=O)(=O)[O-],CCCCCC[n+]1ccccc1,COS(=O)(=O)[O-],AMKUSFIBHAUBIJ-UHFFFAOYSA-N,JZMJDSHXVKJFKW-UHFFFAOYSA-M,AMKUSFIBHAUBIJ-UHFFFAOYSA-N||JZMJDSHXVKJFKW-UHFFFAOYSA-M,1,-1,7,12,True,True,True,True,True,retained,
UPR-0419,CN1C=[NH+]C=C1,CCC(=O)[O-],Cn1cc[nH+]c1,CCC(=O)[O-],MCTWTZJPVLRJOU-UHFFFAOYSA-O,XBDQKXXYIPTUBI-UHFFFAOYSA-M,MCTWTZJPVLRJOU-UHFFFAOYSA-O||XBDQKXXYIPTUBI-UHFFFAOYSA-M,1,-1,6,7,True,True,True,True,True,retained,
UPR-0420,CCCCCCCCCC[n+]1ccn(C)c1,CCC(=O)[O-],CCCCCCCCCC[n+]1ccn(C)c1,CCC(=O)[O-],LDVVBLGHGCHZBJ-UHFFFAOYSA-N,XBDQKXXYIPTUBI-UHFFFAOYSA-M,LDVVBLGHGCHZBJ-UHFFFAOYSA-N||XBDQKXXYIPTUBI-UHFFFAOYSA-M,1,-1,11,7,True,True,True,True,True,retained,
UPR-0421,CCCCCC[n+]1ccn(CCC#N)c1,CCCC(=O)[O-],CCCCCC[n+]1ccn(CCC#N)c1,CCCC(=O)[O-],IDRFNBZFUVYEJX-UHFFFAOYSA-N,FERIUCNNQQJTOY-UHFFFAOYSA-M,IDRFNBZFUVYEJX-UHFFFAOYSA-N||FERIUCNNQQJTOY-UHFFFAOYSA-M,1,-1,6,7,True,True,True,True,True,retained,
UPR-0422,CCCCCCC[n+]1ccn(C)c1,C[C@@H](O)[C@H](N)C(=O)[O-],CCCCCCC[n+]1ccn(C)c1,C[C@@H](O)[C@H](N)C(=O)[O-],FCZZZYZIQDHCIW-UHFFFAOYSA-N,AYFVYJQAPQTCCC-GBXIJSLDSA-M,FCZZZYZIQDHCIW-UHFFFAOYSA-N||AYFVYJQAPQTCCC-GBXIJSLDSA-M,1,-1,5,7,True,True,True,True,True,retained,
UPR-0423,C(CCC)[N+](C)(CCCC)CCCC,CCC(=O)[O-],CCCC[N+](C)(CCCC)CCCC,CCC(=O)[O-],HJHUXWBTVVFLQI-UHFFFAOYSA-N,XBDQKXXYIPTUBI-UHFFFAOYSA-M,HJHUXWBTVVFLQI-UHFFFAOYSA-N||XBDQKXXYIPTUBI-UHFFFAOYSA-M,1,-1,5,7,True,True,True,True,True,retained,
UPR-0424,CCCCCCC[n+]1ccn(C)c1,CCCC(=O)[O-],CCCCCCC[n+]1ccn(C)c1,CCCC(=O)[O-],FCZZZYZIQDHCIW-UHFFFAOYSA-N,FERIUCNNQQJTOY-UHFFFAOYSA-M,FCZZZYZIQDHCIW-UHFFFAOYSA-N||FERIUCNNQQJTOY-UHFFFAOYSA-M,1,-1,5,7,True,True,True,True,True,retained,
UPR-0425,C(C)[N+]1=CC=CC=C1,CCC(=O)[O-],CC[n+]1ccccc1,CCC(=O)[O-],OIDIRWZVUWCCCO-UHFFFAOYSA-N,XBDQKXXYIPTUBI-UHFFFAOYSA-M,OIDIRWZVUWCCCO-UHFFFAOYSA-N||XBDQKXXYIPTUBI-UHFFFAOYSA-M,1,-1,7,7,True,True,True,True,True,retained,
UPR-0426,CCCCCC[n+]1ccccc1,CCCC(=O)[O-],CCCCCC[n+]1ccccc1,CCCC(=O)[O-],AMKUSFIBHAUBIJ-UHFFFAOYSA-N,FERIUCNNQQJTOY-UHFFFAOYSA-M,AMKUSFIBHAUBIJ-UHFFFAOYSA-N||FERIUCNNQQJTOY-UHFFFAOYSA-M,1,-1,7,7,True,True,True,True,True,retained,
UPR-0427,COCCCC[n+]1ccn(C)c1,CCC(=O)[O-],COCCCC[n+]1ccn(C)c1,CCC(=O)[O-],IXGKOODVBRRWQB-UHFFFAOYSA-N,XBDQKXXYIPTUBI-UHFFFAOYSA-M,IXGKOODVBRRWQB-UHFFFAOYSA-N||XBDQKXXYIPTUBI-UHFFFAOYSA-M,1,-1,5,7,True,True,True,True,True,retained,
UPR-0428,C[n+]1ccn(CCCC#N)c1,CCC(=O)[O-],C[n+]1ccn(CCCC#N)c1,CCC(=O)[O-],SROUAIZIOIOQID-UHFFFAOYSA-N,XBDQKXXYIPTUBI-UHFFFAOYSA-M,SROUAIZIOIOQID-UHFFFAOYSA-N||XBDQKXXYIPTUBI-UHFFFAOYSA-M,1,-1,5,7,True,True,True,True,True,retained,
UPR-0429,C[n+]1ccn(CCO)c1,CCC(=O)[O-],C[n+]1ccn(CCO)c1,CCC(=O)[O-],ZGZLRWJZGFRHHQ-UHFFFAOYSA-N,XBDQKXXYIPTUBI-UHFFFAOYSA-M,ZGZLRWJZGFRHHQ-UHFFFAOYSA-N||XBDQKXXYIPTUBI-UHFFFAOYSA-M,1,-1,9,7,True,True,True,True,True,retained,
UPR-0430,CC[N+](C)(C)CCOC,CCC(=O)[O-],CC[N+](C)(C)CCOC,CCC(=O)[O-],KIJWMNYEVKNAGY-UHFFFAOYSA-N,XBDQKXXYIPTUBI-UHFFFAOYSA-M,KIJWMNYEVKNAGY-UHFFFAOYSA-N||XBDQKXXYIPTUBI-UHFFFAOYSA-M,1,-1,5,7,True,True,True,True,True,retained,
UPR-0431,CCCC[n+]1ccccc1,CCC(=O)[O-],CCCC[n+]1ccccc1,CCC(=O)[O-],REACWASHYHDPSQ-UHFFFAOYSA-N,XBDQKXXYIPTUBI-UHFFFAOYSA-M,REACWASHYHDPSQ-UHFFFAOYSA-N||XBDQKXXYIPTUBI-UHFFFAOYSA-M,1,-1,8,7,True,True,True,True,True,retained,
UPR-0432,COCC[n+]1ccn(C)c1,CCC(=O)[O-],COCC[n+]1ccn(C)c1,CCC(=O)[O-],BYCVVPOEPZGGGL-UHFFFAOYSA-N,XBDQKXXYIPTUBI-UHFFFAOYSA-M,BYCVVPOEPZGGGL-UHFFFAOYSA-N||XBDQKXXYIPTUBI-UHFFFAOYSA-M,1,-1,7,7,True,True,True,True,True,retained,
UPR-0433,CCCC[n+]1ccn(CC)c1,[Cl-],CCCC[n+]1ccn(CC)c1,[Cl-],JYARJXBHOOZQQD-UHFFFAOYSA-N,VEXZGXHMUGYJMC-UHFFFAOYSA-M,JYARJXBHOOZQQD-UHFFFAOYSA-N||VEXZGXHMUGYJMC-UHFFFAOYSA-M,1,-1,6,28,True,True,True,True,True,retained,
UPR-0434,CCCCCCCC[P+](CC)(CC)CC,N#C[S-],CCCCCCCC[P+](CC)(CC)CC,N#C[S-],QCLVFLIIJODTJU-UHFFFAOYSA-N,ZMZDMBWJUHKJPS-UHFFFAOYSA-M,QCLVFLIIJODTJU-UHFFFAOYSA-N||ZMZDMBWJUHKJPS-UHFFFAOYSA-M,1,-1,7,13,True,True,True,True,True,retained,
UPR-0435,CCCCCCCC[P+](CC)(CC)CC,FC(F)(F)C(F)(F)[P-](F)(F)(F)(C(F)(F)C(F)(F)F)C(F)(F)C(F)(F)F,CCCCCCCC[P+](CC)(CC)CC,FC(F)(F)C(F)(F)[P-](F)(F)(F)(C(F)(F)C(F)(F)F)C(F)(F)C(F)(F)F,QCLVFLIIJODTJU-UHFFFAOYSA-N,OXDZSRZJFHVGGS-UHFFFAOYSA-N,QCLVFLIIJODTJU-UHFFFAOYSA-N||OXDZSRZJFHVGGS-UHFFFAOYSA-N,1,-1,7,14,True,True,True,True,True,retained,
UPR-0436,CCCC[P+](CCCC)(CCCC)CCCC,O=S(=O)([N-]S(=O)(=O)C(F)(F)C(F)(F)F)C(F)(F)C(F)(F)F,CCCC[P+](CCCC)(CCCC)CCCC,O=S(=O)([N-]S(=O)(=O)C(F)(F)C(F)(F)F)C(F)(F)C(F)(F)F,BJQWBACJIAKDTJ-UHFFFAOYSA-N,SLSPYQCCSCAKIB-UHFFFAOYSA-N,BJQWBACJIAKDTJ-UHFFFAOYSA-N||SLSPYQCCSCAKIB-UHFFFAOYSA-N,1,-1,9,6,True,True,True,True,True,retained,
UPR-0437,CCCCCCCC[n+]1ccn(C)c1,O=C[O-],CCCCCCCC[n+]1ccn(C)c1,O=C[O-],WXMVWUBWIHZLMQ-UHFFFAOYSA-N,BDAGIHXWWSANSR-UHFFFAOYSA-M,WXMVWUBWIHZLMQ-UHFFFAOYSA-N||BDAGIHXWWSANSR-UHFFFAOYSA-M,1,-1,21,14,True,True,True,True,True,retained,
UPR-0438,CCCCCCCC[P+](CC)(CC)CC,CC(=O)[O-],CCCCCCCC[P+](CC)(CC)CC,CC(=O)[O-],QCLVFLIIJODTJU-UHFFFAOYSA-N,QTBSBXVTEAMEQO-UHFFFAOYSA-M,QCLVFLIIJODTJU-UHFFFAOYSA-N||QTBSBXVTEAMEQO-UHFFFAOYSA-M,1,-1,7,18,True,True,True,True,True,retained,
UPR-0439,CCCCCCCC[P+](CC)(CC)CC,O=[N+]([O-])[O-],CCCCCCCC[P+](CC)(CC)CC,O=[N+]([O-])[O-],QCLVFLIIJODTJU-UHFFFAOYSA-N,NHNBFGGVMKEFGY-UHFFFAOYSA-N,QCLVFLIIJODTJU-UHFFFAOYSA-N||NHNBFGGVMKEFGY-UHFFFAOYSA-N,1,-1,7,12,True,True,True,True,True,retained,
UPR-0440,CCCC[P+](CCCC)(CCCC)CCCC,O=S(=O)([O-])C(F)(F)C(F)(F)C(F)(F)C(F)(F)F,CCCC[P+](CCCC)(CCCC)CCCC,O=S(=O)([O-])C(F)(F)C(F)(F)C(F)(F)C(F)(F)F,BJQWBACJIAKDTJ-UHFFFAOYSA-N,JGTNAGYHADQMCM-UHFFFAOYSA-M,BJQWBACJIAKDTJ-UHFFFAOYSA-N||JGTNAGYHADQMCM-UHFFFAOYSA-M,1,-1,9,6,True,True,True,True,True,retained,
UPR-0441,CCCC[P+](CCCC)(CCCC)CCCC,F[B-](F)(F)F,CCCC[P+](CCCC)(CCCC)CCCC,F[B-](F)(F)F,BJQWBACJIAKDTJ-UHFFFAOYSA-N,ODGCEQLVLXJUCC-UHFFFAOYSA-N,BJQWBACJIAKDTJ-UHFFFAOYSA-N||ODGCEQLVLXJUCC-UHFFFAOYSA-N,1,-1,9,41,True,True,True,True,True,retained,
UPR-0442,CCCC[P+](CCCC)(CCCC)CCCC,N#C[N-]C#N,CCCC[P+](CCCC)(CCCC)CCCC,N#C[N-]C#N,BJQWBACJIAKDTJ-UHFFFAOYSA-N,UKDLHLAPDXIAID-UHFFFAOYSA-N,BJQWBACJIAKDTJ-UHFFFAOYSA-N||UKDLHLAPDXIAID-UHFFFAOYSA-N,1,-1,9,26,True,True,True,True,True,retained,
UPR-0443,CCCC[P+](CCCC)(CCCC)CCCC,O=S(=O)([O-])O,CCCC[P+](CCCC)(CCCC)CCCC,O=S(=O)([O-])O,BJQWBACJIAKDTJ-UHFFFAOYSA-N,QAOWNCQODCNURD-UHFFFAOYSA-M,BJQWBACJIAKDTJ-UHFFFAOYSA-N||QAOWNCQODCNURD-UHFFFAOYSA-M,1,-1,9,12,True,True,True,True,True,retained,
UPR-0444,CCCCCCCC[P+](CC)(CC)CC,CCC(=O)[O-],CCCCCCCC[P+](CC)(CC)CC,CCC(=O)[O-],QCLVFLIIJODTJU-UHFFFAOYSA-N,XBDQKXXYIPTUBI-UHFFFAOYSA-M,QCLVFLIIJODTJU-UHFFFAOYSA-N||XBDQKXXYIPTUBI-UHFFFAOYSA-M,1,-1,7,7,True,True,True,True,True,retained,
UPR-0445,CCCC[P+](CCCC)(CCCC)CCCC,NCC(=O)[O-],CCCC[P+](CCCC)(CCCC)CCCC,NCC(=O)[O-],BJQWBACJIAKDTJ-UHFFFAOYSA-N,DHMQDGOQFOQNFH-UHFFFAOYSA-M,BJQWBACJIAKDTJ-UHFFFAOYSA-N||DHMQDGOQFOQNFH-UHFFFAOYSA-M,1,-1,9,5,True,True,True,True,True,retained,
UPR-0446,CCCC[P+](CC)(CCCC)CCCC,FC(S(=O)(=O)[N-]S(=O)(=O)C(F)(F)F)(F)F,CCCC[P+](CC)(CCCC)CCCC,O=S(=O)([N-]S(=O)(=O)C(F)(F)F)C(F)(F)F,HOMONHWYLOPSLL-UHFFFAOYSA-N,NHHWJSXMTZIPES-UHFFFAOYSA-N,HOMONHWYLOPSLL-UHFFFAOYSA-N||NHHWJSXMTZIPES-UHFFFAOYSA-N,1,-1,6,169,True,True,True,True,True,retained,
UPR-0447,CCCC[P+](CCCC)(CCCC)CCCC,COS(=O)(=O)[O-],CCCC[P+](CCCC)(CCCC)CCCC,COS(=O)(=O)[O-],BJQWBACJIAKDTJ-UHFFFAOYSA-N,JZMJDSHXVKJFKW-UHFFFAOYSA-M,BJQWBACJIAKDTJ-UHFFFAOYSA-N||JZMJDSHXVKJFKW-UHFFFAOYSA-M,1,-1,9,12,True,True,True,True,True,retained,
UPR-0448,CCCC[P+](CCCC)(CCCC)CCCC,CCCC(=O)[O-],CCCC[P+](CCCC)(CCCC)CCCC,CCCC(=O)[O-],BJQWBACJIAKDTJ-UHFFFAOYSA-N,FERIUCNNQQJTOY-UHFFFAOYSA-M,BJQWBACJIAKDTJ-UHFFFAOYSA-N||FERIUCNNQQJTOY-UHFFFAOYSA-M,1,-1,9,7,True,True,True,True,True,retained,
UPR-0449,CCCC[P+](CCCC)(CCCC)CCCC,O=C([O-])C(F)(F)F,CCCC[P+](CCCC)(CCCC)CCCC,O=C([O-])C(F)(F)F,BJQWBACJIAKDTJ-UHFFFAOYSA-N,DTQVDTLACAAQTR-UHFFFAOYSA-M,BJQWBACJIAKDTJ-UHFFFAOYSA-N||DTQVDTLACAAQTR-UHFFFAOYSA-M,1,-1,9,12,True,True,True,True,True,retained,
UPR-0450,CCCC[P+](CCCC)(CCCC)CCCC,N#C[C-](C#N)C#N,CCCC[P+](CCCC)(CCCC)CCCC,N#C[C-](C#N)C#N,BJQWBACJIAKDTJ-UHFFFAOYSA-N,CXERBOODJDWFQL-UHFFFAOYSA-N,BJQWBACJIAKDTJ-UHFFFAOYSA-N||CXERBOODJDWFQL-UHFFFAOYSA-N,1,-1,9,8,True,True,True,True,True,retained,
UPR-0451,CCCCCCCC[P+](CC)(CC)CC,F[P-](F)(F)(F)(F)F,CCCCCCCC[P+](CC)(CC)CC,F[P-](F)(F)(F)(F)F,QCLVFLIIJODTJU-UHFFFAOYSA-N,LJQLCJWAZJINEB-UHFFFAOYSA-N,QCLVFLIIJODTJU-UHFFFAOYSA-N||LJQLCJWAZJINEB-UHFFFAOYSA-N,1,-1,7,20,True,True,True,True,True,retained,
UPR-0452,CCCCCCCC[P+](CC)(CC)CC,C(C)OS(=O)(=O)[O-],CCCCCCCC[P+](CC)(CC)CC,CCOS(=O)(=O)[O-],QCLVFLIIJODTJU-UHFFFAOYSA-N,KIWBPDUYBMNFTB-UHFFFAOYSA-M,QCLVFLIIJODTJU-UHFFFAOYSA-N||KIWBPDUYBMNFTB-UHFFFAOYSA-M,1,-1,7,7,True,True,True,True,True,retained,
UPR-0453,CCCCCCCC[P+](CC)(CC)CC,Cc1ccc(S(=O)(=O)[O-])cc1,CCCCCCCC[P+](CC)(CC)CC,Cc1ccc(S(=O)(=O)[O-])cc1,QCLVFLIIJODTJU-UHFFFAOYSA-N,JOXIMZWYDAKGHI-UHFFFAOYSA-M,QCLVFLIIJODTJU-UHFFFAOYSA-N||JOXIMZWYDAKGHI-UHFFFAOYSA-M,1,-1,7,6,True,True,True,True,True,retained,
UPR-0454,CCCC[P+](CCCC)(CCCC)CCCC,O=S(=O)([O-])C(F)(F)C(F)F,CCCC[P+](CCCC)(CCCC)CCCC,O=S(=O)([O-])C(F)(F)C(F)F,BJQWBACJIAKDTJ-UHFFFAOYSA-N,KZWJWYFPLXRYIL-UHFFFAOYSA-M,BJQWBACJIAKDTJ-UHFFFAOYSA-N||KZWJWYFPLXRYIL-UHFFFAOYSA-M,1,-1,9,6,True,True,True,True,True,retained,
UPR-0455,CCCCCCCC[P+](CC)(CC)CC,O=S(=O)([O-])C(F)(F)F,CCCCCCCC[P+](CC)(CC)CC,O=S(=O)([O-])C(F)(F)F,QCLVFLIIJODTJU-UHFFFAOYSA-N,ITMCEJHCFYSIIV-UHFFFAOYSA-M,QCLVFLIIJODTJU-UHFFFAOYSA-N||ITMCEJHCFYSIIV-UHFFFAOYSA-M,1,-1,7,28,True,True,True,True,True,retained,
UPR-0456,CCCC[P+](CC)(CCCC)CCCC,O=[N+]([O-])c1cn[n-]c1,CCCC[P+](CC)(CCCC)CCCC,O=[N+]([O-])c1cn[n-]c1,HOMONHWYLOPSLL-UHFFFAOYSA-N,IDGLPDIIVPZHRB-UHFFFAOYSA-N,HOMONHWYLOPSLL-UHFFFAOYSA-N||IDGLPDIIVPZHRB-UHFFFAOYSA-N,1,-1,6,9,True,True,True,True,True,retained,
UPR-0457,CCCC[P+](CCCC)(CCCC)CCCC,O=S(=O)(F)[N-]S(=O)(=O)F,CCCC[P+](CCCC)(CCCC)CCCC,O=S(=O)(F)[N-]S(=O)(=O)F,BJQWBACJIAKDTJ-UHFFFAOYSA-N,NVIANCROYQGROD-UHFFFAOYSA-N,BJQWBACJIAKDTJ-UHFFFAOYSA-N||NVIANCROYQGROD-UHFFFAOYSA-N,1,-1,9,14,True,True,True,True,True,retained,
UPR-0458,CCCCCCCC[P+](CC)(CC)CC,N#C[B-](C#N)(C#N)C#N,CCCCCCCC[P+](CC)(CC)CC,N#C[B-](C#N)(C#N)C#N,QCLVFLIIJODTJU-UHFFFAOYSA-N,KDCFMDHINPOTEA-UHFFFAOYSA-N,QCLVFLIIJODTJU-UHFFFAOYSA-N||KDCFMDHINPOTEA-UHFFFAOYSA-N,1,-1,7,6,True,True,True,True,True,retained,
UPR-0459,CCCCCCCC[n+]1ccn(C)c1,CS(=O)(=O)[O-],CCCCCCCC[n+]1ccn(C)c1,CS(=O)(=O)[O-],WXMVWUBWIHZLMQ-UHFFFAOYSA-N,AFVFQIVMOAPDHO-UHFFFAOYSA-M,WXMVWUBWIHZLMQ-UHFFFAOYSA-N||AFVFQIVMOAPDHO-UHFFFAOYSA-M,1,-1,21,10,True,True,True,True,True,retained,
UPR-0460,CCCCCCCC[n+]1ccn(C)c1,O=S(=O)(F)[N-]S(=O)(=O)F,CCCCCCCC[n+]1ccn(C)c1,O=S(=O)(F)[N-]S(=O)(=O)F,WXMVWUBWIHZLMQ-UHFFFAOYSA-N,NVIANCROYQGROD-UHFFFAOYSA-N,WXMVWUBWIHZLMQ-UHFFFAOYSA-N||NVIANCROYQGROD-UHFFFAOYSA-N,1,-1,21,14,True,True,True,True,True,retained,
UPR-0461,CN1C=[N+](C=C1)C,CCCC(=O)[O-],Cn1cc[n+](C)c1,CCCC(=O)[O-],HVVRUQBMAZRKPJ-UHFFFAOYSA-N,FERIUCNNQQJTOY-UHFFFAOYSA-M,HVVRUQBMAZRKPJ-UHFFFAOYSA-N||FERIUCNNQQJTOY-UHFFFAOYSA-M,1,-1,7,7,True,True,True,True,True,retained,
UPR-0462,CN1C=[N+](C=C1)C,O=C[O-],Cn1cc[n+](C)c1,O=C[O-],HVVRUQBMAZRKPJ-UHFFFAOYSA-N,BDAGIHXWWSANSR-UHFFFAOYSA-M,HVVRUQBMAZRKPJ-UHFFFAOYSA-N||BDAGIHXWWSANSR-UHFFFAOYSA-M,1,-1,7,14,True,True,True,True,True,retained,
UPR-0463,C(C)[N+]1=CN(C=C1)C,CCC(=O)[O-],CC[n+]1ccn(C)c1,CCC(=O)[O-],NJMWOUFKYKNWDW-UHFFFAOYSA-N,XBDQKXXYIPTUBI-UHFFFAOYSA-M,NJMWOUFKYKNWDW-UHFFFAOYSA-N||XBDQKXXYIPTUBI-UHFFFAOYSA-M,1,-1,48,7,True,True,True,True,True,retained,
UPR-0464,CCCCCCCCCCCCCC[P+](CCCCCC)(CCCCCC)CCCCCC,C[C@H](N)C(=O)[O-],CCCCCCCCCCCCCC[P+](CCCCCC)(CCCCCC)CCCCCC,C[C@H](N)C(=O)[O-],PYVOHVLEZJMINC-UHFFFAOYSA-N,QNAYBMKLOCPYGJ-REOHCLBHSA-M,PYVOHVLEZJMINC-UHFFFAOYSA-N||QNAYBMKLOCPYGJ-REOHCLBHSA-M,1,-1,22,7,True,True,True,True,True,retained,
UPR-0465,C(C)[NH3+],C[C@H](N)C(=O)[O-],CC[NH3+],C[C@H](N)C(=O)[O-],QUSNBJAOOMFDIB-UHFFFAOYSA-O,QNAYBMKLOCPYGJ-REOHCLBHSA-M,QUSNBJAOOMFDIB-UHFFFAOYSA-O||QNAYBMKLOCPYGJ-REOHCLBHSA-M,1,-1,7,7,True,True,True,True,True,retained,
UPR-0466,CCCC[n+]1ccn(CC)c1,NCC(=O)[O-],CCCC[n+]1ccn(CC)c1,NCC(=O)[O-],JYARJXBHOOZQQD-UHFFFAOYSA-N,DHMQDGOQFOQNFH-UHFFFAOYSA-M,JYARJXBHOOZQQD-UHFFFAOYSA-N||DHMQDGOQFOQNFH-UHFFFAOYSA-M,1,-1,6,5,True,True,True,True,True,retained,
UPR-0467,C(CCC)[N+](CCCC)(CCCC)CCCC,C[C@H](N)C(=O)[O-],CCCC[N+](CCCC)(CCCC)CCCC,C[C@H](N)C(=O)[O-],DZLFLBLQUQXARW-UHFFFAOYSA-N,QNAYBMKLOCPYGJ-REOHCLBHSA-M,DZLFLBLQUQXARW-UHFFFAOYSA-N||QNAYBMKLOCPYGJ-REOHCLBHSA-M,1,-1,8,7,True,True,True,True,True,retained,
UPR-0468,C[n+]1ccn(CCO)c1,[Br-],C[n+]1ccn(CCO)c1,[Br-],ZGZLRWJZGFRHHQ-UHFFFAOYSA-N,CPELXLSAUQHCOX-UHFFFAOYSA-M,ZGZLRWJZGFRHHQ-UHFFFAOYSA-N||CPELXLSAUQHCOX-UHFFFAOYSA-M,1,-1,9,38,True,True,True,True,True,retained,
UPR-0469,CCCC[P+](CCCC)(CCCC)CCCC,[Cl-],CCCC[P+](CCCC)(CCCC)CCCC,[Cl-],BJQWBACJIAKDTJ-UHFFFAOYSA-N,VEXZGXHMUGYJMC-UHFFFAOYSA-M,BJQWBACJIAKDTJ-UHFFFAOYSA-N||VEXZGXHMUGYJMC-UHFFFAOYSA-M,1,-1,9,28,True,True,True,True,True,retained,
UPR-0470,C(CCC)[N+](CCCC)(CCCC)CCCC,[Cl-],CCCC[N+](CCCC)(CCCC)CCCC,[Cl-],DZLFLBLQUQXARW-UHFFFAOYSA-N,VEXZGXHMUGYJMC-UHFFFAOYSA-M,DZLFLBLQUQXARW-UHFFFAOYSA-N||VEXZGXHMUGYJMC-UHFFFAOYSA-M,1,-1,8,28,True,True,True,True,True,retained,
UPR-0471,CCCCCCCC[P+](CC)(CC)CC,[Br-],CCCCCCCC[P+](CC)(CC)CC,[Br-],QCLVFLIIJODTJU-UHFFFAOYSA-N,CPELXLSAUQHCOX-UHFFFAOYSA-M,QCLVFLIIJODTJU-UHFFFAOYSA-N||CPELXLSAUQHCOX-UHFFFAOYSA-M,1,-1,7,38,True,True,True,True,True,retained,
UPR-0472,C(C)[NH3+],[Br-],CC[NH3+],[Br-],QUSNBJAOOMFDIB-UHFFFAOYSA-O,CPELXLSAUQHCOX-UHFFFAOYSA-M,QUSNBJAOOMFDIB-UHFFFAOYSA-O||CPELXLSAUQHCOX-UHFFFAOYSA-M,1,-1,7,38,True,True,True,True,True,retained,
UPR-0473,CN1C=[N+](C=C1)C,[Cl-],Cn1cc[n+](C)c1,[Cl-],HVVRUQBMAZRKPJ-UHFFFAOYSA-N,VEXZGXHMUGYJMC-UHFFFAOYSA-M,HVVRUQBMAZRKPJ-UHFFFAOYSA-N||VEXZGXHMUGYJMC-UHFFFAOYSA-M,1,-1,7,28,True,True,True,True,True,retained,
UPR-0474,C(CCC)[N+](C)(CCCC)CCCC,[Br-],CCCC[N+](C)(CCCC)CCCC,[Br-],HJHUXWBTVVFLQI-UHFFFAOYSA-N,CPELXLSAUQHCOX-UHFFFAOYSA-M,HJHUXWBTVVFLQI-UHFFFAOYSA-N||CPELXLSAUQHCOX-UHFFFAOYSA-M,1,-1,5,38,True,True,True,True,True,retained,
UPR-0475,CC[N+](C)(C)CCOC,[Br-],CC[N+](C)(C)CCOC,[Br-],KIJWMNYEVKNAGY-UHFFFAOYSA-N,CPELXLSAUQHCOX-UHFFFAOYSA-M,KIJWMNYEVKNAGY-UHFFFAOYSA-N||CPELXLSAUQHCOX-UHFFFAOYSA-M,1,-1,5,38,True,True,True,True,True,retained,
UPR-0476,C[n+]1ccn(CCCC#N)c1,[Br-],C[n+]1ccn(CCCC#N)c1,[Br-],SROUAIZIOIOQID-UHFFFAOYSA-N,CPELXLSAUQHCOX-UHFFFAOYSA-M,SROUAIZIOIOQID-UHFFFAOYSA-N||CPELXLSAUQHCOX-UHFFFAOYSA-M,1,-1,5,38,True,True,True,True,True,retained,
UPR-0477,CC=1N(C=C[N+]1C)CCC,[Cl-],CCCn1cc[n+](C)c1C,[Cl-],MXLZUALXSYVAIV-UHFFFAOYSA-N,VEXZGXHMUGYJMC-UHFFFAOYSA-M,MXLZUALXSYVAIV-UHFFFAOYSA-N||VEXZGXHMUGYJMC-UHFFFAOYSA-M,1,-1,5,28,True,True,True,True,True,retained,
UPR-0478,CN1C=[NH+]C=C1,NCC(=O)[O-],Cn1cc[nH+]c1,NCC(=O)[O-],MCTWTZJPVLRJOU-UHFFFAOYSA-O,DHMQDGOQFOQNFH-UHFFFAOYSA-M,MCTWTZJPVLRJOU-UHFFFAOYSA-O||DHMQDGOQFOQNFH-UHFFFAOYSA-M,1,-1,6,5,True,True,True,True,True,retained,
UPR-0479,CCCCCCCCCC[n+]1ccn(C)c1,NCC(=O)[O-],CCCCCCCCCC[n+]1ccn(C)c1,NCC(=O)[O-],LDVVBLGHGCHZBJ-UHFFFAOYSA-N,DHMQDGOQFOQNFH-UHFFFAOYSA-M,LDVVBLGHGCHZBJ-UHFFFAOYSA-N||DHMQDGOQFOQNFH-UHFFFAOYSA-M,1,-1,11,5,True,True,True,True,True,retained,
UPR-0480,CCC[n+]1ccn(C)c1,C[C@H](N)C(=O)[O-],CCC[n+]1ccn(C)c1,C[C@H](N)C(=O)[O-],WVDDUSFOSWWJJH-UHFFFAOYSA-N,QNAYBMKLOCPYGJ-REOHCLBHSA-M,WVDDUSFOSWWJJH-UHFFFAOYSA-N||QNAYBMKLOCPYGJ-REOHCLBHSA-M,1,-1,14,7,True,True,True,True,True,retained,
UPR-0481,CCCCCCCC[P+](CC)(CC)CC,C[C@H](N)C(=O)[O-],CCCCCCCC[P+](CC)(CC)CC,C[C@H](N)C(=O)[O-],QCLVFLIIJODTJU-UHFFFAOYSA-N,QNAYBMKLOCPYGJ-REOHCLBHSA-M,QCLVFLIIJODTJU-UHFFFAOYSA-N||QNAYBMKLOCPYGJ-REOHCLBHSA-M,1,-1,7,7,True,True,True,True,True,retained,
UPR-0482,CCCCCC[n+]1ccn(CCC#N)c1,NCC(=O)[O-],CCCCCC[n+]1ccn(CCC#N)c1,NCC(=O)[O-],IDRFNBZFUVYEJX-UHFFFAOYSA-N,DHMQDGOQFOQNFH-UHFFFAOYSA-M,IDRFNBZFUVYEJX-UHFFFAOYSA-N||DHMQDGOQFOQNFH-UHFFFAOYSA-M,1,-1,6,5,True,True,True,True,True,retained,
UPR-0483,C(CCC)[N+](C)(CCCC)CCCC,NCC(=O)[O-],CCCC[N+](C)(CCCC)CCCC,NCC(=O)[O-],HJHUXWBTVVFLQI-UHFFFAOYSA-N,DHMQDGOQFOQNFH-UHFFFAOYSA-M,HJHUXWBTVVFLQI-UHFFFAOYSA-N||DHMQDGOQFOQNFH-UHFFFAOYSA-M,1,-1,5,5,True,True,True,True,True,retained,
UPR-0484,CN1C=[N+](C=C1)C,C[C@H](N)C(=O)[O-],Cn1cc[n+](C)c1,C[C@H](N)C(=O)[O-],HVVRUQBMAZRKPJ-UHFFFAOYSA-N,QNAYBMKLOCPYGJ-REOHCLBHSA-M,HVVRUQBMAZRKPJ-UHFFFAOYSA-N||QNAYBMKLOCPYGJ-REOHCLBHSA-M,1,-1,7,7,True,True,True,True,True,retained,
UPR-0485,CCCCCCC[n+]1ccn(C)c1,C[C@H](N)C(=O)[O-],CCCCCCC[n+]1ccn(C)c1,C[C@H](N)C(=O)[O-],FCZZZYZIQDHCIW-UHFFFAOYSA-N,QNAYBMKLOCPYGJ-REOHCLBHSA-M,FCZZZYZIQDHCIW-UHFFFAOYSA-N||QNAYBMKLOCPYGJ-REOHCLBHSA-M,1,-1,5,7,True,True,True,True,True,retained,
UPR-0486,C(C)[N+]1=CC=CC=C1,NCC(=O)[O-],CC[n+]1ccccc1,NCC(=O)[O-],OIDIRWZVUWCCCO-UHFFFAOYSA-N,DHMQDGOQFOQNFH-UHFFFAOYSA-M,OIDIRWZVUWCCCO-UHFFFAOYSA-N||DHMQDGOQFOQNFH-UHFFFAOYSA-M,1,-1,7,5,True,True,True,True,True,retained,
UPR-0487,CCCCCC[n+]1ccccc1,C[C@H](N)C(=O)[O-],CCCCCC[n+]1ccccc1,C[C@H](N)C(=O)[O-],AMKUSFIBHAUBIJ-UHFFFAOYSA-N,QNAYBMKLOCPYGJ-REOHCLBHSA-M,AMKUSFIBHAUBIJ-UHFFFAOYSA-N||QNAYBMKLOCPYGJ-REOHCLBHSA-M,1,-1,7,7,True,True,True,True,True,retained,
UPR-0488,C[n+]1ccn(CCCC#N)c1,C[C@H](N)C(=O)[O-],C[n+]1ccn(CCCC#N)c1,C[C@H](N)C(=O)[O-],SROUAIZIOIOQID-UHFFFAOYSA-N,QNAYBMKLOCPYGJ-REOHCLBHSA-M,SROUAIZIOIOQID-UHFFFAOYSA-N||QNAYBMKLOCPYGJ-REOHCLBHSA-M,1,-1,5,7,True,True,True,True,True,retained,
UPR-0489,CC[N+](C)(C)CCOC,C[C@H](N)C(=O)[O-],CC[N+](C)(C)CCOC,C[C@H](N)C(=O)[O-],KIJWMNYEVKNAGY-UHFFFAOYSA-N,QNAYBMKLOCPYGJ-REOHCLBHSA-M,KIJWMNYEVKNAGY-UHFFFAOYSA-N||QNAYBMKLOCPYGJ-REOHCLBHSA-M,1,-1,5,7,True,True,True,True,True,retained,
UPR-0490,CCCC[n+]1ccccc1,NCC(=O)[O-],CCCC[n+]1ccccc1,NCC(=O)[O-],REACWASHYHDPSQ-UHFFFAOYSA-N,DHMQDGOQFOQNFH-UHFFFAOYSA-M,REACWASHYHDPSQ-UHFFFAOYSA-N||DHMQDGOQFOQNFH-UHFFFAOYSA-M,1,-1,8,5,True,True,True,True,True,retained,
UPR-0491,CC=1N(C=C[N+]1C)CCC,FC(F)(F)C(F)(F)[P-](F)(F)(F)(C(F)(F)C(F)(F)F)C(F)(F)C(F)(F)F,CCCn1cc[n+](C)c1C,FC(F)(F)C(F)(F)[P-](F)(F)(F)(C(F)(F)C(F)(F)F)C(F)(F)C(F)(F)F,MXLZUALXSYVAIV-UHFFFAOYSA-N,OXDZSRZJFHVGGS-UHFFFAOYSA-N,MXLZUALXSYVAIV-UHFFFAOYSA-N||OXDZSRZJFHVGGS-UHFFFAOYSA-N,1,-1,5,14,True,True,True,True,True,retained,
UPR-0492,C(C)[N+]1=CN(C=C1)C,O=[N+]([O-])c1cn[n-]c1,CC[n+]1ccn(C)c1,O=[N+]([O-])c1cn[n-]c1,NJMWOUFKYKNWDW-UHFFFAOYSA-N,IDGLPDIIVPZHRB-UHFFFAOYSA-N,NJMWOUFKYKNWDW-UHFFFAOYSA-N||IDGLPDIIVPZHRB-UHFFFAOYSA-N,1,-1,48,9,True,True,True,True,True,retained,
UPR-0493,CCC[n+]1ccn(C)c1,CCCC(=O)[O-],CCC[n+]1ccn(C)c1,CCCC(=O)[O-],WVDDUSFOSWWJJH-UHFFFAOYSA-N,FERIUCNNQQJTOY-UHFFFAOYSA-M,WVDDUSFOSWWJJH-UHFFFAOYSA-N||FERIUCNNQQJTOY-UHFFFAOYSA-M,1,-1,14,7,True,True,True,True,True,retained,
UPR-0494,CC=1N(C=C[N+]1C)CCC,O=S(=O)([N-]S(=O)(=O)C(F)(F)C(F)(F)F)C(F)(F)C(F)(F)F,CCCn1cc[n+](C)c1C,O=S(=O)([N-]S(=O)(=O)C(F)(F)C(F)(F)F)C(F)(F)C(F)(F)F,MXLZUALXSYVAIV-UHFFFAOYSA-N,SLSPYQCCSCAKIB-UHFFFAOYSA-N,MXLZUALXSYVAIV-UHFFFAOYSA-N||SLSPYQCCSCAKIB-UHFFFAOYSA-N,1,-1,5,6,True,True,True,True,True,retained,
UPR-0495,CCCC[n+]1ccn(CC)c1,CC(=O)[O-],CCCC[n+]1ccn(CC)c1,CC(=O)[O-],JYARJXBHOOZQQD-UHFFFAOYSA-N,QTBSBXVTEAMEQO-UHFFFAOYSA-M,JYARJXBHOOZQQD-UHFFFAOYSA-N||QTBSBXVTEAMEQO-UHFFFAOYSA-M,1,-1,6,18,True,True,True,True,True,retained,
UPR-0496,CCCC[n+]1ccn(CC)c1,N#C[N-]C#N,CCCC[n+]1ccn(CC)c1,N#C[N-]C#N,JYARJXBHOOZQQD-UHFFFAOYSA-N,UKDLHLAPDXIAID-UHFFFAOYSA-N,JYARJXBHOOZQQD-UHFFFAOYSA-N||UKDLHLAPDXIAID-UHFFFAOYSA-N,1,-1,6,26,True,True,True,True,True,retained,
UPR-0497,CCCC[n+]1ccn(CC)c1,CCC(=O)[O-],CCCC[n+]1ccn(CC)c1,CCC(=O)[O-],JYARJXBHOOZQQD-UHFFFAOYSA-N,XBDQKXXYIPTUBI-UHFFFAOYSA-M,JYARJXBHOOZQQD-UHFFFAOYSA-N||XBDQKXXYIPTUBI-UHFFFAOYSA-M,1,-1,6,7,True,True,True,True,True,retained,
UPR-0498,CC=1N(C=C[N+]1C)CCC,Cc1ccc(S(=O)(=O)[O-])cc1,CCCn1cc[n+](C)c1C,Cc1ccc(S(=O)(=O)[O-])cc1,MXLZUALXSYVAIV-UHFFFAOYSA-N,JOXIMZWYDAKGHI-UHFFFAOYSA-M,MXLZUALXSYVAIV-UHFFFAOYSA-N||JOXIMZWYDAKGHI-UHFFFAOYSA-M,1,-1,5,6,True,True,True,True,True,retained,
UPR-0499,CCCC[n+]1ccn(C)c1C,O=S(=O)([O-])C(F)(F)C(F)F,CCCC[n+]1ccn(C)c1C,O=S(=O)([O-])C(F)(F)C(F)F,XUAXVBUVQVRIIQ-UHFFFAOYSA-N,KZWJWYFPLXRYIL-UHFFFAOYSA-M,XUAXVBUVQVRIIQ-UHFFFAOYSA-N||KZWJWYFPLXRYIL-UHFFFAOYSA-M,1,-1,9,6,True,True,True,True,True,retained,
UPR-0500,CCCC[n+]1ccn(C)c1C,O=S(=O)(F)[N-]S(=O)(=O)F,CCCC[n+]1ccn(C)c1C,O=S(=O)(F)[N-]S(=O)(=O)F,XUAXVBUVQVRIIQ-UHFFFAOYSA-N,NVIANCROYQGROD-UHFFFAOYSA-N,XUAXVBUVQVRIIQ-UHFFFAOYSA-N||NVIANCROYQGROD-UHFFFAOYSA-N,1,-1,9,14,True,True,True,True,True,retained,
UPR-0501,CCCC[n+]1ccn(C)c1C,CS(=O)(=O)[O-],CCCC[n+]1ccn(C)c1C,CS(=O)(=O)[O-],XUAXVBUVQVRIIQ-UHFFFAOYSA-N,AFVFQIVMOAPDHO-UHFFFAOYSA-M,XUAXVBUVQVRIIQ-UHFFFAOYSA-N||AFVFQIVMOAPDHO-UHFFFAOYSA-M,1,-1,9,10,True,True,True,True,True,retained,
UPR-0502,C=CC[n+]1ccn(C)c1,O=S(=O)([O-])C(F)(F)F,C=CC[n+]1ccn(C)c1,O=S(=O)([O-])C(F)(F)F,WWVMHGUBIOZASN-UHFFFAOYSA-N,ITMCEJHCFYSIIV-UHFFFAOYSA-M,WWVMHGUBIOZASN-UHFFFAOYSA-N||ITMCEJHCFYSIIV-UHFFFAOYSA-M,1,-1,7,28,True,True,True,True,True,retained,
UPR-0503,CC=1N(C=C[N+]1C)CCC,C[C@@H](O)[C@H](N)C(=O)[O-],CCCn1cc[n+](C)c1C,C[C@@H](O)[C@H](N)C(=O)[O-],MXLZUALXSYVAIV-UHFFFAOYSA-N,AYFVYJQAPQTCCC-GBXIJSLDSA-M,MXLZUALXSYVAIV-UHFFFAOYSA-N||AYFVYJQAPQTCCC-GBXIJSLDSA-M,1,-1,5,7,True,True,True,True,True,retained,
UPR-0504,CC=1N(C=C[N+]1C)CCC,O=[N+]([O-])[O-],CCCn1cc[n+](C)c1C,O=[N+]([O-])[O-],MXLZUALXSYVAIV-UHFFFAOYSA-N,NHNBFGGVMKEFGY-UHFFFAOYSA-N,MXLZUALXSYVAIV-UHFFFAOYSA-N||NHNBFGGVMKEFGY-UHFFFAOYSA-N,1,-1,5,12,True,True,True,True,True,retained,
UPR-0505,CC=1N(C=C[N+]1C)CCC,NCC(=O)[O-],CCCn1cc[n+](C)c1C,NCC(=O)[O-],MXLZUALXSYVAIV-UHFFFAOYSA-N,DHMQDGOQFOQNFH-UHFFFAOYSA-M,MXLZUALXSYVAIV-UHFFFAOYSA-N||DHMQDGOQFOQNFH-UHFFFAOYSA-M,1,-1,5,5,True,True,True,True,True,retained,
UPR-0506,CC=1N(C=C[N+]1C)CCC,O=S(=O)([O-])C(F)(F)C(F)(F)C(F)(F)C(F)(F)F,CCCn1cc[n+](C)c1C,O=S(=O)([O-])C(F)(F)C(F)(F)C(F)(F)C(F)(F)F,MXLZUALXSYVAIV-UHFFFAOYSA-N,JGTNAGYHADQMCM-UHFFFAOYSA-M,MXLZUALXSYVAIV-UHFFFAOYSA-N||JGTNAGYHADQMCM-UHFFFAOYSA-M,1,-1,5,6,True,True,True,True,True,retained,
UPR-0507,CCC[n+]1ccn(C)c1,O=C[O-],CCC[n+]1ccn(C)c1,O=C[O-],WVDDUSFOSWWJJH-UHFFFAOYSA-N,BDAGIHXWWSANSR-UHFFFAOYSA-M,WVDDUSFOSWWJJH-UHFFFAOYSA-N||BDAGIHXWWSANSR-UHFFFAOYSA-M,1,-1,14,14,True,True,True,True,True,retained,
UPR-0508,CC=1N(C=C[N+]1C)CCC,CCCC(=O)[O-],CCCn1cc[n+](C)c1C,CCCC(=O)[O-],MXLZUALXSYVAIV-UHFFFAOYSA-N,FERIUCNNQQJTOY-UHFFFAOYSA-M,MXLZUALXSYVAIV-UHFFFAOYSA-N||FERIUCNNQQJTOY-UHFFFAOYSA-M,1,-1,5,7,True,True,True,True,True,retained,
UPR-0509,CCCC[n+]1ccn(C)c1C,O=C[O-],CCCC[n+]1ccn(C)c1C,O=C[O-],XUAXVBUVQVRIIQ-UHFFFAOYSA-N,BDAGIHXWWSANSR-UHFFFAOYSA-M,XUAXVBUVQVRIIQ-UHFFFAOYSA-N||BDAGIHXWWSANSR-UHFFFAOYSA-M,1,-1,9,14,True,True,True,True,True,retained,
UPR-0510,CC=1N(C=C[N+]1C)CCC,O=S(=O)([O-])C(F)(F)C(F)F,CCCn1cc[n+](C)c1C,O=S(=O)([O-])C(F)(F)C(F)F,MXLZUALXSYVAIV-UHFFFAOYSA-N,KZWJWYFPLXRYIL-UHFFFAOYSA-M,MXLZUALXSYVAIV-UHFFFAOYSA-N||KZWJWYFPLXRYIL-UHFFFAOYSA-M,1,-1,5,6,True,True,True,True,True,retained,
UPR-0511,CC=1N(C=C[N+]1C)CCC,O=S(=O)(F)[N-]S(=O)(=O)F,CCCn1cc[n+](C)c1C,O=S(=O)(F)[N-]S(=O)(=O)F,MXLZUALXSYVAIV-UHFFFAOYSA-N,NVIANCROYQGROD-UHFFFAOYSA-N,MXLZUALXSYVAIV-UHFFFAOYSA-N||NVIANCROYQGROD-UHFFFAOYSA-N,1,-1,5,14,True,True,True,True,True,retained,
UPR-0512,CC=1N(C=C[N+]1C)CCC,N#C[B-](C#N)(C#N)C#N,CCCn1cc[n+](C)c1C,N#C[B-](C#N)(C#N)C#N,MXLZUALXSYVAIV-UHFFFAOYSA-N,KDCFMDHINPOTEA-UHFFFAOYSA-N,MXLZUALXSYVAIV-UHFFFAOYSA-N||KDCFMDHINPOTEA-UHFFFAOYSA-N,1,-1,5,6,True,True,True,True,True,retained,
UPR-0513,CC=1N(C=C[N+]1C)CCC,O=C([O-])C(F)(F)F,CCCn1cc[n+](C)c1C,O=C([O-])C(F)(F)F,MXLZUALXSYVAIV-UHFFFAOYSA-N,DTQVDTLACAAQTR-UHFFFAOYSA-M,MXLZUALXSYVAIV-UHFFFAOYSA-N||DTQVDTLACAAQTR-UHFFFAOYSA-M,1,-1,5,12,True,True,True,True,True,retained,
UPR-0514,CC=1N(C=C[N+]1C)CCC,N#C[C-](C#N)C#N,CCCn1cc[n+](C)c1C,N#C[C-](C#N)C#N,MXLZUALXSYVAIV-UHFFFAOYSA-N,CXERBOODJDWFQL-UHFFFAOYSA-N,MXLZUALXSYVAIV-UHFFFAOYSA-N||CXERBOODJDWFQL-UHFFFAOYSA-N,1,-1,5,8,True,True,True,True,True,retained,
UPR-0515,CC=1N(C=C[N+]1C)CCC,C(C)OS(=O)(=O)[O-],CCCn1cc[n+](C)c1C,CCOS(=O)(=O)[O-],MXLZUALXSYVAIV-UHFFFAOYSA-N,KIWBPDUYBMNFTB-UHFFFAOYSA-M,MXLZUALXSYVAIV-UHFFFAOYSA-N||KIWBPDUYBMNFTB-UHFFFAOYSA-M,1,-1,5,7,True,True,True,True,True,retained,
UPR-0516,CC=1N(C=C[N+]1C)CCC,CS(=O)(=O)[O-],CCCn1cc[n+](C)c1C,CS(=O)(=O)[O-],MXLZUALXSYVAIV-UHFFFAOYSA-N,AFVFQIVMOAPDHO-UHFFFAOYSA-M,MXLZUALXSYVAIV-UHFFFAOYSA-N||AFVFQIVMOAPDHO-UHFFFAOYSA-M,1,-1,5,10,True,True,True,True,True,retained,
UPR-0517,CC=1N(C=C[N+]1C)CCC,COS(=O)(=O)[O-],CCCn1cc[n+](C)c1C,COS(=O)(=O)[O-],MXLZUALXSYVAIV-UHFFFAOYSA-N,JZMJDSHXVKJFKW-UHFFFAOYSA-M,MXLZUALXSYVAIV-UHFFFAOYSA-N||JZMJDSHXVKJFKW-UHFFFAOYSA-M,1,-1,5,12,True,True,True,True,True,retained,
UPR-0518,CC=1N(C=C[N+]1C)CCC,C[C@H](N)C(=O)[O-],CCCn1cc[n+](C)c1C,C[C@H](N)C(=O)[O-],MXLZUALXSYVAIV-UHFFFAOYSA-N,QNAYBMKLOCPYGJ-REOHCLBHSA-M,MXLZUALXSYVAIV-UHFFFAOYSA-N||QNAYBMKLOCPYGJ-REOHCLBHSA-M,1,-1,5,7,True,True,True,True,True,retained,
UPR-0519,CCCC[n+]1ccn(C)c1,O=[N+]([O-])c1cn[n-]c1,CCCC[n+]1ccn(C)c1,O=[N+]([O-])c1cn[n-]c1,IQQRAVYLUAZUGX-UHFFFAOYSA-N,IDGLPDIIVPZHRB-UHFFFAOYSA-N,IQQRAVYLUAZUGX-UHFFFAOYSA-N||IDGLPDIIVPZHRB-UHFFFAOYSA-N,1,-1,60,9,True,True,True,True,True,retained,
UPR-0520,CCCCCC[n+]1ccn(C)c1,Cc1ccc(S(=O)(=O)[O-])cc1,CCCCCC[n+]1ccn(C)c1,Cc1ccc(S(=O)(=O)[O-])cc1,RVEJOWGVUQQIIZ-UHFFFAOYSA-N,JOXIMZWYDAKGHI-UHFFFAOYSA-M,RVEJOWGVUQQIIZ-UHFFFAOYSA-N||JOXIMZWYDAKGHI-UHFFFAOYSA-M,1,-1,22,6,True,True,True,True,True,retained,
UPR-0521,CCCCCC[n+]1ccn(C)c1,NCC(=O)[O-],CCCCCC[n+]1ccn(C)c1,NCC(=O)[O-],RVEJOWGVUQQIIZ-UHFFFAOYSA-N,DHMQDGOQFOQNFH-UHFFFAOYSA-M,RVEJOWGVUQQIIZ-UHFFFAOYSA-N||DHMQDGOQFOQNFH-UHFFFAOYSA-M,1,-1,22,5,True,True,True,True,True,retained,
UPR-0522,CCCCCC[n+]1ccn(C)c1,CCCC(=O)[O-],CCCCCC[n+]1ccn(C)c1,CCCC(=O)[O-],RVEJOWGVUQQIIZ-UHFFFAOYSA-N,FERIUCNNQQJTOY-UHFFFAOYSA-M,RVEJOWGVUQQIIZ-UHFFFAOYSA-N||FERIUCNNQQJTOY-UHFFFAOYSA-M,1,-1,22,7,True,True,True,True,True,retained,
UPR-0523,CCCCCC[n+]1ccn(C)c1,C[C@H](N)C(=O)[O-],CCCCCC[n+]1ccn(C)c1,C[C@H](N)C(=O)[O-],RVEJOWGVUQQIIZ-UHFFFAOYSA-N,QNAYBMKLOCPYGJ-REOHCLBHSA-M,RVEJOWGVUQQIIZ-UHFFFAOYSA-N||QNAYBMKLOCPYGJ-REOHCLBHSA-M,1,-1,22,7,True,True,True,True,True,retained,
UPR-0524,CCCCCCC[n+]1ccn(C)c1,O=C[O-],CCCCCCC[n+]1ccn(C)c1,O=C[O-],FCZZZYZIQDHCIW-UHFFFAOYSA-N,BDAGIHXWWSANSR-UHFFFAOYSA-M,FCZZZYZIQDHCIW-UHFFFAOYSA-N||BDAGIHXWWSANSR-UHFFFAOYSA-M,1,-1,5,14,True,True,True,True,True,retained,
UPR-0525,CCCCCCC[n+]1ccn(C)c1,CC(=O)[O-],CCCCCCC[n+]1ccn(C)c1,CC(=O)[O-],FCZZZYZIQDHCIW-UHFFFAOYSA-N,QTBSBXVTEAMEQO-UHFFFAOYSA-M,FCZZZYZIQDHCIW-UHFFFAOYSA-N||QTBSBXVTEAMEQO-UHFFFAOYSA-M,1,-1,5,18,True,True,True,True,True,retained,
UPR-0526,CCCCCCCC[n+]1ccn(C)c1,CCC(=O)[O-],CCCCCCCC[n+]1ccn(C)c1,CCC(=O)[O-],WXMVWUBWIHZLMQ-UHFFFAOYSA-N,XBDQKXXYIPTUBI-UHFFFAOYSA-M,WXMVWUBWIHZLMQ-UHFFFAOYSA-N||XBDQKXXYIPTUBI-UHFFFAOYSA-M,1,-1,21,7,True,True,True,True,True,retained,
UPR-0527,CCCCCCC[n+]1ccn(C)c1,CS(=O)(=O)[O-],CCCCCCC[n+]1ccn(C)c1,CS(=O)(=O)[O-],FCZZZYZIQDHCIW-UHFFFAOYSA-N,AFVFQIVMOAPDHO-UHFFFAOYSA-M,FCZZZYZIQDHCIW-UHFFFAOYSA-N||AFVFQIVMOAPDHO-UHFFFAOYSA-M,1,-1,5,10,True,True,True,True,True,retained,
UPR-0528,CCCCCCCC[n+]1ccn(C)c1,Cc1ccc(S(=O)(=O)[O-])cc1,CCCCCCCC[n+]1ccn(C)c1,Cc1ccc(S(=O)(=O)[O-])cc1,WXMVWUBWIHZLMQ-UHFFFAOYSA-N,JOXIMZWYDAKGHI-UHFFFAOYSA-M,WXMVWUBWIHZLMQ-UHFFFAOYSA-N||JOXIMZWYDAKGHI-UHFFFAOYSA-M,1,-1,21,6,True,True,True,True,True,retained,
UPR-0529,CCCCCCCC[n+]1ccn(C)c1,CCCC(=O)[O-],CCCCCCCC[n+]1ccn(C)c1,CCCC(=O)[O-],WXMVWUBWIHZLMQ-UHFFFAOYSA-N,FERIUCNNQQJTOY-UHFFFAOYSA-M,WXMVWUBWIHZLMQ-UHFFFAOYSA-N||FERIUCNNQQJTOY-UHFFFAOYSA-M,1,-1,21,7,True,True,True,True,True,retained,
UPR-0530,CCCCCCC[n+]1ccn(C)c1,O=S(=O)(F)[N-]S(=O)(=O)F,CCCCCCC[n+]1ccn(C)c1,O=S(=O)(F)[N-]S(=O)(=O)F,FCZZZYZIQDHCIW-UHFFFAOYSA-N,NVIANCROYQGROD-UHFFFAOYSA-N,FCZZZYZIQDHCIW-UHFFFAOYSA-N||NVIANCROYQGROD-UHFFFAOYSA-N,1,-1,5,14,True,True,True,True,True,retained,
UPR-0531,CCCCCCCC[n+]1ccn(C)c1,O=C([O-])C(F)(F)F,CCCCCCCC[n+]1ccn(C)c1,O=C([O-])C(F)(F)F,WXMVWUBWIHZLMQ-UHFFFAOYSA-N,DTQVDTLACAAQTR-UHFFFAOYSA-M,WXMVWUBWIHZLMQ-UHFFFAOYSA-N||DTQVDTLACAAQTR-UHFFFAOYSA-M,1,-1,21,12,True,True,True,True,True,retained,
UPR-0532,CCCCCCCC[n+]1ccn(C)c1,O=[N+]([O-])c1cn[n-]c1,CCCCCCCC[n+]1ccn(C)c1,O=[N+]([O-])c1cn[n-]c1,WXMVWUBWIHZLMQ-UHFFFAOYSA-N,IDGLPDIIVPZHRB-UHFFFAOYSA-N,WXMVWUBWIHZLMQ-UHFFFAOYSA-N||IDGLPDIIVPZHRB-UHFFFAOYSA-N,1,-1,21,9,True,True,True,True,True,retained,
UPR-0533,CCCCCCCC[n+]1ccn(C)c1,C[C@@H](O)[C@H](N)C(=O)[O-],CCCCCCCC[n+]1ccn(C)c1,C[C@@H](O)[C@H](N)C(=O)[O-],WXMVWUBWIHZLMQ-UHFFFAOYSA-N,AYFVYJQAPQTCCC-GBXIJSLDSA-M,WXMVWUBWIHZLMQ-UHFFFAOYSA-N||AYFVYJQAPQTCCC-GBXIJSLDSA-M,1,-1,21,7,True,True,True,True,True,retained,
UPR-0534,CCCC[n+]1ccn(C)c1C,[Cl-],CCCC[n+]1ccn(C)c1C,[Cl-],XUAXVBUVQVRIIQ-UHFFFAOYSA-N,VEXZGXHMUGYJMC-UHFFFAOYSA-M,XUAXVBUVQVRIIQ-UHFFFAOYSA-N||VEXZGXHMUGYJMC-UHFFFAOYSA-M,1,-1,9,28,True,True,True,True,True,retained,
UPR-0535,CCCC[n+]1ccn(C)c1C,N#C[N-]C#N,CCCC[n+]1ccn(C)c1C,N#C[N-]C#N,XUAXVBUVQVRIIQ-UHFFFAOYSA-N,UKDLHLAPDXIAID-UHFFFAOYSA-N,XUAXVBUVQVRIIQ-UHFFFAOYSA-N||UKDLHLAPDXIAID-UHFFFAOYSA-N,1,-1,9,26,True,True,True,True,True,retained,
UPR-0536,CCCC[n+]1ccn(C)c1C,CC(=O)[O-],CCCC[n+]1ccn(C)c1C,CC(=O)[O-],XUAXVBUVQVRIIQ-UHFFFAOYSA-N,QTBSBXVTEAMEQO-UHFFFAOYSA-M,XUAXVBUVQVRIIQ-UHFFFAOYSA-N||QTBSBXVTEAMEQO-UHFFFAOYSA-M,1,-1,9,18,True,True,True,True,True,retained,
UPR-0537,CCCC[n+]1ccn(C)c1C,O=[N+]([O-])[O-],CCCC[n+]1ccn(C)c1C,O=[N+]([O-])[O-],XUAXVBUVQVRIIQ-UHFFFAOYSA-N,NHNBFGGVMKEFGY-UHFFFAOYSA-N,XUAXVBUVQVRIIQ-UHFFFAOYSA-N||NHNBFGGVMKEFGY-UHFFFAOYSA-N,1,-1,9,12,True,True,True,True,True,retained,
UPR-0538,CCCC[n+]1ccn(C)c1C,C[C@@H](O)[C@H](N)C(=O)[O-],CCCC[n+]1ccn(C)c1C,C[C@@H](O)[C@H](N)C(=O)[O-],XUAXVBUVQVRIIQ-UHFFFAOYSA-N,AYFVYJQAPQTCCC-GBXIJSLDSA-M,XUAXVBUVQVRIIQ-UHFFFAOYSA-N||AYFVYJQAPQTCCC-GBXIJSLDSA-M,1,-1,9,7,True,True,True,True,True,retained,
UPR-0539,CCCC[n+]1ccn(C)c1C,CCCC(=O)[O-],CCCC[n+]1ccn(C)c1C,CCCC(=O)[O-],XUAXVBUVQVRIIQ-UHFFFAOYSA-N,FERIUCNNQQJTOY-UHFFFAOYSA-M,XUAXVBUVQVRIIQ-UHFFFAOYSA-N||FERIUCNNQQJTOY-UHFFFAOYSA-M,1,-1,9,7,True,True,True,True,True,retained,
UPR-0540,CCCC[n+]1ccn(C)c1C,CCC(=O)[O-],CCCC[n+]1ccn(C)c1C,CCC(=O)[O-],XUAXVBUVQVRIIQ-UHFFFAOYSA-N,XBDQKXXYIPTUBI-UHFFFAOYSA-M,XUAXVBUVQVRIIQ-UHFFFAOYSA-N||XBDQKXXYIPTUBI-UHFFFAOYSA-M,1,-1,9,7,True,True,True,True,True,retained,
UPR-0541,CCCC[n+]1ccn(CC)c1,O=C[O-],CCCC[n+]1ccn(CC)c1,O=C[O-],JYARJXBHOOZQQD-UHFFFAOYSA-N,BDAGIHXWWSANSR-UHFFFAOYSA-M,JYARJXBHOOZQQD-UHFFFAOYSA-N||BDAGIHXWWSANSR-UHFFFAOYSA-M,1,-1,6,14,True,True,True,True,True,retained,
UPR-0542,CCCC[n+]1ccn(CC)c1,O=S(=O)(F)[N-]S(=O)(=O)F,CCCC[n+]1ccn(CC)c1,O=S(=O)(F)[N-]S(=O)(=O)F,JYARJXBHOOZQQD-UHFFFAOYSA-N,NVIANCROYQGROD-UHFFFAOYSA-N,JYARJXBHOOZQQD-UHFFFAOYSA-N||NVIANCROYQGROD-UHFFFAOYSA-N,1,-1,6,14,True,True,True,True,True,retained,
UPR-0543,CCCC[n+]1ccn(CC)c1,COS(=O)(=O)[O-],CCCC[n+]1ccn(CC)c1,COS(=O)(=O)[O-],JYARJXBHOOZQQD-UHFFFAOYSA-N,JZMJDSHXVKJFKW-UHFFFAOYSA-M,JYARJXBHOOZQQD-UHFFFAOYSA-N||JZMJDSHXVKJFKW-UHFFFAOYSA-M,1,-1,6,12,True,True,True,True,True,retained,
UPR-0544,CCCC[n+]1ccn(CC)c1,O=[N+]([O-])c1cn[n-]c1,CCCC[n+]1ccn(CC)c1,O=[N+]([O-])c1cn[n-]c1,JYARJXBHOOZQQD-UHFFFAOYSA-N,IDGLPDIIVPZHRB-UHFFFAOYSA-N,JYARJXBHOOZQQD-UHFFFAOYSA-N||IDGLPDIIVPZHRB-UHFFFAOYSA-N,1,-1,6,9,True,True,True,True,True,retained,
UPR-0545,CCCC[n+]1ccn(C)c1C,Cc1ccc(S(=O)(=O)[O-])cc1,CCCC[n+]1ccn(C)c1C,Cc1ccc(S(=O)(=O)[O-])cc1,XUAXVBUVQVRIIQ-UHFFFAOYSA-N,JOXIMZWYDAKGHI-UHFFFAOYSA-M,XUAXVBUVQVRIIQ-UHFFFAOYSA-N||JOXIMZWYDAKGHI-UHFFFAOYSA-M,1,-1,9,6,True,True,True,True,True,retained,
UPR-0546,CCCC[n+]1ccn(C)c1C,O=S(=O)([N-]S(=O)(=O)C(F)(F)C(F)(F)F)C(F)(F)C(F)(F)F,CCCC[n+]1ccn(C)c1C,O=S(=O)([N-]S(=O)(=O)C(F)(F)C(F)(F)F)C(F)(F)C(F)(F)F,XUAXVBUVQVRIIQ-UHFFFAOYSA-N,SLSPYQCCSCAKIB-UHFFFAOYSA-N,XUAXVBUVQVRIIQ-UHFFFAOYSA-N||SLSPYQCCSCAKIB-UHFFFAOYSA-N,1,-1,9,6,True,True,True,True,True,retained,
UPR-0547,CCCC[n+]1ccn(CC)c1,N#C[C-](C#N)C#N,CCCC[n+]1ccn(CC)c1,N#C[C-](C#N)C#N,JYARJXBHOOZQQD-UHFFFAOYSA-N,CXERBOODJDWFQL-UHFFFAOYSA-N,JYARJXBHOOZQQD-UHFFFAOYSA-N||CXERBOODJDWFQL-UHFFFAOYSA-N,1,-1,6,8,True,True,True,True,True,retained,
UPR-0548,CCCC[n+]1ccn(CC)c1,C[C@H](N)C(=O)[O-],CCCC[n+]1ccn(CC)c1,C[C@H](N)C(=O)[O-],JYARJXBHOOZQQD-UHFFFAOYSA-N,QNAYBMKLOCPYGJ-REOHCLBHSA-M,JYARJXBHOOZQQD-UHFFFAOYSA-N||QNAYBMKLOCPYGJ-REOHCLBHSA-M,1,-1,6,7,True,True,True,True,True,retained,
UPR-0549,CCCC[n+]1ccn(CC)c1,O=S(=O)([O-])C(F)(F)C(F)(F)C(F)(F)C(F)(F)F,CCCC[n+]1ccn(CC)c1,O=S(=O)([O-])C(F)(F)C(F)(F)C(F)(F)C(F)(F)F,JYARJXBHOOZQQD-UHFFFAOYSA-N,JGTNAGYHADQMCM-UHFFFAOYSA-M,JYARJXBHOOZQQD-UHFFFAOYSA-N||JGTNAGYHADQMCM-UHFFFAOYSA-M,1,-1,6,6,True,True,True,True,True,retained,
UPR-0550,CCCC[n+]1ccn(CC)c1,N#C[B-](C#N)(C#N)C#N,CCCC[n+]1ccn(CC)c1,N#C[B-](C#N)(C#N)C#N,JYARJXBHOOZQQD-UHFFFAOYSA-N,KDCFMDHINPOTEA-UHFFFAOYSA-N,JYARJXBHOOZQQD-UHFFFAOYSA-N||KDCFMDHINPOTEA-UHFFFAOYSA-N,1,-1,6,6,True,True,True,True,True,retained,
UPR-0551,CCCC[n+]1ccn(CC)c1,O=S(=O)([O-])C(F)(F)C(F)F,CCCC[n+]1ccn(CC)c1,O=S(=O)([O-])C(F)(F)C(F)F,JYARJXBHOOZQQD-UHFFFAOYSA-N,KZWJWYFPLXRYIL-UHFFFAOYSA-M,JYARJXBHOOZQQD-UHFFFAOYSA-N||KZWJWYFPLXRYIL-UHFFFAOYSA-M,1,-1,6,6,True,True,True,True,True,retained,
UPR-0552,CCCCC[n+]1ccn(C)c1,O=C([O-])C(F)(F)F,CCCCC[n+]1ccn(C)c1,O=C([O-])C(F)(F)F,LSFWFJFDPRFPBK-UHFFFAOYSA-N,DTQVDTLACAAQTR-UHFFFAOYSA-M,LSFWFJFDPRFPBK-UHFFFAOYSA-N||DTQVDTLACAAQTR-UHFFFAOYSA-M,1,-1,12,12,True,True,True,True,True,retained,
UPR-0553,CCCCC[n+]1ccn(C)c1,CS(=O)(=O)[O-],CCCCC[n+]1ccn(C)c1,CS(=O)(=O)[O-],LSFWFJFDPRFPBK-UHFFFAOYSA-N,AFVFQIVMOAPDHO-UHFFFAOYSA-M,LSFWFJFDPRFPBK-UHFFFAOYSA-N||AFVFQIVMOAPDHO-UHFFFAOYSA-M,1,-1,12,10,True,True,True,True,True,retained,
UPR-0554,CCCC[n+]1ccn(C)c1,C[C@@H](O)[C@H](N)C(=O)[O-],CCCC[n+]1ccn(C)c1,C[C@@H](O)[C@H](N)C(=O)[O-],IQQRAVYLUAZUGX-UHFFFAOYSA-N,AYFVYJQAPQTCCC-GBXIJSLDSA-M,IQQRAVYLUAZUGX-UHFFFAOYSA-N||AYFVYJQAPQTCCC-GBXIJSLDSA-M,1,-1,60,7,True,True,True,True,True,retained,
UPR-0555,CCCCC[n+]1ccn(C)c1,C(C)OS(=O)(=O)[O-],CCCCC[n+]1ccn(C)c1,CCOS(=O)(=O)[O-],LSFWFJFDPRFPBK-UHFFFAOYSA-N,KIWBPDUYBMNFTB-UHFFFAOYSA-M,LSFWFJFDPRFPBK-UHFFFAOYSA-N||KIWBPDUYBMNFTB-UHFFFAOYSA-M,1,-1,12,7,True,True,True,True,True,retained,
UPR-0556,CCC[n+]1ccn(C)c1,O=S(=O)([O-])C(F)(F)F,CCC[n+]1ccn(C)c1,O=S(=O)([O-])C(F)(F)F,WVDDUSFOSWWJJH-UHFFFAOYSA-N,ITMCEJHCFYSIIV-UHFFFAOYSA-M,WVDDUSFOSWWJJH-UHFFFAOYSA-N||ITMCEJHCFYSIIV-UHFFFAOYSA-M,1,-1,14,28,True,True,True,True,True,retained,
UPR-0557,CCC[n+]1ccn(C)c1,FC(F)(F)C(F)(F)[P-](F)(F)(F)(C(F)(F)C(F)(F)F)C(F)(F)C(F)(F)F,CCC[n+]1ccn(C)c1,FC(F)(F)C(F)(F)[P-](F)(F)(F)(C(F)(F)C(F)(F)F)C(F)(F)C(F)(F)F,WVDDUSFOSWWJJH-UHFFFAOYSA-N,OXDZSRZJFHVGGS-UHFFFAOYSA-N,WVDDUSFOSWWJJH-UHFFFAOYSA-N||OXDZSRZJFHVGGS-UHFFFAOYSA-N,1,-1,14,14,True,True,True,True,True,retained,
UPR-0558,CCC[n+]1ccn(C)c1,O=C([O-])C(F)(F)F,CCC[n+]1ccn(C)c1,O=C([O-])C(F)(F)F,WVDDUSFOSWWJJH-UHFFFAOYSA-N,DTQVDTLACAAQTR-UHFFFAOYSA-M,WVDDUSFOSWWJJH-UHFFFAOYSA-N||DTQVDTLACAAQTR-UHFFFAOYSA-M,1,-1,14,12,True,True,True,True,True,retained,
UPR-0559,CCC[n+]1ccn(C)c1,O=S(=O)([O-])O,CCC[n+]1ccn(C)c1,O=S(=O)([O-])O,WVDDUSFOSWWJJH-UHFFFAOYSA-N,QAOWNCQODCNURD-UHFFFAOYSA-M,WVDDUSFOSWWJJH-UHFFFAOYSA-N||QAOWNCQODCNURD-UHFFFAOYSA-M,1,-1,14,12,True,True,True,True,True,retained,
UPR-0560,CCC[n+]1ccn(C)c1,CS(=O)(=O)[O-],CCC[n+]1ccn(C)c1,CS(=O)(=O)[O-],WVDDUSFOSWWJJH-UHFFFAOYSA-N,AFVFQIVMOAPDHO-UHFFFAOYSA-M,WVDDUSFOSWWJJH-UHFFFAOYSA-N||AFVFQIVMOAPDHO-UHFFFAOYSA-M,1,-1,14,10,True,True,True,True,True,retained,
UPR-0561,CCC[n+]1ccn(C)c1,N#C[C-](C#N)C#N,CCC[n+]1ccn(C)c1,N#C[C-](C#N)C#N,WVDDUSFOSWWJJH-UHFFFAOYSA-N,CXERBOODJDWFQL-UHFFFAOYSA-N,WVDDUSFOSWWJJH-UHFFFAOYSA-N||CXERBOODJDWFQL-UHFFFAOYSA-N,1,-1,14,8,True,True,True,True,True,retained,
UPR-0562,CCC[n+]1ccn(C)c1,C(C)OS(=O)(=O)[O-],CCC[n+]1ccn(C)c1,CCOS(=O)(=O)[O-],WVDDUSFOSWWJJH-UHFFFAOYSA-N,KIWBPDUYBMNFTB-UHFFFAOYSA-M,WVDDUSFOSWWJJH-UHFFFAOYSA-N||KIWBPDUYBMNFTB-UHFFFAOYSA-M,1,-1,14,7,True,True,True,True,True,retained,
UPR-0563,C=CC[n+]1ccn(C)c1,O=[N+]([O-])c1cn[n-]c1,C=CC[n+]1ccn(C)c1,O=[N+]([O-])c1cn[n-]c1,WWVMHGUBIOZASN-UHFFFAOYSA-N,IDGLPDIIVPZHRB-UHFFFAOYSA-N,WWVMHGUBIOZASN-UHFFFAOYSA-N||IDGLPDIIVPZHRB-UHFFFAOYSA-N,1,-1,7,9,True,True,True,True,True,retained,
UPR-0564,C=CC[n+]1ccn(C)c1,C[C@H](N)C(=O)[O-],C=CC[n+]1ccn(C)c1,C[C@H](N)C(=O)[O-],WWVMHGUBIOZASN-UHFFFAOYSA-N,QNAYBMKLOCPYGJ-REOHCLBHSA-M,WWVMHGUBIOZASN-UHFFFAOYSA-N||QNAYBMKLOCPYGJ-REOHCLBHSA-M,1,-1,7,7,True,True,True,True,True,retained,
UPR-0565,CCC[n+]1ccn(C)c1,Cc1ccc(S(=O)(=O)[O-])cc1,CCC[n+]1ccn(C)c1,Cc1ccc(S(=O)(=O)[O-])cc1,WVDDUSFOSWWJJH-UHFFFAOYSA-N,JOXIMZWYDAKGHI-UHFFFAOYSA-M,WVDDUSFOSWWJJH-UHFFFAOYSA-N||JOXIMZWYDAKGHI-UHFFFAOYSA-M,1,-1,14,6,True,True,True,True,True,retained,
UPR-0566,CCC[n+]1ccn(C)c1,O=S(=O)([N-]S(=O)(=O)C(F)(F)C(F)(F)F)C(F)(F)C(F)(F)F,CCC[n+]1ccn(C)c1,O=S(=O)([N-]S(=O)(=O)C(F)(F)C(F)(F)F)C(F)(F)C(F)(F)F,WVDDUSFOSWWJJH-UHFFFAOYSA-N,SLSPYQCCSCAKIB-UHFFFAOYSA-N,WVDDUSFOSWWJJH-UHFFFAOYSA-N||SLSPYQCCSCAKIB-UHFFFAOYSA-N,1,-1,14,6,True,True,True,True,True,retained,
UPR-0567,C=CC[n+]1ccn(C)c1,O=S(=O)([O-])C(F)(F)C(F)(F)C(F)(F)C(F)(F)F,C=CC[n+]1ccn(C)c1,O=S(=O)([O-])C(F)(F)C(F)(F)C(F)(F)C(F)(F)F,WWVMHGUBIOZASN-UHFFFAOYSA-N,JGTNAGYHADQMCM-UHFFFAOYSA-M,WWVMHGUBIOZASN-UHFFFAOYSA-N||JGTNAGYHADQMCM-UHFFFAOYSA-M,1,-1,7,6,True,True,True,True,True,retained,
UPR-0568,C=CC[n+]1ccn(C)c1,N#C[B-](C#N)(C#N)C#N,C=CC[n+]1ccn(C)c1,N#C[B-](C#N)(C#N)C#N,WWVMHGUBIOZASN-UHFFFAOYSA-N,KDCFMDHINPOTEA-UHFFFAOYSA-N,WWVMHGUBIOZASN-UHFFFAOYSA-N||KDCFMDHINPOTEA-UHFFFAOYSA-N,1,-1,7,6,True,True,True,True,True,retained,
UPR-0569,C=CC[n+]1ccn(C)c1,O=S(=O)([O-])C(F)(F)C(F)F,C=CC[n+]1ccn(C)c1,O=S(=O)([O-])C(F)(F)C(F)F,WWVMHGUBIOZASN-UHFFFAOYSA-N,KZWJWYFPLXRYIL-UHFFFAOYSA-M,WWVMHGUBIOZASN-UHFFFAOYSA-N||KZWJWYFPLXRYIL-UHFFFAOYSA-M,1,-1,7,6,True,True,True,True,True,retained,
UPR-0570,CCCCC[n+]1ccn(C)c1,[Cl-],CCCCC[n+]1ccn(C)c1,[Cl-],LSFWFJFDPRFPBK-UHFFFAOYSA-N,VEXZGXHMUGYJMC-UHFFFAOYSA-M,LSFWFJFDPRFPBK-UHFFFAOYSA-N||VEXZGXHMUGYJMC-UHFFFAOYSA-M,1,-1,12,28,True,True,True,True,True,retained,
UPR-0571,CCCCC[n+]1ccn(C)c1,O=C[O-],CCCCC[n+]1ccn(C)c1,O=C[O-],LSFWFJFDPRFPBK-UHFFFAOYSA-N,BDAGIHXWWSANSR-UHFFFAOYSA-M,LSFWFJFDPRFPBK-UHFFFAOYSA-N||BDAGIHXWWSANSR-UHFFFAOYSA-M,1,-1,12,14,True,True,True,True,True,retained,
UPR-0572,CCCCC[n+]1ccn(C)c1,O=S(=O)(F)[N-]S(=O)(=O)F,CCCCC[n+]1ccn(C)c1,O=S(=O)(F)[N-]S(=O)(=O)F,LSFWFJFDPRFPBK-UHFFFAOYSA-N,NVIANCROYQGROD-UHFFFAOYSA-N,LSFWFJFDPRFPBK-UHFFFAOYSA-N||NVIANCROYQGROD-UHFFFAOYSA-N,1,-1,12,14,True,True,True,True,True,retained,
UPR-0573,CCCCC[n+]1ccn(C)c1,COS(=O)(=O)[O-],CCCCC[n+]1ccn(C)c1,COS(=O)(=O)[O-],LSFWFJFDPRFPBK-UHFFFAOYSA-N,JZMJDSHXVKJFKW-UHFFFAOYSA-M,LSFWFJFDPRFPBK-UHFFFAOYSA-N||JZMJDSHXVKJFKW-UHFFFAOYSA-M,1,-1,12,12,True,True,True,True,True,retained,
UPR-0574,CCCCC[n+]1ccn(C)c1,O=[N+]([O-])c1cn[n-]c1,CCCCC[n+]1ccn(C)c1,O=[N+]([O-])c1cn[n-]c1,LSFWFJFDPRFPBK-UHFFFAOYSA-N,IDGLPDIIVPZHRB-UHFFFAOYSA-N,LSFWFJFDPRFPBK-UHFFFAOYSA-N||IDGLPDIIVPZHRB-UHFFFAOYSA-N,1,-1,12,9,True,True,True,True,True,retained,
UPR-0575,CCCCC[n+]1ccn(C)c1,N#C[C-](C#N)C#N,CCCCC[n+]1ccn(C)c1,N#C[C-](C#N)C#N,LSFWFJFDPRFPBK-UHFFFAOYSA-N,CXERBOODJDWFQL-UHFFFAOYSA-N,LSFWFJFDPRFPBK-UHFFFAOYSA-N||CXERBOODJDWFQL-UHFFFAOYSA-N,1,-1,12,8,True,True,True,True,True,retained,
UPR-0576,CCCCC[n+]1ccn(C)c1,CCCC(=O)[O-],CCCCC[n+]1ccn(C)c1,CCCC(=O)[O-],LSFWFJFDPRFPBK-UHFFFAOYSA-N,FERIUCNNQQJTOY-UHFFFAOYSA-M,LSFWFJFDPRFPBK-UHFFFAOYSA-N||FERIUCNNQQJTOY-UHFFFAOYSA-M,1,-1,12,7,True,True,True,True,True,retained,
UPR-0577,CCCCC[n+]1ccn(C)c1,C[C@H](N)C(=O)[O-],CCCCC[n+]1ccn(C)c1,C[C@H](N)C(=O)[O-],LSFWFJFDPRFPBK-UHFFFAOYSA-N,QNAYBMKLOCPYGJ-REOHCLBHSA-M,LSFWFJFDPRFPBK-UHFFFAOYSA-N||QNAYBMKLOCPYGJ-REOHCLBHSA-M,1,-1,12,7,True,True,True,True,True,retained,
UPR-0578,CCCC[n+]1ccn(CC)c1,O=S(=O)([O-])O,CCCC[n+]1ccn(CC)c1,O=S(=O)([O-])O,JYARJXBHOOZQQD-UHFFFAOYSA-N,QAOWNCQODCNURD-UHFFFAOYSA-M,JYARJXBHOOZQQD-UHFFFAOYSA-N||QAOWNCQODCNURD-UHFFFAOYSA-M,1,-1,6,12,True,True,True,True,True,retained,
UPR-0579,CCCCC[n+]1ccn(C)c1,O=S(=O)([O-])C(F)(F)C(F)(F)C(F)(F)C(F)(F)F,CCCCC[n+]1ccn(C)c1,O=S(=O)([O-])C(F)(F)C(F)(F)C(F)(F)C(F)(F)F,LSFWFJFDPRFPBK-UHFFFAOYSA-N,JGTNAGYHADQMCM-UHFFFAOYSA-M,LSFWFJFDPRFPBK-UHFFFAOYSA-N||JGTNAGYHADQMCM-UHFFFAOYSA-M,1,-1,12,6,True,True,True,True,True,retained,
UPR-0580,CCCCC[n+]1ccn(C)c1,Cc1ccc(S(=O)(=O)[O-])cc1,CCCCC[n+]1ccn(C)c1,Cc1ccc(S(=O)(=O)[O-])cc1,LSFWFJFDPRFPBK-UHFFFAOYSA-N,JOXIMZWYDAKGHI-UHFFFAOYSA-M,LSFWFJFDPRFPBK-UHFFFAOYSA-N||JOXIMZWYDAKGHI-UHFFFAOYSA-M,1,-1,12,6,True,True,True,True,True,retained,
UPR-0581,CCCCC[n+]1ccn(C)c1,N#C[B-](C#N)(C#N)C#N,CCCCC[n+]1ccn(C)c1,N#C[B-](C#N)(C#N)C#N,LSFWFJFDPRFPBK-UHFFFAOYSA-N,KDCFMDHINPOTEA-UHFFFAOYSA-N,LSFWFJFDPRFPBK-UHFFFAOYSA-N||KDCFMDHINPOTEA-UHFFFAOYSA-N,1,-1,12,6,True,True,True,True,True,retained,
UPR-0582,CCCCC[n+]1ccn(C)c1,O=S(=O)([O-])C(F)(F)C(F)F,CCCCC[n+]1ccn(C)c1,O=S(=O)([O-])C(F)(F)C(F)F,LSFWFJFDPRFPBK-UHFFFAOYSA-N,KZWJWYFPLXRYIL-UHFFFAOYSA-M,LSFWFJFDPRFPBK-UHFFFAOYSA-N||KZWJWYFPLXRYIL-UHFFFAOYSA-M,1,-1,12,6,True,True,True,True,True,retained,
UPR-0583,CCCCC[n+]1ccn(C)c1,NCC(=O)[O-],CCCCC[n+]1ccn(C)c1,NCC(=O)[O-],LSFWFJFDPRFPBK-UHFFFAOYSA-N,DHMQDGOQFOQNFH-UHFFFAOYSA-M,LSFWFJFDPRFPBK-UHFFFAOYSA-N||DHMQDGOQFOQNFH-UHFFFAOYSA-M,1,-1,12,5,True,True,True,True,True,retained,
UPR-0584,CCCC[P+](CC)(CCCC)CCCC,F[B-](F)(F)F,CCCC[P+](CC)(CCCC)CCCC,F[B-](F)(F)F,HOMONHWYLOPSLL-UHFFFAOYSA-N,ODGCEQLVLXJUCC-UHFFFAOYSA-N,HOMONHWYLOPSLL-UHFFFAOYSA-N||ODGCEQLVLXJUCC-UHFFFAOYSA-N,1,-1,6,41,True,True,True,True,True,retained,
UPR-0585,CCCC[P+](CC)(CCCC)CCCC,[Br-],CCCC[P+](CC)(CCCC)CCCC,[Br-],HOMONHWYLOPSLL-UHFFFAOYSA-N,CPELXLSAUQHCOX-UHFFFAOYSA-M,HOMONHWYLOPSLL-UHFFFAOYSA-N||CPELXLSAUQHCOX-UHFFFAOYSA-M,1,-1,6,38,True,True,True,True,True,retained,
UPR-0586,CCCC[P+](CC)(CCCC)CCCC,O=S(=O)([O-])C(F)(F)F,CCCC[P+](CC)(CCCC)CCCC,O=S(=O)([O-])C(F)(F)F,HOMONHWYLOPSLL-UHFFFAOYSA-N,ITMCEJHCFYSIIV-UHFFFAOYSA-M,HOMONHWYLOPSLL-UHFFFAOYSA-N||ITMCEJHCFYSIIV-UHFFFAOYSA-M,1,-1,6,28,True,True,True,True,True,retained,
UPR-0587,CCCC[P+](CC)(CCCC)CCCC,[Cl-],CCCC[P+](CC)(CCCC)CCCC,[Cl-],HOMONHWYLOPSLL-UHFFFAOYSA-N,VEXZGXHMUGYJMC-UHFFFAOYSA-M,HOMONHWYLOPSLL-UHFFFAOYSA-N||VEXZGXHMUGYJMC-UHFFFAOYSA-M,1,-1,6,28,True,True,True,True,True,retained,
UPR-0588,CCCC[P+](CC)(CCCC)CCCC,N#C[N-]C#N,CCCC[P+](CC)(CCCC)CCCC,N#C[N-]C#N,HOMONHWYLOPSLL-UHFFFAOYSA-N,UKDLHLAPDXIAID-UHFFFAOYSA-N,HOMONHWYLOPSLL-UHFFFAOYSA-N||UKDLHLAPDXIAID-UHFFFAOYSA-N,1,-1,6,26,True,True,True,True,True,retained,
UPR-0589,CCCC[P+](CC)(CCCC)CCCC,F[P-](F)(F)(F)(F)F,CCCC[P+](CC)(CCCC)CCCC,F[P-](F)(F)(F)(F)F,HOMONHWYLOPSLL-UHFFFAOYSA-N,LJQLCJWAZJINEB-UHFFFAOYSA-N,HOMONHWYLOPSLL-UHFFFAOYSA-N||LJQLCJWAZJINEB-UHFFFAOYSA-N,1,-1,6,20,True,True,True,True,True,retained,
UPR-0590,CCCC[P+](CC)(CCCC)CCCC,O=S(=O)(F)[N-]S(=O)(=O)F,CCCC[P+](CC)(CCCC)CCCC,O=S(=O)(F)[N-]S(=O)(=O)F,HOMONHWYLOPSLL-UHFFFAOYSA-N,NVIANCROYQGROD-UHFFFAOYSA-N,HOMONHWYLOPSLL-UHFFFAOYSA-N||NVIANCROYQGROD-UHFFFAOYSA-N,1,-1,6,14,True,True,True,True,True,retained,
UPR-0591,CCCC[P+](CC)(CCCC)CCCC,FC(F)(F)C(F)(F)[P-](F)(F)(F)(C(F)(F)C(F)(F)F)C(F)(F)C(F)(F)F,CCCC[P+](CC)(CCCC)CCCC,FC(F)(F)C(F)(F)[P-](F)(F)(F)(C(F)(F)C(F)(F)F)C(F)(F)C(F)(F)F,HOMONHWYLOPSLL-UHFFFAOYSA-N,OXDZSRZJFHVGGS-UHFFFAOYSA-N,HOMONHWYLOPSLL-UHFFFAOYSA-N||OXDZSRZJFHVGGS-UHFFFAOYSA-N,1,-1,6,14,True,True,True,True,True,retained,
UPR-0592,CCCC[P+](CC)(CCCC)CCCC,N#C[S-],CCCC[P+](CC)(CCCC)CCCC,N#C[S-],HOMONHWYLOPSLL-UHFFFAOYSA-N,ZMZDMBWJUHKJPS-UHFFFAOYSA-M,HOMONHWYLOPSLL-UHFFFAOYSA-N||ZMZDMBWJUHKJPS-UHFFFAOYSA-M,1,-1,6,13,True,True,True,True,True,retained,
UPR-0593,CCCC[P+](CC)(CCCC)CCCC,O=C([O-])C(F)(F)F,CCCC[P+](CC)(CCCC)CCCC,O=C([O-])C(F)(F)F,HOMONHWYLOPSLL-UHFFFAOYSA-N,DTQVDTLACAAQTR-UHFFFAOYSA-M,HOMONHWYLOPSLL-UHFFFAOYSA-N||DTQVDTLACAAQTR-UHFFFAOYSA-M,1,-1,6,12,True,True,True,True,True,retained,
UPR-0594,CCCC[P+](CC)(CCCC)CCCC,COS(=O)(=O)[O-],CCCC[P+](CC)(CCCC)CCCC,COS(=O)(=O)[O-],HOMONHWYLOPSLL-UHFFFAOYSA-N,JZMJDSHXVKJFKW-UHFFFAOYSA-M,HOMONHWYLOPSLL-UHFFFAOYSA-N||JZMJDSHXVKJFKW-UHFFFAOYSA-M,1,-1,6,12,True,True,True,True,True,retained,
UPR-0595,CCCC[P+](CC)(CCCC)CCCC,O=[N+]([O-])[O-],CCCC[P+](CC)(CCCC)CCCC,O=[N+]([O-])[O-],HOMONHWYLOPSLL-UHFFFAOYSA-N,NHNBFGGVMKEFGY-UHFFFAOYSA-N,HOMONHWYLOPSLL-UHFFFAOYSA-N||NHNBFGGVMKEFGY-UHFFFAOYSA-N,1,-1,6,12,True,True,True,True,True,retained,
UPR-0596,CCCC[P+](CC)(CCCC)CCCC,O=S(=O)([O-])O,CCCC[P+](CC)(CCCC)CCCC,O=S(=O)([O-])O,HOMONHWYLOPSLL-UHFFFAOYSA-N,QAOWNCQODCNURD-UHFFFAOYSA-M,HOMONHWYLOPSLL-UHFFFAOYSA-N||QAOWNCQODCNURD-UHFFFAOYSA-M,1,-1,6,12,True,True,True,True,True,retained,
UPR-0597,CCCC[P+](CC)(CCCC)CCCC,CS(=O)(=O)[O-],CCCC[P+](CC)(CCCC)CCCC,CS(=O)(=O)[O-],HOMONHWYLOPSLL-UHFFFAOYSA-N,AFVFQIVMOAPDHO-UHFFFAOYSA-M,HOMONHWYLOPSLL-UHFFFAOYSA-N||AFVFQIVMOAPDHO-UHFFFAOYSA-M,1,-1,6,10,True,True,True,True,True,retained,
UPR-0598,CCCC[P+](CC)(CCCC)CCCC,N#C[C-](C#N)C#N,CCCC[P+](CC)(CCCC)CCCC,N#C[C-](C#N)C#N,HOMONHWYLOPSLL-UHFFFAOYSA-N,CXERBOODJDWFQL-UHFFFAOYSA-N,HOMONHWYLOPSLL-UHFFFAOYSA-N||CXERBOODJDWFQL-UHFFFAOYSA-N,1,-1,6,8,True,True,True,True,True,retained,
UPR-0599,CCCC[P+](CC)(CCCC)CCCC,C[C@@H](O)[C@H](N)C(=O)[O-],CCCC[P+](CC)(CCCC)CCCC,C[C@@H](O)[C@H](N)C(=O)[O-],HOMONHWYLOPSLL-UHFFFAOYSA-N,AYFVYJQAPQTCCC-GBXIJSLDSA-M,HOMONHWYLOPSLL-UHFFFAOYSA-N||AYFVYJQAPQTCCC-GBXIJSLDSA-M,1,-1,6,7,True,True,True,True,True,retained,
UPR-0600,CCCC[P+](CC)(CCCC)CCCC,C(C)OS(=O)(=O)[O-],CCCC[P+](CC)(CCCC)CCCC,CCOS(=O)(=O)[O-],HOMONHWYLOPSLL-UHFFFAOYSA-N,KIWBPDUYBMNFTB-UHFFFAOYSA-M,HOMONHWYLOPSLL-UHFFFAOYSA-N||KIWBPDUYBMNFTB-UHFFFAOYSA-M,1,-1,6,7,True,True,True,True,True,retained,
UPR-0601,CCCC[P+](CC)(CCCC)CCCC,NCC(=O)[O-],CCCC[P+](CC)(CCCC)CCCC,NCC(=O)[O-],HOMONHWYLOPSLL-UHFFFAOYSA-N,DHMQDGOQFOQNFH-UHFFFAOYSA-M,HOMONHWYLOPSLL-UHFFFAOYSA-N||DHMQDGOQFOQNFH-UHFFFAOYSA-M,1,-1,6,5,True,True,True,True,True,retained,
UPR-0602,CCCC[P+](CC)(CCCC)CCCC,O=S(=O)([O-])C(F)(F)C(F)(F)C(F)(F)C(F)(F)F,CCCC[P+](CC)(CCCC)CCCC,O=S(=O)([O-])C(F)(F)C(F)(F)C(F)(F)C(F)(F)F,HOMONHWYLOPSLL-UHFFFAOYSA-N,JGTNAGYHADQMCM-UHFFFAOYSA-M,HOMONHWYLOPSLL-UHFFFAOYSA-N||JGTNAGYHADQMCM-UHFFFAOYSA-M,1,-1,6,6,True,True,True,True,True,retained,
UPR-0603,CCCC[P+](CC)(CCCC)CCCC,Cc1ccc(S(=O)(=O)[O-])cc1,CCCC[P+](CC)(CCCC)CCCC,Cc1ccc(S(=O)(=O)[O-])cc1,HOMONHWYLOPSLL-UHFFFAOYSA-N,JOXIMZWYDAKGHI-UHFFFAOYSA-M,HOMONHWYLOPSLL-UHFFFAOYSA-N||JOXIMZWYDAKGHI-UHFFFAOYSA-M,1,-1,6,6,True,True,True,True,True,retained,
UPR-0604,CCCC[P+](CC)(CCCC)CCCC,N#C[B-](C#N)(C#N)C#N,CCCC[P+](CC)(CCCC)CCCC,N#C[B-](C#N)(C#N)C#N,HOMONHWYLOPSLL-UHFFFAOYSA-N,KDCFMDHINPOTEA-UHFFFAOYSA-N,HOMONHWYLOPSLL-UHFFFAOYSA-N||KDCFMDHINPOTEA-UHFFFAOYSA-N,1,-1,6,6,True,True,True,True,True,retained,
UPR-0605,CCCC[P+](CC)(CCCC)CCCC,O=S(=O)([O-])C(F)(F)C(F)F,CCCC[P+](CC)(CCCC)CCCC,O=S(=O)([O-])C(F)(F)C(F)F,HOMONHWYLOPSLL-UHFFFAOYSA-N,KZWJWYFPLXRYIL-UHFFFAOYSA-M,HOMONHWYLOPSLL-UHFFFAOYSA-N||KZWJWYFPLXRYIL-UHFFFAOYSA-M,1,-1,6,6,True,True,True,True,True,retained,
UPR-0606,CCCC[P+](CC)(CCCC)CCCC,C[C@H](N)C(=O)[O-],CCCC[P+](CC)(CCCC)CCCC,C[C@H](N)C(=O)[O-],HOMONHWYLOPSLL-UHFFFAOYSA-N,QNAYBMKLOCPYGJ-REOHCLBHSA-M,HOMONHWYLOPSLL-UHFFFAOYSA-N||QNAYBMKLOCPYGJ-REOHCLBHSA-M,1,-1,6,7,True,True,True,True,True,retained,
UPR-0607,CCCC[P+](CC)(CCCC)CCCC,O=S(=O)([N-]S(=O)(=O)C(F)(F)C(F)(F)F)C(F)(F)C(F)(F)F,CCCC[P+](CC)(CCCC)CCCC,O=S(=O)([N-]S(=O)(=O)C(F)(F)C(F)(F)F)C(F)(F)C(F)(F)F,HOMONHWYLOPSLL-UHFFFAOYSA-N,SLSPYQCCSCAKIB-UHFFFAOYSA-N,HOMONHWYLOPSLL-UHFFFAOYSA-N||SLSPYQCCSCAKIB-UHFFFAOYSA-N,1,-1,6,6,True,True,True,True,True,retained,
UPR-0608,CCCC[P+](CC)(CCCC)CCCC,CCC(=O)[O-],CCCC[P+](CC)(CCCC)CCCC,CCC(=O)[O-],HOMONHWYLOPSLL-UHFFFAOYSA-N,XBDQKXXYIPTUBI-UHFFFAOYSA-M,HOMONHWYLOPSLL-UHFFFAOYSA-N||XBDQKXXYIPTUBI-UHFFFAOYSA-M,1,-1,6,7,True,True,True,True,True,retained,
