display_cation,display_anion,property,abs_log_error
Imidazolium,Other,Density,0.0015263082749346069
Imidazolium,Other,Density,0.002407893884514678
Pyridinium,NTf2,Density,0.003770788809042358
Pyridinium,NTf2,Density,0.0026854075280970946
Imidazolium,Other,Density,0.004417839501234866
Protic ammonium,Carboxylate,Density,0.000416163427359173
Imidazolium,PF6,Density,0.0026774103616515887
Imidazolium,Other,Density,0.0023183370803074865
Pyridinium,NTf2,Density,0.006433117483950923
Quaternary ammonium,NTf2,Density,0.006422532997909514
Imidazolium,PF6,Density,0.007448063109826819
Pyridinium,NTf2,Density,0.0004721255256194823
Pyridinium,NTf2,Density,0.0007976966093350413
Imidazolium,Other,Density,0.005052547068641999
Imidazolium,Hydrogen sulfate,Density,0.002751266598327362
Quaternary ammonium,NTf2,Density,0.00410605044725898
Protic ammonium,NTf2,Density,0.004265768558640026
Imidazolium,Other,Density,0.004659556243579388
Pyridinium,Other,Density,0.0049552789232381045
Quaternary ammonium,NTf2,Density,0.0026340149983141714
Imidazolium,Other,Density,0.0017243753851268195
Imidazolium,Other,Density,0.002692210719666299
Pyridinium,NTf2,Density,0.0007342826358547327
Imidazolium,Hydrogen sulfate,Density,0.005808323533416093
Imidazolium,Carboxylate,Density,0.007175477862918278
Imidazolium,PF6,Density,0.0008030517352839439
Imidazolium,BF4,Density,0.002486664494559143
Imidazolium,Other,Density,0.002354138386468918
Imidazolium,Hydrogen sulfate,Density,0.004051631267875777
Phosphonium,Other,Density,0.0007872564562063644
Imidazolium,BF4,Density,0.007382350706526708
Imidazolium,Carboxylate,Density,0.0004106525626479396
Imidazolium,Carboxylate,Density,0.0016576367741780729
Imidazolium,PF6,Density,0.0012000800960256797
Imidazolium,Carboxylate,Density,0.002578328458354484
Pyridinium,Other,Density,0.00939954951919475
Protic ammonium,Carboxylate,Density,0.0011916029972107722
Imidazolium,Hydrogen sulfate,Density,0.0015635504745956652
Phosphonium,NTf2,Density,0.0006508335893284922
Imidazolium,Other,Density,0.010032209308342033
Quaternary ammonium,NTf2,Density,0.002281711234822126
Imidazolium,Carboxylate,Density,0.006311485633069047
Imidazolium,Hydrogen sulfate,Density,0.0001765961273303418
Imidazolium,Other,Density,0.0035901183153335126
Imidazolium,Hydrogen sulfate,Density,0.0007014386687353991
Imidazolium,BF4,Density,0.005159491124889115
Imidazolium,NTf2,Density,0.002612734224922697
Cholinium,NTf2,Density,0.0011267129031962142
Imidazolium,Other,Density,0.001888284714435251
Imidazolium,BF4,Density,0.0019016650315046846
Imidazolium,PF6,Density,0.003740720357608751
Protic ammonium,Carboxylate,Density,0.0010242271389167001
Pyridinium,NTf2,Density,0.0007391822264564141
Imidazolium,Other,Density,0.0021886229884762187
Imidazolium,Other,Density,0.006705150946197058
Phosphonium,Other,Density,1.6204778920503315e-05
Imidazolium,Other,Density,0.004680218941827796
Protic ammonium,Carboxylate,Density,0.00222206532969782
Imidazolium,Other,Density,0.006354786099933563
Imidazolium,NTf2,Density,0.0028590972345208243
Imidazolium,NTf2,Density,0.00010831224547303009
Phosphonium,Other,Density,0.002648344768170219
Imidazolium,NTf2,Density,0.0011658071995395147
Quaternary ammonium,Other,Density,0.0016459286744909818
Protic ammonium,Carboxylate,Density,0.0007844496721656213
Imidazolium,Other,Density,0.0009540747323271148
Pyridinium,NTf2,Density,0.0008234771316475431
Pyridinium,Other,Density,0.0001639682110115004
Imidazolium,NTf2,Density,0.0010656763242629097
Imidazolium,NTf2,Density,0.0016913845447046327
Imidazolium,Other,Density,0.0004015042468061836
Imidazolium,Other,Density,0.00470628786874272
Imidazolium,Other,Density,0.04275275642991705
Quaternary ammonium,Other,Density,0.017830811830558346
Cholinium,NTf2,Density,0.0030727436294615273
Imidazolium,Other,Density,0.004844188775630975
Imidazolium,PF6,Density,0.007220450711284521
Imidazolium,Other,Density,0.0012017059499340732
Imidazolium,Hydrogen sulfate,Density,0.0006848936696259855
Imidazolium,Other,Density,0.006084498220442214
Imidazolium,Other,Density,0.004361179342430077
Imidazolium,NTf2,Density,0.007726280763353799
Quaternary ammonium,Carboxylate,Density,0.008792827756677113
Imidazolium,Other,Density,0.005004888819851061
Imidazolium,Carboxylate,Density,0.0006662591087112091
Pyridinium,NTf2,Density,0.010450802316651853
Imidazolium,NTf2,Density,0.0035858882447818985
Imidazolium,Other,Density,0.005342891259768834
Imidazolium,Other,Density,0.006059750033636568
Imidazolium,Hydrogen sulfate,Density,0.003148599766256588
Pyridinium,Other,Density,0.004089782123453567
Imidazolium,Other,Density,0.007620804653607038
Imidazolium,BF4,Density,0.0001931477366152734
Imidazolium,PF6,Density,0.0021581210895096348
Protic ammonium,Carboxylate,Density,0.0022553378872727237
Pyridinium,Other,Density,0.0021499821060473323
Protic ammonium,Carboxylate,Density,0.0025787294914580983
Imidazolium,Other,Density,0.0028062794804171176
Pyridinium,NTf2,Density,0.0008701778521151837
Protic ammonium,Carboxylate,Density,0.021391569528990573
Pyridinium,NTf2,Density,0.001088563768356643
Imidazolium,Other,Density,0.0022387800688754567
Imidazolium,BF4,Density,0.0039821331751630495
Imidazolium,Hydrogen sulfate,Density,0.005333451673520173
Imidazolium,Other,Density,0.006907441492365329
Imidazolium,Other,Density,0.0037927280632601423
Imidazolium,NTf2,Density,0.0017146425088956363
Imidazolium,NTf2,Density,0.0031590652226043403
Imidazolium,BF4,Density,0.0026975143181111605
Imidazolium,Other,Density,0.01143169301523006
Protic ammonium,Carboxylate,Density,0.0012504011806768744
Pyridinium,NTf2,Density,0.0027045528509619388
Imidazolium,Hydrogen sulfate,Density,0.00020748874780629478
Cholinium,NTf2,Density,0.0025362657104901487
Imidazolium,Other,Density,0.0003013985810591535
Imidazolium,NTf2,Density,0.0008225150322633823
Phosphonium,Other,Density,0.014067212108250793
Phosphonium,Other,Density,0.0036687058681454943
Imidazolium,Other,Density,0.0008440621955010386
Imidazolium,NTf2,Density,0.003016186284233058
Imidazolium,NTf2,Density,0.004487573098368003
Protic ammonium,Carboxylate,Density,0.002822443016956555
Imidazolium,NTf2,Density,0.004477494221309719
Imidazolium,NTf2,Density,0.0005811874643857351
Protic ammonium,Carboxylate,Density,0.0023399417832603575
Imidazolium,Other,Density,0.0025172589938788903
Cholinium,Other,Density,0.0039243360427354546
Imidazolium,PF6,Density,0.0001558043581839641
Protic ammonium,Carboxylate,Density,0.005417902560774124
Imidazolium,Other,Density,0.0032576469447329615
Protic ammonium,Carboxylate,Density,8.342479451695084e-05
Pyridinium,Hydrogen sulfate,Density,0.0038056375751516214
Pyridinium,Other,Density,0.00042588309337521224
Imidazolium,NTf2,Density,0.0007247648947803498
Imidazolium,NTf2,Density,0.0034107712303095283
Imidazolium,Carboxylate,Density,0.001705163205281579
Protic ammonium,Carboxylate,Density,0.00040827978128366027
Protic ammonium,Carboxylate,Density,0.007009036959735759
Pyridinium,BF4,Density,0.003038985613640577
Cholinium,NTf2,Density,0.001001385151256251
Imidazolium,NTf2,Density,0.0005096959758512654
Imidazolium,Other,Density,0.0009384352275958463
Protic ammonium,Carboxylate,Density,0.0016803414075594603
Imidazolium,Other,Density,0.003433286857164042
Cholinium,NTf2,Density,0.0018357953499092972
Imidazolium,BF4,Density,0.0053032230633576205
Imidazolium,Other,Density,0.0003662173135738911
Protic ammonium,Carboxylate,Density,0.0012088189419010575
Quaternary ammonium,NTf2,Density,0.01020286580667662
Protic ammonium,Carboxylate,Density,6.443504381881127e-05
Imidazolium,NTf2,Density,0.001924034790125262
Protic ammonium,Carboxylate,Density,0.002168196263932387
Imidazolium,NTf2,Density,0.0005108214452427262
Quaternary ammonium,NTf2,Density,0.002992630654527595
Pyridinium,Other,Density,0.0005169579488004672
Imidazolium,Carboxylate,Density,0.0011025014312489034
Protic ammonium,Carboxylate,Density,0.00024608315083973764
Imidazolium,Other,Density,0.0002565034623209783
Protic ammonium,Other,Density,0.002855247915072745
Imidazolium,Other,Density,0.0020262035779454735
Quaternary ammonium,NTf2,Density,0.004270554195638709
Cholinium,NTf2,Density,0.003030407400851587
Quaternary ammonium,NTf2,Density,0.0029310652768543832
Imidazolium,Hydrogen sulfate,Density,0.0020174725722572617
Quaternary ammonium,NTf2,Density,0.0027647471909482135
Pyridinium,Other,Density,0.0025639450371688355
Imidazolium,Carboxylate,Density,0.0049991455273570296
Phosphonium,Other,Density,0.008892626624659172
Phosphonium,Other,Density,0.003940117955148814
Imidazolium,NTf2,Density,0.0008001043619501047
Quaternary ammonium,NTf2,Density,0.0006761714984708789
Imidazolium,Other,Density,0.00014452530833608535
Imidazolium,Other,Density,0.043689259804787106
Quaternary ammonium,Other,Density,0.000393924929908529
Imidazolium,NTf2,Density,0.004001124125243116
Imidazolium,NTf2,Density,0.0005821380208583804
Protic ammonium,Carboxylate,Density,0.0033039595308537173
Imidazolium,Other,Density,0.001147740397079211
Cholinium,NTf2,Density,0.002737493708734995
Imidazolium,Other,Density,0.005173190909929737
Imidazolium,NTf2,Density,0.008759361188496406
Imidazolium,Other,Density,0.00844573912401092
Imidazolium,Other,Density,0.0010978279656397305
Imidazolium,Other,Density,0.002448111199763403
Pyridinium,BF4,Density,0.003995894271666245
Protic ammonium,Carboxylate,Density,0.0006356078925842112
Imidazolium,Hydrogen sulfate,Density,0.00028138683066458725
Imidazolium,NTf2,Density,0.011611410020906376
Imidazolium,NTf2,Density,0.0023130835086293544
Imidazolium,Other,Density,0.026135928814300158
Imidazolium,Other,Density,0.001863460902248093
Protic ammonium,Carboxylate,Density,0.0016989736245074383
Protic ammonium,Carboxylate,Density,0.0009536480954670523
Imidazolium,Other,Density,0.012819303828944584
Cholinium,NTf2,Density,0.005374867516794168
Pyridinium,Hydrogen sulfate,Density,0.009171594022851615
Imidazolium,Other,Density,0.006159409506190983
Protic ammonium,Carboxylate,Density,0.0021609355596297064
Pyridinium,NTf2,Density,0.0057191624630945626
Imidazolium,Other,Density,0.005636310815456014
Cholinium,NTf2,Density,0.0007604885388321492
Protic ammonium,Carboxylate,Density,0.005711527230990221
Phosphonium,Other,Density,0.01151696852582873
Imidazolium,PF6,Density,0.00540644330383433
Phosphonium,Other,Density,0.0075798357200707045
Imidazolium,Other,Density,0.0005717128297311191
Imidazolium,Other,Density,0.007558391740867698
Pyridinium,BF4,Density,0.000619434371220251
Protic ammonium,Carboxylate,Density,0.0006838111036131522
Imidazolium,Other,Density,0.4091244029575014
Cholinium,NTf2,Density,0.0015058430056109628
Imidazolium,Other,Density,0.0005947724902641838
Protic ammonium,Carboxylate,Density,2.5804887906488716e-05
Imidazolium,NTf2,Density,0.0015221068838497942
Imidazolium,Carboxylate,Density,0.0018801537721673256
Imidazolium,Other,Density,0.006975552420881215
Quaternary ammonium,NTf2,Density,0.0024761393326864223
Imidazolium,Hydrogen sulfate,Density,0.00496585630863855
Imidazolium,NTf2,Density,0.0024251409105682242
Imidazolium,Other,Density,0.004941400053604994
Imidazolium,Other,Density,0.013188337057129296
Protic ammonium,Carboxylate,Density,0.00020588984497926788
Imidazolium,NTf2,Density,0.003917285068962606
Imidazolium,Other,Density,0.0025806022067733636
Imidazolium,BF4,Density,0.004435957168303695
Cholinium,NTf2,Density,0.002985061794211319
Imidazolium,BF4,Density,0.0006602723326150084
Imidazolium,Other,Density,0.007758574905880167
Pyridinium,Hydrogen sulfate,Density,0.00203561595369095
Imidazolium,Other,Density,0.009658721251477154
Cholinium,NTf2,Density,0.0020093483793512945
Quaternary ammonium,NTf2,Density,0.0025810320234151973
Protic ammonium,Carboxylate,Density,0.0005035083815849717
Imidazolium,Carboxylate,Density,0.008230678848235584
Imidazolium,Other,Density,0.003608208862607931
Phosphonium,Other,Density,0.0012259102394853727
Phosphonium,Other,Density,0.005561730453347735
Imidazolium,Other,Density,0.11586142394893262
Imidazolium,Other,Density,0.000848690516041195
Pyridinium,NTf2,Density,0.0014800158410412934
Quaternary ammonium,Other,Density,0.007241301495008123
Imidazolium,Other,Density,0.0012742299107415533
Quaternary ammonium,Carboxylate,Density,0.004013522080361653
Pyridinium,NTf2,Density,0.006482581579325242
Imidazolium,Other,Density,0.00149670774576105
Imidazolium,Other,Density,0.004483276931138924
Pyridinium,BF4,Density,0.000780113058796772
Phosphonium,Other,Density,0.0033256258383298487
Phosphonium,Other,Density,0.002780904603969958
Imidazolium,Other,Density,0.0066237079364084295
Imidazolium,BF4,Density,0.0023761299750280074
Phosphonium,Other,Density,0.0006055132352074111
Imidazolium,Other,Density,0.0013466711787728514
Imidazolium,Other,Density,0.000752415302578413
Imidazolium,BF4,Density,0.0038819928848150553
Imidazolium,Other,Density,0.005959094917329821
Imidazolium,BF4,Density,0.0025467320383523173
Imidazolium,NTf2,Density,0.0006280348269029901
Quaternary ammonium,NTf2,Density,0.002283624469066936
Imidazolium,PF6,Density,0.005326628008247347
Imidazolium,BF4,Density,0.002023281422761869
Phosphonium,Other,Density,0.00026319790046436253
Cholinium,NTf2,Density,0.003839519892165022
Imidazolium,NTf2,Density,0.002902961789819969
Phosphonium,NTf2,Density,0.0031676484573601726
Imidazolium,Other,Density,0.005118269506101392
Imidazolium,Other,Density,0.00035805083181728037
Imidazolium,Other,Density,0.009558652251396182
Cholinium,NTf2,Density,0.003689686173560247
Imidazolium,Other,Density,0.004926643642990669
Pyridinium,NTf2,Density,0.0031596247119836107
Imidazolium,Other,Density,0.0002832218030128786
Imidazolium,Other,Density,0.002783758015151072
Imidazolium,Other,Density,0.0016923200821494788
Quaternary ammonium,Carboxylate,Density,0.011364951591333217
Imidazolium,Other,Density,0.0012192871850400522
Imidazolium,NTf2,Density,0.004270028030505912
Protic ammonium,Carboxylate,Density,0.0014251618130423083
Pyridinium,NTf2,Density,0.0013551983851671778
Pyridinium,Other,Density,0.015065120075662186
Protic ammonium,Carboxylate,Density,0.0006675502435600222
Protic ammonium,Carboxylate,Density,0.001608827819630676
Phosphonium,NTf2,Density,0.0030942213454068224
Imidazolium,PF6,Density,0.0016904447793049115
Phosphonium,Other,Density,0.001374739355738619
Imidazolium,Other,Density,0.007645561057365136
Imidazolium,Other,Density,0.002546781398464759
Pyridinium,Other,Density,0.00821222846369718
Imidazolium,Hydrogen sulfate,Density,0.0018335803180766774
Imidazolium,Other,Density,0.00886860241437848
Imidazolium,Other,Density,0.011302922142697014
Imidazolium,NTf2,Density,0.005112251907162246
Imidazolium,Other,Density,0.0077099821434361004
Imidazolium,Carboxylate,Density,0.002695987832325386
Pyridinium,Hydrogen sulfate,Density,0.008956461592751097
Cholinium,NTf2,Density,0.002661810641375162
Protic ammonium,Carboxylate,Density,0.0005698780719640695
Imidazolium,Other,Density,0.0014509304422549718
Imidazolium,Other,Density,0.0018200362727984754
Imidazolium,Hydrogen sulfate,Density,0.00430260518618919
Phosphonium,NTf2,Density,0.0024800331893635175
Imidazolium,Hydrogen sulfate,Density,0.00636279949950147
Imidazolium,Hydrogen sulfate,Density,0.0029511796103820487
Cholinium,NTf2,Density,0.0014605934266329612
Pyridinium,NTf2,Density,0.0007948308627900857
Imidazolium,NTf2,Density,0.005353918533474555
Imidazolium,PF6,Density,0.0006580066807257978
Imidazolium,Carboxylate,Density,0.0012245197103313288
Pyridinium,NTf2,Density,0.0060557152873990105
Protic ammonium,Carboxylate,Density,0.0016303193695748064
Quaternary ammonium,NTf2,Density,0.0036344792599463105
Imidazolium,Other,Density,0.0014529598404617872
Imidazolium,Other,Density,0.001963037401365497
Quaternary ammonium,NTf2,Density,0.0012049668613212106
Imidazolium,Other,Density,0.0004277708356079657
Imidazolium,Other,Density,0.001993147585293009
Imidazolium,Other,Density,0.0032206688801474925
Protic ammonium,Carboxylate,Density,0.0016813163084812288
Quaternary ammonium,Other,Density,0.008921205893154038
Imidazolium,BF4,Density,0.00010068370311078212
Cholinium,Carboxylate,Density,0.0056482204762273724
Imidazolium,Other,Density,0.05846514594111163
Pyridinium,Carboxylate,Density,0.0012197777449474145
Imidazolium,Other,Density,0.0010003658644111013
Quaternary ammonium,NTf2,Density,0.008154961028483676
Pyridinium,NTf2,Density,0.0037770207561900193
Protic ammonium,Carboxylate,Density,0.0020898861686280412
Quaternary ammonium,Other,Density,0.005130258581476532
Pyridinium,NTf2,Density,0.0010184859829802662
Pyridinium,BF4,Density,0.0028308283315023886
Quaternary ammonium,Other,Density,0.004360180010642978
Protic ammonium,Carboxylate,Density,0.0016694867348023834
Cholinium,NTf2,Density,0.0016751425647703044
Quaternary ammonium,NTf2,Density,0.001438565082599652
Imidazolium,Other,Density,0.006674375910796115
Imidazolium,BF4,Density,0.0034946763395273805
Imidazolium,Other,Density,0.0013551478477467072
Imidazolium,Hydrogen sulfate,Density,0.0003490931471574754
Protic ammonium,Carboxylate,Density,0.0005188491204206613
Phosphonium,Carboxylate,Density,0.03087093189255441
Pyridinium,NTf2,Density,0.011674453099935533
Imidazolium,NTf2,Density,0.003846178370819686
Imidazolium,Other,Density,0.005568523637123235
Imidazolium,PF6,Density,0.0012193069482808738
Imidazolium,Hydrogen sulfate,Density,0.01305116618499369
Pyridinium,Other,Density,0.002484285336356251
Imidazolium,Carboxylate,Density,0.0017881279267726313
Quaternary ammonium,NTf2,Density,0.004028821983332875
Pyridinium,Other,Density,0.0009618116682652555
Imidazolium,Other,Density,0.0031681360963382588
Imidazolium,BF4,Density,0.002286784886632809
Imidazolium,Other,Density,0.004105619915684144
Imidazolium,NTf2,Density,0.007359158714702829
Imidazolium,Other,Density,0.000930712550188062
Imidazolium,Hydrogen sulfate,Density,0.0015720045177376463
Quaternary ammonium,Other,Density,0.0032263034412238767
Imidazolium,NTf2,Density,0.0004587988296158585
Imidazolium,Other,Density,0.0007105140991754411
Imidazolium,BF4,Density,0.0032277458822775884
Imidazolium,NTf2,Density,0.0011649171163581329
Imidazolium,NTf2,Density,0.004359205149404133
Imidazolium,Other,Density,0.0034307606607804075
Imidazolium,NTf2,Density,0.003972099655658923
Imidazolium,Carboxylate,Density,0.0047955364562106695
Imidazolium,Hydrogen sulfate,Density,0.002531964685734245
Imidazolium,Other,Density,0.006297681576797665
Phosphonium,Other,Density,0.005167989520234784
Imidazolium,Other,Density,0.014585458121857187
Imidazolium,Carboxylate,Density,0.0008511301249347625
Imidazolium,Carboxylate,Density,0.009005099262917149
Imidazolium,Other,Density,0.0076632458058671915
Imidazolium,Other,Density,0.004532321518577298
Phosphonium,NTf2,Density,0.00010341266184976661
Protic ammonium,Carboxylate,Density,0.001541184808069751
Phosphonium,Other,Density,0.00022456031982720503
Pyridinium,BF4,Density,0.0001572973041810144
Imidazolium,Other,Density,0.0032371755214661846
Imidazolium,BF4,Density,0.0008460277764745783
Cholinium,NTf2,Density,0.0026449978440750144
Phosphonium,Other,Density,0.009970232653499167
Imidazolium,Other,Density,0.0004243597452742165
Imidazolium,Other,Density,9.579471417353602e-05
Pyridinium,NTf2,Density,0.001882194216292099
Phosphonium,NTf2,Density,0.00026757091910489805
Cholinium,NTf2,Density,0.003287268991305936
Phosphonium,Other,Density,3.961868648794109e-05
Imidazolium,Other,Density,0.0003467140498631949
Imidazolium,NTf2,Density,0.0035485743442640327
Protic ammonium,Other,Density,0.0027297641586505605
Imidazolium,NTf2,Density,0.00016891285755793461
Phosphonium,NTf2,Density,0.000532703471968432
Cholinium,NTf2,Density,0.0032877766265109187
Phosphonium,Other,Density,0.005313316135173274
Imidazolium,Other,Density,0.0054601890612211434
Imidazolium,Other,Density,0.004962879038451717
Imidazolium,Other,Density,0.00020840777208519512
Imidazolium,Other,Density,0.003596778310238413
Imidazolium,PF6,Density,0.0007280679700008008
Pyridinium,Other,Density,0.0012440878232284902
Protic ammonium,Carboxylate,Density,0.00028269372604317056
Imidazolium,Hydrogen sulfate,Density,0.0003681073388239753
Pyridinium,NTf2,Density,0.000473901232021845
Imidazolium,Other,Density,0.003926915608492898
Protic ammonium,Carboxylate,Density,0.006536982486461618
Phosphonium,Other,Density,0.01108838229272191
Phosphonium,Other,Density,0.00046682226854155573
Imidazolium,BF4,Density,0.00644977738674779
Pyridinium,Other,Density,0.00439445611992717
Imidazolium,BF4,Density,0.005630981382060085
Imidazolium,Other,Density,0.012384500872522075
Imidazolium,NTf2,Density,0.0033921755540955445
Imidazolium,PF6,Density,0.0018710648869264546
Imidazolium,Other,Density,0.0009361028636476476
Imidazolium,Carboxylate,Density,0.008340825049076628
Imidazolium,Other,Density,0.003233414424700598
Pyridinium,NTf2,Density,0.003274381964757822
Phosphonium,Other,Density,0.0006202620298072503
Cholinium,NTf2,Density,0.005310906195817644
Imidazolium,Other,Density,0.030229167024802273
Phosphonium,Other,Density,0.0019798494623355367
Imidazolium,Other,Density,0.13219408666472
Cholinium,NTf2,Density,0.002920070297578903
Protic ammonium,Carboxylate,Density,0.001761939395483303
Imidazolium,Other,Density,0.0002554311427038769
Protic ammonium,Carboxylate,Density,0.0010241935855272999
Phosphonium,Other,Density,0.004969039862706026
Imidazolium,NTf2,Density,0.002342655544789629
Pyridinium,NTf2,Density,0.00088256227475636
Imidazolium,Carboxylate,Density,0.0020799308795345084
Pyridinium,Other,Density,0.007812518893224762
Imidazolium,NTf2,Density,0.0019478095855314237
Pyridinium,NTf2,Density,0.0005244906278303318
Imidazolium,Other,Density,0.0027027621699282633
Phosphonium,NTf2,Density,0.003725557379502753
Phosphonium,Other,Density,0.0027507715425239
Quaternary ammonium,Other,Density,0.000986082766313956
Imidazolium,Hydrogen sulfate,Density,0.0008711996664247934
Protic ammonium,Carboxylate,Density,0.002099476994427363
Imidazolium,Other,Density,0.0041260704068530885
Imidazolium,Other,Density,0.001410916157632336
Pyridinium,NTf2,Density,0.0007815561277366712
Imidazolium,BF4,Density,0.0019011384212994642
Phosphonium,NTf2,Density,0.0019498372894268812
Imidazolium,Other,Density,0.002482003406249156
Imidazolium,Other,Density,0.004283483237289332
Protic ammonium,Carboxylate,Density,9.348923783569774e-05
Protic ammonium,Carboxylate,Density,0.0016526829840808333
Imidazolium,NTf2,Density,0.017403428333005344
Imidazolium,NTf2,Density,0.0005202060605231651
Imidazolium,Hydrogen sulfate,Density,0.0011611014340031645
Imidazolium,Other,Density,0.004388767190871334
Quaternary ammonium,Other,Density,0.0012526485632831097
Imidazolium,Carboxylate,Density,0.009584752250614947
Imidazolium,BF4,Density,0.0027899689189556653
Imidazolium,Other,Density,0.0028624578081606344
Protic ammonium,Carboxylate,Density,0.0010313783833932888
Phosphonium,Carboxylate,Density,0.000453991408089216
Imidazolium,Other,Density,0.0024633892168832716
Protic ammonium,Carboxylate,Density,0.0018290391335042955
Imidazolium,NTf2,Density,0.004139346566479851
Imidazolium,Other,Density,0.008758398355656283
Protic ammonium,Carboxylate,Density,0.003750428267932371
Imidazolium,Other,Density,0.0011934955494989907
Imidazolium,NTf2,Density,0.004002528939629713
Imidazolium,Other,Density,0.002058102588690325
Imidazolium,Other,Density,0.007480170802289798
Imidazolium,Hydrogen sulfate,Density,0.0016327210217879085
Imidazolium,Other,Density,0.0013289840585102297
Pyridinium,NTf2,Density,0.003929148386227155
Pyridinium,BF4,Density,0.0033059683390170846
Imidazolium,Other,Density,0.002622675205195435
Imidazolium,NTf2,Density,0.004717324813330315
Imidazolium,Hydrogen sulfate,Density,0.002465884785785022
Pyridinium,Other,Density,0.001355694255027018
Protic ammonium,Other,Density,0.0009189502616759881
Pyridinium,PF6,Density,0.003623493913301523
Phosphonium,Other,Density,0.005507096340219952
Protic ammonium,Carboxylate,Density,0.00031315811945820116
Protic ammonium,Other,Density,0.002755550486935654
Protic ammonium,Carboxylate,Density,0.0032550275018063957
Pyridinium,NTf2,Density,0.003473749284058414
Imidazolium,Other,Density,0.003392773636654134
Imidazolium,Other,Density,0.00193746178331633
Imidazolium,Other,Density,0.008803764205883802
Cholinium,NTf2,Density,0.0016827542237543014
Pyridinium,BF4,Density,0.003703221845809068
Pyridinium,NTf2,Density,1.2412687621754515e-05
Imidazolium,Other,Density,0.0012783460199159435
Imidazolium,Other,Density,0.01879506736806036
Imidazolium,Other,Density,0.0005335265463344285
Imidazolium,Other,Density,0.0004200797204081397
Pyridinium,BF4,Density,1.5359019264415963e-05
Protic ammonium,Carboxylate,Density,0.0023012114409413087
Imidazolium,Hydrogen sulfate,Density,1.6774335782621108e-05
Pyridinium,BF4,Density,0.0018286954569273206
Pyridinium,Other,Density,0.00020408305918628855
Imidazolium,BF4,Density,0.006524084952785891
Quaternary ammonium,NTf2,Density,0.0021234257131554912
Imidazolium,Carboxylate,Density,0.0003866772018330522
Quaternary ammonium,NTf2,Density,0.034651226023736825
Imidazolium,Other,Density,0.004983223011781668
Imidazolium,Hydrogen sulfate,Density,0.0011644673391817406
Imidazolium,NTf2,Density,0.0045504065244932335
Pyridinium,Carboxylate,Density,0.013269511868394979
Protic ammonium,Carboxylate,Density,0.0014128802771073978
Phosphonium,Other,Density,0.0010338750563443355
Imidazolium,Other,Density,0.0007672696547249558
Imidazolium,Other,Density,0.0001553733322889883
Pyridinium,Other,Density,0.0005627113867632261
Imidazolium,NTf2,Density,0.004534670353618431
Phosphonium,Other,Density,0.0030609253918134627
Quaternary ammonium,NTf2,Density,0.00496490204930744
Imidazolium,Other,Density,0.002746029283492213
Imidazolium,Other,Density,0.008610427409037946
Imidazolium,NTf2,Density,0.004155232399802422
Phosphonium,Other,Density,0.006244711550703386
Protic ammonium,Carboxylate,Density,0.001305156693311993
Imidazolium,Other,Density,0.0049342435777184335
Protic ammonium,Carboxylate,Density,0.0006599650047593997
Imidazolium,Other,Density,0.0006064340314075878
Protic ammonium,Carboxylate,Density,2.2536037608489323e-05
Imidazolium,NTf2,Density,0.0009249700840161523
Protic ammonium,Carboxylate,Density,0.0003491066554346389
Imidazolium,Hydrogen sulfate,Density,0.0021342464764932956
Cholinium,NTf2,Density,0.0010619319156059959
Protic ammonium,Carboxylate,Density,0.0011821639199514067
Pyridinium,BF4,Density,6.018587512901519e-05
Imidazolium,NTf2,Density,0.0034083833540421438
Imidazolium,NTf2,Density,0.0021725028787376033
Cholinium,Carboxylate,Density,0.002233995123625654
Pyridinium,BF4,Density,0.001746238069918249
Imidazolium,Other,Density,0.0019841625588457035
Imidazolium,BF4,Density,0.001826704105694965
Imidazolium,BF4,Density,0.009165261897756238
Imidazolium,Other,Density,0.0034461521267665773
Imidazolium,NTf2,Density,0.00495490865037862
Imidazolium,Other,Density,0.00012880239336166
Imidazolium,NTf2,Density,0.00022324660958528142
Protic ammonium,Carboxylate,Density,0.0004106066790487972
Pyridinium,Other,Density,0.01618379116711477
Imidazolium,Carboxylate,Density,0.001695593350113711
Quaternary ammonium,Carboxylate,Density,0.004421135662082243
Cholinium,NTf2,Density,0.001543991625866603
Cholinium,NTf2,Density,0.0032391868368621957
Imidazolium,Other,Density,0.0007515230481320856
Imidazolium,Other,Density,0.0006669681656470416
Imidazolium,NTf2,Density,0.003134698567882843
Imidazolium,NTf2,Density,0.00091795613700274
Protic ammonium,Carboxylate,Density,0.0008673675856449847
Pyridinium,BF4,Density,0.0025767219516792395
Imidazolium,Other,Density,0.0010943217000241034
Protic ammonium,Carboxylate,Density,0.001487288385560781
Imidazolium,Other,Density,0.004757424453243786
Pyridinium,NTf2,Density,0.003237653926609241
Pyridinium,BF4,Density,0.0007677204733749221
Imidazolium,BF4,Density,0.0025959942242463896
Pyridinium,NTf2,Density,0.0013795039833670586
Imidazolium,Carboxylate,Density,0.0014510047575608809
Pyridinium,Other,Density,0.003355567790086944
Protic ammonium,Hydrogen sulfate,Density,0.008395261568280077
Protic ammonium,Carboxylate,Density,0.000728667665803151
Cholinium,NTf2,Density,0.00010578572356045868
Protic ammonium,Carboxylate,Density,0.0019086646169323984
Imidazolium,PF6,Density,0.0029130468623526085
Pyridinium,NTf2,Density,0.004516604290375703
Protic ammonium,Carboxylate,Density,0.0010085394652801227
Protic ammonium,Carboxylate,Density,0.0006031579715237712
Phosphonium,Other,Density,0.0013475304967824897
Imidazolium,Other,Density,0.05598269308427373
Imidazolium,NTf2,Density,0.005143540759787513
Imidazolium,BF4,Density,0.001109158409946076
Imidazolium,PF6,Density,0.004248590182447387
Imidazolium,Other,Density,0.0011991398000761322
Imidazolium,Hydrogen sulfate,Density,0.007193899312482266
Phosphonium,Other,Density,0.00567626718110148
Pyridinium,NTf2,Density,0.0011768039533297525
Imidazolium,Other,Density,0.0009989148883962073
Imidazolium,Other,Density,0.005283423219681005
Imidazolium,Other,Density,0.0005702974439625308
Protic ammonium,Carboxylate,Density,0.00026839609288042965
Imidazolium,Other,Density,0.0013409459175424132
Imidazolium,Hydrogen sulfate,Density,0.001832886789654431
Imidazolium,Carboxylate,Density,0.004913816536832982
Imidazolium,NTf2,Density,0.0006193811349266554
Imidazolium,Carboxylate,Density,0.0006561054202451899
Imidazolium,BF4,Density,0.001053712541385643
Imidazolium,NTf2,Density,0.0028438339413048297
Imidazolium,Hydrogen sulfate,Density,0.003914909908760755
Imidazolium,NTf2,Density,0.0023136931931349025
Imidazolium,Other,Density,0.006734380520462047
Imidazolium,BF4,Density,0.0017342444030932214
Protic ammonium,Carboxylate,Density,0.0005832292092886604
Pyridinium,NTf2,Density,0.0033238868553615575
Phosphonium,NTf2,Density,0.0023402358495037134
Protic ammonium,Carboxylate,Density,9.767494958978773e-05
Imidazolium,Other,Density,0.005653392371126387
Quaternary ammonium,NTf2,Density,0.0005650973512318913
Imidazolium,Other,Density,0.0003147556073370694
Pyridinium,BF4,Density,6.018587512901519e-05
Phosphonium,Other,Density,0.005689624549808592
Protic ammonium,Carboxylate,Density,0.003939595808401641
Pyridinium,NTf2,Density,0.0029057953770603717
Protic ammonium,Carboxylate,Density,0.0035065809401597647
Pyridinium,Hydrogen sulfate,Density,0.0010217964336112217
Imidazolium,Other,Density,0.0012883771853173798
Imidazolium,Other,Density,0.0026607316549229765
Imidazolium,Hydrogen sulfate,Density,0.0005235657726609944
Imidazolium,Carboxylate,Density,0.004684920242891799
Imidazolium,NTf2,Density,0.0015820332278391191
Imidazolium,NTf2,Density,0.00015964683400593316
Imidazolium,PF6,Density,0.0028267966812540735
Imidazolium,Other,Density,0.0034061954170514497
Phosphonium,Other,Density,0.0009137311920177638
Quaternary ammonium,NTf2,Density,0.005200825543542287
Quaternary ammonium,NTf2,Density,0.0010028200855254354
Protic ammonium,Carboxylate,Density,0.003585879680936266
Imidazolium,Other,Density,0.00048159423017679615
Protic ammonium,Carboxylate,Density,0.00040447170656499054
Quaternary ammonium,Carboxylate,Density,0.009652752551653876
Imidazolium,Other,Density,0.0010919365114139268
Quaternary ammonium,Carboxylate,Density,0.007364210878586519
Phosphonium,Other,Density,0.01831043251123976
Quaternary ammonium,NTf2,Density,0.003915748925670037
Imidazolium,Carboxylate,Density,0.005232453481140986
Phosphonium,Other,Density,0.006754706193849103
Imidazolium,Other,Density,0.0020323513051927478
Imidazolium,Other,Density,0.00484755585461194
Quaternary ammonium,NTf2,Density,0.004963038589482771
Imidazolium,NTf2,Density,0.00048348720496083075
Quaternary ammonium,NTf2,Density,0.00040855292818964273
Pyridinium,Hydrogen sulfate,Density,0.0002946934399661316
Imidazolium,Other,Density,0.003350709536928953
Imidazolium,Hydrogen sulfate,Density,0.0035128344521861976
Imidazolium,Hydrogen sulfate,Density,0.004063977340710068
Imidazolium,Other,Density,0.008220139995008147
Imidazolium,BF4,Density,0.0014386204612097941
Imidazolium,Other,Density,0.003599976998612142
Imidazolium,BF4,Density,0.002196444785726115
Imidazolium,BF4,Density,0.02230361592791308
Protic ammonium,Carboxylate,Density,0.0020828129771262027
Imidazolium,Other,Density,0.0027805525874091686
Protic ammonium,Carboxylate,Density,0.004749752163161425
Cholinium,NTf2,Density,0.0014648423114911324
Protic ammonium,Carboxylate,Density,0.0016040612673338117
Protic ammonium,Carboxylate,Density,0.00035793742537837403
Imidazolium,NTf2,Density,0.0026412520462448796
Imidazolium,BF4,Density,0.0006885104371923134
Imidazolium,Other,Density,0.00475505818872346
Quaternary ammonium,NTf2,Density,0.003947235169960983
Cholinium,NTf2,Density,0.0011815901596996525
Imidazolium,Other,Density,0.0014390445986691702
Quaternary ammonium,Other,Density,0.0022621728466258872
Pyridinium,NTf2,Density,0.013122559916967091
Imidazolium,Other,Density,0.014137314130445944
Cholinium,Hydrogen sulfate,Density,0.00038678352840637586
Cholinium,NTf2,Density,0.0027688202927240724
Imidazolium,Other,Density,0.006240389451399153
Imidazolium,Other,Density,0.001301820036652579
Imidazolium,NTf2,Density,0.005540469768788192
Imidazolium,Other,Density,0.00041586013466332616
Pyridinium,BF4,Density,0.002405114108465334
Imidazolium,BF4,Density,0.0012930051956470123
Cholinium,NTf2,Density,0.0002647220957952001
Pyridinium,NTf2,Density,0.0009779625224926036
Imidazolium,PF6,Density,0.0037040250385880213
Imidazolium,Other,Density,0.006598571012737864
Imidazolium,Other,Density,0.005154974455583883
Imidazolium,Carboxylate,Density,0.002080420155376572
Imidazolium,BF4,Density,0.0020580419043607634
Protic ammonium,Carboxylate,Density,0.0001336043340174342
Imidazolium,Hydrogen sulfate,Density,0.0015979789467701622
Pyridinium,BF4,Density,0.0033083378656586504
Imidazolium,PF6,Density,0.0017728614608882864
Imidazolium,PF6,Density,0.005397373180897169
Pyridinium,NTf2,Density,0.0029110815650064126
Protic ammonium,Carboxylate,Density,0.0009203145136558177
Pyridinium,Hydrogen sulfate,Density,0.0010942523514412272
Protic ammonium,Carboxylate,Density,8.392159595249638e-05
Imidazolium,NTf2,Density,0.0024724163580582825
Quaternary ammonium,Hydrogen sulfate,Density,0.006838269812448061
Protic ammonium,Carboxylate,Density,0.0001550699724646165
Imidazolium,BF4,Density,0.003607168141114947
Imidazolium,Other,Density,0.0020432958386793487
Imidazolium,Other,Density,0.0018148541877280877
Pyridinium,Other,Density,0.0004701613096971258
Imidazolium,Other,Density,0.0014662468770456627
Protic ammonium,Other,Density,0.0017237399793854635
Quaternary ammonium,NTf2,Density,0.004543332599851624
Imidazolium,PF6,Density,0.0023780191726947564
Imidazolium,Carboxylate,Density,0.006223823606151591
Imidazolium,Other,Density,0.0007401159930955359
Protic ammonium,Carboxylate,Density,0.0009079602026051958
Imidazolium,Other,Density,6.252853398081015e-05
Imidazolium,Hydrogen sulfate,Density,0.005399694121348553
Imidazolium,Other,Density,0.015265058246418661
Pyridinium,NTf2,Density,0.008653703173925997
Imidazolium,Other,Density,0.003201034404072267
Phosphonium,Other,Density,0.0171274999342792
Imidazolium,Other,Density,0.006908019057700443
Protic ammonium,Carboxylate,Density,0.004498518625526415
Imidazolium,Carboxylate,Density,0.002168192559855342
Quaternary ammonium,Other,Density,0.00016410868540539525
Imidazolium,NTf2,Density,0.001343307011627104
Phosphonium,Other,Density,0.0028724390335632677
Cholinium,NTf2,Density,0.0012360319043898116
Quaternary ammonium,NTf2,Density,0.003996814869219101
Imidazolium,Hydrogen sulfate,Density,0.0022372910865744444
Pyridinium,NTf2,Density,0.0036292634548811264
Quaternary ammonium,Carboxylate,Density,0.005254676619345311
Imidazolium,Other,Density,0.00846893970747331
Protic ammonium,Carboxylate,Density,0.00028755966853211135
Imidazolium,Other,Density,0.0030907785258511566
Imidazolium,NTf2,Density,0.001166467280898864
Imidazolium,Other,Density,0.001308430741243427
Protic ammonium,Carboxylate,Density,0.0007418909807261898
Imidazolium,Other,Density,0.005776950649578616
Imidazolium,Other,Density,0.006702400673470166
Imidazolium,Hydrogen sulfate,Density,0.004711238498654957
Protic ammonium,Carboxylate,Density,0.00012879043742941576
Imidazolium,NTf2,Density,0.0005980185403640093
Imidazolium,Other,Density,0.000174513525178277
Imidazolium,Other,Density,0.0022014532311915858
Imidazolium,PF6,Density,0.010009720151400003
Imidazolium,Other,Density,0.0013257630134431153
Phosphonium,Other,Density,0.010440746640397514
Imidazolium,NTf2,Density,0.0015987211338490681
Phosphonium,Other,Density,0.001586377868924238
Pyridinium,BF4,Density,0.0005587455450815071
Cholinium,NTf2,Density,0.004837948177265794
Imidazolium,NTf2,Density,0.0010351180702601326
Imidazolium,Hydrogen sulfate,Density,0.00026897018951821394
Imidazolium,Other,Density,0.004547615999648258
Imidazolium,Hydrogen sulfate,Density,0.003404136878089048
Imidazolium,Other,Density,0.033975096382262926
Imidazolium,Other,Density,0.005567949017772911
Cholinium,NTf2,Density,0.002346654913903734
Imidazolium,NTf2,Density,0.00039818382526046747
Imidazolium,PF6,Density,0.0020274729720801687
Imidazolium,Other,Density,0.00042300064625599987
Quaternary ammonium,NTf2,Density,0.004045970967527346
Imidazolium,PF6,Density,0.0012321821248990616
Imidazolium,Other,Density,0.004560023991089679
Pyridinium,Other,Density,0.00042204609442819674
Cholinium,NTf2,Density,0.003007375275317692
Imidazolium,BF4,Density,0.002446657321466539
Imidazolium,Other,Density,0.0003743672098712736
Imidazolium,PF6,Density,0.0007729727448815282
Quaternary ammonium,NTf2,Density,0.001091028793834603
Protic ammonium,Carboxylate,Density,0.0006361073533058814
Imidazolium,NTf2,Density,0.004539557423152374
Imidazolium,Hydrogen sulfate,Density,0.005809276051691015
Phosphonium,Other,Density,0.0004552302712754752
Imidazolium,Other,Density,0.005760175537617762
Quaternary ammonium,NTf2,Density,0.005750688459376541
Imidazolium,Carboxylate,Density,0.006707137596712265
Imidazolium,Other,Density,0.0007945261662118952
Protic ammonium,Carboxylate,Density,0.003937201320701078
Imidazolium,NTf2,Density,0.0005621841085483581
Imidazolium,BF4,Density,0.0024558123863842596
Quaternary ammonium,Other,Density,0.004806039280801144
Imidazolium,Hydrogen sulfate,Density,0.02618590110730956
Quaternary ammonium,NTf2,Density,0.006229339594502115
Imidazolium,NTf2,Density,0.0023704089798508576
Imidazolium,Carboxylate,Density,0.0005687789499750906
Protic ammonium,Carboxylate,Density,0.0017662989817432972
Imidazolium,Carboxylate,Density,0.0022568688945749926
Imidazolium,Other,Density,0.002613907753279854
Imidazolium,PF6,Density,0.005414106200896107
Imidazolium,Hydrogen sulfate,Density,0.001095395369075547
Imidazolium,BF4,Density,0.002779415084116721
Protic ammonium,Carboxylate,Density,0.003024476694383438
Imidazolium,NTf2,Density,0.0045544170367612935
Imidazolium,NTf2,Density,0.0006275782697997556
Pyridinium,NTf2,Density,0.02768037010588653
Imidazolium,NTf2,Density,0.001034239040181184
Imidazolium,Other,Density,0.0026663013848926553
Imidazolium,PF6,Density,0.0015802028239146892
Imidazolium,NTf2,Density,0.001084309561887764
Imidazolium,Other,Density,0.00466585750703441
Imidazolium,Hydrogen sulfate,Density,0.002446609821677548
Protic ammonium,Carboxylate,Density,0.0008653779999336919
Protic ammonium,Carboxylate,Density,0.006532687008640181
Protic ammonium,Carboxylate,Density,0.00040572481114420356
Imidazolium,Other,Density,0.0001846100979916443
Imidazolium,NTf2,Density,0.0004049667036198912
Imidazolium,NTf2,Density,0.0003576754158958195
Imidazolium,NTf2,Density,0.004655284265489001
Protic ammonium,NTf2,Density,0.005477916940375138
Imidazolium,Other,Density,0.00018736571877653319
Imidazolium,Other,Density,0.0020241392508841827
Imidazolium,Other,Density,0.001080858766163928
Quaternary ammonium,Other,Density,0.02189356271309073
Imidazolium,NTf2,Density,0.004880921210991929
Imidazolium,Carboxylate,Density,0.0034771656158492092
Pyridinium,BF4,Density,0.002603929431558072
Pyridinium,Other,Density,0.005283816857379442
Imidazolium,BF4,Density,0.0011772403265544185
Protic ammonium,Carboxylate,Density,0.0016740421633381075
Imidazolium,NTf2,Density,0.0012955201008155726
Cholinium,NTf2,Density,0.0006727835883584277
Cholinium,NTf2,Density,0.0011057453352671942
Imidazolium,BF4,Density,0.004509073260605234
Protic ammonium,Carboxylate,Density,0.0016093010388740225
Quaternary ammonium,Other,Density,0.005044027914054894
Imidazolium,Hydrogen sulfate,Density,0.0045553192334040205
Imidazolium,Hydrogen sulfate,Density,0.0005722517816302286
Protic ammonium,Other,Density,0.004881350043864252
Cholinium,NTf2,Density,0.0011372264033964186
Protic ammonium,Carboxylate,Density,0.001867336594778557
Protic ammonium,Carboxylate,Density,0.0004986712309333896
Imidazolium,Other,Density,3.616745817680567e-05
Imidazolium,Carboxylate,Density,0.005192217676878386
Imidazolium,Other,Density,0.009296477577739992
Imidazolium,Hydrogen sulfate,Density,0.0006393399583553006
Quaternary ammonium,NTf2,Density,0.0008467566746119815
Protic ammonium,Carboxylate,Density,0.0005545005527807234
Quaternary ammonium,NTf2,Density,0.004017838736853463
Imidazolium,Other,Density,0.003492451182951939
Pyridinium,Other,Density,0.0032459577907975046
Imidazolium,Other,Density,0.011616645984923402
Imidazolium,Other,Density,0.0069743353501161565
Pyridinium,NTf2,Density,0.001017540662942018
Imidazolium,BF4,Density,0.003510362704862935
Protic ammonium,Carboxylate,Density,0.0015798305053680295
Phosphonium,NTf2,Density,0.00014832533755804178
Phosphonium,Other,Density,0.0059433658824588065
Pyridinium,NTf2,Density,0.00022734757087938817
Imidazolium,Other,Density,0.0011958763780848258
Imidazolium,BF4,Density,0.0011825401591876172
Cholinium,NTf2,Density,0.0029674100534675674
Imidazolium,BF4,Density,0.0024423106535849115
Cholinium,NTf2,Density,0.0005697404426978636
Phosphonium,NTf2,Density,0.0008344018903150285
Phosphonium,Other,Density,0.007811074888246949
Imidazolium,Other,Density,0.0033750886638905797
Imidazolium,Other,Density,0.0004510524656451409
Imidazolium,BF4,Density,0.003184746454292231
Imidazolium,BF4,Density,0.0037283942842591955
Imidazolium,Other,Density,0.0008045133816931838
Imidazolium,PF6,Density,0.0009731591399431139
Imidazolium,Carboxylate,Density,0.0017785512388659441
Pyridinium,NTf2,Density,0.006208487700487986
Imidazolium,Other,Density,0.0019989005552050187
Pyridinium,Other,Density,0.005317627705023753
Imidazolium,Other,Density,0.00041764364327079306
Protic ammonium,Carboxylate,Density,0.004629586237601124
Protic ammonium,Carboxylate,Density,0.0013271303664756928
Imidazolium,Other,Density,0.007986192877352138
Pyridinium,NTf2,Density,0.0022722019921479486
Imidazolium,BF4,Density,0.0033893398181890078
Pyridinium,NTf2,Density,0.0220671298871169
Protic ammonium,Carboxylate,Density,7.629637010264645e-05
Imidazolium,Carboxylate,Density,0.01025732145149938
Cholinium,NTf2,Density,0.0015186869359631316
Imidazolium,Carboxylate,Density,0.16794538562148364
Cholinium,NTf2,Density,0.005090203305170959
Pyridinium,NTf2,Density,0.00264264325396546
Imidazolium,Hydrogen sulfate,Density,0.0023636783848592913
Imidazolium,NTf2,Density,0.0014749009431804794
Imidazolium,Hydrogen sulfate,Density,0.0025066767674690738
Other,Other,Density,0.0026855183012655104
Imidazolium,Other,Density,0.00036430816995824955
Imidazolium,BF4,Density,0.0014852884412999146
Imidazolium,Other,Density,0.004638212742958281
Phosphonium,NTf2,Density,8.86797936425765e-05
Quaternary ammonium,Other,Density,0.00044155970470605155
Pyridinium,Hydrogen sulfate,Density,7.532766916096278e-05
Imidazolium,Other,Density,7.099488197326309e-05
Imidazolium,Other,Density,0.0024394962788880648
Cholinium,Hydrogen sulfate,Density,0.0008282177966876247
Protic ammonium,Carboxylate,Density,0.0011528796225359628
Imidazolium,Other,Density,0.001594617231190476
Imidazolium,Hydrogen sulfate,Density,0.004462268168495598
Cholinium,NTf2,Density,0.0012778759435025933
Imidazolium,Other,Density,0.008581596876201303
Imidazolium,Other,Density,0.002850595149561208
Phosphonium,NTf2,Density,0.0033678859939234584
Imidazolium,Other,Density,0.0032239673104594857
Imidazolium,PF6,Density,0.0019092315600213183
Cholinium,NTf2,Density,0.0016861488854171824
Protic ammonium,Carboxylate,Density,0.0006041969394869895
Imidazolium,PF6,Density,0.0007982551350798062
Imidazolium,Hydrogen sulfate,Density,0.00590088284102297
Phosphonium,Other,Density,0.011456481290453624
Protic ammonium,Carboxylate,Density,0.0017304906890505123
Imidazolium,Other,Density,0.0011506387878457147
Imidazolium,Other,Density,0.03636541690555806
Pyridinium,Carboxylate,Density,0.009879153620240722
Imidazolium,BF4,Density,0.003974986693666693
Quaternary ammonium,NTf2,Density,0.002700779208899995
Imidazolium,Other,Density,0.00551567198865488
Imidazolium,Other,Density,0.0010457640673218194
Protic ammonium,Carboxylate,Density,0.0015678426536496204
Phosphonium,Carboxylate,Density,0.00045453299983488904
Protic ammonium,Carboxylate,Density,0.0020413283841964613
Protic ammonium,Carboxylate,Density,0.0021472836351437152
Phosphonium,Other,Density,0.008730391991231379
Imidazolium,Other,Density,0.005819872812680593
Pyridinium,BF4,Density,0.002952581009591171
Pyridinium,NTf2,Density,0.004804601135041331
Imidazolium,BF4,Density,0.0023230690827285017
Quaternary ammonium,NTf2,Density,0.003972070679765238
Cholinium,NTf2,Density,0.001264661124260158
Quaternary ammonium,NTf2,Density,0.005371610085059153
Imidazolium,Carboxylate,Density,0.00020170636319782886
Phosphonium,NTf2,Density,0.0014339006686476807
Imidazolium,Other,Density,0.005696923769410667
Protic ammonium,Other,Density,0.002328276379985894
Imidazolium,Other,Density,0.0037870021590578062
Imidazolium,PF6,Density,0.0014443149860206006
Imidazolium,Other,Density,0.006540271985785218
Imidazolium,NTf2,Density,0.0015527078364767632
Imidazolium,Hydrogen sulfate,Density,0.0075102855534803226
Imidazolium,NTf2,Density,0.004261496456221536
Imidazolium,Other,Density,0.0014061687155182412
Imidazolium,BF4,Density,0.003694114703950646
Pyridinium,Other,Density,0.0019746385711068015
Imidazolium,Other,Density,0.004409790300500482
Imidazolium,NTf2,Density,0.0028058323829487364
Pyridinium,BF4,Density,0.00041245172732828905
Imidazolium,Hydrogen sulfate,Density,0.0005097737034276406
Protic ammonium,Carboxylate,Density,0.00016436632143701502
Imidazolium,NTf2,Density,0.001602193290457521
Cholinium,NTf2,Density,0.0007819740898931116
Imidazolium,Other,Density,0.000795002075105522
Imidazolium,Other,Density,0.0010584467577627876
Cholinium,NTf2,Density,2.665043822158708e-05
Quaternary ammonium,Other,Density,0.000822065804342742
Imidazolium,Other,Density,0.007724257609575957
Protic ammonium,Carboxylate,Density,0.0012765755714294613
Imidazolium,PF6,Density,0.0003277339578895422
Imidazolium,Other,Density,0.006537875480195687
Imidazolium,Other,Density,0.0046038263318299855
Imidazolium,NTf2,Density,0.0012270309611510655
Phosphonium,Other,Density,0.01213256613729996
Imidazolium,Carboxylate,Density,0.005538975355527498
Imidazolium,Hydrogen sulfate,Density,0.0042682443627510835
Imidazolium,PF6,Density,0.005644754826859
Imidazolium,Other,Density,0.0008076668091998584
Imidazolium,Other,Density,0.003532480669933946
Imidazolium,Other,Density,0.004009267432334873
Pyridinium,Other,Density,0.003194354465224869
Imidazolium,NTf2,Density,0.0020047525547690626
Imidazolium,Carboxylate,Density,0.008373197335572513
Imidazolium,PF6,Density,0.00928730731568006
Imidazolium,Other,Density,0.0005797733239001346
Imidazolium,NTf2,Density,0.0032757704020625056
Imidazolium,Other,Density,0.00022690554158621978
Pyridinium,NTf2,Density,0.005192358270289077
Protic ammonium,Carboxylate,Density,0.0020490904034193846
Protic ammonium,Carboxylate,Density,3.2451378366715744e-06
Imidazolium,Hydrogen sulfate,Density,0.0038451844036844207
Imidazolium,Hydrogen sulfate,Density,0.0030260254387792784
Imidazolium,BF4,Density,0.012843086835149897
Cholinium,NTf2,Density,0.0038294659498845363
Protic ammonium,Carboxylate,Density,0.0070146991034825135
Phosphonium,Other,Density,0.004346813918565395
Imidazolium,Carboxylate,Density,0.0071908557242288396
Protic ammonium,Carboxylate,Density,0.0004571980350034366
Protic ammonium,Carboxylate,Density,0.0033284360180676487
Protic ammonium,Carboxylate,Density,0.0019131554880811308
Protic ammonium,Carboxylate,Density,0.0020027044447346043
Imidazolium,Other,Density,0.002885866677453386
Imidazolium,NTf2,Density,0.0052704016683815524
Pyridinium,BF4,Density,0.003282004010253914
Cholinium,NTf2,Density,0.0026263763331915158
Imidazolium,Other,Density,0.0056833303567858096
Protic ammonium,Carboxylate,Density,0.0020504556716991473
Imidazolium,Other,Density,0.0029215317636737126
Protic ammonium,Other,Density,0.003911532371610349
Imidazolium,NTf2,Density,0.0037945825675755884
Phosphonium,Other,Density,0.003828056688491621
Pyridinium,BF4,Density,0.002840525920543513
Cholinium,Hydrogen sulfate,Density,0.01031396333262169
Protic ammonium,Carboxylate,Density,0.0016206847490156662
Phosphonium,Other,Density,9.343775880399363e-05
Quaternary ammonium,Carboxylate,Density,0.008292767084103758
Imidazolium,BF4,Density,0.0037445215662703646
Quaternary ammonium,NTf2,Density,0.0021268022132341358
Imidazolium,Hydrogen sulfate,Density,0.0010781901292196139
Protic ammonium,Carboxylate,Density,0.0006715167604980365
Cholinium,NTf2,Density,0.0015897249436855887
Imidazolium,NTf2,Density,0.013155922465797332
Imidazolium,Other,Density,0.0030350981762561346
Imidazolium,Other,Density,0.004714108386143501
Pyridinium,BF4,Density,0.0011038610446103547
Imidazolium,Other,Density,0.0020876233523487997
Protic ammonium,Carboxylate,Density,0.018710545261360956
Cholinium,NTf2,Density,0.00243414615590698
Imidazolium,PF6,Density,0.0020447021682459265
Pyridinium,BF4,Density,0.0021505851356939942
Imidazolium,Other,Density,1.8630099662964028e-05
Imidazolium,Other,Density,0.0023464724885213784
Protic ammonium,Carboxylate,Density,0.00336875701483752
Imidazolium,Other,Density,0.003989774734031393
Quaternary ammonium,NTf2,Density,0.08102082613950401
Quaternary ammonium,NTf2,Density,0.0027269930349342886
Imidazolium,NTf2,Density,0.0026159037815762787
Protic ammonium,Carboxylate,Density,0.0010007939505074503
Imidazolium,Hydrogen sulfate,Density,5.726397858385468e-05
Imidazolium,BF4,Density,0.025473632058234053
Imidazolium,Carboxylate,Density,0.0016703931505830383
Imidazolium,Other,Density,0.001195539324466921
Imidazolium,Hydrogen sulfate,Density,0.003985490328340724
Imidazolium,NTf2,Density,0.0038861182013611995
Pyridinium,Carboxylate,Density,0.013987550519325431
Phosphonium,Other,Density,0.00361298840777291
Imidazolium,NTf2,Density,0.001970830355292996
Cholinium,NTf2,Density,0.005259077038469506
Imidazolium,Hydrogen sulfate,Density,0.001346219655133929
Imidazolium,Other,Density,0.0002909028070643416
Quaternary ammonium,Other,Density,0.001209795623184462
Imidazolium,Other,Density,0.000949839435857136
Cholinium,NTf2,Density,0.0030532736226982493
Pyridinium,NTf2,Density,0.0007247674808708027
Cholinium,NTf2,Density,0.002186672061550432
Imidazolium,PF6,Density,0.002706509195584239
Imidazolium,NTf2,Density,0.00289643996432698
Phosphonium,NTf2,Density,0.0013318166518523356
Imidazolium,Hydrogen sulfate,Density,0.0037126910718674466
Imidazolium,Carboxylate,Density,0.004846613324368754
Protic ammonium,Carboxylate,Density,0.001853417197287932
Imidazolium,PF6,Density,0.002530089092064536
Pyridinium,Other,Density,0.0020804033823438317
Imidazolium,Other,Density,0.005568526890638914
Quaternary ammonium,NTf2,Density,0.0033034466819055197
Protic ammonium,Other,Density,0.002539241591970054
Pyridinium,BF4,Density,1.907580156146338e-05
Quaternary ammonium,Other,Density,0.0005956469184109636
Imidazolium,Hydrogen sulfate,Density,0.00437925386315996
Imidazolium,Other,Density,0.003342562102348623
Imidazolium,BF4,Density,0.015510508707729187
Imidazolium,Carboxylate,Density,0.0011373083636367909
Imidazolium,BF4,Density,0.00853498501887362
Imidazolium,Other,Density,0.0008859429143255326
Imidazolium,Other,Density,0.0003762534129974071
Imidazolium,Hydrogen sulfate,Density,0.004084914104656612
Phosphonium,Other,Density,0.0006918935334203624
Protic ammonium,Carboxylate,Density,0.006541186766955143
Imidazolium,Other,Density,0.006550765691025973
Imidazolium,NTf2,Density,0.004159459528557008
Imidazolium,Other,Density,0.0019684228709691
Imidazolium,Other,Density,0.0009979919299967221
Pyridinium,NTf2,Density,0.001844891736750398
Imidazolium,Other,Density,0.003215295760186976
Imidazolium,BF4,Density,0.0022488518439596206
Imidazolium,Other,Density,0.003145662503913016
Imidazolium,Other,Density,0.0036949971189983444
Imidazolium,Hydrogen sulfate,Density,0.0014261076765631486
Imidazolium,PF6,Density,0.0026671161822529044
Protic ammonium,Carboxylate,Density,0.001130054174751649
Imidazolium,Carboxylate,Density,0.0021472028946023514
Imidazolium,Other,Density,0.008854982775170939
Imidazolium,NTf2,Density,0.0004072226937958945
Protic ammonium,Carboxylate,Density,0.0016593910676103718
Phosphonium,NTf2,Density,0.002627258553195233
Imidazolium,Other,Density,0.002986330370673862
Phosphonium,Carboxylate,Density,0.0026864923125113904
Imidazolium,Hydrogen sulfate,Density,0.009823150606910858
Imidazolium,Other,Density,0.006469132112223441
Pyridinium,Other,Density,0.0036087164924198945
Imidazolium,Carboxylate,Density,0.008698897657805738
Imidazolium,NTf2,Density,0.004221361144654878
Imidazolium,BF4,Density,0.0009742987206813325
Cholinium,NTf2,Density,0.002866828524369147
Protic ammonium,Carboxylate,Density,0.0024384810434678883
Imidazolium,Other,Density,0.0056119243680265996
Imidazolium,Other,Density,0.005664844079805498
Imidazolium,Other,Density,0.0004357499769671591
Imidazolium,Other,Density,0.0018158167838988604
Cholinium,NTf2,Density,0.0035395347044460124
Quaternary ammonium,NTf2,Density,0.004901858338910436
Imidazolium,Carboxylate,Density,0.008541611120291392
Imidazolium,Other,Density,0.0030937104485015965
Imidazolium,Other,Density,0.0008445323421932827
Imidazolium,NTf2,Density,0.0008845908723289497
Imidazolium,NTf2,Density,0.004869995190691867
Pyridinium,Hydrogen sulfate,Density,0.0041752370247367665
Imidazolium,Other,Density,0.0020847051419208285
Phosphonium,NTf2,Density,0.00211345708318067
Imidazolium,Hydrogen sulfate,Density,0.0023928355303555193
Imidazolium,Hydrogen sulfate,Density,0.005476944595677047
Imidazolium,Carboxylate,Density,0.0016346854434052815
Phosphonium,Other,Density,0.00015645482628467988
Protic ammonium,Carboxylate,Density,0.0005355072898227675
Imidazolium,NTf2,Density,0.002593043942791695
Imidazolium,NTf2,Density,0.0009067633825656785
Quaternary ammonium,NTf2,Density,0.004535175421543691
Protic ammonium,Carboxylate,Density,0.0003585257321967461
Protic ammonium,Carboxylate,Density,0.0014782167901863374
Imidazolium,Hydrogen sulfate,Density,0.007632237764603644
Imidazolium,NTf2,Density,0.00026239368591429724
Protic ammonium,Carboxylate,Density,0.0024042748707735484
Pyridinium,Other,Density,0.0038867077893405266
Pyridinium,BF4,Density,0.0011147879856343579
Imidazolium,Hydrogen sulfate,Density,0.0012812372028827568
Imidazolium,Other,Density,0.0004921447594288253
Imidazolium,BF4,Density,0.002604546968730581
Cholinium,NTf2,Density,0.005377288323410667
Imidazolium,NTf2,Density,0.0029634557241546844
Imidazolium,Carboxylate,Density,0.001051975388829618
Imidazolium,BF4,Density,0.0008245021672381725
Protic ammonium,Carboxylate,Density,0.0030465010013864813
Protic ammonium,Carboxylate,Density,0.002273616899482356
Imidazolium,Carboxylate,Density,0.0032615267484574773
Imidazolium,Other,Density,0.0015888633123610774
Imidazolium,Carboxylate,Density,0.00484371146658269
Imidazolium,Other,Density,0.0011054293251513414
Pyridinium,Other,Density,0.0022014858424901362
Phosphonium,Other,Density,0.0005531556723887832
Imidazolium,Hydrogen sulfate,Density,0.004394093384996189
Imidazolium,Other,Density,1.5833048611746392e-05
Imidazolium,Other,Density,0.0023164009599145885
Quaternary ammonium,NTf2,Density,0.004664995391283178
Protic ammonium,Carboxylate,Density,6.681065828217925e-05
Pyridinium,PF6,Density,0.007652277108618932
Imidazolium,NTf2,Density,0.0018988276695948159
Imidazolium,NTf2,Density,9.345845664920915e-05
Protic ammonium,Carboxylate,Density,0.0014260902042622092
Imidazolium,Hydrogen sulfate,Density,0.02195943379009524
Imidazolium,NTf2,Density,0.0008454603797876103
Imidazolium,NTf2,Density,0.004670604932385913
Phosphonium,Other,Density,0.005704315924264236
Imidazolium,Other,Density,0.002127175229499123
Imidazolium,Carboxylate,Density,0.005766815298658301
Imidazolium,Other,Density,0.0005502742473533218
Imidazolium,Carboxylate,Density,0.006948581949288268
Cholinium,NTf2,Density,0.003104147332920526
Pyridinium,NTf2,Density,0.0007981906967078345
Imidazolium,Hydrogen sulfate,Density,0.005742476992049106
Pyridinium,NTf2,Density,0.007088139239916913
Protic ammonium,Carboxylate,Density,0.0007429689126690064
Imidazolium,NTf2,Density,0.0013500001537689599
Quaternary ammonium,NTf2,Density,0.00038236625301291127
Imidazolium,Other,Density,0.0069023237031613505
Imidazolium,Other,Density,0.008119022849895963
Pyridinium,NTf2,Density,0.0007725256033603856
Cholinium,NTf2,Density,0.0012202545860722225
Imidazolium,PF6,Density,0.00023263319909982982
Imidazolium,Other,Density,0.003218083572249064
Imidazolium,Other,Density,0.00017592409397693132
Imidazolium,Other,Density,0.0012298351338024816
Imidazolium,NTf2,Density,0.012140773810435768
Imidazolium,Other,Density,0.0049619328562648946
Phosphonium,Other,Density,0.004773555289727227
Imidazolium,Hydrogen sulfate,Density,0.009875764955143751
Quaternary ammonium,NTf2,Density,0.0033763312166099624
Imidazolium,Other,Density,0.0017909762604464419
Protic ammonium,Other,Density,0.0017982477319868906
Imidazolium,Other,Density,0.00016252948122197353
Imidazolium,Other,Density,0.0006190119658606719
Imidazolium,Other,Density,0.000629067790699267
Imidazolium,NTf2,Density,0.004193328222789283
Imidazolium,NTf2,Density,0.0012780238354412887
Imidazolium,Other,Density,6.291319106122018e-05
Imidazolium,BF4,Density,0.03702490756871413
Protic ammonium,Carboxylate,Density,0.002276011607788675
Protic ammonium,Carboxylate,Density,0.0005583308736634152
Imidazolium,Hydrogen sulfate,Density,0.005343990650557906
Phosphonium,Other,Density,0.0038190636163912828
Imidazolium,Other,Density,0.0017943855451978408
Imidazolium,NTf2,Density,6.951271921451507e-05
Imidazolium,Hydrogen sulfate,Density,0.004018142272871117
Protic ammonium,Carboxylate,Density,0.002293588227406218
Pyridinium,NTf2,Density,0.0013298322861743372
Imidazolium,Other,Density,0.011945744656896906
Phosphonium,Other,Density,0.001537793352721195
Imidazolium,BF4,Density,0.002175375800137047
Imidazolium,Other,Density,0.0014128513108007112
Imidazolium,Other,Density,0.007903141181405893
Imidazolium,NTf2,Density,9.060768273627673e-05
Imidazolium,Other,Density,0.0024988307404187893
Imidazolium,NTf2,Density,4.524331430300066e-05
Imidazolium,Other,Density,0.0007208262971687418
Quaternary ammonium,Carboxylate,Density,0.0038242679522833
Phosphonium,Other,Density,0.003933445379135314
Phosphonium,NTf2,Density,0.005544323866963019
Phosphonium,Other,Density,0.0035914666542931073
Protic ammonium,Carboxylate,Density,0.0014615275150697826
Imidazolium,Other,Density,0.0026521573181508273
Imidazolium,Other,Density,0.002419467065315928
Protic ammonium,Other,Density,0.0018063498733740246
Imidazolium,PF6,Density,0.001056270066545295
Imidazolium,NTf2,Density,0.005215222895365024
Protic ammonium,Carboxylate,Density,0.0027755791594632484
Imidazolium,NTf2,Density,0.005852736485556065
Protic ammonium,Carboxylate,Density,0.0009708682520104261
Quaternary ammonium,NTf2,Density,0.0033295730287443703
Protic ammonium,Carboxylate,Density,0.0011558945268070886
Quaternary ammonium,Other,Density,0.005581311994889759
Imidazolium,NTf2,Density,0.0017481961753018638
Phosphonium,Hydrogen sulfate,Density,0.0010436830071895997
Imidazolium,Other,Density,0.007964517464228216
Phosphonium,Other,Density,0.0015798176732930713
Pyridinium,Other,Density,0.0036782564693691455
Imidazolium,BF4,Density,0.0028748583081119605
Phosphonium,Other,Density,0.0027538530815096607
Phosphonium,Other,Density,0.004512321063913305
Imidazolium,Other,Density,0.0010818930525475778
Imidazolium,Other,Density,0.00037227558028263275
Imidazolium,NTf2,Density,0.005307243083123581
Phosphonium,Other,Density,0.0018158750664589718
Imidazolium,Other,Density,0.00019445189017996967
Imidazolium,Other,Density,0.0025057089014097755
Imidazolium,NTf2,Density,0.001575431520199011
Quaternary ammonium,NTf2,Density,0.001991170164771461
Quaternary ammonium,NTf2,Density,0.004661060969127995
Pyridinium,Other,Density,0.002278957617415145
Quaternary ammonium,NTf2,Density,0.0028715594306198966
Imidazolium,Other,Density,0.0018936432371878809
Imidazolium,Other,Density,0.0005489922571495498
Imidazolium,NTf2,Density,0.00530468716126542
Quaternary ammonium,Other,Density,0.010261125756584555
Imidazolium,NTf2,Density,0.0006842344094142305
Imidazolium,Other,Density,0.004723072346938473
Phosphonium,Other,Density,0.00035712959108558096
Imidazolium,Other,Density,0.0008549352017999112
Imidazolium,BF4,Density,0.004860886808740972
Imidazolium,Hydrogen sulfate,Density,0.001988926641438127
Protic ammonium,Carboxylate,Density,0.001258902392253347
Protic ammonium,Carboxylate,Density,0.020664776326612788
Imidazolium,Carboxylate,Density,0.005573271979031347
Imidazolium,Other,Density,0.007111528905535458
Protic ammonium,Carboxylate,Density,0.00038628750069058526
Phosphonium,Other,Density,0.003471382077462337
Imidazolium,NTf2,Density,0.004592364879125732
Imidazolium,Other,Density,0.002089096688854042
Imidazolium,Other,Density,0.005728769766984776
Pyridinium,NTf2,Density,0.003349768317064239
Imidazolium,Other,Density,0.005443648917747623
Imidazolium,Other,Density,0.002500620730628178
Protic ammonium,Carboxylate,Density,0.006894516317685451
Protic ammonium,Carboxylate,Density,0.006867908481883234
Phosphonium,Other,Density,0.012827471626112974
Imidazolium,Other,Density,0.0007204029859853023
Imidazolium,Other,Density,0.013699955756893978
Imidazolium,NTf2,Density,0.00040722133708381847
Phosphonium,Hydrogen sulfate,Density,0.009359867550233325
Phosphonium,Other,Density,0.0013700179873863405
Pyridinium,Other,Density,0.002534002114606082
Imidazolium,Other,Density,0.001739935945900939
Protic ammonium,Carboxylate,Density,0.0018301136075127289
Imidazolium,Other,Density,0.00021928109946411922
Protic ammonium,Carboxylate,Density,0.001408095898755235
Pyridinium,NTf2,Density,0.0007170153595170703
Imidazolium,Other,Density,0.009304941333094341
Imidazolium,NTf2,Density,0.002196846538980779
Imidazolium,Other,Density,0.0033146128538348307
Imidazolium,NTf2,Density,0.0008324397900727476
Pyridinium,Other,Density,0.0010109474532864482
Imidazolium,Other,Density,0.004112692802620721
Imidazolium,Hydrogen sulfate,Density,0.003571030408495268
Protic ammonium,Carboxylate,Density,0.005248072212062027
Protic ammonium,Carboxylate,Density,0.0005301529804855321
Imidazolium,Other,Density,0.017484310721719964
Quaternary ammonium,NTf2,Density,0.007030968659351267
Imidazolium,Other,Density,0.0013942106509361452
Imidazolium,Other,Density,0.009379004262411783
Cholinium,NTf2,Density,0.0028176002631123964
Imidazolium,Hydrogen sulfate,Density,0.005651463826663594
Cholinium,Hydrogen sulfate,Density,0.011382063983673696
Phosphonium,Other,Density,0.0020094728054456112
Cholinium,NTf2,Density,0.0018887763611568076
Phosphonium,Other,Density,0.0060366258975976805
Cholinium,NTf2,Density,0.0009503954358676125
Imidazolium,Other,Density,0.0008120860039904088
Imidazolium,BF4,Density,0.0012563761007884366
Imidazolium,NTf2,Density,0.006808676821520976
Imidazolium,PF6,Density,0.0015435380155617295
Imidazolium,BF4,Density,0.0006084252724818384
Protic ammonium,Carboxylate,Density,0.0004300512580810434
Imidazolium,Other,Density,0.0033874759934287013
Imidazolium,Other,Density,0.0016541877797466853
Pyridinium,NTf2,Density,0.0008015686884670359
Imidazolium,Other,Density,0.0012020958028777784
Imidazolium,BF4,Density,0.002412361421042064
Phosphonium,Other,Density,0.0015392475964501884
Phosphonium,Other,Density,0.00554947841351261
Phosphonium,Carboxylate,Density,0.011381731162050102
Imidazolium,Other,Density,0.002721718044827348
Imidazolium,Other,Density,0.002838217850983149
Phosphonium,Other,Density,0.0016634947202947004
Imidazolium,NTf2,Density,0.0022860008904608264
Imidazolium,Other,Density,0.05678462863930722
Pyridinium,Other,Density,0.005756832039808479
Phosphonium,NTf2,Density,0.0017966947767895647
Pyridinium,NTf2,Density,0.009822744450748822
Imidazolium,Hydrogen sulfate,Density,0.00040299259826959144
Imidazolium,Other,Density,0.009980259562016869
Imidazolium,Other,Density,0.0016955709239274697
Imidazolium,Other,Density,0.002558732000079722
Pyridinium,Carboxylate,Density,0.0046462137674296855
Imidazolium,NTf2,Density,0.0037283501793918816
Protic ammonium,Carboxylate,Density,0.004286812966340925
Imidazolium,Other,Density,0.004509427432967783
Cholinium,NTf2,Density,0.002810026335179572
Pyridinium,Other,Density,0.008136780411528655
Imidazolium,Other,Density,0.004471704711420443
Protic ammonium,Carboxylate,Density,0.0005359147132928399
Imidazolium,NTf2,Density,0.001934160912536953
Cholinium,NTf2,Density,0.002646030982948133
Imidazolium,Other,Density,0.0023645266863301373
Phosphonium,Other,Density,0.01003123031999209
Imidazolium,NTf2,Density,0.0037903386016981955
Imidazolium,Other,Density,0.0017610797610760898
Protic ammonium,Carboxylate,Density,0.0028677162086667707
Imidazolium,Other,Density,0.002104277298555779
Protic ammonium,Other,Density,0.08214898256829084
Protic ammonium,Carboxylate,Density,0.0047883901936423
Imidazolium,BF4,Density,0.0022824940921264414
Protic ammonium,Carboxylate,Density,0.0009073332140090429
Protic ammonium,Carboxylate,Density,0.0003390623807355553
Imidazolium,Hydrogen sulfate,Density,0.004770786197917154
Imidazolium,NTf2,Density,0.005776868646416133
Quaternary ammonium,NTf2,Density,0.003328335117590342
Imidazolium,Hydrogen sulfate,Density,0.002690335853962722
Imidazolium,Other,Density,0.005629056446307068
Pyridinium,Other,Density,0.004447976150011357
Imidazolium,BF4,Density,0.0014248522463944369
Quaternary ammonium,NTf2,Density,0.0031823799419790078
Imidazolium,Hydrogen sulfate,Density,0.0019207600439159478
Imidazolium,Other,Density,0.002515318375766462
Imidazolium,Other,Density,0.002108461521705074
Imidazolium,Hydrogen sulfate,Density,0.004534273334763306
Imidazolium,Other,Density,0.007181163417810943
Imidazolium,Other,Density,0.023455622806553222
Quaternary ammonium,NTf2,Density,0.0015615605480352457
Imidazolium,NTf2,Density,0.0014248198286637148
Cholinium,NTf2,Density,0.0012283706480245016
Imidazolium,NTf2,Density,0.0006866146205330992
Imidazolium,NTf2,Density,0.005304835745932657
Protic ammonium,Carboxylate,Density,0.0014706146776299889
Imidazolium,NTf2,Density,0.0029629505200885475
Phosphonium,Other,Density,0.001415729927736642
Imidazolium,Other,Density,0.0015988074699944121
Imidazolium,Other,Density,0.002026614600093346
Imidazolium,BF4,Density,0.005853617466684113
Imidazolium,NTf2,Density,0.008070288198707587
Imidazolium,Other,Density,0.0053458366205525465
Imidazolium,Other,Density,0.005111245963303368
Imidazolium,Carboxylate,Density,0.00042340037732735425
Imidazolium,NTf2,Density,0.0011868134225050397
Imidazolium,Carboxylate,Density,0.003693074514096395
Imidazolium,Hydrogen sulfate,Density,0.0024676076131990854
Imidazolium,Other,Density,0.005378800410738904
Imidazolium,Carboxylate,Density,0.0006124680242427516
Protic ammonium,Carboxylate,Density,0.0011610484599771098
Imidazolium,Other,Density,0.004145096844522911
Quaternary ammonium,Carboxylate,Density,0.007164936369103536
Imidazolium,Other,Density,0.0027256440396890014
Imidazolium,Hydrogen sulfate,Density,0.00663477349295416
Imidazolium,Other,Density,0.002124742750822861
Imidazolium,Other,Density,0.0004228232851515301
Imidazolium,Other,Density,0.02845236897658676
Quaternary ammonium,NTf2,Density,0.004157042129296684
Quaternary ammonium,NTf2,Density,0.0033484511460724065
Protic ammonium,Carboxylate,Density,0.0017213661461505936
Quaternary ammonium,Carboxylate,Density,0.0074061531858102825
Imidazolium,BF4,Density,0.006483972786911707
Imidazolium,Other,Density,0.0018287676217694226
Imidazolium,NTf2,Density,0.00015536624901368867
Quaternary ammonium,NTf2,Density,0.009909981544772073
Cholinium,NTf2,Density,0.0010027619852630565
Imidazolium,PF6,Density,0.0009750727498953893
Imidazolium,Other,Density,0.0030598045999514767
Imidazolium,PF6,Density,0.0020423453868145813
Imidazolium,NTf2,Density,0.0004172794847283612
Imidazolium,NTf2,Density,0.0015243321763920292
Imidazolium,Carboxylate,Density,0.0018964017723526183
Imidazolium,NTf2,Density,0.009319738051154935
Imidazolium,NTf2,Density,0.012511259511735595
Imidazolium,Other,Density,0.004026829798896792
Protic ammonium,Carboxylate,Density,0.001752849179347038
Cholinium,NTf2,Density,0.0026135097753323677
Imidazolium,Other,Density,0.001020900834789451
Quaternary ammonium,NTf2,Density,0.0007124803097040555
Imidazolium,BF4,Density,0.007042844361672351
Imidazolium,Other,Density,3.9177953047087044e-05
Imidazolium,Other,Density,0.010529037966970023
Protic ammonium,Carboxylate,Density,0.002338429400647435
Imidazolium,BF4,Density,0.007719091363791897
Imidazolium,NTf2,Density,0.0031953283470045335
Quaternary ammonium,NTf2,Density,0.003988367547278493
Imidazolium,NTf2,Density,0.00047206147386091857
Imidazolium,Carboxylate,Density,0.0046457583843819705
Pyridinium,NTf2,Density,0.008121927375439597
Quaternary ammonium,NTf2,Density,0.0027690210675865856
Cholinium,NTf2,Density,0.0013060984500281592
Pyridinium,NTf2,Density,0.00046342483013539493
Imidazolium,Other,Density,0.0031687272075826556
Imidazolium,Other,Density,0.0037531706478972637
Imidazolium,Other,Density,0.0008889257367297176
Protic ammonium,Carboxylate,Density,0.000970836147850207
Imidazolium,Other,Density,0.008087660334514801
Protic ammonium,Carboxylate,Density,0.0011244618616608193
Imidazolium,Other,Density,0.0030292726441087936
Imidazolium,Other,Density,0.0020241055532475016
Pyridinium,Other,Density,0.003718787590734074
Pyridinium,NTf2,Density,0.012260872915921261
Imidazolium,Other,Density,0.000708070591775467
Pyridinium,NTf2,Density,0.003019218813202329
Pyridinium,Hydrogen sulfate,Density,0.0008288761497432517
Imidazolium,Hydrogen sulfate,Density,0.002829006407184309
Cholinium,Hydrogen sulfate,Density,0.012285147210746139
Imidazolium,BF4,Density,0.00012404294973489272
Protic ammonium,Carboxylate,Density,0.0022292012806097716
Imidazolium,Other,Density,0.003632983331208095
Protic ammonium,Carboxylate,Density,0.0008278497597418166
Protic ammonium,Carboxylate,Density,0.002108125233502456
Imidazolium,NTf2,Density,0.003561457936103629
Imidazolium,Hydrogen sulfate,Density,0.005126539135153152
Imidazolium,Other,Density,0.005067379434324337
Protic ammonium,Other,Density,0.003041296501583801
Pyridinium,NTf2,Density,0.0030392217635384355
Imidazolium,NTf2,Density,0.003288784688082025
Imidazolium,Carboxylate,Density,0.005250910257828423
Imidazolium,PF6,Density,0.0013175642707716761
Imidazolium,Other,Density,0.0003257562881762155
Phosphonium,Other,Density,0.00535109365287223
Phosphonium,NTf2,Density,0.0007376123842863791
Imidazolium,Other,Density,0.005826369676908527
Quaternary ammonium,NTf2,Density,0.003372675919764312
Imidazolium,Other,Density,0.00030518403309365283
Imidazolium,Other,Density,0.01443476056287274
Cholinium,NTf2,Density,0.0012478286255683813
Imidazolium,Hydrogen sulfate,Density,0.004493317179230516
Imidazolium,NTf2,Density,0.0006231800910434515
Imidazolium,Other,Density,0.0008339527143830239
Imidazolium,Other,Density,0.002743222768822662
Cholinium,Hydrogen sulfate,Density,0.002338831875482228
Imidazolium,BF4,Density,0.007911109970835106
Imidazolium,NTf2,Density,0.0009709004506257557
Imidazolium,NTf2,Density,0.0013336506038230667
Imidazolium,Other,Density,0.0030941993716613325
Imidazolium,Other,Density,0.00238124849052479
Cholinium,NTf2,Density,0.0017996067402190619
Quaternary ammonium,NTf2,Density,0.0062684411376920934
Pyridinium,NTf2,Density,0.0014080309712234396
Phosphonium,Other,Density,0.0003852658802578901
Protic ammonium,Carboxylate,Density,0.000131701995279343
Imidazolium,Carboxylate,Density,0.013680444387657253
Imidazolium,Other,Density,0.0019120074810246024
Protic ammonium,Carboxylate,Density,0.0008854515624285852
Pyridinium,Other,Density,0.005562282814961961
Imidazolium,Other,Density,0.0018753202842143324
Pyridinium,Other,Density,0.0016398654145408642
Phosphonium,NTf2,Density,0.0068782168078938
Imidazolium,NTf2,Density,3.9023088878487044e-05
Cholinium,NTf2,Density,0.0012321284858076709
Pyridinium,NTf2,Density,0.011156442338558392
Imidazolium,Other,Density,0.00020357317055630375
Imidazolium,NTf2,Density,0.0005187026173549825
Imidazolium,Hydrogen sulfate,Density,0.0028667735146790108
Phosphonium,Other,Density,0.0018624710845340786
Imidazolium,Other,Density,0.0009770807753177735
Pyridinium,NTf2,Density,0.0002404198455190354
Imidazolium,Other,Density,4.993711506529053e-05
Phosphonium,Other,Density,0.0015711972085874493
Protic ammonium,Carboxylate,Density,0.0032039795388119074
Imidazolium,Other,Density,0.00551507469864454
Protic ammonium,Other,Density,0.002499032539896362
Cholinium,NTf2,Density,0.0035511402150536497
Imidazolium,NTf2,Density,0.0027751803927218432
Pyridinium,Other,Density,0.0015903752769359514
Imidazolium,Other,Density,0.0004716601189018732
Imidazolium,NTf2,Density,0.000703408535270178
Phosphonium,NTf2,Density,0.001533491689482247
Imidazolium,Other,Density,0.008273178210857601
Imidazolium,NTf2,Density,0.0015792332977495604
Protic ammonium,Carboxylate,Density,3.0593199268125204e-05
Cholinium,NTf2,Density,0.0027890890008483993
Protic ammonium,Carboxylate,Density,0.002289017035762342
Imidazolium,PF6,Density,0.0015501950158265387
Pyridinium,BF4,Density,0.0010390977575216453
Imidazolium,Other,Density,0.0016431689218308065
Imidazolium,Other,Density,0.001393304890610736
Pyridinium,NTf2,Density,0.0010768216975343137
Protic ammonium,Carboxylate,Density,0.0021911773687994796
Quaternary ammonium,NTf2,Density,0.003911040536384469
Pyridinium,NTf2,Density,0.0006499078806463388
Protic ammonium,Carboxylate,Density,0.0006986056511975036
Imidazolium,NTf2,Density,0.0007599473708390647
Imidazolium,Other,Density,0.004820439383830255
Imidazolium,Other,Density,0.0002412752854876743
Imidazolium,NTf2,Density,0.006145937153853254
Imidazolium,PF6,Density,0.0006398716654905101
Pyridinium,PF6,Density,0.007290849619987938
Other,Other,Density,0.003266399019769217
Pyridinium,NTf2,Density,0.0006675966170623937
Imidazolium,PF6,Density,0.001339931896962021
Imidazolium,Other,Density,2.4753742168037718e-05
Protic ammonium,Carboxylate,Density,0.0019721692493304133
Quaternary ammonium,NTf2,Density,0.005100189586141113
Pyridinium,Other,Density,0.0002803675306575215
Quaternary ammonium,NTf2,Density,0.00510840187078454
Protic ammonium,Carboxylate,Density,0.0018729337120362288
Imidazolium,Other,Density,0.0009962680967952053
Phosphonium,Other,Density,0.010678366719028887
Imidazolium,Other,Density,0.000990395046991388
Imidazolium,Other,Density,0.0071741336911275155
Imidazolium,BF4,Density,0.001356099924710641
Imidazolium,Other,Density,0.0031052575437842123
Protic ammonium,Carboxylate,Density,0.0001511470695518824
Phosphonium,NTf2,Density,0.0012407100398315052
Imidazolium,PF6,Density,0.0012402577902106415
Imidazolium,Other,Density,0.002909137570025422
Phosphonium,Other,Density,0.004352108413979927
Protic ammonium,Other,Density,0.002809934541722292
Cholinium,Hydrogen sulfate,Density,0.0017394618828134867
Pyridinium,Hydrogen sulfate,Density,0.007772468982166103
Imidazolium,Other,Density,0.009092333678937692
Phosphonium,NTf2,Density,0.008699872268294051
Imidazolium,Other,Density,0.005361981232881341
Imidazolium,NTf2,Density,0.003560444292564746
Imidazolium,Other,Density,0.00094901162411265
Imidazolium,Hydrogen sulfate,Density,0.0006691386158701462
Protic ammonium,Carboxylate,Density,0.0017971906107669966
Phosphonium,NTf2,Density,0.0007553149597345765
Imidazolium,Hydrogen sulfate,Density,0.009438652425789229
Quaternary ammonium,Other,Density,0.0058241483068659505
Imidazolium,Hydrogen sulfate,Density,0.0014487316213269708
Imidazolium,NTf2,Density,0.02245092536430171
Pyridinium,NTf2,Density,0.008182509786933245
Imidazolium,Other,Density,0.010512805251784663
Pyridinium,Other,Density,0.00021366951004520018
Imidazolium,Other,Density,0.008664750363514884
Imidazolium,Other,Density,0.0036858264697787746
Imidazolium,Other,Density,0.00016251529223776373
Imidazolium,Other,Density,0.0035238171753668723
Imidazolium,Other,Density,0.0015529863752359319
Protic ammonium,Carboxylate,Density,7.148027681136426e-05
Imidazolium,PF6,Density,0.0029090621670526673
Protic ammonium,Carboxylate,Density,0.0010327876746689668
Imidazolium,Carboxylate,Density,0.001521187999141027
Pyridinium,NTf2,Density,0.000767797721883845
Imidazolium,Other,Density,0.006767886704721171
Protic ammonium,Other,Density,0.0009349402983804822
Imidazolium,BF4,Density,0.0035739216718937428
Cholinium,NTf2,Density,0.0033388133326903713
Protic ammonium,Carboxylate,Density,0.0006837211966441714
Quaternary ammonium,NTf2,Density,0.0041446258364112865
Imidazolium,Other,Density,0.005648084409964227
Imidazolium,Other,Density,0.0016254751104725074
Imidazolium,Other,Density,0.0007491601563085482
Quaternary ammonium,NTf2,Density,0.005786375286139567
Phosphonium,Other,Density,0.0003823623092671369
Imidazolium,BF4,Density,0.0018854019574119363
Imidazolium,Other,Density,0.0013599001816375633
Imidazolium,Other,Density,0.00042489237213505504
Imidazolium,Other,Density,0.0009941613594017795
Imidazolium,Other,Density,0.0009569864156739882
Imidazolium,Other,Density,0.00021511998099832397
Imidazolium,Hydrogen sulfate,Density,0.0026978517413942527
Phosphonium,Other,Density,0.010434589541448602
Imidazolium,Other,Density,0.0019158874267670711
Protic ammonium,Carboxylate,Density,0.0009284771436890438
Pyridinium,NTf2,Density,0.004942380636919985
Pyridinium,BF4,Density,0.004893348253536267
Imidazolium,Other,Density,0.002042849233460764
Other,Other,Density,0.00195598824665133
Quaternary ammonium,NTf2,Density,0.004505697872166259
Phosphonium,Carboxylate,Density,0.00462589842072525
Imidazolium,Other,Density,0.004222407809820972
Cholinium,NTf2,Density,0.002563092535946332
Phosphonium,NTf2,Density,0.005209559008054754
Imidazolium,Hydrogen sulfate,Density,0.0013360360218230838
Imidazolium,Other,Density,0.002758510871990083
Imidazolium,BF4,Density,0.0016122865509968776
Imidazolium,PF6,Density,0.0004945233685820227
Imidazolium,NTf2,Density,0.0004211099304773924
Pyridinium,Carboxylate,Density,0.000695726386775064
Imidazolium,Other,Density,0.008985101524556782
Imidazolium,Other,Density,0.0095605839326387
Phosphonium,Other,Density,2.2406260897334107e-05
Imidazolium,NTf2,Density,0.004768314520186223
Imidazolium,BF4,Density,0.0007214829414685653
Imidazolium,Carboxylate,Density,0.004922001241476792
Cholinium,NTf2,Density,0.0026688670693246763
Pyridinium,NTf2,Density,0.01367143083773481
Imidazolium,Other,Density,0.004389841100898018
Imidazolium,Other,Density,0.002712707622897881
Imidazolium,Other,Density,0.008853319533845827
Imidazolium,NTf2,Density,0.002018020430032408
Imidazolium,NTf2,Density,0.0007672419844340084
Pyridinium,Other,Density,0.0001410921747506677
Protic ammonium,Carboxylate,Density,0.0011377721650562833
Imidazolium,Other,Density,0.007511948578971861
Imidazolium,Hydrogen sulfate,Density,0.004819744157806838
Imidazolium,Other,Density,0.0022011140853352984
Imidazolium,NTf2,Density,0.00356244339074685
Imidazolium,Other,Density,0.0011397632666572122
Imidazolium,Other,Density,0.0053687017094672385
Imidazolium,Other,Density,0.007287457598413205
Imidazolium,Other,Density,0.006191290463821275
Imidazolium,Other,Density,0.0032153470355753555
Imidazolium,Carboxylate,Density,0.0012058930030827142
Pyridinium,Other,Density,0.006493037445714833
Protic ammonium,Carboxylate,Density,0.0027180772213499793
Pyridinium,NTf2,Density,0.0012960109314450463
Imidazolium,Hydrogen sulfate,Density,0.003583459851124182
Imidazolium,NTf2,Density,0.00847004988831479
Imidazolium,PF6,Density,0.0005612381776423092
Imidazolium,Other,Density,0.001411928352680114
Quaternary ammonium,Other,Density,0.004840343989700457
Imidazolium,Other,Density,0.000792484681078065
Imidazolium,Hydrogen sulfate,Density,0.0014558468188932139
Cholinium,NTf2,Density,0.004963922046329117
Imidazolium,Hydrogen sulfate,Density,0.007106675976816135
Pyridinium,BF4,Density,0.0018415705185530484
Imidazolium,Other,Density,0.0032310563604855957
Imidazolium,Other,Density,0.007820139086025968
Imidazolium,Hydrogen sulfate,Density,0.00030565426746065327
Imidazolium,Other,Density,0.006615646998759495
Quaternary ammonium,Other,Density,0.004073086665844272
Imidazolium,Other,Density,0.001107675640120931
Phosphonium,Other,Density,0.0033969460884719638
Imidazolium,Other,Density,0.0002970196041855999
Phosphonium,Hydrogen sulfate,Density,0.0025476725126321043
Imidazolium,NTf2,Density,0.001910712415368998
Protic ammonium,Carboxylate,Density,0.0014375911482629178
Imidazolium,Carboxylate,Density,0.004608589667838281
Protic ammonium,Carboxylate,Density,0.0105656601326789
Pyridinium,NTf2,Density,0.003727527379921547
Imidazolium,Other,Density,0.005729213559853008
Pyridinium,NTf2,Density,0.005208459574538971
Imidazolium,NTf2,Density,0.0006939473218050551
Imidazolium,Other,Density,0.004505068866987649
Imidazolium,Other,Density,0.003227277370128512
Imidazolium,Other,Density,0.0007843915389624811
Imidazolium,NTf2,Density,0.004746314760705417
Protic ammonium,Carboxylate,Density,0.0397963748454222
Imidazolium,NTf2,Density,0.003792811311885025
Imidazolium,NTf2,Density,0.0028194857973042886
Imidazolium,NTf2,Density,0.0031313372570878073
Pyridinium,Hydrogen sulfate,Density,0.0026755245849043874
Imidazolium,Other,Density,0.004987319894084408
Imidazolium,Other,Density,0.0006479366032650091
Quaternary ammonium,NTf2,Density,0.0030464675869303903
Imidazolium,NTf2,Density,0.002523838605285711
Protic ammonium,Carboxylate,Density,0.00199118682835131
Pyridinium,NTf2,Density,0.002697513457248668
Imidazolium,NTf2,Density,0.0017261736078237888
Imidazolium,Other,Density,0.0009861237799118072
Phosphonium,Other,Density,0.0027189149495034926
Protic ammonium,Carboxylate,Density,9.107345746173223e-05
Quaternary ammonium,NTf2,Density,0.0002793532705638313
Imidazolium,NTf2,Density,0.0018797292437646718
Imidazolium,BF4,Density,0.004034099182837814
Protic ammonium,Other,Density,0.019363417814274086
Imidazolium,Carboxylate,Density,0.0011272437231450994
Pyridinium,NTf2,Density,0.004040261471147666
Imidazolium,Other,Density,0.0011673613438576425
Imidazolium,Other,Density,0.009380935465472362
Imidazolium,Other,Density,0.006450073898930597
Protic ammonium,Carboxylate,Density,0.0016646679708287593
Imidazolium,BF4,Density,0.002374172613074599
Protic ammonium,Carboxylate,Density,0.0014625935199585882
Phosphonium,Other,Density,0.006874535640091217
Imidazolium,Other,Density,0.0700550152258197
Imidazolium,Other,Density,0.005416299242923195
Imidazolium,Other,Density,0.004991064412399382
Imidazolium,Other,Density,0.0028916190116028417
Imidazolium,BF4,Density,0.0004562166570316606
Imidazolium,Other,Density,0.0019168993839651094
Pyridinium,NTf2,Density,0.00357524883953797
Imidazolium,Other,Density,0.0005841567005147041
Imidazolium,Other,Density,0.0019521035257801245
Imidazolium,NTf2,Density,0.001688828651359664
Imidazolium,BF4,Density,0.005336717533354296
Pyridinium,Other,Density,0.00015022596591851567
Imidazolium,Hydrogen sulfate,Density,0.004280541088324874
Imidazolium,NTf2,Density,0.007921231254009342
Cholinium,NTf2,Density,0.0020984689882217467
Cholinium,Hydrogen sulfate,Density,0.0026263425107186933
Imidazolium,Other,Density,0.004503365426105077
Phosphonium,Other,Density,0.005916168290672985
Phosphonium,Other,Density,0.0010928678684383186
Phosphonium,NTf2,Density,0.00816631408232471
Imidazolium,PF6,Density,0.008910223437454512
Imidazolium,NTf2,Density,0.0032719754962799996
Imidazolium,NTf2,Density,0.008713126493260503
Imidazolium,Other,Density,0.004268986125173235
Quaternary ammonium,Carboxylate,Density,0.038443045107556806
Protic ammonium,Carboxylate,Density,0.00015829854330551285
Imidazolium,Hydrogen sulfate,Density,0.0012139536859745448
Imidazolium,BF4,Density,0.003297845050208359
Pyridinium,NTf2,Density,8.63637027617159e-05
Imidazolium,Other,Density,0.0026974919859084068
Protic ammonium,Carboxylate,Density,0.0009046456452495022
Imidazolium,NTf2,Density,0.0014590683346105138
Imidazolium,PF6,Density,0.0009923471517527815
Protic ammonium,Other,Density,0.0052642457043354796
Phosphonium,Other,Density,0.001461949384311545
Protic ammonium,Carboxylate,Density,0.000950722209630328
Imidazolium,Carboxylate,Density,0.01025739373882395
Pyridinium,NTf2,Density,0.009409952968532309
Imidazolium,Carboxylate,Density,0.009685423829528084
Imidazolium,NTf2,Density,0.0001163022761971888
Phosphonium,Other,Density,0.0046633609538160314
Imidazolium,Other,Density,0.005899968403157985
Imidazolium,Carboxylate,Density,0.0047621900019567676
Cholinium,NTf2,Density,0.004041662020149772
Cholinium,NTf2,Density,0.0050321625830953565
Imidazolium,Carboxylate,Density,0.0060697242167107035
Quaternary ammonium,NTf2,Density,0.004766010027672962
Imidazolium,NTf2,Density,0.002553055842978047
Imidazolium,Other,Density,0.006589010604482581
Pyridinium,NTf2,Density,0.0038712040077708565
Imidazolium,Hydrogen sulfate,Density,0.003997325865150891
Quaternary ammonium,NTf2,Density,0.0012914087492434945
Protic ammonium,Carboxylate,Density,0.002698481183522894
Imidazolium,PF6,Density,0.005133137577565172
Quaternary ammonium,Other,Density,0.005895521774971435
Imidazolium,NTf2,Density,0.0012565403618021165
Imidazolium,BF4,Density,0.005536045573045989
Imidazolium,Other,Density,0.005666718097961265
Imidazolium,BF4,Density,0.008231779912501125
Phosphonium,Other,Density,0.0028257930402730835
Imidazolium,BF4,Density,7.770066873380443e-05
Cholinium,NTf2,Density,0.00202271757093353
Cholinium,NTf2,Density,0.0016522024521172796
Pyridinium,Other,Density,0.005711993520079339
Imidazolium,Hydrogen sulfate,Density,0.000544936230007842
Imidazolium,PF6,Density,0.0010623925833481707
Imidazolium,Hydrogen sulfate,Density,0.005159914325213677
Imidazolium,NTf2,Density,0.0014981695456466326
Pyridinium,BF4,Density,0.0009446798303116566
Protic ammonium,Carboxylate,Density,0.0007614612450597136
Cholinium,NTf2,Density,0.0021338841172884315
Imidazolium,Hydrogen sulfate,Density,6.678381663682842e-05
Pyridinium,NTf2,Density,0.01209890586054474
Imidazolium,Carboxylate,Density,0.004789888554308064
Phosphonium,Other,Density,0.00734044287156177
Pyridinium,BF4,Density,0.0021246848792273454
Protic ammonium,Carboxylate,Density,0.0003779538863417642
Cholinium,NTf2,Density,0.00026277510104844026
Imidazolium,NTf2,Density,0.01828949771535182
Phosphonium,Other,Density,0.00016292630587688706
Imidazolium,Other,Density,0.0025757160571444615
Imidazolium,Other,Density,0.020561638900018053
Imidazolium,NTf2,Density,0.002179229247529335
Imidazolium,Other,Density,0.0010725083677058933
Imidazolium,Hydrogen sulfate,Density,0.0019793468304998285
Protic ammonium,Carboxylate,Density,0.002136792167630297
Imidazolium,Hydrogen sulfate,Density,0.00026388165252555495
Cholinium,NTf2,Density,0.002511949225041832
Imidazolium,NTf2,Density,0.003540885022266238
Imidazolium,Hydrogen sulfate,Density,0.0011681704166877083
Imidazolium,Other,Density,0.002739816365385117
Imidazolium,Other,Density,0.00444935552115755
Imidazolium,NTf2,Density,0.005678098692548872
Imidazolium,NTf2,Density,0.011925237452130588
Imidazolium,Other,Density,0.004400190256618863
Protic ammonium,Carboxylate,Density,0.001158275494555383
Imidazolium,Other,Density,0.002251191237609973
Imidazolium,Other,Density,0.0022368281079945262
Imidazolium,PF6,Density,0.0006189393098834373
Imidazolium,Other,Density,0.0005779364608970994
Imidazolium,Other,Density,0.0031308037339661254
Imidazolium,NTf2,Density,0.003502326709205583
Imidazolium,NTf2,Density,0.003337433913972454
Imidazolium,Other,Density,0.006918899569124726
Protic ammonium,Other,Density,0.0028209292433771793
Imidazolium,Hydrogen sulfate,Density,9.157558568073654e-05
Imidazolium,NTf2,Density,0.0036716373782175182
Imidazolium,Other,Density,0.00020259199451189147
Quaternary ammonium,Other,Density,0.00323673750682385
Pyridinium,NTf2,Density,0.00605333865392943
Protic ammonium,Carboxylate,Density,0.004316355311796194
Cholinium,NTf2,Density,0.003224392081219385
Pyridinium,BF4,Density,0.002762804037658384
Imidazolium,Hydrogen sulfate,Density,0.0009135743599699708
Protic ammonium,Carboxylate,Density,0.0005697025341149242
Protic ammonium,Carboxylate,Density,0.004010752705393195
Pyridinium,NTf2,Density,0.0007686166736116107
Imidazolium,NTf2,Density,0.005091514132209873
Phosphonium,Other,Density,0.02965212114974669
Imidazolium,NTf2,Density,0.001554981185470261
Quaternary ammonium,NTf2,Density,0.00394673596634032
Imidazolium,Carboxylate,Density,0.005632481773624853
Imidazolium,PF6,Density,0.004044682212681394
Cholinium,NTf2,Density,0.003037009883156472
Imidazolium,NTf2,Density,0.0011930158848487693
Protic ammonium,Carboxylate,Density,0.00033890933735403195
Imidazolium,Other,Density,0.0052246211113367025
Imidazolium,Hydrogen sulfate,Density,0.005125628259914805
Quaternary ammonium,NTf2,Density,0.00039103508461213465
Pyridinium,NTf2,Density,0.003529505927492238
Imidazolium,Other,Density,0.0011506288031073453
Pyridinium,Other,Density,0.0015725225321840952
Pyridinium,BF4,Density,0.0023658873067917696
Imidazolium,Carboxylate,Density,0.003277002160362308
Imidazolium,Other,Density,0.0008586193356689975
Pyridinium,NTf2,Density,0.00027707930879738996
Quaternary ammonium,NTf2,Density,0.006935628999039878
Imidazolium,NTf2,Density,0.003970631665818125
Pyridinium,NTf2,Density,0.0014056490438383307
Imidazolium,NTf2,Density,0.004070712092225648
Quaternary ammonium,NTf2,Density,0.004820417061017324
Imidazolium,Other,Density,0.0010780752021855022
Imidazolium,Other,Density,0.0025123368718107386
Imidazolium,Other,Density,0.0059142938870726525
Phosphonium,Other,Density,0.006851225042979969
Protic ammonium,Carboxylate,Density,0.008372852492017913
Imidazolium,Hydrogen sulfate,Density,0.0023397086139596013
Imidazolium,Other,Density,0.0033683359394371948
Pyridinium,Other,Density,0.0001545232426156673
Imidazolium,Hydrogen sulfate,Density,0.0001958411912239555
Imidazolium,Hydrogen sulfate,Density,0.004778504175637188
Imidazolium,Other,Density,0.004765578915423063
Protic ammonium,Carboxylate,Density,0.0009202873567843994
Imidazolium,Other,Density,0.0027927611953018072
Imidazolium,Other,Density,0.002655921859335386
Imidazolium,BF4,Density,0.0005822336400242989
Protic ammonium,Carboxylate,Density,0.000781493461804672
Imidazolium,Other,Density,0.0014542633675258543
Imidazolium,Other,Density,0.007361865987197014
Quaternary ammonium,NTf2,Density,0.004042619635353795
Pyridinium,NTf2,Density,0.006167961435847857
Imidazolium,Other,Density,0.004351605617422649
Protic ammonium,Carboxylate,Density,0.0022159042339247037
Imidazolium,Carboxylate,Density,0.012251517038646575
Imidazolium,Other,Density,0.0032917361799418288
Quaternary ammonium,Other,Density,0.03360601037484301
Protic ammonium,Carboxylate,Density,0.002601124619698858
Imidazolium,Other,Density,0.007059072844070258
Phosphonium,Other,Density,0.0004320649678657418
Protic ammonium,Other,Density,0.001775177620057633
Imidazolium,Other,Density,0.005997625513435523
Protic ammonium,Carboxylate,Density,0.0013762083442401263
Protic ammonium,Carboxylate,Density,0.0012226462831126383
Imidazolium,Carboxylate,Density,0.0032996057310334947
Phosphonium,Other,Density,0.002991659561189408
Imidazolium,NTf2,Density,0.0014357161715397027
Phosphonium,Other,Density,0.001989324342333454
Imidazolium,PF6,Density,0.008496298786360157
Imidazolium,BF4,Density,0.004228046882312597
Imidazolium,Other,Density,0.0009312960084582045
Imidazolium,Other,Density,0.009062360516542078
Pyridinium,Other,Density,0.0048170542776651
Quaternary ammonium,NTf2,Density,0.003509994084444301
Imidazolium,NTf2,Density,0.0011044318775788042
Pyridinium,NTf2,Density,0.0026737134996990264
Imidazolium,Other,Density,0.007979341941308782
Imidazolium,NTf2,Density,0.027596970960320988
Pyridinium,Other,Density,0.003295947969361279
Pyridinium,Hydrogen sulfate,Density,0.01019567669861221
Imidazolium,NTf2,Density,0.008028489070682987
Imidazolium,BF4,Density,0.009822944411840062
Cholinium,NTf2,Density,0.001233093595477186
Pyridinium,BF4,Density,0.00037489562133430354
Cholinium,NTf2,Density,0.003341159298908991
Imidazolium,PF6,Density,0.0013805736560339454
Imidazolium,NTf2,Density,0.003247303447080796
Pyridinium,Other,Density,0.0070819526596412885
Imidazolium,Other,Density,0.007514073619557138
Cholinium,NTf2,Density,0.00482424937113457
Imidazolium,Hydrogen sulfate,Density,0.006148762832107302
Imidazolium,NTf2,Density,0.03974680510091044
Imidazolium,NTf2,Density,0.0009217169118720392
Imidazolium,PF6,Density,0.00399487537025589
Imidazolium,Carboxylate,Density,0.0035003661676054065
Imidazolium,Other,Density,0.003701075266241638
Cholinium,NTf2,Density,0.0029086705394822943
Imidazolium,Other,Density,0.03594834425823912
Protic ammonium,Carboxylate,Density,0.00036286191430523473
Imidazolium,BF4,Density,0.002571187341137815
Quaternary ammonium,NTf2,Density,0.00408170042185052
Quaternary ammonium,NTf2,Density,0.004560067418314162
Imidazolium,Hydrogen sulfate,Density,0.007885066406866592
Pyridinium,Hydrogen sulfate,Density,0.0008701630015632844
Phosphonium,Other,Density,0.0036307849551651117
Protic ammonium,Carboxylate,Density,0.0020118646630784554
Protic ammonium,Carboxylate,Density,0.0013656695480985803
Imidazolium,Hydrogen sulfate,Density,0.003795169966612555
Protic ammonium,Carboxylate,Density,0.0011558003747298429
Imidazolium,Other,Density,0.010007296818570488
Quaternary ammonium,NTf2,Density,0.003955910783061789
Phosphonium,NTf2,Density,3.423560878790255e-05
Imidazolium,Hydrogen sulfate,Density,0.0005289042721567938
Imidazolium,BF4,Density,0.0011378028163893106
Quaternary ammonium,Carboxylate,Density,0.002566355848040658
Imidazolium,Hydrogen sulfate,Density,0.0013886539984522273
Protic ammonium,Carboxylate,Density,0.00036097553810865435
Imidazolium,Hydrogen sulfate,Density,0.00226969347957251
Quaternary ammonium,NTf2,Density,0.0032491166456356524
Cholinium,NTf2,Density,0.0024925011115897178
Pyridinium,NTf2,Density,0.000607523413203026
Imidazolium,NTf2,Density,0.001702301027159514
Protic ammonium,Carboxylate,Density,0.00045869514653862353
Imidazolium,NTf2,Density,0.004373557370185743
Pyridinium,NTf2,Density,0.0056080580740536234
Imidazolium,Hydrogen sulfate,Density,0.00264968837130386
Imidazolium,Hydrogen sulfate,Density,6.6802957068290425e-06
Imidazolium,Other,Density,0.008557782940345149
Phosphonium,Other,Density,0.0046329793429338295
Cholinium,NTf2,Density,0.0038104020356257706
Imidazolium,BF4,Density,0.006013443208747304
Imidazolium,Hydrogen sulfate,Density,0.0003126896315279737
Imidazolium,Other,Density,0.001012326661148144
Cholinium,Hydrogen sulfate,Density,0.011190895812310586
Cholinium,NTf2,Density,0.0032720748853130033
Imidazolium,NTf2,Density,0.0002231795391853808
Imidazolium,Hydrogen sulfate,Density,0.0012535698641551463
Pyridinium,BF4,Density,0.00028563640625201003
Cholinium,NTf2,Density,0.0024180530370871978
Imidazolium,Hydrogen sulfate,Density,0.001624483115921116
Imidazolium,BF4,Density,0.0020427114353518405
Phosphonium,Other,Density,0.008073923300408126
Imidazolium,NTf2,Density,0.0036354384018242314
Imidazolium,Other,Density,0.007657400075841814
Quaternary ammonium,NTf2,Density,0.003104813939646789
Imidazolium,Other,Density,0.007520152893365051
Phosphonium,Other,Density,0.008152914653313914
Phosphonium,Other,Density,0.006299935044768112
Imidazolium,Other,Density,0.004434132460390927
Imidazolium,Hydrogen sulfate,Density,0.004736897949441321
Quaternary ammonium,NTf2,Density,0.005372493384860455
Imidazolium,Hydrogen sulfate,Density,0.00045684380718835627
Imidazolium,Hydrogen sulfate,Density,0.006062550859349258
Imidazolium,Other,Density,0.04193536667250086
Imidazolium,Other,Density,0.0005889215068277664
Protic ammonium,Carboxylate,Density,0.0022514846107153375
Pyridinium,NTf2,Density,0.004408309426219503
Protic ammonium,Carboxylate,Density,0.0022940847270831455
Imidazolium,Other,Density,0.0018533896518659887
Imidazolium,NTf2,Density,0.002403809767585585
Pyridinium,BF4,Density,0.0007925500550358677
Imidazolium,Other,Density,0.004994045260169777
Pyridinium,Other,Density,0.0019745798624839495
Imidazolium,Hydrogen sulfate,Density,0.00827402244185027
Imidazolium,PF6,Density,0.0015711443604704556
Imidazolium,Other,Density,0.004280610643515814
Imidazolium,PF6,Density,0.0008788481099601952
Pyridinium,BF4,Density,0.0017705490849886374
Quaternary ammonium,Other,Density,0.001080978609466321
Imidazolium,Other,Density,0.002681791850337234
Protic ammonium,Carboxylate,Density,0.0005594375299580179
Imidazolium,Other,Density,0.017035498488867873
Imidazolium,Hydrogen sulfate,Density,0.006357613496851933
Pyridinium,NTf2,Density,0.0056848055637246375
Imidazolium,NTf2,Density,0.003886804864847271
Imidazolium,BF4,Density,0.0025243267711214656
Imidazolium,Other,Density,0.0025887273537765765
Imidazolium,Hydrogen sulfate,Density,0.0006240183793000398
Imidazolium,Other,Density,0.0040422357444160895
Imidazolium,BF4,Density,0.0012407057135233046
Pyridinium,Hydrogen sulfate,Density,0.010062543806276913
Phosphonium,Other,Density,0.0014395859298463876
Pyridinium,NTf2,Density,0.004482168806795528
Imidazolium,Other,Density,0.00043579674733518203
Pyridinium,NTf2,Density,0.0015230303609916618
Cholinium,NTf2,Density,0.002999812043534611
Pyridinium,BF4,Density,0.0021619039030378318
Quaternary ammonium,Other,Density,0.000772495992438671
Imidazolium,Carboxylate,Density,0.0006437350482757509
Imidazolium,Carboxylate,Density,0.00536246830904652
Imidazolium,NTf2,Density,0.002388948578144756
Pyridinium,Other,Density,0.003274531185390117
Pyridinium,NTf2,Density,0.009310850650441793
Imidazolium,Other,Density,0.004521284604716236
Phosphonium,NTf2,Density,0.002405177347190701
Pyridinium,Other,Density,0.00506157239125038
Imidazolium,NTf2,Density,0.003148587689435267
Protic ammonium,Carboxylate,Density,0.01743273694425085
Imidazolium,BF4,Density,0.002679726650019809
Cholinium,NTf2,Density,0.001181043240355173
Imidazolium,NTf2,Density,0.008758084147950207
Phosphonium,Carboxylate,Density,0.0025711321734736003
Protic ammonium,Carboxylate,Density,0.00019202472396884218
Imidazolium,Other,Density,0.0017790829510486716
Imidazolium,Carboxylate,Density,0.0012678913036108241
Imidazolium,BF4,Density,0.0008713117241345714
Imidazolium,Other,Density,0.04351000444328079
Phosphonium,Other,Density,0.004424191929425447
Pyridinium,NTf2,Density,0.0012100815319264768
Protic ammonium,Carboxylate,Density,0.003433389102397655
Imidazolium,Other,Density,0.0006470480799896094
Pyridinium,NTf2,Density,0.002385197185182264
Imidazolium,BF4,Density,0.0028796887394193504
Imidazolium,Other,Density,0.003805064761830401
Cholinium,NTf2,Density,0.0021238820965781002
Imidazolium,Other,Density,0.0034537556859763896
Imidazolium,NTf2,Density,0.00504113942169937
Protic ammonium,Carboxylate,Density,0.0025978167799811658
Protic ammonium,Carboxylate,Density,0.0013694297276813927
Imidazolium,Other,Density,0.002162430156994688
Pyridinium,BF4,Density,0.001045133636780271
Protic ammonium,Carboxylate,Density,0.0011793688529913027
Imidazolium,NTf2,Density,0.012130723982922476
Phosphonium,Other,Density,0.0022086426475063092
Pyridinium,NTf2,Density,0.011589126020511209
Imidazolium,Carboxylate,Density,0.00362167850722539
Cholinium,NTf2,Density,0.0014686232164144997
Imidazolium,Other,Density,0.004714919853391564
Imidazolium,Other,Density,0.003570049933202313
Pyridinium,NTf2,Density,0.0026779409924371222
Protic ammonium,Other,Density,0.015415604315038856
Imidazolium,BF4,Density,0.004781802147999059
Protic ammonium,Carboxylate,Density,0.0030642182988671607
Imidazolium,Carboxylate,Density,0.004073560447806379
Pyridinium,BF4,Density,0.0013646355982555036
Imidazolium,Other,Density,0.002764780699576086
Imidazolium,NTf2,Density,0.001517689029902236
Quaternary ammonium,Other,Density,0.0004225341871064714
Imidazolium,Carboxylate,Density,0.005219273154326132
Imidazolium,Other,Density,0.003424733272520797
Imidazolium,Other,Density,0.0065279713550090435
Imidazolium,Hydrogen sulfate,Density,0.00040197421689036616
Imidazolium,Carboxylate,Density,0.0010876322860404741
Imidazolium,Other,Density,0.0040737340313068415
Pyridinium,Other,Density,0.009201965728268924
Pyridinium,NTf2,Density,0.0035332959259104513
Imidazolium,Other,Density,0.000984954493469914
Imidazolium,BF4,Density,0.006319050933328185
Imidazolium,Other,Density,0.0025558758800174886
Imidazolium,BF4,Density,0.0013405270965707317
Imidazolium,NTf2,Density,0.008921220050670087
Imidazolium,Other,Density,0.001438655003099143
Imidazolium,NTf2,Density,0.010059877331602962
Protic ammonium,Carboxylate,Density,0.002129642382465491
Protic ammonium,Carboxylate,Density,0.0021940468232823918
Imidazolium,Carboxylate,Density,0.009265879439253943
Phosphonium,Other,Density,0.0006070581555048804
Pyridinium,Hydrogen sulfate,Density,0.00019296809135127546
Imidazolium,NTf2,Density,0.001999077211317868
Phosphonium,Other,Density,0.0005264750191527057
Pyridinium,BF4,Density,0.0018209683328480608
Pyridinium,NTf2,Density,0.002785149062561665
Imidazolium,Other,Density,0.0044002242604053166
Pyridinium,Other,Density,0.003670687319389465
Imidazolium,Other,Density,0.001864933249015266
Imidazolium,NTf2,Density,0.0017199079810295004
Imidazolium,Other,Density,0.005374973076219369
Imidazolium,Other,Density,0.0019097041129336745
Cholinium,NTf2,Density,0.0008001434043416467
Imidazolium,Other,Density,0.0011955432456147719
Imidazolium,Other,Density,0.01203999779921272
Quaternary ammonium,NTf2,Density,1.2470732291269826e-05
Pyridinium,Other,Density,0.004587265761903936
Quaternary ammonium,NTf2,Density,0.004206196470809331
Imidazolium,Hydrogen sulfate,Density,0.0010994438535361084
Pyridinium,NTf2,Density,0.00011212046293973543
Imidazolium,NTf2,Density,0.0025620106040982193
Imidazolium,Other,Density,0.0058630028987254335
Quaternary ammonium,NTf2,Density,0.0019959977656949235
Protic ammonium,Other,Density,0.000696715629634248
Pyridinium,BF4,Density,0.0025650392582345916
Imidazolium,BF4,Density,0.005753935376223929
Imidazolium,NTf2,Density,0.005898996516826571
Quaternary ammonium,Other,Density,0.009609337351501601
Pyridinium,BF4,Density,0.002635421867208443
Imidazolium,Other,Density,0.001611659418347955
Quaternary ammonium,NTf2,Density,0.0033588258606478405
Imidazolium,Other,Density,0.0001468645007722813
Imidazolium,Other,Density,0.0067453838556801315
Pyridinium,NTf2,Density,0.010093278995062072
Imidazolium,NTf2,Density,0.0016451692641012983
Imidazolium,NTf2,Density,0.0010342824954685526
Imidazolium,Carboxylate,Density,0.007252563620524732
Pyridinium,Other,Density,0.005739315465397965
Imidazolium,Other,Density,0.0018974718125575052
Imidazolium,NTf2,Density,0.021546886716419245
Imidazolium,Other,Density,0.03917545595285343
Imidazolium,Other,Density,0.006664077578640182
Imidazolium,Other,Density,0.0007815682042977556
Imidazolium,NTf2,Density,0.011768767946676917
Phosphonium,Other,Density,0.010759310164626612
Imidazolium,Hydrogen sulfate,Density,0.00740384327253274
Phosphonium,Other,Density,0.0007618553349315604
Protic ammonium,Carboxylate,Density,0.0004510650622426837
Pyridinium,NTf2,Density,0.0038838397992311258
Imidazolium,Other,Density,0.008715121799022008
Pyridinium,NTf2,Density,0.0018048265286418896
Imidazolium,Hydrogen sulfate,Density,0.00028460119024042996
Protic ammonium,Carboxylate,Density,7.290479544597162e-05
Imidazolium,BF4,Density,0.002230739135545612
Imidazolium,Other,Density,0.006746227082061296
Imidazolium,NTf2,Density,0.0014925228191033924
Imidazolium,BF4,Density,0.0014464238395106577
Imidazolium,Other,Density,0.005856128683758399
Phosphonium,Other,Density,0.004113166079369179
Imidazolium,PF6,Density,0.000881680400523166
Imidazolium,NTf2,Density,0.0008186794806288589
Protic ammonium,Carboxylate,Density,0.0007625676290556882
Imidazolium,Hydrogen sulfate,Density,0.007669562206100267
Phosphonium,Other,Density,0.0022320347038284893
Imidazolium,Other,Density,0.004613836158001483
Protic ammonium,Carboxylate,Density,0.00019830575912305193
Protic ammonium,Carboxylate,Density,0.0009575040585749761
Imidazolium,Hydrogen sulfate,Density,0.004638577092369367
Pyridinium,Carboxylate,Density,0.005430709317808535
Protic ammonium,Other,Density,0.000770537011971939
Pyridinium,NTf2,Density,0.0023760646559018994
Protic ammonium,Hydrogen sulfate,Density,0.0020389545792580677
Protic ammonium,Carboxylate,Density,0.0005865810240370806
Imidazolium,Carboxylate,Density,0.0036559370559254845
Phosphonium,Other,Density,0.0022869870374853107
Imidazolium,Other,Density,0.006688727766372082
Imidazolium,Other,Density,0.005054528818043025
Protic ammonium,Carboxylate,Density,0.0022278455368649475
Imidazolium,PF6,Density,0.001311680494376688
Pyridinium,NTf2,Density,0.005806529278810757
Cholinium,NTf2,Density,0.00015308574462835622
Imidazolium,NTf2,Density,0.0019993576233678922
Imidazolium,Other,Density,0.012223837021425155
Imidazolium,NTf2,Density,0.007601161827094138
Pyridinium,NTf2,Density,0.001757549696924876
Imidazolium,Other,Density,0.002478110232638109
Cholinium,NTf2,Density,0.002778627517356469
Imidazolium,Other,Density,0.0017557093433149262
Imidazolium,NTf2,Density,0.012590308494576874
Imidazolium,NTf2,Density,0.0008567654364943778
Imidazolium,Hydrogen sulfate,Density,0.0018157640381337714
Protic ammonium,Other,Density,0.0020432640656382617
Imidazolium,NTf2,Density,0.003296260396053796
Imidazolium,Other,Density,0.00013439485507849014
Imidazolium,Other,Density,0.0028200586885951395
Imidazolium,BF4,Density,0.0028248539080140134
Imidazolium,BF4,Density,0.0002675489471783976
Imidazolium,Other,Density,0.0036578308522008385
Cholinium,NTf2,Density,7.400404189539245e-05
Quaternary ammonium,NTf2,Density,0.004953351132011008
Imidazolium,Other,Density,0.0002903906115268029
Imidazolium,Other,Density,0.0009979824878127985
Imidazolium,Carboxylate,Density,0.0007615039001400703
Cholinium,NTf2,Density,0.0020690192632430993
Imidazolium,Other,Density,0.0003080691215284759
Imidazolium,Carboxylate,Density,0.0011450045983236734
Imidazolium,Hydrogen sulfate,Density,0.0016593206386792403
Imidazolium,NTf2,Density,0.002249751647870113
Imidazolium,BF4,Density,0.001841561680409498
Imidazolium,Hydrogen sulfate,Density,0.002096382447627221
Cholinium,NTf2,Density,0.0007967909834913911
Pyridinium,Other,Density,0.00305309491084671
Imidazolium,NTf2,Density,0.0016569586512655832
Pyridinium,Hydrogen sulfate,Density,0.00022430312092769356
Pyridinium,BF4,Density,0.0023007715183807065
Quaternary ammonium,NTf2,Density,0.004547167256768958
Quaternary ammonium,Other,Density,0.008399466854198678
Quaternary ammonium,Carboxylate,Density,0.009568199102346853
Pyridinium,BF4,Density,0.008815366169851124
Protic ammonium,Carboxylate,Density,0.0005044901165067728
Cholinium,NTf2,Density,0.0021071572393820404
Imidazolium,Other,Density,0.003156271413785383
Imidazolium,NTf2,Density,0.0021947808645181865
Imidazolium,Other,Density,0.0010523847611851878
Pyridinium,NTf2,Density,0.0033797638688071174
Imidazolium,Other,Density,9.163430030589836e-05
Imidazolium,Hydrogen sulfate,Density,0.002818172129869012
Imidazolium,Other,Density,0.004508138681739382
Imidazolium,NTf2,Density,0.002702295439645397
Protic ammonium,Carboxylate,Density,0.0005450226671444014
Imidazolium,Other,Density,0.003858638335459297
Imidazolium,Other,Density,0.009392246791160908
Imidazolium,Other,Density,0.0016231939593760458
Imidazolium,Other,Density,0.0015578452195672554
Pyridinium,NTf2,Density,0.002730354199556473
Imidazolium,Other,Density,0.0002690488679677472
Protic ammonium,Other,Density,0.002702255806277698
Imidazolium,Other,Density,0.0002647723581796768
Imidazolium,Carboxylate,Density,0.15124312707976895
Imidazolium,Hydrogen sulfate,Density,0.02845763085327846
Pyridinium,Other,Density,0.0012102409519165747
Imidazolium,Other,Density,0.0013041029318552333
Protic ammonium,Carboxylate,Density,0.0021826220210616754
Imidazolium,PF6,Density,0.05664162495707714
Protic ammonium,Carboxylate,Density,0.0010748843237244898
Phosphonium,Other,Density,0.006348651113067483
Imidazolium,Hydrogen sulfate,Density,0.0059642164016464605
Pyridinium,BF4,Density,0.0005582547821889605
Imidazolium,PF6,Density,0.00856116241156002
Pyridinium,NTf2,Density,0.004827060548005413
Imidazolium,Other,Density,0.004683008999554872
Imidazolium,NTf2,Density,0.0012597713047810544
Imidazolium,Other,Density,0.002874354138402424
Imidazolium,Hydrogen sulfate,Density,0.044959990716519016
Pyridinium,NTf2,Density,0.006056361468184335
Imidazolium,Other,Density,0.005030631175836575
Phosphonium,NTf2,Density,0.0009879086859472253
Imidazolium,NTf2,Density,0.004880362756450651
Cholinium,NTf2,Density,0.0011176727393333863
Imidazolium,Other,Density,0.004367291670281048
Pyridinium,Carboxylate,Density,0.005638086798897213
Imidazolium,Other,Density,0.0024189081163621395
Imidazolium,BF4,Density,0.0003938759749964049
Imidazolium,Other,Density,0.00022040877038964624
Imidazolium,NTf2,Density,0.0017299283845728652
Pyridinium,NTf2,Density,0.010007931281614368
Imidazolium,PF6,Density,6.192612178068657e-05
Pyridinium,Other,Density,0.004797995414912215
Imidazolium,BF4,Density,0.022354612084279246
Imidazolium,NTf2,Density,0.0030622529934314358
Imidazolium,PF6,Density,0.007575946965863167
Imidazolium,BF4,Density,0.0026298790468519684
Protic ammonium,Other,Density,0.00241438474474176
Imidazolium,PF6,Density,9.624495776172637e-05
Imidazolium,PF6,Density,0.0015015652430481197
Phosphonium,Other,Density,0.0035346624593897147
Imidazolium,Other,Density,0.0028466401872391245
Pyridinium,Carboxylate,Density,0.0008898179395613326
Phosphonium,Other,Density,0.0022945918967902657
Phosphonium,Other,Density,0.013990402591352868
Imidazolium,Other,Density,3.867256263401231e-05
Imidazolium,Other,Density,0.001231300384227474
Imidazolium,NTf2,Density,0.0005578777441224148
Imidazolium,Other,Density,0.005493152408106106
Phosphonium,Carboxylate,Density,0.023261541809083575
Imidazolium,NTf2,Density,0.001340886303255573
Protic ammonium,Carboxylate,Density,0.002108629263647188
Cholinium,NTf2,Density,0.002629732316422384
Cholinium,NTf2,Density,0.0023889006082029596
Pyridinium,BF4,Density,0.00019171882013502284
Imidazolium,Other,Density,0.0016504091367339768
Imidazolium,BF4,Density,0.002445261534901988
Protic ammonium,Carboxylate,Density,0.0036778190970725433
Imidazolium,Other,Density,0.006637942213596482
Imidazolium,BF4,Density,0.0012716151868383818
Imidazolium,Other,Density,0.001581693307522336
Cholinium,NTf2,Density,0.0028080443637987784
Cholinium,NTf2,Density,0.0020003582469918513
Protic ammonium,Carboxylate,Density,0.007640749123316581
Pyridinium,Carboxylate,Density,0.24470762177983918
Protic ammonium,Carboxylate,Density,0.0018654549709609114
Imidazolium,Other,Density,0.0025114459284036883
Imidazolium,Carboxylate,Density,0.037775980694367384
Protic ammonium,Carboxylate,Density,0.0018030135743165587
Imidazolium,Hydrogen sulfate,Density,0.0019187141344838565
Quaternary ammonium,Carboxylate,Density,0.00393250826083591
Imidazolium,Other,Density,0.0006923467159953844
Imidazolium,Carboxylate,Density,0.0032238162344615517
Imidazolium,Other,Density,0.0024876885138462868
Protic ammonium,Carboxylate,Density,0.0007787182622713829
Protic ammonium,Carboxylate,Density,0.00012824580495340854
Imidazolium,PF6,Density,0.002955967984560104
Protic ammonium,Carboxylate,Density,0.0022744804891603465
Quaternary ammonium,Other,Density,0.005460260449464016
Imidazolium,Hydrogen sulfate,Density,0.0024110275688444816
Imidazolium,Carboxylate,Density,0.0035443232771878996
Imidazolium,Hydrogen sulfate,Density,0.0013402787940659522
Imidazolium,NTf2,Density,0.0010200574978576071
Imidazolium,Other,Density,0.0010337277132563827
Protic ammonium,Carboxylate,Density,0.000869253995691821
Imidazolium,NTf2,Density,0.005961906817125495
Imidazolium,NTf2,Density,0.0022477994588570027
Pyridinium,Other,Density,0.0043725185994247795
Imidazolium,Hydrogen sulfate,Density,0.004209035574571196
Imidazolium,Hydrogen sulfate,Density,0.005168875512289617
Pyridinium,NTf2,Density,0.006791086001022073
Imidazolium,NTf2,Density,0.00943854387758769
Imidazolium,Other,Density,0.0035713236289769412
Imidazolium,BF4,Density,0.0024466670789990985
Imidazolium,BF4,Density,0.0019091739805343622
Imidazolium,NTf2,Density,0.0014580543505200438
Pyridinium,NTf2,Density,0.002062780089566729
Imidazolium,PF6,Density,0.00042867508579114144
Quaternary ammonium,NTf2,Density,0.004701740557192302
Protic ammonium,Carboxylate,Density,0.0018354171647629869
Protic ammonium,Carboxylate,Density,0.001913506988737268
Imidazolium,Other,Density,0.005380097659758221
Protic ammonium,Carboxylate,Density,0.002248833118633442
Phosphonium,Hydrogen sulfate,Density,0.00475553871879697
Quaternary ammonium,Carboxylate,Density,0.0027480553441412425
Imidazolium,Other,Density,0.001004203550874827
Imidazolium,PF6,Density,0.0013471240599836065
Protic ammonium,Carboxylate,Density,0.001991667512315942
Imidazolium,Other,Density,0.0008367129152304642
Imidazolium,Other,Density,0.002818696616809113
Imidazolium,PF6,Density,0.0013133061290311332
Imidazolium,Other,Density,0.003871281649029612
Imidazolium,Other,Density,0.0026650714079421434
Imidazolium,BF4,Density,0.0019374151622821856
Imidazolium,NTf2,Density,0.0034631715114672446
Imidazolium,BF4,Density,0.003468185172037508
Imidazolium,NTf2,Density,0.000679560659566647
Phosphonium,Other,Density,0.007025167379292263
Phosphonium,Carboxylate,Density,0.0009027775635956914
Cholinium,NTf2,Density,0.0013532953924633162
Pyridinium,Other,Density,7.151094288015969e-05
Imidazolium,Other,Density,0.009337902729467551
Cholinium,NTf2,Density,0.001342662498347913
Imidazolium,PF6,Density,0.0060730125909636
Phosphonium,Carboxylate,Density,0.004007748324615257
Imidazolium,Other,Density,0.004390234843962837
Imidazolium,NTf2,Density,0.005021973960837478
Protic ammonium,Carboxylate,Density,0.00026229479944994694
Imidazolium,Hydrogen sulfate,Density,0.00283477077804406
Imidazolium,Carboxylate,Density,0.00041627022485002385
Imidazolium,Other,Density,0.0007506087422237684
Protic ammonium,Carboxylate,Density,0.001277452557604697
Imidazolium,Other,Density,0.01278022047335714
Pyridinium,NTf2,Density,0.007019926949557664
Imidazolium,Other,Density,0.00016172643739675863
Imidazolium,Other,Density,0.007346621874421366
Protic ammonium,Carboxylate,Density,0.0008931405642220724
Protic ammonium,Carboxylate,Density,0.002222643225342047
Phosphonium,Carboxylate,Density,0.003153809662221896
Imidazolium,BF4,Density,0.0016559471980199802
Imidazolium,NTf2,Density,0.0030846117789842253
Quaternary ammonium,Other,Density,0.001127262166621179
Imidazolium,Hydrogen sulfate,Density,0.004784624790977965
Imidazolium,Other,Density,0.0038223177387344265
Imidazolium,Other,Density,0.0053343797862064335
Imidazolium,PF6,Density,0.0018496314463680719
Imidazolium,NTf2,Density,0.0023022648736148454
Imidazolium,Other,Density,0.0008493064508252601
Imidazolium,Other,Density,0.002745148723927393
Imidazolium,Hydrogen sulfate,Density,0.0017690387727098411
Protic ammonium,Carboxylate,Density,0.0017258012230261244
Imidazolium,NTf2,Density,0.0007280526570880852
Phosphonium,Other,Density,0.0010833440492579172
Pyridinium,NTf2,Density,0.0019817733021980644
Pyridinium,NTf2,Density,0.0016612370110200558
Imidazolium,NTf2,Density,0.0021486339554366296
Imidazolium,NTf2,Density,0.0036458500839877672
Imidazolium,Carboxylate,Density,0.006773783203152917
Imidazolium,NTf2,Density,0.0018343695833911156
Imidazolium,NTf2,Density,0.0006294199418892532
Phosphonium,Other,Density,0.0043696246996054455
Phosphonium,Other,Density,0.004132879241503851
Quaternary ammonium,NTf2,Density,0.0034152625148067273
Imidazolium,Carboxylate,Density,0.0013990013685658553
Imidazolium,Other,Density,0.0009393422686816422
Protic ammonium,Carboxylate,Density,0.0007133129616603284
Pyridinium,NTf2,Density,0.003238191373061028
Imidazolium,Other,Density,0.0008917364149612084
Quaternary ammonium,NTf2,Density,0.004611475798240505
Pyridinium,NTf2,Density,0.003470986323428349
Imidazolium,PF6,Density,0.0032276864412672523
Pyridinium,NTf2,Density,0.003506220805220117
Imidazolium,Other,Density,0.009051916544594363
Imidazolium,NTf2,Density,0.004287713672145976
Protic ammonium,Carboxylate,Density,0.0020289757763993777
Imidazolium,Hydrogen sulfate,Density,0.0010470648698577278
Imidazolium,Other,Density,0.003768013025721828
Imidazolium,Other,Density,0.010738037271970313
Imidazolium,Other,Density,0.002738902981701763
Imidazolium,Other,Density,0.0014222968931010271
Pyridinium,Other,Density,0.002356031676160164
Imidazolium,Other,Density,0.0033311891659266735
Cholinium,NTf2,Density,0.002093751634619778
Imidazolium,NTf2,Density,0.002470105919853083
Quaternary ammonium,Carboxylate,Density,0.009213437105474398
Imidazolium,Other,Density,0.009721293972075884
Imidazolium,Other,Density,0.008104836200787169
Imidazolium,NTf2,Density,0.00678211849523791
Imidazolium,Hydrogen sulfate,Density,0.00318330665212585
Phosphonium,Other,Density,0.0023254984710883164
Imidazolium,Other,Density,0.004048319832860692
Pyridinium,NTf2,Density,0.005003504120496771
Protic ammonium,Carboxylate,Density,0.0004773303392555661
Imidazolium,Other,Density,0.006041576748179622
Pyridinium,NTf2,Density,0.0070132236777347146
Imidazolium,BF4,Density,0.0035509954017420853
Pyridinium,Other,Density,0.004320188194435026
Phosphonium,Other,Density,0.006567521545498778
Phosphonium,NTf2,Density,0.0036549472940707872
Imidazolium,Other,Density,2.9003225504808938e-05
Imidazolium,Other,Density,0.006040084705490223
Imidazolium,Other,Density,0.006744476317753545
Imidazolium,Other,Density,0.06035957672714254
Protic ammonium,Carboxylate,Density,0.0003614848548290084
Imidazolium,Other,Density,0.0016531372591339633
Phosphonium,Other,Density,0.0075639401592706434
Imidazolium,Other,Density,0.0033817736599957016
Imidazolium,Other,Density,0.002387411516334481
Protic ammonium,Carboxylate,Density,0.000606091626742078
Pyridinium,Other,Density,0.004646347759989844
Imidazolium,NTf2,Density,0.0032516609575496958
Phosphonium,Other,Density,0.004439313261439537
Imidazolium,Other,Density,0.005302901881792721
Protic ammonium,Carboxylate,Density,0.002346120710925881
Imidazolium,Other,Density,0.004132167941158116
Quaternary ammonium,Carboxylate,Density,0.006539241845230137
Protic ammonium,Carboxylate,Density,0.00014399042796053863
Quaternary ammonium,NTf2,Density,0.0054282531843314885
Imidazolium,NTf2,Density,0.0035170959746162467
Imidazolium,Hydrogen sulfate,Density,0.009499061190614277
Imidazolium,NTf2,Density,0.0007181188336682354
Imidazolium,Other,Density,0.0113557260035142
Imidazolium,Other,Density,0.00960396422459553
Imidazolium,Other,Density,0.006464084874598264
Imidazolium,NTf2,Density,0.0008077501903240858
Imidazolium,Other,Density,0.003031264489136376
Phosphonium,Carboxylate,Density,0.0005889686792190929
Imidazolium,PF6,Density,0.004207568862973687
Protic ammonium,Carboxylate,Density,0.003394058119979171
Cholinium,NTf2,Density,0.002787901373879187
Imidazolium,Other,Density,0.011271430828871942
Imidazolium,Hydrogen sulfate,Density,0.0010379700055862529
Imidazolium,Hydrogen sulfate,Density,0.0013594693073475383
Phosphonium,Other,Density,0.0025100153827839478
Imidazolium,Carboxylate,Density,0.007253737776299118
Imidazolium,NTf2,Density,0.0023417004677437347
Imidazolium,NTf2,Density,0.0046254160130585475
Imidazolium,PF6,Density,0.0012826748372418706
Cholinium,NTf2,Density,0.0011939225271415665
Imidazolium,NTf2,Density,0.0021592892747896997
Imidazolium,Other,Density,0.003696814609286392
Imidazolium,Other,Density,0.015907242420441392
Imidazolium,Other,Density,0.01573946397646875
Pyridinium,BF4,Density,0.001733251095243915
Imidazolium,Hydrogen sulfate,Density,0.0006580362378505455
Imidazolium,Other,Density,0.0012903553079963714
Pyridinium,Other,Density,0.0041618300306272005
Imidazolium,Other,Density,0.004237589408189635
Pyridinium,Hydrogen sulfate,Density,0.0040325243116727805
Imidazolium,Other,Density,0.0025888097410513566
Imidazolium,Hydrogen sulfate,Density,0.0014604607926891333
Pyridinium,NTf2,Density,0.0030880663913643858
Protic ammonium,Carboxylate,Density,4.384019910919079e-05
Pyridinium,NTf2,Density,0.0047985336357578845
Imidazolium,BF4,Density,0.0023565173376729476
Protic ammonium,Carboxylate,Density,0.013131693335619588
Imidazolium,Other,Density,0.006012926142592967
Cholinium,Carboxylate,Density,0.00038926539018024897
Imidazolium,Hydrogen sulfate,Density,0.0012220333405323913
Imidazolium,Hydrogen sulfate,Density,0.0010546353831362154
Imidazolium,BF4,Density,0.008846786947639629
Protic ammonium,Carboxylate,Density,0.0037345656022145235
Imidazolium,Carboxylate,Density,0.0015574444977373147
Pyridinium,BF4,Density,0.002824772762959782
Imidazolium,PF6,Density,0.00042291516228853965
Quaternary ammonium,Other,Density,0.003377378070629433
Imidazolium,Hydrogen sulfate,Density,0.001790152360845454
Imidazolium,NTf2,Density,0.0035962476403383903
Imidazolium,BF4,Density,0.0033130933747012037
Protic ammonium,Carboxylate,Density,0.0015411780016894028
Quaternary ammonium,Other,Density,0.006318540598402755
Cholinium,NTf2,Density,0.0005239241766448188
Pyridinium,NTf2,Density,0.003355544317556358
Imidazolium,BF4,Density,0.016774250563645232
Quaternary ammonium,NTf2,Density,0.0010303768394743784
Cholinium,NTf2,Density,0.0014834125263929465
Imidazolium,NTf2,Density,0.00012962223272694473
Pyridinium,NTf2,Density,0.000251800114368983
Imidazolium,Other,Density,0.0027832858218683754
Imidazolium,Other,Density,0.0062879980901753285
Imidazolium,BF4,Density,0.002241120972475308
Imidazolium,Carboxylate,Density,0.007028573167128016
Imidazolium,Other,Density,0.00296835560584352
Pyridinium,Carboxylate,Density,0.004833279887831665
Imidazolium,NTf2,Density,0.0038619298634126054
Cholinium,NTf2,Density,0.0020045959829060322
Imidazolium,Hydrogen sulfate,Density,0.0003603737546074015
Cholinium,NTf2,Density,0.0022654514071769327
Pyridinium,Other,Density,0.01647614549986809
Protic ammonium,Carboxylate,Density,0.0015676777666593367
Imidazolium,BF4,Density,0.0022063916906338576
Pyridinium,Other,Density,0.005681907666789776
Imidazolium,Other,Density,0.011466116599446075
Imidazolium,Other,Density,0.05237721704439924
Imidazolium,Carboxylate,Density,0.010952995006507926
Imidazolium,BF4,Density,0.0006752770538343
Imidazolium,Other,Density,0.0038476519452501634
Phosphonium,Other,Density,0.0027925251996441247
Quaternary ammonium,NTf2,Density,0.004526493082318339
Imidazolium,Hydrogen sulfate,Density,0.006034756805432195
Phosphonium,Other,Density,0.00035515015230025426
Imidazolium,Other,Density,0.0048700566962871505
Cholinium,NTf2,Density,0.0029044765092089975
Imidazolium,NTf2,Density,0.0014977572137677697
Imidazolium,Hydrogen sulfate,Density,0.0007060510805034781
Protic ammonium,Carboxylate,Density,0.001012861838374235
Imidazolium,Hydrogen sulfate,Density,0.0034136271759859227
Phosphonium,Other,Density,0.0012730766948267913
Quaternary ammonium,NTf2,Density,0.001480562802296248
Imidazolium,Other,Density,0.0017953685298737199
Cholinium,NTf2,Density,0.003258725270213425
Imidazolium,Other,Density,0.0012507053747050634
Imidazolium,BF4,Density,0.003706907354322553
Pyridinium,NTf2,Density,0.0017471442478775856
Phosphonium,NTf2,Density,0.0006293277070898995
Imidazolium,Other,Density,0.0012518038995823488
Imidazolium,Other,Density,0.0011834325039803417
Pyridinium,NTf2,Density,0.00065367247395276
Protic ammonium,Carboxylate,Density,0.0019364157409169636
Protic ammonium,Carboxylate,Density,0.0005488646128766206
Phosphonium,Hydrogen sulfate,Density,0.0076017639964689465
Imidazolium,Hydrogen sulfate,Density,0.0017724456917660447
Pyridinium,NTf2,Density,0.006922120235594242
Imidazolium,Carboxylate,Density,0.0033635419679631795
Pyridinium,NTf2,Density,0.006845483247582607
Imidazolium,Other,Density,0.006528778098870092
Cholinium,NTf2,Density,0.0020847069060145884
Imidazolium,Other,Density,0.0063976744800644525
Imidazolium,Other,Density,0.001951709478153596
Imidazolium,Other,Density,0.003773165117060273
Imidazolium,Other,Density,0.0024228241777697335
Pyridinium,Other,Density,0.005349194801552493
Pyridinium,Other,Density,0.004762185421102849
Imidazolium,NTf2,Density,0.0001963319417432885
Imidazolium,Other,Density,0.003707367379667481
Imidazolium,Other,Density,0.0006995346010256753
Imidazolium,Other,Density,0.0029011190679746335
Imidazolium,Other,Density,0.0030535942597689214
Imidazolium,Other,Density,0.003846247506491096
Imidazolium,NTf2,Density,0.0011142532505177272
Imidazolium,NTf2,Density,0.00019549647402161696
Imidazolium,NTf2,Density,0.005287608545540223
Imidazolium,Other,Density,0.001875480672246077
Imidazolium,NTf2,Density,0.00439488103153618
Imidazolium,Other,Density,0.0011563021313971689
Imidazolium,Hydrogen sulfate,Density,0.002870023964105073
Protic ammonium,Carboxylate,Density,0.0002232344153503263
Protic ammonium,Carboxylate,Density,0.00035095283917918607
Imidazolium,PF6,Density,0.00025459913324077377
Imidazolium,Other,Density,0.0016135445365224044
Imidazolium,PF6,Density,0.0008830733537283919
Quaternary ammonium,NTf2,Density,0.0034308484418126284
Pyridinium,NTf2,Density,0.00012870544190413113
Protic ammonium,Carboxylate,Density,0.0006589890153971822
Imidazolium,NTf2,Density,0.0001268093914159607
Imidazolium,Other,Density,0.005512814954972356
Imidazolium,NTf2,Density,0.0017548052346310072
Cholinium,NTf2,Density,0.0033487833705692083
Imidazolium,NTf2,Density,0.006519332038045
Imidazolium,NTf2,Density,0.001261726277490105
Imidazolium,Other,Density,0.0006233735722869227
Imidazolium,Other,Density,0.0026454568273841517
Imidazolium,Hydrogen sulfate,Density,0.0008635791880564625
Imidazolium,BF4,Density,0.00324442192126817
Imidazolium,Other,Density,0.0018234070829103999
Imidazolium,Other,Density,0.009165207335430026
Pyridinium,NTf2,Density,0.0007914691166366339
Protic ammonium,Carboxylate,Density,0.003403512252563523
Imidazolium,Other,Density,0.003125122844573447
Protic ammonium,Carboxylate,Density,2.012327950939863e-05
Imidazolium,Other,Density,0.0028804581731627366
Pyridinium,Carboxylate,Density,0.012507956304224521
Imidazolium,NTf2,Density,0.05899722694534315
Protic ammonium,Carboxylate,Density,0.0004982387672480826
Imidazolium,Other,Density,0.005236550865561185
Imidazolium,Other,Density,0.006087764892415137
Protic ammonium,Carboxylate,Density,0.0014576339743834765
Phosphonium,Other,Density,0.007477258536555453
Imidazolium,PF6,Density,0.0018178131952293342
Imidazolium,Carboxylate,Density,0.0019612807323978743
Phosphonium,Other,Density,0.001972627097039492
Pyridinium,BF4,Density,0.0011243561502318755
Imidazolium,NTf2,Density,0.0049267553623462135
Imidazolium,Other,Density,0.005454358225864375
Imidazolium,Other,Density,0.0013585396127862026
Quaternary ammonium,Carboxylate,Density,0.00880713540667255
Cholinium,NTf2,Density,0.0012879758334882752
Phosphonium,Other,Density,0.0016469996207852944
Imidazolium,NTf2,Density,0.0017791002088491936
Imidazolium,NTf2,Density,0.0014152509575442451
Imidazolium,NTf2,Density,0.0037498990538749055
Imidazolium,Other,Density,0.0001721971407047107
Imidazolium,BF4,Density,0.0018777734594834783
Quaternary ammonium,NTf2,Density,0.0030827860352280467
Imidazolium,Hydrogen sulfate,Density,0.0041775143039197715
Protic ammonium,Other,Density,0.0008076912023273763
Protic ammonium,Carboxylate,Density,0.0006151159142859797
Imidazolium,Other,Density,0.0025367618444018802
Protic ammonium,Other,Density,0.0022691952142723792
Imidazolium,Other,Density,0.0012058756090400635
Imidazolium,Hydrogen sulfate,Density,0.0039272088174477915
Imidazolium,NTf2,Density,0.004328099323453571
Pyridinium,NTf2,Density,0.0007667828898609841
Imidazolium,BF4,Density,0.0018099282382264548
Imidazolium,Other,Density,0.003384712019673053
Imidazolium,PF6,Density,0.00136939908346978
Protic ammonium,Carboxylate,Density,0.001558304628628271
Imidazolium,BF4,Density,0.021278820982812086
Cholinium,Hydrogen sulfate,Density,0.010216309583320538
Imidazolium,Other,Density,0.0003329146339288158
Imidazolium,Hydrogen sulfate,Density,0.0037148960089465888
Imidazolium,NTf2,Density,0.0013083323340623565
Pyridinium,BF4,Density,0.001195862834616257
Imidazolium,Other,Density,0.0013309886290677753
Imidazolium,NTf2,Density,0.005236266426419611
Imidazolium,NTf2,Density,0.0009637835282774176
Imidazolium,NTf2,Density,0.0025296788469511
Phosphonium,Hydrogen sulfate,Density,0.010599593123749251
Imidazolium,Other,Density,0.0033211788892657523
Imidazolium,NTf2,Density,0.02637954307298962
Protic ammonium,Carboxylate,Density,0.0006875725683936906
Imidazolium,Other,Density,0.0006808602472956338
Imidazolium,NTf2,Density,0.0008744307959647202
Imidazolium,BF4,Density,0.0022139055019732012
Quaternary ammonium,Other,Density,0.0002884257516866384
Imidazolium,Other,Density,0.0011171448667566253
Imidazolium,Other,Density,0.004693037586425142
Pyridinium,NTf2,Density,0.008610639872955517
Imidazolium,Carboxylate,Density,0.008586797674638547
Imidazolium,Hydrogen sulfate,Density,0.0001622552593332216
Imidazolium,NTf2,Density,0.003965379231426702
Imidazolium,Hydrogen sulfate,Density,0.0018820793481966192
Imidazolium,Hydrogen sulfate,Density,0.004109521704156016
Imidazolium,Other,Density,0.001002823404943065
Imidazolium,NTf2,Density,0.0043416379483751655
Imidazolium,Other,Density,0.00266785232428024
Imidazolium,Other,Density,0.006805889864581083
Imidazolium,Other,Density,0.0035891369591496414
Imidazolium,BF4,Density,0.0028142648543765247
Imidazolium,Other,Density,0.007927429854410306
Pyridinium,Other,Density,0.0025042287990171275
Protic ammonium,Other,Density,0.0002622475107765254
Protic ammonium,Other,Density,2.6206729897282344e-05
Imidazolium,BF4,Density,0.017001224051115038
Protic ammonium,Carboxylate,Density,0.0011407186048453255
Imidazolium,Carboxylate,Density,0.0115042379429946
Protic ammonium,Carboxylate,Density,0.0001689259362036566
Imidazolium,NTf2,Density,0.0043186511762387525
Imidazolium,Hydrogen sulfate,Density,0.006050635236598545
Imidazolium,NTf2,Density,0.0039177078765186835
Protic ammonium,Carboxylate,Density,0.005459356604962551
Pyridinium,Carboxylate,Density,0.009567174572778114
Imidazolium,NTf2,Density,0.001131116426810408
Imidazolium,NTf2,Density,0.0002104156679880731
Cholinium,NTf2,Density,0.002869656221013095
Cholinium,NTf2,Density,0.003075769248381377
Imidazolium,NTf2,Density,0.005511750573918839
Imidazolium,BF4,Density,0.003046043680240196
Imidazolium,Other,Density,0.0008983363781851494
Imidazolium,Carboxylate,Density,0.006022028251348566
Cholinium,NTf2,Density,0.005349110675573421
Imidazolium,NTf2,Density,0.00850767066841751
Pyridinium,NTf2,Density,0.004056369336153942
Imidazolium,Carboxylate,Density,0.007023222175423172
Imidazolium,NTf2,Density,0.00033234510920099325
Imidazolium,Other,Density,0.003918525662133909
Imidazolium,Other,Density,0.0040101475364267
Imidazolium,Hydrogen sulfate,Density,0.003091821048688992
Quaternary ammonium,NTf2,Density,0.00401494843589667
Imidazolium,Other,Density,0.0032085996897519564
Quaternary ammonium,Other,Density,0.002720760392554311
Imidazolium,Carboxylate,Density,0.001691841763635793
Protic ammonium,Carboxylate,Density,0.0012845557113454475
Protic ammonium,Carboxylate,Density,0.000778670638529988
Imidazolium,Other,Density,0.004387282077810362
Imidazolium,Other,Density,0.003949193746185742
Quaternary ammonium,Carboxylate,Density,0.012996215786547083
Imidazolium,NTf2,Density,0.0008555819130782183
Imidazolium,NTf2,Density,0.002034232036726813
Imidazolium,Other,Viscosity,0.1326832519275909
Pyridinium,NTf2,Viscosity,0.08744272525405927
Imidazolium,PF6,Viscosity,0.018156943709193962
Imidazolium,PF6,Viscosity,0.024886695687389437
Imidazolium,Other,Viscosity,0.23898282156844308
Pyridinium,NTf2,Viscosity,0.05547920376489657
Pyridinium,NTf2,Viscosity,0.023833226475380886
Imidazolium,Other,Viscosity,0.09321262792756047
Imidazolium,PF6,Viscosity,0.21085560930961122
Pyridinium,Other,Viscosity,0.02549532556044598
Imidazolium,Other,Viscosity,0.06712975284268818
Quaternary ammonium,NTf2,Viscosity,0.07805617384210661
Imidazolium,Hydrogen sulfate,Viscosity,0.19820006110535093
Imidazolium,Carboxylate,Viscosity,0.5835363663969426
Imidazolium,NTf2,Viscosity,0.0010833103538518962
Imidazolium,BF4,Viscosity,0.053166469304287034
Phosphonium,Other,Viscosity,0.05930712307537456
Imidazolium,Other,Viscosity,0.03912643759597856
Imidazolium,Carboxylate,Viscosity,0.15533932207702794
Imidazolium,Carboxylate,Viscosity,0.006526506964517509
Pyridinium,Other,Viscosity,0.089477105712235
Imidazolium,Other,Viscosity,0.0389332157369493
Imidazolium,Other,Viscosity,0.2991086059538608
Imidazolium,Other,Viscosity,0.03796158265301752
Cholinium,NTf2,Viscosity,0.07588724880323294
Imidazolium,Other,Viscosity,0.04468444945720229
Quaternary ammonium,NTf2,Viscosity,0.07173672339315273
Imidazolium,NTf2,Viscosity,0.038059729194183545
Imidazolium,Other,Viscosity,0.06014752800174206
Imidazolium,BF4,Viscosity,0.1249285127894465
Imidazolium,Other,Viscosity,0.031944294201697865
Imidazolium,PF6,Viscosity,0.0069398322307407945
Pyridinium,NTf2,Viscosity,0.007069572154731141
Phosphonium,Other,Viscosity,0.05948468715747213
Imidazolium,Other,Viscosity,0.07942060550481189
Imidazolium,Other,Viscosity,0.09190010501658641
Imidazolium,NTf2,Viscosity,0.003211543078255108
Imidazolium,NTf2,Viscosity,0.04490449784956274
Phosphonium,Other,Viscosity,0.011905882730099293
Imidazolium,Other,Viscosity,0.5249188027009115
Quaternary ammonium,Other,Viscosity,0.18256413793851944
Imidazolium,Other,Viscosity,0.00210402508768448
Imidazolium,Other,Viscosity,0.06344493157402331
Pyridinium,Other,Viscosity,0.07986049455381616
Imidazolium,NTf2,Viscosity,0.027354714450944506
Imidazolium,NTf2,Viscosity,0.11623418002923325
Imidazolium,Other,Viscosity,0.2484128001146657
Imidazolium,PF6,Viscosity,0.017960345101482478
Imidazolium,Other,Viscosity,0.07771021900817177
Quaternary ammonium,Other,Viscosity,0.28251806770243304
Protic ammonium,Carboxylate,Viscosity,1.3102257035378067
Imidazolium,Other,Viscosity,0.003956012220270311
Imidazolium,Other,Viscosity,0.059348696551327684
Imidazolium,Other,Viscosity,0.17709322763241098
Protic ammonium,Other,Viscosity,0.11501055373770486
Imidazolium,Other,Viscosity,0.007267953164895147
Imidazolium,NTf2,Viscosity,0.11014598712782853
Quaternary ammonium,Carboxylate,Viscosity,0.02698492551667314
Imidazolium,Other,Viscosity,0.4292750104833878
Imidazolium,Carboxylate,Viscosity,0.059523093864684906
Pyridinium,NTf2,Viscosity,0.09775842054934314
Imidazolium,NTf2,Viscosity,0.10483341687125414
Imidazolium,Other,Viscosity,0.15446148866404474
Imidazolium,Hydrogen sulfate,Viscosity,0.035273729948077204
Pyridinium,Other,Viscosity,0.1353678783837582
Imidazolium,Other,Viscosity,0.1623923829999474
Imidazolium,PF6,Viscosity,0.03432694662538838
Pyridinium,Other,Viscosity,0.0852853290108686
Protic ammonium,Carboxylate,Viscosity,0.18899566388164768
Imidazolium,PF6,Viscosity,0.014081166386231359
Imidazolium,Other,Viscosity,0.017915263459019393
Pyridinium,NTf2,Viscosity,0.015053292705736965
Protic ammonium,Carboxylate,Viscosity,0.530381519676991
Imidazolium,Other,Viscosity,0.1176233043724152
Imidazolium,Hydrogen sulfate,Viscosity,0.17661375425862358
Imidazolium,Other,Viscosity,0.14738298771144276
Imidazolium,NTf2,Viscosity,0.034026475801252065
Imidazolium,NTf2,Viscosity,0.03293850876672977
Imidazolium,Other,Viscosity,0.26343900117724073
Pyridinium,NTf2,Viscosity,0.06545494688385345
Imidazolium,NTf2,Viscosity,0.03586004752939509
Imidazolium,Other,Viscosity,0.1253819545463477
Imidazolium,Other,Viscosity,0.39120551644757995
Phosphonium,Other,Viscosity,0.06295265923312288
Imidazolium,NTf2,Viscosity,0.0420048253886387
Phosphonium,Other,Viscosity,0.15407871359755604
Imidazolium,Other,Viscosity,0.028517131262001172
Imidazolium,NTf2,Viscosity,0.17897220396880575
Imidazolium,PF6,Viscosity,0.10864827787055842
Imidazolium,Other,Viscosity,0.014614982322288306
Protic ammonium,Carboxylate,Viscosity,0.13878239159946038
Imidazolium,Other,Viscosity,0.09929670076243902
Protic ammonium,Carboxylate,Viscosity,0.042199792653320634
Pyridinium,Hydrogen sulfate,Viscosity,0.0880596843835626
Pyridinium,Other,Viscosity,0.02226019530765644
Imidazolium,NTf2,Viscosity,0.006375708989394546
Imidazolium,Other,Viscosity,0.07529169978878514
Cholinium,NTf2,Viscosity,0.07839720269726458
Imidazolium,Other,Viscosity,0.11895694024314807
Imidazolium,NTf2,Viscosity,0.006815119140334058
Imidazolium,Other,Viscosity,0.07521729262886168
Imidazolium,Other,Viscosity,0.07470947923618088
Imidazolium,Other,Viscosity,0.045374076346269554
Imidazolium,BF4,Viscosity,0.029690218555983083
Quaternary ammonium,NTf2,Viscosity,0.046802744970682486
Phosphonium,NTf2,Viscosity,0.04800566215618396
Pyridinium,Other,Viscosity,0.29463896500091846
Imidazolium,Carboxylate,Viscosity,0.12468931099595836
Imidazolium,Other,Viscosity,0.11088899921723261
Imidazolium,Other,Viscosity,0.04648529096307574
Imidazolium,Other,Viscosity,0.025684234084493163
Quaternary ammonium,NTf2,Viscosity,0.010755765531305528
Imidazolium,Hydrogen sulfate,Viscosity,0.008786520125067199
Imidazolium,Other,Viscosity,1.2864066751082248
Phosphonium,Other,Viscosity,0.004375480878227811
Imidazolium,NTf2,Viscosity,0.006318613484179281
Quaternary ammonium,NTf2,Viscosity,0.05357118444315567
Imidazolium,Other,Viscosity,0.08798165497064714
Imidazolium,Other,Viscosity,0.062452002758712766
Imidazolium,Other,Viscosity,0.0683767847069996
Imidazolium,Other,Viscosity,0.10578998303125964
Phosphonium,Carboxylate,Viscosity,0.015949410784592333
Imidazolium,NTf2,Viscosity,0.09974079415893611
Imidazolium,NTf2,Viscosity,0.05325645329613593
Imidazolium,Other,Viscosity,0.09136667895424999
Cholinium,NTf2,Viscosity,0.16582829016084544
Imidazolium,Other,Viscosity,0.022137040642425276
Cholinium,NTf2,Viscosity,0.19762519610697593
Protic ammonium,Carboxylate,Viscosity,0.12713919837682397
Phosphonium,Other,Viscosity,0.12449688021277261
Quaternary ammonium,NTf2,Viscosity,0.053733870467249645
Imidazolium,Other,Viscosity,0.0921491733096102
Pyridinium,BF4,Viscosity,0.06724148835383681
Pyridinium,BF4,Viscosity,0.005472165471783974
Imidazolium,Other,Viscosity,0.3557067415688749
Imidazolium,Other,Viscosity,0.045995018177310554
Imidazolium,Other,Viscosity,0.05427632433542051
Quaternary ammonium,NTf2,Viscosity,0.20128573723180243
Imidazolium,NTf2,Viscosity,0.12340740282631568
Imidazolium,Other,Viscosity,0.19058267238872778
Imidazolium,NTf2,Viscosity,0.030880090178910802
Imidazolium,NTf2,Viscosity,0.015267008205672727
Quaternary ammonium,NTf2,Viscosity,0.07737153788251838
Imidazolium,Other,Viscosity,0.08870181297152624
Imidazolium,Other,Viscosity,0.13763113263710025
Imidazolium,Other,Viscosity,0.4868265442086357
Imidazolium,Other,Viscosity,0.07937154081211961
Imidazolium,BF4,Viscosity,0.1875675288290668
Imidazolium,NTf2,Viscosity,0.014461682467389991
Imidazolium,Other,Viscosity,0.05964993361179127
Imidazolium,Other,Viscosity,0.3874220833991815
Quaternary ammonium,NTf2,Viscosity,0.1559164967268113
Imidazolium,Other,Viscosity,0.03227459288243484
Phosphonium,Other,Viscosity,0.05844394566437483
Pyridinium,NTf2,Viscosity,0.05432599507492286
Quaternary ammonium,Other,Viscosity,0.053464006182964915
Quaternary ammonium,Carboxylate,Viscosity,0.11074374700949541
Pyridinium,NTf2,Viscosity,0.03480310345382032
Imidazolium,Other,Viscosity,0.004070824947323803
Imidazolium,Other,Viscosity,0.1309100160693717
Imidazolium,Other,Viscosity,0.03697112579635364
Phosphonium,Other,Viscosity,0.16394814377368783
Imidazolium,PF6,Viscosity,0.004451246710088563
Imidazolium,BF4,Viscosity,0.01603558635113389
Imidazolium,BF4,Viscosity,0.026492010137976862
Imidazolium,NTf2,Viscosity,0.01602412493696992
Imidazolium,PF6,Viscosity,0.07451491851195247
Imidazolium,PF6,Viscosity,0.045727801857222694
Imidazolium,Other,Viscosity,0.013834990998434549
Imidazolium,NTf2,Viscosity,0.07034220665205071
Imidazolium,PF6,Viscosity,0.002966537599379926
Phosphonium,NTf2,Viscosity,0.07304936604269674
Imidazolium,Other,Viscosity,0.5510701557056246
Imidazolium,BF4,Viscosity,0.022330468228765055
Imidazolium,NTf2,Viscosity,0.03481719671079064
Imidazolium,Carboxylate,Viscosity,0.07182713756168368
Phosphonium,Carboxylate,Viscosity,0.009767047795401052
Imidazolium,Other,Viscosity,0.016581901647442443
Imidazolium,Other,Viscosity,0.12539226083083377
Imidazolium,NTf2,Viscosity,0.02975467399141607
Imidazolium,Other,Viscosity,0.017893384038107918
Imidazolium,Other,Viscosity,0.010786453247085381
Pyridinium,NTf2,Viscosity,0.028154473894647758
Pyridinium,Other,Viscosity,0.11764575809950184
Imidazolium,NTf2,Viscosity,0.01837500920278945
Imidazolium,Carboxylate,Viscosity,0.1821827864091321
Imidazolium,PF6,Viscosity,0.24341980001055918
Imidazolium,Other,Viscosity,0.11150166981141041
Pyridinium,Other,Viscosity,0.05388155985024845
Imidazolium,Other,Viscosity,0.04604291406917038
Imidazolium,Other,Viscosity,0.0414407373010065
Imidazolium,Carboxylate,Viscosity,0.01707606609243495
Pyridinium,Hydrogen sulfate,Viscosity,0.05075101638315971
Cholinium,NTf2,Viscosity,0.019868683362691764
Imidazolium,Other,Viscosity,0.030664370501718885
Imidazolium,Other,Viscosity,0.019140333133165655
Imidazolium,Hydrogen sulfate,Viscosity,0.04280325544335106
Imidazolium,Hydrogen sulfate,Viscosity,0.04397855850167032
Imidazolium,Hydrogen sulfate,Viscosity,0.11159381927624334
Pyridinium,NTf2,Viscosity,0.04589229110490223
Imidazolium,NTf2,Viscosity,0.10260681318337461
Imidazolium,Carboxylate,Viscosity,0.1058254531847811
Quaternary ammonium,NTf2,Viscosity,0.13333982790516785
Quaternary ammonium,NTf2,Viscosity,0.1220132117593078
Imidazolium,Other,Viscosity,0.03793054935413043
Imidazolium,Other,Viscosity,0.16192400460013273
Imidazolium,PF6,Viscosity,0.3468448262596711
Imidazolium,Other,Viscosity,0.07228340069081018
Imidazolium,Other,Viscosity,0.3095934354772991
Imidazolium,BF4,Viscosity,0.06578214119143055
Cholinium,Carboxylate,Viscosity,0.06204839611675328
Imidazolium,Other,Viscosity,0.09172163152505863
Imidazolium,Other,Viscosity,0.1881587764263024
Imidazolium,Other,Viscosity,0.01686954128475726
Quaternary ammonium,NTf2,Viscosity,0.223544433149661
Pyridinium,NTf2,Viscosity,0.04168762444610197
Pyridinium,BF4,Viscosity,0.08037601056014676
Imidazolium,Other,Viscosity,0.04326436244480547
Quaternary ammonium,Other,Viscosity,0.12994987528035917
Imidazolium,Other,Viscosity,0.031210940408569865
Pyridinium,NTf2,Viscosity,0.10804606792512406
Imidazolium,NTf2,Viscosity,0.0344018499731964
Imidazolium,Hydrogen sulfate,Viscosity,0.1634401777455401
Pyridinium,Other,Viscosity,0.021584987158695945
Imidazolium,Carboxylate,Viscosity,0.11959625595128576
Pyridinium,Other,Viscosity,0.02297685396664484
Imidazolium,Other,Viscosity,0.05937625356320986
Imidazolium,NTf2,Viscosity,0.09830680738602515
Imidazolium,NTf2,Viscosity,0.12006485691626256
Quaternary ammonium,Other,Viscosity,0.0296299256785022
Pyridinium,NTf2,Viscosity,0.24133328651082042
Protic ammonium,Other,Viscosity,0.11482793034294003
Imidazolium,Other,Viscosity,4.6629424585553636e-05
Imidazolium,NTf2,Viscosity,0.014593569154893515
Imidazolium,NTf2,Viscosity,0.019657636093460606
Imidazolium,BF4,Viscosity,0.2766401747959497
Imidazolium,NTf2,Viscosity,0.06785742983647536
Imidazolium,Other,Viscosity,0.028023355938839423
Imidazolium,NTf2,Viscosity,0.05476492640983999
Imidazolium,PF6,Viscosity,0.07484267100800235
Imidazolium,Hydrogen sulfate,Viscosity,0.04160832823953431
Imidazolium,Other,Viscosity,0.1242816702126342
Phosphonium,Other,Viscosity,0.022029314258934174
Imidazolium,Carboxylate,Viscosity,0.055577427245899536
Phosphonium,NTf2,Viscosity,0.10785904649657385
Protic ammonium,Carboxylate,Viscosity,0.15265263832781484
Imidazolium,NTf2,Viscosity,0.02502178774547792
Imidazolium,BF4,Viscosity,0.09775960944210604
Phosphonium,Other,Viscosity,0.019336417044944376
Pyridinium,NTf2,Viscosity,0.019641124659492526
Phosphonium,NTf2,Viscosity,0.1154598487247378
Imidazolium,Other,Viscosity,0.23067374990444467
Cholinium,NTf2,Viscosity,0.019350483826931164
Phosphonium,Other,Viscosity,0.1415607780794308
Imidazolium,NTf2,Viscosity,0.13209880445994138
Protic ammonium,Other,Viscosity,0.04272260827221652
Protic ammonium,Other,Viscosity,0.01766877781478282
Imidazolium,PF6,Viscosity,0.02867360821036513
Imidazolium,Hydrogen sulfate,Viscosity,0.019356537692335696
Imidazolium,Other,Viscosity,0.012647129897394471
Imidazolium,Other,Viscosity,0.051713078967228654
Pyridinium,Other,Viscosity,0.0914273301116304
Pyridinium,NTf2,Viscosity,0.062197757901300665
Protic ammonium,Carboxylate,Viscosity,0.11642198154166561
Pyridinium,Other,Viscosity,0.05781615373785254
Phosphonium,Other,Viscosity,0.13609925819965474
Imidazolium,Other,Viscosity,0.09136362265982978
Imidazolium,BF4,Viscosity,0.19708320611857033
Protic ammonium,Carboxylate,Viscosity,0.24602347158378723
Imidazolium,Other,Viscosity,0.0012865351962152438
Imidazolium,Carboxylate,Viscosity,0.3257062882588918
Imidazolium,Other,Viscosity,0.0411635212569883
Imidazolium,Carboxylate,Viscosity,0.24016643735796
Phosphonium,Other,Viscosity,0.030208817646469432
Imidazolium,Other,Viscosity,0.018389133298464366
Phosphonium,Other,Viscosity,0.04324681613460246
Imidazolium,Other,Viscosity,0.44538274035220793
Cholinium,NTf2,Viscosity,0.03718762338815851
Pyridinium,Hydrogen sulfate,Viscosity,0.06792028364969349
Imidazolium,Hydrogen sulfate,Viscosity,0.021686824249683934
Phosphonium,Other,Viscosity,0.00030046319816490197
Imidazolium,NTf2,Viscosity,0.007859509616904514
Imidazolium,Carboxylate,Viscosity,0.09515205757198508
Pyridinium,Other,Viscosity,0.034997455731171634
Imidazolium,NTf2,Viscosity,0.04278165374345111
Imidazolium,Hydrogen sulfate,Viscosity,0.08970164557229321
Phosphonium,NTf2,Viscosity,0.02578739941904784
Phosphonium,Other,Viscosity,0.16996722599255554
Imidazolium,Other,Viscosity,0.0065611193034027515
Imidazolium,Other,Viscosity,0.03101064487908367
Imidazolium,Other,Viscosity,0.09899333187114978
Phosphonium,NTf2,Viscosity,0.05195714917823491
Pyridinium,NTf2,Viscosity,0.05144933254119266
Quaternary ammonium,NTf2,Viscosity,0.006988656035760599
Imidazolium,Other,Viscosity,0.017951605744383148
Imidazolium,Other,Viscosity,0.30596587242738793
Imidazolium,Other,Viscosity,0.014850406391853865
Imidazolium,NTf2,Viscosity,0.020033383330070098
Imidazolium,Other,Viscosity,0.015462431464702497
Imidazolium,Other,Viscosity,0.062078744785798
Quaternary ammonium,Other,Viscosity,0.08137135020127229
Imidazolium,NTf2,Viscosity,0.023076642345770004
Phosphonium,Carboxylate,Viscosity,0.2275086795855951
Imidazolium,Other,Viscosity,0.047293188597885116
Imidazolium,NTf2,Viscosity,0.00042910655626560157
Pyridinium,Other,Viscosity,0.08309174814203901
Imidazolium,Hydrogen sulfate,Viscosity,0.03730100903174982
Imidazolium,Other,Viscosity,0.013074376160628454
Imidazolium,PF6,Viscosity,0.003508403292676654
Pyridinium,NTf2,Viscosity,0.027503552507389006
Pyridinium,BF4,Viscosity,0.05661547219394425
Protic ammonium,Other,Viscosity,0.07670143873184232
Imidazolium,NTf2,Viscosity,0.05340007601593566
Imidazolium,Other,Viscosity,0.20379040270213267
Imidazolium,NTf2,Viscosity,0.030323026605807435
Imidazolium,Other,Viscosity,0.01037511926609247
Pyridinium,BF4,Viscosity,0.037077043475918
Imidazolium,Carboxylate,Viscosity,0.0034151154097994407
Imidazolium,Other,Viscosity,0.0349279340146369
Imidazolium,Other,Viscosity,0.09222981483757486
Imidazolium,NTf2,Viscosity,0.007172601905411469
Imidazolium,Other,Viscosity,0.01860959050701716
Imidazolium,Other,Viscosity,0.07833199229468257
Pyridinium,BF4,Viscosity,0.028501410420267437
Imidazolium,Other,Viscosity,0.07314760587269387
Imidazolium,NTf2,Viscosity,0.04896028779456518
Imidazolium,Other,Viscosity,0.0037785183903107367
Imidazolium,PF6,Viscosity,0.029497545159396843
Pyridinium,NTf2,Viscosity,0.0034214068210229875
Imidazolium,Other,Viscosity,0.03702589509657095
Phosphonium,Other,Viscosity,0.03118056824661819
Imidazolium,Other,Viscosity,0.018434201962994584
Imidazolium,Other,Viscosity,0.00572468813686644
Pyridinium,NTf2,Viscosity,0.007296502155640816
Imidazolium,Other,Viscosity,0.03520018506624378
Imidazolium,Other,Viscosity,0.30430370931503337
Imidazolium,NTf2,Viscosity,0.04452763412436678
Phosphonium,Other,Viscosity,0.12489619660537121
Imidazolium,Other,Viscosity,0.09984818023839681
Imidazolium,NTf2,Viscosity,0.04159316663578494
Pyridinium,BF4,Viscosity,0.019351450813589022
Imidazolium,NTf2,Viscosity,0.13675832088377105
Cholinium,Carboxylate,Viscosity,0.08826113252955925
Imidazolium,Other,Viscosity,0.025889333498527733
Pyridinium,BF4,Viscosity,0.1984952616967478
Imidazolium,Other,Viscosity,0.03021556828340133
Imidazolium,NTf2,Viscosity,0.02485397037494952
Imidazolium,Other,Viscosity,0.01700151609905598
Imidazolium,NTf2,Viscosity,0.04112725838992892
Pyridinium,Other,Viscosity,0.053876978404455045
Imidazolium,Carboxylate,Viscosity,0.07841551480090869
Quaternary ammonium,Carboxylate,Viscosity,0.07299361056331932
Pyridinium,Other,Viscosity,0.04397569915233568
Cholinium,NTf2,Viscosity,0.062233310376143436
Phosphonium,NTf2,Viscosity,0.10578355411001983
Imidazolium,Other,Viscosity,0.03364326474551138
Imidazolium,Other,Viscosity,0.023650939505976964
Pyridinium,BF4,Viscosity,0.4091078462055755
Imidazolium,Other,Viscosity,0.03669654724695981
Imidazolium,BF4,Viscosity,0.022429302917923
Imidazolium,Other,Viscosity,0.12800913226807165
Imidazolium,PF6,Viscosity,0.06422034892000927
Pyridinium,NTf2,Viscosity,0.10726390226617433
Imidazolium,Hydrogen sulfate,Viscosity,0.06636567459833206
Cholinium,NTf2,Viscosity,0.027314839450671258
Phosphonium,Other,Viscosity,0.009316081889003902
Imidazolium,NTf2,Viscosity,0.15120821423630915
Imidazolium,BF4,Viscosity,0.1616701331900443
Imidazolium,Other,Viscosity,0.0007377231034766396
Phosphonium,Other,Viscosity,0.04604042598300273
Pyridinium,NTf2,Viscosity,0.051667256887290236
Imidazolium,Other,Viscosity,0.005213016425451578
Imidazolium,NTf2,Viscosity,0.019466830376485778
Imidazolium,Carboxylate,Viscosity,0.10604384345780504
Imidazolium,BF4,Viscosity,0.008723060600222876
Imidazolium,NTf2,Viscosity,0.04505189935842613
Imidazolium,BF4,Viscosity,0.10033787100578007
Imidazolium,Hydrogen sulfate,Viscosity,0.11258557629743038
Imidazolium,NTf2,Viscosity,0.0539989544142756
Imidazolium,BF4,Viscosity,0.12202040123626379
Imidazolium,Other,Viscosity,0.08124097091316784
Pyridinium,NTf2,Viscosity,0.09878427348539809
Phosphonium,NTf2,Viscosity,0.0699543276050818
Imidazolium,NTf2,Viscosity,0.0631792207825228
Imidazolium,Other,Viscosity,0.11799125272386668
Pyridinium,NTf2,Viscosity,0.02988642854669088
Pyridinium,BF4,Viscosity,0.0193748197121848
Phosphonium,Other,Viscosity,0.014437358124555377
Imidazolium,Other,Viscosity,0.007881643930214288
Pyridinium,NTf2,Viscosity,0.1034878522548277
Imidazolium,Other,Viscosity,0.03481138969994957
Imidazolium,NTf2,Viscosity,0.005563746523408408
Imidazolium,Other,Viscosity,0.1363193570470116
Imidazolium,Hydrogen sulfate,Viscosity,0.11444873401418354
Imidazolium,Carboxylate,Viscosity,0.08893588678449449
Imidazolium,PF6,Viscosity,0.048045648821948284
Imidazolium,Other,Viscosity,0.05061487802391085
Imidazolium,Other,Viscosity,0.05790829244116091
Phosphonium,Other,Viscosity,0.056925489097364945
Imidazolium,Other,Viscosity,0.04314451918914473
Quaternary ammonium,NTf2,Viscosity,0.020562144640167812
Quaternary ammonium,NTf2,Viscosity,0.045576889212770144
Protic ammonium,Carboxylate,Viscosity,0.05560562869010033
Imidazolium,PF6,Viscosity,0.003713759368207281
Imidazolium,Other,Viscosity,0.008616961421202163
Quaternary ammonium,Carboxylate,Viscosity,0.028439842251300362
Imidazolium,Other,Viscosity,0.06265597553946023
Imidazolium,Carboxylate,Viscosity,0.0654115773556514
Imidazolium,PF6,Viscosity,0.05535382743092722
Imidazolium,PF6,Viscosity,0.04093628859157533
Imidazolium,PF6,Viscosity,0.015432827892644108
Imidazolium,NTf2,Viscosity,0.01766188646439737
Quaternary ammonium,NTf2,Viscosity,0.045246686546873915
Imidazolium,Other,Viscosity,0.09241676742554894
Imidazolium,Other,Viscosity,0.030870664929746106
Imidazolium,BF4,Viscosity,0.03954593921465488
Imidazolium,Other,Viscosity,0.19282105845607234
Imidazolium,BF4,Viscosity,0.061761893641253174
Protic ammonium,Other,Viscosity,0.03921571575779215
Imidazolium,PF6,Viscosity,0.004433440357990648
Imidazolium,Carboxylate,Viscosity,0.4920433373118871
Imidazolium,Other,Viscosity,0.11009816480901247
Imidazolium,Other,Viscosity,0.04057064703238833
Phosphonium,Other,Viscosity,0.020980756558693223
Imidazolium,PF6,Viscosity,0.019892906445295733
Quaternary ammonium,NTf2,Viscosity,0.059587946119745716
Pyridinium,NTf2,Viscosity,0.022539445408456427
Imidazolium,PF6,Viscosity,0.06905382732362764
Cholinium,NTf2,Viscosity,0.07970144925635214
Imidazolium,Other,Viscosity,0.03312021492053763
Protic ammonium,Hydrogen sulfate,Viscosity,0.03678113678885353
Imidazolium,Other,Viscosity,0.0711685452378159
Imidazolium,Other,Viscosity,0.18096433397210654
Imidazolium,Other,Viscosity,0.1771716852285229
Pyridinium,BF4,Viscosity,0.01795721475285106
Imidazolium,Other,Viscosity,0.06572975952949456
Imidazolium,Other,Viscosity,0.04320019419454635
Imidazolium,NTf2,Viscosity,0.014804993198472616
Imidazolium,Other,Viscosity,0.04584219740214657
Imidazolium,PF6,Viscosity,0.0952866199877418
Imidazolium,BF4,Viscosity,0.3969525709844531
Imidazolium,Other,Viscosity,0.0948362878486142
Imidazolium,BF4,Viscosity,0.04451248213324788
Pyridinium,BF4,Viscosity,0.11485865511414262
Phosphonium,Other,Viscosity,0.44370868236842875
Imidazolium,PF6,Viscosity,0.059870391601150263
Pyridinium,NTf2,Viscosity,0.0613329388282593
Pyridinium,Hydrogen sulfate,Viscosity,0.13252531690392377
Imidazolium,NTf2,Viscosity,0.010382737673808151
Imidazolium,Other,Viscosity,0.1695262544229621
Imidazolium,Carboxylate,Viscosity,0.07051453802373187
Imidazolium,PF6,Viscosity,0.003062475571273371
Quaternary ammonium,Hydrogen sulfate,Viscosity,0.015264659733340125
Pyridinium,NTf2,Viscosity,0.013393843853601428
Imidazolium,BF4,Viscosity,0.1599279603573649
Imidazolium,NTf2,Viscosity,0.09906620017817636
Imidazolium,Other,Viscosity,0.0688798951265146
Imidazolium,Other,Viscosity,0.07832422160004349
Imidazolium,Other,Viscosity,0.029649676858840124
Protic ammonium,Other,Viscosity,0.09696539768340173
Imidazolium,Other,Viscosity,0.1926625858393125
Imidazolium,Other,Viscosity,0.02360743024448375
Imidazolium,Hydrogen sulfate,Viscosity,0.3014941737672373
Pyridinium,NTf2,Viscosity,0.09919610356491093
Imidazolium,Other,Viscosity,0.02166916594419188
Imidazolium,Other,Viscosity,0.03086599059420081
Imidazolium,PF6,Viscosity,0.03711675694997618
Protic ammonium,Carboxylate,Viscosity,0.01816405001171273
Imidazolium,Carboxylate,Viscosity,0.16554139355451447
Quaternary ammonium,Other,Viscosity,0.02357080937586975
Phosphonium,Other,Viscosity,0.1083179710406843
Imidazolium,Other,Viscosity,0.019588634835408403
Quaternary ammonium,NTf2,Viscosity,0.04603576661075093
Quaternary ammonium,NTf2,Viscosity,0.049474054471223106
Quaternary ammonium,Carboxylate,Viscosity,0.0666847168352156
Imidazolium,Other,Viscosity,0.003473271230101549
Imidazolium,Other,Viscosity,0.07038444775099828
Imidazolium,NTf2,Viscosity,0.015602794881972581
Imidazolium,Other,Viscosity,0.613265506890085
Imidazolium,Other,Viscosity,0.12168483178413503
Imidazolium,Other,Viscosity,0.07220016846667532
Pyridinium,BF4,Viscosity,0.09609719431746466
Cholinium,NTf2,Viscosity,0.17954752792269302
Imidazolium,Other,Viscosity,0.08225643794611281
Imidazolium,NTf2,Viscosity,0.04130588095425969
Imidazolium,Other,Viscosity,0.0540873244587754
Imidazolium,NTf2,Viscosity,0.0336294069638825
Imidazolium,Other,Viscosity,0.2821164038426286
Imidazolium,Other,Viscosity,0.05812897120602001
Imidazolium,Other,Viscosity,0.042550611280183226
Quaternary ammonium,NTf2,Viscosity,0.07019895015554534
Phosphonium,Other,Viscosity,0.0713913752911371
Quaternary ammonium,NTf2,Viscosity,0.02186190061634885
Imidazolium,Carboxylate,Viscosity,0.05910834346568139
Imidazolium,NTf2,Viscosity,0.01761744394856457
Imidazolium,BF4,Viscosity,0.005185765812708354
Quaternary ammonium,Other,Viscosity,0.0037274772224291652
Imidazolium,Other,Viscosity,0.030680776792121556
Phosphonium,Other,Viscosity,0.12317924791225221
Imidazolium,NTf2,Viscosity,0.12449131434688265
Imidazolium,Carboxylate,Viscosity,0.13930011086924665
Imidazolium,BF4,Viscosity,0.06728956601535163
Imidazolium,Other,Viscosity,0.11204586110204762
Imidazolium,PF6,Viscosity,0.000593120230096833
Imidazolium,Other,Viscosity,0.06651521172438457
Pyridinium,NTf2,Viscosity,0.06268485811028102
Pyridinium,NTf2,Viscosity,0.05805324021523628
Imidazolium,Other,Viscosity,0.07140188872682707
Imidazolium,Other,Viscosity,0.12196990298532673
Imidazolium,Other,Viscosity,0.03964885047491684
Phosphonium,Other,Viscosity,0.1465170406803955
Pyridinium,Other,Viscosity,0.06155262811623796
Imidazolium,PF6,Viscosity,0.009599415940611644
Imidazolium,Other,Viscosity,0.05518883994902257
Phosphonium,Other,Viscosity,0.10019218280501718
Imidazolium,Other,Viscosity,0.27973396281615015
Imidazolium,Other,Viscosity,0.1063345551819026
Imidazolium,Other,Viscosity,2.9828389998189913
Imidazolium,Other,Viscosity,0.05884747565442172
Imidazolium,NTf2,Viscosity,0.025402312128717686
Quaternary ammonium,Other,Viscosity,0.028218974508906647
Imidazolium,NTf2,Viscosity,0.03817092301399683
Imidazolium,Carboxylate,Viscosity,0.001911089371517516
Pyridinium,BF4,Viscosity,0.07124753476772572
Imidazolium,BF4,Viscosity,0.1357464416849017
Imidazolium,Other,Viscosity,0.034016820663074654
Imidazolium,NTf2,Viscosity,0.12589672532650242
Quaternary ammonium,Other,Viscosity,0.3073963659662904
Protic ammonium,Other,Viscosity,0.08356860288722512
Imidazolium,Other,Viscosity,0.24549275983317997
Imidazolium,Carboxylate,Viscosity,0.09485825828315164
Imidazolium,Other,Viscosity,0.07716791761555886
Quaternary ammonium,NTf2,Viscosity,0.029637239071556465
Imidazolium,Other,Viscosity,0.01392246717250023
Pyridinium,NTf2,Viscosity,0.06144267061284436
Protic ammonium,Carboxylate,Viscosity,0.08499490905359908
Imidazolium,Other,Viscosity,0.02307335967225299
Phosphonium,Other,Viscosity,0.020808064592366234
Imidazolium,Other,Viscosity,0.06689694070872232
Imidazolium,PF6,Viscosity,0.09107977690604119
Imidazolium,Other,Viscosity,0.07823632036750272
Phosphonium,Other,Viscosity,0.02766371726667116
Imidazolium,Other,Viscosity,0.03136737616939533
Imidazolium,PF6,Viscosity,0.15494143683763406
Imidazolium,Carboxylate,Viscosity,0.17164008671764486
Pyridinium,NTf2,Viscosity,0.07733392632158376
Imidazolium,Other,Viscosity,0.2938199684580707
Pyridinium,Other,Viscosity,0.06689640858732515
Imidazolium,Other,Viscosity,0.12185366182639656
Imidazolium,Other,Viscosity,0.025160252101047664
Quaternary ammonium,NTf2,Viscosity,0.04830088384653153
Imidazolium,Carboxylate,Viscosity,0.12869618005218708
Cholinium,NTf2,Viscosity,0.0709982782808663
Imidazolium,Other,Viscosity,0.12993433922013997
Imidazolium,Carboxylate,Viscosity,0.11111727533495808
Cholinium,NTf2,Viscosity,0.1391678167213799
Imidazolium,NTf2,Viscosity,0.1208185812694258
Imidazolium,Other,Viscosity,0.18695378969903587
Imidazolium,Hydrogen sulfate,Viscosity,0.022527996835104647
Imidazolium,Other,Viscosity,0.2946146484627721
Imidazolium,BF4,Viscosity,0.03758145544607849
Imidazolium,Other,Viscosity,0.02925232870636041
Imidazolium,Other,Viscosity,0.0022316336888517085
Quaternary ammonium,Other,Viscosity,0.20539055610361467
Imidazolium,NTf2,Viscosity,0.0402209625745753
Imidazolium,Other,Viscosity,0.06258458584554205
Imidazolium,Other,Viscosity,0.15093183045620728
Imidazolium,Other,Viscosity,0.08686212346381428
Imidazolium,Hydrogen sulfate,Viscosity,0.02004609879342434
Cholinium,NTf2,Viscosity,0.05136593110561094
Phosphonium,NTf2,Viscosity,0.057310776692489185
Pyridinium,Hydrogen sulfate,Viscosity,0.2672729133240508
Imidazolium,Other,Viscosity,2.080286954155002
Pyridinium,NTf2,Viscosity,0.0711515212072018
Imidazolium,PF6,Viscosity,0.003308082494204889
Imidazolium,Hydrogen sulfate,Viscosity,0.07528486396900025
Imidazolium,Other,Viscosity,0.014445274321612134
Imidazolium,BF4,Viscosity,0.06786667863772067
Imidazolium,Other,Viscosity,0.012167003644868224
Phosphonium,Carboxylate,Viscosity,0.04305406258074784
Imidazolium,Other,Viscosity,0.01759214348682603
Imidazolium,PF6,Viscosity,0.04212575870251323
Imidazolium,Other,Viscosity,0.01317412593456968
Pyridinium,NTf2,Viscosity,0.013988921019075118
Imidazolium,BF4,Viscosity,0.04072392363910993
Imidazolium,Carboxylate,Viscosity,0.005645773977651647
Imidazolium,Other,Viscosity,0.06787452014084039
Imidazolium,PF6,Viscosity,0.10808270793351249
Imidazolium,Other,Viscosity,0.032865588591174166
Imidazolium,NTf2,Viscosity,0.004262182892467603
Imidazolium,Other,Viscosity,2.1849201224828176
Pyridinium,NTf2,Viscosity,0.049333526668780436
Imidazolium,Other,Viscosity,0.03187915483508741
Imidazolium,NTf2,Viscosity,0.03705750108832451
Pyridinium,BF4,Viscosity,0.07793565253663282
Imidazolium,Other,Viscosity,0.03458173967424827
Imidazolium,Other,Viscosity,0.008444086895329495
Imidazolium,PF6,Viscosity,0.07263849616039053
Imidazolium,Other,Viscosity,0.025553101358371855
Imidazolium,Other,Viscosity,0.1494739169302588
Imidazolium,Other,Viscosity,0.31723457980809755
Imidazolium,Other,Viscosity,0.0034279041816587252
Phosphonium,Carboxylate,Viscosity,0.02141426328345375
Imidazolium,Other,Viscosity,0.04207760615668654
Imidazolium,NTf2,Viscosity,0.04776677566723375
Phosphonium,Other,Viscosity,0.04797933542365318
Imidazolium,Other,Viscosity,0.06454699441290579
Imidazolium,Carboxylate,Viscosity,0.046836484744360085
Imidazolium,Hydrogen sulfate,Viscosity,0.023195024632197914
Imidazolium,Other,Viscosity,0.06326016236666909
Imidazolium,Other,Viscosity,0.10740771013925698
Pyridinium,Other,Viscosity,0.09221941324243016
Imidazolium,Other,Viscosity,0.00894899167434815
Protic ammonium,Carboxylate,Viscosity,0.059489803896280335
Imidazolium,Other,Viscosity,0.11592561978059646
Imidazolium,Other,Viscosity,0.11192953823793239
Pyridinium,NTf2,Viscosity,0.048636713561263534
Imidazolium,Hydrogen sulfate,Viscosity,0.06798131495684567
Imidazolium,BF4,Viscosity,0.33458128477517146
Cholinium,NTf2,Viscosity,0.10007739487466116
Imidazolium,Other,Viscosity,0.0010084196290636172
Imidazolium,Carboxylate,Viscosity,0.13157055398482775
Imidazolium,NTf2,Viscosity,0.01719810214820261
Imidazolium,PF6,Viscosity,0.003467211638005452
Imidazolium,Other,Viscosity,0.0232434166553106
Imidazolium,NTf2,Viscosity,0.032264140430860344
Pyridinium,BF4,Viscosity,0.004390082564503572
Phosphonium,Other,Viscosity,0.042427419889134566
Imidazolium,Other,Viscosity,0.039337679993635355
Protic ammonium,Carboxylate,Viscosity,0.1864513811390669
Imidazolium,NTf2,Viscosity,0.10448764989466985
Phosphonium,Other,Viscosity,0.06887188664906141
Phosphonium,Other,Viscosity,0.06659998950140222
Quaternary ammonium,Carboxylate,Viscosity,0.024355020063163618
Imidazolium,Hydrogen sulfate,Viscosity,0.01947266545217241
Imidazolium,NTf2,Viscosity,0.14758307321193875
Imidazolium,Other,Viscosity,0.02378893338771393
Imidazolium,PF6,Viscosity,0.1249773297360548
Pyridinium,BF4,Viscosity,0.11894221042464914
Imidazolium,Other,Viscosity,0.12092741486848091
Protic ammonium,Carboxylate,Viscosity,0.0319500445343639
Cholinium,NTf2,Viscosity,0.14277520095197627
Imidazolium,PF6,Viscosity,0.04739958781854625
Imidazolium,NTf2,Viscosity,0.021728581152646864
Pyridinium,NTf2,Viscosity,0.16811467476016384
Imidazolium,PF6,Viscosity,0.017339173360873428
Imidazolium,Other,Viscosity,0.051971935523178914
Imidazolium,Other,Viscosity,0.04731422383423256
Imidazolium,Other,Viscosity,0.1744637608002173
Imidazolium,BF4,Viscosity,0.12295977727617258
Imidazolium,PF6,Viscosity,0.002764787213302533
Imidazolium,Hydrogen sulfate,Viscosity,0.003124585226355503
Imidazolium,Other,Viscosity,0.03027105240528183
Imidazolium,PF6,Viscosity,0.13341023804311858
Imidazolium,Hydrogen sulfate,Viscosity,0.09339130113638494
Imidazolium,Other,Viscosity,0.04019158089900898
Imidazolium,Other,Viscosity,0.13365670069718316
Imidazolium,PF6,Viscosity,0.0015695437176961313
Protic ammonium,Carboxylate,Viscosity,3.2078936107018294
Imidazolium,Other,Viscosity,0.06382272206830741
Imidazolium,Carboxylate,Viscosity,0.12917820635850585
Imidazolium,Other,Viscosity,0.02075780645888936
Imidazolium,Hydrogen sulfate,Viscosity,0.0035409544205817767
Phosphonium,Other,Viscosity,0.04046606606118819
Pyridinium,Other,Viscosity,0.047269464735070876
Imidazolium,NTf2,Viscosity,0.04501423009422956
Imidazolium,Other,Viscosity,0.15053698997178433
Imidazolium,NTf2,Viscosity,0.01371718397587296
Imidazolium,Other,Viscosity,0.15706627418189356
Imidazolium,Hydrogen sulfate,Viscosity,0.0002496580586996977
Imidazolium,Carboxylate,Viscosity,0.17922508568580486
Imidazolium,PF6,Viscosity,0.09167842573368779
Imidazolium,PF6,Viscosity,0.07149695708287196
Quaternary ammonium,NTf2,Viscosity,0.003430353182461765
Protic ammonium,Other,Viscosity,0.04979422746781115
Imidazolium,Other,Viscosity,0.24481205333393996
Pyridinium,BF4,Viscosity,0.0265415305476
Phosphonium,Other,Viscosity,0.07994227262532788
Imidazolium,Other,Viscosity,0.043897432551913695
Protic ammonium,Carboxylate,Viscosity,0.08610135869643054
Imidazolium,Other,Viscosity,0.6279921026764514
Imidazolium,Other,Viscosity,0.1405635460717909
Imidazolium,Other,Viscosity,1.3834814713565673
Imidazolium,BF4,Viscosity,0.016485454455833715
Imidazolium,Other,Viscosity,0.07475738177939661
Imidazolium,Carboxylate,Viscosity,0.08180957286970525
Imidazolium,Other,Viscosity,0.10922485299294848
Imidazolium,NTf2,Viscosity,0.0344977383246059
Phosphonium,NTf2,Viscosity,0.053486229100753846
Quaternary ammonium,NTf2,Viscosity,0.09317832589366692
Imidazolium,Hydrogen sulfate,Viscosity,0.08854031387964545
Pyridinium,Other,Viscosity,0.00023750787755982827
Imidazolium,Carboxylate,Viscosity,0.0032108934813646073
Imidazolium,Other,Viscosity,0.011199471364805369
Imidazolium,Other,Viscosity,0.02999750676845636
Imidazolium,Other,Viscosity,0.12175572106181498
Imidazolium,Other,Viscosity,0.07182595159250127
Imidazolium,Other,Viscosity,0.10536272370264832
Cholinium,NTf2,Viscosity,0.017333541022839682
Imidazolium,Other,Viscosity,0.0599041696356819
Imidazolium,Other,Viscosity,0.06533670015166892
Phosphonium,Carboxylate,Viscosity,0.027247559696620627
Imidazolium,Other,Viscosity,0.0961489601734491
Imidazolium,NTf2,Viscosity,0.02647395769450256
Pyridinium,NTf2,Viscosity,0.02742668481415622
Phosphonium,Carboxylate,Viscosity,0.021796662051075
Pyridinium,Hydrogen sulfate,Viscosity,0.07055424091182338
Imidazolium,Other,Viscosity,0.04770194121225213
Pyridinium,NTf2,Viscosity,0.021397356579810012
Phosphonium,NTf2,Viscosity,0.019102552529878913
Quaternary ammonium,NTf2,Viscosity,0.04054634530371315
Imidazolium,Hydrogen sulfate,Viscosity,0.004238273698225381
Imidazolium,Hydrogen sulfate,Viscosity,0.049559072931555814
Imidazolium,Carboxylate,Viscosity,0.09778210346549909
Pyridinium,BF4,Viscosity,0.12255885913386688
Imidazolium,PF6,Viscosity,0.02716889029795233
Imidazolium,Other,Viscosity,0.09291281609851865
Imidazolium,NTf2,Viscosity,0.006636678273755692
Imidazolium,Other,Viscosity,0.07999086935321653
Pyridinium,Other,Viscosity,0.08495970569589284
Imidazolium,Hydrogen sulfate,Viscosity,0.10785854402735273
Imidazolium,Other,Viscosity,0.0776538977725294
Imidazolium,Other,Viscosity,0.8164802586179081
Imidazolium,BF4,Viscosity,0.0033575957278251245
Imidazolium,Other,Viscosity,0.028742714366940092
Imidazolium,BF4,Viscosity,0.05799080946780455
Imidazolium,Carboxylate,Viscosity,0.46858225229167383
Imidazolium,Other,Viscosity,0.27032642625580516
Imidazolium,Other,Viscosity,0.0970923333265068
Imidazolium,NTf2,Viscosity,0.011222051791985432
Phosphonium,Other,Viscosity,0.17300705251284076
Imidazolium,Other,Viscosity,0.08864959887285684
Imidazolium,NTf2,Viscosity,0.051741504657557336
Pyridinium,PF6,Viscosity,0.11934171891160661
Phosphonium,Other,Viscosity,0.13567654897091086
Imidazolium,Other,Viscosity,0.012298953403259816
Imidazolium,Carboxylate,Viscosity,0.19718107118602468
Phosphonium,Carboxylate,Viscosity,0.009902884844989801
Pyridinium,NTf2,Viscosity,0.08420142495886385
Imidazolium,NTf2,Viscosity,0.0037169669798102767
Imidazolium,NTf2,Viscosity,0.20179148379812872
Quaternary ammonium,NTf2,Viscosity,0.0443041643243392
Imidazolium,Other,Viscosity,0.08149721445632307
Pyridinium,NTf2,Viscosity,0.0035109565516080465
Imidazolium,PF6,Viscosity,0.010692252311923056
Imidazolium,Other,Viscosity,0.12792996708417848
Imidazolium,Other,Viscosity,0.024992498815382902
Imidazolium,Other,Viscosity,0.05581629408782707
Imidazolium,Other,Viscosity,0.03383681262577776
Imidazolium,Other,Viscosity,0.1958421369141527
Imidazolium,Other,Viscosity,0.14468944954002438
Imidazolium,NTf2,Viscosity,0.010825917159248188
Imidazolium,BF4,Viscosity,0.4104384814686217
Imidazolium,BF4,Viscosity,0.1769678836097217
Protic ammonium,Carboxylate,Viscosity,0.04117999571159947
Imidazolium,Hydrogen sulfate,Viscosity,0.1613912680455707
Phosphonium,Other,Viscosity,0.03868647247992785
Imidazolium,Other,Viscosity,0.7461751767116844
Pyridinium,NTf2,Viscosity,0.0064307243192891494
Phosphonium,Other,Viscosity,0.09057447757119108
Imidazolium,PF6,Viscosity,0.18367589432188502
Imidazolium,PF6,Viscosity,0.41263273449113047
Imidazolium,Other,Viscosity,0.05582201870453307
Imidazolium,Other,Viscosity,0.09048424360783258
Imidazolium,Other,Viscosity,0.040541805424184396
Imidazolium,Other,Viscosity,0.05074636787851139
Imidazolium,Other,Viscosity,0.24474227488837608
Imidazolium,NTf2,Viscosity,0.015349640691275646
Quaternary ammonium,Carboxylate,Viscosity,0.07820836456287128
Phosphonium,Other,Viscosity,0.04013467804511528
Quaternary ammonium,NTf2,Viscosity,0.03539426627377429
Imidazolium,Other,Viscosity,0.008568315115490499
Imidazolium,NTf2,Viscosity,0.011741903653217367
Protic ammonium,Carboxylate,Viscosity,0.04223279657418333
Imidazolium,Other,Viscosity,0.25001523731650055
Phosphonium,Hydrogen sulfate,Viscosity,0.0063580980353681316
Phosphonium,Other,Viscosity,0.05385385387522046
Pyridinium,NTf2,Viscosity,0.06271941712217899
Phosphonium,Other,Viscosity,0.0487760583496156
Phosphonium,Other,Viscosity,0.014749692470686693
Imidazolium,Other,Viscosity,0.04409072800418201
Imidazolium,Other,Viscosity,0.010525054172871862
Imidazolium,NTf2,Viscosity,0.04092408772936729
Phosphonium,Other,Viscosity,0.05544416273681119
Imidazolium,NTf2,Viscosity,0.03530866796729115
Imidazolium,Other,Viscosity,0.062232482294831915
Imidazolium,Other,Viscosity,0.02623604494182885
Imidazolium,Other,Viscosity,0.025536562367757476
Imidazolium,NTf2,Viscosity,0.13886377796223703
Pyridinium,Other,Viscosity,0.011057002172609298
Pyridinium,NTf2,Viscosity,0.054680109224100715
Imidazolium,PF6,Viscosity,0.05792226559877384
Imidazolium,BF4,Viscosity,0.0004840045706426821
Imidazolium,Other,Viscosity,0.10797271904305666
Imidazolium,NTf2,Viscosity,0.09070168297560066
Quaternary ammonium,Other,Viscosity,0.04914814490355657
Imidazolium,Other,Viscosity,0.10802175806803666
Imidazolium,Other,Viscosity,0.24169333287266026
Imidazolium,BF4,Viscosity,0.047881500776113306
Imidazolium,Other,Viscosity,0.03571041248952689
Imidazolium,Carboxylate,Viscosity,0.1559939492089102
Imidazolium,Other,Viscosity,0.031212883184880802
Imidazolium,Carboxylate,Viscosity,0.06759595721958167
Imidazolium,NTf2,Viscosity,0.030127005344471325
Imidazolium,NTf2,Viscosity,0.031933220607240465
Imidazolium,Other,Viscosity,0.08531089420238391
Imidazolium,Other,Viscosity,0.02036679759165483
Pyridinium,NTf2,Viscosity,0.09691021847532788
Imidazolium,Other,Viscosity,0.13167624339549167
Imidazolium,Other,Viscosity,0.026737751557741607
Imidazolium,NTf2,Viscosity,0.054222793054064855
Imidazolium,Other,Viscosity,0.005981226217147029
Imidazolium,Other,Viscosity,0.07755087454236675
Imidazolium,NTf2,Viscosity,0.039763912713757676
Imidazolium,NTf2,Viscosity,0.01788750164515518
Phosphonium,Hydrogen sulfate,Viscosity,0.0422886920526957
Phosphonium,Other,Viscosity,0.015467855391666951
Imidazolium,Other,Viscosity,0.038099802495779045
Imidazolium,PF6,Viscosity,0.05210426909415644
Imidazolium,Other,Viscosity,0.08993795145996053
Pyridinium,NTf2,Viscosity,0.0763123527548708
Imidazolium,Other,Viscosity,0.11003325228576954
Imidazolium,PF6,Viscosity,0.015009684620670538
Imidazolium,NTf2,Viscosity,0.39069065156053506
Imidazolium,Other,Viscosity,0.021182780969262738
Imidazolium,Other,Viscosity,0.23265831117046165
Imidazolium,Hydrogen sulfate,Viscosity,0.0007347525809880961
Protic ammonium,Carboxylate,Viscosity,0.11056818219330555
Imidazolium,Other,Viscosity,0.015121071990217061
Imidazolium,Other,Viscosity,0.060275615293683416
Pyridinium,Hydrogen sulfate,Viscosity,0.0508705248182062
Imidazolium,Hydrogen sulfate,Viscosity,0.05967357420561692
Imidazolium,Other,Viscosity,0.005034014316804836
Imidazolium,Hydrogen sulfate,Viscosity,0.16576760438169114
Cholinium,NTf2,Viscosity,0.12480631278790177
Imidazolium,NTf2,Viscosity,0.0570034851724559
Imidazolium,PF6,Viscosity,0.013138277740383675
Imidazolium,Other,Viscosity,0.004693091275062677
Imidazolium,NTf2,Viscosity,0.034471523701927076
Imidazolium,Other,Viscosity,0.12926438964074194
Phosphonium,Other,Viscosity,0.6504541155659513
Quaternary ammonium,NTf2,Viscosity,0.06695680101167945
Phosphonium,Other,Viscosity,0.01689104376420225
Imidazolium,Other,Viscosity,0.021888512099178303
Imidazolium,Hydrogen sulfate,Viscosity,0.08368795014419073
Phosphonium,Other,Viscosity,0.14297251626214913
Imidazolium,Other,Viscosity,0.004215844955578696
Imidazolium,NTf2,Viscosity,0.04565883450227659
Phosphonium,NTf2,Viscosity,0.05131509743069573
Imidazolium,Hydrogen sulfate,Viscosity,0.036885057197012294
Imidazolium,Other,Viscosity,0.021977944222327128
Imidazolium,Other,Viscosity,0.24741393485947416
Imidazolium,Other,Viscosity,0.10823221254438176
Phosphonium,Carboxylate,Viscosity,0.09264329895400047
Protic ammonium,Carboxylate,Viscosity,0.030216388332207966
Imidazolium,Other,Viscosity,0.012347894443220486
Imidazolium,NTf2,Viscosity,0.00361881365993888
Cholinium,NTf2,Viscosity,0.08580518517988445
Imidazolium,Other,Viscosity,0.028719486126325577
Imidazolium,PF6,Viscosity,0.03095686815688181
Imidazolium,NTf2,Viscosity,0.002963939894329304
Pyridinium,Other,Viscosity,0.09444247747663814
Imidazolium,Other,Viscosity,0.1825097471767887
Imidazolium,NTf2,Viscosity,0.060598844702209664
Imidazolium,NTf2,Viscosity,0.010493747975241163
Phosphonium,Carboxylate,Viscosity,0.02669735008609786
Imidazolium,NTf2,Viscosity,0.015875646399788668
Imidazolium,Other,Viscosity,0.0035784286627533746
Imidazolium,Other,Viscosity,0.3232500604309969
Imidazolium,Other,Viscosity,0.013614627819868552
Protic ammonium,Carboxylate,Viscosity,0.11589874083413942
Imidazolium,Other,Viscosity,0.016719850625671384
Imidazolium,NTf2,Viscosity,0.08828967789217401
Imidazolium,Other,Viscosity,0.0056267392101760905
Quaternary ammonium,NTf2,Viscosity,0.03813062932881017
Pyridinium,Other,Viscosity,0.0641057029080514
Imidazolium,BF4,Viscosity,0.05518238225325245
Imidazolium,PF6,Viscosity,0.21183247357333035
Imidazolium,Other,Viscosity,0.029554355481491434
Imidazolium,Other,Viscosity,0.2160913734701495
Imidazolium,NTf2,Viscosity,0.051906476286947445
Imidazolium,NTf2,Viscosity,0.052303927687558094
Imidazolium,NTf2,Viscosity,0.10638521237027287
Imidazolium,Other,Viscosity,0.07614259736910345
Imidazolium,Other,Viscosity,0.08666729298338316
Imidazolium,BF4,Viscosity,0.1351967506355507
Imidazolium,PF6,Viscosity,0.09148581641457001
Imidazolium,NTf2,Viscosity,0.051649532434779655
Imidazolium,Carboxylate,Viscosity,0.07343874509111004
Imidazolium,Carboxylate,Viscosity,0.0702281145186543
Imidazolium,NTf2,Viscosity,0.028127366071148074
Imidazolium,NTf2,Viscosity,0.040652319555746885
Imidazolium,Carboxylate,Viscosity,0.23855615125336938
Imidazolium,Other,Viscosity,0.009640191563941691
Imidazolium,PF6,Viscosity,0.0025024344792401454
Imidazolium,Other,Viscosity,0.03405914053269132
Imidazolium,Other,Viscosity,0.36665676284524773
Quaternary ammonium,Carboxylate,Viscosity,0.07101012763799774
Imidazolium,Other,Viscosity,0.20395354863432902
Imidazolium,NTf2,Viscosity,0.05510714140643547
Quaternary ammonium,NTf2,Viscosity,0.13450793827351193
Quaternary ammonium,Carboxylate,Viscosity,0.1591645715453065
Imidazolium,Other,Viscosity,0.001966923397684006
Imidazolium,NTf2,Viscosity,0.11180361413310358
Quaternary ammonium,NTf2,Viscosity,0.03527337713826739
Imidazolium,PF6,Viscosity,0.032578933379084685
Imidazolium,Other,Viscosity,0.06845306778631155
Imidazolium,PF6,Viscosity,0.1958182076907904
Imidazolium,Other,Viscosity,0.12870833457328956
Imidazolium,NTf2,Viscosity,0.09298147808476553
Imidazolium,Carboxylate,Viscosity,0.0728536428405473
Imidazolium,NTf2,Viscosity,0.1509491103351115
Imidazolium,Other,Viscosity,0.07339632221826342
Imidazolium,Other,Viscosity,0.02223200598746411
Quaternary ammonium,NTf2,Viscosity,0.005182989197871413
Imidazolium,Other,Viscosity,0.26204785595347235
Quaternary ammonium,Other,Viscosity,0.03985384073887638
Imidazolium,BF4,Viscosity,0.10767999555267771
Quaternary ammonium,NTf2,Viscosity,0.05614562782964949
Imidazolium,NTf2,Viscosity,0.0015100902784803694
Quaternary ammonium,NTf2,Viscosity,0.061107868730958526
Imidazolium,NTf2,Viscosity,0.000417100085756239
Pyridinium,NTf2,Viscosity,0.07144514817358272
Quaternary ammonium,NTf2,Viscosity,0.21017566384294797
Cholinium,NTf2,Viscosity,0.05135200767661452
Imidazolium,Other,Viscosity,0.08998781275593393
Imidazolium,Other,Viscosity,0.09238105370239857
Imidazolium,Other,Viscosity,0.027118622407162007
Imidazolium,Other,Viscosity,0.06636974500364268
Imidazolium,Other,Viscosity,0.0532136488786894
Imidazolium,Other,Viscosity,0.09369869432941247
Imidazolium,Other,Viscosity,0.03555049665091348
Imidazolium,Other,Viscosity,0.020262243951171044
Imidazolium,Other,Viscosity,0.0072503345544481235
Imidazolium,Other,Viscosity,0.018540663173173044
Imidazolium,Other,Viscosity,0.2044946852857943
Imidazolium,NTf2,Viscosity,0.10047769037834442
Quaternary ammonium,NTf2,Viscosity,0.018363846506249448
Imidazolium,Carboxylate,Viscosity,0.06351763937646293
Imidazolium,PF6,Viscosity,0.017978248241628414
Imidazolium,NTf2,Viscosity,0.019174784285819868
Imidazolium,Other,Viscosity,0.0113291019131605
Phosphonium,Other,Viscosity,0.05119508611700052
Imidazolium,NTf2,Viscosity,0.01839596237649488
Phosphonium,NTf2,Viscosity,0.047882968708542695
Imidazolium,NTf2,Viscosity,0.03817189328937465
Imidazolium,Other,Viscosity,0.02411072605936404
Cholinium,NTf2,Viscosity,0.029662734273002034
Imidazolium,Other,Viscosity,0.10946017894304383
Phosphonium,Carboxylate,Viscosity,0.01928563910384895
Imidazolium,Other,Viscosity,0.3838726512325925
Imidazolium,NTf2,Viscosity,0.08987574060936332
Imidazolium,Other,Viscosity,0.20378749154465509
Quaternary ammonium,NTf2,Viscosity,0.024157256717035384
Cholinium,NTf2,Viscosity,0.013075486915117507
Pyridinium,NTf2,Viscosity,0.03280376380858252
Imidazolium,Other,Viscosity,0.003646607811739644
Imidazolium,NTf2,Viscosity,0.021245731281617886
Pyridinium,Other,Viscosity,0.03407649963670045
Imidazolium,NTf2,Viscosity,0.027247420222784147
Imidazolium,NTf2,Viscosity,0.01277059219524812
Cholinium,NTf2,Viscosity,0.03593826628709795
Imidazolium,Other,Viscosity,0.05228632766031627
Imidazolium,NTf2,Viscosity,0.03269915114327793
Imidazolium,Other,Viscosity,0.622502465990606
Pyridinium,NTf2,Viscosity,0.0021032786418788696
Phosphonium,Other,Viscosity,0.0318765026472585
Protic ammonium,Carboxylate,Viscosity,0.09926145413723386
Imidazolium,PF6,Viscosity,0.0092092508536816
Cholinium,NTf2,Viscosity,0.1348855140093077
Imidazolium,NTf2,Viscosity,0.144846042371241
Imidazolium,Other,Viscosity,0.0374431718973498
Imidazolium,Other,Viscosity,0.0007633247254110742
Protic ammonium,Carboxylate,Viscosity,0.06420662853413006
Imidazolium,Other,Viscosity,0.2884920672376037
Imidazolium,NTf2,Viscosity,0.011100944259587076
Protic ammonium,Carboxylate,Viscosity,0.21706344562587032
Imidazolium,Other,Viscosity,0.09930191815694833
Pyridinium,BF4,Viscosity,0.058429599760316586
Imidazolium,Other,Viscosity,0.12522300430915667
Pyridinium,NTf2,Viscosity,0.08044040489772764
Imidazolium,NTf2,Viscosity,0.023276544316867653
Quaternary ammonium,NTf2,Viscosity,0.3392127409392496
Imidazolium,NTf2,Viscosity,0.028328735452863185
Imidazolium,Other,Viscosity,0.21164056751751303
Pyridinium,NTf2,Viscosity,0.0950058370203693
Imidazolium,Other,Viscosity,0.02018412654947621
Imidazolium,Other,Viscosity,0.20049739611468093
Imidazolium,Other,Viscosity,0.09084548758528843
Pyridinium,PF6,Viscosity,0.06318023941506912
Imidazolium,Other,Viscosity,0.05521877201923253
Quaternary ammonium,NTf2,Viscosity,0.12150232526988661
Pyridinium,Other,Viscosity,0.09809879250541931
Quaternary ammonium,NTf2,Viscosity,0.17323831773678
Protic ammonium,Carboxylate,Viscosity,0.14541150999180963
Imidazolium,Other,Viscosity,0.032813047431676456
Imidazolium,PF6,Viscosity,0.08070659128736857
Imidazolium,NTf2,Viscosity,0.03801058899659848
Imidazolium,Other,Viscosity,0.13113801181569773
Imidazolium,Other,Viscosity,0.021039323635321017
Phosphonium,Other,Viscosity,0.1533599593662835
Pyridinium,NTf2,Viscosity,0.2524131191783723
Imidazolium,Other,Viscosity,0.08139709730958611
Phosphonium,NTf2,Viscosity,0.08284303011661365
Imidazolium,Other,Viscosity,0.059036051378055454
Imidazolium,NTf2,Viscosity,0.1022582466497397
Imidazolium,Hydrogen sulfate,Viscosity,0.0017166476244394602
Protic ammonium,Carboxylate,Viscosity,0.11951043348130108
Phosphonium,Carboxylate,Viscosity,0.1526491655831541
Imidazolium,Other,Viscosity,0.07479486024035342
Quaternary ammonium,Other,Viscosity,0.050873940322705535
Imidazolium,Hydrogen sulfate,Viscosity,0.01333799175820205
Imidazolium,Other,Viscosity,0.10854013886091529
Pyridinium,NTf2,Viscosity,0.07910056201418492
Pyridinium,Other,Viscosity,0.17438613649076506
Imidazolium,Other,Viscosity,0.1968439862582505
Imidazolium,Other,Viscosity,0.07800552166846053
Imidazolium,PF6,Viscosity,0.07643800936367473
Imidazolium,Other,Viscosity,0.11648530976712212
Imidazolium,Other,Viscosity,0.02253922888804638
Imidazolium,PF6,Viscosity,0.27157536368206747
Imidazolium,Other,Viscosity,0.09279378836582719
Imidazolium,Other,Viscosity,0.07317185279920224
Imidazolium,NTf2,Viscosity,0.13699943850773488
Imidazolium,Carboxylate,Viscosity,0.28078657623002634
Pyridinium,NTf2,Viscosity,0.0011896322125224401
Imidazolium,Other,Viscosity,0.05228310998224517
Imidazolium,NTf2,Viscosity,0.047643442398010105
Imidazolium,Other,Viscosity,0.5364607709409661
Quaternary ammonium,NTf2,Viscosity,0.12432622945832605
Pyridinium,Hydrogen sulfate,Viscosity,0.010865382076110652
Imidazolium,Other,Viscosity,0.006544259703171296
Imidazolium,Other,Viscosity,0.05494074616927613
Imidazolium,BF4,Viscosity,0.23407656690887502
Imidazolium,Other,Viscosity,0.032223936038096035
Imidazolium,PF6,Viscosity,0.037410412472427906
Imidazolium,Other,Viscosity,0.033066549526120315
Imidazolium,Other,Viscosity,0.10083221098216866
Imidazolium,Other,Viscosity,0.02327255964581365
Imidazolium,Other,Viscosity,0.046875661378349864
Pyridinium,NTf2,Viscosity,0.1881045250909632
Imidazolium,Other,Viscosity,0.026377079216277632
Phosphonium,Other,Viscosity,0.13291252803827103
Imidazolium,Other,Viscosity,0.002622616484974749
Imidazolium,Other,Viscosity,0.0052157274121142905
Imidazolium,Other,Viscosity,0.17774423079791649
Imidazolium,Other,Viscosity,0.04724473572077237
Imidazolium,Other,Viscosity,0.013610377768920046
Imidazolium,NTf2,Viscosity,0.17122956684093404
Pyridinium,Carboxylate,Viscosity,0.0035763844112537413
Imidazolium,Other,Viscosity,0.0007338088666273279
Phosphonium,Other,Viscosity,0.029268798142952246
Imidazolium,BF4,Viscosity,0.20481539393449943
Imidazolium,Carboxylate,Viscosity,0.03180767841234555
Pyridinium,NTf2,Viscosity,0.02511000079137915
Imidazolium,Other,Viscosity,0.05542659893521673
Imidazolium,Other,Viscosity,0.08957129063547731
Imidazolium,NTf2,Viscosity,0.006347364622847795
Imidazolium,NTf2,Viscosity,0.01514853774406033
Phosphonium,Other,Viscosity,0.22917265306849588
Pyridinium,Other,Viscosity,0.11756480656998924
Imidazolium,Hydrogen sulfate,Viscosity,0.05996259638096879
Imidazolium,Other,Viscosity,0.0669323309511121
Phosphonium,Other,Viscosity,0.07513279836235354
Imidazolium,Other,Viscosity,0.22546094552558538
Imidazolium,Other,Viscosity,0.08335768723309389
Imidazolium,Carboxylate,Viscosity,0.00020337516391499832
Pyridinium,Other,Viscosity,0.24557975868426996
Pyridinium,NTf2,Viscosity,0.007965081189215795
Imidazolium,NTf2,Viscosity,0.08112017537233207
Quaternary ammonium,Other,Viscosity,0.06227432893041285
Imidazolium,Hydrogen sulfate,Viscosity,0.276574654514806
Pyridinium,BF4,Viscosity,0.07806538054562018
Pyridinium,Hydrogen sulfate,Viscosity,0.04213394080278343
Imidazolium,Other,Viscosity,0.014804649355818822
Imidazolium,Other,Viscosity,0.0929310459751556
Imidazolium,Other,Viscosity,0.13554287230278667
Imidazolium,Other,Viscosity,0.04422898900657346
Quaternary ammonium,Other,Viscosity,0.817746644507505
Phosphonium,Other,Viscosity,0.12252809248244656
Imidazolium,Other,Viscosity,0.07171827494959881
Pyridinium,Hydrogen sulfate,Viscosity,0.05788479207041819
Imidazolium,Other,Viscosity,0.022417807619387053
Phosphonium,Hydrogen sulfate,Viscosity,0.04798941912510257
Protic ammonium,Carboxylate,Viscosity,0.5358966314024558
Imidazolium,Carboxylate,Viscosity,0.038049809767468634
Pyridinium,NTf2,Viscosity,0.015474575092619514
Pyridinium,NTf2,Viscosity,0.00385638132402244
Imidazolium,NTf2,Viscosity,0.049766614790653474
Imidazolium,Other,Viscosity,0.04170464684336794
Imidazolium,Other,Viscosity,0.07221864007176038
Imidazolium,Other,Viscosity,0.01842685588455506
Imidazolium,NTf2,Viscosity,0.003881704936110064
Imidazolium,PF6,Viscosity,0.05339000414026884
Imidazolium,NTf2,Viscosity,0.05741477413692575
Imidazolium,Other,Viscosity,0.652370774010552
Phosphonium,Other,Viscosity,0.06044630108919513
Imidazolium,NTf2,Viscosity,0.00878093436806715
Imidazolium,NTf2,Viscosity,0.0438074342577508
Imidazolium,Other,Viscosity,0.022910677508463984
Pyridinium,NTf2,Viscosity,0.37720629011432516
Imidazolium,Carboxylate,Viscosity,0.009822837260331951
Quaternary ammonium,NTf2,Viscosity,0.07586378609214295
Protic ammonium,Carboxylate,Viscosity,0.18947571805259145
Imidazolium,BF4,Viscosity,0.07250628409804638
Protic ammonium,Other,Viscosity,0.28285763506668005
Imidazolium,Carboxylate,Viscosity,0.052545198175925734
Pyridinium,NTf2,Viscosity,0.10581282940693182
Imidazolium,Other,Viscosity,0.06959397060419281
Imidazolium,Other,Viscosity,0.008515786230436806
Pyridinium,NTf2,Viscosity,0.15335413440871148
Phosphonium,Other,Viscosity,0.013476955594026174
Imidazolium,Other,Viscosity,0.24383586913945665
Imidazolium,Other,Viscosity,0.06338591333162308
Imidazolium,PF6,Viscosity,0.003552191871410759
Imidazolium,Other,Viscosity,0.053502905921885446
Pyridinium,NTf2,Viscosity,0.006337179645758972
Imidazolium,Other,Viscosity,0.18252517753953956
Pyridinium,Hydrogen sulfate,Viscosity,0.05135314932578516
Imidazolium,NTf2,Viscosity,0.05085198063193541
Pyridinium,Other,Viscosity,0.020600822043838285
Imidazolium,Hydrogen sulfate,Viscosity,0.1411389594398937
Imidazolium,NTf2,Viscosity,0.027978961824147053
Imidazolium,PF6,Viscosity,0.003809684259025836
Quaternary ammonium,NTf2,Viscosity,0.02694584416949275
Phosphonium,Other,Viscosity,0.14418452704899476
Phosphonium,Other,Viscosity,0.06559773059908514
Imidazolium,PF6,Viscosity,0.0025436850313100834
Phosphonium,NTf2,Viscosity,0.0160957483869959
Imidazolium,NTf2,Viscosity,0.0320043145341633
Imidazolium,NTf2,Viscosity,0.003784009060547433
Imidazolium,Other,Viscosity,0.009942986161093792
Pyridinium,NTf2,Viscosity,0.12660724821659652
Imidazolium,Other,Viscosity,0.0753743101607034
Imidazolium,NTf2,Viscosity,0.005419436722574833
Imidazolium,PF6,Viscosity,0.015685577186595023
Protic ammonium,Carboxylate,Viscosity,0.05009257879563811
Imidazolium,Other,Viscosity,0.146893487774161
Imidazolium,Carboxylate,Viscosity,0.008968613316470364
Imidazolium,Other,Viscosity,0.01556509111434945
Imidazolium,NTf2,Viscosity,0.02866013309630988
Pyridinium,NTf2,Viscosity,0.019038666554380024
Imidazolium,Carboxylate,Viscosity,0.12186507373690336
Imidazolium,NTf2,Viscosity,0.045070532074540814
Imidazolium,PF6,Viscosity,0.12105308687812588
Imidazolium,PF6,Viscosity,0.01926831362611736
Phosphonium,Other,Viscosity,0.14286869201811825
Imidazolium,Other,Viscosity,0.10655376495273483
Imidazolium,Other,Viscosity,0.01691159870505876
Imidazolium,Carboxylate,Viscosity,0.11450263113952142
Imidazolium,Carboxylate,Viscosity,0.04049317727561963
Imidazolium,Other,Viscosity,0.006166444966357432
Imidazolium,Other,Viscosity,0.005173183425655092
Quaternary ammonium,NTf2,Viscosity,0.009865951538685414
Quaternary ammonium,Other,Viscosity,0.11687115402128245
Imidazolium,Other,Viscosity,0.121259699522138
Imidazolium,Other,Viscosity,0.10229149712537766
Cholinium,NTf2,Viscosity,0.06685065630108566
Pyridinium,Other,Viscosity,1.2477297689901352
Imidazolium,Hydrogen sulfate,Viscosity,0.09685783670020687
Cholinium,NTf2,Viscosity,0.003569438961992688
Imidazolium,Other,Viscosity,0.12775438727959942
Imidazolium,Carboxylate,Viscosity,0.01487537548558393
Phosphonium,Other,Viscosity,0.0148720865728027
Imidazolium,NTf2,Viscosity,0.00449821657788263
Imidazolium,Other,Viscosity,0.0071177464392429
Phosphonium,Other,Viscosity,0.21194752172584064
Quaternary ammonium,Other,Viscosity,0.05310513925330329
Imidazolium,NTf2,Viscosity,0.05948161226874982
Imidazolium,Other,Viscosity,0.008809228540526348
Imidazolium,Hydrogen sulfate,Viscosity,0.1792581317587837
Pyridinium,Other,Viscosity,0.021641994311017765
Imidazolium,Other,Viscosity,0.026845740671730844
Imidazolium,NTf2,Viscosity,0.09069938895027452
Phosphonium,Other,Viscosity,0.015926646934614208
Imidazolium,Other,Viscosity,0.05515162893477843
Imidazolium,NTf2,Viscosity,0.04360727481438609
Imidazolium,NTf2,Viscosity,0.144717949802951
Imidazolium,Other,Viscosity,0.006326772514519519
Imidazolium,Other,Viscosity,0.1301305568542115
Imidazolium,Other,Viscosity,0.6959742286715508
Imidazolium,Other,Viscosity,0.009484129469680802
Imidazolium,Other,Viscosity,0.011063629194909552
Imidazolium,NTf2,Viscosity,0.016703729997292527
Imidazolium,Other,Viscosity,0.011438457270616986
Quaternary ammonium,Other,Viscosity,0.06831339950572746
Pyridinium,NTf2,Viscosity,0.01119159405237724
Cholinium,NTf2,Viscosity,0.0750298113868264
Pyridinium,BF4,Viscosity,0.10042206257271546
Phosphonium,Other,Viscosity,0.0745534759129427
Imidazolium,Other,Viscosity,0.03674854236729086
Imidazolium,NTf2,Viscosity,0.15202293804612665
Phosphonium,Other,Viscosity,0.04625189356898218
Imidazolium,NTf2,Viscosity,0.01689684458361196
Quaternary ammonium,NTf2,Viscosity,0.01178052892951964
Imidazolium,Other,Viscosity,0.11830769379753825
Imidazolium,NTf2,Viscosity,0.00724832463126357
Phosphonium,Carboxylate,Viscosity,0.02336776431823462
Cholinium,NTf2,Viscosity,0.07276920372363804
Imidazolium,NTf2,Viscosity,0.3211800829716376
Imidazolium,Other,Viscosity,0.026897386524292966
Imidazolium,Hydrogen sulfate,Viscosity,0.1630301128853926
Imidazolium,Other,Viscosity,0.024966844085784423
Imidazolium,Carboxylate,Viscosity,0.18237383187280232
Imidazolium,Other,Viscosity,0.01026975102316996
Pyridinium,NTf2,Viscosity,0.06917972310663956
Imidazolium,Other,Viscosity,0.13672505477008468
Imidazolium,NTf2,Viscosity,0.01555529717476034
Pyridinium,NTf2,Viscosity,0.027520332975209172
Quaternary ammonium,NTf2,Viscosity,0.16648572769085535
Imidazolium,Other,Viscosity,0.05176042396936853
Imidazolium,NTf2,Viscosity,0.010675687509940524
Protic ammonium,Carboxylate,Viscosity,0.19416320037616597
Imidazolium,Hydrogen sulfate,Viscosity,0.03060361688584079
Protic ammonium,Carboxylate,Viscosity,0.05213173615675659
Imidazolium,Other,Viscosity,0.08352613043658152
Protic ammonium,Carboxylate,Viscosity,0.005938472841805265
Imidazolium,Other,Viscosity,0.014188773089739648
Imidazolium,Other,Viscosity,0.21686762940554694
Pyridinium,NTf2,Viscosity,0.0378696432820278
Imidazolium,Other,Viscosity,0.07003903220946772
Imidazolium,PF6,Viscosity,0.0039158379356054596
Imidazolium,NTf2,Viscosity,0.036522989041817944
Imidazolium,Other,Viscosity,0.188917221906296
Imidazolium,PF6,Viscosity,0.03209386578379814
Imidazolium,Other,Viscosity,0.02691500118588941
Imidazolium,Other,Viscosity,0.012997647855382155
Imidazolium,Other,Viscosity,0.018575283429719924
Imidazolium,NTf2,Viscosity,0.15191469603114294
Phosphonium,Carboxylate,Viscosity,0.10103516427155679
Imidazolium,Other,Viscosity,0.0892700955060608
Imidazolium,NTf2,Viscosity,0.05701237797972558
Imidazolium,NTf2,Viscosity,0.10698283234862815
Imidazolium,PF6,Viscosity,0.1021647094070286
Imidazolium,BF4,Viscosity,0.08092398302008563
Imidazolium,NTf2,Viscosity,0.003586132704725742
Imidazolium,Other,Viscosity,0.1613376063436025
Imidazolium,Other,Viscosity,0.004774108918300435
Imidazolium,Other,Viscosity,0.06186787400906102
Pyridinium,Hydrogen sulfate,Viscosity,0.045364958069922245
Cholinium,NTf2,Viscosity,0.06413374572681318
Pyridinium,BF4,Viscosity,0.15545289066311385
Pyridinium,NTf2,Viscosity,0.05230382887441154
Pyridinium,Other,Viscosity,0.021443366306217904
Protic ammonium,Other,Viscosity,0.03546795737241348
Imidazolium,Hydrogen sulfate,Viscosity,0.13637825190794794
Imidazolium,NTf2,Viscosity,0.007000021174243365
Imidazolium,PF6,Viscosity,0.0018425336740230946
Imidazolium,PF6,Viscosity,0.006549397055601425
Imidazolium,Carboxylate,Viscosity,0.17203051741477093
Quaternary ammonium,NTf2,Viscosity,0.1394641344292074
Imidazolium,NTf2,Viscosity,0.1789016016628162
Imidazolium,Other,Viscosity,0.009496830312151427
Imidazolium,Other,Viscosity,0.10345754636421511
Imidazolium,NTf2,Viscosity,0.041054792807333484
Imidazolium,Other,Viscosity,0.04304260867709697
Imidazolium,Hydrogen sulfate,Viscosity,0.015022024991187433
Pyridinium,Hydrogen sulfate,Viscosity,0.18399044257769015
Phosphonium,Other,Viscosity,0.04988468576923499
Imidazolium,Hydrogen sulfate,Viscosity,0.05023589217207469
Imidazolium,Other,Viscosity,0.2725990949481467
Imidazolium,Other,Viscosity,0.26121164658033247
Phosphonium,NTf2,Viscosity,0.009606347918824198
Imidazolium,Other,Viscosity,0.011235307319111598
Imidazolium,Other,Viscosity,0.043358700033419684
Imidazolium,BF4,Viscosity,0.08297383445817141
Quaternary ammonium,Carboxylate,Viscosity,0.06337695124868459
Imidazolium,Hydrogen sulfate,Viscosity,0.14051689945986462
Imidazolium,Hydrogen sulfate,Viscosity,0.043830941429264136
Imidazolium,Other,Viscosity,0.07622722306118401
Pyridinium,NTf2,Viscosity,0.07198920077079851
Imidazolium,PF6,Viscosity,0.04638216387321659
Pyridinium,NTf2,Viscosity,0.011551126333517292
Phosphonium,Other,Viscosity,0.12251060607153214
Cholinium,NTf2,Viscosity,0.14842933381163714
Imidazolium,Hydrogen sulfate,Viscosity,0.0496792597409228
Imidazolium,Other,Viscosity,0.04290098703540757
Imidazolium,Other,Viscosity,0.008326456248690883
Imidazolium,NTf2,Viscosity,0.005890060312492729
Pyridinium,BF4,Viscosity,0.07474217562046803
Phosphonium,Other,Viscosity,0.006169717415307918
Imidazolium,Other,Viscosity,0.04027348560396593
Quaternary ammonium,NTf2,Viscosity,0.08943272473766051
Imidazolium,Other,Viscosity,0.0101905843515544
Imidazolium,Hydrogen sulfate,Viscosity,0.002771944881743593
Imidazolium,Other,Viscosity,0.13707597989814424
Pyridinium,NTf2,Viscosity,0.008543882455174234
Imidazolium,Other,Viscosity,0.007180507546985293
Imidazolium,Other,Viscosity,0.03432556303083523
Imidazolium,NTf2,Viscosity,0.016425152860106262
Pyridinium,BF4,Viscosity,0.0584923491408178
Imidazolium,Other,Viscosity,0.05188164575617882
Imidazolium,Other,Viscosity,0.0380644394212335
Pyridinium,Other,Viscosity,0.15470312005279574
Pyridinium,NTf2,Viscosity,0.09872048787505694
Phosphonium,Other,Viscosity,0.16840912725028606
Imidazolium,PF6,Viscosity,0.1004343953294331
Imidazolium,NTf2,Viscosity,0.01948219817027308
Imidazolium,Other,Viscosity,0.012000465714542052
Pyridinium,BF4,Viscosity,0.10297755773369666
Imidazolium,Other,Viscosity,0.34851478981716344
Imidazolium,Hydrogen sulfate,Viscosity,0.24515786113299587
Pyridinium,NTf2,Viscosity,0.005438426472179181
Imidazolium,NTf2,Viscosity,0.02504644251243704
Imidazolium,Other,Viscosity,0.18501341586881415
Pyridinium,Hydrogen sulfate,Viscosity,0.04577700121825501
Phosphonium,Other,Viscosity,0.023993233528721625
Pyridinium,NTf2,Viscosity,0.006614481493258495
Imidazolium,Other,Viscosity,0.0827824743119292
Pyridinium,BF4,Viscosity,0.08034197555727252
Imidazolium,Other,Viscosity,0.1593978299642944
Imidazolium,NTf2,Viscosity,0.021856539543170683
Imidazolium,PF6,Viscosity,0.08584102533006455
Imidazolium,BF4,Viscosity,0.21392512535529581
Pyridinium,NTf2,Viscosity,0.08555986382275105
Imidazolium,Other,Viscosity,0.3249292430552111
Imidazolium,Other,Viscosity,0.0035954262489825695
Imidazolium,BF4,Viscosity,0.18302392104104337
Imidazolium,NTf2,Viscosity,0.015167163402297429
Imidazolium,NTf2,Viscosity,0.05574409696528537
Imidazolium,BF4,Viscosity,0.27245535575668445
Imidazolium,NTf2,Viscosity,0.11943594683681891
Imidazolium,Other,Viscosity,0.04080488770916846
Imidazolium,Carboxylate,Viscosity,0.2368402443098261
Pyridinium,NTf2,Viscosity,0.1591108935470773
Imidazolium,Other,Viscosity,0.0531806412184645
Imidazolium,Other,Viscosity,0.05011979398362332
Imidazolium,Other,Viscosity,0.09787431763989907
Imidazolium,NTf2,Viscosity,0.18105843034585467
Pyridinium,NTf2,Viscosity,0.02510513696147365
Imidazolium,BF4,Viscosity,0.05208734723352926
Imidazolium,Other,Viscosity,0.008222671440461182
Imidazolium,Other,Viscosity,0.07260230836264725
Imidazolium,Other,Viscosity,0.06618108570218384
Imidazolium,NTf2,Viscosity,0.0019759682575828386
Imidazolium,Other,Viscosity,0.03048352331810822
Imidazolium,Other,Viscosity,0.1096548462690885
Imidazolium,NTf2,Viscosity,0.009090135487086926
Phosphonium,Other,Viscosity,0.04812049552644071
Pyridinium,NTf2,Viscosity,0.11229210822474966
Imidazolium,Carboxylate,Viscosity,0.06286290647261339
Phosphonium,Other,Viscosity,0.08166479378845132
Imidazolium,Other,Viscosity,0.1010393301469843
Protic ammonium,Other,Viscosity,0.09471338548653385
Imidazolium,Other,Viscosity,0.08580805923489106
Pyridinium,BF4,Viscosity,0.04449575548561002
Imidazolium,Carboxylate,Viscosity,0.02064992967011925
Imidazolium,Other,Viscosity,0.08769749100845936
Quaternary ammonium,Other,Viscosity,0.0037174181350625446
Imidazolium,NTf2,Viscosity,0.0845763628531142
Imidazolium,PF6,Viscosity,0.0021125868607252407
Imidazolium,Other,Viscosity,0.04500950879653609
Phosphonium,Other,Viscosity,0.021681780762413005
Pyridinium,Other,Viscosity,0.030176055118685596
Quaternary ammonium,NTf2,Viscosity,0.021067932901886355
Imidazolium,BF4,Viscosity,0.02767920720122463
Cholinium,NTf2,Viscosity,0.054388624159702914
Imidazolium,PF6,Viscosity,0.05244374752918662
Protic ammonium,Carboxylate,Viscosity,0.1039098906381608
Imidazolium,PF6,Viscosity,0.00993003059259534
Pyridinium,BF4,Viscosity,0.026786300675926356
Imidazolium,Other,Viscosity,0.11406349209278943
Imidazolium,Hydrogen sulfate,Viscosity,0.058303843242340836
Imidazolium,Other,Viscosity,0.07989098334346956
Imidazolium,Other,Viscosity,0.05975363200362582
Imidazolium,NTf2,Viscosity,0.039395590687755444
Quaternary ammonium,NTf2,Viscosity,0.04329885490130719
Imidazolium,Other,Viscosity,0.025300472967643373
Quaternary ammonium,NTf2,Viscosity,0.06130183741989148
Imidazolium,NTf2,Viscosity,0.22371991745809572
Pyridinium,NTf2,Viscosity,0.04269742293158929
Imidazolium,Other,Viscosity,0.09075716568768755
Pyridinium,Hydrogen sulfate,Viscosity,0.01104140066548398
Imidazolium,Carboxylate,Viscosity,0.00795295268310503
Protic ammonium,Other,Viscosity,0.08613238947167767
Pyridinium,BF4,Viscosity,0.0507995669044492
Imidazolium,BF4,Viscosity,0.11701991636286202
Imidazolium,Other,Viscosity,0.08340103309621494
Quaternary ammonium,Other,Viscosity,0.0010489396642197057
Pyridinium,BF4,Viscosity,0.04031994507868375
Imidazolium,Other,Viscosity,0.08834614090857418
Imidazolium,NTf2,Viscosity,0.05633576199375767
Imidazolium,Other,Viscosity,0.191764191679481
Pyridinium,NTf2,Viscosity,0.07339607936304637
Imidazolium,NTf2,Viscosity,0.07093287189943842
Imidazolium,Carboxylate,Viscosity,0.3395606567597196
Pyridinium,Other,Viscosity,0.03946928834664831
Imidazolium,Other,Viscosity,0.004817487256514319
Imidazolium,Other,Viscosity,0.0805333403103714
Imidazolium,Other,Viscosity,0.14773965688540197
Imidazolium,Other,Viscosity,0.19105732413380938
Phosphonium,Other,Viscosity,0.3826249060179011
Imidazolium,Other,Viscosity,0.029219771474961576
Phosphonium,Other,Viscosity,0.1223843405494085
Imidazolium,Hydrogen sulfate,Viscosity,0.025328036817225286
Imidazolium,Other,Viscosity,0.10661167959011042
Imidazolium,Other,Viscosity,0.009413737217093043
Imidazolium,Other,Viscosity,0.10771665273775932
Pyridinium,NTf2,Viscosity,0.1128502093605821
Quaternary ammonium,NTf2,Viscosity,0.07050141460309778
Pyridinium,NTf2,Viscosity,0.01605528077323859
Imidazolium,Other,Viscosity,0.05714609365647494
Imidazolium,Other,Viscosity,0.021172102106995272
Phosphonium,Other,Viscosity,0.01951720326946349
Imidazolium,Hydrogen sulfate,Viscosity,0.09729261685349366
Pyridinium,NTf2,Viscosity,0.10864755478859633
Phosphonium,Other,Viscosity,0.03792805602765581
Imidazolium,Other,Viscosity,0.12453433852814433
Imidazolium,Other,Viscosity,0.15999355637528234
Imidazolium,Other,Viscosity,0.008722021850657846
Phosphonium,Carboxylate,Viscosity,0.1086317434850288
Imidazolium,Carboxylate,Viscosity,0.05095348650728759
Imidazolium,Other,Viscosity,0.09993342530761629
Imidazolium,Other,Viscosity,0.02046392148215226
Imidazolium,PF6,Viscosity,0.10228753907990895
Pyridinium,NTf2,Viscosity,0.005696089394891857
Imidazolium,Hydrogen sulfate,Viscosity,0.009498595114862951
Imidazolium,NTf2,Viscosity,0.029096642232494307
Imidazolium,NTf2,Viscosity,0.017238708568176442
Imidazolium,Other,Viscosity,0.6056761635839687
Imidazolium,Other,Viscosity,0.14754093643762367
Imidazolium,NTf2,Viscosity,0.0336515893283067
Imidazolium,BF4,Viscosity,0.0310145600327707
Imidazolium,Other,Viscosity,0.003740324576972043
Quaternary ammonium,NTf2,Viscosity,0.15857147843062513
Imidazolium,Hydrogen sulfate,Viscosity,0.08262463039267853
Imidazolium,Carboxylate,Viscosity,0.0412689997094442
Phosphonium,Carboxylate,Viscosity,0.0026586374466313067
Imidazolium,PF6,Viscosity,0.0063938327570201015
Imidazolium,Other,Viscosity,0.08892914467271629
Imidazolium,PF6,Viscosity,0.08509197630245513
Pyridinium,Other,Viscosity,0.025738232839796815
Phosphonium,Carboxylate,Viscosity,0.06964258989741656
Imidazolium,Other,Viscosity,0.0049414135847858365
Imidazolium,NTf2,Viscosity,0.11658085041628596
Pyridinium,Hydrogen sulfate,Viscosity,0.23131352809113226
Quaternary ammonium,NTf2,Viscosity,0.06142915577039432
Quaternary ammonium,NTf2,Viscosity,0.07645607057836434
Quaternary ammonium,Other,Viscosity,0.010818365904845972
Pyridinium,BF4,Viscosity,0.06526713054545352
Cholinium,NTf2,Viscosity,0.058961694844025914
Imidazolium,Other,Viscosity,0.022280055487024164
Imidazolium,Other,Viscosity,0.2092631129431317
Imidazolium,NTf2,Viscosity,0.0012131308747274083
Pyridinium,NTf2,Viscosity,0.02565940311645365
Imidazolium,Hydrogen sulfate,Viscosity,0.16132743506578384
Imidazolium,Other,Viscosity,0.020861600508850664
Phosphonium,Other,Viscosity,0.05031959399815156
Imidazolium,PF6,Viscosity,0.004863287319343268
Protic ammonium,Other,Viscosity,0.02729520039575606
Imidazolium,Other,Viscosity,0.027140858215094266
Phosphonium,Other,Viscosity,0.048158251250634
Pyridinium,Other,Viscosity,0.05052115699470283
Imidazolium,Other,Viscosity,0.011679145888187747
Protic ammonium,Carboxylate,Viscosity,0.13592413103346868
Protic ammonium,Carboxylate,Viscosity,0.05479804189166604
Pyridinium,BF4,Viscosity,0.051439454769565573
Imidazolium,Other,Viscosity,0.03173946126000571
Imidazolium,Other,Viscosity,0.1483233687354053
Phosphonium,Other,Viscosity,0.021251494579469288
Imidazolium,Other,Viscosity,0.009479983132685277
Imidazolium,PF6,Viscosity,0.01621026968028705
Imidazolium,Other,Viscosity,0.010767059675707458
Imidazolium,Other,Viscosity,0.09871088756642576
Imidazolium,BF4,Viscosity,0.03841868102309132
Imidazolium,Other,Viscosity,0.2939221626687467
Pyridinium,NTf2,Viscosity,0.07121373474240045
Pyridinium,Other,Viscosity,0.15919450451146716
Imidazolium,Other,Viscosity,0.03909135676372255
Imidazolium,BF4,Viscosity,0.29908356558026616
Imidazolium,NTf2,Viscosity,0.03416441325228314
Imidazolium,NTf2,Viscosity,0.023197350378357795
Imidazolium,PF6,Viscosity,0.057276779843244086
Imidazolium,Other,Viscosity,0.019510801681898116
Phosphonium,Other,Viscosity,0.01921834016699342
Imidazolium,Other,Viscosity,0.12346315868028768
Imidazolium,Other,Viscosity,0.018600843786118038
Pyridinium,Carboxylate,Viscosity,0.0037502961775013333
Phosphonium,Other,Viscosity,0.033430856462017156
Imidazolium,Carboxylate,Viscosity,0.06201608446450857
Imidazolium,Other,Viscosity,0.009046866776265983
Imidazolium,Other,Viscosity,0.029712010144533618
Pyridinium,BF4,Viscosity,0.2768320149224653
Imidazolium,Other,Viscosity,0.12868098121473315
Imidazolium,BF4,Viscosity,0.19850424776183573
Imidazolium,Other,Viscosity,0.04609748684031256
Protic ammonium,Carboxylate,Viscosity,0.04757807720371554
Imidazolium,Other,Viscosity,0.05645707941109013
Imidazolium,Other,Viscosity,0.026241884135030258
Imidazolium,NTf2,Viscosity,0.029760809361621288
Imidazolium,Other,Viscosity,0.04076925405282039
Quaternary ammonium,Carboxylate,Viscosity,0.08616811283745052
Imidazolium,Other,Viscosity,0.008518817691054448
Imidazolium,PF6,Viscosity,0.12006290784002216
Pyridinium,NTf2,Viscosity,0.18589830639906735
Quaternary ammonium,Other,Viscosity,0.013996452836867235
Imidazolium,Hydrogen sulfate,Viscosity,0.08542209240941323
Imidazolium,Carboxylate,Viscosity,0.09092268392496328
Imidazolium,Other,Viscosity,0.04765598810131211
Quaternary ammonium,NTf2,Viscosity,0.05767498456697506
Imidazolium,NTf2,Viscosity,0.06059443253340424
Imidazolium,NTf2,Viscosity,0.013295648411157934
Imidazolium,Other,Viscosity,0.14190721364313874
Imidazolium,Hydrogen sulfate,Viscosity,0.028790241019666762
Pyridinium,NTf2,Viscosity,0.07469518365005157
Imidazolium,Other,Viscosity,0.039234299913153414
Imidazolium,PF6,Viscosity,0.08469384421535398
Pyridinium,Carboxylate,Viscosity,0.15803625131359933
Imidazolium,NTf2,Viscosity,0.267576545780436
Pyridinium,NTf2,Viscosity,0.04748581870964852
Imidazolium,PF6,Viscosity,0.0790589884721501
Imidazolium,Other,Viscosity,0.017772665615972905
Imidazolium,PF6,Viscosity,0.65402865210865
Imidazolium,Other,Viscosity,1.0899441628813382
Phosphonium,Hydrogen sulfate,Viscosity,0.34082787792142355
Quaternary ammonium,Carboxylate,Viscosity,0.06804557083648088
Quaternary ammonium,NTf2,Viscosity,0.08542663674195516
Imidazolium,Other,Viscosity,0.1426166177925836
Imidazolium,PF6,Viscosity,0.08277274960864922
Protic ammonium,Carboxylate,Viscosity,0.13547793689505805
Imidazolium,Carboxylate,Viscosity,0.013890728136165098
Imidazolium,Other,Viscosity,0.054333486563346245
Imidazolium,Other,Viscosity,0.09349614486501734
Pyridinium,NTf2,Viscosity,0.018913718350813902
Phosphonium,Carboxylate,Viscosity,0.013642800807574407
Imidazolium,PF6,Viscosity,0.009953249865908953
Imidazolium,Other,Viscosity,0.02651268730598666
Protic ammonium,Other,Viscosity,0.12865386326453887
Phosphonium,Other,Viscosity,0.10853944695474027
Imidazolium,Other,Viscosity,0.06601003013459117
Imidazolium,PF6,Viscosity,0.003205793448728844
Pyridinium,Other,Viscosity,0.13353468671699487
Imidazolium,NTf2,Viscosity,0.003913987260123708
Imidazolium,Other,Viscosity,0.013594605541817018
Imidazolium,PF6,Viscosity,0.0015432333813372168
Imidazolium,Carboxylate,Viscosity,0.07206652019417326
Imidazolium,NTf2,Viscosity,0.005547025251130933
Imidazolium,Other,Viscosity,0.031128961845619862
Pyridinium,NTf2,Viscosity,0.21616060308906482
Pyridinium,Other,Viscosity,0.12740250311903445
Pyridinium,NTf2,Viscosity,0.23915107332632468
Imidazolium,Other,Viscosity,0.2622965015424361
Imidazolium,Carboxylate,Viscosity,0.9570203895902538
Imidazolium,Other,Viscosity,0.19804622126242544
Imidazolium,Other,Viscosity,0.08327633218300612
Imidazolium,PF6,Viscosity,0.08073519912831517
Imidazolium,Other,Viscosity,0.2960608119371211
Protic ammonium,Carboxylate,Viscosity,0.0023278425028607774
Imidazolium,Hydrogen sulfate,Viscosity,0.06466005558811039
Imidazolium,BF4,Viscosity,0.14430154113550842
Imidazolium,NTf2,Viscosity,0.016002593424661704
Imidazolium,NTf2,Viscosity,0.11058675144224095
Imidazolium,Other,Viscosity,0.04839153610964608
Imidazolium,Other,Viscosity,0.07204330470468046
Imidazolium,PF6,Viscosity,0.022752947521620825
Imidazolium,Other,Viscosity,0.2111980090768526
Pyridinium,NTf2,Viscosity,0.002924936370898301
Phosphonium,Other,Viscosity,0.0931494458508455
Pyridinium,NTf2,Viscosity,0.13461129568022479
Imidazolium,NTf2,Viscosity,0.057166435520894066
Imidazolium,Other,Viscosity,0.10462474361128349
Imidazolium,Carboxylate,Viscosity,0.09721541121090738
Imidazolium,NTf2,Viscosity,0.007006658285934275
Phosphonium,Other,Viscosity,0.04934850853923334
Imidazolium,Carboxylate,Viscosity,0.06266342537336289
Protic ammonium,Carboxylate,Viscosity,0.059057179842868956
Pyridinium,NTf2,Viscosity,0.016060121067063005
Quaternary ammonium,NTf2,Viscosity,0.11942977435169899
Pyridinium,NTf2,Viscosity,0.06511309392279419
Imidazolium,Other,Viscosity,0.2990251333368998
Protic ammonium,Carboxylate,Viscosity,0.06531915015070355
Imidazolium,Other,Viscosity,0.09241160739728205
Imidazolium,Other,Viscosity,0.05038410797114956
Pyridinium,Other,Viscosity,0.09528791572368744
Imidazolium,Other,Viscosity,0.09589425281365083
Quaternary ammonium,Carboxylate,Viscosity,0.09091609012052526
Imidazolium,NTf2,Viscosity,0.010450770396856601
Phosphonium,Other,Viscosity,0.10341148819963397
Imidazolium,Other,Viscosity,0.026390137995496055
Pyridinium,NTf2,Viscosity,0.04567081855116406
Pyridinium,Hydrogen sulfate,Viscosity,0.044559042644896074
Pyridinium,NTf2,Viscosity,0.1642612939213688
Phosphonium,Other,Viscosity,0.06439103359170772
Phosphonium,NTf2,Viscosity,0.19118328761959247
Imidazolium,Other,Viscosity,0.024794211472097594
Imidazolium,Other,Viscosity,0.1169289990883362
Imidazolium,Other,Viscosity,0.055833748872478495
Phosphonium,Other,Viscosity,0.02217653075149517
Imidazolium,Other,Viscosity,0.06810413419091099
Quaternary ammonium,NTf2,Viscosity,0.014568478994861689
Phosphonium,Other,Viscosity,0.0007186199406521432
Imidazolium,Carboxylate,Viscosity,0.01803926269365075
Imidazolium,NTf2,Viscosity,0.029207587922993827
Imidazolium,Other,Viscosity,0.26299614831256735
Phosphonium,Other,Viscosity,0.5272854970548264
Protic ammonium,Carboxylate,Viscosity,0.555627018318178
Quaternary ammonium,NTf2,Viscosity,0.08725478246695806
Quaternary ammonium,NTf2,Viscosity,0.042099946822019785
Imidazolium,NTf2,Viscosity,0.03501875311441083
Imidazolium,Hydrogen sulfate,Viscosity,0.0019127531864651104
Imidazolium,BF4,Viscosity,0.3581911196328287
Imidazolium,NTf2,Viscosity,0.11376075664541485
Imidazolium,Other,Viscosity,0.017638785693751435
Protic ammonium,Carboxylate,Viscosity,0.6716969722263315
Imidazolium,Other,Viscosity,0.03861930213121667
Imidazolium,Other,Viscosity,0.016118528273518562
Imidazolium,Other,Viscosity,0.23498313340628707
Pyridinium,NTf2,Viscosity,0.04725710989639076
Imidazolium,NTf2,Viscosity,0.15457537852385017
Phosphonium,Carboxylate,Viscosity,0.036647844077392744
Imidazolium,PF6,Viscosity,0.21836157924987853
Protic ammonium,Carboxylate,Viscosity,0.05756904501503968
Imidazolium,Other,Viscosity,0.03485802255339454
Imidazolium,Hydrogen sulfate,Viscosity,0.10676794582132865
Imidazolium,Other,Viscosity,0.10896322878435871
Imidazolium,Other,Viscosity,0.05118278015851363
Imidazolium,NTf2,Viscosity,0.11707219123759094
Imidazolium,NTf2,Viscosity,0.05401488820039324
Imidazolium,Other,Viscosity,0.47539543864066824
Imidazolium,Other,Viscosity,0.039683306520974515
Imidazolium,Other,Viscosity,1.2145053349712098
Imidazolium,Other,Viscosity,0.04973948880003043
Imidazolium,Other,Viscosity,0.06835406434009927
Pyridinium,Hydrogen sulfate,Viscosity,0.14904350761006624
Pyridinium,NTf2,Viscosity,0.20991969138208866
Protic ammonium,Carboxylate,Viscosity,0.4998458345704404
Imidazolium,PF6,Viscosity,0.04351400992672616
Phosphonium,Other,Viscosity,0.025309129888144932
Imidazolium,Other,Viscosity,0.01192090802200474
Pyridinium,NTf2,Viscosity,0.21949273281196113
Cholinium,Carboxylate,Viscosity,0.4208493168515558
Cholinium,NTf2,Viscosity,0.06067321617867322
Imidazolium,PF6,Viscosity,0.029431319428485314
Pyridinium,BF4,Viscosity,0.016914728827584824
Imidazolium,Other,Viscosity,0.5761690647974209
Quaternary ammonium,Other,Viscosity,0.04751826376083779
Imidazolium,Hydrogen sulfate,Viscosity,0.007754452829625169
Imidazolium,NTf2,Viscosity,0.04199863816204852
Quaternary ammonium,Other,Viscosity,0.014394842991267254
Cholinium,NTf2,Viscosity,0.000710001410462624
Imidazolium,BF4,Viscosity,0.0011101128724755327
Quaternary ammonium,NTf2,Viscosity,0.07377725130283475
Imidazolium,Other,Viscosity,0.02471889770683955
Imidazolium,NTf2,Viscosity,0.06577802800982147
Pyridinium,NTf2,Viscosity,0.012213908236776594
Imidazolium,Other,Viscosity,0.10710096580906114
Imidazolium,Other,Viscosity,0.1246874322481566
Imidazolium,NTf2,Viscosity,0.12741330289086505
Imidazolium,Carboxylate,Viscosity,0.0029295028367606335
Imidazolium,BF4,Viscosity,0.05114628985616143
Imidazolium,NTf2,Viscosity,0.03981886503267962
Imidazolium,Other,Viscosity,0.2162642025635747
Phosphonium,Other,Viscosity,0.5186619432101502
Imidazolium,Hydrogen sulfate,Viscosity,0.03207952442819351
Phosphonium,Other,Viscosity,0.07268560051823636
Imidazolium,Other,Viscosity,0.12952417983985498
Imidazolium,Other,Viscosity,0.18464102266529456
Imidazolium,Hydrogen sulfate,Viscosity,0.15326500911476615
Imidazolium,NTf2,Viscosity,0.08537843553698332
Imidazolium,Other,Viscosity,0.007037958941369382
Imidazolium,Hydrogen sulfate,Viscosity,0.1470330925931349
Phosphonium,Other,Viscosity,0.009165587961839972
Imidazolium,Other,Viscosity,0.004438630336793814
Quaternary ammonium,NTf2,Viscosity,0.08941744063585899
Imidazolium,Other,Viscosity,0.024037007419510648
Imidazolium,Other,Viscosity,0.059067674367567324
Imidazolium,Other,Viscosity,0.008399396442615226
Imidazolium,Other,Viscosity,0.005127418244169846
Imidazolium,Other,Viscosity,0.13693734231187404
Imidazolium,Other,Viscosity,0.026444433205768725
Pyridinium,NTf2,Viscosity,0.055300277879519744
Imidazolium,Carboxylate,Viscosity,0.2625471164073705
Imidazolium,Other,Viscosity,0.2252270547715547
Pyridinium,NTf2,Viscosity,0.01860250831485466
Imidazolium,Other,Viscosity,0.7631336985077204
Phosphonium,Other,Viscosity,0.726312204289371
Imidazolium,Other,Viscosity,0.08714693582354505
Phosphonium,Other,Viscosity,0.03666543739028594
Pyridinium,Other,Viscosity,0.0386119970500749
Imidazolium,Other,Viscosity,0.22290439695787434
Imidazolium,Other,Viscosity,0.2048535830226248
Imidazolium,Other,Viscosity,0.007273650320189784
Imidazolium,Other,Viscosity,0.03235298933841868
Imidazolium,Other,Viscosity,0.09837989769578925
Imidazolium,Other,Viscosity,0.05223965730990843
Protic ammonium,Carboxylate,Viscosity,0.009537100249068953
Imidazolium,Other,Viscosity,0.01852896460179032
Imidazolium,PF6,Viscosity,0.028206629518449766
Imidazolium,PF6,Viscosity,0.04362185389904116
Imidazolium,Other,Viscosity,0.019232370975989177
Cholinium,NTf2,Viscosity,0.04408059214293836
Imidazolium,NTf2,Viscosity,0.03418057670822083
Imidazolium,Other,Viscosity,0.012386790011185589
Imidazolium,Other,Viscosity,0.1480100180978543
Imidazolium,Other,Viscosity,0.15844849921811743
Imidazolium,Other,Viscosity,0.16684480806626212
Imidazolium,Hydrogen sulfate,Viscosity,0.05993272048381648
Phosphonium,Carboxylate,Viscosity,0.11817510473034831
Quaternary ammonium,NTf2,Viscosity,0.009133575416859774
Phosphonium,Other,Viscosity,0.2490633392662256
Imidazolium,Other,Viscosity,0.07239508948755446
Quaternary ammonium,NTf2,Viscosity,0.01079287263415818
Imidazolium,NTf2,Viscosity,0.5666872297708443
Phosphonium,Other,Viscosity,0.05877588979116233
Phosphonium,Other,Viscosity,0.027132722325696634
Pyridinium,BF4,Viscosity,0.0631275633881625
Imidazolium,Other,Viscosity,0.041610537715048856
Imidazolium,Other,Viscosity,0.10388359543205361
Quaternary ammonium,Carboxylate,Viscosity,0.01767601260794871
Phosphonium,Other,Viscosity,0.1406115497104259
Imidazolium,NTf2,Viscosity,0.06005124500778214
Imidazolium,Other,Viscosity,0.20102176786590764
Imidazolium,Other,Viscosity,0.04733607842208704
Phosphonium,Other,Viscosity,0.05744376344313151
Imidazolium,Other,Viscosity,0.24471138652188085
Protic ammonium,Other,Viscosity,0.04978558660912569
Imidazolium,Other,Viscosity,0.02639717525779428
Imidazolium,NTf2,Viscosity,0.051987738218084445
Pyridinium,NTf2,Viscosity,0.0650191063904626
Imidazolium,BF4,Viscosity,0.00519262831907108
Imidazolium,Other,Viscosity,0.034670238398108344
Imidazolium,BF4,Viscosity,0.01935981177011392
Imidazolium,Other,Viscosity,0.04663939674938211
Imidazolium,NTf2,Viscosity,0.010751717215939038
Pyridinium,NTf2,Viscosity,0.043201189387472416
Pyridinium,BF4,Viscosity,0.04441509571343305
Imidazolium,Other,Viscosity,0.12746590814214054
Imidazolium,Other,Viscosity,0.10729454524907323
Imidazolium,NTf2,Viscosity,0.032347437303843485
Imidazolium,NTf2,Viscosity,0.00853093304121666
Phosphonium,Hydrogen sulfate,Viscosity,0.13715439224829318
Imidazolium,Other,Viscosity,0.2335859672257028
Imidazolium,Other,Viscosity,0.452535988945566
Imidazolium,Other,Viscosity,0.047244761763651555
Imidazolium,Other,Viscosity,0.15636737429104297
Imidazolium,Other,Viscosity,0.15411030028291028
Imidazolium,Other,Viscosity,0.030926868459302703
Imidazolium,Other,Viscosity,0.47055935587747166
Imidazolium,NTf2,Viscosity,0.08696745445642184
Imidazolium,NTf2,Viscosity,0.09667039594314408
Imidazolium,BF4,Viscosity,0.008651328434038597
Quaternary ammonium,Other,Viscosity,0.5262200923452589
Imidazolium,Other,Viscosity,0.2783901293685487
Imidazolium,Other,Viscosity,0.010038738853872964
Pyridinium,NTf2,Viscosity,0.10161527608609555
Imidazolium,PF6,Viscosity,0.028864645265071598
Imidazolium,Hydrogen sulfate,Viscosity,0.020626000695161295
Imidazolium,Other,Viscosity,0.025739311662637654
Imidazolium,NTf2,Viscosity,0.037917686919148874
Imidazolium,Other,Viscosity,0.022148171568873387
Imidazolium,Other,Viscosity,0.006757289953098322
Protic ammonium,Other,Viscosity,0.052298616031829503
Imidazolium,Carboxylate,Viscosity,0.02615792113346682
Imidazolium,Other,Viscosity,0.20588628593383174
Imidazolium,NTf2,Viscosity,0.08274303638242975
Imidazolium,Hydrogen sulfate,Viscosity,0.1041882502601923
Imidazolium,Other,Viscosity,0.08145357241621642
Imidazolium,Other,Viscosity,0.03910829789740777
Imidazolium,Other,Viscosity,0.021759722343336785
Imidazolium,Other,Viscosity,0.04227290727856392
Imidazolium,Other,Viscosity,0.052818927209324684
Pyridinium,NTf2,Viscosity,0.04779645618926086
Imidazolium,Other,Viscosity,0.1204564645814794
Imidazolium,Other,Viscosity,0.008194024970752167
Quaternary ammonium,Other,Viscosity,0.04774554779740381
Imidazolium,Carboxylate,Viscosity,0.09522781322924434
Imidazolium,PF6,Viscosity,0.013631240637735242
Imidazolium,Other,Viscosity,0.09930948721091903
Quaternary ammonium,NTf2,Viscosity,0.017573912267193847
Quaternary ammonium,Carboxylate,Viscosity,0.05913860669583482
Pyridinium,NTf2,ElectricalConductivity,0.07337518347380367
Pyridinium,NTf2,ElectricalConductivity,0.07036439964786381
Pyridinium,NTf2,ElectricalConductivity,0.050534252389287604
Imidazolium,Other,ElectricalConductivity,0.2020753589595199
Imidazolium,BF4,ElectricalConductivity,0.0524500979974567
Pyridinium,Other,ElectricalConductivity,0.03156346784183567
Imidazolium,Carboxylate,ElectricalConductivity,0.04441208752985082
Phosphonium,Other,ElectricalConductivity,0.8909033603687515
Imidazolium,NTf2,ElectricalConductivity,0.03568908732207632
Imidazolium,Other,ElectricalConductivity,0.026741667137761715
Pyridinium,Other,ElectricalConductivity,0.1885079445434332
Imidazolium,Carboxylate,ElectricalConductivity,0.04103482780651069
Imidazolium,Carboxylate,ElectricalConductivity,0.08142518084335237
Quaternary ammonium,NTf2,ElectricalConductivity,0.1288838466559079
Imidazolium,BF4,ElectricalConductivity,0.055376557051564745
Pyridinium,NTf2,ElectricalConductivity,0.03724900875128351
Phosphonium,Other,ElectricalConductivity,0.07750562790646853
Imidazolium,Other,ElectricalConductivity,0.4251672032974352
Imidazolium,Other,ElectricalConductivity,0.07723930724335815
Pyridinium,NTf2,ElectricalConductivity,0.0008319497478255222
Pyridinium,Other,ElectricalConductivity,0.014780308535418951
Imidazolium,NTf2,ElectricalConductivity,0.01055624252981241
Imidazolium,NTf2,ElectricalConductivity,0.028958245582238584
Protic ammonium,Carboxylate,ElectricalConductivity,3.290691654689498
Imidazolium,Other,ElectricalConductivity,0.03206535639163044
Imidazolium,Other,ElectricalConductivity,0.09010357176247033
Protic ammonium,Carboxylate,ElectricalConductivity,0.1920090604633249
Imidazolium,Other,ElectricalConductivity,0.11240781905805175
Imidazolium,NTf2,ElectricalConductivity,0.04385707267104877
Imidazolium,NTf2,ElectricalConductivity,0.03760479063871042
Imidazolium,BF4,ElectricalConductivity,0.2479405939108914
Phosphonium,Other,ElectricalConductivity,0.06936177865120818
Phosphonium,Other,ElectricalConductivity,0.25649461348825175
Imidazolium,Other,ElectricalConductivity,0.6825311796976501
Imidazolium,Other,ElectricalConductivity,0.044670858975842664
Imidazolium,BF4,ElectricalConductivity,0.08730423069014381
Imidazolium,BF4,ElectricalConductivity,0.020735285167747808
Imidazolium,NTf2,ElectricalConductivity,0.038768220684113563
Imidazolium,NTf2,ElectricalConductivity,0.04416285103548563
Imidazolium,BF4,ElectricalConductivity,0.08611006592774156
Quaternary ammonium,NTf2,ElectricalConductivity,0.26045732311195113
Phosphonium,Carboxylate,ElectricalConductivity,0.0660677806550165
Phosphonium,Carboxylate,ElectricalConductivity,0.09198861888821153
Imidazolium,Carboxylate,ElectricalConductivity,0.08648631205686907
Phosphonium,Carboxylate,ElectricalConductivity,0.15872703995779514
Imidazolium,PF6,ElectricalConductivity,0.07672240867706384
Imidazolium,Hydrogen sulfate,ElectricalConductivity,0.04830490094563111
Imidazolium,NTf2,ElectricalConductivity,0.3431141710011255
Imidazolium,Other,ElectricalConductivity,0.03620259732880293
Imidazolium,BF4,ElectricalConductivity,0.07806180742524282
Pyridinium,BF4,ElectricalConductivity,0.005158523296266315
Pyridinium,BF4,ElectricalConductivity,0.2601870522408239
Imidazolium,Other,ElectricalConductivity,0.2634740800850818
Imidazolium,Other,ElectricalConductivity,0.06295287951948714
Imidazolium,Other,ElectricalConductivity,0.0195146931687058
Imidazolium,NTf2,ElectricalConductivity,0.11041640251392337
Imidazolium,Other,ElectricalConductivity,0.08276989432006232
Pyridinium,Carboxylate,ElectricalConductivity,0.23121311965689184
Imidazolium,BF4,ElectricalConductivity,0.7359263116995094
Imidazolium,Other,ElectricalConductivity,0.6060343488228774
Imidazolium,Other,ElectricalConductivity,0.16824549282289247
Imidazolium,Other,ElectricalConductivity,0.050963566901233326
Pyridinium,NTf2,ElectricalConductivity,0.17666391704431617
Pyridinium,NTf2,ElectricalConductivity,0.03574665718369474
Imidazolium,NTf2,ElectricalConductivity,0.02247120282924986
Imidazolium,BF4,ElectricalConductivity,0.06793133083372105
Imidazolium,PF6,ElectricalConductivity,0.12442996120066407
Imidazolium,Other,ElectricalConductivity,0.03213262891430935
Phosphonium,NTf2,ElectricalConductivity,0.16466710850352906
Imidazolium,Carboxylate,ElectricalConductivity,0.2503929221441843
Imidazolium,Other,ElectricalConductivity,0.044999564584646545
Phosphonium,Carboxylate,ElectricalConductivity,0.0452395498026279
Imidazolium,BF4,ElectricalConductivity,0.14735879543192354
Imidazolium,NTf2,ElectricalConductivity,0.0010123797675050394
Imidazolium,Other,ElectricalConductivity,0.019932882207553848
Pyridinium,NTf2,ElectricalConductivity,0.03672711618268251
Imidazolium,Other,ElectricalConductivity,0.015425908252710396
Imidazolium,BF4,ElectricalConductivity,0.04172056710097094
Imidazolium,Carboxylate,ElectricalConductivity,0.06556202886994122
Imidazolium,Other,ElectricalConductivity,0.14116256867328847
Quaternary ammonium,NTf2,ElectricalConductivity,0.27812024231646504
Imidazolium,Other,ElectricalConductivity,0.038745131992415305
Imidazolium,NTf2,ElectricalConductivity,0.5706022347005266
Imidazolium,Other,ElectricalConductivity,0.005529232369612114
Imidazolium,Hydrogen sulfate,ElectricalConductivity,0.22247992361590563
Pyridinium,NTf2,ElectricalConductivity,0.15475550021292328
Imidazolium,BF4,ElectricalConductivity,0.20605536990066575
Protic ammonium,Other,ElectricalConductivity,0.6907887642725901
Phosphonium,Carboxylate,ElectricalConductivity,0.0537141938075365
Imidazolium,NTf2,ElectricalConductivity,0.07622827162554535
Phosphonium,Carboxylate,ElectricalConductivity,0.06855969201105339
Imidazolium,PF6,ElectricalConductivity,0.09926062737060937
Imidazolium,Other,ElectricalConductivity,0.09415495840761534
Imidazolium,BF4,ElectricalConductivity,0.039829654140318915
Cholinium,Carboxylate,ElectricalConductivity,0.16162784916155637
Imidazolium,Other,ElectricalConductivity,0.03459569827523623
Imidazolium,Other,ElectricalConductivity,0.026806361131815892
Imidazolium,NTf2,ElectricalConductivity,0.08542232450787268
Imidazolium,NTf2,ElectricalConductivity,0.018083132761414933
Imidazolium,Other,ElectricalConductivity,0.0868650508149571
Imidazolium,NTf2,ElectricalConductivity,0.10411180382095386
Pyridinium,Other,ElectricalConductivity,0.08676355736175356
Imidazolium,Carboxylate,ElectricalConductivity,0.05382541043345723
Quaternary ammonium,Other,ElectricalConductivity,0.020754919680986195
Quaternary ammonium,NTf2,ElectricalConductivity,0.018561663436292508
Imidazolium,BF4,ElectricalConductivity,0.009864057810895971
Imidazolium,NTf2,ElectricalConductivity,0.09802486503992947
Imidazolium,NTf2,ElectricalConductivity,0.009144637416073076
Protic ammonium,Carboxylate,ElectricalConductivity,0.24622296520279363
Imidazolium,BF4,ElectricalConductivity,0.0057167972503512215
Imidazolium,NTf2,ElectricalConductivity,0.024302361013533003
Imidazolium,NTf2,ElectricalConductivity,0.0036659620204542165
Protic ammonium,Other,ElectricalConductivity,0.14189319686150115
Protic ammonium,Other,ElectricalConductivity,0.09149706461469953
Imidazolium,Hydrogen sulfate,ElectricalConductivity,0.040076687144730956
Imidazolium,Other,ElectricalConductivity,0.535058686370182
Pyridinium,Other,ElectricalConductivity,0.23092415212677986
Phosphonium,Other,ElectricalConductivity,0.25633345290395004
Imidazolium,BF4,ElectricalConductivity,0.16835447178506957
Imidazolium,Other,ElectricalConductivity,0.11539855692309686
Imidazolium,Other,ElectricalConductivity,2.555508444153158
Phosphonium,Other,ElectricalConductivity,0.014229247470582518
Imidazolium,NTf2,ElectricalConductivity,0.011217843843249309
Pyridinium,Other,ElectricalConductivity,0.21095914264376903
Imidazolium,NTf2,ElectricalConductivity,0.041029181513179136
Imidazolium,Hydrogen sulfate,ElectricalConductivity,0.2738794836717888
Phosphonium,NTf2,ElectricalConductivity,0.05314009030192113
Imidazolium,Other,ElectricalConductivity,0.039701575184907245
Imidazolium,PF6,ElectricalConductivity,0.008989702352049322
Phosphonium,Carboxylate,ElectricalConductivity,0.09188136491449495
Phosphonium,NTf2,ElectricalConductivity,0.036594599892586954
Imidazolium,PF6,ElectricalConductivity,0.04255194697192832
Pyridinium,NTf2,ElectricalConductivity,0.06979070009510055
Phosphonium,Other,ElectricalConductivity,0.1557253990152221
Pyridinium,NTf2,ElectricalConductivity,0.03834474881347372
Imidazolium,Other,ElectricalConductivity,0.05098382048503369
Imidazolium,Other,ElectricalConductivity,0.055639920133499055
Imidazolium,NTf2,ElectricalConductivity,0.06235514758575267
Imidazolium,NTf2,ElectricalConductivity,0.0890458472348985
Imidazolium,NTf2,ElectricalConductivity,0.0860869211671556
Imidazolium,Other,ElectricalConductivity,0.019013698806834914
Protic ammonium,Other,ElectricalConductivity,0.15341869223762117
Imidazolium,Other,ElectricalConductivity,0.21812472581109343
Pyridinium,NTf2,ElectricalConductivity,0.07872565612640259
Pyridinium,BF4,ElectricalConductivity,0.010442187509109413
Imidazolium,Carboxylate,ElectricalConductivity,0.08992514707588017
Pyridinium,BF4,ElectricalConductivity,0.0034220520026566614
Pyridinium,Carboxylate,ElectricalConductivity,0.14532532147293775
Imidazolium,Other,ElectricalConductivity,0.06205710068692985
Phosphonium,Other,ElectricalConductivity,0.018859317595701697
Imidazolium,NTf2,ElectricalConductivity,0.07632618995080157
Pyridinium,BF4,ElectricalConductivity,0.007706166765627853
Pyridinium,BF4,ElectricalConductivity,0.13297196231983976
Imidazolium,Other,ElectricalConductivity,0.09235036075977726
Pyridinium,NTf2,ElectricalConductivity,0.11625410795147628
Quaternary ammonium,Carboxylate,ElectricalConductivity,0.15485313820635715
Imidazolium,Other,ElectricalConductivity,0.114320484631616
Imidazolium,Other,ElectricalConductivity,0.2888904472252831
Phosphonium,NTf2,ElectricalConductivity,0.3545248815974844
Pyridinium,NTf2,ElectricalConductivity,0.006333383358764877
Pyridinium,NTf2,ElectricalConductivity,0.027983205709586567
Imidazolium,PF6,ElectricalConductivity,0.017551742057127395
Imidazolium,BF4,ElectricalConductivity,0.03234975130616635
Imidazolium,Other,ElectricalConductivity,0.058250170597773376
Phosphonium,Other,ElectricalConductivity,0.18710977093241077
Pyridinium,NTf2,ElectricalConductivity,0.07784936546544383
Imidazolium,Other,ElectricalConductivity,0.025934071557720872
Imidazolium,NTf2,ElectricalConductivity,0.012570275102334438
Quaternary ammonium,NTf2,ElectricalConductivity,0.07336853922124442
Imidazolium,BF4,ElectricalConductivity,0.1234579530829713
Phosphonium,NTf2,ElectricalConductivity,0.09585895203504824
Imidazolium,Other,ElectricalConductivity,13.190881724697308
Pyridinium,BF4,ElectricalConductivity,0.00773975852768094
Imidazolium,Other,ElectricalConductivity,0.148240389375335
Imidazolium,Hydrogen sulfate,ElectricalConductivity,0.027619185650093137
Imidazolium,Carboxylate,ElectricalConductivity,0.2571121487590351
Imidazolium,NTf2,ElectricalConductivity,0.0705268165618087
Pyridinium,NTf2,ElectricalConductivity,0.08254733989801477
Protic ammonium,Carboxylate,ElectricalConductivity,0.054395928844797714
Imidazolium,NTf2,ElectricalConductivity,0.09729367749685525
Imidazolium,NTf2,ElectricalConductivity,0.05061282488879526
Quaternary ammonium,NTf2,ElectricalConductivity,0.10203039915531598
Protic ammonium,Other,ElectricalConductivity,0.13802640797666865
Imidazolium,Hydrogen sulfate,ElectricalConductivity,0.07955580448297006
Pyridinium,NTf2,ElectricalConductivity,0.06353220362347103
Imidazolium,Other,ElectricalConductivity,0.019300878783037767
Pyridinium,BF4,ElectricalConductivity,0.03496312265170215
Imidazolium,Other,ElectricalConductivity,0.06432939244168856
Pyridinium,NTf2,ElectricalConductivity,0.03148524409063583
Imidazolium,NTf2,ElectricalConductivity,0.07026291070816137
Imidazolium,PF6,ElectricalConductivity,0.03347629929210383
Imidazolium,NTf2,ElectricalConductivity,0.022120535325936483
Imidazolium,Other,ElectricalConductivity,0.008576854028827366
Imidazolium,BF4,ElectricalConductivity,0.040100326659476826
Imidazolium,Other,ElectricalConductivity,0.03465392892091773
Imidazolium,NTf2,ElectricalConductivity,0.017694089018856385
Imidazolium,Other,ElectricalConductivity,0.06291577040599045
Imidazolium,Other,ElectricalConductivity,0.707589696871608
Protic ammonium,Carboxylate,ElectricalConductivity,0.03328623917191287
Imidazolium,Carboxylate,ElectricalConductivity,0.011503335293920447
Quaternary ammonium,NTf2,ElectricalConductivity,0.2189876921635019
Quaternary ammonium,NTf2,ElectricalConductivity,0.00046060421683025154
Quaternary ammonium,Carboxylate,ElectricalConductivity,0.017648668568872705
Imidazolium,Other,ElectricalConductivity,0.02350370582581418
Imidazolium,BF4,ElectricalConductivity,0.7773569741409672
Imidazolium,NTf2,ElectricalConductivity,0.09472386364964969
Phosphonium,Carboxylate,ElectricalConductivity,0.09954182931022171
Imidazolium,NTf2,ElectricalConductivity,0.05776864843013085
Imidazolium,NTf2,ElectricalConductivity,0.06882979500744807
Pyridinium,BF4,ElectricalConductivity,0.07459223327573405
Imidazolium,NTf2,ElectricalConductivity,0.04352973302014107
Phosphonium,Other,ElectricalConductivity,0.07169941842091143
Phosphonium,Other,ElectricalConductivity,0.0829489763983724
Imidazolium,NTf2,ElectricalConductivity,0.004665339019690906
Imidazolium,Other,ElectricalConductivity,0.035497735186135415
Pyridinium,NTf2,ElectricalConductivity,0.05137797304093927
Imidazolium,Other,ElectricalConductivity,0.1678389080761855
Imidazolium,NTf2,ElectricalConductivity,0.059584039913968545
Imidazolium,Hydrogen sulfate,ElectricalConductivity,0.009669818441659817
Imidazolium,NTf2,ElectricalConductivity,0.005037556478524885
Quaternary ammonium,NTf2,ElectricalConductivity,0.017965804484624037
Pyridinium,NTf2,ElectricalConductivity,0.03148806865049503
Imidazolium,Other,ElectricalConductivity,0.0707592049719632
Imidazolium,PF6,ElectricalConductivity,0.0367740336610817
Imidazolium,NTf2,ElectricalConductivity,0.05063222834543235
Imidazolium,Carboxylate,ElectricalConductivity,0.0012683895064669048
Imidazolium,BF4,ElectricalConductivity,0.037850876341866346
Imidazolium,NTf2,ElectricalConductivity,0.062356929468760036
Protic ammonium,Other,ElectricalConductivity,0.05886133357328349
Phosphonium,Carboxylate,ElectricalConductivity,0.09341386477844171
Protic ammonium,Carboxylate,ElectricalConductivity,0.0842246775871136
Imidazolium,Other,ElectricalConductivity,0.044386293928663
Imidazolium,BF4,ElectricalConductivity,0.17444894455992888
Imidazolium,NTf2,ElectricalConductivity,0.2298578875521335
Imidazolium,PF6,ElectricalConductivity,0.34532689221401014
Imidazolium,NTf2,ElectricalConductivity,0.019097157475504195
Imidazolium,Carboxylate,ElectricalConductivity,0.05028641279902362
Imidazolium,BF4,ElectricalConductivity,0.18893897549934668
Imidazolium,Other,ElectricalConductivity,0.10230952325313677
Imidazolium,Other,ElectricalConductivity,0.0687566414739158
Imidazolium,NTf2,ElectricalConductivity,0.1199142041800747
Imidazolium,Other,ElectricalConductivity,0.05612542941203702
Imidazolium,Hydrogen sulfate,ElectricalConductivity,0.3072551051772704
Quaternary ammonium,NTf2,ElectricalConductivity,0.027161111002054206
Phosphonium,NTf2,ElectricalConductivity,0.18785804370319736
Protic ammonium,Other,ElectricalConductivity,0.16445894959441465
Imidazolium,Other,ElectricalConductivity,0.0622888740715945
Pyridinium,NTf2,ElectricalConductivity,0.002978131418553076
Imidazolium,BF4,ElectricalConductivity,0.08888435903750103
Imidazolium,NTf2,ElectricalConductivity,0.1021180435281511
Imidazolium,PF6,ElectricalConductivity,0.056726537494318
Imidazolium,PF6,ElectricalConductivity,0.04736520150935419
Phosphonium,Other,ElectricalConductivity,0.1629524467619885
Pyridinium,NTf2,ElectricalConductivity,0.28915155900514156
Imidazolium,PF6,ElectricalConductivity,0.014050749148873276
Imidazolium,NTf2,ElectricalConductivity,0.02035566066978811
Imidazolium,NTf2,ElectricalConductivity,0.028148840145229448
Imidazolium,PF6,ElectricalConductivity,0.028208616236021
Imidazolium,PF6,ElectricalConductivity,0.04873433338267974
Imidazolium,NTf2,ElectricalConductivity,0.42241499470481986
Imidazolium,Other,ElectricalConductivity,0.2492353211270247
Imidazolium,Other,ElectricalConductivity,0.03901268718286604
Imidazolium,Other,ElectricalConductivity,0.02318711507379656
Phosphonium,Other,ElectricalConductivity,0.20548321580696172
Imidazolium,Carboxylate,ElectricalConductivity,0.09309454984467119
Imidazolium,Hydrogen sulfate,ElectricalConductivity,0.01639687887665775
Imidazolium,Other,ElectricalConductivity,0.09478197845815517
Imidazolium,Other,ElectricalConductivity,0.20441719583778695
Imidazolium,Other,ElectricalConductivity,0.05670504132374288
Quaternary ammonium,NTf2,ElectricalConductivity,0.23345447163869082
Imidazolium,BF4,ElectricalConductivity,0.029939824876100696
Imidazolium,BF4,ElectricalConductivity,0.08401106198547337
Imidazolium,NTf2,ElectricalConductivity,0.01791654041014823
Pyridinium,BF4,ElectricalConductivity,0.017694334567599057
Imidazolium,Other,ElectricalConductivity,0.02068754506895376
Protic ammonium,Carboxylate,ElectricalConductivity,0.2019311260096286
Quaternary ammonium,NTf2,ElectricalConductivity,0.014180659066877155
Pyridinium,BF4,ElectricalConductivity,0.07818613315596146
Imidazolium,Other,ElectricalConductivity,0.05707569027980619
Imidazolium,Other,ElectricalConductivity,0.2605666509545571
Imidazolium,Hydrogen sulfate,ElectricalConductivity,0.03287013220203083
Protic ammonium,Carboxylate,ElectricalConductivity,1.9946674930276926
Imidazolium,Carboxylate,ElectricalConductivity,0.24473992968037084
Pyridinium,Carboxylate,ElectricalConductivity,0.028623505499496105
Imidazolium,NTf2,ElectricalConductivity,0.05544919775219126
Imidazolium,Other,ElectricalConductivity,0.19029458049319192
Imidazolium,Other,ElectricalConductivity,0.043689932223559325
Imidazolium,Hydrogen sulfate,ElectricalConductivity,0.006160863868775169
Imidazolium,Other,ElectricalConductivity,0.7176176796188949
Imidazolium,Carboxylate,ElectricalConductivity,0.046033017419767175
Imidazolium,PF6,ElectricalConductivity,0.02898697649424742
Imidazolium,Other,ElectricalConductivity,0.029815886395955005
Pyridinium,BF4,ElectricalConductivity,0.0047729118467102205
Imidazolium,BF4,ElectricalConductivity,0.4941791083160605
Phosphonium,Other,ElectricalConductivity,0.2916772697976304
Imidazolium,NTf2,ElectricalConductivity,0.0695930318430447
Protic ammonium,Carboxylate,ElectricalConductivity,0.0696469314914161
Imidazolium,Other,ElectricalConductivity,0.1089130352522858
Imidazolium,Other,ElectricalConductivity,0.5206178829354842
Imidazolium,BF4,ElectricalConductivity,0.1549732585250571
Imidazolium,BF4,ElectricalConductivity,0.009483237323075544
Phosphonium,NTf2,ElectricalConductivity,0.18323801240342275
Imidazolium,Hydrogen sulfate,ElectricalConductivity,0.17283511966840476
Imidazolium,Other,ElectricalConductivity,3.9783694496244637
Imidazolium,Carboxylate,ElectricalConductivity,0.11709592824321913
Imidazolium,NTf2,ElectricalConductivity,0.21142510495670003
Pyridinium,NTf2,ElectricalConductivity,0.10960102019300055
Phosphonium,NTf2,ElectricalConductivity,0.01790985460709571
Imidazolium,Hydrogen sulfate,ElectricalConductivity,0.009929696644111474
Imidazolium,NTf2,ElectricalConductivity,0.024111674328926802
Imidazolium,Hydrogen sulfate,ElectricalConductivity,0.0005847956208722138
Imidazolium,NTf2,ElectricalConductivity,0.10727666491501697
Imidazolium,Carboxylate,ElectricalConductivity,0.09567130777158872
Imidazolium,NTf2,ElectricalConductivity,0.1287707421579407
Phosphonium,NTf2,ElectricalConductivity,0.07988338173812437
Imidazolium,Other,ElectricalConductivity,0.1007395883006077
Imidazolium,Carboxylate,ElectricalConductivity,0.054655036588445505
Pyridinium,NTf2,ElectricalConductivity,0.0741475128928592
Imidazolium,NTf2,ElectricalConductivity,0.03684569286582004
Imidazolium,BF4,ElectricalConductivity,0.18189448148329124
Pyridinium,NTf2,ElectricalConductivity,0.09816795416449728
Imidazolium,Other,ElectricalConductivity,0.03733944980730142
Imidazolium,Other,ElectricalConductivity,0.5363368637453314
Imidazolium,NTf2,ElectricalConductivity,0.04565291295120111
Imidazolium,BF4,ElectricalConductivity,0.13855250291900223
Imidazolium,Hydrogen sulfate,ElectricalConductivity,0.023475688835205233
Imidazolium,BF4,ElectricalConductivity,0.0826753849439803
Imidazolium,PF6,ElectricalConductivity,0.04801717153645013
Phosphonium,Other,ElectricalConductivity,1.0115016969895496
Imidazolium,NTf2,ElectricalConductivity,0.013509380153977735
Phosphonium,Other,ElectricalConductivity,0.04196273525597287
Imidazolium,BF4,ElectricalConductivity,2.5410022881379932
Pyridinium,Other,ElectricalConductivity,0.045955507104113696
Imidazolium,BF4,ElectricalConductivity,0.2507037326895549
Imidazolium,Other,ElectricalConductivity,0.02952241262788613
Imidazolium,BF4,ElectricalConductivity,0.018686008507990515
Imidazolium,Carboxylate,ElectricalConductivity,0.06365265738488746
Imidazolium,NTf2,ElectricalConductivity,0.47667100709957677
Imidazolium,NTf2,ElectricalConductivity,0.044964543932872414
Pyridinium,NTf2,ElectricalConductivity,0.061176035225009695
Protic ammonium,Carboxylate,ElectricalConductivity,0.08461497208977328
Imidazolium,PF6,ElectricalConductivity,0.09292394514852542
Phosphonium,Hydrogen sulfate,ElectricalConductivity,0.0368092977739336
Imidazolium,Other,ElectricalConductivity,0.05607615493533328
Protic ammonium,Carboxylate,ElectricalConductivity,0.07214257449689532
Imidazolium,Other,ElectricalConductivity,0.008063415077579683
Imidazolium,BF4,ElectricalConductivity,0.04555462584687309
Imidazolium,BF4,ElectricalConductivity,0.056896029484041044
Imidazolium,NTf2,ElectricalConductivity,0.20950384784749126
Phosphonium,NTf2,ElectricalConductivity,0.028903588688127146
Pyridinium,Other,ElectricalConductivity,0.7712540406854993
Protic ammonium,Carboxylate,ElectricalConductivity,0.1445479331668964
Imidazolium,NTf2,ElectricalConductivity,0.12397938640908623
Pyridinium,Other,ElectricalConductivity,0.11146948462612494
Imidazolium,Other,ElectricalConductivity,0.058511638935729304
Phosphonium,Carboxylate,ElectricalConductivity,0.08108280979577343
Imidazolium,Other,ElectricalConductivity,0.011850426123305835
Imidazolium,Other,ElectricalConductivity,0.007342875474593891
Imidazolium,BF4,ElectricalConductivity,0.165209042272628
Imidazolium,Other,ElectricalConductivity,0.048871389430731105
Imidazolium,Other,ElectricalConductivity,0.011326790838097733
Imidazolium,BF4,ElectricalConductivity,0.021448567666603857
Imidazolium,Other,ElectricalConductivity,0.6255112403794328
Imidazolium,Carboxylate,ElectricalConductivity,0.22962246380580642
Imidazolium,Other,ElectricalConductivity,0.061707637645124214
Imidazolium,BF4,ElectricalConductivity,0.14633492698065412
Quaternary ammonium,NTf2,ElectricalConductivity,0.2715568574446734
Imidazolium,PF6,ElectricalConductivity,0.20106537054189588
Imidazolium,NTf2,ElectricalConductivity,0.13830097893088128
Imidazolium,NTf2,ElectricalConductivity,0.0049140175257407215
Phosphonium,Other,ElectricalConductivity,0.13831471782158555
Imidazolium,Other,ElectricalConductivity,0.059587052539235796
Imidazolium,BF4,ElectricalConductivity,0.08804620769682359
Imidazolium,NTf2,ElectricalConductivity,0.023652736529340634
Imidazolium,Other,ElectricalConductivity,0.21012625110538363
Quaternary ammonium,NTf2,ElectricalConductivity,0.34395875298217105
Imidazolium,BF4,ElectricalConductivity,0.3081082877322441
Pyridinium,NTf2,ElectricalConductivity,0.05099510489813275
Imidazolium,Other,ElectricalConductivity,0.13485534049641945
Imidazolium,BF4,ElectricalConductivity,0.009264517524568062
Imidazolium,Other,ElectricalConductivity,0.1674590987877178
Imidazolium,NTf2,ElectricalConductivity,0.05352582862095989
Imidazolium,Other,ElectricalConductivity,0.07155237565899393
Imidazolium,BF4,ElectricalConductivity,0.06495577952932585
Imidazolium,Other,ElectricalConductivity,0.202660790873062
Imidazolium,Other,ElectricalConductivity,0.11183695734467225
Imidazolium,Other,ElectricalConductivity,0.07552379147160748
Imidazolium,BF4,ElectricalConductivity,0.08546896972984663
Imidazolium,Other,ElectricalConductivity,0.05339240366880538
Imidazolium,NTf2,ElectricalConductivity,0.13849313654025952
Pyridinium,NTf2,ElectricalConductivity,0.0449146570225655
Protic ammonium,Carboxylate,ElectricalConductivity,0.0941217056566952
Phosphonium,Other,ElectricalConductivity,0.12217618493457172
Imidazolium,NTf2,ElectricalConductivity,0.10288233043498862
Pyridinium,BF4,ElectricalConductivity,0.001683894508176298
Pyridinium,NTf2,ElectricalConductivity,0.07295744394059867
Imidazolium,BF4,ElectricalConductivity,0.40086693364108117
Phosphonium,Other,ElectricalConductivity,0.053151563916287614
Imidazolium,Other,ElectricalConductivity,0.13123503574709527
Imidazolium,NTf2,ElectricalConductivity,0.11320060201159388
Phosphonium,NTf2,ElectricalConductivity,0.17466799166618374
Imidazolium,Other,ElectricalConductivity,0.05219859525724846
Imidazolium,Other,ElectricalConductivity,0.14474494054159637
Pyridinium,Other,ElectricalConductivity,0.07952514596786744
Imidazolium,Other,ElectricalConductivity,0.05187973580001903
Imidazolium,PF6,ElectricalConductivity,0.3840890162929672
Imidazolium,NTf2,ElectricalConductivity,0.06593879563735161
Imidazolium,NTf2,ElectricalConductivity,0.09977859777599307
Imidazolium,BF4,ElectricalConductivity,0.06164063248574814
Phosphonium,Carboxylate,ElectricalConductivity,0.13622343385322822
Imidazolium,Other,ElectricalConductivity,0.12055359192716153
Imidazolium,Other,ElectricalConductivity,0.027658884596518662
Pyridinium,NTf2,ElectricalConductivity,0.17388066422931747
Phosphonium,Other,ElectricalConductivity,0.1445342770585194
Imidazolium,Hydrogen sulfate,ElectricalConductivity,0.06064533424023799
Pyridinium,Carboxylate,ElectricalConductivity,0.02025604453059593
Imidazolium,Other,ElectricalConductivity,0.04761194997007878
Imidazolium,Other,ElectricalConductivity,0.11499502577033105
Imidazolium,Carboxylate,ElectricalConductivity,0.09941710963947481
Imidazolium,NTf2,ElectricalConductivity,0.015342481736772218
Imidazolium,Other,ElectricalConductivity,0.04957660873335906
Imidazolium,NTf2,ElectricalConductivity,0.27968066362949917
Imidazolium,BF4,ElectricalConductivity,0.01214030730368268
Imidazolium,PF6,ElectricalConductivity,0.07498770807065158
Imidazolium,Other,ElectricalConductivity,0.23686734445209312
Quaternary ammonium,NTf2,ElectricalConductivity,0.8477577403864691
Quaternary ammonium,Other,ElectricalConductivity,0.06271859292350057
Imidazolium,Hydrogen sulfate,ElectricalConductivity,0.12484706411301702
Pyridinium,BF4,ElectricalConductivity,0.1868367122890353
Imidazolium,Other,ElectricalConductivity,1.0347638036981035
Imidazolium,Carboxylate,ElectricalConductivity,0.04793602420480708
Pyridinium,NTf2,ElectricalConductivity,0.03094710189565264
Pyridinium,NTf2,ElectricalConductivity,0.04952518122858307
Imidazolium,Hydrogen sulfate,ElectricalConductivity,0.0023534610987208104
Phosphonium,Other,ElectricalConductivity,0.026356862834268302
Imidazolium,Other,ElectricalConductivity,0.06694130025387601
Pyridinium,NTf2,ElectricalConductivity,0.0824298270243877
Imidazolium,Other,ElectricalConductivity,0.030346593761471086
Imidazolium,Carboxylate,ElectricalConductivity,0.06259308459512836
Imidazolium,NTf2,ElectricalConductivity,0.01131320391244195
Imidazolium,BF4,ElectricalConductivity,0.00162163911924873
Phosphonium,NTf2,ElectricalConductivity,0.21319541945963127
Imidazolium,Other,ElectricalConductivity,0.07532025573385503
Imidazolium,NTf2,ElectricalConductivity,0.07210858214168536
Imidazolium,Other,ElectricalConductivity,0.037331921666102774
Pyridinium,NTf2,ElectricalConductivity,0.1493036020035603
Imidazolium,NTf2,ElectricalConductivity,0.12874662743463872
Phosphonium,Carboxylate,ElectricalConductivity,0.13862543865479715
Phosphonium,NTf2,ElectricalConductivity,0.0023491306194910033
Imidazolium,NTf2,ElectricalConductivity,0.06286203649397837
Pyridinium,NTf2,ElectricalConductivity,0.11640078873724147
Imidazolium,PF6,ElectricalConductivity,0.16944094794381276
Imidazolium,Carboxylate,ElectricalConductivity,0.06134557050611167
Pyridinium,NTf2,ElectricalConductivity,0.0010267568424651152
Imidazolium,Carboxylate,ElectricalConductivity,0.037353856912131445
Imidazolium,Other,ElectricalConductivity,0.0444853791249428
Imidazolium,NTf2,ElectricalConductivity,0.003506200110533153
Imidazolium,NTf2,ElectricalConductivity,0.05465277809430656
Imidazolium,Hydrogen sulfate,ElectricalConductivity,0.03313938172818076
Imidazolium,NTf2,ElectricalConductivity,0.008303089474565206
Imidazolium,NTf2,ElectricalConductivity,0.0667423086461445
Imidazolium,Other,ElectricalConductivity,0.060256989415539586
Pyridinium,NTf2,ElectricalConductivity,0.036791972985527055
Imidazolium,NTf2,ElectricalConductivity,0.16829161187565023
Imidazolium,NTf2,ElectricalConductivity,0.15655203445827603
Imidazolium,Other,ElectricalConductivity,0.03471313086702055
Imidazolium,Hydrogen sulfate,ElectricalConductivity,0.06982722579835876
Imidazolium,NTf2,ElectricalConductivity,0.015488067198440633
Imidazolium,NTf2,ElectricalConductivity,0.07585545863685716
Imidazolium,NTf2,ElectricalConductivity,0.09839874139085225
Imidazolium,BF4,ElectricalConductivity,0.03765863885578513
Quaternary ammonium,NTf2,ElectricalConductivity,0.0885403464998662
Imidazolium,Other,ElectricalConductivity,0.05417402305766458
Quaternary ammonium,Other,ElectricalConductivity,0.0040082432634827025
Pyridinium,BF4,ElectricalConductivity,0.04022455536786573
Imidazolium,Other,ElectricalConductivity,0.10538528699606431
Imidazolium,BF4,ElectricalConductivity,0.0007723532290773161
Imidazolium,BF4,ElectricalConductivity,0.010530688122600107
Imidazolium,NTf2,ElectricalConductivity,0.10986605526613058
Pyridinium,NTf2,ElectricalConductivity,0.02290608147700035
Imidazolium,Other,ElectricalConductivity,0.024519916954105714
Imidazolium,Other,ElectricalConductivity,0.05013808404720943
Pyridinium,NTf2,ElectricalConductivity,0.00046683505001254844
Imidazolium,Other,ElectricalConductivity,0.18201861549052412
Imidazolium,NTf2,ElectricalConductivity,0.1190459658720191
Imidazolium,Other,ElectricalConductivity,0.04799600981429508
Imidazolium,Carboxylate,ElectricalConductivity,0.007672091320550356
Phosphonium,NTf2,ElectricalConductivity,0.34380601950323886
Imidazolium,Carboxylate,ElectricalConductivity,0.08495400690916188
Imidazolium,Other,ElectricalConductivity,0.027675513494766046
Imidazolium,PF6,ElectricalConductivity,0.0311683272892056
Imidazolium,PF6,ElectricalConductivity,0.09940757619775198
Imidazolium,BF4,ElectricalConductivity,0.3339841901695939
Imidazolium,BF4,ElectricalConductivity,0.5759847419033106
Pyridinium,BF4,ElectricalConductivity,0.06690522404909749
Pyridinium,NTf2,ElectricalConductivity,0.24497369893327803
Imidazolium,PF6,ElectricalConductivity,0.41599179530155195
Imidazolium,Other,ElectricalConductivity,1.4547969677405703
Protic ammonium,Other,ElectricalConductivity,0.09113974611890746
Imidazolium,BF4,ElectricalConductivity,0.06128032984139775
Imidazolium,NTf2,ElectricalConductivity,0.006390888410528928
Quaternary ammonium,NTf2,ElectricalConductivity,0.23250629367608155
Pyridinium,Hydrogen sulfate,ElectricalConductivity,0.04439781723534808
Imidazolium,NTf2,ElectricalConductivity,0.09675412080893686
Imidazolium,BF4,ElectricalConductivity,0.019534739458588746
Imidazolium,Hydrogen sulfate,ElectricalConductivity,0.03715477536698231
Protic ammonium,Other,ElectricalConductivity,0.08555383364395808
Phosphonium,Other,ElectricalConductivity,0.4592534437566176
Imidazolium,Other,ElectricalConductivity,0.13909635794508735
Pyridinium,NTf2,ElectricalConductivity,0.10102975014195348
Pyridinium,NTf2,ElectricalConductivity,0.057227211322621985
Quaternary ammonium,NTf2,ElectricalConductivity,0.04225003421509044
Phosphonium,Other,ElectricalConductivity,0.05707987376226331
Imidazolium,Other,ElectricalConductivity,0.07949373296497791
Pyridinium,BF4,ElectricalConductivity,0.016622053958788907
Phosphonium,Carboxylate,ElectricalConductivity,0.1357008011589551
Imidazolium,Other,ElectricalConductivity,0.16229553161693033
Imidazolium,Hydrogen sulfate,ElectricalConductivity,0.23960143558516522
Imidazolium,NTf2,ElectricalConductivity,0.12197233352521497
Imidazolium,Other,ElectricalConductivity,0.00871384059874315
Imidazolium,Other,ElectricalConductivity,0.04227449884675316
Imidazolium,NTf2,ElectricalConductivity,0.03831756987983492
Pyridinium,BF4,ElectricalConductivity,0.04511831567958624
Pyridinium,NTf2,ElectricalConductivity,0.010614561829487168
Imidazolium,BF4,ElectricalConductivity,0.5829636324991947
Imidazolium,Other,ElectricalConductivity,0.018889768711369825
Imidazolium,PF6,ElectricalConductivity,0.3570317706452091
Pyridinium,BF4,ElectricalConductivity,0.010234154510977866
Quaternary ammonium,NTf2,ElectricalConductivity,0.3965225660897127
Imidazolium,Other,ElectricalConductivity,0.0925796060458396
Pyridinium,NTf2,ElectricalConductivity,0.0786198899495496
Imidazolium,Other,ElectricalConductivity,0.027553031473633305
Pyridinium,BF4,ElectricalConductivity,0.04966591561177813
Phosphonium,Carboxylate,ElectricalConductivity,0.10556323677062407
Imidazolium,Other,ElectricalConductivity,0.22394637348971025
Imidazolium,Other,ElectricalConductivity,0.19775762778101758
Imidazolium,BF4,ElectricalConductivity,0.0029408873312551376
Imidazolium,NTf2,ElectricalConductivity,0.0137241811471156
Imidazolium,Other,ElectricalConductivity,0.04838122919871202
Pyridinium,NTf2,ElectricalConductivity,0.07337056413876286
Pyridinium,NTf2,ElectricalConductivity,0.009929389764307794
Imidazolium,Carboxylate,ElectricalConductivity,0.032309495956216905
Pyridinium,NTf2,ElectricalConductivity,0.04955997332429041
Pyridinium,BF4,ElectricalConductivity,0.008561752908155196
Imidazolium,Carboxylate,ElectricalConductivity,0.10810017636132607
Quaternary ammonium,Other,ElectricalConductivity,0.03530393904546103
Imidazolium,BF4,ElectricalConductivity,0.021446976473248558
Protic ammonium,Other,ElectricalConductivity,0.09217166868331961
Quaternary ammonium,NTf2,ElectricalConductivity,0.0680857158032162
Pyridinium,Other,ElectricalConductivity,0.056018431702666405
Imidazolium,Other,ElectricalConductivity,0.04750161124619856
Pyridinium,NTf2,ElectricalConductivity,0.0639486622654162
Phosphonium,NTf2,ElectricalConductivity,1.693566831013949
Imidazolium,Other,ElectricalConductivity,0.02219308873121484
Pyridinium,BF4,ElectricalConductivity,0.013786367599311955
Imidazolium,BF4,ElectricalConductivity,0.04609204786840165
Quaternary ammonium,Other,ElectricalConductivity,0.031154646254409557
Pyridinium,BF4,ElectricalConductivity,0.029158654454207067
Imidazolium,Other,ElectricalConductivity,0.04604989664947823
Imidazolium,NTf2,ElectricalConductivity,0.05932280475709001
Imidazolium,NTf2,ElectricalConductivity,0.04744823674197596
Imidazolium,Carboxylate,ElectricalConductivity,0.05246460667244474
Pyridinium,Other,ElectricalConductivity,0.026995449607462287
Imidazolium,Other,ElectricalConductivity,0.09381227743958864
Imidazolium,Other,ElectricalConductivity,0.03868749473775847
Imidazolium,Other,ElectricalConductivity,0.5122617145351143
Imidazolium,Other,ElectricalConductivity,0.06591492869291282
Pyridinium,NTf2,ElectricalConductivity,0.014396017154653995
Imidazolium,Hydrogen sulfate,ElectricalConductivity,0.15982600215481935
Imidazolium,Other,ElectricalConductivity,0.056677577424109726
Quaternary ammonium,NTf2,ElectricalConductivity,0.027767090367611047
Imidazolium,NTf2,ElectricalConductivity,0.14634623793116797
Imidazolium,Carboxylate,ElectricalConductivity,0.051689517933418805
Imidazolium,Other,ElectricalConductivity,0.04678149108907981
Imidazolium,PF6,ElectricalConductivity,0.011363059978678702
Imidazolium,Other,ElectricalConductivity,0.2164745354094454
Imidazolium,NTf2,ElectricalConductivity,0.07294959046293337
Imidazolium,NTf2,ElectricalConductivity,0.08731230948872004
Imidazolium,BF4,ElectricalConductivity,0.08056347181907764
Imidazolium,Other,ElectricalConductivity,0.02497988306936394
Imidazolium,Carboxylate,ElectricalConductivity,0.031097944107506215
Phosphonium,Other,ElectricalConductivity,0.011880663516394385
Imidazolium,NTf2,ElectricalConductivity,0.055377564702279614
Pyridinium,BF4,ElectricalConductivity,0.04654888831811821
Pyridinium,BF4,ElectricalConductivity,0.010465232436825372
Imidazolium,BF4,ElectricalConductivity,0.3671172981144947
Imidazolium,NTf2,ElectricalConductivity,0.3449820788311354
Imidazolium,Other,ElectricalConductivity,0.40207844025621853
Imidazolium,Other,ElectricalConductivity,4.606702809664306
Protic ammonium,Other,ElectricalConductivity,0.1279177489023937
Imidazolium,PF6,ElectricalConductivity,0.065842282712397
Phosphonium,Other,ElectricalConductivity,0.24701939470662637
Imidazolium,Other,ElectricalConductivity,0.15719707167106048
Protic ammonium,Other,ElectricalConductivity,0.09977841967877588
Imidazolium,Other,ElectricalConductivity,0.017428171127621406
Imidazolium,NTf2,ElectricalConductivity,0.08067083338491843
Imidazolium,Other,ElectricalConductivity,0.15008684730415178
Phosphonium,Other,ElectricalConductivity,0.1951819553538865
Imidazolium,Other,ElectricalConductivity,0.27224549845790236
Imidazolium,BF4,ElectricalConductivity,0.011469538341120133
Imidazolium,BF4,ElectricalConductivity,0.018492794074843166
Imidazolium,NTf2,ElectricalConductivity,0.06172044677291133
Pyridinium,Carboxylate,ElectricalConductivity,0.011344101700657028
Imidazolium,Other,ElectricalConductivity,0.07945169268665198
Imidazolium,BF4,ElectricalConductivity,0.009936602249678628
Imidazolium,PF6,ElectricalConductivity,0.018123969209594026
Imidazolium,Other,ElectricalConductivity,0.017863967934253933
Imidazolium,Other,ElectricalConductivity,1.2649429605215188
Imidazolium,NTf2,ElectricalConductivity,0.07832948180026822
Imidazolium,Other,ElectricalConductivity,0.09686001876475081
Imidazolium,Carboxylate,ElectricalConductivity,0.059930711238604495
Imidazolium,NTf2,ElectricalConductivity,0.04083344386206594
Imidazolium,Other,ElectricalConductivity,0.03646952100353662
Imidazolium,Hydrogen sulfate,ElectricalConductivity,0.030176485471442555
Phosphonium,Hydrogen sulfate,ElectricalConductivity,0.04444847719135403
Quaternary ammonium,Carboxylate,ElectricalConductivity,0.0942861144312312
Imidazolium,PF6,ElectricalConductivity,0.017605208802351835
Imidazolium,Other,ElectricalConductivity,0.013563882643622738
Imidazolium,Hydrogen sulfate,ElectricalConductivity,0.0046308497629974354
Imidazolium,NTf2,ElectricalConductivity,0.24422691616787517
Protic ammonium,Other,ElectricalConductivity,0.04302582908065694
Imidazolium,Carboxylate,ElectricalConductivity,0.11197416203214505
Pyridinium,NTf2,ElectricalConductivity,0.14170630128574002
Protic ammonium,Other,ElectricalConductivity,0.22249658679819362
Imidazolium,PF6,ElectricalConductivity,0.009044970643219408
Imidazolium,Carboxylate,ElectricalConductivity,0.006341161093254888
Imidazolium,Other,ElectricalConductivity,0.001992415167164252
Imidazolium,BF4,ElectricalConductivity,0.05469923486929887
Imidazolium,Other,ElectricalConductivity,1.0155821739329944
Imidazolium,Carboxylate,ElectricalConductivity,0.01917304066230341
Imidazolium,NTf2,ElectricalConductivity,0.013927938993102712
Pyridinium,NTf2,ElectricalConductivity,0.11710615690488602
Pyridinium,NTf2,ElectricalConductivity,0.06971496945084854
Pyridinium,Carboxylate,ElectricalConductivity,0.10497067497393797
Imidazolium,Other,ElectricalConductivity,0.01803481775421581
Pyridinium,Other,ElectricalConductivity,0.07660081010600821
Quaternary ammonium,NTf2,ElectricalConductivity,0.006180759710686434
Imidazolium,BF4,ElectricalConductivity,0.04594988405214684
Imidazolium,Other,ElectricalConductivity,0.009171326473568886
Imidazolium,Other,ElectricalConductivity,0.014667445677766233
Imidazolium,Other,ElectricalConductivity,0.11036595049588878
Imidazolium,Other,ElectricalConductivity,0.08164139647633384
Imidazolium,BF4,ElectricalConductivity,0.11714214910735804
Imidazolium,Other,ElectricalConductivity,0.12448217077996526
Imidazolium,NTf2,ElectricalConductivity,0.07707076794034995
Imidazolium,NTf2,ElectricalConductivity,0.036553933941768424
Protic ammonium,Carboxylate,ElectricalConductivity,0.04154887153458198
Imidazolium,Other,ElectricalConductivity,0.018637425701112008
Imidazolium,Other,ElectricalConductivity,0.09467208245784398
Imidazolium,Carboxylate,ElectricalConductivity,0.020462898492543125
Imidazolium,Other,ElectricalConductivity,0.018356619159698107
Pyridinium,BF4,ElectricalConductivity,0.03174120131025826
Imidazolium,BF4,ElectricalConductivity,0.00891514176443664
Imidazolium,Other,ElectricalConductivity,0.03524540456885239
Protic ammonium,Carboxylate,ElectricalConductivity,0.32231784644427686
Imidazolium,PF6,ElectricalConductivity,0.0001833501695052142
Cholinium,Carboxylate,ElectricalConductivity,0.02236970136599492
Imidazolium,BF4,ElectricalConductivity,0.07407221610364711
Imidazolium,Other,ElectricalConductivity,0.06426334910296028
Imidazolium,NTf2,ElectricalConductivity,0.1968881808463998
Quaternary ammonium,Other,ElectricalConductivity,0.030853140149566416
Imidazolium,Hydrogen sulfate,ElectricalConductivity,0.003172543538380035
Quaternary ammonium,Other,ElectricalConductivity,0.008274776660772587
Imidazolium,Other,ElectricalConductivity,0.24869194762788638
Phosphonium,Other,ElectricalConductivity,0.25409998081886154
Imidazolium,Other,ElectricalConductivity,0.04326785185725868
Imidazolium,Hydrogen sulfate,ElectricalConductivity,0.047023415553657966
Quaternary ammonium,NTf2,ElectricalConductivity,0.023338252108420887
Imidazolium,Other,ElectricalConductivity,0.017813436768485902
Imidazolium,Other,ElectricalConductivity,0.02121902409008551
Imidazolium,PF6,ElectricalConductivity,0.017982479269722407
Imidazolium,Other,ElectricalConductivity,0.044602215633233716
Imidazolium,Other,ElectricalConductivity,0.03265636778592085
Imidazolium,BF4,ElectricalConductivity,0.062285677224471314
Imidazolium,Other,ElectricalConductivity,1.9756247113849632
Imidazolium,Other,ElectricalConductivity,0.09564247706081241
Imidazolium,Other,ElectricalConductivity,0.07398992061201959
Imidazolium,Other,ElectricalConductivity,0.3351327767743376
Imidazolium,NTf2,ElectricalConductivity,0.011387172471691909
Imidazolium,PF6,ElectricalConductivity,0.026196698677549257
Imidazolium,NTf2,ElectricalConductivity,0.06749333580641848
Imidazolium,NTf2,ElectricalConductivity,0.01609836174682394
Imidazolium,Other,ElectricalConductivity,0.07264662527104404
Imidazolium,BF4,ElectricalConductivity,0.05858428531706067
Imidazolium,BF4,ElectricalConductivity,0.10569269406323056
Imidazolium,Other,ElectricalConductivity,0.03186843866142693
Phosphonium,Other,ElectricalConductivity,0.13086902673342848
Protic ammonium,Other,ElectricalConductivity,0.09570724818638676
Pyridinium,Carboxylate,ElectricalConductivity,0.13477035310859087
Imidazolium,Other,ElectricalConductivity,0.07580884555952283
Imidazolium,NTf2,ElectricalConductivity,1.6279685945459597
Phosphonium,Other,ElectricalConductivity,0.11827762222987559
Imidazolium,BF4,ElectricalConductivity,0.1263141314992744
Imidazolium,Other,ElectricalConductivity,0.08787804539161792
Imidazolium,NTf2,ElectricalConductivity,0.006606537066320639
Imidazolium,Other,ElectricalConductivity,0.042542455637519565
Phosphonium,Carboxylate,ElectricalConductivity,0.004028371356874061
Imidazolium,NTf2,ElectricalConductivity,0.042848473440727286
Protic ammonium,Other,ElectricalConductivity,0.04528065778420842
Imidazolium,Other,ElectricalConductivity,0.006831027559130898
Protic ammonium,Other,ElectricalConductivity,0.1468912373769653
Phosphonium,Other,ElectricalConductivity,0.07524287519457484
Pyridinium,NTf2,ElectricalConductivity,0.28025028372442407
Pyridinium,NTf2,ElectricalConductivity,0.07965824814636416
Phosphonium,Other,ElectricalConductivity,0.0819803860261965
Imidazolium,Other,ElectricalConductivity,0.03088950770142973
Imidazolium,NTf2,ElectricalConductivity,0.025762793958755026
Imidazolium,PF6,ElectricalConductivity,0.021054524840204203
Imidazolium,NTf2,ElectricalConductivity,0.12466137796564442
Imidazolium,Other,ElectricalConductivity,0.0011179765944130393
Imidazolium,Other,ElectricalConductivity,0.011622952151649324
Imidazolium,BF4,ElectricalConductivity,0.20070008747739165
Phosphonium,Carboxylate,ElectricalConductivity,0.05482002431695898
Phosphonium,Other,ElectricalConductivity,0.2110276138113032
Imidazolium,Other,ElectricalConductivity,0.044370720470752634
Imidazolium,NTf2,ElectricalConductivity,0.0031804586614416763
Imidazolium,Other,ElectricalConductivity,0.0909149708242476
Quaternary ammonium,NTf2,ElectricalConductivity,0.023648025565717212
Imidazolium,Carboxylate,ElectricalConductivity,0.0047379241391865
Imidazolium,BF4,ElectricalConductivity,1.4212804391760212
Phosphonium,Other,ElectricalConductivity,0.00839177935910218
Imidazolium,Other,ElectricalConductivity,0.07939689893687962
Imidazolium,NTf2,ElectricalConductivity,0.07405428542457126
Imidazolium,Other,HeatCapacity,0.013426754537140262
Imidazolium,PF6,HeatCapacity,0.0015731144087798299
Pyridinium,NTf2,HeatCapacity,0.05262570272405753
Imidazolium,BF4,HeatCapacity,0.2764544147276844
Imidazolium,Other,HeatCapacity,0.006158411578486067
Imidazolium,PF6,HeatCapacity,0.0010615324549254623
Imidazolium,NTf2,HeatCapacity,0.00825257158482895
Pyridinium,NTf2,HeatCapacity,0.0038580981978952877
Imidazolium,PF6,HeatCapacity,0.06062365672084802
Imidazolium,Other,HeatCapacity,0.0017296284537549056
Imidazolium,Carboxylate,HeatCapacity,0.005346327649281335
Quaternary ammonium,NTf2,HeatCapacity,0.0027423052795327862
Imidazolium,Other,HeatCapacity,0.03382493335595704
Imidazolium,PF6,HeatCapacity,0.0019521739217029932
Imidazolium,PF6,HeatCapacity,0.014870639682289521
Pyridinium,NTf2,HeatCapacity,0.011056953166848515
Cholinium,NTf2,HeatCapacity,0.01150078087583406
Pyridinium,PF6,HeatCapacity,0.0013689495342745772
Imidazolium,PF6,HeatCapacity,0.002515327136070944
Phosphonium,Other,HeatCapacity,0.030828020118311983
Imidazolium,NTf2,HeatCapacity,0.003111785769623232
Quaternary ammonium,Other,HeatCapacity,0.014617921861038496
Imidazolium,NTf2,HeatCapacity,0.022714128301274172
Cholinium,Other,HeatCapacity,0.009310776312291935
Pyridinium,NTf2,HeatCapacity,0.07302513955827905
Imidazolium,Other,HeatCapacity,0.022860076911487504
Pyridinium,Other,HeatCapacity,0.0035567423858067215
Imidazolium,PF6,HeatCapacity,0.0017315029642590574
Imidazolium,PF6,HeatCapacity,0.005575652297122424
Imidazolium,PF6,HeatCapacity,1.8601508759985563e-06
Imidazolium,PF6,HeatCapacity,0.008669906884847478
Pyridinium,NTf2,HeatCapacity,0.026254726816246965
Imidazolium,Hydrogen sulfate,HeatCapacity,0.026247873506529906
Imidazolium,NTf2,HeatCapacity,0.005703523445876435
Imidazolium,BF4,HeatCapacity,0.005606714317105244
Imidazolium,Other,HeatCapacity,0.027232636434385782
Imidazolium,NTf2,HeatCapacity,0.008870155251648804
Imidazolium,BF4,HeatCapacity,0.0027632233291718933
Quaternary ammonium,NTf2,HeatCapacity,0.002768157492500478
Imidazolium,NTf2,HeatCapacity,0.008834720293779519
Protic ammonium,Carboxylate,HeatCapacity,0.006867946811203396
Imidazolium,NTf2,HeatCapacity,0.011830290989016667
Imidazolium,BF4,HeatCapacity,0.010530385202059733
Imidazolium,PF6,HeatCapacity,3.336689265154291e-05
Imidazolium,BF4,HeatCapacity,0.009899623674848534
Pyridinium,PF6,HeatCapacity,0.0022306872495283514
Imidazolium,Other,HeatCapacity,0.02262157962395861
Cholinium,Other,HeatCapacity,0.0005965512018724084
Imidazolium,PF6,HeatCapacity,0.0007863979521403053
Imidazolium,PF6,HeatCapacity,0.0018805688677101529
Imidazolium,NTf2,HeatCapacity,0.1254511852699407
Imidazolium,PF6,HeatCapacity,0.00055065710423019
Imidazolium,BF4,HeatCapacity,0.0009684514658898635
Protic ammonium,Other,HeatCapacity,0.033426705116721855
Pyridinium,NTf2,HeatCapacity,0.040566014646188364
Imidazolium,BF4,HeatCapacity,0.002223916542380522
Imidazolium,Carboxylate,HeatCapacity,0.033709113540350444
Phosphonium,Other,HeatCapacity,0.02465067481432026
Pyridinium,NTf2,HeatCapacity,0.014194914158299987
Imidazolium,NTf2,HeatCapacity,0.0013937334575215843
Imidazolium,NTf2,HeatCapacity,0.001232664843440645
Imidazolium,Other,HeatCapacity,0.0004564284772285987
Imidazolium,BF4,HeatCapacity,0.0025076957982781423
Imidazolium,PF6,HeatCapacity,0.012370041329888615
Imidazolium,Other,HeatCapacity,0.00179657179063053
Imidazolium,BF4,HeatCapacity,0.0063690640129934195
Phosphonium,Other,HeatCapacity,0.008930655027232781
Imidazolium,Carboxylate,HeatCapacity,0.0061631592518924805
Quaternary ammonium,Carboxylate,HeatCapacity,0.023878587748511926
Imidazolium,PF6,HeatCapacity,0.0005183527201522153
Imidazolium,NTf2,HeatCapacity,0.009328364132314526
Imidazolium,Other,HeatCapacity,0.010399784747726848
Imidazolium,NTf2,HeatCapacity,0.006968541100931702
Imidazolium,NTf2,HeatCapacity,0.0004395813718041097
Imidazolium,Other,HeatCapacity,0.013380946402167027
Imidazolium,PF6,HeatCapacity,0.00046293850760381616
Imidazolium,Other,HeatCapacity,0.030373578832726622
Cholinium,Other,HeatCapacity,0.007450607460075531
Pyridinium,NTf2,HeatCapacity,0.0271755836195835
Imidazolium,NTf2,HeatCapacity,0.010375896559619235
Imidazolium,PF6,HeatCapacity,0.0011686233071248608
Protic ammonium,Carboxylate,HeatCapacity,0.0018343964221942954
Imidazolium,PF6,HeatCapacity,0.002735637104155586
Imidazolium,NTf2,HeatCapacity,0.002087141244973445
Imidazolium,PF6,HeatCapacity,0.0018549616626319931
Pyridinium,NTf2,HeatCapacity,0.012473549566010433
Quaternary ammonium,NTf2,HeatCapacity,0.004660591542267056
Imidazolium,Other,HeatCapacity,0.012025823666899527
Imidazolium,Hydrogen sulfate,HeatCapacity,0.030883761084161243
Imidazolium,NTf2,HeatCapacity,0.05672459606606761
Pyridinium,NTf2,HeatCapacity,0.002203429998096418
Imidazolium,NTf2,HeatCapacity,0.007505375334377895
Imidazolium,PF6,HeatCapacity,0.005339609978938675
Imidazolium,Other,HeatCapacity,0.008016625248312259
Imidazolium,NTf2,HeatCapacity,0.00046585412063837595
Imidazolium,Other,HeatCapacity,0.00023514184351558498
Imidazolium,PF6,HeatCapacity,0.0034518678485166987
Imidazolium,BF4,HeatCapacity,0.011708682000683979
Imidazolium,Other,HeatCapacity,0.012540409576264011
Imidazolium,PF6,HeatCapacity,0.022144329507451488
Imidazolium,Other,HeatCapacity,0.004153233629765829
Imidazolium,Hydrogen sulfate,HeatCapacity,0.02983420748927479
Phosphonium,Other,HeatCapacity,0.0077800075236353905
Imidazolium,PF6,HeatCapacity,0.002210074220516667
Imidazolium,NTf2,HeatCapacity,0.08170368512093962
Imidazolium,PF6,HeatCapacity,0.006191291709561675
Imidazolium,PF6,HeatCapacity,0.0019903095475655164
Imidazolium,NTf2,HeatCapacity,0.0043191757050236035
Phosphonium,Other,HeatCapacity,0.011014021263105356
Imidazolium,Other,HeatCapacity,0.0354647070339249
Pyridinium,BF4,HeatCapacity,0.02012255670971186
Imidazolium,Other,HeatCapacity,0.00393001835602913
Imidazolium,PF6,HeatCapacity,0.002273096742781533
Imidazolium,Other,HeatCapacity,0.018004817224813507
Imidazolium,Other,HeatCapacity,0.0014648613419332435
Imidazolium,PF6,HeatCapacity,0.0017504215047390304
Imidazolium,PF6,HeatCapacity,0.0028591297945990135
Pyridinium,NTf2,HeatCapacity,0.0012513374695712898
Phosphonium,Other,HeatCapacity,0.004502336440064703
Imidazolium,PF6,HeatCapacity,0.006459722925994171
Imidazolium,BF4,HeatCapacity,0.0017027999721745957
Imidazolium,PF6,HeatCapacity,0.014575838778815076
Imidazolium,PF6,HeatCapacity,0.0005827304288192892
Imidazolium,Hydrogen sulfate,HeatCapacity,0.008991347571273955
Imidazolium,Other,HeatCapacity,0.009429017224779734
Imidazolium,BF4,HeatCapacity,0.008652281387740324
Imidazolium,NTf2,HeatCapacity,0.0069513250362343015
Pyridinium,NTf2,HeatCapacity,0.017136070142255377
Imidazolium,NTf2,HeatCapacity,0.002835728456551223
Imidazolium,Other,HeatCapacity,0.004429907339430272
Pyridinium,NTf2,HeatCapacity,0.036994070507070376
Imidazolium,NTf2,HeatCapacity,0.01863952603422092
Quaternary ammonium,Carboxylate,HeatCapacity,0.005103588141961879
Pyridinium,NTf2,HeatCapacity,0.0014571352784260583
Pyridinium,NTf2,HeatCapacity,0.009171572835133368
Imidazolium,Other,HeatCapacity,0.018463651575383544
Imidazolium,Other,HeatCapacity,0.002247867607994891
Imidazolium,BF4,HeatCapacity,0.004349251153695555
Imidazolium,NTf2,HeatCapacity,0.00953590676776539
Imidazolium,NTf2,HeatCapacity,0.0007009834196951559
Imidazolium,Other,HeatCapacity,0.0029893666550249165
Imidazolium,NTf2,HeatCapacity,0.03060711621611567
Imidazolium,NTf2,HeatCapacity,0.0005883759065632432
Imidazolium,Other,HeatCapacity,0.024229401586853605
Imidazolium,Other,HeatCapacity,0.003152857428299072
Imidazolium,Hydrogen sulfate,HeatCapacity,0.0010756469037884742
Imidazolium,NTf2,HeatCapacity,0.004536155745407555
Imidazolium,Other,HeatCapacity,0.006762506469119245
Pyridinium,NTf2,HeatCapacity,0.020020555982307897
Pyridinium,NTf2,HeatCapacity,0.0017547483690201204
Imidazolium,NTf2,HeatCapacity,0.007832067847624913
Imidazolium,BF4,HeatCapacity,0.002758097711144991
Imidazolium,PF6,HeatCapacity,0.00014882922254155773
Imidazolium,PF6,HeatCapacity,0.002523015207659185
Imidazolium,Other,HeatCapacity,0.0011568237916321777
Imidazolium,PF6,HeatCapacity,0.0019540618493048
Imidazolium,Other,HeatCapacity,0.00343365233788262
Imidazolium,PF6,HeatCapacity,0.0010809864664169666
Imidazolium,Other,HeatCapacity,0.01086153326307393
Imidazolium,PF6,HeatCapacity,0.0005069595288160755
Imidazolium,PF6,HeatCapacity,0.011934187626104098
Imidazolium,Other,HeatCapacity,0.004229071540825302
Imidazolium,Other,HeatCapacity,0.049271120004109825
Imidazolium,Other,HeatCapacity,9.501464967254236e-05
Imidazolium,Other,HeatCapacity,0.0011362885345933549
Imidazolium,PF6,HeatCapacity,0.001022843724450162
Imidazolium,BF4,HeatCapacity,0.005850789468675899
Imidazolium,Hydrogen sulfate,HeatCapacity,0.003313027545159386
Imidazolium,Hydrogen sulfate,HeatCapacity,0.005043039602753652
Imidazolium,NTf2,HeatCapacity,0.004665446431466158
Imidazolium,PF6,HeatCapacity,0.0066776362789395804
Pyridinium,NTf2,HeatCapacity,0.03977597599662719
Imidazolium,PF6,HeatCapacity,0.003872428435228059
Pyridinium,NTf2,HeatCapacity,0.017591454371982174
Imidazolium,Other,HeatCapacity,0.002839633908473971
Imidazolium,BF4,HeatCapacity,0.0020452761369416095
Imidazolium,Hydrogen sulfate,HeatCapacity,0.02509346825917369
Imidazolium,Other,HeatCapacity,0.005511216297516164
Imidazolium,NTf2,HeatCapacity,0.004650242581803354
Imidazolium,BF4,HeatCapacity,0.028480384052859797
Pyridinium,NTf2,HeatCapacity,0.00046341386727988265
Imidazolium,Hydrogen sulfate,HeatCapacity,0.010148412702303489
Imidazolium,PF6,HeatCapacity,0.0026846382954719417
Imidazolium,PF6,HeatCapacity,0.007696658380859311
Imidazolium,PF6,HeatCapacity,0.001820161765400563
Imidazolium,BF4,HeatCapacity,0.007929281014648737
Imidazolium,Other,HeatCapacity,0.003974035326334224
Imidazolium,PF6,HeatCapacity,0.006242773009654812
Pyridinium,NTf2,HeatCapacity,0.003063607124858869
Imidazolium,PF6,HeatCapacity,0.0030666733611930397
Imidazolium,PF6,HeatCapacity,0.0010660772376738237
Imidazolium,Other,HeatCapacity,0.005953314705815949
Imidazolium,Other,HeatCapacity,0.0664158545868121
Imidazolium,Carboxylate,HeatCapacity,0.012983323637498323
Imidazolium,PF6,HeatCapacity,0.00028087878406601874
Imidazolium,Other,HeatCapacity,0.00225076346187425
Imidazolium,NTf2,HeatCapacity,0.009640317478438298
Imidazolium,NTf2,HeatCapacity,0.011317326892570811
Imidazolium,Other,HeatCapacity,0.015215405770520718
Cholinium,Hydrogen sulfate,HeatCapacity,0.002837680406980958
Imidazolium,Other,HeatCapacity,0.013596981120595153
Imidazolium,NTf2,HeatCapacity,0.0025791358125868413
Imidazolium,Hydrogen sulfate,HeatCapacity,0.009376632792583273
Imidazolium,NTf2,HeatCapacity,0.0018118356612859543
Imidazolium,NTf2,HeatCapacity,0.015264076745951094
Imidazolium,Hydrogen sulfate,HeatCapacity,0.3441819786972511
Imidazolium,Carboxylate,HeatCapacity,0.02654357520767725
Pyridinium,NTf2,HeatCapacity,0.0002006777358509737
Imidazolium,Other,HeatCapacity,0.003850396144454038
Imidazolium,Other,HeatCapacity,0.02663503504426412
Imidazolium,Other,HeatCapacity,0.019306228986824436
Pyridinium,Other,HeatCapacity,0.012416380668852867
Imidazolium,Other,HeatCapacity,0.014949830341426384
Quaternary ammonium,NTf2,HeatCapacity,0.005415977864446475
Imidazolium,BF4,HeatCapacity,0.030884715424261522
Imidazolium,Other,HeatCapacity,0.004566163949569102
Pyridinium,Other,HeatCapacity,0.00805434835168306
Imidazolium,Other,HeatCapacity,0.003744199738259013
Imidazolium,NTf2,HeatCapacity,0.0038844353521358954
Imidazolium,Other,HeatCapacity,0.0004334368633456265
Imidazolium,NTf2,HeatCapacity,0.03149647527415489
Imidazolium,NTf2,HeatCapacity,0.005278128741928789
Imidazolium,PF6,HeatCapacity,0.047796238130501933
Imidazolium,Other,HeatCapacity,0.0013332481653733907
Imidazolium,Other,HeatCapacity,0.006779149511499938
Imidazolium,Other,HeatCapacity,0.005268545980999129
Imidazolium,Other,HeatCapacity,0.019962251535450726
Imidazolium,PF6,HeatCapacity,8.455959901176868e-05
Imidazolium,Other,HeatCapacity,0.001790104876697285
Imidazolium,BF4,HeatCapacity,0.020428144515687308
Imidazolium,PF6,HeatCapacity,8.45225819201545e-05
Imidazolium,PF6,HeatCapacity,0.0016823284743310296
Quaternary ammonium,Other,HeatCapacity,0.008005660018887362
Imidazolium,Other,HeatCapacity,0.08068231266820813
Imidazolium,Other,HeatCapacity,0.0144267145356336
Imidazolium,NTf2,HeatCapacity,0.012574602853534955
Pyridinium,NTf2,HeatCapacity,0.05521532502328519
Imidazolium,BF4,HeatCapacity,0.2118915795325682
Imidazolium,NTf2,HeatCapacity,0.010779781627724638
Imidazolium,NTf2,HeatCapacity,0.004923928487652773
Imidazolium,PF6,HeatCapacity,0.00270416791603445
Imidazolium,Other,HeatCapacity,0.0005670018029571011
Imidazolium,Other,HeatCapacity,0.0010921237495855607
Pyridinium,NTf2,HeatCapacity,0.04578931921321949
Pyridinium,NTf2,HeatCapacity,0.022024213656592906
Imidazolium,Hydrogen sulfate,HeatCapacity,0.0010305334960962753
Imidazolium,Other,HeatCapacity,0.010824195368469347
Imidazolium,Carboxylate,HeatCapacity,0.006641867959987557
Pyridinium,NTf2,HeatCapacity,0.006905166529555196
Imidazolium,Other,HeatCapacity,0.004689167642144554
Imidazolium,Other,HeatCapacity,0.018358783627313358
Imidazolium,PF6,HeatCapacity,0.0020441816677756464
Pyridinium,NTf2,HeatCapacity,0.0028105432808667175
Imidazolium,BF4,HeatCapacity,0.00022359156598383834
Imidazolium,Other,HeatCapacity,0.002465780100052939
Imidazolium,PF6,HeatCapacity,0.004509086613698976
Imidazolium,Other,HeatCapacity,0.00162280019426575
Imidazolium,PF6,HeatCapacity,0.0012579337241165334
Imidazolium,Other,HeatCapacity,0.004436880352648664
Imidazolium,NTf2,HeatCapacity,0.000538308150892064
Imidazolium,Other,HeatCapacity,0.005543087357035681
Quaternary ammonium,Other,HeatCapacity,0.01384684063569619
Imidazolium,Other,HeatCapacity,0.011027763345462738
Imidazolium,NTf2,HeatCapacity,0.004645422401505783
Imidazolium,Other,HeatCapacity,0.00318376131804321
Imidazolium,NTf2,HeatCapacity,0.01593354269399061
Imidazolium,Hydrogen sulfate,HeatCapacity,0.020625138786199315
Pyridinium,Other,HeatCapacity,0.0042019407189712865
Imidazolium,PF6,HeatCapacity,0.008677414760666302
Imidazolium,BF4,HeatCapacity,0.0003131593207683636
Imidazolium,Carboxylate,HeatCapacity,0.019347695102036155
Pyridinium,NTf2,HeatCapacity,0.0037275117435573435
Pyridinium,BF4,HeatCapacity,0.010320694288265209
Imidazolium,PF6,HeatCapacity,0.0010883257327662932
Pyridinium,NTf2,HeatCapacity,0.07918264200923986
Imidazolium,PF6,HeatCapacity,0.00958137347083543
Pyridinium,BF4,HeatCapacity,0.0018096142039061291
Imidazolium,BF4,HeatCapacity,0.0020785191888839094
Pyridinium,NTf2,HeatCapacity,0.10955156688599033
Imidazolium,NTf2,HeatCapacity,0.007627597480471593
Pyridinium,BF4,HeatCapacity,0.005832191123401387
Imidazolium,NTf2,HeatCapacity,0.0003491184934594216
Pyridinium,NTf2,HeatCapacity,0.0009684224376274031
Imidazolium,PF6,HeatCapacity,0.029096567036351217
Imidazolium,PF6,HeatCapacity,0.004620638040664815
Imidazolium,Carboxylate,HeatCapacity,0.017172419532733407
Imidazolium,Other,HeatCapacity,0.00386574584870214
Imidazolium,BF4,HeatCapacity,0.0012483274060475225
Imidazolium,Other,HeatCapacity,0.0007462305269241298
Imidazolium,PF6,HeatCapacity,0.0018763436190090133
Imidazolium,Other,HeatCapacity,0.006429670859342096
Imidazolium,Other,HeatCapacity,0.004093690781679982
Imidazolium,Other,HeatCapacity,0.0014658729683798555
Imidazolium,BF4,HeatCapacity,0.006708546798090964
Imidazolium,Other,HeatCapacity,0.005430629064474779
Phosphonium,Carboxylate,HeatCapacity,0.00616791690258367
Imidazolium,NTf2,HeatCapacity,0.009858595739716591
Imidazolium,PF6,HeatCapacity,0.0010896030198210838
Imidazolium,Carboxylate,HeatCapacity,0.008611713620506833
Imidazolium,Other,HeatCapacity,0.0014129965875646633
Imidazolium,PF6,HeatCapacity,0.036820806068375234
Imidazolium,NTf2,HeatCapacity,0.053690977087277325
Imidazolium,NTf2,HeatCapacity,0.0072607834157283335
Pyridinium,BF4,HeatCapacity,0.002632129272750916
Imidazolium,PF6,HeatCapacity,0.004101743248874357
Pyridinium,PF6,HeatCapacity,0.0024165985597495165
Imidazolium,Other,HeatCapacity,0.0036806409419218866
Imidazolium,Carboxylate,HeatCapacity,0.030075182573661152
Imidazolium,Other,HeatCapacity,0.017478482477190305
Imidazolium,Other,HeatCapacity,0.0006851616070351341
Imidazolium,Carboxylate,HeatCapacity,0.05637127760169047
Pyridinium,NTf2,HeatCapacity,0.018594738868301874
Imidazolium,Other,HeatCapacity,0.025061518545839157
Pyridinium,BF4,HeatCapacity,0.023142888612015966
Imidazolium,Other,HeatCapacity,0.0005683269299243676
Imidazolium,NTf2,HeatCapacity,0.0011268552945802313
Imidazolium,BF4,HeatCapacity,0.007535582400980623
Imidazolium,PF6,HeatCapacity,0.007275193069115282
Imidazolium,NTf2,HeatCapacity,0.019308643886264854
Imidazolium,NTf2,HeatCapacity,0.0012889335281069947
Imidazolium,BF4,HeatCapacity,0.0064725395442186695
Protic ammonium,Carboxylate,HeatCapacity,0.006914564931753908
Imidazolium,PF6,HeatCapacity,0.000460626179920709
Imidazolium,NTf2,HeatCapacity,0.003063647815245041
Pyridinium,NTf2,HeatCapacity,0.14750906118671026
Imidazolium,NTf2,HeatCapacity,0.0051163812811605425
Imidazolium,Hydrogen sulfate,HeatCapacity,0.013875987927893796
Imidazolium,BF4,HeatCapacity,0.02015589609958024
Imidazolium,Hydrogen sulfate,HeatCapacity,0.0013565795467638253
Phosphonium,Other,HeatCapacity,0.015496642951283057
Pyridinium,NTf2,HeatCapacity,0.006897990283869504
Imidazolium,NTf2,HeatCapacity,0.004621481901836866
Imidazolium,Other,HeatCapacity,0.004026469225900442
Pyridinium,NTf2,HeatCapacity,0.0025619851263076754
Imidazolium,Other,HeatCapacity,0.0013898798404179402
Imidazolium,BF4,HeatCapacity,0.00780905778564378
Imidazolium,BF4,HeatCapacity,0.006246556025096162
Imidazolium,PF6,HeatCapacity,0.001842529390938985
Imidazolium,BF4,HeatCapacity,0.002513256612168391
Imidazolium,Carboxylate,HeatCapacity,0.01790429697555762
Imidazolium,Other,HeatCapacity,0.003374087754759003
Imidazolium,NTf2,HeatCapacity,0.0020894821775625516
Imidazolium,PF6,HeatCapacity,0.008399906941238378
Imidazolium,BF4,HeatCapacity,0.17257109594945508
Imidazolium,NTf2,HeatCapacity,0.002612089735169576
Pyridinium,NTf2,HeatCapacity,0.0071134319025691894
Pyridinium,NTf2,HeatCapacity,0.048825727857136236
Imidazolium,Other,HeatCapacity,0.03814930117600834
Imidazolium,PF6,HeatCapacity,0.0017934349303025954
Pyridinium,BF4,HeatCapacity,0.0005883242675688294
Protic ammonium,Carboxylate,HeatCapacity,0.0029644766816092627
Imidazolium,NTf2,HeatCapacity,0.009878232574322965
Pyridinium,NTf2,HeatCapacity,0.00827695370171
Imidazolium,Other,HeatCapacity,0.009980567666859841
Pyridinium,NTf2,HeatCapacity,0.003623919701254863
Quaternary ammonium,Carboxylate,HeatCapacity,0.003738411101354089
Imidazolium,Other,HeatCapacity,0.00015777302031061424
Imidazolium,NTf2,HeatCapacity,0.0009207653529124116
Imidazolium,BF4,HeatCapacity,0.002432760244804655
Imidazolium,Other,HeatCapacity,0.0036930692577934465
Imidazolium,NTf2,HeatCapacity,0.00023267992547371108
Imidazolium,Other,HeatCapacity,0.05150892093527659
Imidazolium,NTf2,HeatCapacity,0.006177590131623667
Imidazolium,PF6,HeatCapacity,0.0008592033325101056
Imidazolium,PF6,HeatCapacity,0.002136722253579748
Imidazolium,PF6,HeatCapacity,6.820427448506194e-05
Imidazolium,Other,HeatCapacity,0.004398362819006962
Imidazolium,Other,HeatCapacity,0.014039038004569626
Imidazolium,Other,HeatCapacity,0.012519925053404712
Imidazolium,PF6,HeatCapacity,0.001282698074847488
Imidazolium,Hydrogen sulfate,HeatCapacity,0.07484718467364626
Imidazolium,Other,HeatCapacity,0.0005941671458273845
Imidazolium,NTf2,HeatCapacity,0.009821413807877377
Imidazolium,PF6,HeatCapacity,0.0017261491414473085
Imidazolium,Other,HeatCapacity,0.0016793533552510453
Imidazolium,PF6,HeatCapacity,0.0007581590695693308
Imidazolium,NTf2,HeatCapacity,0.00249677251493452
Imidazolium,Other,HeatCapacity,0.003427488661445821
Imidazolium,PF6,HeatCapacity,0.007886438006966756
Imidazolium,Hydrogen sulfate,HeatCapacity,0.03864619672387004
Imidazolium,PF6,HeatCapacity,0.0006465283601002625
Imidazolium,PF6,HeatCapacity,0.0009508639660129603
Pyridinium,NTf2,HeatCapacity,0.004370315075916231
Imidazolium,Other,HeatCapacity,0.01382263229327485
Imidazolium,Hydrogen sulfate,HeatCapacity,0.00029093913403333005
Pyridinium,BF4,HeatCapacity,0.0024298779001581394
Imidazolium,BF4,HeatCapacity,0.00157823770657739
Imidazolium,Other,HeatCapacity,0.0006990082646218809
Imidazolium,PF6,HeatCapacity,0.02702949824813672
Imidazolium,BF4,HeatCapacity,0.009423240723639204
Pyridinium,NTf2,HeatCapacity,0.001493441706861276
Imidazolium,NTf2,HeatCapacity,0.011871881735328493
Phosphonium,Carboxylate,HeatCapacity,0.003855650695085977
Imidazolium,BF4,HeatCapacity,0.0013608931376181133
Imidazolium,PF6,HeatCapacity,0.00026837840156623827
Imidazolium,Other,HeatCapacity,0.012528940513096387
Imidazolium,Other,HeatCapacity,0.028206760101861406
Imidazolium,PF6,HeatCapacity,0.06173083502719834
Imidazolium,PF6,HeatCapacity,0.00010441777613756642
Imidazolium,PF6,HeatCapacity,0.007193468667781033
Imidazolium,NTf2,HeatCapacity,0.008148728164344199
Imidazolium,NTf2,HeatCapacity,3.6691554314849384e-05
Imidazolium,BF4,HeatCapacity,0.08826220031373833
Imidazolium,Other,HeatCapacity,0.11445270242344385
Imidazolium,Hydrogen sulfate,HeatCapacity,0.0004744600516293218
Imidazolium,Other,HeatCapacity,0.006736337048035779
Imidazolium,Other,HeatCapacity,0.003696935780584276
Imidazolium,NTf2,HeatCapacity,0.008686905790813881
Imidazolium,PF6,HeatCapacity,0.01951830041451874
Imidazolium,PF6,HeatCapacity,0.001308451748674777
Imidazolium,BF4,HeatCapacity,0.00047822815514564354
Pyridinium,NTf2,HeatCapacity,0.014603981809480082
Quaternary ammonium,NTf2,HeatCapacity,0.000333435667645432
Imidazolium,PF6,HeatCapacity,0.0024772492016245096
Imidazolium,Other,HeatCapacity,0.004293026667650857
Imidazolium,PF6,HeatCapacity,0.002868687026756689
Imidazolium,Other,HeatCapacity,0.005764543775296893
Imidazolium,Hydrogen sulfate,HeatCapacity,0.00870241287583795
Imidazolium,NTf2,HeatCapacity,0.02290487202043945
Imidazolium,NTf2,HeatCapacity,0.0032677147500450587
Imidazolium,Other,HeatCapacity,0.0011310843955518735
Pyridinium,NTf2,HeatCapacity,0.07211691604885662
Pyridinium,NTf2,HeatCapacity,0.024817877779704567
Pyridinium,BF4,HeatCapacity,0.019352477077680952
Imidazolium,NTf2,HeatCapacity,0.009573948101752272
Imidazolium,PF6,HeatCapacity,0.0018944906065803124
Imidazolium,NTf2,HeatCapacity,0.00893878616118382
Imidazolium,Hydrogen sulfate,HeatCapacity,0.021719495479740836
Imidazolium,PF6,HeatCapacity,0.01828099921651738
Pyridinium,PF6,HeatCapacity,0.0018739573035713164
Cholinium,Other,HeatCapacity,0.0045943418580165485
Imidazolium,NTf2,HeatCapacity,0.009313015589791362
Imidazolium,Other,HeatCapacity,0.006430535155912409
Imidazolium,PF6,HeatCapacity,0.0024962725557156062
Imidazolium,PF6,HeatCapacity,0.0026501436307935222
Pyridinium,Other,HeatCapacity,0.010879138626608054
Imidazolium,NTf2,HeatCapacity,0.0001657915066148874
Imidazolium,PF6,HeatCapacity,0.0019712915359590966
Pyridinium,NTf2,HeatCapacity,0.012342410139158488
Imidazolium,NTf2,HeatCapacity,0.0029135829825586157
Imidazolium,PF6,HeatCapacity,0.004934727615475865
Imidazolium,NTf2,HeatCapacity,0.013182178758833984
Imidazolium,PF6,HeatCapacity,0.00038819611768481366
Imidazolium,NTf2,HeatCapacity,0.06739130654679837
Imidazolium,PF6,HeatCapacity,0.0026341096724102897
Pyridinium,NTf2,HeatCapacity,0.007545563195488825
Imidazolium,BF4,HeatCapacity,0.00024367247733092512
Imidazolium,NTf2,HeatCapacity,0.010076376520395947
Imidazolium,NTf2,HeatCapacity,0.08157877892030463
Imidazolium,Other,HeatCapacity,0.0036278866767398554
Imidazolium,PF6,HeatCapacity,0.002635139182223689
Imidazolium,Other,HeatCapacity,0.003684976646024296
Imidazolium,Carboxylate,HeatCapacity,0.022759389208353298
Protic ammonium,Carboxylate,HeatCapacity,0.017740863847914845
Imidazolium,Other,HeatCapacity,0.0056986921398269885
Imidazolium,NTf2,HeatCapacity,0.0215387250173924
Imidazolium,NTf2,HeatCapacity,0.005937092842767555
Imidazolium,Other,HeatCapacity,0.014476683366189569
Imidazolium,PF6,HeatCapacity,0.0022248455032540804
Pyridinium,BF4,HeatCapacity,0.0006366739329362048
Quaternary ammonium,NTf2,HeatCapacity,0.004475224691805835
Imidazolium,NTf2,HeatCapacity,0.009237648343161098
Quaternary ammonium,NTf2,HeatCapacity,0.0016831792230656006
Imidazolium,Other,HeatCapacity,0.02635517590671821
Imidazolium,Other,HeatCapacity,0.015246451224828483
Imidazolium,Other,HeatCapacity,0.004604030155814343
Imidazolium,PF6,HeatCapacity,0.042055669172839316
Imidazolium,BF4,HeatCapacity,0.0014119267733461172
Imidazolium,NTf2,HeatCapacity,0.011320638503769409
Imidazolium,Hydrogen sulfate,HeatCapacity,0.008446719788316237
Protic ammonium,Carboxylate,HeatCapacity,0.008272260887277838
Imidazolium,Other,HeatCapacity,0.004983968252090243
Imidazolium,NTf2,HeatCapacity,0.021529156227319213
Quaternary ammonium,Other,HeatCapacity,0.021621647967619673
Imidazolium,NTf2,HeatCapacity,0.00203752770717891
Imidazolium,NTf2,HeatCapacity,0.00024367704420580338
Imidazolium,PF6,HeatCapacity,0.001337076146545435
Imidazolium,BF4,HeatCapacity,0.0033659225660471748
Imidazolium,NTf2,HeatCapacity,0.0001416187522274015
Pyridinium,NTf2,HeatCapacity,0.017273433946522587
Imidazolium,Other,HeatCapacity,0.0052923365351524865
Imidazolium,NTf2,HeatCapacity,0.0032788394069287463
Imidazolium,PF6,HeatCapacity,0.001217362674166722
Imidazolium,PF6,HeatCapacity,0.000561160361272961
Imidazolium,Other,HeatCapacity,0.01793916850026811
Imidazolium,Other,HeatCapacity,0.005000551654675611
Imidazolium,Other,HeatCapacity,0.0044097189945384585
Pyridinium,NTf2,HeatCapacity,0.0035342248884289162
Imidazolium,Other,HeatCapacity,0.0055942590888040655
Imidazolium,Carboxylate,HeatCapacity,0.005166979571678887
Imidazolium,PF6,HeatCapacity,0.0014095246125194194
Imidazolium,Other,HeatCapacity,0.009399327497646048
Pyridinium,NTf2,HeatCapacity,0.01121911238917317
Imidazolium,Other,HeatCapacity,0.0040501835909765305
Imidazolium,PF6,HeatCapacity,0.05460358505544338
Imidazolium,NTf2,HeatCapacity,0.011291438136889376
Cholinium,Other,HeatCapacity,0.00697810859161585
Imidazolium,PF6,HeatCapacity,0.004515221739272768
Imidazolium,Hydrogen sulfate,HeatCapacity,0.08672568222547028
Imidazolium,NTf2,HeatCapacity,0.004634791956915407
Imidazolium,PF6,HeatCapacity,0.002881074767274505
Imidazolium,Carboxylate,HeatCapacity,0.008655031209541697
Imidazolium,PF6,HeatCapacity,0.02789157204957604
Imidazolium,PF6,HeatCapacity,0.0017496646160086726
Imidazolium,BF4,HeatCapacity,0.0034279888950283777
Imidazolium,NTf2,HeatCapacity,0.0017376308175123256
Imidazolium,Hydrogen sulfate,HeatCapacity,0.00046782493206709574
Phosphonium,Carboxylate,HeatCapacity,0.01644420008051206
Imidazolium,NTf2,HeatCapacity,0.0015649909787560645
Imidazolium,NTf2,HeatCapacity,0.0019316394246438051
Imidazolium,Other,HeatCapacity,0.013594066668493276
Imidazolium,Other,HeatCapacity,0.001542607008315322
Pyridinium,BF4,HeatCapacity,0.003769456554600481
Imidazolium,Carboxylate,HeatCapacity,0.02857007583576543
Imidazolium,PF6,HeatCapacity,0.007213085277752107
Imidazolium,NTf2,HeatCapacity,0.00449292199605722
Imidazolium,PF6,HeatCapacity,0.15956390965957024
Pyridinium,PF6,HeatCapacity,0.023006493073149947
Imidazolium,Other,HeatCapacity,0.004546115607486634
Imidazolium,PF6,HeatCapacity,0.04520277867820344
Imidazolium,BF4,HeatCapacity,0.001923560529436763
Imidazolium,NTf2,HeatCapacity,0.011238165573588255
Imidazolium,Other,HeatCapacity,0.013036189181095281
Imidazolium,NTf2,HeatCapacity,0.01365902763696969
Imidazolium,Other,HeatCapacity,0.007108687943562231
Imidazolium,NTf2,HeatCapacity,0.004554189032652367
Imidazolium,NTf2,HeatCapacity,0.002456117770491595
Imidazolium,BF4,HeatCapacity,0.05587336030993573
Imidazolium,Other,HeatCapacity,0.006551676878328472
Imidazolium,NTf2,HeatCapacity,0.0465360076083412
Imidazolium,Hydrogen sulfate,HeatCapacity,0.11579087716101988
Quaternary ammonium,NTf2,HeatCapacity,0.005792174166728614
Imidazolium,NTf2,HeatCapacity,0.021708996524007595
Imidazolium,Other,HeatCapacity,0.006281867599029489
Imidazolium,Other,HeatCapacity,0.004039277994615453
Imidazolium,PF6,HeatCapacity,0.0003518836147646809
Phosphonium,Other,HeatCapacity,0.025581811535875687
Imidazolium,PF6,HeatCapacity,0.007548271454354882
Imidazolium,Other,HeatCapacity,0.009124288299280359
Quaternary ammonium,NTf2,HeatCapacity,0.002581483885436775
Imidazolium,NTf2,HeatCapacity,0.00984466515378557
Imidazolium,NTf2,HeatCapacity,0.0008568620678364169
Imidazolium,NTf2,HeatCapacity,0.0076718642680218
Imidazolium,PF6,HeatCapacity,0.02366006902888973
Imidazolium,Other,HeatCapacity,0.025251858020689966
Imidazolium,NTf2,HeatCapacity,0.007524992753617177
Imidazolium,Other,HeatCapacity,0.00047250810600729665
Imidazolium,PF6,HeatCapacity,0.006162125499591831
Cholinium,Hydrogen sulfate,HeatCapacity,0.00821016396019747
Quaternary ammonium,NTf2,HeatCapacity,0.04605155112596826
Imidazolium,BF4,HeatCapacity,0.0061536020801895575
Imidazolium,Other,HeatCapacity,0.028073357727575576
Protic ammonium,Carboxylate,HeatCapacity,0.001282259062769242
Imidazolium,Hydrogen sulfate,HeatCapacity,0.010011640198380078
Imidazolium,NTf2,HeatCapacity,0.002279772105440614
Protic ammonium,Carboxylate,HeatCapacity,0.032454947024002756
Imidazolium,BF4,HeatCapacity,0.002899682347608845
Imidazolium,PF6,HeatCapacity,0.0007147609223547846
Imidazolium,Other,HeatCapacity,0.010843294689268035
Imidazolium,PF6,HeatCapacity,0.0015415441953772202
Imidazolium,BF4,HeatCapacity,1.1942104426232447e-05
Imidazolium,NTf2,HeatCapacity,0.011178997373368915
Pyridinium,BF4,HeatCapacity,0.011453076660960626
Imidazolium,PF6,HeatCapacity,0.0016226692040888224
Imidazolium,Other,HeatCapacity,0.01956879933184652
Imidazolium,Other,HeatCapacity,0.004920508330005902
Pyridinium,BF4,HeatCapacity,0.0003428425346401198
Imidazolium,NTf2,HeatCapacity,0.005629026242041313
Cholinium,Other,HeatCapacity,0.03199713779239399
Imidazolium,Other,HeatCapacity,0.03366511770249225
Imidazolium,Other,HeatCapacity,0.0017913607241935026
Imidazolium,NTf2,HeatCapacity,0.000883591553910712
Imidazolium,Carboxylate,HeatCapacity,0.009368292233484787
Pyridinium,NTf2,HeatCapacity,0.02870659613551485
Imidazolium,NTf2,HeatCapacity,0.005559538144924936
Pyridinium,NTf2,HeatCapacity,0.010694925344187922
Imidazolium,BF4,HeatCapacity,0.004778462143359974
Imidazolium,Other,HeatCapacity,0.003378400106944568
Imidazolium,PF6,HeatCapacity,0.0026545742710171183
Imidazolium,BF4,HeatCapacity,0.0050749269347214465
Imidazolium,Hydrogen sulfate,HeatCapacity,0.024970022097684286
Imidazolium,NTf2,HeatCapacity,0.005558062387186702
Pyridinium,NTf2,HeatCapacity,0.005925198291483191
Imidazolium,BF4,HeatCapacity,0.00022548264868582635
Imidazolium,PF6,HeatCapacity,0.0011157306241704745
Imidazolium,BF4,HeatCapacity,0.007739499700003094
Imidazolium,Other,HeatCapacity,0.007644125592020323
Imidazolium,Hydrogen sulfate,HeatCapacity,0.015590804248870604
Pyridinium,NTf2,HeatCapacity,0.02674635234613021
Imidazolium,PF6,HeatCapacity,0.0033088275949761936
Imidazolium,Carboxylate,HeatCapacity,0.003934741982783763
Pyridinium,NTf2,HeatCapacity,0.033530312669407536
Imidazolium,NTf2,HeatCapacity,0.0012916838325542912
Imidazolium,PF6,HeatCapacity,0.010133248921455618
Imidazolium,BF4,HeatCapacity,0.00851166668466874
Imidazolium,Other,HeatCapacity,0.009085686174554297
Imidazolium,Hydrogen sulfate,HeatCapacity,0.12248991068747994
Imidazolium,Hydrogen sulfate,HeatCapacity,0.12484548911880022
Imidazolium,Carboxylate,HeatCapacity,0.0002594227397150206
Pyridinium,NTf2,HeatCapacity,0.003000828634869279
Imidazolium,NTf2,HeatCapacity,0.00916573346896321
Imidazolium,NTf2,HeatCapacity,0.008968749697298328
Imidazolium,Other,HeatCapacity,0.006755875601864858
Imidazolium,Other,HeatCapacity,0.006557499887767548
Imidazolium,Other,HeatCapacity,0.004387906827179933
Imidazolium,PF6,HeatCapacity,0.0006805069221780258
Imidazolium,PF6,HeatCapacity,0.002194412902694509
Imidazolium,NTf2,HeatCapacity,0.006183627382119639
Imidazolium,PF6,HeatCapacity,0.0011469190418242903
Imidazolium,PF6,HeatCapacity,0.0020661332789577713
Imidazolium,NTf2,HeatCapacity,0.0018458044589308997
Imidazolium,NTf2,HeatCapacity,0.00845102056907443
Imidazolium,PF6,HeatCapacity,0.010485136938061856
Imidazolium,Other,HeatCapacity,0.023655855464925324
Imidazolium,BF4,HeatCapacity,0.0011854721702286852
Imidazolium,Hydrogen sulfate,HeatCapacity,0.030201314233101684
Imidazolium,NTf2,HeatCapacity,0.008732909217604501
Imidazolium,BF4,HeatCapacity,0.0008134655942786395
Imidazolium,NTf2,HeatCapacity,0.007730447875349711
Imidazolium,NTf2,HeatCapacity,0.00027694002598366296
Quaternary ammonium,NTf2,HeatCapacity,0.004952980880932323
Imidazolium,Hydrogen sulfate,HeatCapacity,0.006196011932381396
Imidazolium,BF4,HeatCapacity,0.008671837279035977
Pyridinium,NTf2,HeatCapacity,0.0078091286256336545
Imidazolium,Carboxylate,HeatCapacity,0.016641523762566557
Imidazolium,Hydrogen sulfate,HeatCapacity,0.0005103097498810882
Imidazolium,Hydrogen sulfate,HeatCapacity,0.002447080353429776
Pyridinium,NTf2,HeatCapacity,0.001850039037392115
Pyridinium,NTf2,HeatCapacity,0.0030889473029462877
Cholinium,Hydrogen sulfate,HeatCapacity,0.005296742083555905
Imidazolium,NTf2,HeatCapacity,0.002913564594154927
Imidazolium,NTf2,HeatCapacity,0.006078663071696688
Imidazolium,PF6,HeatCapacity,0.0003619673697219383
Imidazolium,NTf2,HeatCapacity,0.016986537708001848
Imidazolium,Hydrogen sulfate,HeatCapacity,0.022463808476898883
Phosphonium,Other,HeatCapacity,0.007287063325549958
Phosphonium,Hydrogen sulfate,HeatCapacity,0.004556159239661461
Imidazolium,NTf2,HeatCapacity,0.0071262853008100535
Imidazolium,PF6,HeatCapacity,0.0022134481858824273
Imidazolium,NTf2,HeatCapacity,0.012568054582448696
Cholinium,Other,HeatCapacity,0.012560832255846144
Imidazolium,PF6,HeatCapacity,0.0021724702866929846
Imidazolium,Other,HeatCapacity,0.020309449203580243
Imidazolium,PF6,HeatCapacity,0.00044199242116160775
Imidazolium,PF6,HeatCapacity,0.0018610153660398865
Imidazolium,PF6,HeatCapacity,0.0018199566167362846
Imidazolium,PF6,HeatCapacity,0.04845503796485051
Imidazolium,PF6,HeatCapacity,0.00248578285412826
Imidazolium,Other,HeatCapacity,0.015095815777049992
Imidazolium,Other,HeatCapacity,0.003594030007731952
Imidazolium,BF4,HeatCapacity,0.0003123357672540905
Imidazolium,BF4,HeatCapacity,0.003134259062684386
Imidazolium,PF6,HeatCapacity,0.001960766860466201
Imidazolium,PF6,HeatCapacity,0.0018382932931135798
Imidazolium,NTf2,HeatCapacity,0.008153531640044065
Imidazolium,PF6,HeatCapacity,0.0027260763981242775
Imidazolium,Other,HeatCapacity,0.006130332620569945
Imidazolium,NTf2,HeatCapacity,0.028035179050292847
Imidazolium,NTf2,HeatCapacity,0.006310425903026662
Imidazolium,Other,HeatCapacity,0.0053233952650302285
Quaternary ammonium,NTf2,HeatCapacity,0.004278536062964022
Imidazolium,Other,HeatCapacity,0.0007629810472860044
Imidazolium,PF6,HeatCapacity,0.030029864671840656
Imidazolium,Other,HeatCapacity,0.0006408597323419585
Imidazolium,NTf2,HeatCapacity,0.010854237832194968
Imidazolium,NTf2,HeatCapacity,0.04619984476758621
Phosphonium,Other,HeatCapacity,0.004936670889102324
Imidazolium,Other,HeatCapacity,0.005909492428630259
Imidazolium,PF6,HeatCapacity,0.0012564741897067577
Pyridinium,NTf2,HeatCapacity,0.007986023094868955
Imidazolium,NTf2,HeatCapacity,0.01968564288547814
Imidazolium,PF6,HeatCapacity,0.0008735457086928022
Imidazolium,Hydrogen sulfate,HeatCapacity,0.001358543618806607
Pyridinium,NTf2,HeatCapacity,0.0013922565498596384
Imidazolium,NTf2,HeatCapacity,0.011886164470316984
Imidazolium,NTf2,HeatCapacity,0.0036572667775454093
Imidazolium,Other,HeatCapacity,0.01240737291155547
Imidazolium,NTf2,HeatCapacity,0.007427630332606405
Imidazolium,PF6,HeatCapacity,0.0017638263416657196
Imidazolium,NTf2,HeatCapacity,0.0034547259453860946
Pyridinium,NTf2,HeatCapacity,0.09641549633598423
Imidazolium,PF6,HeatCapacity,0.003375904676309105
Imidazolium,NTf2,HeatCapacity,0.002974510440728828
Imidazolium,Other,HeatCapacity,0.0336789634434016
Quaternary ammonium,Other,HeatCapacity,0.02107094838570145
Imidazolium,NTf2,HeatCapacity,0.011865626885792402
Imidazolium,PF6,HeatCapacity,0.0021191255395827113
Imidazolium,Other,HeatCapacity,0.0036667914776753463
Imidazolium,BF4,HeatCapacity,0.005349099211900743
Imidazolium,Other,HeatCapacity,0.0011715801908014356
Imidazolium,Other,HeatCapacity,0.004821792601839903
Imidazolium,PF6,HeatCapacity,0.00022271637403736833
Imidazolium,Other,HeatCapacity,0.005227026053375106
Imidazolium,PF6,HeatCapacity,0.002091832331520216
Imidazolium,PF6,HeatCapacity,0.005297714528225583
Imidazolium,Hydrogen sulfate,HeatCapacity,0.001216492783044032
Imidazolium,BF4,HeatCapacity,0.006340418786025204
Imidazolium,Other,HeatCapacity,0.0013189065102201525
Imidazolium,PF6,HeatCapacity,0.01800117714749483
Pyridinium,NTf2,HeatCapacity,0.03638224364746989
Imidazolium,PF6,HeatCapacity,0.0032682544483115805
Imidazolium,PF6,HeatCapacity,0.002089957739111803
Imidazolium,NTf2,HeatCapacity,0.005805176241940657
Cholinium,Other,HeatCapacity,0.00833235109106134
Protic ammonium,Carboxylate,HeatCapacity,0.0021099116067855306
Imidazolium,Other,HeatCapacity,0.004951502982645017
Imidazolium,Other,HeatCapacity,0.001008406473531842
Imidazolium,Other,HeatCapacity,0.0057588026291641725
Phosphonium,Hydrogen sulfate,HeatCapacity,0.01039211089162162
Imidazolium,PF6,HeatCapacity,0.009756494084338208
Imidazolium,Other,HeatCapacity,0.010120504235120897
Pyridinium,NTf2,HeatCapacity,0.0542611911155797
Phosphonium,Other,HeatCapacity,0.006969429046298714
Imidazolium,Hydrogen sulfate,HeatCapacity,0.0004605494152318812
Imidazolium,Other,HeatCapacity,0.0030884371648793874
Pyridinium,Other,HeatCapacity,0.015494422970901311
Imidazolium,Other,HeatCapacity,0.0058383131971702085
Imidazolium,PF6,HeatCapacity,0.000583126240596421
Imidazolium,Other,HeatCapacity,0.03868247002051195
Imidazolium,PF6,HeatCapacity,0.00010304806500993635
Imidazolium,NTf2,HeatCapacity,0.01080278783535693
Imidazolium,NTf2,HeatCapacity,0.0004239305325173248
Pyridinium,Other,HeatCapacity,0.05358362424833185
Imidazolium,PF6,HeatCapacity,0.0002869884104974574
Pyridinium,NTf2,HeatCapacity,0.03573704191284666
Imidazolium,PF6,HeatCapacity,0.00601853012488629
Pyridinium,NTf2,HeatCapacity,0.00883283427300352
Imidazolium,Other,HeatCapacity,0.015451382022701132
Imidazolium,BF4,HeatCapacity,0.003478426598132245
Phosphonium,Other,HeatCapacity,0.006030457106364295
Imidazolium,NTf2,HeatCapacity,0.00271616641401895
Imidazolium,BF4,HeatCapacity,0.0007396192394901746
Pyridinium,NTf2,HeatCapacity,0.06633671304077993
Pyridinium,NTf2,HeatCapacity,0.008300844552504572
Phosphonium,NTf2,HeatCapacity,0.009539727101969042
Imidazolium,NTf2,HeatCapacity,0.0064645372310288
Imidazolium,NTf2,HeatCapacity,0.005086523770553519
Imidazolium,NTf2,HeatCapacity,0.029282545244057268
Pyridinium,NTf2,HeatCapacity,0.027393457424724765
Pyridinium,NTf2,HeatCapacity,0.004714571048857863
Imidazolium,Other,HeatCapacity,0.025827395674830278
Imidazolium,PF6,HeatCapacity,0.0027633530705699627
Imidazolium,NTf2,HeatCapacity,0.005819366584495889
Imidazolium,PF6,HeatCapacity,0.0024514506221979815
Imidazolium,Hydrogen sulfate,HeatCapacity,0.015502445542495913
Imidazolium,BF4,HeatCapacity,0.000987414852911428
Imidazolium,Other,HeatCapacity,0.0031233046089358396
Imidazolium,BF4,HeatCapacity,0.0012173674805966428
Imidazolium,PF6,HeatCapacity,0.0041585366117180556
Imidazolium,Hydrogen sulfate,HeatCapacity,0.0008063073619952732
Pyridinium,NTf2,HeatCapacity,0.0029602689110932445
Imidazolium,Hydrogen sulfate,HeatCapacity,0.003497767887061798
Imidazolium,Hydrogen sulfate,HeatCapacity,0.004159455231119047
Imidazolium,Other,HeatCapacity,0.025322310138769843
Imidazolium,Other,HeatCapacity,0.02091404769274874
Imidazolium,Other,HeatCapacity,0.0018958378838220824
Imidazolium,Other,HeatCapacity,0.0026969447202693786
Imidazolium,BF4,HeatCapacity,0.01853703384572647
Imidazolium,Hydrogen sulfate,HeatCapacity,0.009169085166152335
Imidazolium,Other,HeatCapacity,0.02687172951621708
Imidazolium,Carboxylate,HeatCapacity,0.00340461167850048
Quaternary ammonium,Carboxylate,HeatCapacity,0.0014038571692545077
Imidazolium,BF4,HeatCapacity,0.0008654440396806962
Imidazolium,BF4,HeatCapacity,0.0011368012704942032
Imidazolium,PF6,HeatCapacity,0.007690827296385372
Imidazolium,Hydrogen sulfate,HeatCapacity,0.0011477084206319432
Imidazolium,Carboxylate,HeatCapacity,0.003386473782430066
Imidazolium,PF6,HeatCapacity,0.002173980263628472
Imidazolium,BF4,HeatCapacity,0.0003170740032398811
Imidazolium,NTf2,HeatCapacity,0.004042199048726047
Pyridinium,NTf2,HeatCapacity,0.026734827539605988
Pyridinium,NTf2,HeatCapacity,0.004615329117028999
Imidazolium,Other,HeatCapacity,0.017682273151093497
Imidazolium,PF6,HeatCapacity,0.00012974724021219686
Imidazolium,PF6,HeatCapacity,0.05135096482564894
Imidazolium,PF6,HeatCapacity,0.009326877860312166
Imidazolium,Other,HeatCapacity,0.007995765501348728
Imidazolium,Other,HeatCapacity,0.134209670606511
Imidazolium,NTf2,HeatCapacity,0.03306294123691789
Imidazolium,PF6,HeatCapacity,0.00029369141623103445
Imidazolium,PF6,HeatCapacity,0.002050898742461449
Imidazolium,BF4,HeatCapacity,0.0018506557364839082
Quaternary ammonium,NTf2,HeatCapacity,0.0028214811315043775
Imidazolium,PF6,HeatCapacity,0.0028859032635804027
Imidazolium,Hydrogen sulfate,HeatCapacity,0.001556394956089946
Imidazolium,NTf2,HeatCapacity,0.003982173526185129
Imidazolium,NTf2,HeatCapacity,0.0012886424462070778
Imidazolium,BF4,HeatCapacity,0.0027294436973397396
Imidazolium,NTf2,HeatCapacity,0.005866983094470868
Imidazolium,PF6,HeatCapacity,0.008088120663492404
Imidazolium,Hydrogen sulfate,HeatCapacity,0.0008574782507420053
Imidazolium,Other,HeatCapacity,0.002277825567332137
Imidazolium,Other,HeatCapacity,0.002630755949825314
Imidazolium,Hydrogen sulfate,HeatCapacity,0.0018596878750294366
Imidazolium,Other,HeatCapacity,0.000197889656053718
Imidazolium,Other,HeatCapacity,0.003680232675530526
Pyridinium,NTf2,HeatCapacity,0.02171704030950572
Imidazolium,NTf2,HeatCapacity,0.0008664168417888973
Imidazolium,PF6,HeatCapacity,0.0029321807118547483
Imidazolium,PF6,HeatCapacity,0.0033493865679758983
Imidazolium,NTf2,HeatCapacity,0.016761334974120246
Imidazolium,PF6,HeatCapacity,0.22699351001360224
Imidazolium,Other,HeatCapacity,0.0027203405620728205
Phosphonium,Other,HeatCapacity,0.029339188712852682
Imidazolium,Other,HeatCapacity,0.007251287472413104
Imidazolium,NTf2,HeatCapacity,0.0050834902667187265
Imidazolium,Other,HeatCapacity,0.006897027019112656
Imidazolium,Other,HeatCapacity,0.006602333982002939
Imidazolium,PF6,HeatCapacity,0.0027676078499494494
Pyridinium,NTf2,HeatCapacity,0.0061917563203648385
Imidazolium,PF6,HeatCapacity,0.006414444153130638
Imidazolium,NTf2,HeatCapacity,0.02287060140031194
Imidazolium,PF6,HeatCapacity,0.0018276818161595543
Imidazolium,NTf2,HeatCapacity,0.019388133706290667
Imidazolium,Hydrogen sulfate,HeatCapacity,0.0008965095438453474
Imidazolium,Other,HeatCapacity,0.0035772139760918975
Imidazolium,Other,HeatCapacity,0.004562377523231298
Imidazolium,PF6,HeatCapacity,0.0024962983600573807
Pyridinium,NTf2,HeatCapacity,0.004654066241571719
Imidazolium,Other,HeatCapacity,0.009876221957992648
Imidazolium,PF6,HeatCapacity,0.0109811399949713
Phosphonium,Other,HeatCapacity,0.01726485017827173
Protic ammonium,Carboxylate,HeatCapacity,0.0022916306384273
Imidazolium,NTf2,HeatCapacity,0.004027932179624827
Imidazolium,BF4,HeatCapacity,0.0057783529581456605
Imidazolium,Other,HeatCapacity,0.00788292645928479
Imidazolium,NTf2,HeatCapacity,0.004100327238885981
Pyridinium,NTf2,HeatCapacity,0.006169390570203603
Imidazolium,Other,HeatCapacity,0.00828941813871431
Imidazolium,Hydrogen sulfate,HeatCapacity,0.0013152206570143932
Protic ammonium,Carboxylate,HeatCapacity,0.002488147372545768
Imidazolium,Other,HeatCapacity,0.0005121737360882506
Imidazolium,Carboxylate,HeatCapacity,0.0041298302055103875
Imidazolium,NTf2,HeatCapacity,0.005235161613889261
Imidazolium,Other,HeatCapacity,0.0016204035459770338
Imidazolium,NTf2,HeatCapacity,0.005940850087500671
Pyridinium,BF4,HeatCapacity,0.01580089072233193
Imidazolium,BF4,HeatCapacity,0.00012445783617653916
Imidazolium,BF4,HeatCapacity,0.0014485656766023425
Imidazolium,Other,HeatCapacity,0.006065867830029603
Pyridinium,Other,HeatCapacity,0.1395684540966533
Imidazolium,Other,HeatCapacity,0.004036245576031661
Imidazolium,PF6,HeatCapacity,0.00355859637939826
Imidazolium,NTf2,HeatCapacity,0.005134985269619641
Imidazolium,PF6,HeatCapacity,0.0015845436216004316
Imidazolium,PF6,HeatCapacity,0.001891090772793369
Imidazolium,NTf2,HeatCapacity,0.01003464057496739
Imidazolium,PF6,HeatCapacity,0.0008955154033296608
Imidazolium,PF6,HeatCapacity,0.00431679906157445
Imidazolium,Other,HeatCapacity,0.01399139569650032
Imidazolium,Hydrogen sulfate,HeatCapacity,0.0004162775298501842
Imidazolium,PF6,HeatCapacity,0.0005736834874987551
Imidazolium,PF6,HeatCapacity,0.0008001177844532137
Imidazolium,Hydrogen sulfate,HeatCapacity,0.02537402825812407
Imidazolium,Hydrogen sulfate,HeatCapacity,0.011728727686974416
Imidazolium,BF4,HeatCapacity,0.008585867938782243
Imidazolium,PF6,HeatCapacity,0.0021818898858123603
Imidazolium,PF6,HeatCapacity,0.0007291846740695718
Imidazolium,BF4,HeatCapacity,0.04847951175055076
Imidazolium,PF6,HeatCapacity,0.0006326598639843084
Quaternary ammonium,Carboxylate,HeatCapacity,0.016372206752947704
Imidazolium,Other,HeatCapacity,0.009724648989322127
Imidazolium,PF6,HeatCapacity,0.0009102435797307962
Pyridinium,Other,HeatCapacity,0.019534278374461422
Quaternary ammonium,NTf2,HeatCapacity,0.0008394288632747049
Pyridinium,NTf2,HeatCapacity,0.00513456055429895
Imidazolium,PF6,HeatCapacity,0.0018111026378146988
Imidazolium,Other,HeatCapacity,0.011533733868139606
Imidazolium,Other,HeatCapacity,0.009243020932053092
Pyridinium,NTf2,HeatCapacity,0.02924617488826531
Imidazolium,Other,HeatCapacity,0.01117901335724536
Imidazolium,PF6,HeatCapacity,0.0009040305024932138
Protic ammonium,Carboxylate,HeatCapacity,0.0019098377445541104
Protic ammonium,Carboxylate,HeatCapacity,0.0008622017900243861
Imidazolium,PF6,HeatCapacity,7.669994294978721e-05
Imidazolium,PF6,HeatCapacity,0.004509880532021171
Imidazolium,BF4,HeatCapacity,0.0007795900698113201
Imidazolium,Other,HeatCapacity,0.010177130819085
Imidazolium,Other,HeatCapacity,0.011014397033756396
Imidazolium,NTf2,HeatCapacity,0.00071473753929574
Imidazolium,NTf2,HeatCapacity,0.021049425614282136
Imidazolium,PF6,HeatCapacity,0.001146366758157491
Imidazolium,PF6,HeatCapacity,0.0009589923817987511
Imidazolium,Other,HeatCapacity,0.003896734156913162
Imidazolium,Other,HeatCapacity,0.06622318359061463
Imidazolium,Other,HeatCapacity,0.002213584215676967
Imidazolium,Other,HeatCapacity,0.006606613912262027
Imidazolium,Hydrogen sulfate,HeatCapacity,0.01877826650083847
Imidazolium,Other,HeatCapacity,0.0005446121551599958
Phosphonium,Other,HeatCapacity,0.04183098960568277
Cholinium,Other,HeatCapacity,0.004230499393289122
Imidazolium,Other,HeatCapacity,0.0034107307276780574
Phosphonium,Carboxylate,HeatCapacity,0.0019379437907529606
Imidazolium,NTf2,HeatCapacity,0.003326925875846598
Imidazolium,PF6,HeatCapacity,0.02601568193705539
Phosphonium,Other,HeatCapacity,0.0049790410429757515
Imidazolium,Other,HeatCapacity,0.014752904512501885
Pyridinium,NTf2,HeatCapacity,0.05165002424122367
Imidazolium,Other,HeatCapacity,0.005760738046621583
Imidazolium,Hydrogen sulfate,HeatCapacity,0.01037973261805103
Imidazolium,Other,HeatCapacity,0.00038770222602035886
Imidazolium,Hydrogen sulfate,HeatCapacity,0.0013537025403760339
Imidazolium,PF6,HeatCapacity,0.14591983678778409
Imidazolium,Other,HeatCapacity,0.023665022572878947
Imidazolium,Hydrogen sulfate,HeatCapacity,0.028371340358522623
Imidazolium,Other,HeatCapacity,0.0024291224024777236
Imidazolium,PF6,HeatCapacity,0.006303276966844962
Imidazolium,Other,HeatCapacity,0.00695854312294486
Cholinium,Other,HeatCapacity,0.016745585482005332
Imidazolium,NTf2,HeatCapacity,0.0016475276086005408
Cholinium,Other,HeatCapacity,0.001990292800821969
Imidazolium,Hydrogen sulfate,HeatCapacity,0.00015168363965845089
Imidazolium,PF6,HeatCapacity,0.00027649356372538847
Imidazolium,Other,HeatCapacity,0.12084669051355501
Pyridinium,NTf2,HeatCapacity,0.011602914527379937
Imidazolium,NTf2,HeatCapacity,0.010121390454564505
Imidazolium,Other,HeatCapacity,0.0028749335234188322
Pyridinium,NTf2,HeatCapacity,0.023737860417618606
Pyridinium,NTf2,HeatCapacity,0.020568183081371316
Imidazolium,Hydrogen sulfate,HeatCapacity,0.009517639974676584
Imidazolium,Other,HeatCapacity,0.01495456416851404
Imidazolium,BF4,HeatCapacity,0.001861425255098581
Imidazolium,NTf2,HeatCapacity,0.001678926790413371
Pyridinium,NTf2,HeatCapacity,0.004942441951456544
Imidazolium,Other,HeatCapacity,0.0018139153576948175
Imidazolium,Other,HeatCapacity,0.03747754370117384
Imidazolium,NTf2,HeatCapacity,0.08991287342508425
Imidazolium,NTf2,HeatCapacity,0.0249218906958788
Protic ammonium,Carboxylate,HeatCapacity,0.010402196587731893
Imidazolium,NTf2,HeatCapacity,0.017207625080947864
Imidazolium,NTf2,HeatCapacity,0.03489599446544567
Imidazolium,NTf2,HeatCapacity,0.023345924435378862
Imidazolium,Hydrogen sulfate,HeatCapacity,0.0416641263249975
Imidazolium,Other,HeatCapacity,0.010333923927066557
Imidazolium,PF6,HeatCapacity,0.01066787022155058
Imidazolium,Other,HeatCapacity,0.012091657588865878
Imidazolium,PF6,HeatCapacity,0.01578510747207673
Imidazolium,PF6,HeatCapacity,0.0016555901946935236
Imidazolium,NTf2,HeatCapacity,0.012120292170035185
Imidazolium,NTf2,HeatCapacity,0.004767392043011576
Imidazolium,PF6,HeatCapacity,0.008819119625257166
Pyridinium,Hydrogen sulfate,HeatCapacity,0.06349136948949319
Imidazolium,Other,HeatCapacity,0.0004620418903575896
Imidazolium,NTf2,HeatCapacity,0.043580039628058564
Imidazolium,PF6,HeatCapacity,7.157502216426082e-05
Imidazolium,PF6,HeatCapacity,0.0034365479477473926
Imidazolium,PF6,HeatCapacity,0.0002508975546318126
Imidazolium,Hydrogen sulfate,HeatCapacity,0.03110594964752078
Phosphonium,Other,HeatCapacity,0.009281644350579654
Imidazolium,PF6,HeatCapacity,0.002454753598045478
Imidazolium,Other,HeatCapacity,0.0035806300762786236
Imidazolium,PF6,HeatCapacity,0.006882197702038795
Imidazolium,Other,HeatCapacity,0.018472258164581312
Imidazolium,PF6,HeatCapacity,0.0007929402020234733
Imidazolium,Other,HeatCapacity,0.003531493781538053
Imidazolium,Other,HeatCapacity,0.0026883751677706513
Imidazolium,Other,HeatCapacity,0.03538907211417186
Imidazolium,Other,HeatCapacity,0.0010000187244889602
Imidazolium,PF6,HeatCapacity,0.0013609258252600398
Imidazolium,Other,HeatCapacity,0.0022129969932507265
Imidazolium,Other,HeatCapacity,0.02128074002619318
Imidazolium,NTf2,HeatCapacity,0.002668305030215201
Imidazolium,PF6,HeatCapacity,0.026326609308840787
Imidazolium,NTf2,HeatCapacity,0.0003552662006143237
Quaternary ammonium,NTf2,HeatCapacity,0.008458190814741862
Imidazolium,PF6,HeatCapacity,0.0014906387679038957
Quaternary ammonium,NTf2,HeatCapacity,0.001845376210522609
Imidazolium,Other,HeatCapacity,0.005031702745872835
Cholinium,Other,HeatCapacity,0.00595385248441449
Imidazolium,NTf2,HeatCapacity,0.014632300527740227
Imidazolium,PF6,HeatCapacity,0.049431393756994346
Imidazolium,PF6,HeatCapacity,0.017102118295942326
Imidazolium,Carboxylate,HeatCapacity,0.0041895044215518595
Imidazolium,Other,HeatCapacity,0.0013904440980869737
Imidazolium,NTf2,HeatCapacity,0.0076604203655685765
Imidazolium,PF6,HeatCapacity,0.0005579735051153278
Imidazolium,PF6,HeatCapacity,0.001072039963701421
Imidazolium,Other,HeatCapacity,0.0031567194464070525
Imidazolium,PF6,HeatCapacity,0.0036111206619562353
Imidazolium,NTf2,HeatCapacity,0.0003419440653189554
Imidazolium,PF6,HeatCapacity,0.003508107030285146
Imidazolium,PF6,HeatCapacity,0.0014233571333299722
Imidazolium,NTf2,HeatCapacity,0.030515111264955763
Imidazolium,PF6,HeatCapacity,0.021881222507434295
Phosphonium,Other,HeatCapacity,0.014855767888230176
Imidazolium,PF6,HeatCapacity,0.0021425321156947064
Imidazolium,Other,HeatCapacity,0.00023417385307755723
Pyridinium,NTf2,HeatCapacity,0.03205876144246389
Imidazolium,PF6,HeatCapacity,0.0020761926921828433
Imidazolium,NTf2,HeatCapacity,0.018751699091120066
Pyridinium,BF4,HeatCapacity,0.0033245226861469135
Imidazolium,Other,HeatCapacity,0.006138324673345075
Pyridinium,NTf2,HeatCapacity,0.0382790478412689
Imidazolium,NTf2,HeatCapacity,0.0037908161492863357
Imidazolium,NTf2,HeatCapacity,0.004053940499085584
Pyridinium,PF6,HeatCapacity,0.0012440169373251209
Pyridinium,BF4,HeatCapacity,0.001143927214756424
Imidazolium,NTf2,HeatCapacity,0.03340384178134492
Imidazolium,PF6,HeatCapacity,0.00032189818521999314
Imidazolium,Carboxylate,HeatCapacity,0.009623122436003051
Pyridinium,NTf2,HeatCapacity,0.07352496347668147
Imidazolium,PF6,HeatCapacity,0.00042343151285795244
Imidazolium,Other,HeatCapacity,0.02950762795929318
Imidazolium,Hydrogen sulfate,HeatCapacity,0.002783231892385274
Imidazolium,Other,HeatCapacity,0.005911842138881518
Imidazolium,Hydrogen sulfate,HeatCapacity,0.012313428612420907
Imidazolium,Hydrogen sulfate,HeatCapacity,0.002946807089080572
Imidazolium,PF6,HeatCapacity,0.0020166094855520456
Imidazolium,NTf2,HeatCapacity,0.004779268813333459
Imidazolium,Other,HeatCapacity,0.023499904518756054
Imidazolium,NTf2,HeatCapacity,0.012338711301411287
Imidazolium,NTf2,HeatCapacity,0.0011015215724512473
Imidazolium,NTf2,HeatCapacity,0.012131614187143924
Pyridinium,BF4,HeatCapacity,0.0025587467747829606
Pyridinium,NTf2,HeatCapacity,0.04629373240567336
Imidazolium,Hydrogen sulfate,HeatCapacity,0.019271792756167194
Imidazolium,Carboxylate,HeatCapacity,0.01617044398016798
Pyridinium,BF4,HeatCapacity,0.004721202423121795
Imidazolium,NTf2,HeatCapacity,0.01087662444504911
Imidazolium,PF6,HeatCapacity,0.0015568135509163028
Pyridinium,NTf2,HeatCapacity,0.008114277286688676
Imidazolium,PF6,HeatCapacity,0.0017027362065311635
Pyridinium,NTf2,HeatCapacity,0.00521900320068891
Imidazolium,NTf2,HeatCapacity,0.0029620143901789575
Imidazolium,Other,HeatCapacity,0.0013618174036498232
Imidazolium,NTf2,HeatCapacity,0.0030098546647447932
Imidazolium,PF6,HeatCapacity,0.0592613940185025
Pyridinium,NTf2,HeatCapacity,0.1074659129375064
Imidazolium,PF6,HeatCapacity,0.0027422434346151547
Imidazolium,BF4,HeatCapacity,0.007439179276846453
Imidazolium,PF6,HeatCapacity,0.0012674478472547435
Pyridinium,NTf2,HeatCapacity,0.030458856958331282
Imidazolium,NTf2,HeatCapacity,0.004775064716349142
Imidazolium,NTf2,HeatCapacity,0.001590862248397329
Imidazolium,PF6,HeatCapacity,0.003294922895127783
Imidazolium,NTf2,HeatCapacity,0.0024398533642040476
Imidazolium,Carboxylate,HeatCapacity,0.005148916833732642
Imidazolium,Hydrogen sulfate,HeatCapacity,0.0020226721778735524
Protic ammonium,Carboxylate,HeatCapacity,0.0005402901315569864
Protic ammonium,Carboxylate,HeatCapacity,0.008494986477749045
Imidazolium,BF4,HeatCapacity,0.008240761772856153
Pyridinium,NTf2,HeatCapacity,0.0018126673861607046
Imidazolium,Other,HeatCapacity,0.004888957796787885
Imidazolium,PF6,HeatCapacity,0.001167796526529763
Imidazolium,NTf2,HeatCapacity,0.002179658034128451
Pyridinium,NTf2,HeatCapacity,0.02557425509244915
Pyridinium,NTf2,HeatCapacity,0.0017356931820344812
Imidazolium,PF6,HeatCapacity,0.0007439058844216362
Imidazolium,NTf2,HeatCapacity,0.002398506259376987
Pyridinium,BF4,HeatCapacity,0.02207751668808111
Imidazolium,NTf2,HeatCapacity,0.017387921472843182
Imidazolium,Other,HeatCapacity,0.021845390984029045
Imidazolium,BF4,HeatCapacity,0.0023395161314265778
Imidazolium,NTf2,HeatCapacity,0.018427245156241057
Imidazolium,PF6,HeatCapacity,0.0059733322682715695
Imidazolium,NTf2,HeatCapacity,0.0014163013351033982
Imidazolium,PF6,HeatCapacity,0.000477402595842058
Imidazolium,PF6,HeatCapacity,0.011889429180280686
Imidazolium,PF6,HeatCapacity,0.0022916097322376316
Imidazolium,Other,HeatCapacity,0.005946198547203352
Imidazolium,NTf2,HeatCapacity,0.004198482275495685
Imidazolium,NTf2,HeatCapacity,0.002101032418470261
Imidazolium,NTf2,HeatCapacity,0.01713177258898302
Imidazolium,NTf2,HeatCapacity,0.004575202840193526
Phosphonium,NTf2,HeatCapacity,0.021296950627484712
Imidazolium,BF4,HeatCapacity,0.003029451772002645
Imidazolium,Other,HeatCapacity,0.0014346934046081117
Imidazolium,BF4,HeatCapacity,0.002364081161260856
Pyridinium,NTf2,HeatCapacity,0.024401131121767783
Imidazolium,Other,HeatCapacity,0.007509281478078833
Imidazolium,PF6,HeatCapacity,0.0021266525100003264
Imidazolium,NTf2,HeatCapacity,0.0038308344442370412
Imidazolium,PF6,HeatCapacity,0.0012965663763440105
Imidazolium,PF6,HeatCapacity,0.003285858066978342
Imidazolium,Other,HeatCapacity,0.004300638009592461
Imidazolium,Hydrogen sulfate,HeatCapacity,0.008351242569237805
Pyridinium,BF4,HeatCapacity,0.02549936803278996
Imidazolium,Other,HeatCapacity,0.015192468339521703
Imidazolium,PF6,HeatCapacity,0.039183204047589903
Imidazolium,NTf2,HeatCapacity,0.012061030560966302
Phosphonium,Other,HeatCapacity,0.010307823135215166
Imidazolium,BF4,HeatCapacity,0.0017490454449511361
Imidazolium,Other,HeatCapacity,0.009863895663327682
Pyridinium,PF6,HeatCapacity,0.0022221134671296383
Imidazolium,Hydrogen sulfate,HeatCapacity,0.23405268139513602
Imidazolium,NTf2,HeatCapacity,0.012410642910070102
Pyridinium,NTf2,HeatCapacity,0.023041178736439072
Pyridinium,NTf2,HeatCapacity,0.06349140122940788
Pyridinium,BF4,HeatCapacity,0.005476109412330565
Imidazolium,BF4,HeatCapacity,0.007545866498206877
Imidazolium,Other,HeatCapacity,0.04702326430900694
Imidazolium,NTf2,HeatCapacity,0.019776754218409742
Imidazolium,NTf2,HeatCapacity,0.0004219158021987468
Imidazolium,PF6,HeatCapacity,0.003187654252757355
Imidazolium,NTf2,HeatCapacity,0.00587550288207872
Imidazolium,PF6,HeatCapacity,0.019745414490850877
Imidazolium,NTf2,HeatCapacity,0.0005516322323853018
Pyridinium,PF6,HeatCapacity,0.008991769180276776
Imidazolium,PF6,HeatCapacity,0.0004800722075781749
Pyridinium,BF4,HeatCapacity,0.010727902724656957
Imidazolium,PF6,HeatCapacity,0.0651344868444772
Imidazolium,BF4,HeatCapacity,0.0011263281081257404
Imidazolium,PF6,HeatCapacity,0.0012011522558301735
Imidazolium,Other,HeatCapacity,0.002689428740959343
Imidazolium,NTf2,HeatCapacity,0.012481247536068274
Imidazolium,NTf2,HeatCapacity,0.015881056823789486
Imidazolium,PF6,HeatCapacity,0.0021783099369674375
Imidazolium,Other,HeatCapacity,0.009262663284733463
Imidazolium,Other,HeatCapacity,0.051593377286528685
Imidazolium,PF6,HeatCapacity,0.002305109563466523
Imidazolium,Other,HeatCapacity,0.01466277615596745
Imidazolium,Other,HeatCapacity,0.002395578288778566
Imidazolium,PF6,HeatCapacity,0.0022992123749911997
Imidazolium,PF6,HeatCapacity,0.00022834646254743518
Imidazolium,BF4,HeatCapacity,0.004544333884354934
Pyridinium,NTf2,HeatCapacity,0.006533726532108375
Imidazolium,Other,HeatCapacity,0.06833980196533584
Imidazolium,PF6,HeatCapacity,0.0003493979411102188
Imidazolium,PF6,HeatCapacity,0.036081265438724586
Phosphonium,Carboxylate,HeatCapacity,0.004758887958490554
Imidazolium,NTf2,HeatCapacity,0.0032596890044702675
Imidazolium,PF6,HeatCapacity,0.0016699041445251694
Quaternary ammonium,NTf2,HeatCapacity,0.0015858675449162973
Imidazolium,PF6,HeatCapacity,0.003969695089670822
Imidazolium,Other,HeatCapacity,0.0022220300587445507
Imidazolium,Other,HeatCapacity,0.0011491352335051275
Imidazolium,PF6,HeatCapacity,0.00873755054769898
Imidazolium,BF4,HeatCapacity,0.0010475602184101263
Pyridinium,NTf2,HeatCapacity,0.050864723868776274
Imidazolium,NTf2,HeatCapacity,0.023133713943604306
Pyridinium,Other,HeatCapacity,0.015106687948327036
Pyridinium,BF4,HeatCapacity,0.007221210061617356
Pyridinium,BF4,HeatCapacity,0.001807663883425903
Imidazolium,PF6,HeatCapacity,0.0009384458926140482
Phosphonium,Other,HeatCapacity,0.007314761728164143
Imidazolium,NTf2,HeatCapacity,0.010605686136036852
Pyridinium,NTf2,HeatCapacity,0.008148268446636742
Imidazolium,NTf2,HeatCapacity,0.10024739051343001
Pyridinium,PF6,HeatCapacity,0.0010681519858808386
Imidazolium,PF6,HeatCapacity,0.003829488156765315
Imidazolium,NTf2,HeatCapacity,0.00129504797698754
Pyridinium,BF4,HeatCapacity,0.01151952123035116
Imidazolium,PF6,HeatCapacity,0.0003271533380244662
Imidazolium,NTf2,HeatCapacity,0.009930530815568162
Imidazolium,Other,HeatCapacity,0.00682869083141302
Imidazolium,PF6,HeatCapacity,0.06060080549875657
Imidazolium,Other,HeatCapacity,0.017236667658222515
Imidazolium,PF6,HeatCapacity,0.0321136115184224
Protic ammonium,Other,HeatCapacity,0.014299915595109347
Imidazolium,PF6,HeatCapacity,0.0012564632053315705
Pyridinium,NTf2,HeatCapacity,0.010734114904769498
Imidazolium,Carboxylate,HeatCapacity,0.0038283989968093124
Imidazolium,PF6,HeatCapacity,0.004415921467010087
Pyridinium,BF4,HeatCapacity,0.021724707331030935
Imidazolium,NTf2,HeatCapacity,0.005474645965121816
Imidazolium,NTf2,HeatCapacity,0.002628820405737642
Imidazolium,PF6,HeatCapacity,0.0018244254644397273
Imidazolium,PF6,HeatCapacity,0.0008487359388791305
Quaternary ammonium,Carboxylate,HeatCapacity,0.06980803948566106
Cholinium,NTf2,HeatCapacity,0.008724238250543692
Imidazolium,Other,HeatCapacity,0.011558610715696638
Imidazolium,Other,HeatCapacity,0.019176568614541978
Imidazolium,PF6,HeatCapacity,0.005051982485764661
Imidazolium,Other,HeatCapacity,0.00439312492335997
Imidazolium,NTf2,HeatCapacity,0.0003580674848349119
Imidazolium,Other,HeatCapacity,0.004123723020052594
Imidazolium,NTf2,HeatCapacity,0.0008064030816834489
Imidazolium,PF6,HeatCapacity,0.0015840221187444214
Imidazolium,BF4,HeatCapacity,0.008244024063911226
Imidazolium,BF4,HeatCapacity,0.0009498564708092516
Pyridinium,NTf2,HeatCapacity,0.05164200172584987
Pyridinium,Hydrogen sulfate,HeatCapacity,0.01510144377574818
Pyridinium,BF4,HeatCapacity,0.01055712847471213
Imidazolium,Other,HeatCapacity,0.016239997505687498
Pyridinium,NTf2,HeatCapacity,0.06965273928231319
Pyridinium,BF4,HeatCapacity,0.005713436672404093
Imidazolium,NTf2,HeatCapacity,0.00040947999511775635
Imidazolium,PF6,HeatCapacity,0.00025599830075861973
Pyridinium,NTf2,HeatCapacity,0.01384540443477622
Imidazolium,Hydrogen sulfate,HeatCapacity,0.007717074028318116
Pyridinium,NTf2,HeatCapacity,0.014758122639244142
Imidazolium,NTf2,HeatCapacity,0.002286392844871088
Imidazolium,NTf2,HeatCapacity,0.06013062349417986
Imidazolium,PF6,HeatCapacity,0.007039548024517117
Imidazolium,Other,HeatCapacity,0.001791451415981804
Phosphonium,Other,HeatCapacity,0.036774065996407757
Pyridinium,Other,HeatCapacity,0.0010051422336383453
Quaternary ammonium,Carboxylate,HeatCapacity,0.00547219114596853
Imidazolium,PF6,HeatCapacity,0.0012302131123327342
Imidazolium,PF6,HeatCapacity,0.056272955565312976
Imidazolium,NTf2,HeatCapacity,0.00037570278374321475
Imidazolium,PF6,HeatCapacity,0.0002841958722283877
Imidazolium,PF6,HeatCapacity,5.5209750697393645e-05
Imidazolium,Hydrogen sulfate,HeatCapacity,0.04173572299085304
Imidazolium,NTf2,HeatCapacity,0.02738326566303595
Imidazolium,Other,HeatCapacity,0.0029993467542608343
Phosphonium,Other,HeatCapacity,0.008248832374554205
Imidazolium,Other,HeatCapacity,0.00453322100546405
Pyridinium,NTf2,HeatCapacity,0.04335840037222738
Imidazolium,Hydrogen sulfate,HeatCapacity,0.013039600417020125
Pyridinium,Other,HeatCapacity,0.04116299713810623
Imidazolium,NTf2,HeatCapacity,0.0004644842237118141
Imidazolium,NTf2,HeatCapacity,0.005207909071651251
Pyridinium,NTf2,HeatCapacity,0.05707924324110358
Quaternary ammonium,Carboxylate,HeatCapacity,0.004853321226869767
Pyridinium,PF6,HeatCapacity,0.00012245280893985466
Imidazolium,NTf2,HeatCapacity,0.01926947340228935
Imidazolium,Carboxylate,HeatCapacity,0.00020833125301678024
Imidazolium,BF4,HeatCapacity,0.006395844049929877
Imidazolium,PF6,HeatCapacity,0.006880755586635701
Imidazolium,NTf2,HeatCapacity,6.677273199873213e-05
Imidazolium,PF6,HeatCapacity,0.00010254042526725016
Imidazolium,Other,HeatCapacity,0.0013780551026476573
Imidazolium,Hydrogen sulfate,HeatCapacity,0.0065274886112458574
Imidazolium,NTf2,HeatCapacity,0.000854021424657958
Imidazolium,Other,HeatCapacity,0.04022979943817173
Imidazolium,Other,HeatCapacity,0.0008125826331264463
Imidazolium,Hydrogen sulfate,HeatCapacity,0.009915306515844158
Imidazolium,BF4,HeatCapacity,0.0013819213124834917
Pyridinium,NTf2,HeatCapacity,0.0008573214919351813
Imidazolium,PF6,HeatCapacity,0.0005712644840478731
Imidazolium,Other,HeatCapacity,0.0008240648280910534
Imidazolium,Other,HeatCapacity,0.00582636480768528
Imidazolium,NTf2,HeatCapacity,0.0008277736443345063
Imidazolium,NTf2,HeatCapacity,0.003595267975100569
Pyridinium,NTf2,HeatCapacity,0.015333200951695325
Imidazolium,Other,HeatCapacity,0.0003218256402064412
Pyridinium,BF4,HeatCapacity,0.004490880689444587
Imidazolium,PF6,HeatCapacity,0.013548909798271502
Imidazolium,Hydrogen sulfate,HeatCapacity,0.0009750391776215395
Pyridinium,NTf2,HeatCapacity,0.00501157338463365
Imidazolium,PF6,HeatCapacity,0.00109670271975304
Pyridinium,NTf2,HeatCapacity,0.15710868522767907
Imidazolium,PF6,HeatCapacity,0.009000676458125412
Imidazolium,Other,HeatCapacity,0.001759534937733953
Imidazolium,BF4,HeatCapacity,0.001945056409168977
Pyridinium,PF6,HeatCapacity,0.0006404261169743464
Phosphonium,Other,HeatCapacity,0.0024041921724817783
Imidazolium,PF6,HeatCapacity,0.004281600783031081
Imidazolium,PF6,HeatCapacity,1.0001997120312467e-05
Imidazolium,Other,HeatCapacity,0.002954466429297753
Imidazolium,BF4,HeatCapacity,0.0018930368020599886
Imidazolium,Other,HeatCapacity,0.005490234898400281
Pyridinium,NTf2,HeatCapacity,0.0034442938184060523
Imidazolium,Other,HeatCapacity,0.004363636826395734
Imidazolium,Other,HeatCapacity,0.026494938633037535
Imidazolium,Other,HeatCapacity,0.0030728135262991785
Imidazolium,PF6,HeatCapacity,0.0025015251198912125
Imidazolium,Other,HeatCapacity,0.003816678682376562
Pyridinium,NTf2,HeatCapacity,0.003493239178519403
Imidazolium,PF6,HeatCapacity,0.0023640918505698494
Imidazolium,NTf2,HeatCapacity,0.004644905175366532
Pyridinium,NTf2,HeatCapacity,0.014403352751306109
Imidazolium,Other,HeatCapacity,0.0048833872394666855
Pyridinium,NTf2,HeatCapacity,0.008060483357922088
Imidazolium,PF6,HeatCapacity,0.0010021720873174544
Imidazolium,Carboxylate,HeatCapacity,0.01949800381107014
Imidazolium,Other,HeatCapacity,0.006953674676197785
Imidazolium,Other,HeatCapacity,0.031615237712836475
Imidazolium,NTf2,HeatCapacity,0.02670626148390287
Imidazolium,NTf2,HeatCapacity,0.0002402973629758165
Imidazolium,PF6,HeatCapacity,0.0016122869876982193
Pyridinium,NTf2,HeatCapacity,0.008079182563442089
Imidazolium,BF4,HeatCapacity,0.003637203627747887
Imidazolium,Other,HeatCapacity,0.012636107120880702
Imidazolium,Other,HeatCapacity,0.0006818750301098575
Imidazolium,NTf2,HeatCapacity,0.004891913685286298
Imidazolium,Other,HeatCapacity,0.0053917188944430094
Imidazolium,PF6,HeatCapacity,0.0007057791174913675
Pyridinium,NTf2,HeatCapacity,0.030964984986772137
Imidazolium,PF6,HeatCapacity,7.346396936380728e-05
Imidazolium,BF4,HeatCapacity,0.002078949772926997
Imidazolium,Other,HeatCapacity,0.0220546851408967
Imidazolium,Other,HeatCapacity,0.0003060406989803255
Imidazolium,PF6,HeatCapacity,0.0001711018737236003
Quaternary ammonium,NTf2,HeatCapacity,0.0037636757355352657
Imidazolium,PF6,HeatCapacity,0.0007677928416898183
Imidazolium,PF6,HeatCapacity,0.0025516274091268443
Imidazolium,Other,HeatCapacity,0.017571508239583977
Imidazolium,PF6,HeatCapacity,0.002057506436804246
Imidazolium,PF6,HeatCapacity,0.0022463591300327934
Imidazolium,NTf2,HeatCapacity,0.005019196301182305
Pyridinium,NTf2,HeatCapacity,0.05558199931565344
Imidazolium,Hydrogen sulfate,HeatCapacity,0.0066218434081255495
Imidazolium,NTf2,HeatCapacity,0.008514357757175794
Imidazolium,NTf2,HeatCapacity,0.004935754457296326
Imidazolium,PF6,HeatCapacity,0.007698082619439717
Imidazolium,PF6,HeatCapacity,0.015347987799619212
Imidazolium,Other,HeatCapacity,0.0028613919707654034
Pyridinium,NTf2,HeatCapacity,0.008458168235021546
Imidazolium,PF6,HeatCapacity,0.0019559684485548345
Imidazolium,Other,HeatCapacity,0.0007701395116290755
Imidazolium,NTf2,HeatCapacity,0.0016722495101539891
Pyridinium,NTf2,HeatCapacity,0.002451333944557099
Imidazolium,NTf2,HeatCapacity,0.0031166110163125538
Imidazolium,Other,HeatCapacity,0.03185370503755802
Imidazolium,Hydrogen sulfate,HeatCapacity,0.028042293039544752
Imidazolium,Hydrogen sulfate,HeatCapacity,0.0014138230898037563
Pyridinium,NTf2,HeatCapacity,0.007431643748375016
Phosphonium,Carboxylate,HeatCapacity,0.006779657039849063
Phosphonium,NTf2,HeatCapacity,0.0030079785840317896
Imidazolium,NTf2,HeatCapacity,0.025286667696563292
Imidazolium,PF6,HeatCapacity,0.0011347493620670335
Phosphonium,NTf2,HeatCapacity,0.013447253688429583
Imidazolium,Hydrogen sulfate,HeatCapacity,0.008620776879309844
Imidazolium,Carboxylate,HeatCapacity,0.014337852197562562
Imidazolium,Other,HeatCapacity,0.0023296554935763325
Protic ammonium,Carboxylate,HeatCapacity,0.0006055817249954742
Imidazolium,Hydrogen sulfate,HeatCapacity,0.02036008441920334
Imidazolium,Other,HeatCapacity,0.014889190351122572
Imidazolium,NTf2,HeatCapacity,0.009230212819836048
Pyridinium,NTf2,HeatCapacity,0.172779191145497
Imidazolium,Hydrogen sulfate,HeatCapacity,0.014393867033486885
Imidazolium,NTf2,HeatCapacity,0.006766813092588642
Imidazolium,PF6,HeatCapacity,8.52687877914704e-05
Imidazolium,Other,HeatCapacity,0.02743339534022393
Imidazolium,NTf2,HeatCapacity,0.0023594780912254976
Imidazolium,Other,HeatCapacity,0.053313275796781134
Pyridinium,Other,HeatCapacity,0.036011267593987206
Imidazolium,PF6,HeatCapacity,0.0018070672168981616
Imidazolium,Other,HeatCapacity,0.01609609690079239
Imidazolium,NTf2,HeatCapacity,0.016055082982023627
Imidazolium,PF6,HeatCapacity,0.0071697408153266196
Phosphonium,Other,HeatCapacity,0.02685928179049135
Imidazolium,Other,HeatCapacity,0.0017624205199595622
Imidazolium,PF6,HeatCapacity,0.003410880007730377
Pyridinium,NTf2,HeatCapacity,0.05587050827120876
Imidazolium,NTf2,HeatCapacity,0.03187852200717156
Imidazolium,PF6,HeatCapacity,0.00905036014165539
Imidazolium,Other,HeatCapacity,0.004361654554293715
Imidazolium,Other,HeatCapacity,0.023327838398964573
Imidazolium,BF4,HeatCapacity,0.009120931310335756
Imidazolium,Other,HeatCapacity,0.011680565242541796
Imidazolium,Carboxylate,HeatCapacity,0.00526243921842795
Imidazolium,NTf2,HeatCapacity,0.006795562807247357
Imidazolium,BF4,HeatCapacity,0.003468503111080601
Imidazolium,NTf2,HeatCapacity,0.004030240339972124
Imidazolium,Other,HeatCapacity,0.00041993363921921656
Phosphonium,Other,HeatCapacity,0.01987057634748801
Imidazolium,NTf2,HeatCapacity,0.0037665703265918893
Imidazolium,Hydrogen sulfate,HeatCapacity,0.0011559226599082706
Imidazolium,NTf2,HeatCapacity,0.04168418390646256
Imidazolium,Other,HeatCapacity,0.003784150506091599
Imidazolium,Other,HeatCapacity,0.00385333728090842
Imidazolium,Other,HeatCapacity,0.000334748526293005
Phosphonium,Carboxylate,HeatCapacity,0.017358704196674957
Imidazolium,Hydrogen sulfate,HeatCapacity,0.013232292680432245
Imidazolium,PF6,HeatCapacity,0.0021247647621951415
Imidazolium,NTf2,HeatCapacity,0.0037288708946539018
Imidazolium,NTf2,HeatCapacity,0.008606441234904061
Imidazolium,Hydrogen sulfate,HeatCapacity,0.01272728360352815
Imidazolium,PF6,HeatCapacity,0.05809404505045368
Imidazolium,PF6,HeatCapacity,0.0008111207516261487
Imidazolium,PF6,HeatCapacity,0.0035434483171163933
Imidazolium,NTf2,HeatCapacity,0.01890793059641016
Pyridinium,NTf2,HeatCapacity,0.056012209978340444
Imidazolium,NTf2,HeatCapacity,0.0002140985547818275
Pyridinium,BF4,HeatCapacity,0.051070640050932425
Imidazolium,PF6,HeatCapacity,0.0017119333006627713
Imidazolium,Other,HeatCapacity,0.00868028026794132
Imidazolium,Other,HeatCapacity,0.007462606729224497
Imidazolium,NTf2,HeatCapacity,0.0028615774230908997
Imidazolium,PF6,HeatCapacity,0.0004386343567608364
Imidazolium,Other,HeatCapacity,0.0029888067053445155
Imidazolium,Other,HeatCapacity,0.03169340240050467
Imidazolium,PF6,HeatCapacity,0.0024937911689670855
Imidazolium,PF6,HeatCapacity,0.0060711005466451695
Imidazolium,Other,HeatCapacity,0.010222866166951228
Imidazolium,NTf2,HeatCapacity,0.0019649986022649557
Pyridinium,NTf2,HeatCapacity,0.00247582259233603
Imidazolium,PF6,HeatCapacity,0.009609397608817183
Imidazolium,Other,HeatCapacity,0.012606680731410691
Imidazolium,BF4,HeatCapacity,0.30368623855250654
Imidazolium,PF6,HeatCapacity,0.0002798812110622606
Pyridinium,NTf2,HeatCapacity,0.006615131380805828
Imidazolium,PF6,HeatCapacity,0.001078992430896264
Imidazolium,PF6,HeatCapacity,0.01617662728795377
Imidazolium,NTf2,HeatCapacity,0.0038208845786309453
Imidazolium,Other,HeatCapacity,0.02878140404617735
Imidazolium,Carboxylate,HeatCapacity,0.0714059038359025
Imidazolium,PF6,HeatCapacity,0.006283768078470864
Imidazolium,PF6,HeatCapacity,0.0006757498603544576
Imidazolium,PF6,HeatCapacity,0.0014883101703153656
Pyridinium,NTf2,HeatCapacity,0.01145260377398749
Imidazolium,NTf2,HeatCapacity,0.01573471308606056
Imidazolium,Hydrogen sulfate,HeatCapacity,0.005262939510443765
Imidazolium,NTf2,HeatCapacity,0.07063972729774637
Imidazolium,Other,HeatCapacity,0.005985670766155415
Imidazolium,NTf2,HeatCapacity,0.0022906784127423307
Imidazolium,BF4,HeatCapacity,0.0019703089875617863
Imidazolium,PF6,HeatCapacity,0.007106747882358988
Imidazolium,PF6,HeatCapacity,0.016396497740405636
Imidazolium,NTf2,HeatCapacity,0.004067354508240584
Imidazolium,NTf2,HeatCapacity,0.1090326737771985
Imidazolium,PF6,HeatCapacity,0.0007971894226903586
Imidazolium,NTf2,HeatCapacity,0.0024691424654514904
Imidazolium,Other,HeatCapacity,0.00831608900503511
Imidazolium,Other,HeatCapacity,0.007502578593128639
Imidazolium,PF6,HeatCapacity,0.0040878113026332485
Imidazolium,NTf2,HeatCapacity,0.00661856467464883
Imidazolium,Other,HeatCapacity,0.12170322587362836
Imidazolium,Other,HeatCapacity,0.017158985442118357
Imidazolium,PF6,HeatCapacity,0.001411936121227697
Imidazolium,Other,HeatCapacity,0.026561298326618576
Imidazolium,NTf2,HeatCapacity,0.03516857942021279
Imidazolium,NTf2,HeatCapacity,0.008941185105157068
Imidazolium,Other,HeatCapacity,0.003219494689122193
Imidazolium,NTf2,HeatCapacity,0.013466321200279907
Imidazolium,NTf2,HeatCapacity,0.004244742515024491
Imidazolium,Other,HeatCapacity,0.0013938094429120085
Imidazolium,Other,HeatCapacity,0.019465441403217376
Imidazolium,Other,HeatCapacity,0.0003104086137533102
Imidazolium,Other,HeatCapacity,0.014194465605879891
Imidazolium,PF6,HeatCapacity,0.007611817714973768
Imidazolium,Other,HeatCapacity,0.002737371850222381
Pyridinium,Hydrogen sulfate,HeatCapacity,0.010163218220827552
Imidazolium,PF6,HeatCapacity,0.023670194354330043
Imidazolium,Other,HeatCapacity,0.0033788695490786225
Imidazolium,Hydrogen sulfate,HeatCapacity,0.009350421361172145
Imidazolium,Hydrogen sulfate,HeatCapacity,0.10637712526674292
Imidazolium,Other,HeatCapacity,0.005691090737697024
Imidazolium,Other,HeatCapacity,0.005619456906842402
Imidazolium,NTf2,HeatCapacity,0.004415105323182011
Imidazolium,Hydrogen sulfate,HeatCapacity,0.0013175299467205193
Imidazolium,Other,HeatCapacity,0.02322580382009498
Imidazolium,PF6,HeatCapacity,0.0035882209136062215
Imidazolium,PF6,HeatCapacity,0.0023469409566860833
Protic ammonium,Carboxylate,HeatCapacity,0.0027879820288667645
Imidazolium,Other,HeatCapacity,0.009472829412524142
Imidazolium,PF6,HeatCapacity,5.819191029754478e-05
Imidazolium,Other,HeatCapacity,0.003906268777916111
Imidazolium,NTf2,HeatCapacity,0.00370892878286444
Phosphonium,Other,HeatCapacity,0.02416695284697834
Imidazolium,Other,HeatCapacity,0.013231402020433158
Imidazolium,Hydrogen sulfate,HeatCapacity,0.0027927463138928132
Imidazolium,Other,HeatCapacity,0.00041767525535796324
Imidazolium,NTf2,HeatCapacity,4.05164820183046e-05
Imidazolium,Other,HeatCapacity,0.006101584037391028
Imidazolium,PF6,HeatCapacity,0.0004982279486087648
Imidazolium,Other,HeatCapacity,0.004940420038232141
Quaternary ammonium,Carboxylate,HeatCapacity,0.0018572265214471528
Imidazolium,PF6,HeatCapacity,0.0005117322220131726
Imidazolium,Hydrogen sulfate,HeatCapacity,0.011440285393931049
Imidazolium,NTf2,HeatCapacity,0.09448340077092254
Imidazolium,NTf2,HeatCapacity,0.02747147983163778
Imidazolium,Other,HeatCapacity,0.003178292177135944
Imidazolium,PF6,HeatCapacity,0.055483930317842045
Imidazolium,Other,HeatCapacity,0.009252091642125038
Imidazolium,Other,HeatCapacity,0.006153579581922308
Imidazolium,BF4,HeatCapacity,0.020045275724675626
Imidazolium,Hydrogen sulfate,HeatCapacity,0.0034699745481017175
Pyridinium,NTf2,HeatCapacity,0.16212656243184842
Cholinium,Other,HeatCapacity,0.006804478083726195
Imidazolium,Other,HeatCapacity,0.006962347404412483
Pyridinium,Other,HeatCapacity,0.013729034560315156
Pyridinium,BF4,HeatCapacity,0.004489881504567528
Pyridinium,NTf2,HeatCapacity,0.09739821777072066
Imidazolium,Carboxylate,HeatCapacity,0.008690958096767787
Imidazolium,NTf2,HeatCapacity,0.0014038087243326558
Pyridinium,NTf2,HeatCapacity,0.04970356632664519
Imidazolium,PF6,HeatCapacity,0.0004264182231095148
Imidazolium,NTf2,HeatCapacity,0.019339617241079132
Imidazolium,PF6,HeatCapacity,0.00261222995433652
Imidazolium,NTf2,HeatCapacity,0.02830889373476353
Imidazolium,BF4,HeatCapacity,0.0027657007982329063
Quaternary ammonium,Other,HeatCapacity,0.0212373382398221
Imidazolium,PF6,HeatCapacity,0.0017527863156505674
Imidazolium,Other,HeatCapacity,0.0003180373171645101
Pyridinium,NTf2,HeatCapacity,0.1075206237209203
Imidazolium,NTf2,HeatCapacity,0.07234097418462948
Imidazolium,PF6,HeatCapacity,0.0011567815824271577
Imidazolium,NTf2,HeatCapacity,0.0001201611546504111
Imidazolium,Other,HeatCapacity,0.011255606194319867
Imidazolium,Other,HeatCapacity,0.02119389623495138
Imidazolium,NTf2,HeatCapacity,0.004989672890403085
Imidazolium,NTf2,HeatCapacity,0.014892170375277125
Imidazolium,Other,HeatCapacity,0.0013870346775837206
Imidazolium,NTf2,HeatCapacity,0.003142342352366434
Imidazolium,PF6,HeatCapacity,0.000659782147567789
Imidazolium,NTf2,HeatCapacity,0.00014355707988578104
Quaternary ammonium,Other,HeatCapacity,0.011645323436845878
Imidazolium,NTf2,HeatCapacity,0.00030803625716302463
Imidazolium,Other,HeatCapacity,0.00297800893024025
Imidazolium,Hydrogen sulfate,SurfaceTension,0.20812214451472633
Imidazolium,Other,SurfaceTension,0.0008383051701024158
Imidazolium,Carboxylate,SurfaceTension,0.022682435720230654
Imidazolium,Other,SurfaceTension,0.002757451480196238
Imidazolium,Other,SurfaceTension,0.00024212917415988855
Imidazolium,PF6,SurfaceTension,0.016654210616809717
Imidazolium,NTf2,SurfaceTension,0.011192028325074599
Imidazolium,Other,SurfaceTension,0.010440595616993509
Pyridinium,Other,SurfaceTension,0.006485206663793264
Imidazolium,Other,SurfaceTension,0.010540430167284232
Imidazolium,Hydrogen sulfate,SurfaceTension,0.009783516476593146
Pyridinium,BF4,SurfaceTension,0.0017174668143780103
Imidazolium,BF4,SurfaceTension,0.021520151135928867
Imidazolium,Other,SurfaceTension,0.011117464808837685
Imidazolium,Other,SurfaceTension,0.017413683328838303
Imidazolium,NTf2,SurfaceTension,0.014326237183979185
Imidazolium,Other,SurfaceTension,0.01525947041545983
Imidazolium,BF4,SurfaceTension,0.0029984290777349543
Imidazolium,Other,SurfaceTension,0.04390694476269141
Imidazolium,Other,SurfaceTension,0.004465718477126401
Pyridinium,NTf2,SurfaceTension,0.017454424092802512
Pyridinium,NTf2,SurfaceTension,0.13086062172764024
Pyridinium,PF6,SurfaceTension,0.003247810661693329
Imidazolium,Other,SurfaceTension,0.0061920489331983575
Imidazolium,Other,SurfaceTension,0.019757567201415416
Imidazolium,Other,SurfaceTension,0.004287119814674778
Imidazolium,Other,SurfaceTension,0.00027517777478003325
Imidazolium,Hydrogen sulfate,SurfaceTension,0.14106381009001412
Imidazolium,Other,SurfaceTension,0.005293729326841579
Imidazolium,Other,SurfaceTension,0.003981254596010064
Imidazolium,Other,SurfaceTension,0.009526221398282075
Imidazolium,PF6,SurfaceTension,0.07134831990117085
Imidazolium,Other,SurfaceTension,0.009614479439989942
Pyridinium,NTf2,SurfaceTension,0.012162095291966768
Imidazolium,NTf2,SurfaceTension,0.04145652733893401
Imidazolium,NTf2,SurfaceTension,0.03175980004605172
Imidazolium,Other,SurfaceTension,0.004964011853662242
Imidazolium,NTf2,SurfaceTension,0.01596860985278159
Imidazolium,NTf2,SurfaceTension,0.02381561666451404
Imidazolium,Other,SurfaceTension,0.008098420375568516
Imidazolium,Other,SurfaceTension,0.007205286214165607
Imidazolium,Other,SurfaceTension,0.05010552804781998
Pyridinium,BF4,SurfaceTension,0.0012168354057173758
Pyridinium,Other,SurfaceTension,0.03167540341181141
Imidazolium,Other,SurfaceTension,0.00826130351780252
Imidazolium,PF6,SurfaceTension,0.08799860704500118
Pyridinium,Other,SurfaceTension,0.008947726881122442
Imidazolium,BF4,SurfaceTension,0.004202985461939424
Imidazolium,NTf2,SurfaceTension,0.021834568013246347
Imidazolium,Other,SurfaceTension,0.01636234525662239
Imidazolium,BF4,SurfaceTension,0.003494934109382619
Pyridinium,NTf2,SurfaceTension,0.014686091172120275
Imidazolium,Other,SurfaceTension,0.00789744739652054
Imidazolium,Other,SurfaceTension,0.005693599453882925
Imidazolium,BF4,SurfaceTension,0.013043284317505677
Imidazolium,PF6,SurfaceTension,0.015358701524986085
Imidazolium,PF6,SurfaceTension,0.011380471274926585
Pyridinium,BF4,SurfaceTension,0.004785350713583991
Imidazolium,Other,SurfaceTension,0.002230701170325755
Imidazolium,Other,SurfaceTension,0.015402258077352293
Imidazolium,Other,SurfaceTension,0.026272807125250708
Imidazolium,BF4,SurfaceTension,0.0026099304850082383
Imidazolium,Hydrogen sulfate,SurfaceTension,0.014612442157712291
Pyridinium,NTf2,SurfaceTension,0.004414551710080872
Imidazolium,Other,SurfaceTension,0.02378279027226382
Pyridinium,Other,SurfaceTension,0.006184508809421452
Imidazolium,Other,SurfaceTension,0.013919380415937876
Imidazolium,Other,SurfaceTension,0.0047489900341322056
Pyridinium,BF4,SurfaceTension,0.007714273946082262
Imidazolium,NTf2,SurfaceTension,0.04000045242237693
Imidazolium,Other,SurfaceTension,0.031038223337580106
Imidazolium,Other,SurfaceTension,0.006205365484008407
Phosphonium,NTf2,SurfaceTension,0.011892570141648129
Imidazolium,Other,SurfaceTension,0.006544174865742214
Phosphonium,NTf2,SurfaceTension,0.01774048744471557
Pyridinium,BF4,SurfaceTension,0.010457231422150493
Protic ammonium,Carboxylate,SurfaceTension,0.005159976752850515
Imidazolium,BF4,SurfaceTension,0.01651447977969367
Imidazolium,Other,SurfaceTension,0.01782851678596309
Cholinium,NTf2,SurfaceTension,0.013697135850013531
Imidazolium,BF4,SurfaceTension,0.0004791281135068104
Phosphonium,NTf2,SurfaceTension,0.0018307895131397522
Imidazolium,PF6,SurfaceTension,0.000130282637587964
Pyridinium,NTf2,SurfaceTension,0.02211220236228728
Imidazolium,Other,SurfaceTension,0.0009550846525239187
Imidazolium,Other,SurfaceTension,0.05656412637777741
Imidazolium,Carboxylate,SurfaceTension,0.03875297508225373
Imidazolium,Hydrogen sulfate,SurfaceTension,0.020609000013254608
Imidazolium,NTf2,SurfaceTension,0.021147707559995066
Pyridinium,NTf2,SurfaceTension,0.004567786414162001
Imidazolium,BF4,SurfaceTension,0.0231699443010851
Imidazolium,NTf2,SurfaceTension,0.011087213719497502
Pyridinium,NTf2,SurfaceTension,0.006366750565327539
Pyridinium,BF4,SurfaceTension,0.008457220955208733
Imidazolium,NTf2,SurfaceTension,0.027056557545492854
Imidazolium,Other,SurfaceTension,0.007533114119437467
Pyridinium,NTf2,SurfaceTension,0.0018626445707732309
Imidazolium,Hydrogen sulfate,SurfaceTension,0.019020370838558343
Imidazolium,Carboxylate,SurfaceTension,0.01327357963894027
Imidazolium,NTf2,SurfaceTension,0.0160641635150367
Quaternary ammonium,NTf2,SurfaceTension,0.008261234585477784
Pyridinium,NTf2,SurfaceTension,0.0024301603370298075
Quaternary ammonium,NTf2,SurfaceTension,0.1387528629415824
Imidazolium,Other,SurfaceTension,0.017859063238120143
Imidazolium,Other,SurfaceTension,0.006433768564628739
Imidazolium,Other,SurfaceTension,0.0015340190733872383
Phosphonium,NTf2,SurfaceTension,0.004238728515876922
Pyridinium,Other,SurfaceTension,0.011317042489721096
Imidazolium,Other,SurfaceTension,0.0073882993654712514
Imidazolium,BF4,SurfaceTension,0.03527590893210908
Imidazolium,NTf2,SurfaceTension,0.03741047966616318
Imidazolium,NTf2,SurfaceTension,0.006471714252457961
Phosphonium,Other,SurfaceTension,0.0037660585507168776
Imidazolium,BF4,SurfaceTension,0.005741425807841871
Phosphonium,NTf2,SurfaceTension,0.00383448619253679
Phosphonium,NTf2,SurfaceTension,0.002760856062951955
Pyridinium,BF4,SurfaceTension,0.006449668397169095
Pyridinium,Other,SurfaceTension,0.13993265449640635
Imidazolium,NTf2,SurfaceTension,0.013926504362639758
Imidazolium,Carboxylate,SurfaceTension,0.004481954434894853
Imidazolium,BF4,SurfaceTension,0.0035672750220396843
Imidazolium,Carboxylate,SurfaceTension,0.08581566923339912
Imidazolium,BF4,SurfaceTension,0.032924924007090794
Imidazolium,Other,SurfaceTension,0.005089020492217156
Other,Other,SurfaceTension,0.0013608605506796323
Quaternary ammonium,NTf2,SurfaceTension,0.006586226708714893
Imidazolium,Other,SurfaceTension,0.008363895043802305
Imidazolium,Other,SurfaceTension,0.04302404083363687
Imidazolium,Other,SurfaceTension,0.011875089942462669
Imidazolium,Other,SurfaceTension,0.017037128790134304
Imidazolium,NTf2,SurfaceTension,0.0066274577234777254
Phosphonium,NTf2,SurfaceTension,0.009812866594397285
Imidazolium,Hydrogen sulfate,SurfaceTension,0.0049170906257987035
Imidazolium,Other,SurfaceTension,0.015804065415952362
Imidazolium,Carboxylate,SurfaceTension,0.025237273466807597
Pyridinium,NTf2,SurfaceTension,0.0002903647324039582
Pyridinium,NTf2,SurfaceTension,0.010284073400222749
Imidazolium,Other,SurfaceTension,0.017016580415678995
Pyridinium,Other,SurfaceTension,0.01539804239560505
Cholinium,NTf2,SurfaceTension,0.011981101784763304
Imidazolium,Other,SurfaceTension,0.002021716359978498
Imidazolium,Other,SurfaceTension,0.0010997417921823072
Quaternary ammonium,NTf2,SurfaceTension,0.13875445819841437
Imidazolium,BF4,SurfaceTension,0.017861479639058153
Pyridinium,BF4,SurfaceTension,0.0010585314314144334
Imidazolium,BF4,SurfaceTension,0.0074756010540069084
Imidazolium,PF6,SurfaceTension,0.0011260246339843683
Imidazolium,NTf2,SurfaceTension,0.005795739514184994
Imidazolium,Other,SurfaceTension,0.03728407545562673
Imidazolium,Other,SurfaceTension,0.004122900410770125
Imidazolium,Other,SurfaceTension,0.003125860831944216
Imidazolium,Other,SurfaceTension,0.01948263664489369
Quaternary ammonium,NTf2,SurfaceTension,0.016940113276102675
Pyridinium,Other,SurfaceTension,0.006904068471936586
Phosphonium,Other,SurfaceTension,0.011594065509714202
Imidazolium,Other,SurfaceTension,0.014639812449256606
Imidazolium,NTf2,SurfaceTension,0.016506043085487754
Imidazolium,Other,SurfaceTension,0.013029074551492936
Imidazolium,Other,SurfaceTension,0.006914738844096657
Imidazolium,NTf2,SurfaceTension,0.053061611544864995
Imidazolium,NTf2,SurfaceTension,0.026773031527444147
Imidazolium,NTf2,SurfaceTension,0.006830387263730309
Imidazolium,NTf2,SurfaceTension,0.009825649140244863
Imidazolium,Other,SurfaceTension,0.007582119258852771
Imidazolium,Other,SurfaceTension,0.032855390219608704
Imidazolium,Other,SurfaceTension,0.0009877121168506697
Imidazolium,Other,SurfaceTension,0.009298550231303437
Imidazolium,NTf2,SurfaceTension,0.0038899450260077018
Imidazolium,Other,SurfaceTension,0.01074806009023943
Imidazolium,Other,SurfaceTension,0.026480969221381212
Imidazolium,Other,SurfaceTension,0.09954060480892357
Quaternary ammonium,NTf2,SurfaceTension,0.00013639553978439523
Phosphonium,NTf2,SurfaceTension,0.27707912876731244
Imidazolium,Other,SurfaceTension,0.028501700113049644
Other,Other,SurfaceTension,0.005130178423674803
Imidazolium,NTf2,SurfaceTension,0.000849469180906226
Imidazolium,Other,SurfaceTension,0.001541578377389552
Imidazolium,Hydrogen sulfate,SurfaceTension,0.0076034709312398086
Imidazolium,Carboxylate,SurfaceTension,0.08744950342213809
Imidazolium,Other,SurfaceTension,0.017619527677369184
Imidazolium,BF4,SurfaceTension,0.020095511046575698
Imidazolium,Other,SurfaceTension,0.024808130614481172
Quaternary ammonium,NTf2,SurfaceTension,0.018416604902704137
Pyridinium,BF4,SurfaceTension,0.01120044983195223
Imidazolium,PF6,SurfaceTension,0.014245447024982205
Protic ammonium,Carboxylate,SurfaceTension,0.0031114961222842297
Imidazolium,PF6,SurfaceTension,0.008967633980758283
Imidazolium,Carboxylate,SurfaceTension,0.029283119976142302
Imidazolium,BF4,SurfaceTension,0.0007074740952108804
Imidazolium,Other,SurfaceTension,0.0008063077987161549
Imidazolium,PF6,SurfaceTension,0.10029046527551255
Imidazolium,Other,SurfaceTension,0.014034370532369334
Imidazolium,Hydrogen sulfate,SurfaceTension,0.210205922270831
Imidazolium,BF4,SurfaceTension,0.00171912263494578
Imidazolium,Other,SurfaceTension,0.012931166779261538
Pyridinium,BF4,SurfaceTension,0.001771199610380414
Phosphonium,Other,SurfaceTension,0.0913426954043075
Imidazolium,NTf2,SurfaceTension,0.005078754755634574
Imidazolium,Other,SurfaceTension,0.002369841773564918
Imidazolium,Other,SurfaceTension,0.004458896816534441
Imidazolium,Other,SurfaceTension,0.03345132317040678
Pyridinium,BF4,SurfaceTension,0.007589524593758501
Imidazolium,Other,SurfaceTension,0.007513385514616999
Pyridinium,BF4,SurfaceTension,0.013846926998550835
Imidazolium,Other,SurfaceTension,0.00908708565323657
Imidazolium,Other,SurfaceTension,0.006787808054273814
Pyridinium,NTf2,SurfaceTension,0.00494429810478314
Imidazolium,Other,SurfaceTension,0.003151103642725417
Imidazolium,Other,SurfaceTension,0.02199800604836266
Pyridinium,NTf2,SurfaceTension,0.005055662313835807
Imidazolium,NTf2,SurfaceTension,0.03524981892456358
Pyridinium,NTf2,SurfaceTension,0.0021550360780366873
Imidazolium,Other,SurfaceTension,0.006127176073397411
Imidazolium,Other,SurfaceTension,0.002893250857368912
Imidazolium,Other,SurfaceTension,0.007489490455338199
Imidazolium,NTf2,SurfaceTension,0.1556489716293714
Pyridinium,BF4,SurfaceTension,0.003315203013331658
Pyridinium,Other,SurfaceTension,0.0016208229105281191
Imidazolium,BF4,SurfaceTension,0.003218392353071753
Imidazolium,Carboxylate,SurfaceTension,0.03729915694708996
Imidazolium,NTf2,SurfaceTension,0.025662622061338958
Pyridinium,Carboxylate,SurfaceTension,0.0006051051420836728
Imidazolium,NTf2,SurfaceTension,0.03489652017692846
Pyridinium,BF4,SurfaceTension,0.008239535809933862
Imidazolium,BF4,SurfaceTension,0.02008312473459961
Pyridinium,NTf2,SurfaceTension,0.00688197389079237
Imidazolium,PF6,SurfaceTension,0.00956723132734405
Pyridinium,Other,SurfaceTension,0.004845251071893042
Pyridinium,Other,SurfaceTension,0.001986638342897251
Imidazolium,Other,SurfaceTension,0.013866335717949152
Pyridinium,Other,SurfaceTension,0.006070940672318059
Quaternary ammonium,NTf2,SurfaceTension,0.13835232637582973
Pyridinium,BF4,SurfaceTension,0.006933860179828333
Imidazolium,PF6,SurfaceTension,0.0037121841900189523
Imidazolium,Carboxylate,SurfaceTension,0.0018557330713946385
Imidazolium,Other,SurfaceTension,0.001988984513647818
Imidazolium,Other,SurfaceTension,0.04221585961447483
Phosphonium,Other,SurfaceTension,0.008721790489191417
Imidazolium,NTf2,SurfaceTension,0.03841027359096838
Pyridinium,Carboxylate,SurfaceTension,0.011685666169384934
Imidazolium,Other,SurfaceTension,0.008241598232340941
Imidazolium,Other,SurfaceTension,0.008537042665177186
Imidazolium,Other,SurfaceTension,0.04135240268120777
Pyridinium,NTf2,SurfaceTension,0.003223661756256213
Phosphonium,Other,SurfaceTension,0.03153806268304438
Imidazolium,NTf2,SurfaceTension,0.03448631474603303
Pyridinium,Hydrogen sulfate,SurfaceTension,0.0020206247078009554
Imidazolium,PF6,SurfaceTension,0.014311376546430221
Imidazolium,BF4,SurfaceTension,0.015146092810759182
Imidazolium,Carboxylate,SurfaceTension,0.025373709210642748
Imidazolium,Other,SurfaceTension,0.01974107080237264
Imidazolium,Other,SurfaceTension,0.006421266845575868
Imidazolium,NTf2,SurfaceTension,0.014777957010946086
Imidazolium,Other,SurfaceTension,0.03471062353118448
Imidazolium,Other,SurfaceTension,0.001238434190457216
Phosphonium,NTf2,SurfaceTension,0.2517055562368826
Imidazolium,Carboxylate,SurfaceTension,0.0006273523766489042
Imidazolium,Other,SurfaceTension,0.004600792096955075
Imidazolium,NTf2,SurfaceTension,0.010256572255870289
Imidazolium,Other,SurfaceTension,0.005479578232220117
Imidazolium,Other,SurfaceTension,0.0007936232071754645
Imidazolium,Other,SurfaceTension,0.017804792562477356
Imidazolium,Other,SurfaceTension,0.010883766554981467
Quaternary ammonium,NTf2,SurfaceTension,0.0026722049323950614
Phosphonium,Other,SurfaceTension,0.008689685589326146
Imidazolium,BF4,SurfaceTension,0.0032353726247982273
Pyridinium,NTf2,SurfaceTension,0.005766767403957651
Imidazolium,NTf2,SurfaceTension,0.023670490711769077
Phosphonium,NTf2,SurfaceTension,0.006334910199869537
Imidazolium,Carboxylate,SurfaceTension,0.10775502445229757
Imidazolium,Other,SurfaceTension,0.010100629019637264
Imidazolium,Other,SurfaceTension,0.0016240092823784913
Imidazolium,NTf2,SurfaceTension,0.018020471257833126
Imidazolium,Other,SurfaceTension,0.0023920853476919746
Imidazolium,Other,SurfaceTension,0.002809159716929077
Imidazolium,Other,SurfaceTension,0.004759552532160871
Pyridinium,BF4,SurfaceTension,0.0033384886496374833
Imidazolium,PF6,SurfaceTension,0.00178813209760742
Imidazolium,NTf2,SurfaceTension,0.015302402318304598
Imidazolium,Other,SurfaceTension,0.013783961778229603
Imidazolium,Other,SurfaceTension,0.006126688765912824
Quaternary ammonium,NTf2,SurfaceTension,0.007990156912456303
Imidazolium,Other,SurfaceTension,0.014586159214247107
Imidazolium,Other,SurfaceTension,0.014388741686834017
Pyridinium,NTf2,SurfaceTension,0.005915369065865761
Pyridinium,BF4,SurfaceTension,0.0029471371804494773
Imidazolium,BF4,SurfaceTension,0.008087271495686998
Imidazolium,PF6,SurfaceTension,0.005603867624741632
Imidazolium,NTf2,SurfaceTension,0.007909254928986975
Imidazolium,Other,SurfaceTension,0.0009601089539259533
Imidazolium,BF4,SurfaceTension,0.010472572011723802
Imidazolium,BF4,SurfaceTension,0.0010876292823787104
Phosphonium,NTf2,SurfaceTension,0.010462754056149048
Imidazolium,Carboxylate,SurfaceTension,0.09015508781400694
Imidazolium,NTf2,SurfaceTension,0.013794259136834963
Phosphonium,Other,SurfaceTension,0.09399861217029049
Imidazolium,PF6,SurfaceTension,0.017946566051679103
Phosphonium,Other,SurfaceTension,0.021472191294698906
Pyridinium,NTf2,SurfaceTension,0.010439371612497972
Imidazolium,Other,SurfaceTension,0.003546328420964251
Imidazolium,Other,SurfaceTension,0.023881885524398072
Phosphonium,Other,SurfaceTension,0.055931188403314014
Pyridinium,Other,SurfaceTension,0.011538205087587627
Pyridinium,NTf2,SurfaceTension,0.05278305413628237
Imidazolium,PF6,SurfaceTension,0.010037140646102838
Pyridinium,Other,SurfaceTension,0.029558010534445067
Imidazolium,NTf2,SurfaceTension,0.03951219365400105
Pyridinium,NTf2,SurfaceTension,0.016421058221855134
Imidazolium,BF4,SurfaceTension,0.0061115662987183406
Pyridinium,Other,SurfaceTension,0.0025807549548049202
Imidazolium,PF6,SurfaceTension,0.000795220809858499
Imidazolium,Carboxylate,SurfaceTension,0.0020376385861737845
Imidazolium,BF4,SurfaceTension,0.03817148288043848
Imidazolium,BF4,SurfaceTension,0.0039014644297310497
Pyridinium,NTf2,SurfaceTension,0.00227910286589017
Imidazolium,NTf2,SurfaceTension,0.017163055088149193
Imidazolium,Other,SurfaceTension,0.008776813477706202
Imidazolium,NTf2,SurfaceTension,0.013608962954949622
Imidazolium,Other,SurfaceTension,0.002708827945377301
Quaternary ammonium,NTf2,SurfaceTension,0.019314018628523222
Pyridinium,NTf2,SurfaceTension,0.002261304972793088
Imidazolium,Other,SurfaceTension,0.26280366690366375
Imidazolium,BF4,SurfaceTension,0.01259369427166357
Imidazolium,NTf2,SurfaceTension,0.011925006774909708
Imidazolium,BF4,SurfaceTension,0.008478327629355853
Imidazolium,Carboxylate,SurfaceTension,0.0026810861657162732
Imidazolium,PF6,SurfaceTension,0.018119437852409437
Phosphonium,Other,SurfaceTension,0.04591104404042268
Imidazolium,NTf2,SurfaceTension,0.007251253970006477
Imidazolium,NTf2,SurfaceTension,0.018960240218380164
Pyridinium,Carboxylate,SurfaceTension,0.004259203096003361
Pyridinium,NTf2,SurfaceTension,0.01156579022166948
Imidazolium,PF6,SurfaceTension,0.006273093896656423
Protic ammonium,Carboxylate,SurfaceTension,0.008056862115550789
Imidazolium,Other,SurfaceTension,0.07484086938330847
Quaternary ammonium,NTf2,SurfaceTension,0.022411173605263457
Imidazolium,Other,SurfaceTension,0.00040408661900226406
Imidazolium,Hydrogen sulfate,SurfaceTension,0.0004989327882634065
Imidazolium,Carboxylate,SurfaceTension,0.013930805547944125
Imidazolium,Other,SurfaceTension,0.00464629300177144
Imidazolium,Other,SurfaceTension,0.0033881786093310495
Pyridinium,Hydrogen sulfate,SurfaceTension,0.007623830296709322
Imidazolium,Other,SurfaceTension,0.005957601629734022
Pyridinium,Other,SurfaceTension,0.0015957069337697583
Pyridinium,NTf2,SurfaceTension,4.908925826008215e-05
Imidazolium,Carboxylate,SurfaceTension,0.009169934170325522
Imidazolium,NTf2,SurfaceTension,0.051369461816408446
Imidazolium,PF6,SurfaceTension,0.10560900703795362
Imidazolium,Hydrogen sulfate,SurfaceTension,0.0018985272898452976
Pyridinium,Carboxylate,SurfaceTension,0.0005817199568660669
Imidazolium,Other,SurfaceTension,0.024121519506955735
Phosphonium,Other,SurfaceTension,0.12329849739340748
Imidazolium,NTf2,SurfaceTension,0.030638919000657516
Imidazolium,Other,SurfaceTension,0.0074486177560020295
Imidazolium,Hydrogen sulfate,SurfaceTension,0.18607669997277965
Imidazolium,Other,SurfaceTension,0.001137743168648342
Imidazolium,NTf2,SurfaceTension,0.02906197287833434
Pyridinium,BF4,SurfaceTension,0.01942706378643111
Imidazolium,Other,SurfaceTension,0.005123628255556678
Protic ammonium,Carboxylate,SurfaceTension,0.01005546750095565
Imidazolium,NTf2,SurfaceTension,0.021338853812577607
Pyridinium,Other,SurfaceTension,0.0033956889119273193
Imidazolium,Other,SurfaceTension,0.005904161477110037
Pyridinium,BF4,SurfaceTension,0.003925834084175683
Quaternary ammonium,NTf2,SurfaceTension,0.008915251732250606
Imidazolium,NTf2,SurfaceTension,0.019635238890034046
Imidazolium,Other,SurfaceTension,0.006211008555084607
Pyridinium,BF4,SurfaceTension,0.005913005343481714
Quaternary ammonium,NTf2,SurfaceTension,0.01353791001246929
Imidazolium,NTf2,SurfaceTension,0.03809744114867408
Pyridinium,BF4,SurfaceTension,0.012360604179891155
Imidazolium,NTf2,SurfaceTension,0.00850555818118126
Imidazolium,Other,SurfaceTension,0.0022193863247963463
Pyridinium,Other,SurfaceTension,0.0001592476980007973
Imidazolium,Other,SurfaceTension,0.012361778455352468
Imidazolium,Other,SurfaceTension,0.003799239259237197
Imidazolium,Carboxylate,SurfaceTension,0.038767253712731264
Pyridinium,Other,SurfaceTension,0.012759232238682916
Imidazolium,NTf2,SurfaceTension,0.003046284092906415
Imidazolium,NTf2,SurfaceTension,0.004139026052296213
Phosphonium,Other,SurfaceTension,0.04013760028027047
Imidazolium,Other,SurfaceTension,0.00566481883011738
Imidazolium,NTf2,SurfaceTension,0.008652032057398173
Pyridinium,NTf2,SurfaceTension,0.0028354594172790293
Pyridinium,Other,SurfaceTension,0.006913604643280724
Phosphonium,Other,SurfaceTension,0.09043692201789133
Pyridinium,NTf2,SurfaceTension,0.010567428077643548
Pyridinium,NTf2,SurfaceTension,0.0043306306093438
Pyridinium,NTf2,SurfaceTension,0.014841613994812874
Imidazolium,NTf2,SurfaceTension,0.0007893493362649551
Phosphonium,Other,SurfaceTension,0.0660420092032985
Imidazolium,BF4,SurfaceTension,0.00925919200371439
Imidazolium,Other,SurfaceTension,0.003530496319762211
Imidazolium,Other,SurfaceTension,0.005066098156138121
Pyridinium,BF4,SurfaceTension,0.00815462646229026
Quaternary ammonium,NTf2,SurfaceTension,0.0004262500011753545
Imidazolium,NTf2,SurfaceTension,0.07763526844402469
Pyridinium,BF4,SurfaceTension,0.004796265816489065
Imidazolium,Other,SurfaceTension,0.029126545215306887
Imidazolium,NTf2,SurfaceTension,0.00861809197460639
Imidazolium,Carboxylate,SurfaceTension,0.01399520771094842
Protic ammonium,Carboxylate,SurfaceTension,0.01358051559696083
Pyridinium,NTf2,SurfaceTension,0.0034218145136337696
Imidazolium,BF4,SurfaceTension,0.1345283264257775
Imidazolium,Other,SurfaceTension,0.002522477017411262
Imidazolium,PF6,SurfaceTension,0.0033807498976825556
Pyridinium,BF4,SurfaceTension,0.0011205776044653781
Imidazolium,Other,SurfaceTension,0.0035929338308848813
Phosphonium,Other,SurfaceTension,0.027035787884928553
Imidazolium,Other,SurfaceTension,0.001907395871991735
Imidazolium,Other,SurfaceTension,0.014274813896306249
Phosphonium,Other,SurfaceTension,0.02639977317649045
Imidazolium,Hydrogen sulfate,SurfaceTension,0.01473590776275513
Pyridinium,BF4,SurfaceTension,0.011602187958259513
Imidazolium,Other,SurfaceTension,0.025046599800042646
Pyridinium,Other,SurfaceTension,0.03868667241896251
Imidazolium,Other,SurfaceTension,0.016619734625119342
Imidazolium,Other,SurfaceTension,0.0030390229331143104
Imidazolium,Other,SurfaceTension,0.005955590915496245
Imidazolium,NTf2,SurfaceTension,0.028108565095195992
Imidazolium,Other,SurfaceTension,0.0011506280548876369
Imidazolium,Other,SurfaceTension,0.01790424184309858
Quaternary ammonium,NTf2,SurfaceTension,0.028080655472868088
Imidazolium,Other,SurfaceTension,0.013984443259625667
Imidazolium,Other,SurfaceTension,0.09282595692047702
Other,Other,SurfaceTension,0.0005613845628698044
Protic ammonium,Carboxylate,SurfaceTension,0.014877806507090252
Imidazolium,Hydrogen sulfate,SurfaceTension,0.0012799918916983621
Imidazolium,Other,SurfaceTension,0.007832384547984184
Pyridinium,NTf2,SurfaceTension,0.00701326349920528
Imidazolium,Other,SurfaceTension,0.015768357602671035
Phosphonium,Carboxylate,SurfaceTension,0.008015834233390695
Phosphonium,NTf2,SurfaceTension,0.04475545486160337
Imidazolium,NTf2,SurfaceTension,0.02448332973666023
Pyridinium,NTf2,SurfaceTension,0.010347805366526241
Pyridinium,NTf2,SurfaceTension,0.030714959823713084
Imidazolium,PF6,SurfaceTension,0.0046177438538537174
Imidazolium,BF4,SurfaceTension,0.018802184305889202
Imidazolium,PF6,SurfaceTension,0.022650435399026225
Imidazolium,Other,SurfaceTension,0.04501860631835397
Imidazolium,NTf2,SurfaceTension,0.12392828089669505
Imidazolium,NTf2,SurfaceTension,0.029467220448729403
Imidazolium,Hydrogen sulfate,SurfaceTension,0.04832528328312602
Imidazolium,Other,SurfaceTension,0.029626352888318053
Quaternary ammonium,NTf2,SurfaceTension,0.008584989111937169
Pyridinium,Hydrogen sulfate,SurfaceTension,0.0070866181767521574
Other,Other,SurfaceTension,0.005584427662483904
Imidazolium,Other,SurfaceTension,0.02258755782593891
Imidazolium,NTf2,SurfaceTension,0.02107669278093427
Imidazolium,NTf2,SurfaceTension,0.0668174595306339
Quaternary ammonium,NTf2,SurfaceTension,0.021815379729168694
Imidazolium,PF6,SurfaceTension,0.006475014148096481
Imidazolium,Other,SurfaceTension,0.00837326642081715
Imidazolium,Hydrogen sulfate,SurfaceTension,0.01181417310191124
Imidazolium,PF6,SurfaceTension,0.0030617141671527293
Imidazolium,Other,SurfaceTension,0.010884150103033896
Imidazolium,NTf2,SurfaceTension,0.0029749664880078797
Imidazolium,NTf2,SurfaceTension,0.005741838643112285
Imidazolium,Other,SurfaceTension,0.014146067136536988
Imidazolium,NTf2,SurfaceTension,0.012019373853530801
Pyridinium,NTf2,SurfaceTension,0.006563441235045264
Imidazolium,PF6,SurfaceTension,0.0021443026954908184
Imidazolium,NTf2,SurfaceTension,0.0040403841492167025
Imidazolium,BF4,SurfaceTension,0.03600052376231577
Imidazolium,NTf2,SurfaceTension,0.02039114385826757
Imidazolium,Other,SurfaceTension,0.012542286785697243
Imidazolium,Other,SurfaceTension,0.006413596343463723
Imidazolium,NTf2,SurfaceTension,0.0488991257768836
Imidazolium,Other,SurfaceTension,0.007271860518593076
Imidazolium,Carboxylate,SurfaceTension,0.008006519607290041
Imidazolium,NTf2,SurfaceTension,0.04575976671409565
Pyridinium,NTf2,SurfaceTension,0.06750446906359864
Imidazolium,BF4,SurfaceTension,0.037714720327216344
Imidazolium,Other,SurfaceTension,0.01525530744394299
Imidazolium,Hydrogen sulfate,SurfaceTension,0.016883848342045038
Imidazolium,Other,SurfaceTension,0.01836511592111245
Imidazolium,Other,SurfaceTension,0.0025818005443825065
Imidazolium,Other,SurfaceTension,0.013419787716662857
Pyridinium,NTf2,SurfaceTension,0.014271825123614246
Imidazolium,Other,SurfaceTension,0.0015515674937920387
Imidazolium,PF6,SurfaceTension,0.014055001448522564
Imidazolium,Other,SurfaceTension,0.026684020356757987
Imidazolium,NTf2,SurfaceTension,0.048770972495359555
Imidazolium,BF4,SurfaceTension,0.001156640299329048
Imidazolium,Hydrogen sulfate,SurfaceTension,0.006044603244734326
Imidazolium,NTf2,SurfaceTension,0.06386474445087575
Imidazolium,Other,SurfaceTension,0.02512980268863929
Phosphonium,NTf2,SurfaceTension,0.0456761998878199
Imidazolium,PF6,SurfaceTension,0.01163487936619001
Imidazolium,Other,SurfaceTension,0.0021899667145111046
Imidazolium,NTf2,SurfaceTension,0.0724077505655476
Imidazolium,Other,SurfaceTension,0.11411258087290976
Quaternary ammonium,NTf2,SurfaceTension,0.00034515779248422973
Imidazolium,NTf2,SurfaceTension,0.021176594381310476
Imidazolium,Other,SurfaceTension,0.002582621528126605
Pyridinium,Other,SurfaceTension,0.000277815656668956
Imidazolium,BF4,SurfaceTension,0.013729329071624274
Pyridinium,NTf2,SurfaceTension,0.013724013618637176
Imidazolium,PF6,SurfaceTension,0.0076182910782804925
Pyridinium,BF4,SurfaceTension,0.00977370351713569
Imidazolium,Other,SurfaceTension,0.027137749371116016
Imidazolium,Other,SurfaceTension,0.010449028202979882
Imidazolium,Other,SurfaceTension,0.007404743959482651
Imidazolium,PF6,SurfaceTension,0.021855388963485822
Imidazolium,Other,SurfaceTension,0.041669778471224994
Phosphonium,Other,SurfaceTension,0.11336589243004758
Imidazolium,NTf2,SurfaceTension,0.019534754864166448
Imidazolium,Other,SurfaceTension,0.009341506495422536
Imidazolium,Other,SurfaceTension,0.019433843281887242
Pyridinium,BF4,SurfaceTension,0.005033940670208459
Imidazolium,Other,SurfaceTension,0.009774500501791739
Imidazolium,Carboxylate,SurfaceTension,0.025595639529277125
Imidazolium,Carboxylate,SurfaceTension,0.004771921551507408
Imidazolium,Other,SurfaceTension,0.0015181871915297407
Imidazolium,Other,SurfaceTension,0.01433367365682825
Imidazolium,Other,SurfaceTension,0.010005779990867048
Pyridinium,NTf2,SurfaceTension,0.032725445424161226
Imidazolium,NTf2,SurfaceTension,0.05548952652639061
Phosphonium,Other,SurfaceTension,0.024141366510422646
Phosphonium,Other,SurfaceTension,0.05318485122990779
Imidazolium,NTf2,SurfaceTension,0.03826876881235952
Imidazolium,Other,SurfaceTension,0.020239786438826624
Imidazolium,Other,SurfaceTension,0.0062354515329849924
Imidazolium,Other,SurfaceTension,0.01928660171251506
Other,Other,SurfaceTension,0.0015479916684650874
Pyridinium,BF4,SurfaceTension,0.020670160803414994
Imidazolium,Other,SurfaceTension,0.0017634021890691187
Imidazolium,NTf2,SurfaceTension,0.012062330481619199
Imidazolium,Carboxylate,SurfaceTension,0.05031458322761928
Imidazolium,Other,SurfaceTension,0.036922859341801395
Imidazolium,Other,SurfaceTension,0.023930263440059107
Imidazolium,Other,SurfaceTension,0.051587779502758835
Imidazolium,PF6,SurfaceTension,0.004299913114191867
Imidazolium,Hydrogen sulfate,SurfaceTension,0.040043226974607826
Imidazolium,Other,SurfaceTension,0.024218150386404513
Imidazolium,Other,SurfaceTension,0.0037327134603879486
Imidazolium,Other,SurfaceTension,0.08328707750804742
Imidazolium,PF6,SurfaceTension,0.007143476090456957
Imidazolium,BF4,SurfaceTension,0.008827235342561579
Imidazolium,Other,SurfaceTension,0.011893207459289012
Quaternary ammonium,NTf2,SurfaceTension,0.001837816605422038
Imidazolium,NTf2,SurfaceTension,0.007787703446613392
Phosphonium,Other,SurfaceTension,0.016499873780098984
Imidazolium,Other,SurfaceTension,0.00972264435609782
Imidazolium,Other,SurfaceTension,0.014335395064807521
Pyridinium,NTf2,SurfaceTension,0.0034608557926714134
Imidazolium,Other,SurfaceTension,0.01470623110699476
Imidazolium,BF4,SurfaceTension,0.007079957958188832
Imidazolium,PF6,SurfaceTension,8.911923425980461e-05
Imidazolium,Other,SurfaceTension,0.0032024912924044635
Imidazolium,Other,SurfaceTension,0.0006543133319030225
Phosphonium,Other,SurfaceTension,0.11599035521000589
Imidazolium,Other,SurfaceTension,0.00043225659727941235
Imidazolium,Other,SurfaceTension,0.002960420763541194
Imidazolium,NTf2,SurfaceTension,0.054753600616517684
Imidazolium,PF6,SurfaceTension,0.04067838399030199
Imidazolium,Other,SurfaceTension,0.003895744667532952
Imidazolium,Other,SurfaceTension,0.03470689836904661
Imidazolium,Other,SurfaceTension,0.0006459992534724179
Imidazolium,BF4,SurfaceTension,0.014950903543577532
Imidazolium,NTf2,SurfaceTension,0.05553606682342771
Imidazolium,NTf2,SurfaceTension,0.025462245472618772
Imidazolium,Other,SurfaceTension,0.004452792788796067
Imidazolium,Other,SurfaceTension,0.04541307351103141
Imidazolium,Other,SurfaceTension,0.0002117915240797963
Imidazolium,NTf2,SurfaceTension,0.06808768860644587
Imidazolium,NTf2,SurfaceTension,0.07536219917867859
Pyridinium,Other,SurfaceTension,0.028801745210293994
Imidazolium,Other,SurfaceTension,0.029074425480540622
Imidazolium,NTf2,SurfaceTension,0.008047109188661139
Imidazolium,Other,SurfaceTension,0.033543359994159694
Imidazolium,Other,SurfaceTension,0.008916678409682355
Imidazolium,Other,SurfaceTension,0.01845039653489655
Imidazolium,Other,SurfaceTension,0.03689822411307109
Imidazolium,PF6,SurfaceTension,0.002180566947808771
Imidazolium,Other,SurfaceTension,0.0028647694062278184
Imidazolium,NTf2,SurfaceTension,0.002300044629573339
Imidazolium,BF4,SurfaceTension,9.796763617320181e-05
Imidazolium,Other,SurfaceTension,0.009718519700476325
Imidazolium,Other,SurfaceTension,0.043172528474274774
Imidazolium,Other,SurfaceTension,0.017052656403014232
Imidazolium,NTf2,SurfaceTension,0.009815203865721767
Pyridinium,BF4,SurfaceTension,0.003979488976112666
Imidazolium,NTf2,SurfaceTension,0.019140591255569106
Phosphonium,Other,SurfaceTension,0.10855657868793678
Imidazolium,Other,SurfaceTension,0.004979114606102009
Imidazolium,BF4,SurfaceTension,0.004811334472434758
Imidazolium,Carboxylate,SurfaceTension,0.0007235339019229237
Phosphonium,NTf2,SurfaceTension,0.00801981588252243
Imidazolium,Other,SurfaceTension,0.0071476075558454255
Imidazolium,NTf2,SurfaceTension,0.16739881090898567
Imidazolium,Other,SurfaceTension,0.030471188914112712
Imidazolium,Other,SurfaceTension,0.010740703618136394
Quaternary ammonium,NTf2,SurfaceTension,0.007450137697055048
Imidazolium,PF6,SurfaceTension,0.11166824886650772
Imidazolium,Other,SurfaceTension,0.006771575227165982
Quaternary ammonium,NTf2,SurfaceTension,0.01543901668246983
Imidazolium,Hydrogen sulfate,SurfaceTension,0.007010459538183689
Pyridinium,BF4,SurfaceTension,0.0030121822126756292
Imidazolium,PF6,SurfaceTension,0.0008144646028940272
Imidazolium,Other,SurfaceTension,0.005157986515899271
Imidazolium,BF4,SurfaceTension,0.005014932964248153
Imidazolium,BF4,SurfaceTension,0.007762098944145368
Imidazolium,Other,SurfaceTension,0.02319741448515611
Imidazolium,BF4,SurfaceTension,0.026551557578113893
Phosphonium,NTf2,SurfaceTension,0.08361910046148324
Quaternary ammonium,NTf2,SurfaceTension,0.014379203267640861
Imidazolium,Other,SurfaceTension,0.011590811013852953
Phosphonium,Hydrogen sulfate,SurfaceTension,0.01580697885180493
Imidazolium,BF4,SurfaceTension,0.025210108420059996
Quaternary ammonium,NTf2,SurfaceTension,0.007783956951421089
Imidazolium,Other,SurfaceTension,0.00997041939552501
Imidazolium,PF6,SurfaceTension,0.052272355493747646
Imidazolium,Other,SurfaceTension,0.0041883250002325845
Imidazolium,BF4,SurfaceTension,0.003192669497277034
Imidazolium,NTf2,SurfaceTension,0.00547300815289864
Imidazolium,BF4,SurfaceTension,0.0035067808038129478
Imidazolium,PF6,SurfaceTension,0.018475787769848928
Imidazolium,NTf2,SurfaceTension,0.045404905385278305
Imidazolium,Carboxylate,SurfaceTension,0.010273666766139389
Pyridinium,NTf2,SurfaceTension,0.08784511096484193
Imidazolium,Other,SurfaceTension,0.007084928132078616
Imidazolium,Other,SurfaceTension,0.08119868814180764
Imidazolium,Other,SurfaceTension,0.004970137636686189
Imidazolium,Other,SurfaceTension,0.03618721776371725
Imidazolium,Other,SurfaceTension,0.013616275724452453
Imidazolium,Other,SurfaceTension,0.008194880341338084
Imidazolium,PF6,SurfaceTension,0.004089099580160571
Imidazolium,BF4,SurfaceTension,0.03447808541718089
Imidazolium,BF4,SurfaceTension,0.06096501018343581
Imidazolium,Carboxylate,SurfaceTension,0.03408602161128149
Imidazolium,Other,SurfaceTension,0.0043246718915814775
Imidazolium,Other,SurfaceTension,0.006367287039929614
Imidazolium,NTf2,SurfaceTension,0.0033057978073327554
Imidazolium,Other,SurfaceTension,0.0029370583279737517
Imidazolium,NTf2,SurfaceTension,0.06862275572123666
Imidazolium,BF4,SurfaceTension,0.0017504791202882508
Pyridinium,NTf2,SurfaceTension,0.013298996368883653
Imidazolium,Carboxylate,SurfaceTension,0.009132671347265031
Pyridinium,NTf2,SurfaceTension,0.0023477114355081596
Imidazolium,Other,SurfaceTension,0.009514857254074194
Imidazolium,Other,SurfaceTension,0.005860722270261576
Quaternary ammonium,NTf2,SurfaceTension,0.017078585451897776
Imidazolium,Other,SurfaceTension,0.01160620154627967
Imidazolium,PF6,SurfaceTension,0.008673917935348996
Imidazolium,Other,SurfaceTension,0.015292746227382636
Imidazolium,Other,SurfaceTension,0.005753871245810949
Imidazolium,Carboxylate,SurfaceTension,0.015014004095111222
Pyridinium,NTf2,SurfaceTension,0.004175837190221632
Imidazolium,Carboxylate,SurfaceTension,0.011575221676236147
Imidazolium,PF6,SurfaceTension,0.009835499683504167
Pyridinium,NTf2,SurfaceTension,0.009958739699331254
Imidazolium,NTf2,SurfaceTension,0.0010115595852373538
Imidazolium,Other,SurfaceTension,0.04221739376047795
Pyridinium,BF4,SurfaceTension,0.0031554730097882455
Imidazolium,Other,SurfaceTension,0.03932403194737377
Imidazolium,NTf2,SurfaceTension,0.007911978054505386
Imidazolium,Other,SurfaceTension,0.00043125102892371814
Imidazolium,Other,SurfaceTension,0.022918077402136916
Imidazolium,NTf2,SurfaceTension,0.02700613744501057
Imidazolium,Other,SurfaceTension,0.005883497280843919
Phosphonium,NTf2,SurfaceTension,0.0024890694820172143
Quaternary ammonium,NTf2,SurfaceTension,0.0070165713055914125
Pyridinium,Other,SurfaceTension,0.002241911413233044
Imidazolium,PF6,SurfaceTension,0.10884748130919109
Phosphonium,NTf2,SurfaceTension,0.08305260780863088
Imidazolium,BF4,SurfaceTension,0.005650297067840704
Pyridinium,BF4,SurfaceTension,0.002298111649082557
Pyridinium,Other,SurfaceTension,0.02076345276440872
Imidazolium,BF4,SurfaceTension,0.047763538672451755
Imidazolium,Other,SurfaceTension,0.012179436590690429
Pyridinium,Other,SurfaceTension,0.02837839532958064
Imidazolium,Other,SurfaceTension,0.002622358112730261
Imidazolium,NTf2,SurfaceTension,0.013280640947987976
Imidazolium,Other,SurfaceTension,0.00553164695570274
Imidazolium,Other,SurfaceTension,0.020935018101050584
Quaternary ammonium,NTf2,SurfaceTension,0.03715593035813125
Imidazolium,Other,SurfaceTension,0.0068712809553352905
Imidazolium,NTf2,SurfaceTension,0.03812760888895772
Imidazolium,BF4,SurfaceTension,0.022099738773682986
Imidazolium,Other,SurfaceTension,0.008495359122070667
Imidazolium,Other,SurfaceTension,0.0007712852014121196
Imidazolium,Hydrogen sulfate,SurfaceTension,0.006759744292684555
Imidazolium,BF4,SurfaceTension,0.03416090061865695
Imidazolium,Hydrogen sulfate,SurfaceTension,0.010897352033994778
Imidazolium,Hydrogen sulfate,SurfaceTension,0.0068575587166055385
Imidazolium,BF4,SurfaceTension,0.0038014720723884565
Imidazolium,Other,SurfaceTension,0.08846615758828769
Imidazolium,Other,SurfaceTension,0.02413630051647342
Phosphonium,Other,SurfaceTension,0.0582689774738232
Imidazolium,PF6,SurfaceTension,0.04105658718164351
Pyridinium,Other,SurfaceTension,0.0054461017650462296
Imidazolium,NTf2,SurfaceTension,0.0634395553575624
Pyridinium,NTf2,SurfaceTension,0.0037903780742918336
Pyridinium,BF4,SurfaceTension,0.004271838837401454
Imidazolium,Other,SurfaceTension,0.0029215230305283946
Imidazolium,BF4,SurfaceTension,0.0022416421107069873
Imidazolium,Hydrogen sulfate,SurfaceTension,0.0037284295170110227
Phosphonium,NTf2,SurfaceTension,0.002842083676891427
Imidazolium,Other,SurfaceTension,0.017277270419685742
Imidazolium,NTf2,SurfaceTension,0.005530969034472033
Imidazolium,Other,SurfaceTension,0.019421314588057736
Imidazolium,Other,SurfaceTension,0.0004108513176253048
Imidazolium,Carboxylate,SurfaceTension,0.008795241549193644
Pyridinium,NTf2,SurfaceTension,0.0037479930445445397
Pyridinium,Other,SurfaceTension,0.0059361560037496375
Imidazolium,Other,SurfaceTension,0.03279597311512772
Imidazolium,BF4,SurfaceTension,0.008070517729744875
Imidazolium,Other,SurfaceTension,0.012176462818343392
Pyridinium,BF4,SurfaceTension,0.040647761693259454
Pyridinium,BF4,SurfaceTension,0.000542368854912656
Imidazolium,Other,SurfaceTension,0.003728339364595712
Imidazolium,Other,SurfaceTension,0.004780052464622653
Imidazolium,Hydrogen sulfate,SurfaceTension,0.005595289683869797
Imidazolium,Other,SurfaceTension,0.0016167603363239635
Imidazolium,BF4,SurfaceTension,0.002975919957523665
Imidazolium,Other,SurfaceTension,0.002230103631199132
Pyridinium,NTf2,SurfaceTension,0.002491970393748044
Imidazolium,NTf2,SurfaceTension,0.011790740217833662
Imidazolium,BF4,SurfaceTension,0.020022565899180833
Imidazolium,Carboxylate,SurfaceTension,0.0006709612957962463
Imidazolium,PF6,SurfaceTension,0.01445007629178674
Imidazolium,Other,SurfaceTension,0.0016771534205788363
Imidazolium,Other,SurfaceTension,0.004099352878128126
Imidazolium,BF4,SurfaceTension,0.004412396975705057
Imidazolium,Other,SurfaceTension,0.004809855327037038
Imidazolium,Other,SurfaceTension,0.01438532493261846
Imidazolium,Carboxylate,SurfaceTension,0.05413912007279187
Imidazolium,Other,SurfaceTension,0.023592544446013886
Imidazolium,Other,SurfaceTension,0.02686589563164432
Pyridinium,NTf2,SurfaceTension,0.002370291936597546
Imidazolium,BF4,SurfaceTension,0.01706700351450774
Pyridinium,Other,SurfaceTension,0.1089463361633154
Imidazolium,Other,SurfaceTension,0.012433618546217051
Imidazolium,BF4,SurfaceTension,0.0038230637641070153
Imidazolium,PF6,SurfaceTension,0.01592934557004222
Imidazolium,BF4,SurfaceTension,0.026543558425267566
Imidazolium,BF4,SurfaceTension,0.034604094105558314
Imidazolium,NTf2,SurfaceTension,0.03233580201415798
Phosphonium,Other,SurfaceTension,0.03391964596233121
Imidazolium,PF6,SurfaceTension,0.04162460045563554
Imidazolium,PF6,SurfaceTension,0.02879457302950872
Pyridinium,BF4,SurfaceTension,0.004139018229549762
Pyridinium,Carboxylate,SurfaceTension,0.004662569794311899
Protic ammonium,Carboxylate,SurfaceTension,0.0035843081465487536
Imidazolium,BF4,SurfaceTension,0.010922944144349689
Imidazolium,NTf2,SurfaceTension,0.01632551285444306
Imidazolium,PF6,SurfaceTension,0.020425919778991553
Pyridinium,NTf2,SurfaceTension,0.009369129732096138
Imidazolium,Carboxylate,SurfaceTension,0.05456208593228329
Pyridinium,Carboxylate,SurfaceTension,0.006891448893182162
Imidazolium,Hydrogen sulfate,SurfaceTension,0.06082802131107057
Imidazolium,Other,SurfaceTension,0.01387690713919909
Imidazolium,BF4,SurfaceTension,0.009647600922922273
Imidazolium,Other,SurfaceTension,0.01190489663570693
Imidazolium,PF6,SurfaceTension,0.0007909944297206373
Imidazolium,BF4,SurfaceTension,0.005159304735622872
Imidazolium,BF4,SurfaceTension,0.03890090414144076
Imidazolium,BF4,SurfaceTension,0.03138729893119452
Imidazolium,Carboxylate,SurfaceTension,0.033388575994253156
Imidazolium,NTf2,SurfaceTension,0.04044894887082329
Imidazolium,Other,SurfaceTension,0.004239368512282127
Imidazolium,Other,SurfaceTension,0.014357252832978062
Imidazolium,PF6,SurfaceTension,0.03536722293917416
Imidazolium,Other,SurfaceTension,0.028585005993880586
Imidazolium,BF4,SurfaceTension,0.01489111368245144
Pyridinium,NTf2,SurfaceTension,0.0005179998143454156
Imidazolium,Other,SurfaceTension,0.007607964798933331
Imidazolium,Other,SurfaceTension,0.003993510020401381
Imidazolium,Hydrogen sulfate,SurfaceTension,0.001316131748906546
Imidazolium,NTf2,SurfaceTension,0.013576633695435714
Quaternary ammonium,NTf2,SurfaceTension,0.0009813389201953626
Imidazolium,Other,SurfaceTension,0.009388972849723842
Imidazolium,Other,SurfaceTension,0.011963720411201084
Imidazolium,Other,SurfaceTension,0.01751281295117657
Imidazolium,BF4,SurfaceTension,0.013481355855515798
Pyridinium,NTf2,SurfaceTension,0.006807505131269043
Imidazolium,Other,SurfaceTension,0.01980924431316211
Imidazolium,BF4,SurfaceTension,0.07688226923737185
Imidazolium,Other,SurfaceTension,0.01106962112126153
Imidazolium,Other,ThermalConductivity,5.777611454194087e-05
Quaternary ammonium,Other,ThermalConductivity,0.007406432667327101
Imidazolium,Other,ThermalConductivity,0.04692460540680554
Imidazolium,BF4,ThermalConductivity,0.017621011671693942
Imidazolium,PF6,ThermalConductivity,0.0015637390096003845
Phosphonium,Other,ThermalConductivity,0.0022542058341066262
Imidazolium,BF4,ThermalConductivity,0.006484356576886174
Imidazolium,NTf2,ThermalConductivity,0.005733995191251839
Imidazolium,Other,ThermalConductivity,0.000950451535995489
Imidazolium,Other,ThermalConductivity,0.0037195003987529063
Imidazolium,Hydrogen sulfate,ThermalConductivity,0.050937496447126085
Imidazolium,NTf2,ThermalConductivity,0.0063747176089612445
Imidazolium,Hydrogen sulfate,ThermalConductivity,0.007312028657616709
Phosphonium,Other,ThermalConductivity,0.002847216714206624
Phosphonium,NTf2,ThermalConductivity,0.03098235091329049
Phosphonium,Other,ThermalConductivity,0.009369684645994525
Imidazolium,Hydrogen sulfate,ThermalConductivity,0.0019530645253083012
Imidazolium,Hydrogen sulfate,ThermalConductivity,0.016169413214493167
Imidazolium,Other,ThermalConductivity,0.01001962841766546
Imidazolium,Hydrogen sulfate,ThermalConductivity,0.01322077542633937
Imidazolium,NTf2,ThermalConductivity,0.0009235513422809483
Imidazolium,Other,ThermalConductivity,0.020289922934051186
Phosphonium,Other,ThermalConductivity,0.0007297336796014964
Imidazolium,Other,ThermalConductivity,0.010602937232680354
Imidazolium,BF4,ThermalConductivity,0.0020165440877888408
Imidazolium,Other,ThermalConductivity,0.0025678117309526627
Imidazolium,NTf2,ThermalConductivity,0.04319491986149915
Phosphonium,Carboxylate,ThermalConductivity,0.0064764030420174645
Imidazolium,Other,ThermalConductivity,0.006843636623032223
Phosphonium,Carboxylate,ThermalConductivity,0.0166676886629622
Imidazolium,NTf2,ThermalConductivity,0.04209936014467708
Phosphonium,Other,ThermalConductivity,0.0028180128489174727
Imidazolium,PF6,ThermalConductivity,0.00018422960402686428
Phosphonium,Other,ThermalConductivity,0.0001981496794356552
Imidazolium,Other,ThermalConductivity,0.02186268248319423
Quaternary ammonium,Other,ThermalConductivity,0.0017644778958498808
Imidazolium,Other,ThermalConductivity,0.05196647687628575
Imidazolium,Other,ThermalConductivity,0.010946991938198813
Imidazolium,Other,ThermalConductivity,0.010236780000807855
Imidazolium,Other,ThermalConductivity,0.01149568401875034
Imidazolium,Other,ThermalConductivity,0.005083676691863825
Imidazolium,NTf2,ThermalConductivity,0.002719034448185109
Phosphonium,Other,ThermalConductivity,0.0001386188786760556
Imidazolium,Other,ThermalConductivity,0.009687521172970559
Imidazolium,Other,ThermalConductivity,0.006386372928448569
Protic ammonium,Carboxylate,ThermalConductivity,0.24776163726122769
Imidazolium,BF4,ThermalConductivity,0.10256657289106674
Imidazolium,PF6,ThermalConductivity,0.01084711065183197
Phosphonium,Hydrogen sulfate,ThermalConductivity,0.0227264323009837
Imidazolium,Hydrogen sulfate,ThermalConductivity,0.058314088214348025
Imidazolium,Other,ThermalConductivity,0.007959600420859525
Imidazolium,NTf2,ThermalConductivity,0.010125231410564428
Imidazolium,NTf2,ThermalConductivity,0.05001489007686821
Imidazolium,Carboxylate,ThermalConductivity,0.036645427367728134
Imidazolium,Other,ThermalConductivity,0.005456413238534186
Imidazolium,NTf2,ThermalConductivity,0.01449236620469474
Imidazolium,Other,ThermalConductivity,0.03689944093002784
Quaternary ammonium,Other,ThermalConductivity,0.0033509178599817613
Imidazolium,Hydrogen sulfate,ThermalConductivity,0.03487381381539012
Phosphonium,Carboxylate,ThermalConductivity,0.0005836069900009289
Phosphonium,Hydrogen sulfate,ThermalConductivity,0.008774626722806378
Imidazolium,Other,ThermalConductivity,0.008129885590490327
Imidazolium,Other,ThermalConductivity,0.0034659440876174674
Phosphonium,Carboxylate,ThermalConductivity,0.0024228957494196735
Pyridinium,BF4,ThermalConductivity,0.003740785938723068
Imidazolium,Other,ThermalConductivity,0.015349560752294433
Imidazolium,BF4,ThermalConductivity,0.06422484104738602
Pyridinium,BF4,ThermalConductivity,0.003746752635681583
Imidazolium,Hydrogen sulfate,ThermalConductivity,0.006418172198521699
Imidazolium,Other,ThermalConductivity,0.0034106172406971336
Phosphonium,Other,ThermalConductivity,0.004237447680056405
Imidazolium,NTf2,ThermalConductivity,0.012538710677004072
Imidazolium,Other,ThermalConductivity,0.014620531035871132
Phosphonium,Carboxylate,ThermalConductivity,0.008291345064726396
Imidazolium,PF6,ThermalConductivity,0.009100734620897777
Imidazolium,Other,ThermalConductivity,0.0010227643526030672
Imidazolium,Other,ThermalConductivity,0.033959000147140594
Phosphonium,Other,ThermalConductivity,0.0026533601863099054
Phosphonium,Other,ThermalConductivity,0.001878105629012694
Imidazolium,Other,ThermalConductivity,0.06330712866917532
Imidazolium,Hydrogen sulfate,ThermalConductivity,0.016955440649413456
Imidazolium,NTf2,ThermalConductivity,0.0008220735409190105
Imidazolium,NTf2,ThermalConductivity,0.027715523981131973
Imidazolium,Other,ThermalConductivity,7.3352704561546744e-06
Imidazolium,Hydrogen sulfate,ThermalConductivity,0.020006790920451545
Imidazolium,Other,ThermalConductivity,0.009324015665842511
Imidazolium,NTf2,ThermalConductivity,0.04838118573359029
Phosphonium,Other,ThermalConductivity,0.001028642013727099
Imidazolium,BF4,ThermalConductivity,0.07742206934452267
Imidazolium,Other,ThermalConductivity,4.591942162734952e-05
Quaternary ammonium,NTf2,ThermalConductivity,0.011430205385841496
Imidazolium,Other,ThermalConductivity,0.003476934974903534
Imidazolium,NTf2,ThermalConductivity,0.002174301159768799
Pyridinium,Hydrogen sulfate,ThermalConductivity,0.010164163469829957
Imidazolium,PF6,ThermalConductivity,0.005181482919197844
Imidazolium,Hydrogen sulfate,ThermalConductivity,0.056322553039782175
Imidazolium,Other,ThermalConductivity,0.0006515118579819568
Imidazolium,Other,ThermalConductivity,0.054718200306925535
Imidazolium,Other,ThermalConductivity,0.008076298723652675
Imidazolium,Other,ThermalConductivity,0.0175876523301155
Imidazolium,Other,ThermalConductivity,0.000867993014730617
Imidazolium,BF4,ThermalConductivity,0.0038623664706642913
Phosphonium,Other,ThermalConductivity,0.005194264199921861
Phosphonium,Other,ThermalConductivity,0.0036217477483408977
Imidazolium,Hydrogen sulfate,ThermalConductivity,0.004579681034692307
Imidazolium,Carboxylate,ThermalConductivity,0.00694200179105775
Phosphonium,Hydrogen sulfate,ThermalConductivity,0.003684010112867009
Imidazolium,Other,ThermalConductivity,0.00944740027821922
Imidazolium,NTf2,ThermalConductivity,0.0028906929992968955
Imidazolium,PF6,ThermalConductivity,0.00531139401592573
Imidazolium,Other,ThermalConductivity,0.00036061716179269787
Imidazolium,NTf2,ThermalConductivity,0.00019394944455841667
Imidazolium,Other,ThermalConductivity,0.0031804997581859062
Phosphonium,Carboxylate,ThermalConductivity,0.003431852795277024
Imidazolium,Other,ThermalConductivity,0.008243124312214745
Phosphonium,Other,ThermalConductivity,0.0018953455544337139
Imidazolium,BF4,ThermalConductivity,0.12185010343427072
Imidazolium,BF4,ThermalConductivity,0.0011431268692525531
Quaternary ammonium,Other,ThermalConductivity,0.00391102992954151
Imidazolium,Hydrogen sulfate,ThermalConductivity,0.006219568598411218
Imidazolium,Hydrogen sulfate,ThermalConductivity,0.008712792618513543
Quaternary ammonium,Other,ThermalConductivity,0.005029000021440577
Imidazolium,Other,ThermalConductivity,0.015230005377054878
