property,abs_log_error,positive_prediction
Density,0.0015263082749346069,True
Density,0.002407893884514678,True
Density,0.003770788809042358,True
Density,0.0026854075280970946,True
Density,0.004417839501234866,True
Density,0.000416163427359173,True
Density,0.0026774103616515887,True
Density,0.0023183370803074865,True
Density,0.006433117483950923,True
Density,0.006422532997909514,True
Density,0.007448063109826819,True
Density,0.0004721255256194823,True
Density,0.0007976966093350413,True
Density,0.005052547068641999,True
Density,0.002751266598327362,True
Density,0.00410605044725898,True
Density,0.004265768558640026,True
Density,0.004659556243579388,True
Density,0.0049552789232381045,True
Density,0.0026340149983141714,True
Density,0.0017243753851268195,True
Density,0.002692210719666299,True
Density,0.0007342826358547327,True
Density,0.005808323533416093,True
Density,0.007175477862918278,True
Density,0.0008030517352839439,True
Density,0.002486664494559143,True
Density,0.002354138386468918,True
Density,0.004051631267875777,True
Density,0.0007872564562063644,True
Density,0.007382350706526708,True
Density,0.0004106525626479396,True
Density,0.0016576367741780729,True
Density,0.0012000800960256797,True
Density,0.002578328458354484,True
Density,0.00939954951919475,True
Density,0.0011916029972107722,True
Density,0.0015635504745956652,True
Density,0.0006508335893284922,True
Density,0.010032209308342033,True
Density,0.002281711234822126,True
Density,0.006311485633069047,True
Density,0.0001765961273303418,True
Density,0.0035901183153335126,True
Density,0.0007014386687353991,True
Density,0.005159491124889115,True
Density,0.002612734224922697,True
Density,0.0011267129031962142,True
Density,0.001888284714435251,True
Density,0.0019016650315046846,True
Density,0.003740720357608751,True
Density,0.0010242271389167001,True
Density,0.0007391822264564141,True
Density,0.0021886229884762187,True
Density,0.006705150946197058,True
Density,1.6204778920503315e-05,True
Density,0.004680218941827796,True
Density,0.00222206532969782,True
Density,0.006354786099933563,True
Density,0.0028590972345208243,True
Density,0.00010831224547303009,True
Density,0.002648344768170219,True
Density,0.0011658071995395147,True
Density,0.0016459286744909818,True
Density,0.0007844496721656213,True
Density,0.0009540747323271148,True
Density,0.0008234771316475431,True
Density,0.0001639682110115004,True
Density,0.0010656763242629097,True
Density,0.0016913845447046327,True
Density,0.0004015042468061836,True
Density,0.00470628786874272,True
Density,0.04275275642991705,True
Density,0.017830811830558346,True
Density,0.0030727436294615273,True
Density,0.004844188775630975,True
Density,0.007220450711284521,True
Density,0.0012017059499340732,True
Density,0.0006848936696259855,True
Density,0.006084498220442214,True
Density,0.004361179342430077,True
Density,0.007726280763353799,True
Density,0.008792827756677113,True
Density,0.005004888819851061,True
Density,0.0006662591087112091,True
Density,0.010450802316651853,True
Density,0.0035858882447818985,True
Density,0.005342891259768834,True
Density,0.006059750033636568,True
Density,0.003148599766256588,True
Density,0.004089782123453567,True
Density,0.007620804653607038,True
Density,0.0001931477366152734,True
Density,0.0021581210895096348,True
Density,0.0022553378872727237,True
Density,0.0021499821060473323,True
Density,0.0025787294914580983,True
Density,0.0028062794804171176,True
Density,0.0008701778521151837,True
Density,0.021391569528990573,True
Density,0.001088563768356643,True
Density,0.0022387800688754567,True
Density,0.0039821331751630495,True
Density,0.005333451673520173,True
Density,0.006907441492365329,True
Density,0.0037927280632601423,True
Density,0.0017146425088956363,True
Density,0.0031590652226043403,True
Density,0.0026975143181111605,True
Density,0.01143169301523006,True
Density,0.0012504011806768744,True
Density,0.0027045528509619388,True
Density,0.00020748874780629478,True
Density,0.0025362657104901487,True
Density,0.0003013985810591535,True
Density,0.0008225150322633823,True
Density,0.014067212108250793,True
Density,0.0036687058681454943,True
Density,0.0008440621955010386,True
Density,0.003016186284233058,True
Density,0.004487573098368003,True
Density,0.002822443016956555,True
Density,0.004477494221309719,True
Density,0.0005811874643857351,True
Density,0.0023399417832603575,True
Density,0.0025172589938788903,True
Density,0.0039243360427354546,True
Density,0.0001558043581839641,True
Density,0.005417902560774124,True
Density,0.0032576469447329615,True
Density,8.342479451695084e-05,True
Density,0.0038056375751516214,True
Density,0.00042588309337521224,True
Density,0.0007247648947803498,True
Density,0.0034107712303095283,True
Density,0.001705163205281579,True
Density,0.00040827978128366027,True
Density,0.007009036959735759,True
Density,0.003038985613640577,True
Density,0.001001385151256251,True
Density,0.0005096959758512654,True
Density,0.0009384352275958463,True
Density,0.0016803414075594603,True
Density,0.003433286857164042,True
Density,0.0018357953499092972,True
Density,0.0053032230633576205,True
Density,0.0003662173135738911,True
Density,0.0012088189419010575,True
Density,0.01020286580667662,True
Density,6.443504381881127e-05,True
Density,0.001924034790125262,True
Density,0.002168196263932387,True
Density,0.0005108214452427262,True
Density,0.002992630654527595,True
Density,0.0005169579488004672,True
Density,0.0011025014312489034,True
Density,0.00024608315083973764,True
Density,0.0002565034623209783,True
Density,0.002855247915072745,True
Density,0.0020262035779454735,True
Density,0.004270554195638709,True
Density,0.003030407400851587,True
Density,0.0029310652768543832,True
Density,0.0020174725722572617,True
Density,0.0027647471909482135,True
Density,0.0025639450371688355,True
Density,0.0049991455273570296,True
Density,0.008892626624659172,True
Density,0.003940117955148814,True
Density,0.0008001043619501047,True
Density,0.0006761714984708789,True
Density,0.00014452530833608535,True
Density,0.043689259804787106,True
Density,0.000393924929908529,True
Density,0.004001124125243116,True
Density,0.0005821380208583804,True
Density,0.0033039595308537173,True
Density,0.001147740397079211,True
Density,0.002737493708734995,True
Density,0.005173190909929737,True
Density,0.008759361188496406,True
Density,0.00844573912401092,True
Density,0.0010978279656397305,True
Density,0.002448111199763403,True
Density,0.003995894271666245,True
Density,0.0006356078925842112,True
Density,0.00028138683066458725,True
Density,0.011611410020906376,True
Density,0.0023130835086293544,True
Density,0.026135928814300158,True
Density,0.001863460902248093,True
Density,0.0016989736245074383,True
Density,0.0009536480954670523,True
Density,0.012819303828944584,True
Density,0.005374867516794168,True
Density,0.009171594022851615,True
Density,0.006159409506190983,True
Density,0.0021609355596297064,True
Density,0.0057191624630945626,True
Density,0.005636310815456014,True
Density,0.0007604885388321492,True
Density,0.005711527230990221,True
Density,0.01151696852582873,True
Density,0.00540644330383433,True
Density,0.0075798357200707045,True
Density,0.0005717128297311191,True
Density,0.007558391740867698,True
Density,0.000619434371220251,True
Density,0.0006838111036131522,True
Density,0.4091244029575014,True
Density,0.0015058430056109628,True
Density,0.0005947724902641838,True
Density,2.5804887906488716e-05,True
Density,0.0015221068838497942,True
Density,0.0018801537721673256,True
Density,0.006975552420881215,True
Density,0.0024761393326864223,True
Density,0.00496585630863855,True
Density,0.0024251409105682242,True
Density,0.004941400053604994,True
Density,0.013188337057129296,True
Density,0.00020588984497926788,True
Density,0.003917285068962606,True
Density,0.0025806022067733636,True
Density,0.004435957168303695,True
Density,0.002985061794211319,True
Density,0.0006602723326150084,True
Density,0.007758574905880167,True
Density,0.00203561595369095,True
Density,0.009658721251477154,True
Density,0.0020093483793512945,True
Density,0.0025810320234151973,True
Density,0.0005035083815849717,True
Density,0.008230678848235584,True
Density,0.003608208862607931,True
Density,0.0012259102394853727,True
Density,0.005561730453347735,True
Density,0.11586142394893262,True
Density,0.000848690516041195,True
Density,0.0014800158410412934,True
Density,0.007241301495008123,True
Density,0.0012742299107415533,True
Density,0.004013522080361653,True
Density,0.006482581579325242,True
Density,0.00149670774576105,True
Density,0.004483276931138924,True
Density,0.000780113058796772,True
Density,0.0033256258383298487,True
Density,0.002780904603969958,True
Density,0.0066237079364084295,True
Density,0.0023761299750280074,True
Density,0.0006055132352074111,True
Density,0.0013466711787728514,True
Density,0.000752415302578413,True
Density,0.0038819928848150553,True
Density,0.005959094917329821,True
Density,0.0025467320383523173,True
Density,0.0006280348269029901,True
Density,0.002283624469066936,True
Density,0.005326628008247347,True
Density,0.002023281422761869,True
Density,0.00026319790046436253,True
Density,0.003839519892165022,True
Density,0.002902961789819969,True
Density,0.0031676484573601726,True
Density,0.005118269506101392,True
Density,0.00035805083181728037,True
Density,0.009558652251396182,True
Density,0.003689686173560247,True
Density,0.004926643642990669,True
Density,0.0031596247119836107,True
Density,0.0002832218030128786,True
Density,0.002783758015151072,True
Density,0.0016923200821494788,True
Density,0.011364951591333217,True
Density,0.0012192871850400522,True
Density,0.004270028030505912,True
Density,0.0014251618130423083,True
Density,0.0013551983851671778,True
Density,0.015065120075662186,True
Density,0.0006675502435600222,True
Density,0.001608827819630676,True
Density,0.0030942213454068224,True
Density,0.0016904447793049115,True
Density,0.001374739355738619,True
Density,0.007645561057365136,True
Density,0.002546781398464759,True
Density,0.00821222846369718,True
Density,0.0018335803180766774,True
Density,0.00886860241437848,True
Density,0.011302922142697014,True
Density,0.005112251907162246,True
Density,0.0077099821434361004,True
Density,0.002695987832325386,True
Density,0.008956461592751097,True
Density,0.002661810641375162,True
Density,0.0005698780719640695,True
Density,0.0014509304422549718,True
Density,0.0018200362727984754,True
Density,0.00430260518618919,True
Density,0.0024800331893635175,True
Density,0.00636279949950147,True
Density,0.0029511796103820487,True
Density,0.0014605934266329612,True
Density,0.0007948308627900857,True
Density,0.005353918533474555,True
Density,0.0006580066807257978,True
Density,0.0012245197103313288,True
Density,0.0060557152873990105,True
Density,0.0016303193695748064,True
Density,0.0036344792599463105,True
Density,0.0014529598404617872,True
Density,0.001963037401365497,True
Density,0.0012049668613212106,True
Density,0.0004277708356079657,True
Density,0.001993147585293009,True
Density,0.0032206688801474925,True
Density,0.0016813163084812288,True
Density,0.008921205893154038,True
Density,0.00010068370311078212,True
Density,0.0056482204762273724,True
Density,0.05846514594111163,True
Density,0.0012197777449474145,True
Density,0.0010003658644111013,True
Density,0.008154961028483676,True
Density,0.0037770207561900193,True
Density,0.0020898861686280412,True
Density,0.005130258581476532,True
Density,0.0010184859829802662,True
Density,0.0028308283315023886,True
Density,0.004360180010642978,True
Density,0.0016694867348023834,True
Density,0.0016751425647703044,True
Density,0.001438565082599652,True
Density,0.006674375910796115,True
Density,0.0034946763395273805,True
Density,0.0013551478477467072,True
Density,0.0003490931471574754,True
Density,0.0005188491204206613,True
Density,0.03087093189255441,True
Density,0.011674453099935533,True
Density,0.003846178370819686,True
Density,0.005568523637123235,True
Density,0.0012193069482808738,True
Density,0.01305116618499369,True
Density,0.002484285336356251,True
Density,0.0017881279267726313,True
Density,0.004028821983332875,True
Density,0.0009618116682652555,True
Density,0.0031681360963382588,True
Density,0.002286784886632809,True
Density,0.004105619915684144,True
Density,0.007359158714702829,True
Density,0.000930712550188062,True
Density,0.0015720045177376463,True
Density,0.0032263034412238767,True
Density,0.0004587988296158585,True
Density,0.0007105140991754411,True
Density,0.0032277458822775884,True
Density,0.0011649171163581329,True
Density,0.004359205149404133,True
Density,0.0034307606607804075,True
Density,0.003972099655658923,True
Density,0.0047955364562106695,True
Density,0.002531964685734245,True
Density,0.006297681576797665,True
Density,0.005167989520234784,True
Density,0.014585458121857187,True
Density,0.0008511301249347625,True
Density,0.009005099262917149,True
Density,0.0076632458058671915,True
Density,0.004532321518577298,True
Density,0.00010341266184976661,True
Density,0.001541184808069751,True
Density,0.00022456031982720503,True
Density,0.0001572973041810144,True
Density,0.0032371755214661846,True
Density,0.0008460277764745783,True
Density,0.0026449978440750144,True
Density,0.009970232653499167,True
Density,0.0004243597452742165,True
Density,9.579471417353602e-05,True
Density,0.001882194216292099,True
Density,0.00026757091910489805,True
Density,0.003287268991305936,True
Density,3.961868648794109e-05,True
Density,0.0003467140498631949,True
Density,0.0035485743442640327,True
Density,0.0027297641586505605,True
Density,0.00016891285755793461,True
Density,0.000532703471968432,True
Density,0.0032877766265109187,True
Density,0.005313316135173274,True
Density,0.0054601890612211434,True
Density,0.004962879038451717,True
Density,0.00020840777208519512,True
Density,0.003596778310238413,True
Density,0.0007280679700008008,True
Density,0.0012440878232284902,True
Density,0.00028269372604317056,True
Density,0.0003681073388239753,True
Density,0.000473901232021845,True
Density,0.003926915608492898,True
Density,0.006536982486461618,True
Density,0.01108838229272191,True
Density,0.00046682226854155573,True
Density,0.00644977738674779,True
Density,0.00439445611992717,True
Density,0.005630981382060085,True
Density,0.012384500872522075,True
Density,0.0033921755540955445,True
Density,0.0018710648869264546,True
Density,0.0009361028636476476,True
Density,0.008340825049076628,True
Density,0.003233414424700598,True
Density,0.003274381964757822,True
Density,0.0006202620298072503,True
Density,0.005310906195817644,True
Density,0.030229167024802273,True
Density,0.0019798494623355367,True
Density,0.13219408666472,True
Density,0.002920070297578903,True
Density,0.001761939395483303,True
Density,0.0002554311427038769,True
Density,0.0010241935855272999,True
Density,0.004969039862706026,True
Density,0.002342655544789629,True
Density,0.00088256227475636,True
Density,0.0020799308795345084,True
Density,0.007812518893224762,True
Density,0.0019478095855314237,True
Density,0.0005244906278303318,True
Density,0.0027027621699282633,True
Density,0.003725557379502753,True
Density,0.0027507715425239,True
Density,0.000986082766313956,True
Density,0.0008711996664247934,True
Density,0.002099476994427363,True
Density,0.0041260704068530885,True
Density,0.001410916157632336,True
Density,0.0007815561277366712,True
Density,0.0019011384212994642,True
Density,0.0019498372894268812,True
Density,0.002482003406249156,True
Density,0.004283483237289332,True
Density,9.348923783569774e-05,True
Density,0.0016526829840808333,True
Density,0.017403428333005344,True
Density,0.0005202060605231651,True
Density,0.0011611014340031645,True
Density,0.004388767190871334,True
Density,0.0012526485632831097,True
Density,0.009584752250614947,True
Density,0.0027899689189556653,True
Density,0.0028624578081606344,True
Density,0.0010313783833932888,True
Density,0.000453991408089216,True
Density,0.0024633892168832716,True
Density,0.0018290391335042955,True
Density,0.004139346566479851,True
Density,0.008758398355656283,True
Density,0.003750428267932371,True
Density,0.0011934955494989907,True
Density,0.004002528939629713,True
Density,0.002058102588690325,True
Density,0.007480170802289798,True
Density,0.0016327210217879085,True
Density,0.0013289840585102297,True
Density,0.003929148386227155,True
Density,0.0033059683390170846,True
Density,0.002622675205195435,True
Density,0.004717324813330315,True
Density,0.002465884785785022,True
Density,0.001355694255027018,True
Density,0.0009189502616759881,True
Density,0.003623493913301523,True
Density,0.005507096340219952,True
Density,0.00031315811945820116,True
Density,0.002755550486935654,True
Density,0.0032550275018063957,True
Density,0.003473749284058414,True
Density,0.003392773636654134,True
Density,0.00193746178331633,True
Density,0.008803764205883802,True
Density,0.0016827542237543014,True
Density,0.003703221845809068,True
Density,1.2412687621754515e-05,True
Density,0.0012783460199159435,True
Density,0.01879506736806036,True
Density,0.0005335265463344285,True
Density,0.0004200797204081397,True
Density,1.5359019264415963e-05,True
Density,0.0023012114409413087,True
Density,1.6774335782621108e-05,True
Density,0.0018286954569273206,True
Density,0.00020408305918628855,True
Density,0.006524084952785891,True
Density,0.0021234257131554912,True
Density,0.0003866772018330522,True
Density,0.034651226023736825,True
Density,0.004983223011781668,True
Density,0.0011644673391817406,True
Density,0.0045504065244932335,True
Density,0.013269511868394979,True
Density,0.0014128802771073978,True
Density,0.0010338750563443355,True
Density,0.0007672696547249558,True
Density,0.0001553733322889883,True
Density,0.0005627113867632261,True
Density,0.004534670353618431,True
Density,0.0030609253918134627,True
Density,0.00496490204930744,True
Density,0.002746029283492213,True
Density,0.008610427409037946,True
Density,0.004155232399802422,True
Density,0.006244711550703386,True
Density,0.001305156693311993,True
Density,0.0049342435777184335,True
Density,0.0006599650047593997,True
Density,0.0006064340314075878,True
Density,2.2536037608489323e-05,True
Density,0.0009249700840161523,True
Density,0.0003491066554346389,True
Density,0.0021342464764932956,True
Density,0.0010619319156059959,True
Density,0.0011821639199514067,True
Density,6.018587512901519e-05,True
Density,0.0034083833540421438,True
Density,0.0021725028787376033,True
Density,0.002233995123625654,True
Density,0.001746238069918249,True
Density,0.0019841625588457035,True
Density,0.001826704105694965,True
Density,0.009165261897756238,True
Density,0.0034461521267665773,True
Density,0.00495490865037862,True
Density,0.00012880239336166,True
Density,0.00022324660958528142,True
Density,0.0004106066790487972,True
Density,0.01618379116711477,True
Density,0.001695593350113711,True
Density,0.004421135662082243,True
Density,0.001543991625866603,True
Density,0.0032391868368621957,True
Density,0.0007515230481320856,True
Density,0.0006669681656470416,True
Density,0.003134698567882843,True
Density,0.00091795613700274,True
Density,0.0008673675856449847,True
Density,0.0025767219516792395,True
Density,0.0010943217000241034,True
Density,0.001487288385560781,True
Density,0.004757424453243786,True
Density,0.003237653926609241,True
Density,0.0007677204733749221,True
Density,0.0025959942242463896,True
Density,0.0013795039833670586,True
Density,0.0014510047575608809,True
Density,0.003355567790086944,True
Density,0.008395261568280077,True
Density,0.000728667665803151,True
Density,0.00010578572356045868,True
Density,0.0019086646169323984,True
Density,0.0029130468623526085,True
Density,0.004516604290375703,True
Density,0.0010085394652801227,True
Density,0.0006031579715237712,True
Density,0.0013475304967824897,True
Density,0.05598269308427373,True
Density,0.005143540759787513,True
Density,0.001109158409946076,True
Density,0.004248590182447387,True
Density,0.0011991398000761322,True
Density,0.007193899312482266,True
Density,0.00567626718110148,True
Density,0.0011768039533297525,True
Density,0.0009989148883962073,True
Density,0.005283423219681005,True
Density,0.0005702974439625308,True
Density,0.00026839609288042965,True
Density,0.0013409459175424132,True
Density,0.001832886789654431,True
Density,0.004913816536832982,True
Density,0.0006193811349266554,True
Density,0.0006561054202451899,True
Density,0.001053712541385643,True
Density,0.0028438339413048297,True
Density,0.003914909908760755,True
Density,0.0023136931931349025,True
Density,0.006734380520462047,True
Density,0.0017342444030932214,True
Density,0.0005832292092886604,True
Density,0.0033238868553615575,True
Density,0.0023402358495037134,True
Density,9.767494958978773e-05,True
Density,0.005653392371126387,True
Density,0.0005650973512318913,True
Density,0.0003147556073370694,True
Density,6.018587512901519e-05,True
Density,0.005689624549808592,True
Density,0.003939595808401641,True
Density,0.0029057953770603717,True
Density,0.0035065809401597647,True
Density,0.0010217964336112217,True
Density,0.0012883771853173798,True
Density,0.0026607316549229765,True
Density,0.0005235657726609944,True
Density,0.004684920242891799,True
Density,0.0015820332278391191,True
Density,0.00015964683400593316,True
Density,0.0028267966812540735,True
Density,0.0034061954170514497,True
Density,0.0009137311920177638,True
Density,0.005200825543542287,True
Density,0.0010028200855254354,True
Density,0.003585879680936266,True
Density,0.00048159423017679615,True
Density,0.00040447170656499054,True
Density,0.009652752551653876,True
Density,0.0010919365114139268,True
Density,0.007364210878586519,True
Density,0.01831043251123976,True
Density,0.003915748925670037,True
Density,0.005232453481140986,True
Density,0.006754706193849103,True
Density,0.0020323513051927478,True
Density,0.00484755585461194,True
Density,0.004963038589482771,True
Density,0.00048348720496083075,True
Density,0.00040855292818964273,True
Density,0.0002946934399661316,True
Density,0.003350709536928953,True
Density,0.0035128344521861976,True
Density,0.004063977340710068,True
Density,0.008220139995008147,True
Density,0.0014386204612097941,True
Density,0.003599976998612142,True
Density,0.002196444785726115,True
Density,0.02230361592791308,True
Density,0.0020828129771262027,True
Density,0.0027805525874091686,True
Density,0.004749752163161425,True
Density,0.0014648423114911324,True
Density,0.0016040612673338117,True
Density,0.00035793742537837403,True
Density,0.0026412520462448796,True
Density,0.0006885104371923134,True
Density,0.00475505818872346,True
Density,0.003947235169960983,True
Density,0.0011815901596996525,True
Density,0.0014390445986691702,True
Density,0.0022621728466258872,True
Density,0.013122559916967091,True
Density,0.014137314130445944,True
Density,0.00038678352840637586,True
Density,0.0027688202927240724,True
Density,0.006240389451399153,True
Density,0.001301820036652579,True
Density,0.005540469768788192,True
Density,0.00041586013466332616,True
Density,0.002405114108465334,True
Density,0.0012930051956470123,True
Density,0.0002647220957952001,True
Density,0.0009779625224926036,True
Density,0.0037040250385880213,True
Density,0.006598571012737864,True
Density,0.005154974455583883,True
Density,0.002080420155376572,True
Density,0.0020580419043607634,True
Density,0.0001336043340174342,True
Density,0.0015979789467701622,True
Density,0.0033083378656586504,True
Density,0.0017728614608882864,True
Density,0.005397373180897169,True
Density,0.0029110815650064126,True
Density,0.0009203145136558177,True
Density,0.0010942523514412272,True
Density,8.392159595249638e-05,True
Density,0.0024724163580582825,True
Density,0.006838269812448061,True
Density,0.0001550699724646165,True
Density,0.003607168141114947,True
Density,0.0020432958386793487,True
Density,0.0018148541877280877,True
Density,0.0004701613096971258,True
Density,0.0014662468770456627,True
Density,0.0017237399793854635,True
Density,0.004543332599851624,True
Density,0.0023780191726947564,True
Density,0.006223823606151591,True
Density,0.0007401159930955359,True
Density,0.0009079602026051958,True
Density,6.252853398081015e-05,True
Density,0.005399694121348553,True
Density,0.015265058246418661,True
Density,0.008653703173925997,True
Density,0.003201034404072267,True
Density,0.0171274999342792,True
Density,0.006908019057700443,True
Density,0.004498518625526415,True
Density,0.002168192559855342,True
Density,0.00016410868540539525,True
Density,0.001343307011627104,True
Density,0.0028724390335632677,True
Density,0.0012360319043898116,True
Density,0.003996814869219101,True
Density,0.0022372910865744444,True
Density,0.0036292634548811264,True
Density,0.005254676619345311,True
Density,0.00846893970747331,True
Density,0.00028755966853211135,True
Density,0.0030907785258511566,True
Density,0.001166467280898864,True
Density,0.001308430741243427,True
Density,0.0007418909807261898,True
Density,0.005776950649578616,True
Density,0.006702400673470166,True
Density,0.004711238498654957,True
Density,0.00012879043742941576,True
Density,0.0005980185403640093,True
Density,0.000174513525178277,True
Density,0.0022014532311915858,True
Density,0.010009720151400003,True
Density,0.0013257630134431153,True
Density,0.010440746640397514,True
Density,0.0015987211338490681,True
Density,0.001586377868924238,True
Density,0.0005587455450815071,True
Density,0.004837948177265794,True
Density,0.0010351180702601326,True
Density,0.00026897018951821394,True
Density,0.004547615999648258,True
Density,0.003404136878089048,True
Density,0.033975096382262926,True
Density,0.005567949017772911,True
Density,0.002346654913903734,True
Density,0.00039818382526046747,True
Density,0.0020274729720801687,True
Density,0.00042300064625599987,True
Density,0.004045970967527346,True
Density,0.0012321821248990616,True
Density,0.004560023991089679,True
Density,0.00042204609442819674,True
Density,0.003007375275317692,True
Density,0.002446657321466539,True
Density,0.0003743672098712736,True
Density,0.0007729727448815282,True
Density,0.001091028793834603,True
Density,0.0006361073533058814,True
Density,0.004539557423152374,True
Density,0.005809276051691015,True
Density,0.0004552302712754752,True
Density,0.005760175537617762,True
Density,0.005750688459376541,True
Density,0.006707137596712265,True
Density,0.0007945261662118952,True
Density,0.003937201320701078,True
Density,0.0005621841085483581,True
Density,0.0024558123863842596,True
Density,0.004806039280801144,True
Density,0.02618590110730956,True
Density,0.006229339594502115,True
Density,0.0023704089798508576,True
Density,0.0005687789499750906,True
Density,0.0017662989817432972,True
Density,0.0022568688945749926,True
Density,0.002613907753279854,True
Density,0.005414106200896107,True
Density,0.001095395369075547,True
Density,0.002779415084116721,True
Density,0.003024476694383438,True
Density,0.0045544170367612935,True
Density,0.0006275782697997556,True
Density,0.02768037010588653,True
Density,0.001034239040181184,True
Density,0.0026663013848926553,True
Density,0.0015802028239146892,True
Density,0.001084309561887764,True
Density,0.00466585750703441,True
Density,0.002446609821677548,True
Density,0.0008653779999336919,True
Density,0.006532687008640181,True
Density,0.00040572481114420356,True
Density,0.0001846100979916443,True
Density,0.0004049667036198912,True
Density,0.0003576754158958195,True
Density,0.004655284265489001,True
Density,0.005477916940375138,True
Density,0.00018736571877653319,True
Density,0.0020241392508841827,True
Density,0.001080858766163928,True
Density,0.02189356271309073,True
Density,0.004880921210991929,True
Density,0.0034771656158492092,True
Density,0.002603929431558072,True
Density,0.005283816857379442,True
Density,0.0011772403265544185,True
Density,0.0016740421633381075,True
Density,0.0012955201008155726,True
Density,0.0006727835883584277,True
Density,0.0011057453352671942,True
Density,0.004509073260605234,True
Density,0.0016093010388740225,True
Density,0.005044027914054894,True
Density,0.0045553192334040205,True
Density,0.0005722517816302286,True
Density,0.004881350043864252,True
Density,0.0011372264033964186,True
Density,0.001867336594778557,True
Density,0.0004986712309333896,True
Density,3.616745817680567e-05,True
Density,0.005192217676878386,True
Density,0.009296477577739992,True
Density,0.0006393399583553006,True
Density,0.0008467566746119815,True
Density,0.0005545005527807234,True
Density,0.004017838736853463,True
Density,0.003492451182951939,True
Density,0.0032459577907975046,True
Density,0.011616645984923402,True
Density,0.0069743353501161565,True
Density,0.001017540662942018,True
Density,0.003510362704862935,True
Density,0.0015798305053680295,True
Density,0.00014832533755804178,True
Density,0.0059433658824588065,True
Density,0.00022734757087938817,True
Density,0.0011958763780848258,True
Density,0.0011825401591876172,True
Density,0.0029674100534675674,True
Density,0.0024423106535849115,True
Density,0.0005697404426978636,True
Density,0.0008344018903150285,True
Density,0.007811074888246949,True
Density,0.0033750886638905797,True
Density,0.0004510524656451409,True
Density,0.003184746454292231,True
Density,0.0037283942842591955,True
Density,0.0008045133816931838,True
Density,0.0009731591399431139,True
Density,0.0017785512388659441,True
Density,0.006208487700487986,True
Density,0.0019989005552050187,True
Density,0.005317627705023753,True
Density,0.00041764364327079306,True
Density,0.004629586237601124,True
Density,0.0013271303664756928,True
Density,0.007986192877352138,True
Density,0.0022722019921479486,True
Density,0.0033893398181890078,True
Density,0.0220671298871169,True
Density,7.629637010264645e-05,True
Density,0.01025732145149938,True
Density,0.0015186869359631316,True
Density,0.16794538562148364,True
Density,0.005090203305170959,True
Density,0.00264264325396546,True
Density,0.0023636783848592913,True
Density,0.0014749009431804794,True
Density,0.0025066767674690738,True
Density,0.0026855183012655104,True
Density,0.00036430816995824955,True
Density,0.0014852884412999146,True
Density,0.004638212742958281,True
Density,8.86797936425765e-05,True
Density,0.00044155970470605155,True
Density,7.532766916096278e-05,True
Density,7.099488197326309e-05,True
Density,0.0024394962788880648,True
Density,0.0008282177966876247,True
Density,0.0011528796225359628,True
Density,0.001594617231190476,True
Density,0.004462268168495598,True
Density,0.0012778759435025933,True
Density,0.008581596876201303,True
Density,0.002850595149561208,True
Density,0.0033678859939234584,True
Density,0.0032239673104594857,True
Density,0.0019092315600213183,True
Density,0.0016861488854171824,True
Density,0.0006041969394869895,True
Density,0.0007982551350798062,True
Density,0.00590088284102297,True
Density,0.011456481290453624,True
Density,0.0017304906890505123,True
Density,0.0011506387878457147,True
Density,0.03636541690555806,True
Density,0.009879153620240722,True
Density,0.003974986693666693,True
Density,0.002700779208899995,True
Density,0.00551567198865488,True
Density,0.0010457640673218194,True
Density,0.0015678426536496204,True
Density,0.00045453299983488904,True
Density,0.0020413283841964613,True
Density,0.0021472836351437152,True
Density,0.008730391991231379,True
Density,0.005819872812680593,True
Density,0.002952581009591171,True
Density,0.004804601135041331,True
Density,0.0023230690827285017,True
Density,0.003972070679765238,True
Density,0.001264661124260158,True
Density,0.005371610085059153,True
Density,0.00020170636319782886,True
Density,0.0014339006686476807,True
Density,0.005696923769410667,True
Density,0.002328276379985894,True
Density,0.0037870021590578062,True
Density,0.0014443149860206006,True
Density,0.006540271985785218,True
Density,0.0015527078364767632,True
Density,0.0075102855534803226,True
Density,0.004261496456221536,True
Density,0.0014061687155182412,True
Density,0.003694114703950646,True
Density,0.0019746385711068015,True
Density,0.004409790300500482,True
Density,0.0028058323829487364,True
Density,0.00041245172732828905,True
Density,0.0005097737034276406,True
Density,0.00016436632143701502,True
Density,0.001602193290457521,True
Density,0.0007819740898931116,True
Density,0.000795002075105522,True
Density,0.0010584467577627876,True
Density,2.665043822158708e-05,True
Density,0.000822065804342742,True
Density,0.007724257609575957,True
Density,0.0012765755714294613,True
Density,0.0003277339578895422,True
Density,0.006537875480195687,True
Density,0.0046038263318299855,True
Density,0.0012270309611510655,True
Density,0.01213256613729996,True
Density,0.005538975355527498,True
Density,0.0042682443627510835,True
Density,0.005644754826859,True
Density,0.0008076668091998584,True
Density,0.003532480669933946,True
Density,0.004009267432334873,True
Density,0.003194354465224869,True
Density,0.0020047525547690626,True
Density,0.008373197335572513,True
Density,0.00928730731568006,True
Density,0.0005797733239001346,True
Density,0.0032757704020625056,True
Density,0.00022690554158621978,True
Density,0.005192358270289077,True
Density,0.0020490904034193846,True
Density,3.2451378366715744e-06,True
Density,0.0038451844036844207,True
Density,0.0030260254387792784,True
Density,0.012843086835149897,True
Density,0.0038294659498845363,True
Density,0.0070146991034825135,True
Density,0.004346813918565395,True
Density,0.0071908557242288396,True
Density,0.0004571980350034366,True
Density,0.0033284360180676487,True
Density,0.0019131554880811308,True
Density,0.0020027044447346043,True
Density,0.002885866677453386,True
Density,0.0052704016683815524,True
Density,0.003282004010253914,True
Density,0.0026263763331915158,True
Density,0.0056833303567858096,True
Density,0.0020504556716991473,True
Density,0.0029215317636737126,True
Density,0.003911532371610349,True
Density,0.0037945825675755884,True
Density,0.003828056688491621,True
Density,0.002840525920543513,True
Density,0.01031396333262169,True
Density,0.0016206847490156662,True
Density,9.343775880399363e-05,True
Density,0.008292767084103758,True
Density,0.0037445215662703646,True
Density,0.0021268022132341358,True
Density,0.0010781901292196139,True
Density,0.0006715167604980365,True
Density,0.0015897249436855887,True
Density,0.013155922465797332,True
Density,0.0030350981762561346,True
Density,0.004714108386143501,True
Density,0.0011038610446103547,True
Density,0.0020876233523487997,True
Density,0.018710545261360956,True
Density,0.00243414615590698,True
Density,0.0020447021682459265,True
Density,0.0021505851356939942,True
Density,1.8630099662964028e-05,True
Density,0.0023464724885213784,True
Density,0.00336875701483752,True
Density,0.003989774734031393,True
Density,0.08102082613950401,True
Density,0.0027269930349342886,True
Density,0.0026159037815762787,True
Density,0.0010007939505074503,True
Density,5.726397858385468e-05,True
Density,0.025473632058234053,True
Density,0.0016703931505830383,True
Density,0.001195539324466921,True
Density,0.003985490328340724,True
Density,0.0038861182013611995,True
Density,0.013987550519325431,True
Density,0.00361298840777291,True
Density,0.001970830355292996,True
Density,0.005259077038469506,True
Density,0.001346219655133929,True
Density,0.0002909028070643416,True
Density,0.001209795623184462,True
Density,0.000949839435857136,True
Density,0.0030532736226982493,True
Density,0.0007247674808708027,True
Density,0.002186672061550432,True
Density,0.002706509195584239,True
Density,0.00289643996432698,True
Density,0.0013318166518523356,True
Density,0.0037126910718674466,True
Density,0.004846613324368754,True
Density,0.001853417197287932,True
Density,0.002530089092064536,True
Density,0.0020804033823438317,True
Density,0.005568526890638914,True
Density,0.0033034466819055197,True
Density,0.002539241591970054,True
Density,1.907580156146338e-05,True
Density,0.0005956469184109636,True
Density,0.00437925386315996,True
Density,0.003342562102348623,True
Density,0.015510508707729187,True
Density,0.0011373083636367909,True
Density,0.00853498501887362,True
Density,0.0008859429143255326,True
Density,0.0003762534129974071,True
Density,0.004084914104656612,True
Density,0.0006918935334203624,True
Density,0.006541186766955143,True
Density,0.006550765691025973,True
Density,0.004159459528557008,True
Density,0.0019684228709691,True
Density,0.0009979919299967221,True
Density,0.001844891736750398,True
Density,0.003215295760186976,True
Density,0.0022488518439596206,True
Density,0.003145662503913016,True
Density,0.0036949971189983444,True
Density,0.0014261076765631486,True
Density,0.0026671161822529044,True
Density,0.001130054174751649,True
Density,0.0021472028946023514,True
Density,0.008854982775170939,True
Density,0.0004072226937958945,True
Density,0.0016593910676103718,True
Density,0.002627258553195233,True
Density,0.002986330370673862,True
Density,0.0026864923125113904,True
Density,0.009823150606910858,True
Density,0.006469132112223441,True
Density,0.0036087164924198945,True
Density,0.008698897657805738,True
Density,0.004221361144654878,True
Density,0.0009742987206813325,True
Density,0.002866828524369147,True
Density,0.0024384810434678883,True
Density,0.0056119243680265996,True
Density,0.005664844079805498,True
Density,0.0004357499769671591,True
Density,0.0018158167838988604,True
Density,0.0035395347044460124,True
Density,0.004901858338910436,True
Density,0.008541611120291392,True
Density,0.0030937104485015965,True
Density,0.0008445323421932827,True
Density,0.0008845908723289497,True
Density,0.004869995190691867,True
Density,0.0041752370247367665,True
Density,0.0020847051419208285,True
Density,0.00211345708318067,True
Density,0.0023928355303555193,True
Density,0.005476944595677047,True
Density,0.0016346854434052815,True
Density,0.00015645482628467988,True
Density,0.0005355072898227675,True
Density,0.002593043942791695,True
Density,0.0009067633825656785,True
Density,0.004535175421543691,True
Density,0.0003585257321967461,True
Density,0.0014782167901863374,True
Density,0.007632237764603644,True
Density,0.00026239368591429724,True
Density,0.0024042748707735484,True
Density,0.0038867077893405266,True
Density,0.0011147879856343579,True
Density,0.0012812372028827568,True
Density,0.0004921447594288253,True
Density,0.002604546968730581,True
Density,0.005377288323410667,True
Density,0.0029634557241546844,True
Density,0.001051975388829618,True
Density,0.0008245021672381725,True
Density,0.0030465010013864813,True
Density,0.002273616899482356,True
Density,0.0032615267484574773,True
Density,0.0015888633123610774,True
Density,0.00484371146658269,True
Density,0.0011054293251513414,True
Density,0.0022014858424901362,True
Density,0.0005531556723887832,True
Density,0.004394093384996189,True
Density,1.5833048611746392e-05,True
Density,0.0023164009599145885,True
Density,0.004664995391283178,True
Density,6.681065828217925e-05,True
Density,0.007652277108618932,True
Density,0.0018988276695948159,True
Density,9.345845664920915e-05,True
Density,0.0014260902042622092,True
Density,0.02195943379009524,True
Density,0.0008454603797876103,True
Density,0.004670604932385913,True
Density,0.005704315924264236,True
Density,0.002127175229499123,True
Density,0.005766815298658301,True
Density,0.0005502742473533218,True
Density,0.006948581949288268,True
Density,0.003104147332920526,True
Density,0.0007981906967078345,True
Density,0.005742476992049106,True
Density,0.007088139239916913,True
Density,0.0007429689126690064,True
Density,0.0013500001537689599,True
Density,0.00038236625301291127,True
Density,0.0069023237031613505,True
Density,0.008119022849895963,True
Density,0.0007725256033603856,True
Density,0.0012202545860722225,True
Density,0.00023263319909982982,True
Density,0.003218083572249064,True
Density,0.00017592409397693132,True
Density,0.0012298351338024816,True
Density,0.012140773810435768,True
Density,0.0049619328562648946,True
Density,0.004773555289727227,True
Density,0.009875764955143751,True
Density,0.0033763312166099624,True
Density,0.0017909762604464419,True
Density,0.0017982477319868906,True
Density,0.00016252948122197353,True
Density,0.0006190119658606719,True
Density,0.000629067790699267,True
Density,0.004193328222789283,True
Density,0.0012780238354412887,True
Density,6.291319106122018e-05,True
Density,0.03702490756871413,True
Density,0.002276011607788675,True
Density,0.0005583308736634152,True
Density,0.005343990650557906,True
Density,0.0038190636163912828,True
Density,0.0017943855451978408,True
Density,6.951271921451507e-05,True
Density,0.004018142272871117,True
Density,0.002293588227406218,True
Density,0.0013298322861743372,True
Density,0.011945744656896906,True
Density,0.001537793352721195,True
Density,0.002175375800137047,True
Density,0.0014128513108007112,True
Density,0.007903141181405893,True
Density,9.060768273627673e-05,True
Density,0.0024988307404187893,True
Density,4.524331430300066e-05,True
Density,0.0007208262971687418,True
Density,0.0038242679522833,True
Density,0.003933445379135314,True
Density,0.005544323866963019,True
Density,0.0035914666542931073,True
Density,0.0014615275150697826,True
Density,0.0026521573181508273,True
Density,0.002419467065315928,True
Density,0.0018063498733740246,True
Density,0.001056270066545295,True
Density,0.005215222895365024,True
Density,0.0027755791594632484,True
Density,0.005852736485556065,True
Density,0.0009708682520104261,True
Density,0.0033295730287443703,True
Density,0.0011558945268070886,True
Density,0.005581311994889759,True
Density,0.0017481961753018638,True
Density,0.0010436830071895997,True
Density,0.007964517464228216,True
Density,0.0015798176732930713,True
Density,0.0036782564693691455,True
Density,0.0028748583081119605,True
Density,0.0027538530815096607,True
Density,0.004512321063913305,True
Density,0.0010818930525475778,True
Density,0.00037227558028263275,True
Density,0.005307243083123581,True
Density,0.0018158750664589718,True
Density,0.00019445189017996967,True
Density,0.0025057089014097755,True
Density,0.001575431520199011,True
Density,0.001991170164771461,True
Density,0.004661060969127995,True
Density,0.002278957617415145,True
Density,0.0028715594306198966,True
Density,0.0018936432371878809,True
Density,0.0005489922571495498,True
Density,0.00530468716126542,True
Density,0.010261125756584555,True
Density,0.0006842344094142305,True
Density,0.004723072346938473,True
Density,0.00035712959108558096,True
Density,0.0008549352017999112,True
Density,0.004860886808740972,True
Density,0.001988926641438127,True
Density,0.001258902392253347,True
Density,0.020664776326612788,True
Density,0.005573271979031347,True
Density,0.007111528905535458,True
Density,0.00038628750069058526,True
Density,0.003471382077462337,True
Density,0.004592364879125732,True
Density,0.002089096688854042,True
Density,0.005728769766984776,True
Density,0.003349768317064239,True
Density,0.005443648917747623,True
Density,0.002500620730628178,True
Density,0.006894516317685451,True
Density,0.006867908481883234,True
Density,0.012827471626112974,True
Density,0.0007204029859853023,True
Density,0.013699955756893978,True
Density,0.00040722133708381847,True
Density,0.009359867550233325,True
Density,0.0013700179873863405,True
Density,0.002534002114606082,True
Density,0.001739935945900939,True
Density,0.0018301136075127289,True
Density,0.00021928109946411922,True
Density,0.001408095898755235,True
Density,0.0007170153595170703,True
Density,0.009304941333094341,True
Density,0.002196846538980779,True
Density,0.0033146128538348307,True
Density,0.0008324397900727476,True
Density,0.0010109474532864482,True
Density,0.004112692802620721,True
Density,0.003571030408495268,True
Density,0.005248072212062027,True
Density,0.0005301529804855321,True
Density,0.017484310721719964,True
Density,0.007030968659351267,True
Density,0.0013942106509361452,True
Density,0.009379004262411783,True
Density,0.0028176002631123964,True
Density,0.005651463826663594,True
Density,0.011382063983673696,True
Density,0.0020094728054456112,True
Density,0.0018887763611568076,True
Density,0.0060366258975976805,True
Density,0.0009503954358676125,True
Density,0.0008120860039904088,True
Density,0.0012563761007884366,True
Density,0.006808676821520976,True
Density,0.0015435380155617295,True
Density,0.0006084252724818384,True
Density,0.0004300512580810434,True
Density,0.0033874759934287013,True
Density,0.0016541877797466853,True
Density,0.0008015686884670359,True
Density,0.0012020958028777784,True
Density,0.002412361421042064,True
Density,0.0015392475964501884,True
Density,0.00554947841351261,True
Density,0.011381731162050102,True
Density,0.002721718044827348,True
Density,0.002838217850983149,True
Density,0.0016634947202947004,True
Density,0.0022860008904608264,True
Density,0.05678462863930722,True
Density,0.005756832039808479,True
Density,0.0017966947767895647,True
Density,0.009822744450748822,True
Density,0.00040299259826959144,True
Density,0.009980259562016869,True
Density,0.0016955709239274697,True
Density,0.002558732000079722,True
Density,0.0046462137674296855,True
Density,0.0037283501793918816,True
Density,0.004286812966340925,True
Density,0.004509427432967783,True
Density,0.002810026335179572,True
Density,0.008136780411528655,True
Density,0.004471704711420443,True
Density,0.0005359147132928399,True
Density,0.001934160912536953,True
Density,0.002646030982948133,True
Density,0.0023645266863301373,True
Density,0.01003123031999209,True
Density,0.0037903386016981955,True
Density,0.0017610797610760898,True
Density,0.0028677162086667707,True
Density,0.002104277298555779,True
Density,0.08214898256829084,True
Density,0.0047883901936423,True
Density,0.0022824940921264414,True
Density,0.0009073332140090429,True
Density,0.0003390623807355553,True
Density,0.004770786197917154,True
Density,0.005776868646416133,True
Density,0.003328335117590342,True
Density,0.002690335853962722,True
Density,0.005629056446307068,True
Density,0.004447976150011357,True
Density,0.0014248522463944369,True
Density,0.0031823799419790078,True
Density,0.0019207600439159478,True
Density,0.002515318375766462,True
Density,0.002108461521705074,True
Density,0.004534273334763306,True
Density,0.007181163417810943,True
Density,0.023455622806553222,True
Density,0.0015615605480352457,True
Density,0.0014248198286637148,True
Density,0.0012283706480245016,True
Density,0.0006866146205330992,True
Density,0.005304835745932657,True
Density,0.0014706146776299889,True
Density,0.0029629505200885475,True
Density,0.001415729927736642,True
Density,0.0015988074699944121,True
Density,0.002026614600093346,True
Density,0.005853617466684113,True
Density,0.008070288198707587,True
Density,0.0053458366205525465,True
Density,0.005111245963303368,True
Density,0.00042340037732735425,True
Density,0.0011868134225050397,True
Density,0.003693074514096395,True
Density,0.0024676076131990854,True
Density,0.005378800410738904,True
Density,0.0006124680242427516,True
Density,0.0011610484599771098,True
Density,0.004145096844522911,True
Density,0.007164936369103536,True
Density,0.0027256440396890014,True
Density,0.00663477349295416,True
Density,0.002124742750822861,True
Density,0.0004228232851515301,True
Density,0.02845236897658676,True
Density,0.004157042129296684,True
Density,0.0033484511460724065,True
Density,0.0017213661461505936,True
Density,0.0074061531858102825,True
Density,0.006483972786911707,True
Density,0.0018287676217694226,True
Density,0.00015536624901368867,True
Density,0.009909981544772073,True
Density,0.0010027619852630565,True
Density,0.0009750727498953893,True
Density,0.0030598045999514767,True
Density,0.0020423453868145813,True
Density,0.0004172794847283612,True
Density,0.0015243321763920292,True
Density,0.0018964017723526183,True
Density,0.009319738051154935,True
Density,0.012511259511735595,True
Density,0.004026829798896792,True
Density,0.001752849179347038,True
Density,0.0026135097753323677,True
Density,0.001020900834789451,True
Density,0.0007124803097040555,True
Density,0.007042844361672351,True
Density,3.9177953047087044e-05,True
Density,0.010529037966970023,True
Density,0.002338429400647435,True
Density,0.007719091363791897,True
Density,0.0031953283470045335,True
Density,0.003988367547278493,True
Density,0.00047206147386091857,True
Density,0.0046457583843819705,True
Density,0.008121927375439597,True
Density,0.0027690210675865856,True
Density,0.0013060984500281592,True
Density,0.00046342483013539493,True
Density,0.0031687272075826556,True
Density,0.0037531706478972637,True
Density,0.0008889257367297176,True
Density,0.000970836147850207,True
Density,0.008087660334514801,True
Density,0.0011244618616608193,True
Density,0.0030292726441087936,True
Density,0.0020241055532475016,True
Density,0.003718787590734074,True
Density,0.012260872915921261,True
Density,0.000708070591775467,True
Density,0.003019218813202329,True
Density,0.0008288761497432517,True
Density,0.002829006407184309,True
Density,0.012285147210746139,True
Density,0.00012404294973489272,True
Density,0.0022292012806097716,True
Density,0.003632983331208095,True
Density,0.0008278497597418166,True
Density,0.002108125233502456,True
Density,0.003561457936103629,True
Density,0.005126539135153152,True
Density,0.005067379434324337,True
Density,0.003041296501583801,True
Density,0.0030392217635384355,True
Density,0.003288784688082025,True
Density,0.005250910257828423,True
Density,0.0013175642707716761,True
Density,0.0003257562881762155,True
Density,0.00535109365287223,True
Density,0.0007376123842863791,True
Density,0.005826369676908527,True
Density,0.003372675919764312,True
Density,0.00030518403309365283,True
Density,0.01443476056287274,True
Density,0.0012478286255683813,True
Density,0.004493317179230516,True
Density,0.0006231800910434515,True
Density,0.0008339527143830239,True
Density,0.002743222768822662,True
Density,0.002338831875482228,True
Density,0.007911109970835106,True
Density,0.0009709004506257557,True
Density,0.0013336506038230667,True
Density,0.0030941993716613325,True
Density,0.00238124849052479,True
Density,0.0017996067402190619,True
Density,0.0062684411376920934,True
Density,0.0014080309712234396,True
Density,0.0003852658802578901,True
Density,0.000131701995279343,True
Density,0.013680444387657253,True
Density,0.0019120074810246024,True
Density,0.0008854515624285852,True
Density,0.005562282814961961,True
Density,0.0018753202842143324,True
Density,0.0016398654145408642,True
Density,0.0068782168078938,True
Density,3.9023088878487044e-05,True
Density,0.0012321284858076709,True
Density,0.011156442338558392,True
Density,0.00020357317055630375,True
Density,0.0005187026173549825,True
Density,0.0028667735146790108,True
Density,0.0018624710845340786,True
Density,0.0009770807753177735,True
Density,0.0002404198455190354,True
Density,4.993711506529053e-05,True
Density,0.0015711972085874493,True
Density,0.0032039795388119074,True
Density,0.00551507469864454,True
Density,0.002499032539896362,True
Density,0.0035511402150536497,True
Density,0.0027751803927218432,True
Density,0.0015903752769359514,True
Density,0.0004716601189018732,True
Density,0.000703408535270178,True
Density,0.001533491689482247,True
Density,0.008273178210857601,True
Density,0.0015792332977495604,True
Density,3.0593199268125204e-05,True
Density,0.0027890890008483993,True
Density,0.002289017035762342,True
Density,0.0015501950158265387,True
Density,0.0010390977575216453,True
Density,0.0016431689218308065,True
Density,0.001393304890610736,True
Density,0.0010768216975343137,True
Density,0.0021911773687994796,True
Density,0.003911040536384469,True
Density,0.0006499078806463388,True
Density,0.0006986056511975036,True
Density,0.0007599473708390647,True
Density,0.004820439383830255,True
Density,0.0002412752854876743,True
Density,0.006145937153853254,True
Density,0.0006398716654905101,True
Density,0.007290849619987938,True
Density,0.003266399019769217,True
Density,0.0006675966170623937,True
Density,0.001339931896962021,True
Density,2.4753742168037718e-05,True
Density,0.0019721692493304133,True
Density,0.005100189586141113,True
Density,0.0002803675306575215,True
Density,0.00510840187078454,True
Density,0.0018729337120362288,True
Density,0.0009962680967952053,True
Density,0.010678366719028887,True
Density,0.000990395046991388,True
Density,0.0071741336911275155,True
Density,0.001356099924710641,True
Density,0.0031052575437842123,True
Density,0.0001511470695518824,True
Density,0.0012407100398315052,True
Density,0.0012402577902106415,True
Density,0.002909137570025422,True
Density,0.004352108413979927,True
Density,0.002809934541722292,True
Density,0.0017394618828134867,True
Density,0.007772468982166103,True
Density,0.009092333678937692,True
Density,0.008699872268294051,True
Density,0.005361981232881341,True
Density,0.003560444292564746,True
Density,0.00094901162411265,True
Density,0.0006691386158701462,True
Density,0.0017971906107669966,True
Density,0.0007553149597345765,True
Density,0.009438652425789229,True
Density,0.0058241483068659505,True
Density,0.0014487316213269708,True
Density,0.02245092536430171,True
Density,0.008182509786933245,True
Density,0.010512805251784663,True
Density,0.00021366951004520018,True
Density,0.008664750363514884,True
Density,0.0036858264697787746,True
Density,0.00016251529223776373,True
Density,0.0035238171753668723,True
Density,0.0015529863752359319,True
Density,7.148027681136426e-05,True
Density,0.0029090621670526673,True
Density,0.0010327876746689668,True
Density,0.001521187999141027,True
Density,0.000767797721883845,True
Density,0.006767886704721171,True
Density,0.0009349402983804822,True
Density,0.0035739216718937428,True
Density,0.0033388133326903713,True
Density,0.0006837211966441714,True
Density,0.0041446258364112865,True
Density,0.005648084409964227,True
Density,0.0016254751104725074,True
Density,0.0007491601563085482,True
Density,0.005786375286139567,True
Density,0.0003823623092671369,True
Density,0.0018854019574119363,True
Density,0.0013599001816375633,True
Density,0.00042489237213505504,True
Density,0.0009941613594017795,True
Density,0.0009569864156739882,True
Density,0.00021511998099832397,True
Density,0.0026978517413942527,True
Density,0.010434589541448602,True
Density,0.0019158874267670711,True
Density,0.0009284771436890438,True
Density,0.004942380636919985,True
Density,0.004893348253536267,True
Density,0.002042849233460764,True
Density,0.00195598824665133,True
Density,0.004505697872166259,True
Density,0.00462589842072525,True
Density,0.004222407809820972,True
Density,0.002563092535946332,True
Density,0.005209559008054754,True
Density,0.0013360360218230838,True
Density,0.002758510871990083,True
Density,0.0016122865509968776,True
Density,0.0004945233685820227,True
Density,0.0004211099304773924,True
Density,0.000695726386775064,True
Density,0.008985101524556782,True
Density,0.0095605839326387,True
Density,2.2406260897334107e-05,True
Density,0.004768314520186223,True
Density,0.0007214829414685653,True
Density,0.004922001241476792,True
Density,0.0026688670693246763,True
Density,0.01367143083773481,True
Density,0.004389841100898018,True
Density,0.002712707622897881,True
Density,0.008853319533845827,True
Density,0.002018020430032408,True
Density,0.0007672419844340084,True
Density,0.0001410921747506677,True
Density,0.0011377721650562833,True
Density,0.007511948578971861,True
Density,0.004819744157806838,True
Density,0.0022011140853352984,True
Density,0.00356244339074685,True
Density,0.0011397632666572122,True
Density,0.0053687017094672385,True
Density,0.007287457598413205,True
Density,0.006191290463821275,True
Density,0.0032153470355753555,True
Density,0.0012058930030827142,True
Density,0.006493037445714833,True
Density,0.0027180772213499793,True
Density,0.0012960109314450463,True
Density,0.003583459851124182,True
Density,0.00847004988831479,True
Density,0.0005612381776423092,True
Density,0.001411928352680114,True
Density,0.004840343989700457,True
Density,0.000792484681078065,True
Density,0.0014558468188932139,True
Density,0.004963922046329117,True
Density,0.007106675976816135,True
Density,0.0018415705185530484,True
Density,0.0032310563604855957,True
Density,0.007820139086025968,True
Density,0.00030565426746065327,True
Density,0.006615646998759495,True
Density,0.004073086665844272,True
Density,0.001107675640120931,True
Density,0.0033969460884719638,True
Density,0.0002970196041855999,True
Density,0.0025476725126321043,True
Density,0.001910712415368998,True
Density,0.0014375911482629178,True
Density,0.004608589667838281,True
Density,0.0105656601326789,True
Density,0.003727527379921547,True
Density,0.005729213559853008,True
Density,0.005208459574538971,True
Density,0.0006939473218050551,True
Density,0.004505068866987649,True
Density,0.003227277370128512,True
Density,0.0007843915389624811,True
Density,0.004746314760705417,True
Density,0.0397963748454222,True
Density,0.003792811311885025,True
Density,0.0028194857973042886,True
Density,0.0031313372570878073,True
Density,0.0026755245849043874,True
Density,0.004987319894084408,True
Density,0.0006479366032650091,True
Density,0.0030464675869303903,True
Density,0.002523838605285711,True
Density,0.00199118682835131,True
Density,0.002697513457248668,True
Density,0.0017261736078237888,True
Density,0.0009861237799118072,True
Density,0.0027189149495034926,True
Density,9.107345746173223e-05,True
Density,0.0002793532705638313,True
Density,0.0018797292437646718,True
Density,0.004034099182837814,True
Density,0.019363417814274086,True
Density,0.0011272437231450994,True
Density,0.004040261471147666,True
Density,0.0011673613438576425,True
Density,0.009380935465472362,True
Density,0.006450073898930597,True
Density,0.0016646679708287593,True
Density,0.002374172613074599,True
Density,0.0014625935199585882,True
Density,0.006874535640091217,True
Density,0.0700550152258197,True
Density,0.005416299242923195,True
Density,0.004991064412399382,True
Density,0.0028916190116028417,True
Density,0.0004562166570316606,True
Density,0.0019168993839651094,True
Density,0.00357524883953797,True
Density,0.0005841567005147041,True
Density,0.0019521035257801245,True
Density,0.001688828651359664,True
Density,0.005336717533354296,True
Density,0.00015022596591851567,True
Density,0.004280541088324874,True
Density,0.007921231254009342,True
Density,0.0020984689882217467,True
Density,0.0026263425107186933,True
Density,0.004503365426105077,True
Density,0.005916168290672985,True
Density,0.0010928678684383186,True
Density,0.00816631408232471,True
Density,0.008910223437454512,True
Density,0.0032719754962799996,True
Density,0.008713126493260503,True
Density,0.004268986125173235,True
Density,0.038443045107556806,True
Density,0.00015829854330551285,True
Density,0.0012139536859745448,True
Density,0.003297845050208359,True
Density,8.63637027617159e-05,True
Density,0.0026974919859084068,True
Density,0.0009046456452495022,True
Density,0.0014590683346105138,True
Density,0.0009923471517527815,True
Density,0.0052642457043354796,True
Density,0.001461949384311545,True
Density,0.000950722209630328,True
Density,0.01025739373882395,True
Density,0.009409952968532309,True
Density,0.009685423829528084,True
Density,0.0001163022761971888,True
Density,0.0046633609538160314,True
Density,0.005899968403157985,True
Density,0.0047621900019567676,True
Density,0.004041662020149772,True
Density,0.0050321625830953565,True
Density,0.0060697242167107035,True
Density,0.004766010027672962,True
Density,0.002553055842978047,True
Density,0.006589010604482581,True
Density,0.0038712040077708565,True
Density,0.003997325865150891,True
Density,0.0012914087492434945,True
Density,0.002698481183522894,True
Density,0.005133137577565172,True
Density,0.005895521774971435,True
Density,0.0012565403618021165,True
Density,0.005536045573045989,True
Density,0.005666718097961265,True
Density,0.008231779912501125,True
Density,0.0028257930402730835,True
Density,7.770066873380443e-05,True
Density,0.00202271757093353,True
Density,0.0016522024521172796,True
Density,0.005711993520079339,True
Density,0.000544936230007842,True
Density,0.0010623925833481707,True
Density,0.005159914325213677,True
Density,0.0014981695456466326,True
Density,0.0009446798303116566,True
Density,0.0007614612450597136,True
Density,0.0021338841172884315,True
Density,6.678381663682842e-05,True
Density,0.01209890586054474,True
Density,0.004789888554308064,True
Density,0.00734044287156177,True
Density,0.0021246848792273454,True
Density,0.0003779538863417642,True
Density,0.00026277510104844026,True
Density,0.01828949771535182,True
Density,0.00016292630587688706,True
Density,0.0025757160571444615,True
Density,0.020561638900018053,True
Density,0.002179229247529335,True
Density,0.0010725083677058933,True
Density,0.0019793468304998285,True
Density,0.002136792167630297,True
Density,0.00026388165252555495,True
Density,0.002511949225041832,True
Density,0.003540885022266238,True
Density,0.0011681704166877083,True
Density,0.002739816365385117,True
Density,0.00444935552115755,True
Density,0.005678098692548872,True
Density,0.011925237452130588,True
Density,0.004400190256618863,True
Density,0.001158275494555383,True
Density,0.002251191237609973,True
Density,0.0022368281079945262,True
Density,0.0006189393098834373,True
Density,0.0005779364608970994,True
Density,0.0031308037339661254,True
Density,0.003502326709205583,True
Density,0.003337433913972454,True
Density,0.006918899569124726,True
Density,0.0028209292433771793,True
Density,9.157558568073654e-05,True
Density,0.0036716373782175182,True
Density,0.00020259199451189147,True
Density,0.00323673750682385,True
Density,0.00605333865392943,True
Density,0.004316355311796194,True
Density,0.003224392081219385,True
Density,0.002762804037658384,True
Density,0.0009135743599699708,True
Density,0.0005697025341149242,True
Density,0.004010752705393195,True
Density,0.0007686166736116107,True
Density,0.005091514132209873,True
Density,0.02965212114974669,True
Density,0.001554981185470261,True
Density,0.00394673596634032,True
Density,0.005632481773624853,True
Density,0.004044682212681394,True
Density,0.003037009883156472,True
Density,0.0011930158848487693,True
Density,0.00033890933735403195,True
Density,0.0052246211113367025,True
Density,0.005125628259914805,True
Density,0.00039103508461213465,True
Density,0.003529505927492238,True
Density,0.0011506288031073453,True
Density,0.0015725225321840952,True
Density,0.0023658873067917696,True
Density,0.003277002160362308,True
Density,0.0008586193356689975,True
Density,0.00027707930879738996,True
Density,0.006935628999039878,True
Density,0.003970631665818125,True
Density,0.0014056490438383307,True
Density,0.004070712092225648,True
Density,0.004820417061017324,True
Density,0.0010780752021855022,True
Density,0.0025123368718107386,True
Density,0.0059142938870726525,True
Density,0.006851225042979969,True
Density,0.008372852492017913,True
Density,0.0023397086139596013,True
Density,0.0033683359394371948,True
Density,0.0001545232426156673,True
Density,0.0001958411912239555,True
Density,0.004778504175637188,True
Density,0.004765578915423063,True
Density,0.0009202873567843994,True
Density,0.0027927611953018072,True
Density,0.002655921859335386,True
Density,0.0005822336400242989,True
Density,0.000781493461804672,True
Density,0.0014542633675258543,True
Density,0.007361865987197014,True
Density,0.004042619635353795,True
Density,0.006167961435847857,True
Density,0.004351605617422649,True
Density,0.0022159042339247037,True
Density,0.012251517038646575,True
Density,0.0032917361799418288,True
Density,0.03360601037484301,True
Density,0.002601124619698858,True
Density,0.007059072844070258,True
Density,0.0004320649678657418,True
Density,0.001775177620057633,True
Density,0.005997625513435523,True
Density,0.0013762083442401263,True
Density,0.0012226462831126383,True
Density,0.0032996057310334947,True
Density,0.002991659561189408,True
Density,0.0014357161715397027,True
Density,0.001989324342333454,True
Density,0.008496298786360157,True
Density,0.004228046882312597,True
Density,0.0009312960084582045,True
Density,0.009062360516542078,True
Density,0.0048170542776651,True
Density,0.003509994084444301,True
Density,0.0011044318775788042,True
Density,0.0026737134996990264,True
Density,0.007979341941308782,True
Density,0.027596970960320988,True
Density,0.003295947969361279,True
Density,0.01019567669861221,True
Density,0.008028489070682987,True
Density,0.009822944411840062,True
Density,0.001233093595477186,True
Density,0.00037489562133430354,True
Density,0.003341159298908991,True
Density,0.0013805736560339454,True
Density,0.003247303447080796,True
Density,0.0070819526596412885,True
Density,0.007514073619557138,True
Density,0.00482424937113457,True
Density,0.006148762832107302,True
Density,0.03974680510091044,True
Density,0.0009217169118720392,True
Density,0.00399487537025589,True
Density,0.0035003661676054065,True
Density,0.003701075266241638,True
Density,0.0029086705394822943,True
Density,0.03594834425823912,True
Density,0.00036286191430523473,True
Density,0.002571187341137815,True
Density,0.00408170042185052,True
Density,0.004560067418314162,True
Density,0.007885066406866592,True
Density,0.0008701630015632844,True
Density,0.0036307849551651117,True
Density,0.0020118646630784554,True
Density,0.0013656695480985803,True
Density,0.003795169966612555,True
Density,0.0011558003747298429,True
Density,0.010007296818570488,True
Density,0.003955910783061789,True
Density,3.423560878790255e-05,True
Density,0.0005289042721567938,True
Density,0.0011378028163893106,True
Density,0.002566355848040658,True
Density,0.0013886539984522273,True
Density,0.00036097553810865435,True
Density,0.00226969347957251,True
Density,0.0032491166456356524,True
Density,0.0024925011115897178,True
Density,0.000607523413203026,True
Density,0.001702301027159514,True
Density,0.00045869514653862353,True
Density,0.004373557370185743,True
Density,0.0056080580740536234,True
Density,0.00264968837130386,True
Density,6.6802957068290425e-06,True
Density,0.008557782940345149,True
Density,0.0046329793429338295,True
Density,0.0038104020356257706,True
Density,0.006013443208747304,True
Density,0.0003126896315279737,True
Density,0.001012326661148144,True
Density,0.011190895812310586,True
Density,0.0032720748853130033,True
Density,0.0002231795391853808,True
Density,0.0012535698641551463,True
Density,0.00028563640625201003,True
Density,0.0024180530370871978,True
Density,0.001624483115921116,True
Density,0.0020427114353518405,True
Density,0.008073923300408126,True
Density,0.0036354384018242314,True
Density,0.007657400075841814,True
Density,0.003104813939646789,True
Density,0.007520152893365051,True
Density,0.008152914653313914,True
Density,0.006299935044768112,True
Density,0.004434132460390927,True
Density,0.004736897949441321,True
Density,0.005372493384860455,True
Density,0.00045684380718835627,True
Density,0.006062550859349258,True
Density,0.04193536667250086,True
Density,0.0005889215068277664,True
Density,0.0022514846107153375,True
Density,0.004408309426219503,True
Density,0.0022940847270831455,True
Density,0.0018533896518659887,True
Density,0.002403809767585585,True
Density,0.0007925500550358677,True
Density,0.004994045260169777,True
Density,0.0019745798624839495,True
Density,0.00827402244185027,True
Density,0.0015711443604704556,True
Density,0.004280610643515814,True
Density,0.0008788481099601952,True
Density,0.0017705490849886374,True
Density,0.001080978609466321,True
Density,0.002681791850337234,True
Density,0.0005594375299580179,True
Density,0.017035498488867873,True
Density,0.006357613496851933,True
Density,0.0056848055637246375,True
Density,0.003886804864847271,True
Density,0.0025243267711214656,True
Density,0.0025887273537765765,True
Density,0.0006240183793000398,True
Density,0.0040422357444160895,True
Density,0.0012407057135233046,True
Density,0.010062543806276913,True
Density,0.0014395859298463876,True
Density,0.004482168806795528,True
Density,0.00043579674733518203,True
Density,0.0015230303609916618,True
Density,0.002999812043534611,True
Density,0.0021619039030378318,True
Density,0.000772495992438671,True
Density,0.0006437350482757509,True
Density,0.00536246830904652,True
Density,0.002388948578144756,True
Density,0.003274531185390117,True
Density,0.009310850650441793,True
Density,0.004521284604716236,True
Density,0.002405177347190701,True
Density,0.00506157239125038,True
Density,0.003148587689435267,True
Density,0.01743273694425085,True
Density,0.002679726650019809,True
Density,0.001181043240355173,True
Density,0.008758084147950207,True
Density,0.0025711321734736003,True
Density,0.00019202472396884218,True
Density,0.0017790829510486716,True
Density,0.0012678913036108241,True
Density,0.0008713117241345714,True
Density,0.04351000444328079,True
Density,0.004424191929425447,True
Density,0.0012100815319264768,True
Density,0.003433389102397655,True
Density,0.0006470480799896094,True
Density,0.002385197185182264,True
Density,0.0028796887394193504,True
Density,0.003805064761830401,True
Density,0.0021238820965781002,True
Density,0.0034537556859763896,True
Density,0.00504113942169937,True
Density,0.0025978167799811658,True
Density,0.0013694297276813927,True
Density,0.002162430156994688,True
Density,0.001045133636780271,True
Density,0.0011793688529913027,True
Density,0.012130723982922476,True
Density,0.0022086426475063092,True
Density,0.011589126020511209,True
Density,0.00362167850722539,True
Density,0.0014686232164144997,True
Density,0.004714919853391564,True
Density,0.003570049933202313,True
Density,0.0026779409924371222,True
Density,0.015415604315038856,True
Density,0.004781802147999059,True
Density,0.0030642182988671607,True
Density,0.004073560447806379,True
Density,0.0013646355982555036,True
Density,0.002764780699576086,True
Density,0.001517689029902236,True
Density,0.0004225341871064714,True
Density,0.005219273154326132,True
Density,0.003424733272520797,True
Density,0.0065279713550090435,True
Density,0.00040197421689036616,True
Density,0.0010876322860404741,True
Density,0.0040737340313068415,True
Density,0.009201965728268924,True
Density,0.0035332959259104513,True
Density,0.000984954493469914,True
Density,0.006319050933328185,True
Density,0.0025558758800174886,True
Density,0.0013405270965707317,True
Density,0.008921220050670087,True
Density,0.001438655003099143,True
Density,0.010059877331602962,True
Density,0.002129642382465491,True
Density,0.0021940468232823918,True
Density,0.009265879439253943,True
Density,0.0006070581555048804,True
Density,0.00019296809135127546,True
Density,0.001999077211317868,True
Density,0.0005264750191527057,True
Density,0.0018209683328480608,True
Density,0.002785149062561665,True
Density,0.0044002242604053166,True
Density,0.003670687319389465,True
Density,0.001864933249015266,True
Density,0.0017199079810295004,True
Density,0.005374973076219369,True
Density,0.0019097041129336745,True
Density,0.0008001434043416467,True
Density,0.0011955432456147719,True
Density,0.01203999779921272,True
Density,1.2470732291269826e-05,True
Density,0.004587265761903936,True
Density,0.004206196470809331,True
Density,0.0010994438535361084,True
Density,0.00011212046293973543,True
Density,0.0025620106040982193,True
Density,0.0058630028987254335,True
Density,0.0019959977656949235,True
Density,0.000696715629634248,True
Density,0.0025650392582345916,True
Density,0.005753935376223929,True
Density,0.005898996516826571,True
Density,0.009609337351501601,True
Density,0.002635421867208443,True
Density,0.001611659418347955,True
Density,0.0033588258606478405,True
Density,0.0001468645007722813,True
Density,0.0067453838556801315,True
Density,0.010093278995062072,True
Density,0.0016451692641012983,True
Density,0.0010342824954685526,True
Density,0.007252563620524732,True
Density,0.005739315465397965,True
Density,0.0018974718125575052,True
Density,0.021546886716419245,True
Density,0.03917545595285343,True
Density,0.006664077578640182,True
Density,0.0007815682042977556,True
Density,0.011768767946676917,True
Density,0.010759310164626612,True
Density,0.00740384327253274,True
Density,0.0007618553349315604,True
Density,0.0004510650622426837,True
Density,0.0038838397992311258,True
Density,0.008715121799022008,True
Density,0.0018048265286418896,True
Density,0.00028460119024042996,True
Density,7.290479544597162e-05,True
Density,0.002230739135545612,True
Density,0.006746227082061296,True
Density,0.0014925228191033924,True
Density,0.0014464238395106577,True
Density,0.005856128683758399,True
Density,0.004113166079369179,True
Density,0.000881680400523166,True
Density,0.0008186794806288589,True
Density,0.0007625676290556882,True
Density,0.007669562206100267,True
Density,0.0022320347038284893,True
Density,0.004613836158001483,True
Density,0.00019830575912305193,True
Density,0.0009575040585749761,True
Density,0.004638577092369367,True
Density,0.005430709317808535,True
Density,0.000770537011971939,True
Density,0.0023760646559018994,True
Density,0.0020389545792580677,True
Density,0.0005865810240370806,True
Density,0.0036559370559254845,True
Density,0.0022869870374853107,True
Density,0.006688727766372082,True
Density,0.005054528818043025,True
Density,0.0022278455368649475,True
Density,0.001311680494376688,True
Density,0.005806529278810757,True
Density,0.00015308574462835622,True
Density,0.0019993576233678922,True
Density,0.012223837021425155,True
Density,0.007601161827094138,True
Density,0.001757549696924876,True
Density,0.002478110232638109,True
Density,0.002778627517356469,True
Density,0.0017557093433149262,True
Density,0.012590308494576874,True
Density,0.0008567654364943778,True
Density,0.0018157640381337714,True
Density,0.0020432640656382617,True
Density,0.003296260396053796,True
Density,0.00013439485507849014,True
Density,0.0028200586885951395,True
Density,0.0028248539080140134,True
Density,0.0002675489471783976,True
Density,0.0036578308522008385,True
Density,7.400404189539245e-05,True
Density,0.004953351132011008,True
Density,0.0002903906115268029,True
Density,0.0009979824878127985,True
Density,0.0007615039001400703,True
Density,0.0020690192632430993,True
Density,0.0003080691215284759,True
Density,0.0011450045983236734,True
Density,0.0016593206386792403,True
Density,0.002249751647870113,True
Density,0.001841561680409498,True
Density,0.002096382447627221,True
Density,0.0007967909834913911,True
Density,0.00305309491084671,True
Density,0.0016569586512655832,True
Density,0.00022430312092769356,True
Density,0.0023007715183807065,True
Density,0.004547167256768958,True
Density,0.008399466854198678,True
Density,0.009568199102346853,True
Density,0.008815366169851124,True
Density,0.0005044901165067728,True
Density,0.0021071572393820404,True
Density,0.003156271413785383,True
Density,0.0021947808645181865,True
Density,0.0010523847611851878,True
Density,0.0033797638688071174,True
Density,9.163430030589836e-05,True
Density,0.002818172129869012,True
Density,0.004508138681739382,True
Density,0.002702295439645397,True
Density,0.0005450226671444014,True
Density,0.003858638335459297,True
Density,0.009392246791160908,True
Density,0.0016231939593760458,True
Density,0.0015578452195672554,True
Density,0.002730354199556473,True
Density,0.0002690488679677472,True
Density,0.002702255806277698,True
Density,0.0002647723581796768,True
Density,0.15124312707976895,True
Density,0.02845763085327846,True
Density,0.0012102409519165747,True
Density,0.0013041029318552333,True
Density,0.0021826220210616754,True
Density,0.05664162495707714,True
Density,0.0010748843237244898,True
Density,0.006348651113067483,True
Density,0.0059642164016464605,True
Density,0.0005582547821889605,True
Density,0.00856116241156002,True
Density,0.004827060548005413,True
Density,0.004683008999554872,True
Density,0.0012597713047810544,True
Density,0.002874354138402424,True
Density,0.044959990716519016,True
Density,0.006056361468184335,True
Density,0.005030631175836575,True
Density,0.0009879086859472253,True
Density,0.004880362756450651,True
Density,0.0011176727393333863,True
Density,0.004367291670281048,True
Density,0.005638086798897213,True
Density,0.0024189081163621395,True
Density,0.0003938759749964049,True
Density,0.00022040877038964624,True
Density,0.0017299283845728652,True
Density,0.010007931281614368,True
Density,6.192612178068657e-05,True
Density,0.004797995414912215,True
Density,0.022354612084279246,True
Density,0.0030622529934314358,True
Density,0.007575946965863167,True
Density,0.0026298790468519684,True
Density,0.00241438474474176,True
Density,9.624495776172637e-05,True
Density,0.0015015652430481197,True
Density,0.0035346624593897147,True
Density,0.0028466401872391245,True
Density,0.0008898179395613326,True
Density,0.0022945918967902657,True
Density,0.013990402591352868,True
Density,3.867256263401231e-05,True
Density,0.001231300384227474,True
Density,0.0005578777441224148,True
Density,0.005493152408106106,True
Density,0.023261541809083575,True
Density,0.001340886303255573,True
Density,0.002108629263647188,True
Density,0.002629732316422384,True
Density,0.0023889006082029596,True
Density,0.00019171882013502284,True
Density,0.0016504091367339768,True
Density,0.002445261534901988,True
Density,0.0036778190970725433,True
Density,0.006637942213596482,True
Density,0.0012716151868383818,True
Density,0.001581693307522336,True
Density,0.0028080443637987784,True
Density,0.0020003582469918513,True
Density,0.007640749123316581,True
Density,0.24470762177983918,True
Density,0.0018654549709609114,True
Density,0.0025114459284036883,True
Density,0.037775980694367384,True
Density,0.0018030135743165587,True
Density,0.0019187141344838565,True
Density,0.00393250826083591,True
Density,0.0006923467159953844,True
Density,0.0032238162344615517,True
Density,0.0024876885138462868,True
Density,0.0007787182622713829,True
Density,0.00012824580495340854,True
Density,0.002955967984560104,True
Density,0.0022744804891603465,True
Density,0.005460260449464016,True
Density,0.0024110275688444816,True
Density,0.0035443232771878996,True
Density,0.0013402787940659522,True
Density,0.0010200574978576071,True
Density,0.0010337277132563827,True
Density,0.000869253995691821,True
Density,0.005961906817125495,True
Density,0.0022477994588570027,True
Density,0.0043725185994247795,True
Density,0.004209035574571196,True
Density,0.005168875512289617,True
Density,0.006791086001022073,True
Density,0.00943854387758769,True
Density,0.0035713236289769412,True
Density,0.0024466670789990985,True
Density,0.0019091739805343622,True
Density,0.0014580543505200438,True
Density,0.002062780089566729,True
Density,0.00042867508579114144,True
Density,0.004701740557192302,True
Density,0.0018354171647629869,True
Density,0.001913506988737268,True
Density,0.005380097659758221,True
Density,0.002248833118633442,True
Density,0.00475553871879697,True
Density,0.0027480553441412425,True
Density,0.001004203550874827,True
Density,0.0013471240599836065,True
Density,0.001991667512315942,True
Density,0.0008367129152304642,True
Density,0.002818696616809113,True
Density,0.0013133061290311332,True
Density,0.003871281649029612,True
Density,0.0026650714079421434,True
Density,0.0019374151622821856,True
Density,0.0034631715114672446,True
Density,0.003468185172037508,True
Density,0.000679560659566647,True
Density,0.007025167379292263,True
Density,0.0009027775635956914,True
Density,0.0013532953924633162,True
Density,7.151094288015969e-05,True
Density,0.009337902729467551,True
Density,0.001342662498347913,True
Density,0.0060730125909636,True
Density,0.004007748324615257,True
Density,0.004390234843962837,True
Density,0.005021973960837478,True
Density,0.00026229479944994694,True
Density,0.00283477077804406,True
Density,0.00041627022485002385,True
Density,0.0007506087422237684,True
Density,0.001277452557604697,True
Density,0.01278022047335714,True
Density,0.007019926949557664,True
Density,0.00016172643739675863,True
Density,0.007346621874421366,True
Density,0.0008931405642220724,True
Density,0.002222643225342047,True
Density,0.003153809662221896,True
Density,0.0016559471980199802,True
Density,0.0030846117789842253,True
Density,0.001127262166621179,True
Density,0.004784624790977965,True
Density,0.0038223177387344265,True
Density,0.0053343797862064335,True
Density,0.0018496314463680719,True
Density,0.0023022648736148454,True
Density,0.0008493064508252601,True
Density,0.002745148723927393,True
Density,0.0017690387727098411,True
Density,0.0017258012230261244,True
Density,0.0007280526570880852,True
Density,0.0010833440492579172,True
Density,0.0019817733021980644,True
Density,0.0016612370110200558,True
Density,0.0021486339554366296,True
Density,0.0036458500839877672,True
Density,0.006773783203152917,True
Density,0.0018343695833911156,True
Density,0.0006294199418892532,True
Density,0.0043696246996054455,True
Density,0.004132879241503851,True
Density,0.0034152625148067273,True
Density,0.0013990013685658553,True
Density,0.0009393422686816422,True
Density,0.0007133129616603284,True
Density,0.003238191373061028,True
Density,0.0008917364149612084,True
Density,0.004611475798240505,True
Density,0.003470986323428349,True
Density,0.0032276864412672523,True
Density,0.003506220805220117,True
Density,0.009051916544594363,True
Density,0.004287713672145976,True
Density,0.0020289757763993777,True
Density,0.0010470648698577278,True
Density,0.003768013025721828,True
Density,0.010738037271970313,True
Density,0.002738902981701763,True
Density,0.0014222968931010271,True
Density,0.002356031676160164,True
Density,0.0033311891659266735,True
Density,0.002093751634619778,True
Density,0.002470105919853083,True
Density,0.009213437105474398,True
Density,0.009721293972075884,True
Density,0.008104836200787169,True
Density,0.00678211849523791,True
Density,0.00318330665212585,True
Density,0.0023254984710883164,True
Density,0.004048319832860692,True
Density,0.005003504120496771,True
Density,0.0004773303392555661,True
Density,0.006041576748179622,True
Density,0.0070132236777347146,True
Density,0.0035509954017420853,True
Density,0.004320188194435026,True
Density,0.006567521545498778,True
Density,0.0036549472940707872,True
Density,2.9003225504808938e-05,True
Density,0.006040084705490223,True
Density,0.006744476317753545,True
Density,0.06035957672714254,True
Density,0.0003614848548290084,True
Density,0.0016531372591339633,True
Density,0.0075639401592706434,True
Density,0.0033817736599957016,True
Density,0.002387411516334481,True
Density,0.000606091626742078,True
Density,0.004646347759989844,True
Density,0.0032516609575496958,True
Density,0.004439313261439537,True
Density,0.005302901881792721,True
Density,0.002346120710925881,True
Density,0.004132167941158116,True
Density,0.006539241845230137,True
Density,0.00014399042796053863,True
Density,0.0054282531843314885,True
Density,0.0035170959746162467,True
Density,0.009499061190614277,True
Density,0.0007181188336682354,True
Density,0.0113557260035142,True
Density,0.00960396422459553,True
Density,0.006464084874598264,True
Density,0.0008077501903240858,True
Density,0.003031264489136376,True
Density,0.0005889686792190929,True
Density,0.004207568862973687,True
Density,0.003394058119979171,True
Density,0.002787901373879187,True
Density,0.011271430828871942,True
Density,0.0010379700055862529,True
Density,0.0013594693073475383,True
Density,0.0025100153827839478,True
Density,0.007253737776299118,True
Density,0.0023417004677437347,True
Density,0.0046254160130585475,True
Density,0.0012826748372418706,True
Density,0.0011939225271415665,True
Density,0.0021592892747896997,True
Density,0.003696814609286392,True
Density,0.015907242420441392,True
Density,0.01573946397646875,True
Density,0.001733251095243915,True
Density,0.0006580362378505455,True
Density,0.0012903553079963714,True
Density,0.0041618300306272005,True
Density,0.004237589408189635,True
Density,0.0040325243116727805,True
Density,0.0025888097410513566,True
Density,0.0014604607926891333,True
Density,0.0030880663913643858,True
Density,4.384019910919079e-05,True
Density,0.0047985336357578845,True
Density,0.0023565173376729476,True
Density,0.013131693335619588,True
Density,0.006012926142592967,True
Density,0.00038926539018024897,True
Density,0.0012220333405323913,True
Density,0.0010546353831362154,True
Density,0.008846786947639629,True
Density,0.0037345656022145235,True
Density,0.0015574444977373147,True
Density,0.002824772762959782,True
Density,0.00042291516228853965,True
Density,0.003377378070629433,True
Density,0.001790152360845454,True
Density,0.0035962476403383903,True
Density,0.0033130933747012037,True
Density,0.0015411780016894028,True
Density,0.006318540598402755,True
Density,0.0005239241766448188,True
Density,0.003355544317556358,True
Density,0.016774250563645232,True
Density,0.0010303768394743784,True
Density,0.0014834125263929465,True
Density,0.00012962223272694473,True
Density,0.000251800114368983,True
Density,0.0027832858218683754,True
Density,0.0062879980901753285,True
Density,0.002241120972475308,True
Density,0.007028573167128016,True
Density,0.00296835560584352,True
Density,0.004833279887831665,True
Density,0.0038619298634126054,True
Density,0.0020045959829060322,True
Density,0.0003603737546074015,True
Density,0.0022654514071769327,True
Density,0.01647614549986809,True
Density,0.0015676777666593367,True
Density,0.0022063916906338576,True
Density,0.005681907666789776,True
Density,0.011466116599446075,True
Density,0.05237721704439924,True
Density,0.010952995006507926,True
Density,0.0006752770538343,True
Density,0.0038476519452501634,True
Density,0.0027925251996441247,True
Density,0.004526493082318339,True
Density,0.006034756805432195,True
Density,0.00035515015230025426,True
Density,0.0048700566962871505,True
Density,0.0029044765092089975,True
Density,0.0014977572137677697,True
Density,0.0007060510805034781,True
Density,0.001012861838374235,True
Density,0.0034136271759859227,True
Density,0.0012730766948267913,True
Density,0.001480562802296248,True
Density,0.0017953685298737199,True
Density,0.003258725270213425,True
Density,0.0012507053747050634,True
Density,0.003706907354322553,True
Density,0.0017471442478775856,True
Density,0.0006293277070898995,True
Density,0.0012518038995823488,True
Density,0.0011834325039803417,True
Density,0.00065367247395276,True
Density,0.0019364157409169636,True
Density,0.0005488646128766206,True
Density,0.0076017639964689465,True
Density,0.0017724456917660447,True
Density,0.006922120235594242,True
Density,0.0033635419679631795,True
Density,0.006845483247582607,True
Density,0.006528778098870092,True
Density,0.0020847069060145884,True
Density,0.0063976744800644525,True
Density,0.001951709478153596,True
Density,0.003773165117060273,True
Density,0.0024228241777697335,True
Density,0.005349194801552493,True
Density,0.004762185421102849,True
Density,0.0001963319417432885,True
Density,0.003707367379667481,True
Density,0.0006995346010256753,True
Density,0.0029011190679746335,True
Density,0.0030535942597689214,True
Density,0.003846247506491096,True
Density,0.0011142532505177272,True
Density,0.00019549647402161696,True
Density,0.005287608545540223,True
Density,0.001875480672246077,True
Density,0.00439488103153618,True
Density,0.0011563021313971689,True
Density,0.002870023964105073,True
Density,0.0002232344153503263,True
Density,0.00035095283917918607,True
Density,0.00025459913324077377,True
Density,0.0016135445365224044,True
Density,0.0008830733537283919,True
Density,0.0034308484418126284,True
Density,0.00012870544190413113,True
Density,0.0006589890153971822,True
Density,0.0001268093914159607,True
Density,0.005512814954972356,True
Density,0.0017548052346310072,True
Density,0.0033487833705692083,True
Density,0.006519332038045,True
Density,0.001261726277490105,True
Density,0.0006233735722869227,True
Density,0.0026454568273841517,True
Density,0.0008635791880564625,True
Density,0.00324442192126817,True
Density,0.0018234070829103999,True
Density,0.009165207335430026,True
Density,0.0007914691166366339,True
Density,0.003403512252563523,True
Density,0.003125122844573447,True
Density,2.012327950939863e-05,True
Density,0.0028804581731627366,True
Density,0.012507956304224521,True
Density,0.05899722694534315,True
Density,0.0004982387672480826,True
Density,0.005236550865561185,True
Density,0.006087764892415137,True
Density,0.0014576339743834765,True
Density,0.007477258536555453,True
Density,0.0018178131952293342,True
Density,0.0019612807323978743,True
Density,0.001972627097039492,True
Density,0.0011243561502318755,True
Density,0.0049267553623462135,True
Density,0.005454358225864375,True
Density,0.0013585396127862026,True
Density,0.00880713540667255,True
Density,0.0012879758334882752,True
Density,0.0016469996207852944,True
Density,0.0017791002088491936,True
Density,0.0014152509575442451,True
Density,0.0037498990538749055,True
Density,0.0001721971407047107,True
Density,0.0018777734594834783,True
Density,0.0030827860352280467,True
Density,0.0041775143039197715,True
Density,0.0008076912023273763,True
Density,0.0006151159142859797,True
Density,0.0025367618444018802,True
Density,0.0022691952142723792,True
Density,0.0012058756090400635,True
Density,0.0039272088174477915,True
Density,0.004328099323453571,True
Density,0.0007667828898609841,True
Density,0.0018099282382264548,True
Density,0.003384712019673053,True
Density,0.00136939908346978,True
Density,0.001558304628628271,True
Density,0.021278820982812086,True
Density,0.010216309583320538,True
Density,0.0003329146339288158,True
Density,0.0037148960089465888,True
Density,0.0013083323340623565,True
Density,0.001195862834616257,True
Density,0.0013309886290677753,True
Density,0.005236266426419611,True
Density,0.0009637835282774176,True
Density,0.0025296788469511,True
Density,0.010599593123749251,True
Density,0.0033211788892657523,True
Density,0.02637954307298962,True
Density,0.0006875725683936906,True
Density,0.0006808602472956338,True
Density,0.0008744307959647202,True
Density,0.0022139055019732012,True
Density,0.0002884257516866384,True
Density,0.0011171448667566253,True
Density,0.004693037586425142,True
Density,0.008610639872955517,True
Density,0.008586797674638547,True
Density,0.0001622552593332216,True
Density,0.003965379231426702,True
Density,0.0018820793481966192,True
Density,0.004109521704156016,True
Density,0.001002823404943065,True
Density,0.0043416379483751655,True
Density,0.00266785232428024,True
Density,0.006805889864581083,True
Density,0.0035891369591496414,True
Density,0.0028142648543765247,True
Density,0.007927429854410306,True
Density,0.0025042287990171275,True
Density,0.0002622475107765254,True
Density,2.6206729897282344e-05,True
Density,0.017001224051115038,True
Density,0.0011407186048453255,True
Density,0.0115042379429946,True
Density,0.0001689259362036566,True
Density,0.0043186511762387525,True
Density,0.006050635236598545,True
Density,0.0039177078765186835,True
Density,0.005459356604962551,True
Density,0.009567174572778114,True
Density,0.001131116426810408,True
Density,0.0002104156679880731,True
Density,0.002869656221013095,True
Density,0.003075769248381377,True
Density,0.005511750573918839,True
Density,0.003046043680240196,True
Density,0.0008983363781851494,True
Density,0.006022028251348566,True
Density,0.005349110675573421,True
Density,0.00850767066841751,True
Density,0.004056369336153942,True
Density,0.007023222175423172,True
Density,0.00033234510920099325,True
Density,0.003918525662133909,True
Density,0.0040101475364267,True
Density,0.003091821048688992,True
Density,0.00401494843589667,True
Density,0.0032085996897519564,True
Density,0.002720760392554311,True
Density,0.001691841763635793,True
Density,0.0012845557113454475,True
Density,0.000778670638529988,True
Density,0.004387282077810362,True
Density,0.003949193746185742,True
Density,0.012996215786547083,True
Density,0.0008555819130782183,True
Density,0.002034232036726813,True
Viscosity,0.1326832519275909,True
Viscosity,0.08744272525405927,True
Viscosity,0.018156943709193962,True
Viscosity,0.024886695687389437,True
Viscosity,0.23898282156844308,True
Viscosity,0.05547920376489657,True
Viscosity,0.023833226475380886,True
Viscosity,0.09321262792756047,True
Viscosity,0.21085560930961122,True
Viscosity,0.02549532556044598,True
Viscosity,0.06712975284268818,True
Viscosity,0.07805617384210661,True
Viscosity,0.19820006110535093,True
Viscosity,0.5835363663969426,True
Viscosity,0.0010833103538518962,True
Viscosity,0.053166469304287034,True
Viscosity,0.05930712307537456,True
Viscosity,0.03912643759597856,True
Viscosity,0.15533932207702794,True
Viscosity,0.006526506964517509,True
Viscosity,0.089477105712235,True
Viscosity,0.0389332157369493,True
Viscosity,0.2991086059538608,True
Viscosity,0.03796158265301752,True
Viscosity,0.07588724880323294,True
Viscosity,0.04468444945720229,True
Viscosity,0.07173672339315273,True
Viscosity,0.038059729194183545,True
Viscosity,0.06014752800174206,True
Viscosity,0.1249285127894465,True
Viscosity,0.031944294201697865,True
Viscosity,0.0069398322307407945,True
Viscosity,0.007069572154731141,True
Viscosity,0.05948468715747213,True
Viscosity,0.07942060550481189,True
Viscosity,0.09190010501658641,True
Viscosity,0.003211543078255108,True
Viscosity,0.04490449784956274,True
Viscosity,0.011905882730099293,True
Viscosity,0.5249188027009115,True
Viscosity,0.18256413793851944,True
Viscosity,0.00210402508768448,True
Viscosity,0.06344493157402331,True
Viscosity,0.07986049455381616,True
Viscosity,0.027354714450944506,True
Viscosity,0.11623418002923325,True
Viscosity,0.2484128001146657,True
Viscosity,0.017960345101482478,True
Viscosity,0.07771021900817177,True
Viscosity,0.28251806770243304,True
Viscosity,1.3102257035378067,True
Viscosity,0.003956012220270311,True
Viscosity,0.059348696551327684,True
Viscosity,0.17709322763241098,True
Viscosity,0.11501055373770486,True
Viscosity,0.007267953164895147,True
Viscosity,0.11014598712782853,True
Viscosity,0.02698492551667314,True
Viscosity,0.4292750104833878,True
Viscosity,0.059523093864684906,True
Viscosity,0.09775842054934314,True
Viscosity,0.10483341687125414,True
Viscosity,0.15446148866404474,True
Viscosity,0.035273729948077204,True
Viscosity,0.1353678783837582,True
Viscosity,0.1623923829999474,True
Viscosity,0.03432694662538838,True
Viscosity,0.0852853290108686,True
Viscosity,0.18899566388164768,True
Viscosity,0.014081166386231359,True
Viscosity,0.017915263459019393,True
Viscosity,0.015053292705736965,True
Viscosity,0.530381519676991,True
Viscosity,0.1176233043724152,True
Viscosity,0.17661375425862358,True
Viscosity,0.14738298771144276,True
Viscosity,0.034026475801252065,True
Viscosity,0.03293850876672977,True
Viscosity,0.26343900117724073,True
Viscosity,0.06545494688385345,True
Viscosity,0.03586004752939509,True
Viscosity,0.1253819545463477,True
Viscosity,0.39120551644757995,True
Viscosity,0.06295265923312288,True
Viscosity,0.0420048253886387,True
Viscosity,0.15407871359755604,True
Viscosity,0.028517131262001172,True
Viscosity,0.17897220396880575,True
Viscosity,0.10864827787055842,True
Viscosity,0.014614982322288306,True
Viscosity,0.13878239159946038,True
Viscosity,0.09929670076243902,True
Viscosity,0.042199792653320634,True
Viscosity,0.0880596843835626,True
Viscosity,0.02226019530765644,True
Viscosity,0.006375708989394546,True
Viscosity,0.07529169978878514,True
Viscosity,0.07839720269726458,True
Viscosity,0.11895694024314807,True
Viscosity,0.006815119140334058,True
Viscosity,0.07521729262886168,True
Viscosity,0.07470947923618088,True
Viscosity,0.045374076346269554,True
Viscosity,0.029690218555983083,True
Viscosity,0.046802744970682486,True
Viscosity,0.04800566215618396,True
Viscosity,0.29463896500091846,True
Viscosity,0.12468931099595836,True
Viscosity,0.11088899921723261,True
Viscosity,0.04648529096307574,True
Viscosity,0.025684234084493163,True
Viscosity,0.010755765531305528,True
Viscosity,0.008786520125067199,True
Viscosity,1.2864066751082248,True
Viscosity,0.004375480878227811,True
Viscosity,0.006318613484179281,True
Viscosity,0.05357118444315567,True
Viscosity,0.08798165497064714,True
Viscosity,0.062452002758712766,True
Viscosity,0.0683767847069996,True
Viscosity,0.10578998303125964,True
Viscosity,0.015949410784592333,True
Viscosity,0.09974079415893611,True
Viscosity,0.05325645329613593,True
Viscosity,0.09136667895424999,True
Viscosity,0.16582829016084544,True
Viscosity,0.022137040642425276,True
Viscosity,0.19762519610697593,True
Viscosity,0.12713919837682397,True
Viscosity,0.12449688021277261,True
Viscosity,0.053733870467249645,True
Viscosity,0.0921491733096102,True
Viscosity,0.06724148835383681,True
Viscosity,0.005472165471783974,True
Viscosity,0.3557067415688749,True
Viscosity,0.045995018177310554,True
Viscosity,0.05427632433542051,True
Viscosity,0.20128573723180243,True
Viscosity,0.12340740282631568,True
Viscosity,0.19058267238872778,True
Viscosity,0.030880090178910802,True
Viscosity,0.015267008205672727,True
Viscosity,0.07737153788251838,True
Viscosity,0.08870181297152624,True
Viscosity,0.13763113263710025,True
Viscosity,0.4868265442086357,True
Viscosity,0.07937154081211961,True
Viscosity,0.1875675288290668,True
Viscosity,0.014461682467389991,True
Viscosity,0.05964993361179127,True
Viscosity,0.3874220833991815,True
Viscosity,0.1559164967268113,True
Viscosity,0.03227459288243484,True
Viscosity,0.05844394566437483,True
Viscosity,0.05432599507492286,True
Viscosity,0.053464006182964915,True
Viscosity,0.11074374700949541,True
Viscosity,0.03480310345382032,True
Viscosity,0.004070824947323803,True
Viscosity,0.1309100160693717,True
Viscosity,0.03697112579635364,True
Viscosity,0.16394814377368783,True
Viscosity,0.004451246710088563,True
Viscosity,0.01603558635113389,True
Viscosity,0.026492010137976862,True
Viscosity,0.01602412493696992,True
Viscosity,0.07451491851195247,True
Viscosity,0.045727801857222694,True
Viscosity,0.013834990998434549,True
Viscosity,0.07034220665205071,True
Viscosity,0.002966537599379926,True
Viscosity,0.07304936604269674,True
Viscosity,0.5510701557056246,True
Viscosity,0.022330468228765055,True
Viscosity,0.03481719671079064,True
Viscosity,0.07182713756168368,True
Viscosity,0.009767047795401052,True
Viscosity,0.016581901647442443,True
Viscosity,0.12539226083083377,True
Viscosity,0.02975467399141607,True
Viscosity,0.017893384038107918,True
Viscosity,0.010786453247085381,True
Viscosity,0.028154473894647758,True
Viscosity,0.11764575809950184,True
Viscosity,0.01837500920278945,True
Viscosity,0.1821827864091321,True
Viscosity,0.24341980001055918,True
Viscosity,0.11150166981141041,True
Viscosity,0.05388155985024845,True
Viscosity,0.04604291406917038,True
Viscosity,0.0414407373010065,True
Viscosity,0.01707606609243495,True
Viscosity,0.05075101638315971,True
Viscosity,0.019868683362691764,True
Viscosity,0.030664370501718885,True
Viscosity,0.019140333133165655,True
Viscosity,0.04280325544335106,True
Viscosity,0.04397855850167032,True
Viscosity,0.11159381927624334,True
Viscosity,0.04589229110490223,True
Viscosity,0.10260681318337461,True
Viscosity,0.1058254531847811,True
Viscosity,0.13333982790516785,True
Viscosity,0.1220132117593078,True
Viscosity,0.03793054935413043,True
Viscosity,0.16192400460013273,True
Viscosity,0.3468448262596711,True
Viscosity,0.07228340069081018,True
Viscosity,0.3095934354772991,True
Viscosity,0.06578214119143055,True
Viscosity,0.06204839611675328,True
Viscosity,0.09172163152505863,True
Viscosity,0.1881587764263024,True
Viscosity,0.01686954128475726,True
Viscosity,0.223544433149661,True
Viscosity,0.04168762444610197,True
Viscosity,0.08037601056014676,True
Viscosity,0.04326436244480547,True
Viscosity,0.12994987528035917,True
Viscosity,0.031210940408569865,True
Viscosity,0.10804606792512406,True
Viscosity,0.0344018499731964,True
Viscosity,0.1634401777455401,True
Viscosity,0.021584987158695945,True
Viscosity,0.11959625595128576,True
Viscosity,0.02297685396664484,True
Viscosity,0.05937625356320986,True
Viscosity,0.09830680738602515,True
Viscosity,0.12006485691626256,True
Viscosity,0.0296299256785022,True
Viscosity,0.24133328651082042,True
Viscosity,0.11482793034294003,True
Viscosity,4.6629424585553636e-05,True
Viscosity,0.014593569154893515,True
Viscosity,0.019657636093460606,True
Viscosity,0.2766401747959497,True
Viscosity,0.06785742983647536,True
Viscosity,0.028023355938839423,True
Viscosity,0.05476492640983999,True
Viscosity,0.07484267100800235,True
Viscosity,0.04160832823953431,True
Viscosity,0.1242816702126342,True
Viscosity,0.022029314258934174,True
Viscosity,0.055577427245899536,True
Viscosity,0.10785904649657385,True
Viscosity,0.15265263832781484,True
Viscosity,0.02502178774547792,True
Viscosity,0.09775960944210604,True
Viscosity,0.019336417044944376,True
Viscosity,0.019641124659492526,True
Viscosity,0.1154598487247378,True
Viscosity,0.23067374990444467,True
Viscosity,0.019350483826931164,True
Viscosity,0.1415607780794308,True
Viscosity,0.13209880445994138,True
Viscosity,0.04272260827221652,True
Viscosity,0.01766877781478282,True
Viscosity,0.02867360821036513,True
Viscosity,0.019356537692335696,True
Viscosity,0.012647129897394471,True
Viscosity,0.051713078967228654,True
Viscosity,0.0914273301116304,True
Viscosity,0.062197757901300665,True
Viscosity,0.11642198154166561,True
Viscosity,0.05781615373785254,True
Viscosity,0.13609925819965474,True
Viscosity,0.09136362265982978,True
Viscosity,0.19708320611857033,True
Viscosity,0.24602347158378723,True
Viscosity,0.0012865351962152438,True
Viscosity,0.3257062882588918,True
Viscosity,0.0411635212569883,True
Viscosity,0.24016643735796,True
Viscosity,0.030208817646469432,True
Viscosity,0.018389133298464366,True
Viscosity,0.04324681613460246,True
Viscosity,0.44538274035220793,True
Viscosity,0.03718762338815851,True
Viscosity,0.06792028364969349,True
Viscosity,0.021686824249683934,True
Viscosity,0.00030046319816490197,True
Viscosity,0.007859509616904514,True
Viscosity,0.09515205757198508,True
Viscosity,0.034997455731171634,True
Viscosity,0.04278165374345111,True
Viscosity,0.08970164557229321,True
Viscosity,0.02578739941904784,True
Viscosity,0.16996722599255554,True
Viscosity,0.0065611193034027515,True
Viscosity,0.03101064487908367,True
Viscosity,0.09899333187114978,True
Viscosity,0.05195714917823491,True
Viscosity,0.05144933254119266,True
Viscosity,0.006988656035760599,True
Viscosity,0.017951605744383148,True
Viscosity,0.30596587242738793,True
Viscosity,0.014850406391853865,True
Viscosity,0.020033383330070098,True
Viscosity,0.015462431464702497,True
Viscosity,0.062078744785798,True
Viscosity,0.08137135020127229,True
Viscosity,0.023076642345770004,True
Viscosity,0.2275086795855951,True
Viscosity,0.047293188597885116,True
Viscosity,0.00042910655626560157,True
Viscosity,0.08309174814203901,True
Viscosity,0.03730100903174982,True
Viscosity,0.013074376160628454,True
Viscosity,0.003508403292676654,True
Viscosity,0.027503552507389006,True
Viscosity,0.05661547219394425,True
Viscosity,0.07670143873184232,True
Viscosity,0.05340007601593566,True
Viscosity,0.20379040270213267,True
Viscosity,0.030323026605807435,True
Viscosity,0.01037511926609247,True
Viscosity,0.037077043475918,True
Viscosity,0.0034151154097994407,True
Viscosity,0.0349279340146369,True
Viscosity,0.09222981483757486,True
Viscosity,0.007172601905411469,True
Viscosity,0.01860959050701716,True
Viscosity,0.07833199229468257,True
Viscosity,0.028501410420267437,True
Viscosity,0.07314760587269387,True
Viscosity,0.04896028779456518,True
Viscosity,0.0037785183903107367,True
Viscosity,0.029497545159396843,True
Viscosity,0.0034214068210229875,True
Viscosity,0.03702589509657095,True
Viscosity,0.03118056824661819,True
Viscosity,0.018434201962994584,True
Viscosity,0.00572468813686644,True
Viscosity,0.007296502155640816,True
Viscosity,0.03520018506624378,True
Viscosity,0.30430370931503337,True
Viscosity,0.04452763412436678,True
Viscosity,0.12489619660537121,True
Viscosity,0.09984818023839681,True
Viscosity,0.04159316663578494,True
Viscosity,0.019351450813589022,True
Viscosity,0.13675832088377105,True
Viscosity,0.08826113252955925,True
Viscosity,0.025889333498527733,True
Viscosity,0.1984952616967478,True
Viscosity,0.03021556828340133,True
Viscosity,0.02485397037494952,True
Viscosity,0.01700151609905598,True
Viscosity,0.04112725838992892,True
Viscosity,0.053876978404455045,True
Viscosity,0.07841551480090869,True
Viscosity,0.07299361056331932,True
Viscosity,0.04397569915233568,True
Viscosity,0.062233310376143436,True
Viscosity,0.10578355411001983,True
Viscosity,0.03364326474551138,True
Viscosity,0.023650939505976964,True
Viscosity,0.4091078462055755,True
Viscosity,0.03669654724695981,True
Viscosity,0.022429302917923,True
Viscosity,0.12800913226807165,True
Viscosity,0.06422034892000927,True
Viscosity,0.10726390226617433,True
Viscosity,0.06636567459833206,True
Viscosity,0.027314839450671258,True
Viscosity,0.009316081889003902,True
Viscosity,0.15120821423630915,True
Viscosity,0.1616701331900443,True
Viscosity,0.0007377231034766396,True
Viscosity,0.04604042598300273,True
Viscosity,0.051667256887290236,True
Viscosity,0.005213016425451578,True
Viscosity,0.019466830376485778,True
Viscosity,0.10604384345780504,True
Viscosity,0.008723060600222876,True
Viscosity,0.04505189935842613,True
Viscosity,0.10033787100578007,True
Viscosity,0.11258557629743038,True
Viscosity,0.0539989544142756,True
Viscosity,0.12202040123626379,True
Viscosity,0.08124097091316784,True
Viscosity,0.09878427348539809,True
Viscosity,0.0699543276050818,True
Viscosity,0.0631792207825228,True
Viscosity,0.11799125272386668,True
Viscosity,0.02988642854669088,True
Viscosity,0.0193748197121848,True
Viscosity,0.014437358124555377,True
Viscosity,0.007881643930214288,True
Viscosity,0.1034878522548277,True
Viscosity,0.03481138969994957,True
Viscosity,0.005563746523408408,True
Viscosity,0.1363193570470116,True
Viscosity,0.11444873401418354,True
Viscosity,0.08893588678449449,True
Viscosity,0.048045648821948284,True
Viscosity,0.05061487802391085,True
Viscosity,0.05790829244116091,True
Viscosity,0.056925489097364945,True
Viscosity,0.04314451918914473,True
Viscosity,0.020562144640167812,True
Viscosity,0.045576889212770144,True
Viscosity,0.05560562869010033,True
Viscosity,0.003713759368207281,True
Viscosity,0.008616961421202163,True
Viscosity,0.028439842251300362,True
Viscosity,0.06265597553946023,True
Viscosity,0.0654115773556514,True
Viscosity,0.05535382743092722,True
Viscosity,0.04093628859157533,True
Viscosity,0.015432827892644108,True
Viscosity,0.01766188646439737,True
Viscosity,0.045246686546873915,True
Viscosity,0.09241676742554894,True
Viscosity,0.030870664929746106,True
Viscosity,0.03954593921465488,True
Viscosity,0.19282105845607234,True
Viscosity,0.061761893641253174,True
Viscosity,0.03921571575779215,True
Viscosity,0.004433440357990648,True
Viscosity,0.4920433373118871,True
Viscosity,0.11009816480901247,True
Viscosity,0.04057064703238833,True
Viscosity,0.020980756558693223,True
Viscosity,0.019892906445295733,True
Viscosity,0.059587946119745716,True
Viscosity,0.022539445408456427,True
Viscosity,0.06905382732362764,True
Viscosity,0.07970144925635214,True
Viscosity,0.03312021492053763,True
Viscosity,0.03678113678885353,True
Viscosity,0.0711685452378159,True
Viscosity,0.18096433397210654,True
Viscosity,0.1771716852285229,True
Viscosity,0.01795721475285106,True
Viscosity,0.06572975952949456,True
Viscosity,0.04320019419454635,True
Viscosity,0.014804993198472616,True
Viscosity,0.04584219740214657,True
Viscosity,0.0952866199877418,True
Viscosity,0.3969525709844531,True
Viscosity,0.0948362878486142,True
Viscosity,0.04451248213324788,True
Viscosity,0.11485865511414262,True
Viscosity,0.44370868236842875,True
Viscosity,0.059870391601150263,True
Viscosity,0.0613329388282593,True
Viscosity,0.13252531690392377,True
Viscosity,0.010382737673808151,True
Viscosity,0.1695262544229621,True
Viscosity,0.07051453802373187,True
Viscosity,0.003062475571273371,True
Viscosity,0.015264659733340125,True
Viscosity,0.013393843853601428,True
Viscosity,0.1599279603573649,True
Viscosity,0.09906620017817636,True
Viscosity,0.0688798951265146,True
Viscosity,0.07832422160004349,True
Viscosity,0.029649676858840124,True
Viscosity,0.09696539768340173,True
Viscosity,0.1926625858393125,True
Viscosity,0.02360743024448375,True
Viscosity,0.3014941737672373,True
Viscosity,0.09919610356491093,True
Viscosity,0.02166916594419188,True
Viscosity,0.03086599059420081,True
Viscosity,0.03711675694997618,True
Viscosity,0.01816405001171273,True
Viscosity,0.16554139355451447,True
Viscosity,0.02357080937586975,True
Viscosity,0.1083179710406843,True
Viscosity,0.019588634835408403,True
Viscosity,0.04603576661075093,True
Viscosity,0.049474054471223106,True
Viscosity,0.0666847168352156,True
Viscosity,0.003473271230101549,True
Viscosity,0.07038444775099828,True
Viscosity,0.015602794881972581,True
Viscosity,0.613265506890085,True
Viscosity,0.12168483178413503,True
Viscosity,0.07220016846667532,True
Viscosity,0.09609719431746466,True
Viscosity,0.17954752792269302,True
Viscosity,0.08225643794611281,True
Viscosity,0.04130588095425969,True
Viscosity,0.0540873244587754,True
Viscosity,0.0336294069638825,True
Viscosity,0.2821164038426286,True
Viscosity,0.05812897120602001,True
Viscosity,0.042550611280183226,True
Viscosity,0.07019895015554534,True
Viscosity,0.0713913752911371,True
Viscosity,0.02186190061634885,True
Viscosity,0.05910834346568139,True
Viscosity,0.01761744394856457,True
Viscosity,0.005185765812708354,True
Viscosity,0.0037274772224291652,True
Viscosity,0.030680776792121556,True
Viscosity,0.12317924791225221,True
Viscosity,0.12449131434688265,True
Viscosity,0.13930011086924665,True
Viscosity,0.06728956601535163,True
Viscosity,0.11204586110204762,True
Viscosity,0.000593120230096833,True
Viscosity,0.06651521172438457,True
Viscosity,0.06268485811028102,True
Viscosity,0.05805324021523628,True
Viscosity,0.07140188872682707,True
Viscosity,0.12196990298532673,True
Viscosity,0.03964885047491684,True
Viscosity,0.1465170406803955,True
Viscosity,0.06155262811623796,True
Viscosity,0.009599415940611644,True
Viscosity,0.05518883994902257,True
Viscosity,0.10019218280501718,True
Viscosity,0.27973396281615015,True
Viscosity,0.1063345551819026,True
Viscosity,2.9828389998189913,True
Viscosity,0.05884747565442172,True
Viscosity,0.025402312128717686,True
Viscosity,0.028218974508906647,True
Viscosity,0.03817092301399683,True
Viscosity,0.001911089371517516,True
Viscosity,0.07124753476772572,True
Viscosity,0.1357464416849017,True
Viscosity,0.034016820663074654,True
Viscosity,0.12589672532650242,True
Viscosity,0.3073963659662904,True
Viscosity,0.08356860288722512,True
Viscosity,0.24549275983317997,True
Viscosity,0.09485825828315164,True
Viscosity,0.07716791761555886,True
Viscosity,0.029637239071556465,True
Viscosity,0.01392246717250023,True
Viscosity,0.06144267061284436,True
Viscosity,0.08499490905359908,True
Viscosity,0.02307335967225299,True
Viscosity,0.020808064592366234,True
Viscosity,0.06689694070872232,True
Viscosity,0.09107977690604119,True
Viscosity,0.07823632036750272,True
Viscosity,0.02766371726667116,True
Viscosity,0.03136737616939533,True
Viscosity,0.15494143683763406,True
Viscosity,0.17164008671764486,True
Viscosity,0.07733392632158376,True
Viscosity,0.2938199684580707,True
Viscosity,0.06689640858732515,True
Viscosity,0.12185366182639656,True
Viscosity,0.025160252101047664,True
Viscosity,0.04830088384653153,True
Viscosity,0.12869618005218708,True
Viscosity,0.0709982782808663,True
Viscosity,0.12993433922013997,True
Viscosity,0.11111727533495808,True
Viscosity,0.1391678167213799,True
Viscosity,0.1208185812694258,True
Viscosity,0.18695378969903587,True
Viscosity,0.022527996835104647,True
Viscosity,0.2946146484627721,True
Viscosity,0.03758145544607849,True
Viscosity,0.02925232870636041,True
Viscosity,0.0022316336888517085,True
Viscosity,0.20539055610361467,True
Viscosity,0.0402209625745753,True
Viscosity,0.06258458584554205,True
Viscosity,0.15093183045620728,True
Viscosity,0.08686212346381428,True
Viscosity,0.02004609879342434,True
Viscosity,0.05136593110561094,True
Viscosity,0.057310776692489185,True
Viscosity,0.2672729133240508,True
Viscosity,2.080286954155002,True
Viscosity,0.0711515212072018,True
Viscosity,0.003308082494204889,True
Viscosity,0.07528486396900025,True
Viscosity,0.014445274321612134,True
Viscosity,0.06786667863772067,True
Viscosity,0.012167003644868224,True
Viscosity,0.04305406258074784,True
Viscosity,0.01759214348682603,True
Viscosity,0.04212575870251323,True
Viscosity,0.01317412593456968,True
Viscosity,0.013988921019075118,True
Viscosity,0.04072392363910993,True
Viscosity,0.005645773977651647,True
Viscosity,0.06787452014084039,True
Viscosity,0.10808270793351249,True
Viscosity,0.032865588591174166,True
Viscosity,0.004262182892467603,True
Viscosity,2.1849201224828176,True
Viscosity,0.049333526668780436,True
Viscosity,0.03187915483508741,True
Viscosity,0.03705750108832451,True
Viscosity,0.07793565253663282,True
Viscosity,0.03458173967424827,True
Viscosity,0.008444086895329495,True
Viscosity,0.07263849616039053,True
Viscosity,0.025553101358371855,True
Viscosity,0.1494739169302588,True
Viscosity,0.31723457980809755,True
Viscosity,0.0034279041816587252,True
Viscosity,0.02141426328345375,True
Viscosity,0.04207760615668654,True
Viscosity,0.04776677566723375,True
Viscosity,0.04797933542365318,True
Viscosity,0.06454699441290579,True
Viscosity,0.046836484744360085,True
Viscosity,0.023195024632197914,True
Viscosity,0.06326016236666909,True
Viscosity,0.10740771013925698,True
Viscosity,0.09221941324243016,True
Viscosity,0.00894899167434815,True
Viscosity,0.059489803896280335,True
Viscosity,0.11592561978059646,True
Viscosity,0.11192953823793239,True
Viscosity,0.048636713561263534,True
Viscosity,0.06798131495684567,True
Viscosity,0.33458128477517146,True
Viscosity,0.10007739487466116,True
Viscosity,0.0010084196290636172,True
Viscosity,0.13157055398482775,True
Viscosity,0.01719810214820261,True
Viscosity,0.003467211638005452,True
Viscosity,0.0232434166553106,True
Viscosity,0.032264140430860344,True
Viscosity,0.004390082564503572,True
Viscosity,0.042427419889134566,True
Viscosity,0.039337679993635355,True
Viscosity,0.1864513811390669,True
Viscosity,0.10448764989466985,True
Viscosity,0.06887188664906141,True
Viscosity,0.06659998950140222,True
Viscosity,0.024355020063163618,True
Viscosity,0.01947266545217241,True
Viscosity,0.14758307321193875,True
Viscosity,0.02378893338771393,True
Viscosity,0.1249773297360548,True
Viscosity,0.11894221042464914,True
Viscosity,0.12092741486848091,True
Viscosity,0.0319500445343639,True
Viscosity,0.14277520095197627,True
Viscosity,0.04739958781854625,True
Viscosity,0.021728581152646864,True
Viscosity,0.16811467476016384,True
Viscosity,0.017339173360873428,True
Viscosity,0.051971935523178914,True
Viscosity,0.04731422383423256,True
Viscosity,0.1744637608002173,True
Viscosity,0.12295977727617258,True
Viscosity,0.002764787213302533,True
Viscosity,0.003124585226355503,True
Viscosity,0.03027105240528183,True
Viscosity,0.13341023804311858,True
Viscosity,0.09339130113638494,True
Viscosity,0.04019158089900898,True
Viscosity,0.13365670069718316,True
Viscosity,0.0015695437176961313,True
Viscosity,3.2078936107018294,True
Viscosity,0.06382272206830741,True
Viscosity,0.12917820635850585,True
Viscosity,0.02075780645888936,True
Viscosity,0.0035409544205817767,True
Viscosity,0.04046606606118819,True
Viscosity,0.047269464735070876,True
Viscosity,0.04501423009422956,True
Viscosity,0.15053698997178433,True
Viscosity,0.01371718397587296,True
Viscosity,0.15706627418189356,True
Viscosity,0.0002496580586996977,True
Viscosity,0.17922508568580486,True
Viscosity,0.09167842573368779,True
Viscosity,0.07149695708287196,True
Viscosity,0.003430353182461765,True
Viscosity,0.04979422746781115,True
Viscosity,0.24481205333393996,True
Viscosity,0.0265415305476,True
Viscosity,0.07994227262532788,True
Viscosity,0.043897432551913695,True
Viscosity,0.08610135869643054,True
Viscosity,0.6279921026764514,True
Viscosity,0.1405635460717909,True
Viscosity,1.3834814713565673,True
Viscosity,0.016485454455833715,True
Viscosity,0.07475738177939661,True
Viscosity,0.08180957286970525,True
Viscosity,0.10922485299294848,True
Viscosity,0.0344977383246059,True
Viscosity,0.053486229100753846,True
Viscosity,0.09317832589366692,True
Viscosity,0.08854031387964545,True
Viscosity,0.00023750787755982827,True
Viscosity,0.0032108934813646073,True
Viscosity,0.011199471364805369,True
Viscosity,0.02999750676845636,True
Viscosity,0.12175572106181498,True
Viscosity,0.07182595159250127,True
Viscosity,0.10536272370264832,True
Viscosity,0.017333541022839682,True
Viscosity,0.0599041696356819,True
Viscosity,0.06533670015166892,True
Viscosity,0.027247559696620627,True
Viscosity,0.0961489601734491,True
Viscosity,0.02647395769450256,True
Viscosity,0.02742668481415622,True
Viscosity,0.021796662051075,True
Viscosity,0.07055424091182338,True
Viscosity,0.04770194121225213,True
Viscosity,0.021397356579810012,True
Viscosity,0.019102552529878913,True
Viscosity,0.04054634530371315,True
Viscosity,0.004238273698225381,True
Viscosity,0.049559072931555814,True
Viscosity,0.09778210346549909,True
Viscosity,0.12255885913386688,True
Viscosity,0.02716889029795233,True
Viscosity,0.09291281609851865,True
Viscosity,0.006636678273755692,True
Viscosity,0.07999086935321653,True
Viscosity,0.08495970569589284,True
Viscosity,0.10785854402735273,True
Viscosity,0.0776538977725294,True
Viscosity,0.8164802586179081,True
Viscosity,0.0033575957278251245,True
Viscosity,0.028742714366940092,True
Viscosity,0.05799080946780455,True
Viscosity,0.46858225229167383,True
Viscosity,0.27032642625580516,True
Viscosity,0.0970923333265068,True
Viscosity,0.011222051791985432,True
Viscosity,0.17300705251284076,True
Viscosity,0.08864959887285684,True
Viscosity,0.051741504657557336,True
Viscosity,0.11934171891160661,True
Viscosity,0.13567654897091086,True
Viscosity,0.012298953403259816,True
Viscosity,0.19718107118602468,True
Viscosity,0.009902884844989801,True
Viscosity,0.08420142495886385,True
Viscosity,0.0037169669798102767,True
Viscosity,0.20179148379812872,True
Viscosity,0.0443041643243392,True
Viscosity,0.08149721445632307,True
Viscosity,0.0035109565516080465,True
Viscosity,0.010692252311923056,True
Viscosity,0.12792996708417848,True
Viscosity,0.024992498815382902,True
Viscosity,0.05581629408782707,True
Viscosity,0.03383681262577776,True
Viscosity,0.1958421369141527,True
Viscosity,0.14468944954002438,True
Viscosity,0.010825917159248188,True
Viscosity,0.4104384814686217,True
Viscosity,0.1769678836097217,True
Viscosity,0.04117999571159947,True
Viscosity,0.1613912680455707,True
Viscosity,0.03868647247992785,True
Viscosity,0.7461751767116844,True
Viscosity,0.0064307243192891494,True
Viscosity,0.09057447757119108,True
Viscosity,0.18367589432188502,True
Viscosity,0.41263273449113047,True
Viscosity,0.05582201870453307,True
Viscosity,0.09048424360783258,True
Viscosity,0.040541805424184396,True
Viscosity,0.05074636787851139,True
Viscosity,0.24474227488837608,True
Viscosity,0.015349640691275646,True
Viscosity,0.07820836456287128,True
Viscosity,0.04013467804511528,True
Viscosity,0.03539426627377429,True
Viscosity,0.008568315115490499,True
Viscosity,0.011741903653217367,True
Viscosity,0.04223279657418333,True
Viscosity,0.25001523731650055,True
Viscosity,0.0063580980353681316,True
Viscosity,0.05385385387522046,True
Viscosity,0.06271941712217899,True
Viscosity,0.0487760583496156,True
Viscosity,0.014749692470686693,True
Viscosity,0.04409072800418201,True
Viscosity,0.010525054172871862,True
Viscosity,0.04092408772936729,True
Viscosity,0.05544416273681119,True
Viscosity,0.03530866796729115,True
Viscosity,0.062232482294831915,True
Viscosity,0.02623604494182885,True
Viscosity,0.025536562367757476,True
Viscosity,0.13886377796223703,True
Viscosity,0.011057002172609298,True
Viscosity,0.054680109224100715,True
Viscosity,0.05792226559877384,True
Viscosity,0.0004840045706426821,True
Viscosity,0.10797271904305666,True
Viscosity,0.09070168297560066,True
Viscosity,0.04914814490355657,True
Viscosity,0.10802175806803666,True
Viscosity,0.24169333287266026,True
Viscosity,0.047881500776113306,True
Viscosity,0.03571041248952689,True
Viscosity,0.1559939492089102,True
Viscosity,0.031212883184880802,True
Viscosity,0.06759595721958167,True
Viscosity,0.030127005344471325,True
Viscosity,0.031933220607240465,True
Viscosity,0.08531089420238391,True
Viscosity,0.02036679759165483,True
Viscosity,0.09691021847532788,True
Viscosity,0.13167624339549167,True
Viscosity,0.026737751557741607,True
Viscosity,0.054222793054064855,True
Viscosity,0.005981226217147029,True
Viscosity,0.07755087454236675,True
Viscosity,0.039763912713757676,True
Viscosity,0.01788750164515518,True
Viscosity,0.0422886920526957,True
Viscosity,0.015467855391666951,True
Viscosity,0.038099802495779045,True
Viscosity,0.05210426909415644,True
Viscosity,0.08993795145996053,True
Viscosity,0.0763123527548708,True
Viscosity,0.11003325228576954,True
Viscosity,0.015009684620670538,True
Viscosity,0.39069065156053506,True
Viscosity,0.021182780969262738,True
Viscosity,0.23265831117046165,True
Viscosity,0.0007347525809880961,True
Viscosity,0.11056818219330555,True
Viscosity,0.015121071990217061,True
Viscosity,0.060275615293683416,True
Viscosity,0.0508705248182062,True
Viscosity,0.05967357420561692,True
Viscosity,0.005034014316804836,True
Viscosity,0.16576760438169114,True
Viscosity,0.12480631278790177,True
Viscosity,0.0570034851724559,True
Viscosity,0.013138277740383675,True
Viscosity,0.004693091275062677,True
Viscosity,0.034471523701927076,True
Viscosity,0.12926438964074194,True
Viscosity,0.6504541155659513,True
Viscosity,0.06695680101167945,True
Viscosity,0.01689104376420225,True
Viscosity,0.021888512099178303,True
Viscosity,0.08368795014419073,True
Viscosity,0.14297251626214913,True
Viscosity,0.004215844955578696,True
Viscosity,0.04565883450227659,True
Viscosity,0.05131509743069573,True
Viscosity,0.036885057197012294,True
Viscosity,0.021977944222327128,True
Viscosity,0.24741393485947416,True
Viscosity,0.10823221254438176,True
Viscosity,0.09264329895400047,True
Viscosity,0.030216388332207966,True
Viscosity,0.012347894443220486,True
Viscosity,0.00361881365993888,True
Viscosity,0.08580518517988445,True
Viscosity,0.028719486126325577,True
Viscosity,0.03095686815688181,True
Viscosity,0.002963939894329304,True
Viscosity,0.09444247747663814,True
Viscosity,0.1825097471767887,True
Viscosity,0.060598844702209664,True
Viscosity,0.010493747975241163,True
Viscosity,0.02669735008609786,True
Viscosity,0.015875646399788668,True
Viscosity,0.0035784286627533746,True
Viscosity,0.3232500604309969,True
Viscosity,0.013614627819868552,True
Viscosity,0.11589874083413942,True
Viscosity,0.016719850625671384,True
Viscosity,0.08828967789217401,True
Viscosity,0.0056267392101760905,True
Viscosity,0.03813062932881017,True
Viscosity,0.0641057029080514,True
Viscosity,0.05518238225325245,True
Viscosity,0.21183247357333035,True
Viscosity,0.029554355481491434,True
Viscosity,0.2160913734701495,True
Viscosity,0.051906476286947445,True
Viscosity,0.052303927687558094,True
Viscosity,0.10638521237027287,True
Viscosity,0.07614259736910345,True
Viscosity,0.08666729298338316,True
Viscosity,0.1351967506355507,True
Viscosity,0.09148581641457001,True
Viscosity,0.051649532434779655,True
Viscosity,0.07343874509111004,True
Viscosity,0.0702281145186543,True
Viscosity,0.028127366071148074,True
Viscosity,0.040652319555746885,True
Viscosity,0.23855615125336938,True
Viscosity,0.009640191563941691,True
Viscosity,0.0025024344792401454,True
Viscosity,0.03405914053269132,True
Viscosity,0.36665676284524773,True
Viscosity,0.07101012763799774,True
Viscosity,0.20395354863432902,True
Viscosity,0.05510714140643547,True
Viscosity,0.13450793827351193,True
Viscosity,0.1591645715453065,True
Viscosity,0.001966923397684006,True
Viscosity,0.11180361413310358,True
Viscosity,0.03527337713826739,True
Viscosity,0.032578933379084685,True
Viscosity,0.06845306778631155,True
Viscosity,0.1958182076907904,True
Viscosity,0.12870833457328956,True
Viscosity,0.09298147808476553,True
Viscosity,0.0728536428405473,True
Viscosity,0.1509491103351115,True
Viscosity,0.07339632221826342,True
Viscosity,0.02223200598746411,True
Viscosity,0.005182989197871413,True
Viscosity,0.26204785595347235,True
Viscosity,0.03985384073887638,True
Viscosity,0.10767999555267771,True
Viscosity,0.05614562782964949,True
Viscosity,0.0015100902784803694,True
Viscosity,0.061107868730958526,True
Viscosity,0.000417100085756239,True
Viscosity,0.07144514817358272,True
Viscosity,0.21017566384294797,True
Viscosity,0.05135200767661452,True
Viscosity,0.08998781275593393,True
Viscosity,0.09238105370239857,True
Viscosity,0.027118622407162007,True
Viscosity,0.06636974500364268,True
Viscosity,0.0532136488786894,True
Viscosity,0.09369869432941247,True
Viscosity,0.03555049665091348,True
Viscosity,0.020262243951171044,True
Viscosity,0.0072503345544481235,True
Viscosity,0.018540663173173044,True
Viscosity,0.2044946852857943,True
Viscosity,0.10047769037834442,True
Viscosity,0.018363846506249448,True
Viscosity,0.06351763937646293,True
Viscosity,0.017978248241628414,True
Viscosity,0.019174784285819868,True
Viscosity,0.0113291019131605,True
Viscosity,0.05119508611700052,True
Viscosity,0.01839596237649488,True
Viscosity,0.047882968708542695,True
Viscosity,0.03817189328937465,True
Viscosity,0.02411072605936404,True
Viscosity,0.029662734273002034,True
Viscosity,0.10946017894304383,True
Viscosity,0.01928563910384895,True
Viscosity,0.3838726512325925,True
Viscosity,0.08987574060936332,True
Viscosity,0.20378749154465509,True
Viscosity,0.024157256717035384,True
Viscosity,0.013075486915117507,True
Viscosity,0.03280376380858252,True
Viscosity,0.003646607811739644,True
Viscosity,0.021245731281617886,True
Viscosity,0.03407649963670045,True
Viscosity,0.027247420222784147,True
Viscosity,0.01277059219524812,True
Viscosity,0.03593826628709795,True
Viscosity,0.05228632766031627,True
Viscosity,0.03269915114327793,True
Viscosity,0.622502465990606,True
Viscosity,0.0021032786418788696,True
Viscosity,0.0318765026472585,True
Viscosity,0.09926145413723386,True
Viscosity,0.0092092508536816,True
Viscosity,0.1348855140093077,True
Viscosity,0.144846042371241,True
Viscosity,0.0374431718973498,True
Viscosity,0.0007633247254110742,True
Viscosity,0.06420662853413006,True
Viscosity,0.2884920672376037,True
Viscosity,0.011100944259587076,True
Viscosity,0.21706344562587032,True
Viscosity,0.09930191815694833,True
Viscosity,0.058429599760316586,True
Viscosity,0.12522300430915667,True
Viscosity,0.08044040489772764,True
Viscosity,0.023276544316867653,True
Viscosity,0.3392127409392496,True
Viscosity,0.028328735452863185,True
Viscosity,0.21164056751751303,True
Viscosity,0.0950058370203693,True
Viscosity,0.02018412654947621,True
Viscosity,0.20049739611468093,True
Viscosity,0.09084548758528843,True
Viscosity,0.06318023941506912,True
Viscosity,0.05521877201923253,True
Viscosity,0.12150232526988661,True
Viscosity,0.09809879250541931,True
Viscosity,0.17323831773678,True
Viscosity,0.14541150999180963,True
Viscosity,0.032813047431676456,True
Viscosity,0.08070659128736857,True
Viscosity,0.03801058899659848,True
Viscosity,0.13113801181569773,True
Viscosity,0.021039323635321017,True
Viscosity,0.1533599593662835,True
Viscosity,0.2524131191783723,True
Viscosity,0.08139709730958611,True
Viscosity,0.08284303011661365,True
Viscosity,0.059036051378055454,True
Viscosity,0.1022582466497397,True
Viscosity,0.0017166476244394602,True
Viscosity,0.11951043348130108,True
Viscosity,0.1526491655831541,True
Viscosity,0.07479486024035342,True
Viscosity,0.050873940322705535,True
Viscosity,0.01333799175820205,True
Viscosity,0.10854013886091529,True
Viscosity,0.07910056201418492,True
Viscosity,0.17438613649076506,True
Viscosity,0.1968439862582505,True
Viscosity,0.07800552166846053,True
Viscosity,0.07643800936367473,True
Viscosity,0.11648530976712212,True
Viscosity,0.02253922888804638,True
Viscosity,0.27157536368206747,True
Viscosity,0.09279378836582719,True
Viscosity,0.07317185279920224,True
Viscosity,0.13699943850773488,True
Viscosity,0.28078657623002634,True
Viscosity,0.0011896322125224401,True
Viscosity,0.05228310998224517,True
Viscosity,0.047643442398010105,True
Viscosity,0.5364607709409661,True
Viscosity,0.12432622945832605,True
Viscosity,0.010865382076110652,True
Viscosity,0.006544259703171296,True
Viscosity,0.05494074616927613,True
Viscosity,0.23407656690887502,True
Viscosity,0.032223936038096035,True
Viscosity,0.037410412472427906,True
Viscosity,0.033066549526120315,True
Viscosity,0.10083221098216866,True
Viscosity,0.02327255964581365,True
Viscosity,0.046875661378349864,True
Viscosity,0.1881045250909632,True
Viscosity,0.026377079216277632,True
Viscosity,0.13291252803827103,True
Viscosity,0.002622616484974749,True
Viscosity,0.0052157274121142905,True
Viscosity,0.17774423079791649,True
Viscosity,0.04724473572077237,True
Viscosity,0.013610377768920046,True
Viscosity,0.17122956684093404,True
Viscosity,0.0035763844112537413,True
Viscosity,0.0007338088666273279,True
Viscosity,0.029268798142952246,True
Viscosity,0.20481539393449943,True
Viscosity,0.03180767841234555,True
Viscosity,0.02511000079137915,True
Viscosity,0.05542659893521673,True
Viscosity,0.08957129063547731,True
Viscosity,0.006347364622847795,True
Viscosity,0.01514853774406033,True
Viscosity,0.22917265306849588,True
Viscosity,0.11756480656998924,True
Viscosity,0.05996259638096879,True
Viscosity,0.0669323309511121,True
Viscosity,0.07513279836235354,True
Viscosity,0.22546094552558538,True
Viscosity,0.08335768723309389,True
Viscosity,0.00020337516391499832,True
Viscosity,0.24557975868426996,True
Viscosity,0.007965081189215795,True
Viscosity,0.08112017537233207,True
Viscosity,0.06227432893041285,True
Viscosity,0.276574654514806,True
Viscosity,0.07806538054562018,True
Viscosity,0.04213394080278343,True
Viscosity,0.014804649355818822,True
Viscosity,0.0929310459751556,True
Viscosity,0.13554287230278667,True
Viscosity,0.04422898900657346,True
Viscosity,0.817746644507505,True
Viscosity,0.12252809248244656,True
Viscosity,0.07171827494959881,True
Viscosity,0.05788479207041819,True
Viscosity,0.022417807619387053,True
Viscosity,0.04798941912510257,True
Viscosity,0.5358966314024558,True
Viscosity,0.038049809767468634,True
Viscosity,0.015474575092619514,True
Viscosity,0.00385638132402244,True
Viscosity,0.049766614790653474,True
Viscosity,0.04170464684336794,True
Viscosity,0.07221864007176038,True
Viscosity,0.01842685588455506,True
Viscosity,0.003881704936110064,True
Viscosity,0.05339000414026884,True
Viscosity,0.05741477413692575,True
Viscosity,0.652370774010552,True
Viscosity,0.06044630108919513,True
Viscosity,0.00878093436806715,True
Viscosity,0.0438074342577508,True
Viscosity,0.022910677508463984,True
Viscosity,0.37720629011432516,True
Viscosity,0.009822837260331951,True
Viscosity,0.07586378609214295,True
Viscosity,0.18947571805259145,True
Viscosity,0.07250628409804638,True
Viscosity,0.28285763506668005,True
Viscosity,0.052545198175925734,True
Viscosity,0.10581282940693182,True
Viscosity,0.06959397060419281,True
Viscosity,0.008515786230436806,True
Viscosity,0.15335413440871148,True
Viscosity,0.013476955594026174,True
Viscosity,0.24383586913945665,True
Viscosity,0.06338591333162308,True
Viscosity,0.003552191871410759,True
Viscosity,0.053502905921885446,True
Viscosity,0.006337179645758972,True
Viscosity,0.18252517753953956,True
Viscosity,0.05135314932578516,True
Viscosity,0.05085198063193541,True
Viscosity,0.020600822043838285,True
Viscosity,0.1411389594398937,True
Viscosity,0.027978961824147053,True
Viscosity,0.003809684259025836,True
Viscosity,0.02694584416949275,True
Viscosity,0.14418452704899476,True
Viscosity,0.06559773059908514,True
Viscosity,0.0025436850313100834,True
Viscosity,0.0160957483869959,True
Viscosity,0.0320043145341633,True
Viscosity,0.003784009060547433,True
Viscosity,0.009942986161093792,True
Viscosity,0.12660724821659652,True
Viscosity,0.0753743101607034,True
Viscosity,0.005419436722574833,True
Viscosity,0.015685577186595023,True
Viscosity,0.05009257879563811,True
Viscosity,0.146893487774161,True
Viscosity,0.008968613316470364,True
Viscosity,0.01556509111434945,True
Viscosity,0.02866013309630988,True
Viscosity,0.019038666554380024,True
Viscosity,0.12186507373690336,True
Viscosity,0.045070532074540814,True
Viscosity,0.12105308687812588,True
Viscosity,0.01926831362611736,True
Viscosity,0.14286869201811825,True
Viscosity,0.10655376495273483,True
Viscosity,0.01691159870505876,True
Viscosity,0.11450263113952142,True
Viscosity,0.04049317727561963,True
Viscosity,0.006166444966357432,True
Viscosity,0.005173183425655092,True
Viscosity,0.009865951538685414,True
Viscosity,0.11687115402128245,True
Viscosity,0.121259699522138,True
Viscosity,0.10229149712537766,True
Viscosity,0.06685065630108566,True
Viscosity,1.2477297689901352,True
Viscosity,0.09685783670020687,True
Viscosity,0.003569438961992688,True
Viscosity,0.12775438727959942,True
Viscosity,0.01487537548558393,True
Viscosity,0.0148720865728027,True
Viscosity,0.00449821657788263,True
Viscosity,0.0071177464392429,True
Viscosity,0.21194752172584064,True
Viscosity,0.05310513925330329,True
Viscosity,0.05948161226874982,True
Viscosity,0.008809228540526348,True
Viscosity,0.1792581317587837,True
Viscosity,0.021641994311017765,True
Viscosity,0.026845740671730844,True
Viscosity,0.09069938895027452,True
Viscosity,0.015926646934614208,True
Viscosity,0.05515162893477843,True
Viscosity,0.04360727481438609,True
Viscosity,0.144717949802951,True
Viscosity,0.006326772514519519,True
Viscosity,0.1301305568542115,True
Viscosity,0.6959742286715508,True
Viscosity,0.009484129469680802,True
Viscosity,0.011063629194909552,True
Viscosity,0.016703729997292527,True
Viscosity,0.011438457270616986,True
Viscosity,0.06831339950572746,True
Viscosity,0.01119159405237724,True
Viscosity,0.0750298113868264,True
Viscosity,0.10042206257271546,True
Viscosity,0.0745534759129427,True
Viscosity,0.03674854236729086,True
Viscosity,0.15202293804612665,True
Viscosity,0.04625189356898218,True
Viscosity,0.01689684458361196,True
Viscosity,0.01178052892951964,True
Viscosity,0.11830769379753825,True
Viscosity,0.00724832463126357,True
Viscosity,0.02336776431823462,True
Viscosity,0.07276920372363804,True
Viscosity,0.3211800829716376,True
Viscosity,0.026897386524292966,True
Viscosity,0.1630301128853926,True
Viscosity,0.024966844085784423,True
Viscosity,0.18237383187280232,True
Viscosity,0.01026975102316996,True
Viscosity,0.06917972310663956,True
Viscosity,0.13672505477008468,True
Viscosity,0.01555529717476034,True
Viscosity,0.027520332975209172,True
Viscosity,0.16648572769085535,True
Viscosity,0.05176042396936853,True
Viscosity,0.010675687509940524,True
Viscosity,0.19416320037616597,True
Viscosity,0.03060361688584079,True
Viscosity,0.05213173615675659,True
Viscosity,0.08352613043658152,True
Viscosity,0.005938472841805265,True
Viscosity,0.014188773089739648,True
Viscosity,0.21686762940554694,True
Viscosity,0.0378696432820278,True
Viscosity,0.07003903220946772,True
Viscosity,0.0039158379356054596,True
Viscosity,0.036522989041817944,True
Viscosity,0.188917221906296,True
Viscosity,0.03209386578379814,True
Viscosity,0.02691500118588941,True
Viscosity,0.012997647855382155,True
Viscosity,0.018575283429719924,True
Viscosity,0.15191469603114294,True
Viscosity,0.10103516427155679,True
Viscosity,0.0892700955060608,True
Viscosity,0.05701237797972558,True
Viscosity,0.10698283234862815,True
Viscosity,0.1021647094070286,True
Viscosity,0.08092398302008563,True
Viscosity,0.003586132704725742,True
Viscosity,0.1613376063436025,True
Viscosity,0.004774108918300435,True
Viscosity,0.06186787400906102,True
Viscosity,0.045364958069922245,True
Viscosity,0.06413374572681318,True
Viscosity,0.15545289066311385,True
Viscosity,0.05230382887441154,True
Viscosity,0.021443366306217904,True
Viscosity,0.03546795737241348,True
Viscosity,0.13637825190794794,True
Viscosity,0.007000021174243365,True
Viscosity,0.0018425336740230946,True
Viscosity,0.006549397055601425,True
Viscosity,0.17203051741477093,True
Viscosity,0.1394641344292074,True
Viscosity,0.1789016016628162,True
Viscosity,0.009496830312151427,True
Viscosity,0.10345754636421511,True
Viscosity,0.041054792807333484,True
Viscosity,0.04304260867709697,True
Viscosity,0.015022024991187433,True
Viscosity,0.18399044257769015,True
Viscosity,0.04988468576923499,True
Viscosity,0.05023589217207469,True
Viscosity,0.2725990949481467,True
Viscosity,0.26121164658033247,True
Viscosity,0.009606347918824198,True
Viscosity,0.011235307319111598,True
Viscosity,0.043358700033419684,True
Viscosity,0.08297383445817141,True
Viscosity,0.06337695124868459,True
Viscosity,0.14051689945986462,True
Viscosity,0.043830941429264136,True
Viscosity,0.07622722306118401,True
Viscosity,0.07198920077079851,True
Viscosity,0.04638216387321659,True
Viscosity,0.011551126333517292,True
Viscosity,0.12251060607153214,True
Viscosity,0.14842933381163714,True
Viscosity,0.0496792597409228,True
Viscosity,0.04290098703540757,True
Viscosity,0.008326456248690883,True
Viscosity,0.005890060312492729,True
Viscosity,0.07474217562046803,True
Viscosity,0.006169717415307918,True
Viscosity,0.04027348560396593,True
Viscosity,0.08943272473766051,True
Viscosity,0.0101905843515544,True
Viscosity,0.002771944881743593,True
Viscosity,0.13707597989814424,True
Viscosity,0.008543882455174234,True
Viscosity,0.007180507546985293,True
Viscosity,0.03432556303083523,True
Viscosity,0.016425152860106262,True
Viscosity,0.0584923491408178,True
Viscosity,0.05188164575617882,True
Viscosity,0.0380644394212335,True
Viscosity,0.15470312005279574,True
Viscosity,0.09872048787505694,True
Viscosity,0.16840912725028606,True
Viscosity,0.1004343953294331,True
Viscosity,0.01948219817027308,True
Viscosity,0.012000465714542052,True
Viscosity,0.10297755773369666,True
Viscosity,0.34851478981716344,True
Viscosity,0.24515786113299587,True
Viscosity,0.005438426472179181,True
Viscosity,0.02504644251243704,True
Viscosity,0.18501341586881415,True
Viscosity,0.04577700121825501,True
Viscosity,0.023993233528721625,True
Viscosity,0.006614481493258495,True
Viscosity,0.0827824743119292,True
Viscosity,0.08034197555727252,True
Viscosity,0.1593978299642944,True
Viscosity,0.021856539543170683,True
Viscosity,0.08584102533006455,True
Viscosity,0.21392512535529581,True
Viscosity,0.08555986382275105,True
Viscosity,0.3249292430552111,True
Viscosity,0.0035954262489825695,True
Viscosity,0.18302392104104337,True
Viscosity,0.015167163402297429,True
Viscosity,0.05574409696528537,True
Viscosity,0.27245535575668445,True
Viscosity,0.11943594683681891,True
Viscosity,0.04080488770916846,True
Viscosity,0.2368402443098261,True
Viscosity,0.1591108935470773,True
Viscosity,0.0531806412184645,True
Viscosity,0.05011979398362332,True
Viscosity,0.09787431763989907,True
Viscosity,0.18105843034585467,True
Viscosity,0.02510513696147365,True
Viscosity,0.05208734723352926,True
Viscosity,0.008222671440461182,True
Viscosity,0.07260230836264725,True
Viscosity,0.06618108570218384,True
Viscosity,0.0019759682575828386,True
Viscosity,0.03048352331810822,True
Viscosity,0.1096548462690885,True
Viscosity,0.009090135487086926,True
Viscosity,0.04812049552644071,True
Viscosity,0.11229210822474966,True
Viscosity,0.06286290647261339,True
Viscosity,0.08166479378845132,True
Viscosity,0.1010393301469843,True
Viscosity,0.09471338548653385,True
Viscosity,0.08580805923489106,True
Viscosity,0.04449575548561002,True
Viscosity,0.02064992967011925,True
Viscosity,0.08769749100845936,True
Viscosity,0.0037174181350625446,True
Viscosity,0.0845763628531142,True
Viscosity,0.0021125868607252407,True
Viscosity,0.04500950879653609,True
Viscosity,0.021681780762413005,True
Viscosity,0.030176055118685596,True
Viscosity,0.021067932901886355,True
Viscosity,0.02767920720122463,True
Viscosity,0.054388624159702914,True
Viscosity,0.05244374752918662,True
Viscosity,0.1039098906381608,True
Viscosity,0.00993003059259534,True
Viscosity,0.026786300675926356,True
Viscosity,0.11406349209278943,True
Viscosity,0.058303843242340836,True
Viscosity,0.07989098334346956,True
Viscosity,0.05975363200362582,True
Viscosity,0.039395590687755444,True
Viscosity,0.04329885490130719,True
Viscosity,0.025300472967643373,True
Viscosity,0.06130183741989148,True
Viscosity,0.22371991745809572,True
Viscosity,0.04269742293158929,True
Viscosity,0.09075716568768755,True
Viscosity,0.01104140066548398,True
Viscosity,0.00795295268310503,True
Viscosity,0.08613238947167767,True
Viscosity,0.0507995669044492,True
Viscosity,0.11701991636286202,True
Viscosity,0.08340103309621494,True
Viscosity,0.0010489396642197057,True
Viscosity,0.04031994507868375,True
Viscosity,0.08834614090857418,True
Viscosity,0.05633576199375767,True
Viscosity,0.191764191679481,True
Viscosity,0.07339607936304637,True
Viscosity,0.07093287189943842,True
Viscosity,0.3395606567597196,True
Viscosity,0.03946928834664831,True
Viscosity,0.004817487256514319,True
Viscosity,0.0805333403103714,True
Viscosity,0.14773965688540197,True
Viscosity,0.19105732413380938,True
Viscosity,0.3826249060179011,True
Viscosity,0.029219771474961576,True
Viscosity,0.1223843405494085,True
Viscosity,0.025328036817225286,True
Viscosity,0.10661167959011042,True
Viscosity,0.009413737217093043,True
Viscosity,0.10771665273775932,True
Viscosity,0.1128502093605821,True
Viscosity,0.07050141460309778,True
Viscosity,0.01605528077323859,True
Viscosity,0.05714609365647494,True
Viscosity,0.021172102106995272,True
Viscosity,0.01951720326946349,True
Viscosity,0.09729261685349366,True
Viscosity,0.10864755478859633,True
Viscosity,0.03792805602765581,True
Viscosity,0.12453433852814433,True
Viscosity,0.15999355637528234,True
Viscosity,0.008722021850657846,True
Viscosity,0.1086317434850288,True
Viscosity,0.05095348650728759,True
Viscosity,0.09993342530761629,True
Viscosity,0.02046392148215226,True
Viscosity,0.10228753907990895,True
Viscosity,0.005696089394891857,True
Viscosity,0.009498595114862951,True
Viscosity,0.029096642232494307,True
Viscosity,0.017238708568176442,True
Viscosity,0.6056761635839687,True
Viscosity,0.14754093643762367,True
Viscosity,0.0336515893283067,True
Viscosity,0.0310145600327707,True
Viscosity,0.003740324576972043,True
Viscosity,0.15857147843062513,True
Viscosity,0.08262463039267853,True
Viscosity,0.0412689997094442,True
Viscosity,0.0026586374466313067,True
Viscosity,0.0063938327570201015,True
Viscosity,0.08892914467271629,True
Viscosity,0.08509197630245513,True
Viscosity,0.025738232839796815,True
Viscosity,0.06964258989741656,True
Viscosity,0.0049414135847858365,True
Viscosity,0.11658085041628596,True
Viscosity,0.23131352809113226,True
Viscosity,0.06142915577039432,True
Viscosity,0.07645607057836434,True
Viscosity,0.010818365904845972,True
Viscosity,0.06526713054545352,True
Viscosity,0.058961694844025914,True
Viscosity,0.022280055487024164,True
Viscosity,0.2092631129431317,True
Viscosity,0.0012131308747274083,True
Viscosity,0.02565940311645365,True
Viscosity,0.16132743506578384,True
Viscosity,0.020861600508850664,True
Viscosity,0.05031959399815156,True
Viscosity,0.004863287319343268,True
Viscosity,0.02729520039575606,True
Viscosity,0.027140858215094266,True
Viscosity,0.048158251250634,True
Viscosity,0.05052115699470283,True
Viscosity,0.011679145888187747,True
Viscosity,0.13592413103346868,True
Viscosity,0.05479804189166604,True
Viscosity,0.051439454769565573,True
Viscosity,0.03173946126000571,True
Viscosity,0.1483233687354053,True
Viscosity,0.021251494579469288,True
Viscosity,0.009479983132685277,True
Viscosity,0.01621026968028705,True
Viscosity,0.010767059675707458,True
Viscosity,0.09871088756642576,True
Viscosity,0.03841868102309132,True
Viscosity,0.2939221626687467,True
Viscosity,0.07121373474240045,True
Viscosity,0.15919450451146716,True
Viscosity,0.03909135676372255,True
Viscosity,0.29908356558026616,True
Viscosity,0.03416441325228314,True
Viscosity,0.023197350378357795,True
Viscosity,0.057276779843244086,True
Viscosity,0.019510801681898116,True
Viscosity,0.01921834016699342,True
Viscosity,0.12346315868028768,True
Viscosity,0.018600843786118038,True
Viscosity,0.0037502961775013333,True
Viscosity,0.033430856462017156,True
Viscosity,0.06201608446450857,True
Viscosity,0.009046866776265983,True
Viscosity,0.029712010144533618,True
Viscosity,0.2768320149224653,True
Viscosity,0.12868098121473315,True
Viscosity,0.19850424776183573,True
Viscosity,0.04609748684031256,True
Viscosity,0.04757807720371554,True
Viscosity,0.05645707941109013,True
Viscosity,0.026241884135030258,True
Viscosity,0.029760809361621288,True
Viscosity,0.04076925405282039,True
Viscosity,0.08616811283745052,True
Viscosity,0.008518817691054448,True
Viscosity,0.12006290784002216,True
Viscosity,0.18589830639906735,True
Viscosity,0.013996452836867235,True
Viscosity,0.08542209240941323,True
Viscosity,0.09092268392496328,True
Viscosity,0.04765598810131211,True
Viscosity,0.05767498456697506,True
Viscosity,0.06059443253340424,True
Viscosity,0.013295648411157934,True
Viscosity,0.14190721364313874,True
Viscosity,0.028790241019666762,True
Viscosity,0.07469518365005157,True
Viscosity,0.039234299913153414,True
Viscosity,0.08469384421535398,True
Viscosity,0.15803625131359933,True
Viscosity,0.267576545780436,True
Viscosity,0.04748581870964852,True
Viscosity,0.0790589884721501,True
Viscosity,0.017772665615972905,True
Viscosity,0.65402865210865,True
Viscosity,1.0899441628813382,True
Viscosity,0.34082787792142355,True
Viscosity,0.06804557083648088,True
Viscosity,0.08542663674195516,True
Viscosity,0.1426166177925836,True
Viscosity,0.08277274960864922,True
Viscosity,0.13547793689505805,True
Viscosity,0.013890728136165098,True
Viscosity,0.054333486563346245,True
Viscosity,0.09349614486501734,True
Viscosity,0.018913718350813902,True
Viscosity,0.013642800807574407,True
Viscosity,0.009953249865908953,True
Viscosity,0.02651268730598666,True
Viscosity,0.12865386326453887,True
Viscosity,0.10853944695474027,True
Viscosity,0.06601003013459117,True
Viscosity,0.003205793448728844,True
Viscosity,0.13353468671699487,True
Viscosity,0.003913987260123708,True
Viscosity,0.013594605541817018,True
Viscosity,0.0015432333813372168,True
Viscosity,0.07206652019417326,True
Viscosity,0.005547025251130933,True
Viscosity,0.031128961845619862,True
Viscosity,0.21616060308906482,True
Viscosity,0.12740250311903445,True
Viscosity,0.23915107332632468,True
Viscosity,0.2622965015424361,True
Viscosity,0.9570203895902538,True
Viscosity,0.19804622126242544,True
Viscosity,0.08327633218300612,True
Viscosity,0.08073519912831517,True
Viscosity,0.2960608119371211,True
Viscosity,0.0023278425028607774,True
Viscosity,0.06466005558811039,True
Viscosity,0.14430154113550842,True
Viscosity,0.016002593424661704,True
Viscosity,0.11058675144224095,True
Viscosity,0.04839153610964608,True
Viscosity,0.07204330470468046,True
Viscosity,0.022752947521620825,True
Viscosity,0.2111980090768526,True
Viscosity,0.002924936370898301,True
Viscosity,0.0931494458508455,True
Viscosity,0.13461129568022479,True
Viscosity,0.057166435520894066,True
Viscosity,0.10462474361128349,True
Viscosity,0.09721541121090738,True
Viscosity,0.007006658285934275,True
Viscosity,0.04934850853923334,True
Viscosity,0.06266342537336289,True
Viscosity,0.059057179842868956,True
Viscosity,0.016060121067063005,True
Viscosity,0.11942977435169899,True
Viscosity,0.06511309392279419,True
Viscosity,0.2990251333368998,True
Viscosity,0.06531915015070355,True
Viscosity,0.09241160739728205,True
Viscosity,0.05038410797114956,True
Viscosity,0.09528791572368744,True
Viscosity,0.09589425281365083,True
Viscosity,0.09091609012052526,True
Viscosity,0.010450770396856601,True
Viscosity,0.10341148819963397,True
Viscosity,0.026390137995496055,True
Viscosity,0.04567081855116406,True
Viscosity,0.044559042644896074,True
Viscosity,0.1642612939213688,True
Viscosity,0.06439103359170772,True
Viscosity,0.19118328761959247,True
Viscosity,0.024794211472097594,True
Viscosity,0.1169289990883362,True
Viscosity,0.055833748872478495,True
Viscosity,0.02217653075149517,True
Viscosity,0.06810413419091099,True
Viscosity,0.014568478994861689,True
Viscosity,0.0007186199406521432,True
Viscosity,0.01803926269365075,True
Viscosity,0.029207587922993827,True
Viscosity,0.26299614831256735,True
Viscosity,0.5272854970548264,True
Viscosity,0.555627018318178,True
Viscosity,0.08725478246695806,True
Viscosity,0.042099946822019785,True
Viscosity,0.03501875311441083,True
Viscosity,0.0019127531864651104,True
Viscosity,0.3581911196328287,True
Viscosity,0.11376075664541485,True
Viscosity,0.017638785693751435,True
Viscosity,0.6716969722263315,True
Viscosity,0.03861930213121667,True
Viscosity,0.016118528273518562,True
Viscosity,0.23498313340628707,True
Viscosity,0.04725710989639076,True
Viscosity,0.15457537852385017,True
Viscosity,0.036647844077392744,True
Viscosity,0.21836157924987853,True
Viscosity,0.05756904501503968,True
Viscosity,0.03485802255339454,True
Viscosity,0.10676794582132865,True
Viscosity,0.10896322878435871,True
Viscosity,0.05118278015851363,True
Viscosity,0.11707219123759094,True
Viscosity,0.05401488820039324,True
Viscosity,0.47539543864066824,True
Viscosity,0.039683306520974515,True
Viscosity,1.2145053349712098,True
Viscosity,0.04973948880003043,True
Viscosity,0.06835406434009927,True
Viscosity,0.14904350761006624,True
Viscosity,0.20991969138208866,True
Viscosity,0.4998458345704404,True
Viscosity,0.04351400992672616,True
Viscosity,0.025309129888144932,True
Viscosity,0.01192090802200474,True
Viscosity,0.21949273281196113,True
Viscosity,0.4208493168515558,True
Viscosity,0.06067321617867322,True
Viscosity,0.029431319428485314,True
Viscosity,0.016914728827584824,True
Viscosity,0.5761690647974209,True
Viscosity,0.04751826376083779,True
Viscosity,0.007754452829625169,True
Viscosity,0.04199863816204852,True
Viscosity,0.014394842991267254,True
Viscosity,0.000710001410462624,True
Viscosity,0.0011101128724755327,True
Viscosity,0.07377725130283475,True
Viscosity,0.02471889770683955,True
Viscosity,0.06577802800982147,True
Viscosity,0.012213908236776594,True
Viscosity,0.10710096580906114,True
Viscosity,0.1246874322481566,True
Viscosity,0.12741330289086505,True
Viscosity,0.0029295028367606335,True
Viscosity,0.05114628985616143,True
Viscosity,0.03981886503267962,True
Viscosity,0.2162642025635747,True
Viscosity,0.5186619432101502,True
Viscosity,0.03207952442819351,True
Viscosity,0.07268560051823636,True
Viscosity,0.12952417983985498,True
Viscosity,0.18464102266529456,True
Viscosity,0.15326500911476615,True
Viscosity,0.08537843553698332,True
Viscosity,0.007037958941369382,True
Viscosity,0.1470330925931349,True
Viscosity,0.009165587961839972,True
Viscosity,0.004438630336793814,True
Viscosity,0.08941744063585899,True
Viscosity,0.024037007419510648,True
Viscosity,0.059067674367567324,True
Viscosity,0.008399396442615226,True
Viscosity,0.005127418244169846,True
Viscosity,0.13693734231187404,True
Viscosity,0.026444433205768725,True
Viscosity,0.055300277879519744,True
Viscosity,0.2625471164073705,True
Viscosity,0.2252270547715547,True
Viscosity,0.01860250831485466,True
Viscosity,0.7631336985077204,True
Viscosity,0.726312204289371,True
Viscosity,0.08714693582354505,True
Viscosity,0.03666543739028594,True
Viscosity,0.0386119970500749,True
Viscosity,0.22290439695787434,True
Viscosity,0.2048535830226248,True
Viscosity,0.007273650320189784,True
Viscosity,0.03235298933841868,True
Viscosity,0.09837989769578925,True
Viscosity,0.05223965730990843,True
Viscosity,0.009537100249068953,True
Viscosity,0.01852896460179032,True
Viscosity,0.028206629518449766,True
Viscosity,0.04362185389904116,True
Viscosity,0.019232370975989177,True
Viscosity,0.04408059214293836,True
Viscosity,0.03418057670822083,True
Viscosity,0.012386790011185589,True
Viscosity,0.1480100180978543,True
Viscosity,0.15844849921811743,True
Viscosity,0.16684480806626212,True
Viscosity,0.05993272048381648,True
Viscosity,0.11817510473034831,True
Viscosity,0.009133575416859774,True
Viscosity,0.2490633392662256,True
Viscosity,0.07239508948755446,True
Viscosity,0.01079287263415818,True
Viscosity,0.5666872297708443,True
Viscosity,0.05877588979116233,True
Viscosity,0.027132722325696634,True
Viscosity,0.0631275633881625,True
Viscosity,0.041610537715048856,True
Viscosity,0.10388359543205361,True
Viscosity,0.01767601260794871,True
Viscosity,0.1406115497104259,True
Viscosity,0.06005124500778214,True
Viscosity,0.20102176786590764,True
Viscosity,0.04733607842208704,True
Viscosity,0.05744376344313151,True
Viscosity,0.24471138652188085,True
Viscosity,0.04978558660912569,True
Viscosity,0.02639717525779428,True
Viscosity,0.051987738218084445,True
Viscosity,0.0650191063904626,True
Viscosity,0.00519262831907108,True
Viscosity,0.034670238398108344,True
Viscosity,0.01935981177011392,True
Viscosity,0.04663939674938211,True
Viscosity,0.010751717215939038,True
Viscosity,0.043201189387472416,True
Viscosity,0.04441509571343305,True
Viscosity,0.12746590814214054,True
Viscosity,0.10729454524907323,True
Viscosity,0.032347437303843485,True
Viscosity,0.00853093304121666,True
Viscosity,0.13715439224829318,True
Viscosity,0.2335859672257028,True
Viscosity,0.452535988945566,True
Viscosity,0.047244761763651555,True
Viscosity,0.15636737429104297,True
Viscosity,0.15411030028291028,True
Viscosity,0.030926868459302703,True
Viscosity,0.47055935587747166,True
Viscosity,0.08696745445642184,True
Viscosity,0.09667039594314408,True
Viscosity,0.008651328434038597,True
Viscosity,0.5262200923452589,True
Viscosity,0.2783901293685487,True
Viscosity,0.010038738853872964,True
Viscosity,0.10161527608609555,True
Viscosity,0.028864645265071598,True
Viscosity,0.020626000695161295,True
Viscosity,0.025739311662637654,True
Viscosity,0.037917686919148874,True
Viscosity,0.022148171568873387,True
Viscosity,0.006757289953098322,True
Viscosity,0.052298616031829503,True
Viscosity,0.02615792113346682,True
Viscosity,0.20588628593383174,True
Viscosity,0.08274303638242975,True
Viscosity,0.1041882502601923,True
Viscosity,0.08145357241621642,True
Viscosity,0.03910829789740777,True
Viscosity,0.021759722343336785,True
Viscosity,0.04227290727856392,True
Viscosity,0.052818927209324684,True
Viscosity,0.04779645618926086,True
Viscosity,0.1204564645814794,True
Viscosity,0.008194024970752167,True
Viscosity,0.04774554779740381,True
Viscosity,0.09522781322924434,True
Viscosity,0.013631240637735242,True
Viscosity,0.09930948721091903,True
Viscosity,0.017573912267193847,True
Viscosity,0.05913860669583482,True
ElectricalConductivity,0.07337518347380367,True
ElectricalConductivity,0.07036439964786381,True
ElectricalConductivity,0.050534252389287604,True
ElectricalConductivity,0.2020753589595199,True
ElectricalConductivity,0.0524500979974567,True
ElectricalConductivity,0.03156346784183567,True
ElectricalConductivity,0.04441208752985082,True
ElectricalConductivity,0.8909033603687515,True
ElectricalConductivity,0.03568908732207632,True
ElectricalConductivity,0.026741667137761715,True
ElectricalConductivity,0.1885079445434332,True
ElectricalConductivity,0.04103482780651069,True
ElectricalConductivity,0.08142518084335237,True
ElectricalConductivity,0.1288838466559079,True
ElectricalConductivity,0.055376557051564745,True
ElectricalConductivity,0.03724900875128351,True
ElectricalConductivity,0.07750562790646853,True
ElectricalConductivity,0.4251672032974352,True
ElectricalConductivity,0.07723930724335815,True
ElectricalConductivity,0.0008319497478255222,True
ElectricalConductivity,0.014780308535418951,True
ElectricalConductivity,0.01055624252981241,True
ElectricalConductivity,0.028958245582238584,True
ElectricalConductivity,3.290691654689498,True
ElectricalConductivity,0.03206535639163044,True
ElectricalConductivity,0.09010357176247033,True
ElectricalConductivity,0.1920090604633249,True
ElectricalConductivity,0.11240781905805175,True
ElectricalConductivity,0.04385707267104877,True
ElectricalConductivity,0.03760479063871042,True
ElectricalConductivity,0.2479405939108914,True
ElectricalConductivity,0.06936177865120818,True
ElectricalConductivity,0.25649461348825175,True
ElectricalConductivity,0.6825311796976501,True
ElectricalConductivity,0.044670858975842664,True
ElectricalConductivity,0.08730423069014381,True
ElectricalConductivity,0.020735285167747808,True
ElectricalConductivity,0.038768220684113563,True
ElectricalConductivity,0.04416285103548563,True
ElectricalConductivity,0.08611006592774156,True
ElectricalConductivity,0.26045732311195113,True
ElectricalConductivity,0.0660677806550165,True
ElectricalConductivity,0.09198861888821153,True
ElectricalConductivity,0.08648631205686907,True
ElectricalConductivity,0.15872703995779514,True
ElectricalConductivity,0.07672240867706384,True
ElectricalConductivity,0.04830490094563111,True
ElectricalConductivity,0.3431141710011255,True
ElectricalConductivity,0.03620259732880293,True
ElectricalConductivity,0.07806180742524282,True
ElectricalConductivity,0.005158523296266315,True
ElectricalConductivity,0.2601870522408239,True
ElectricalConductivity,0.2634740800850818,True
ElectricalConductivity,0.06295287951948714,True
ElectricalConductivity,0.0195146931687058,True
ElectricalConductivity,0.11041640251392337,True
ElectricalConductivity,0.08276989432006232,True
ElectricalConductivity,0.23121311965689184,True
ElectricalConductivity,0.7359263116995094,True
ElectricalConductivity,0.6060343488228774,True
ElectricalConductivity,0.16824549282289247,True
ElectricalConductivity,0.050963566901233326,True
ElectricalConductivity,0.17666391704431617,True
ElectricalConductivity,0.03574665718369474,True
ElectricalConductivity,0.02247120282924986,True
ElectricalConductivity,0.06793133083372105,True
ElectricalConductivity,0.12442996120066407,True
ElectricalConductivity,0.03213262891430935,True
ElectricalConductivity,0.16466710850352906,True
ElectricalConductivity,0.2503929221441843,True
ElectricalConductivity,0.044999564584646545,True
ElectricalConductivity,0.0452395498026279,True
ElectricalConductivity,0.14735879543192354,True
ElectricalConductivity,0.0010123797675050394,True
ElectricalConductivity,0.019932882207553848,True
ElectricalConductivity,0.03672711618268251,True
ElectricalConductivity,0.015425908252710396,True
ElectricalConductivity,0.04172056710097094,True
ElectricalConductivity,0.06556202886994122,True
ElectricalConductivity,0.14116256867328847,True
ElectricalConductivity,0.27812024231646504,True
ElectricalConductivity,0.038745131992415305,True
ElectricalConductivity,0.5706022347005266,True
ElectricalConductivity,0.005529232369612114,True
ElectricalConductivity,0.22247992361590563,True
ElectricalConductivity,0.15475550021292328,True
ElectricalConductivity,0.20605536990066575,True
ElectricalConductivity,0.6907887642725901,True
ElectricalConductivity,0.0537141938075365,True
ElectricalConductivity,0.07622827162554535,True
ElectricalConductivity,0.06855969201105339,True
ElectricalConductivity,0.09926062737060937,True
ElectricalConductivity,0.09415495840761534,True
ElectricalConductivity,0.039829654140318915,True
ElectricalConductivity,0.16162784916155637,True
ElectricalConductivity,0.03459569827523623,True
ElectricalConductivity,0.026806361131815892,True
ElectricalConductivity,0.08542232450787268,True
ElectricalConductivity,0.018083132761414933,True
ElectricalConductivity,0.0868650508149571,True
ElectricalConductivity,0.10411180382095386,True
ElectricalConductivity,0.08676355736175356,True
ElectricalConductivity,0.05382541043345723,True
ElectricalConductivity,0.020754919680986195,True
ElectricalConductivity,0.018561663436292508,True
ElectricalConductivity,0.009864057810895971,True
ElectricalConductivity,0.09802486503992947,True
ElectricalConductivity,0.009144637416073076,True
ElectricalConductivity,0.24622296520279363,True
ElectricalConductivity,0.0057167972503512215,True
ElectricalConductivity,0.024302361013533003,True
ElectricalConductivity,0.0036659620204542165,True
ElectricalConductivity,0.14189319686150115,True
ElectricalConductivity,0.09149706461469953,True
ElectricalConductivity,0.040076687144730956,True
ElectricalConductivity,0.535058686370182,True
ElectricalConductivity,0.23092415212677986,True
ElectricalConductivity,0.25633345290395004,True
ElectricalConductivity,0.16835447178506957,True
ElectricalConductivity,0.11539855692309686,True
ElectricalConductivity,2.555508444153158,True
ElectricalConductivity,0.014229247470582518,True
ElectricalConductivity,0.011217843843249309,True
ElectricalConductivity,0.21095914264376903,True
ElectricalConductivity,0.041029181513179136,True
ElectricalConductivity,0.2738794836717888,True
ElectricalConductivity,0.05314009030192113,True
ElectricalConductivity,0.039701575184907245,True
ElectricalConductivity,0.008989702352049322,True
ElectricalConductivity,0.09188136491449495,True
ElectricalConductivity,0.036594599892586954,True
ElectricalConductivity,0.04255194697192832,True
ElectricalConductivity,0.06979070009510055,True
ElectricalConductivity,0.1557253990152221,True
ElectricalConductivity,0.03834474881347372,True
ElectricalConductivity,0.05098382048503369,True
ElectricalConductivity,0.055639920133499055,True
ElectricalConductivity,0.06235514758575267,True
ElectricalConductivity,0.0890458472348985,True
ElectricalConductivity,0.0860869211671556,True
ElectricalConductivity,0.019013698806834914,True
ElectricalConductivity,0.15341869223762117,True
ElectricalConductivity,0.21812472581109343,True
ElectricalConductivity,0.07872565612640259,True
ElectricalConductivity,0.010442187509109413,True
ElectricalConductivity,0.08992514707588017,True
ElectricalConductivity,0.0034220520026566614,True
ElectricalConductivity,0.14532532147293775,True
ElectricalConductivity,0.06205710068692985,True
ElectricalConductivity,0.018859317595701697,True
ElectricalConductivity,0.07632618995080157,True
ElectricalConductivity,0.007706166765627853,True
ElectricalConductivity,0.13297196231983976,True
ElectricalConductivity,0.09235036075977726,True
ElectricalConductivity,0.11625410795147628,True
ElectricalConductivity,0.15485313820635715,True
ElectricalConductivity,0.114320484631616,True
ElectricalConductivity,0.2888904472252831,True
ElectricalConductivity,0.3545248815974844,True
ElectricalConductivity,0.006333383358764877,True
ElectricalConductivity,0.027983205709586567,True
ElectricalConductivity,0.017551742057127395,True
ElectricalConductivity,0.03234975130616635,True
ElectricalConductivity,0.058250170597773376,True
ElectricalConductivity,0.18710977093241077,True
ElectricalConductivity,0.07784936546544383,True
ElectricalConductivity,0.025934071557720872,True
ElectricalConductivity,0.012570275102334438,True
ElectricalConductivity,0.07336853922124442,True
ElectricalConductivity,0.1234579530829713,True
ElectricalConductivity,0.09585895203504824,True
ElectricalConductivity,13.190881724697308,True
ElectricalConductivity,0.00773975852768094,True
ElectricalConductivity,0.148240389375335,True
ElectricalConductivity,0.027619185650093137,True
ElectricalConductivity,0.2571121487590351,True
ElectricalConductivity,0.0705268165618087,True
ElectricalConductivity,0.08254733989801477,True
ElectricalConductivity,0.054395928844797714,True
ElectricalConductivity,0.09729367749685525,True
ElectricalConductivity,0.05061282488879526,True
ElectricalConductivity,0.10203039915531598,True
ElectricalConductivity,0.13802640797666865,True
ElectricalConductivity,0.07955580448297006,True
ElectricalConductivity,0.06353220362347103,True
ElectricalConductivity,0.019300878783037767,True
ElectricalConductivity,0.03496312265170215,True
ElectricalConductivity,0.06432939244168856,True
ElectricalConductivity,0.03148524409063583,True
ElectricalConductivity,0.07026291070816137,True
ElectricalConductivity,0.03347629929210383,True
ElectricalConductivity,0.022120535325936483,True
ElectricalConductivity,0.008576854028827366,True
ElectricalConductivity,0.040100326659476826,True
ElectricalConductivity,0.03465392892091773,True
ElectricalConductivity,0.017694089018856385,True
ElectricalConductivity,0.06291577040599045,True
ElectricalConductivity,0.707589696871608,True
ElectricalConductivity,0.03328623917191287,True
ElectricalConductivity,0.011503335293920447,True
ElectricalConductivity,0.2189876921635019,True
ElectricalConductivity,0.00046060421683025154,True
ElectricalConductivity,0.017648668568872705,True
ElectricalConductivity,0.02350370582581418,True
ElectricalConductivity,0.7773569741409672,True
ElectricalConductivity,0.09472386364964969,True
ElectricalConductivity,0.09954182931022171,True
ElectricalConductivity,0.05776864843013085,True
ElectricalConductivity,0.06882979500744807,True
ElectricalConductivity,0.07459223327573405,True
ElectricalConductivity,0.04352973302014107,True
ElectricalConductivity,0.07169941842091143,True
ElectricalConductivity,0.0829489763983724,True
ElectricalConductivity,0.004665339019690906,True
ElectricalConductivity,0.035497735186135415,True
ElectricalConductivity,0.05137797304093927,True
ElectricalConductivity,0.1678389080761855,True
ElectricalConductivity,0.059584039913968545,True
ElectricalConductivity,0.009669818441659817,True
ElectricalConductivity,0.005037556478524885,True
ElectricalConductivity,0.017965804484624037,True
ElectricalConductivity,0.03148806865049503,True
ElectricalConductivity,0.0707592049719632,True
ElectricalConductivity,0.0367740336610817,True
ElectricalConductivity,0.05063222834543235,True
ElectricalConductivity,0.0012683895064669048,True
ElectricalConductivity,0.037850876341866346,True
ElectricalConductivity,0.062356929468760036,True
ElectricalConductivity,0.05886133357328349,True
ElectricalConductivity,0.09341386477844171,True
ElectricalConductivity,0.0842246775871136,True
ElectricalConductivity,0.044386293928663,True
ElectricalConductivity,0.17444894455992888,True
ElectricalConductivity,0.2298578875521335,True
ElectricalConductivity,0.34532689221401014,True
ElectricalConductivity,0.019097157475504195,True
ElectricalConductivity,0.05028641279902362,True
ElectricalConductivity,0.18893897549934668,True
ElectricalConductivity,0.10230952325313677,True
ElectricalConductivity,0.0687566414739158,True
ElectricalConductivity,0.1199142041800747,True
ElectricalConductivity,0.05612542941203702,True
ElectricalConductivity,0.3072551051772704,True
ElectricalConductivity,0.027161111002054206,True
ElectricalConductivity,0.18785804370319736,True
ElectricalConductivity,0.16445894959441465,True
ElectricalConductivity,0.0622888740715945,True
ElectricalConductivity,0.002978131418553076,True
ElectricalConductivity,0.08888435903750103,True
ElectricalConductivity,0.1021180435281511,True
ElectricalConductivity,0.056726537494318,True
ElectricalConductivity,0.04736520150935419,True
ElectricalConductivity,0.1629524467619885,True
ElectricalConductivity,0.28915155900514156,True
ElectricalConductivity,0.014050749148873276,True
ElectricalConductivity,0.02035566066978811,True
ElectricalConductivity,0.028148840145229448,True
ElectricalConductivity,0.028208616236021,True
ElectricalConductivity,0.04873433338267974,True
ElectricalConductivity,0.42241499470481986,True
ElectricalConductivity,0.2492353211270247,True
ElectricalConductivity,0.03901268718286604,True
ElectricalConductivity,0.02318711507379656,True
ElectricalConductivity,0.20548321580696172,True
ElectricalConductivity,0.09309454984467119,True
ElectricalConductivity,0.01639687887665775,True
ElectricalConductivity,0.09478197845815517,True
ElectricalConductivity,0.20441719583778695,True
ElectricalConductivity,0.05670504132374288,True
ElectricalConductivity,0.23345447163869082,True
ElectricalConductivity,0.029939824876100696,True
ElectricalConductivity,0.08401106198547337,True
ElectricalConductivity,0.01791654041014823,True
ElectricalConductivity,0.017694334567599057,True
ElectricalConductivity,0.02068754506895376,True
ElectricalConductivity,0.2019311260096286,True
ElectricalConductivity,0.014180659066877155,True
ElectricalConductivity,0.07818613315596146,True
ElectricalConductivity,0.05707569027980619,True
ElectricalConductivity,0.2605666509545571,True
ElectricalConductivity,0.03287013220203083,True
ElectricalConductivity,1.9946674930276926,True
ElectricalConductivity,0.24473992968037084,True
ElectricalConductivity,0.028623505499496105,True
ElectricalConductivity,0.05544919775219126,True
ElectricalConductivity,0.19029458049319192,True
ElectricalConductivity,0.043689932223559325,True
ElectricalConductivity,0.006160863868775169,True
ElectricalConductivity,0.7176176796188949,True
ElectricalConductivity,0.046033017419767175,True
ElectricalConductivity,0.02898697649424742,True
ElectricalConductivity,0.029815886395955005,True
ElectricalConductivity,0.0047729118467102205,True
ElectricalConductivity,0.4941791083160605,True
ElectricalConductivity,0.2916772697976304,True
ElectricalConductivity,0.0695930318430447,True
ElectricalConductivity,0.0696469314914161,True
ElectricalConductivity,0.1089130352522858,True
ElectricalConductivity,0.5206178829354842,True
ElectricalConductivity,0.1549732585250571,True
ElectricalConductivity,0.009483237323075544,True
ElectricalConductivity,0.18323801240342275,True
ElectricalConductivity,0.17283511966840476,True
ElectricalConductivity,3.9783694496244637,True
ElectricalConductivity,0.11709592824321913,True
ElectricalConductivity,0.21142510495670003,True
ElectricalConductivity,0.10960102019300055,True
ElectricalConductivity,0.01790985460709571,True
ElectricalConductivity,0.009929696644111474,True
ElectricalConductivity,0.024111674328926802,True
ElectricalConductivity,0.0005847956208722138,True
ElectricalConductivity,0.10727666491501697,True
ElectricalConductivity,0.09567130777158872,True
ElectricalConductivity,0.1287707421579407,True
ElectricalConductivity,0.07988338173812437,True
ElectricalConductivity,0.1007395883006077,True
ElectricalConductivity,0.054655036588445505,True
ElectricalConductivity,0.0741475128928592,True
ElectricalConductivity,0.03684569286582004,True
ElectricalConductivity,0.18189448148329124,True
ElectricalConductivity,0.09816795416449728,True
ElectricalConductivity,0.03733944980730142,True
ElectricalConductivity,0.5363368637453314,True
ElectricalConductivity,0.04565291295120111,True
ElectricalConductivity,0.13855250291900223,True
ElectricalConductivity,0.023475688835205233,True
ElectricalConductivity,0.0826753849439803,True
ElectricalConductivity,0.04801717153645013,True
ElectricalConductivity,1.0115016969895496,True
ElectricalConductivity,0.013509380153977735,True
ElectricalConductivity,0.04196273525597287,True
ElectricalConductivity,2.5410022881379932,True
ElectricalConductivity,0.045955507104113696,True
ElectricalConductivity,0.2507037326895549,True
ElectricalConductivity,0.02952241262788613,True
ElectricalConductivity,0.018686008507990515,True
ElectricalConductivity,0.06365265738488746,True
ElectricalConductivity,0.47667100709957677,True
ElectricalConductivity,0.044964543932872414,True
ElectricalConductivity,0.061176035225009695,True
ElectricalConductivity,0.08461497208977328,True
ElectricalConductivity,0.09292394514852542,True
ElectricalConductivity,0.0368092977739336,True
ElectricalConductivity,0.05607615493533328,True
ElectricalConductivity,0.07214257449689532,True
ElectricalConductivity,0.008063415077579683,True
ElectricalConductivity,0.04555462584687309,True
ElectricalConductivity,0.056896029484041044,True
ElectricalConductivity,0.20950384784749126,True
ElectricalConductivity,0.028903588688127146,True
ElectricalConductivity,0.7712540406854993,True
ElectricalConductivity,0.1445479331668964,True
ElectricalConductivity,0.12397938640908623,True
ElectricalConductivity,0.11146948462612494,True
ElectricalConductivity,0.058511638935729304,True
ElectricalConductivity,0.08108280979577343,True
ElectricalConductivity,0.011850426123305835,True
ElectricalConductivity,0.007342875474593891,True
ElectricalConductivity,0.165209042272628,True
ElectricalConductivity,0.048871389430731105,True
ElectricalConductivity,0.011326790838097733,True
ElectricalConductivity,0.021448567666603857,True
ElectricalConductivity,0.6255112403794328,True
ElectricalConductivity,0.22962246380580642,True
ElectricalConductivity,0.061707637645124214,True
ElectricalConductivity,0.14633492698065412,True
ElectricalConductivity,0.2715568574446734,True
ElectricalConductivity,0.20106537054189588,True
ElectricalConductivity,0.13830097893088128,True
ElectricalConductivity,0.0049140175257407215,True
ElectricalConductivity,0.13831471782158555,True
ElectricalConductivity,0.059587052539235796,True
ElectricalConductivity,0.08804620769682359,True
ElectricalConductivity,0.023652736529340634,True
ElectricalConductivity,0.21012625110538363,True
ElectricalConductivity,0.34395875298217105,True
ElectricalConductivity,0.3081082877322441,True
ElectricalConductivity,0.05099510489813275,True
ElectricalConductivity,0.13485534049641945,True
ElectricalConductivity,0.009264517524568062,True
ElectricalConductivity,0.1674590987877178,True
ElectricalConductivity,0.05352582862095989,True
ElectricalConductivity,0.07155237565899393,True
ElectricalConductivity,0.06495577952932585,True
ElectricalConductivity,0.202660790873062,True
ElectricalConductivity,0.11183695734467225,True
ElectricalConductivity,0.07552379147160748,True
ElectricalConductivity,0.08546896972984663,True
ElectricalConductivity,0.05339240366880538,True
ElectricalConductivity,0.13849313654025952,True
ElectricalConductivity,0.0449146570225655,True
ElectricalConductivity,0.0941217056566952,True
ElectricalConductivity,0.12217618493457172,True
ElectricalConductivity,0.10288233043498862,True
ElectricalConductivity,0.001683894508176298,True
ElectricalConductivity,0.07295744394059867,True
ElectricalConductivity,0.40086693364108117,True
ElectricalConductivity,0.053151563916287614,True
ElectricalConductivity,0.13123503574709527,True
ElectricalConductivity,0.11320060201159388,True
ElectricalConductivity,0.17466799166618374,True
ElectricalConductivity,0.05219859525724846,True
ElectricalConductivity,0.14474494054159637,True
ElectricalConductivity,0.07952514596786744,True
ElectricalConductivity,0.05187973580001903,True
ElectricalConductivity,0.3840890162929672,True
ElectricalConductivity,0.06593879563735161,True
ElectricalConductivity,0.09977859777599307,True
ElectricalConductivity,0.06164063248574814,True
ElectricalConductivity,0.13622343385322822,True
ElectricalConductivity,0.12055359192716153,True
ElectricalConductivity,0.027658884596518662,True
ElectricalConductivity,0.17388066422931747,True
ElectricalConductivity,0.1445342770585194,True
ElectricalConductivity,0.06064533424023799,True
ElectricalConductivity,0.02025604453059593,True
ElectricalConductivity,0.04761194997007878,True
ElectricalConductivity,0.11499502577033105,True
ElectricalConductivity,0.09941710963947481,True
ElectricalConductivity,0.015342481736772218,True
ElectricalConductivity,0.04957660873335906,True
ElectricalConductivity,0.27968066362949917,True
ElectricalConductivity,0.01214030730368268,True
ElectricalConductivity,0.07498770807065158,True
ElectricalConductivity,0.23686734445209312,True
ElectricalConductivity,0.8477577403864691,True
ElectricalConductivity,0.06271859292350057,True
ElectricalConductivity,0.12484706411301702,True
ElectricalConductivity,0.1868367122890353,True
ElectricalConductivity,1.0347638036981035,True
ElectricalConductivity,0.04793602420480708,True
ElectricalConductivity,0.03094710189565264,True
ElectricalConductivity,0.04952518122858307,True
ElectricalConductivity,0.0023534610987208104,True
ElectricalConductivity,0.026356862834268302,True
ElectricalConductivity,0.06694130025387601,True
ElectricalConductivity,0.0824298270243877,True
ElectricalConductivity,0.030346593761471086,True
ElectricalConductivity,0.06259308459512836,True
ElectricalConductivity,0.01131320391244195,True
ElectricalConductivity,0.00162163911924873,True
ElectricalConductivity,0.21319541945963127,True
ElectricalConductivity,0.07532025573385503,True
ElectricalConductivity,0.07210858214168536,True
ElectricalConductivity,0.037331921666102774,True
ElectricalConductivity,0.1493036020035603,True
ElectricalConductivity,0.12874662743463872,True
ElectricalConductivity,0.13862543865479715,True
ElectricalConductivity,0.0023491306194910033,True
ElectricalConductivity,0.06286203649397837,True
ElectricalConductivity,0.11640078873724147,True
ElectricalConductivity,0.16944094794381276,True
ElectricalConductivity,0.06134557050611167,True
ElectricalConductivity,0.0010267568424651152,True
ElectricalConductivity,0.037353856912131445,True
ElectricalConductivity,0.0444853791249428,True
ElectricalConductivity,0.003506200110533153,True
ElectricalConductivity,0.05465277809430656,True
ElectricalConductivity,0.03313938172818076,True
ElectricalConductivity,0.008303089474565206,True
ElectricalConductivity,0.0667423086461445,True
ElectricalConductivity,0.060256989415539586,True
ElectricalConductivity,0.036791972985527055,True
ElectricalConductivity,0.16829161187565023,True
ElectricalConductivity,0.15655203445827603,True
ElectricalConductivity,0.03471313086702055,True
ElectricalConductivity,0.06982722579835876,True
ElectricalConductivity,0.015488067198440633,True
ElectricalConductivity,0.07585545863685716,True
ElectricalConductivity,0.09839874139085225,True
ElectricalConductivity,0.03765863885578513,True
ElectricalConductivity,0.0885403464998662,True
ElectricalConductivity,0.05417402305766458,True
ElectricalConductivity,0.0040082432634827025,True
ElectricalConductivity,0.04022455536786573,True
ElectricalConductivity,0.10538528699606431,True
ElectricalConductivity,0.0007723532290773161,True
ElectricalConductivity,0.010530688122600107,True
ElectricalConductivity,0.10986605526613058,True
ElectricalConductivity,0.02290608147700035,True
ElectricalConductivity,0.024519916954105714,True
ElectricalConductivity,0.05013808404720943,True
ElectricalConductivity,0.00046683505001254844,True
ElectricalConductivity,0.18201861549052412,True
ElectricalConductivity,0.1190459658720191,True
ElectricalConductivity,0.04799600981429508,True
ElectricalConductivity,0.007672091320550356,True
ElectricalConductivity,0.34380601950323886,True
ElectricalConductivity,0.08495400690916188,True
ElectricalConductivity,0.027675513494766046,True
ElectricalConductivity,0.0311683272892056,True
ElectricalConductivity,0.09940757619775198,True
ElectricalConductivity,0.3339841901695939,True
ElectricalConductivity,0.5759847419033106,True
ElectricalConductivity,0.06690522404909749,True
ElectricalConductivity,0.24497369893327803,True
ElectricalConductivity,0.41599179530155195,True
ElectricalConductivity,1.4547969677405703,True
ElectricalConductivity,0.09113974611890746,True
ElectricalConductivity,0.06128032984139775,True
ElectricalConductivity,0.006390888410528928,True
ElectricalConductivity,0.23250629367608155,True
ElectricalConductivity,0.04439781723534808,True
ElectricalConductivity,0.09675412080893686,True
ElectricalConductivity,0.019534739458588746,True
ElectricalConductivity,0.03715477536698231,True
ElectricalConductivity,0.08555383364395808,True
ElectricalConductivity,0.4592534437566176,True
ElectricalConductivity,0.13909635794508735,True
ElectricalConductivity,0.10102975014195348,True
ElectricalConductivity,0.057227211322621985,True
ElectricalConductivity,0.04225003421509044,True
ElectricalConductivity,0.05707987376226331,True
ElectricalConductivity,0.07949373296497791,True
ElectricalConductivity,0.016622053958788907,True
ElectricalConductivity,0.1357008011589551,True
ElectricalConductivity,0.16229553161693033,True
ElectricalConductivity,0.23960143558516522,True
ElectricalConductivity,0.12197233352521497,True
ElectricalConductivity,0.00871384059874315,True
ElectricalConductivity,0.04227449884675316,True
ElectricalConductivity,0.03831756987983492,True
ElectricalConductivity,0.04511831567958624,True
ElectricalConductivity,0.010614561829487168,True
ElectricalConductivity,0.5829636324991947,True
ElectricalConductivity,0.018889768711369825,True
ElectricalConductivity,0.3570317706452091,True
ElectricalConductivity,0.010234154510977866,True
ElectricalConductivity,0.3965225660897127,True
ElectricalConductivity,0.0925796060458396,True
ElectricalConductivity,0.0786198899495496,True
ElectricalConductivity,0.027553031473633305,True
ElectricalConductivity,0.04966591561177813,True
ElectricalConductivity,0.10556323677062407,True
ElectricalConductivity,0.22394637348971025,True
ElectricalConductivity,0.19775762778101758,True
ElectricalConductivity,0.0029408873312551376,True
ElectricalConductivity,0.0137241811471156,True
ElectricalConductivity,0.04838122919871202,True
ElectricalConductivity,0.07337056413876286,True
ElectricalConductivity,0.009929389764307794,True
ElectricalConductivity,0.032309495956216905,True
ElectricalConductivity,0.04955997332429041,True
ElectricalConductivity,0.008561752908155196,True
ElectricalConductivity,0.10810017636132607,True
ElectricalConductivity,0.03530393904546103,True
ElectricalConductivity,0.021446976473248558,True
ElectricalConductivity,0.09217166868331961,True
ElectricalConductivity,0.0680857158032162,True
ElectricalConductivity,0.056018431702666405,True
ElectricalConductivity,0.04750161124619856,True
ElectricalConductivity,0.0639486622654162,True
ElectricalConductivity,1.693566831013949,True
ElectricalConductivity,0.02219308873121484,True
ElectricalConductivity,0.013786367599311955,True
ElectricalConductivity,0.04609204786840165,True
ElectricalConductivity,0.031154646254409557,True
ElectricalConductivity,0.029158654454207067,True
ElectricalConductivity,0.04604989664947823,True
ElectricalConductivity,0.05932280475709001,True
ElectricalConductivity,0.04744823674197596,True
ElectricalConductivity,0.05246460667244474,True
ElectricalConductivity,0.026995449607462287,True
ElectricalConductivity,0.09381227743958864,True
ElectricalConductivity,0.03868749473775847,True
ElectricalConductivity,0.5122617145351143,True
ElectricalConductivity,0.06591492869291282,True
ElectricalConductivity,0.014396017154653995,True
ElectricalConductivity,0.15982600215481935,True
ElectricalConductivity,0.056677577424109726,True
ElectricalConductivity,0.027767090367611047,True
ElectricalConductivity,0.14634623793116797,True
ElectricalConductivity,0.051689517933418805,True
ElectricalConductivity,0.04678149108907981,True
ElectricalConductivity,0.011363059978678702,True
ElectricalConductivity,0.2164745354094454,True
ElectricalConductivity,0.07294959046293337,True
ElectricalConductivity,0.08731230948872004,True
ElectricalConductivity,0.08056347181907764,True
ElectricalConductivity,0.02497988306936394,True
ElectricalConductivity,0.031097944107506215,True
ElectricalConductivity,0.011880663516394385,True
ElectricalConductivity,0.055377564702279614,True
ElectricalConductivity,0.04654888831811821,True
ElectricalConductivity,0.010465232436825372,True
ElectricalConductivity,0.3671172981144947,True
ElectricalConductivity,0.3449820788311354,True
ElectricalConductivity,0.40207844025621853,True
ElectricalConductivity,4.606702809664306,True
ElectricalConductivity,0.1279177489023937,True
ElectricalConductivity,0.065842282712397,True
ElectricalConductivity,0.24701939470662637,True
ElectricalConductivity,0.15719707167106048,True
ElectricalConductivity,0.09977841967877588,True
ElectricalConductivity,0.017428171127621406,True
ElectricalConductivity,0.08067083338491843,True
ElectricalConductivity,0.15008684730415178,True
ElectricalConductivity,0.1951819553538865,True
ElectricalConductivity,0.27224549845790236,True
ElectricalConductivity,0.011469538341120133,True
ElectricalConductivity,0.018492794074843166,True
ElectricalConductivity,0.06172044677291133,True
ElectricalConductivity,0.011344101700657028,True
ElectricalConductivity,0.07945169268665198,True
ElectricalConductivity,0.009936602249678628,True
ElectricalConductivity,0.018123969209594026,True
ElectricalConductivity,0.017863967934253933,True
ElectricalConductivity,1.2649429605215188,True
ElectricalConductivity,0.07832948180026822,True
ElectricalConductivity,0.09686001876475081,True
ElectricalConductivity,0.059930711238604495,True
ElectricalConductivity,0.04083344386206594,True
ElectricalConductivity,0.03646952100353662,True
ElectricalConductivity,0.030176485471442555,True
ElectricalConductivity,0.04444847719135403,True
ElectricalConductivity,0.0942861144312312,True
ElectricalConductivity,0.017605208802351835,True
ElectricalConductivity,0.013563882643622738,True
ElectricalConductivity,0.0046308497629974354,True
ElectricalConductivity,0.24422691616787517,True
ElectricalConductivity,0.04302582908065694,True
ElectricalConductivity,0.11197416203214505,True
ElectricalConductivity,0.14170630128574002,True
ElectricalConductivity,0.22249658679819362,True
ElectricalConductivity,0.009044970643219408,True
ElectricalConductivity,0.006341161093254888,True
ElectricalConductivity,0.001992415167164252,True
ElectricalConductivity,0.05469923486929887,True
ElectricalConductivity,1.0155821739329944,True
ElectricalConductivity,0.01917304066230341,True
ElectricalConductivity,0.013927938993102712,True
ElectricalConductivity,0.11710615690488602,True
ElectricalConductivity,0.06971496945084854,True
ElectricalConductivity,0.10497067497393797,True
ElectricalConductivity,0.01803481775421581,True
ElectricalConductivity,0.07660081010600821,True
ElectricalConductivity,0.006180759710686434,True
ElectricalConductivity,0.04594988405214684,True
ElectricalConductivity,0.009171326473568886,True
ElectricalConductivity,0.014667445677766233,True
ElectricalConductivity,0.11036595049588878,True
ElectricalConductivity,0.08164139647633384,True
ElectricalConductivity,0.11714214910735804,True
ElectricalConductivity,0.12448217077996526,True
ElectricalConductivity,0.07707076794034995,True
ElectricalConductivity,0.036553933941768424,True
ElectricalConductivity,0.04154887153458198,True
ElectricalConductivity,0.018637425701112008,True
ElectricalConductivity,0.09467208245784398,True
ElectricalConductivity,0.020462898492543125,True
ElectricalConductivity,,False
ElectricalConductivity,0.018356619159698107,True
ElectricalConductivity,0.03174120131025826,True
ElectricalConductivity,,False
ElectricalConductivity,0.00891514176443664,True
ElectricalConductivity,0.03524540456885239,True
ElectricalConductivity,0.32231784644427686,True
ElectricalConductivity,0.0001833501695052142,True
ElectricalConductivity,0.02236970136599492,True
ElectricalConductivity,0.07407221610364711,True
ElectricalConductivity,0.06426334910296028,True
ElectricalConductivity,0.1968881808463998,True
ElectricalConductivity,0.030853140149566416,True
ElectricalConductivity,0.003172543538380035,True
ElectricalConductivity,0.008274776660772587,True
ElectricalConductivity,0.24869194762788638,True
ElectricalConductivity,0.25409998081886154,True
ElectricalConductivity,0.04326785185725868,True
ElectricalConductivity,0.047023415553657966,True
ElectricalConductivity,0.023338252108420887,True
ElectricalConductivity,0.017813436768485902,True
ElectricalConductivity,0.02121902409008551,True
ElectricalConductivity,0.017982479269722407,True
ElectricalConductivity,0.044602215633233716,True
ElectricalConductivity,0.03265636778592085,True
ElectricalConductivity,0.062285677224471314,True
ElectricalConductivity,1.9756247113849632,True
ElectricalConductivity,0.09564247706081241,True
ElectricalConductivity,0.07398992061201959,True
ElectricalConductivity,0.3351327767743376,True
ElectricalConductivity,0.011387172471691909,True
ElectricalConductivity,0.026196698677549257,True
ElectricalConductivity,0.06749333580641848,True
ElectricalConductivity,0.01609836174682394,True
ElectricalConductivity,0.07264662527104404,True
ElectricalConductivity,0.05858428531706067,True
ElectricalConductivity,0.10569269406323056,True
ElectricalConductivity,0.03186843866142693,True
ElectricalConductivity,0.13086902673342848,True
ElectricalConductivity,0.09570724818638676,True
ElectricalConductivity,0.13477035310859087,True
ElectricalConductivity,0.07580884555952283,True
ElectricalConductivity,1.6279685945459597,True
ElectricalConductivity,0.11827762222987559,True
ElectricalConductivity,0.1263141314992744,True
ElectricalConductivity,0.08787804539161792,True
ElectricalConductivity,0.006606537066320639,True
ElectricalConductivity,0.042542455637519565,True
ElectricalConductivity,0.004028371356874061,True
ElectricalConductivity,0.042848473440727286,True
ElectricalConductivity,0.04528065778420842,True
ElectricalConductivity,0.006831027559130898,True
ElectricalConductivity,0.1468912373769653,True
ElectricalConductivity,0.07524287519457484,True
ElectricalConductivity,0.28025028372442407,True
ElectricalConductivity,0.07965824814636416,True
ElectricalConductivity,0.0819803860261965,True
ElectricalConductivity,0.03088950770142973,True
ElectricalConductivity,0.025762793958755026,True
ElectricalConductivity,0.021054524840204203,True
ElectricalConductivity,0.12466137796564442,True
ElectricalConductivity,0.0011179765944130393,True
ElectricalConductivity,0.011622952151649324,True
ElectricalConductivity,0.20070008747739165,True
ElectricalConductivity,0.05482002431695898,True
ElectricalConductivity,0.2110276138113032,True
ElectricalConductivity,0.044370720470752634,True
ElectricalConductivity,0.0031804586614416763,True
ElectricalConductivity,0.0909149708242476,True
ElectricalConductivity,0.023648025565717212,True
ElectricalConductivity,0.0047379241391865,True
ElectricalConductivity,1.4212804391760212,True
ElectricalConductivity,0.00839177935910218,True
ElectricalConductivity,0.07939689893687962,True
ElectricalConductivity,0.07405428542457126,True
HeatCapacity,0.013426754537140262,True
HeatCapacity,0.0015731144087798299,True
HeatCapacity,0.05262570272405753,True
HeatCapacity,0.2764544147276844,True
HeatCapacity,0.006158411578486067,True
HeatCapacity,0.0010615324549254623,True
HeatCapacity,0.00825257158482895,True
HeatCapacity,0.0038580981978952877,True
HeatCapacity,0.06062365672084802,True
HeatCapacity,0.0017296284537549056,True
HeatCapacity,0.005346327649281335,True
HeatCapacity,0.0027423052795327862,True
HeatCapacity,0.03382493335595704,True
HeatCapacity,0.0019521739217029932,True
HeatCapacity,0.014870639682289521,True
HeatCapacity,0.011056953166848515,True
HeatCapacity,0.01150078087583406,True
HeatCapacity,0.0013689495342745772,True
HeatCapacity,0.002515327136070944,True
HeatCapacity,0.030828020118311983,True
HeatCapacity,0.003111785769623232,True
HeatCapacity,0.014617921861038496,True
HeatCapacity,0.022714128301274172,True
HeatCapacity,0.009310776312291935,True
HeatCapacity,0.07302513955827905,True
HeatCapacity,0.022860076911487504,True
HeatCapacity,0.0035567423858067215,True
HeatCapacity,0.0017315029642590574,True
HeatCapacity,0.005575652297122424,True
HeatCapacity,1.8601508759985563e-06,True
HeatCapacity,0.008669906884847478,True
HeatCapacity,0.026254726816246965,True
HeatCapacity,0.026247873506529906,True
HeatCapacity,0.005703523445876435,True
HeatCapacity,0.005606714317105244,True
HeatCapacity,0.027232636434385782,True
HeatCapacity,0.008870155251648804,True
HeatCapacity,0.0027632233291718933,True
HeatCapacity,0.002768157492500478,True
HeatCapacity,0.008834720293779519,True
HeatCapacity,0.006867946811203396,True
HeatCapacity,0.011830290989016667,True
HeatCapacity,0.010530385202059733,True
HeatCapacity,3.336689265154291e-05,True
HeatCapacity,0.009899623674848534,True
HeatCapacity,0.0022306872495283514,True
HeatCapacity,0.02262157962395861,True
HeatCapacity,0.0005965512018724084,True
HeatCapacity,0.0007863979521403053,True
HeatCapacity,0.0018805688677101529,True
HeatCapacity,0.1254511852699407,True
HeatCapacity,0.00055065710423019,True
HeatCapacity,0.0009684514658898635,True
HeatCapacity,0.033426705116721855,True
HeatCapacity,0.040566014646188364,True
HeatCapacity,0.002223916542380522,True
HeatCapacity,0.033709113540350444,True
HeatCapacity,0.02465067481432026,True
HeatCapacity,0.014194914158299987,True
HeatCapacity,0.0013937334575215843,True
HeatCapacity,0.001232664843440645,True
HeatCapacity,0.0004564284772285987,True
HeatCapacity,0.0025076957982781423,True
HeatCapacity,0.012370041329888615,True
HeatCapacity,0.00179657179063053,True
HeatCapacity,0.0063690640129934195,True
HeatCapacity,0.008930655027232781,True
HeatCapacity,0.0061631592518924805,True
HeatCapacity,0.023878587748511926,True
HeatCapacity,0.0005183527201522153,True
HeatCapacity,0.009328364132314526,True
HeatCapacity,0.010399784747726848,True
HeatCapacity,0.006968541100931702,True
HeatCapacity,0.0004395813718041097,True
HeatCapacity,0.013380946402167027,True
HeatCapacity,0.00046293850760381616,True
HeatCapacity,0.030373578832726622,True
HeatCapacity,0.007450607460075531,True
HeatCapacity,0.0271755836195835,True
HeatCapacity,0.010375896559619235,True
HeatCapacity,0.0011686233071248608,True
HeatCapacity,0.0018343964221942954,True
HeatCapacity,0.002735637104155586,True
HeatCapacity,0.002087141244973445,True
HeatCapacity,0.0018549616626319931,True
HeatCapacity,0.012473549566010433,True
HeatCapacity,0.004660591542267056,True
HeatCapacity,0.012025823666899527,True
HeatCapacity,0.030883761084161243,True
HeatCapacity,0.05672459606606761,True
HeatCapacity,0.002203429998096418,True
HeatCapacity,0.007505375334377895,True
HeatCapacity,0.005339609978938675,True
HeatCapacity,0.008016625248312259,True
HeatCapacity,0.00046585412063837595,True
HeatCapacity,0.00023514184351558498,True
HeatCapacity,0.0034518678485166987,True
HeatCapacity,0.011708682000683979,True
HeatCapacity,0.012540409576264011,True
HeatCapacity,0.022144329507451488,True
HeatCapacity,0.004153233629765829,True
HeatCapacity,0.02983420748927479,True
HeatCapacity,0.0077800075236353905,True
HeatCapacity,0.002210074220516667,True
HeatCapacity,0.08170368512093962,True
HeatCapacity,0.006191291709561675,True
HeatCapacity,0.0019903095475655164,True
HeatCapacity,0.0043191757050236035,True
HeatCapacity,0.011014021263105356,True
HeatCapacity,0.0354647070339249,True
HeatCapacity,0.02012255670971186,True
HeatCapacity,0.00393001835602913,True
HeatCapacity,0.002273096742781533,True
HeatCapacity,0.018004817224813507,True
HeatCapacity,0.0014648613419332435,True
HeatCapacity,0.0017504215047390304,True
HeatCapacity,0.0028591297945990135,True
HeatCapacity,0.0012513374695712898,True
HeatCapacity,0.004502336440064703,True
HeatCapacity,0.006459722925994171,True
HeatCapacity,0.0017027999721745957,True
HeatCapacity,0.014575838778815076,True
HeatCapacity,0.0005827304288192892,True
HeatCapacity,0.008991347571273955,True
HeatCapacity,0.009429017224779734,True
HeatCapacity,0.008652281387740324,True
HeatCapacity,0.0069513250362343015,True
HeatCapacity,0.017136070142255377,True
HeatCapacity,0.002835728456551223,True
HeatCapacity,0.004429907339430272,True
HeatCapacity,0.036994070507070376,True
HeatCapacity,0.01863952603422092,True
HeatCapacity,0.005103588141961879,True
HeatCapacity,0.0014571352784260583,True
HeatCapacity,0.009171572835133368,True
HeatCapacity,0.018463651575383544,True
HeatCapacity,0.002247867607994891,True
HeatCapacity,0.004349251153695555,True
HeatCapacity,0.00953590676776539,True
HeatCapacity,0.0007009834196951559,True
HeatCapacity,0.0029893666550249165,True
HeatCapacity,0.03060711621611567,True
HeatCapacity,0.0005883759065632432,True
HeatCapacity,0.024229401586853605,True
HeatCapacity,0.003152857428299072,True
HeatCapacity,0.0010756469037884742,True
HeatCapacity,0.004536155745407555,True
HeatCapacity,0.006762506469119245,True
HeatCapacity,0.020020555982307897,True
HeatCapacity,0.0017547483690201204,True
HeatCapacity,0.007832067847624913,True
HeatCapacity,0.002758097711144991,True
HeatCapacity,0.00014882922254155773,True
HeatCapacity,0.002523015207659185,True
HeatCapacity,0.0011568237916321777,True
HeatCapacity,0.0019540618493048,True
HeatCapacity,0.00343365233788262,True
HeatCapacity,0.0010809864664169666,True
HeatCapacity,0.01086153326307393,True
HeatCapacity,0.0005069595288160755,True
HeatCapacity,0.011934187626104098,True
HeatCapacity,0.004229071540825302,True
HeatCapacity,0.049271120004109825,True
HeatCapacity,9.501464967254236e-05,True
HeatCapacity,0.0011362885345933549,True
HeatCapacity,0.001022843724450162,True
HeatCapacity,0.005850789468675899,True
HeatCapacity,0.003313027545159386,True
HeatCapacity,0.005043039602753652,True
HeatCapacity,0.004665446431466158,True
HeatCapacity,0.0066776362789395804,True
HeatCapacity,0.03977597599662719,True
HeatCapacity,0.003872428435228059,True
HeatCapacity,0.017591454371982174,True
HeatCapacity,0.002839633908473971,True
HeatCapacity,0.0020452761369416095,True
HeatCapacity,0.02509346825917369,True
HeatCapacity,0.005511216297516164,True
HeatCapacity,0.004650242581803354,True
HeatCapacity,0.028480384052859797,True
HeatCapacity,0.00046341386727988265,True
HeatCapacity,0.010148412702303489,True
HeatCapacity,0.0026846382954719417,True
HeatCapacity,0.007696658380859311,True
HeatCapacity,0.001820161765400563,True
HeatCapacity,0.007929281014648737,True
HeatCapacity,0.003974035326334224,True
HeatCapacity,0.006242773009654812,True
HeatCapacity,0.003063607124858869,True
HeatCapacity,0.0030666733611930397,True
HeatCapacity,0.0010660772376738237,True
HeatCapacity,0.005953314705815949,True
HeatCapacity,0.0664158545868121,True
HeatCapacity,0.012983323637498323,True
HeatCapacity,0.00028087878406601874,True
HeatCapacity,0.00225076346187425,True
HeatCapacity,0.009640317478438298,True
HeatCapacity,0.011317326892570811,True
HeatCapacity,0.015215405770520718,True
HeatCapacity,0.002837680406980958,True
HeatCapacity,0.013596981120595153,True
HeatCapacity,0.0025791358125868413,True
HeatCapacity,0.009376632792583273,True
HeatCapacity,0.0018118356612859543,True
HeatCapacity,0.015264076745951094,True
HeatCapacity,0.3441819786972511,True
HeatCapacity,0.02654357520767725,True
HeatCapacity,0.0002006777358509737,True
HeatCapacity,0.003850396144454038,True
HeatCapacity,0.02663503504426412,True
HeatCapacity,0.019306228986824436,True
HeatCapacity,0.012416380668852867,True
HeatCapacity,0.014949830341426384,True
HeatCapacity,0.005415977864446475,True
HeatCapacity,0.030884715424261522,True
HeatCapacity,0.004566163949569102,True
HeatCapacity,0.00805434835168306,True
HeatCapacity,0.003744199738259013,True
HeatCapacity,0.0038844353521358954,True
HeatCapacity,0.0004334368633456265,True
HeatCapacity,0.03149647527415489,True
HeatCapacity,0.005278128741928789,True
HeatCapacity,0.047796238130501933,True
HeatCapacity,0.0013332481653733907,True
HeatCapacity,0.006779149511499938,True
HeatCapacity,0.005268545980999129,True
HeatCapacity,0.019962251535450726,True
HeatCapacity,8.455959901176868e-05,True
HeatCapacity,0.001790104876697285,True
HeatCapacity,0.020428144515687308,True
HeatCapacity,8.45225819201545e-05,True
HeatCapacity,0.0016823284743310296,True
HeatCapacity,0.008005660018887362,True
HeatCapacity,0.08068231266820813,True
HeatCapacity,0.0144267145356336,True
HeatCapacity,0.012574602853534955,True
HeatCapacity,0.05521532502328519,True
HeatCapacity,0.2118915795325682,True
HeatCapacity,0.010779781627724638,True
HeatCapacity,0.004923928487652773,True
HeatCapacity,0.00270416791603445,True
HeatCapacity,0.0005670018029571011,True
HeatCapacity,0.0010921237495855607,True
HeatCapacity,0.04578931921321949,True
HeatCapacity,0.022024213656592906,True
HeatCapacity,0.0010305334960962753,True
HeatCapacity,0.010824195368469347,True
HeatCapacity,0.006641867959987557,True
HeatCapacity,0.006905166529555196,True
HeatCapacity,0.004689167642144554,True
HeatCapacity,0.018358783627313358,True
HeatCapacity,0.0020441816677756464,True
HeatCapacity,0.0028105432808667175,True
HeatCapacity,0.00022359156598383834,True
HeatCapacity,0.002465780100052939,True
HeatCapacity,0.004509086613698976,True
HeatCapacity,0.00162280019426575,True
HeatCapacity,0.0012579337241165334,True
HeatCapacity,0.004436880352648664,True
HeatCapacity,0.000538308150892064,True
HeatCapacity,0.005543087357035681,True
HeatCapacity,0.01384684063569619,True
HeatCapacity,0.011027763345462738,True
HeatCapacity,0.004645422401505783,True
HeatCapacity,0.00318376131804321,True
HeatCapacity,0.01593354269399061,True
HeatCapacity,0.020625138786199315,True
HeatCapacity,0.0042019407189712865,True
HeatCapacity,0.008677414760666302,True
HeatCapacity,0.0003131593207683636,True
HeatCapacity,0.019347695102036155,True
HeatCapacity,0.0037275117435573435,True
HeatCapacity,0.010320694288265209,True
HeatCapacity,0.0010883257327662932,True
HeatCapacity,0.07918264200923986,True
HeatCapacity,0.00958137347083543,True
HeatCapacity,0.0018096142039061291,True
HeatCapacity,0.0020785191888839094,True
HeatCapacity,0.10955156688599033,True
HeatCapacity,0.007627597480471593,True
HeatCapacity,0.005832191123401387,True
HeatCapacity,0.0003491184934594216,True
HeatCapacity,0.0009684224376274031,True
HeatCapacity,0.029096567036351217,True
HeatCapacity,0.004620638040664815,True
HeatCapacity,0.017172419532733407,True
HeatCapacity,0.00386574584870214,True
HeatCapacity,0.0012483274060475225,True
HeatCapacity,0.0007462305269241298,True
HeatCapacity,0.0018763436190090133,True
HeatCapacity,0.006429670859342096,True
HeatCapacity,0.004093690781679982,True
HeatCapacity,0.0014658729683798555,True
HeatCapacity,0.006708546798090964,True
HeatCapacity,0.005430629064474779,True
HeatCapacity,0.00616791690258367,True
HeatCapacity,0.009858595739716591,True
HeatCapacity,0.0010896030198210838,True
HeatCapacity,0.008611713620506833,True
HeatCapacity,0.0014129965875646633,True
HeatCapacity,0.036820806068375234,True
HeatCapacity,0.053690977087277325,True
HeatCapacity,0.0072607834157283335,True
HeatCapacity,0.002632129272750916,True
HeatCapacity,0.004101743248874357,True
HeatCapacity,0.0024165985597495165,True
HeatCapacity,0.0036806409419218866,True
HeatCapacity,0.030075182573661152,True
HeatCapacity,0.017478482477190305,True
HeatCapacity,0.0006851616070351341,True
HeatCapacity,0.05637127760169047,True
HeatCapacity,0.018594738868301874,True
HeatCapacity,0.025061518545839157,True
HeatCapacity,0.023142888612015966,True
HeatCapacity,0.0005683269299243676,True
HeatCapacity,0.0011268552945802313,True
HeatCapacity,0.007535582400980623,True
HeatCapacity,0.007275193069115282,True
HeatCapacity,0.019308643886264854,True
HeatCapacity,0.0012889335281069947,True
HeatCapacity,0.0064725395442186695,True
HeatCapacity,0.006914564931753908,True
HeatCapacity,0.000460626179920709,True
HeatCapacity,0.003063647815245041,True
HeatCapacity,0.14750906118671026,True
HeatCapacity,0.0051163812811605425,True
HeatCapacity,0.013875987927893796,True
HeatCapacity,0.02015589609958024,True
HeatCapacity,0.0013565795467638253,True
HeatCapacity,0.015496642951283057,True
HeatCapacity,0.006897990283869504,True
HeatCapacity,0.004621481901836866,True
HeatCapacity,0.004026469225900442,True
HeatCapacity,0.0025619851263076754,True
HeatCapacity,0.0013898798404179402,True
HeatCapacity,0.00780905778564378,True
HeatCapacity,0.006246556025096162,True
HeatCapacity,0.001842529390938985,True
HeatCapacity,0.002513256612168391,True
HeatCapacity,0.01790429697555762,True
HeatCapacity,0.003374087754759003,True
HeatCapacity,0.0020894821775625516,True
HeatCapacity,0.008399906941238378,True
HeatCapacity,0.17257109594945508,True
HeatCapacity,0.002612089735169576,True
HeatCapacity,0.0071134319025691894,True
HeatCapacity,0.048825727857136236,True
HeatCapacity,0.03814930117600834,True
HeatCapacity,0.0017934349303025954,True
HeatCapacity,0.0005883242675688294,True
HeatCapacity,0.0029644766816092627,True
HeatCapacity,0.009878232574322965,True
HeatCapacity,0.00827695370171,True
HeatCapacity,0.009980567666859841,True
HeatCapacity,0.003623919701254863,True
HeatCapacity,0.003738411101354089,True
HeatCapacity,0.00015777302031061424,True
HeatCapacity,0.0009207653529124116,True
HeatCapacity,0.002432760244804655,True
HeatCapacity,0.0036930692577934465,True
HeatCapacity,0.00023267992547371108,True
HeatCapacity,0.05150892093527659,True
HeatCapacity,0.006177590131623667,True
HeatCapacity,0.0008592033325101056,True
HeatCapacity,0.002136722253579748,True
HeatCapacity,6.820427448506194e-05,True
HeatCapacity,0.004398362819006962,True
HeatCapacity,0.014039038004569626,True
HeatCapacity,0.012519925053404712,True
HeatCapacity,0.001282698074847488,True
HeatCapacity,0.07484718467364626,True
HeatCapacity,0.0005941671458273845,True
HeatCapacity,0.009821413807877377,True
HeatCapacity,0.0017261491414473085,True
HeatCapacity,0.0016793533552510453,True
HeatCapacity,0.0007581590695693308,True
HeatCapacity,0.00249677251493452,True
HeatCapacity,0.003427488661445821,True
HeatCapacity,0.007886438006966756,True
HeatCapacity,0.03864619672387004,True
HeatCapacity,0.0006465283601002625,True
HeatCapacity,0.0009508639660129603,True
HeatCapacity,0.004370315075916231,True
HeatCapacity,0.01382263229327485,True
HeatCapacity,0.00029093913403333005,True
HeatCapacity,0.0024298779001581394,True
HeatCapacity,0.00157823770657739,True
HeatCapacity,0.0006990082646218809,True
HeatCapacity,0.02702949824813672,True
HeatCapacity,0.009423240723639204,True
HeatCapacity,0.001493441706861276,True
HeatCapacity,0.011871881735328493,True
HeatCapacity,0.003855650695085977,True
HeatCapacity,0.0013608931376181133,True
HeatCapacity,0.00026837840156623827,True
HeatCapacity,0.012528940513096387,True
HeatCapacity,0.028206760101861406,True
HeatCapacity,0.06173083502719834,True
HeatCapacity,0.00010441777613756642,True
HeatCapacity,0.007193468667781033,True
HeatCapacity,0.008148728164344199,True
HeatCapacity,3.6691554314849384e-05,True
HeatCapacity,0.08826220031373833,True
HeatCapacity,0.11445270242344385,True
HeatCapacity,0.0004744600516293218,True
HeatCapacity,0.006736337048035779,True
HeatCapacity,0.003696935780584276,True
HeatCapacity,0.008686905790813881,True
HeatCapacity,0.01951830041451874,True
HeatCapacity,0.001308451748674777,True
HeatCapacity,0.00047822815514564354,True
HeatCapacity,0.014603981809480082,True
HeatCapacity,0.000333435667645432,True
HeatCapacity,0.0024772492016245096,True
HeatCapacity,0.004293026667650857,True
HeatCapacity,0.002868687026756689,True
HeatCapacity,0.005764543775296893,True
HeatCapacity,0.00870241287583795,True
HeatCapacity,0.02290487202043945,True
HeatCapacity,0.0032677147500450587,True
HeatCapacity,0.0011310843955518735,True
HeatCapacity,0.07211691604885662,True
HeatCapacity,0.024817877779704567,True
HeatCapacity,0.019352477077680952,True
HeatCapacity,0.009573948101752272,True
HeatCapacity,0.0018944906065803124,True
HeatCapacity,0.00893878616118382,True
HeatCapacity,0.021719495479740836,True
HeatCapacity,0.01828099921651738,True
HeatCapacity,0.0018739573035713164,True
HeatCapacity,0.0045943418580165485,True
HeatCapacity,0.009313015589791362,True
HeatCapacity,0.006430535155912409,True
HeatCapacity,0.0024962725557156062,True
HeatCapacity,0.0026501436307935222,True
HeatCapacity,0.010879138626608054,True
HeatCapacity,0.0001657915066148874,True
HeatCapacity,0.0019712915359590966,True
HeatCapacity,0.012342410139158488,True
HeatCapacity,0.0029135829825586157,True
HeatCapacity,0.004934727615475865,True
HeatCapacity,0.013182178758833984,True
HeatCapacity,0.00038819611768481366,True
HeatCapacity,0.06739130654679837,True
HeatCapacity,0.0026341096724102897,True
HeatCapacity,0.007545563195488825,True
HeatCapacity,0.00024367247733092512,True
HeatCapacity,0.010076376520395947,True
HeatCapacity,0.08157877892030463,True
HeatCapacity,0.0036278866767398554,True
HeatCapacity,0.002635139182223689,True
HeatCapacity,0.003684976646024296,True
HeatCapacity,0.022759389208353298,True
HeatCapacity,0.017740863847914845,True
HeatCapacity,0.0056986921398269885,True
HeatCapacity,0.0215387250173924,True
HeatCapacity,0.005937092842767555,True
HeatCapacity,0.014476683366189569,True
HeatCapacity,0.0022248455032540804,True
HeatCapacity,0.0006366739329362048,True
HeatCapacity,0.004475224691805835,True
HeatCapacity,0.009237648343161098,True
HeatCapacity,0.0016831792230656006,True
HeatCapacity,0.02635517590671821,True
HeatCapacity,0.015246451224828483,True
HeatCapacity,0.004604030155814343,True
HeatCapacity,0.042055669172839316,True
HeatCapacity,0.0014119267733461172,True
HeatCapacity,0.011320638503769409,True
HeatCapacity,0.008446719788316237,True
HeatCapacity,0.008272260887277838,True
HeatCapacity,0.004983968252090243,True
HeatCapacity,0.021529156227319213,True
HeatCapacity,0.021621647967619673,True
HeatCapacity,0.00203752770717891,True
HeatCapacity,0.00024367704420580338,True
HeatCapacity,0.001337076146545435,True
HeatCapacity,0.0033659225660471748,True
HeatCapacity,0.0001416187522274015,True
HeatCapacity,0.017273433946522587,True
HeatCapacity,0.0052923365351524865,True
HeatCapacity,0.0032788394069287463,True
HeatCapacity,0.001217362674166722,True
HeatCapacity,0.000561160361272961,True
HeatCapacity,0.01793916850026811,True
HeatCapacity,0.005000551654675611,True
HeatCapacity,0.0044097189945384585,True
HeatCapacity,0.0035342248884289162,True
HeatCapacity,0.0055942590888040655,True
HeatCapacity,0.005166979571678887,True
HeatCapacity,0.0014095246125194194,True
HeatCapacity,0.009399327497646048,True
HeatCapacity,0.01121911238917317,True
HeatCapacity,0.0040501835909765305,True
HeatCapacity,0.05460358505544338,True
HeatCapacity,0.011291438136889376,True
HeatCapacity,0.00697810859161585,True
HeatCapacity,0.004515221739272768,True
HeatCapacity,0.08672568222547028,True
HeatCapacity,0.004634791956915407,True
HeatCapacity,0.002881074767274505,True
HeatCapacity,0.008655031209541697,True
HeatCapacity,0.02789157204957604,True
HeatCapacity,0.0017496646160086726,True
HeatCapacity,0.0034279888950283777,True
HeatCapacity,0.0017376308175123256,True
HeatCapacity,0.00046782493206709574,True
HeatCapacity,0.01644420008051206,True
HeatCapacity,0.0015649909787560645,True
HeatCapacity,0.0019316394246438051,True
HeatCapacity,0.013594066668493276,True
HeatCapacity,0.001542607008315322,True
HeatCapacity,0.003769456554600481,True
HeatCapacity,0.02857007583576543,True
HeatCapacity,0.007213085277752107,True
HeatCapacity,0.00449292199605722,True
HeatCapacity,0.15956390965957024,True
HeatCapacity,0.023006493073149947,True
HeatCapacity,0.004546115607486634,True
HeatCapacity,0.04520277867820344,True
HeatCapacity,0.001923560529436763,True
HeatCapacity,0.011238165573588255,True
HeatCapacity,0.013036189181095281,True
HeatCapacity,0.01365902763696969,True
HeatCapacity,0.007108687943562231,True
HeatCapacity,0.004554189032652367,True
HeatCapacity,0.002456117770491595,True
HeatCapacity,0.05587336030993573,True
HeatCapacity,0.006551676878328472,True
HeatCapacity,0.0465360076083412,True
HeatCapacity,0.11579087716101988,True
HeatCapacity,0.005792174166728614,True
HeatCapacity,0.021708996524007595,True
HeatCapacity,0.006281867599029489,True
HeatCapacity,0.004039277994615453,True
HeatCapacity,0.0003518836147646809,True
HeatCapacity,0.025581811535875687,True
HeatCapacity,0.007548271454354882,True
HeatCapacity,0.009124288299280359,True
HeatCapacity,0.002581483885436775,True
HeatCapacity,0.00984466515378557,True
HeatCapacity,0.0008568620678364169,True
HeatCapacity,0.0076718642680218,True
HeatCapacity,0.02366006902888973,True
HeatCapacity,0.025251858020689966,True
HeatCapacity,0.007524992753617177,True
HeatCapacity,0.00047250810600729665,True
HeatCapacity,0.006162125499591831,True
HeatCapacity,0.00821016396019747,True
HeatCapacity,0.04605155112596826,True
HeatCapacity,0.0061536020801895575,True
HeatCapacity,0.028073357727575576,True
HeatCapacity,0.001282259062769242,True
HeatCapacity,0.010011640198380078,True
HeatCapacity,0.002279772105440614,True
HeatCapacity,0.032454947024002756,True
HeatCapacity,0.002899682347608845,True
HeatCapacity,0.0007147609223547846,True
HeatCapacity,0.010843294689268035,True
HeatCapacity,0.0015415441953772202,True
HeatCapacity,1.1942104426232447e-05,True
HeatCapacity,0.011178997373368915,True
HeatCapacity,0.011453076660960626,True
HeatCapacity,0.0016226692040888224,True
HeatCapacity,0.01956879933184652,True
HeatCapacity,0.004920508330005902,True
HeatCapacity,0.0003428425346401198,True
HeatCapacity,0.005629026242041313,True
HeatCapacity,0.03199713779239399,True
HeatCapacity,0.03366511770249225,True
HeatCapacity,0.0017913607241935026,True
HeatCapacity,0.000883591553910712,True
HeatCapacity,0.009368292233484787,True
HeatCapacity,0.02870659613551485,True
HeatCapacity,0.005559538144924936,True
HeatCapacity,0.010694925344187922,True
HeatCapacity,0.004778462143359974,True
HeatCapacity,0.003378400106944568,True
HeatCapacity,0.0026545742710171183,True
HeatCapacity,0.0050749269347214465,True
HeatCapacity,0.024970022097684286,True
HeatCapacity,0.005558062387186702,True
HeatCapacity,0.005925198291483191,True
HeatCapacity,0.00022548264868582635,True
HeatCapacity,0.0011157306241704745,True
HeatCapacity,0.007739499700003094,True
HeatCapacity,0.007644125592020323,True
HeatCapacity,0.015590804248870604,True
HeatCapacity,0.02674635234613021,True
HeatCapacity,0.0033088275949761936,True
HeatCapacity,0.003934741982783763,True
HeatCapacity,0.033530312669407536,True
HeatCapacity,0.0012916838325542912,True
HeatCapacity,0.010133248921455618,True
HeatCapacity,0.00851166668466874,True
HeatCapacity,0.009085686174554297,True
HeatCapacity,0.12248991068747994,True
HeatCapacity,0.12484548911880022,True
HeatCapacity,0.0002594227397150206,True
HeatCapacity,0.003000828634869279,True
HeatCapacity,0.00916573346896321,True
HeatCapacity,0.008968749697298328,True
HeatCapacity,0.006755875601864858,True
HeatCapacity,0.006557499887767548,True
HeatCapacity,0.004387906827179933,True
HeatCapacity,0.0006805069221780258,True
HeatCapacity,0.002194412902694509,True
HeatCapacity,0.006183627382119639,True
HeatCapacity,0.0011469190418242903,True
HeatCapacity,0.0020661332789577713,True
HeatCapacity,0.0018458044589308997,True
HeatCapacity,0.00845102056907443,True
HeatCapacity,0.010485136938061856,True
HeatCapacity,0.023655855464925324,True
HeatCapacity,0.0011854721702286852,True
HeatCapacity,0.030201314233101684,True
HeatCapacity,0.008732909217604501,True
HeatCapacity,0.0008134655942786395,True
HeatCapacity,0.007730447875349711,True
HeatCapacity,0.00027694002598366296,True
HeatCapacity,0.004952980880932323,True
HeatCapacity,0.006196011932381396,True
HeatCapacity,0.008671837279035977,True
HeatCapacity,0.0078091286256336545,True
HeatCapacity,0.016641523762566557,True
HeatCapacity,0.0005103097498810882,True
HeatCapacity,0.002447080353429776,True
HeatCapacity,0.001850039037392115,True
HeatCapacity,0.0030889473029462877,True
HeatCapacity,0.005296742083555905,True
HeatCapacity,0.002913564594154927,True
HeatCapacity,0.006078663071696688,True
HeatCapacity,0.0003619673697219383,True
HeatCapacity,0.016986537708001848,True
HeatCapacity,0.022463808476898883,True
HeatCapacity,0.007287063325549958,True
HeatCapacity,0.004556159239661461,True
HeatCapacity,0.0071262853008100535,True
HeatCapacity,0.0022134481858824273,True
HeatCapacity,0.012568054582448696,True
HeatCapacity,0.012560832255846144,True
HeatCapacity,0.0021724702866929846,True
HeatCapacity,0.020309449203580243,True
HeatCapacity,0.00044199242116160775,True
HeatCapacity,0.0018610153660398865,True
HeatCapacity,0.0018199566167362846,True
HeatCapacity,0.04845503796485051,True
HeatCapacity,0.00248578285412826,True
HeatCapacity,0.015095815777049992,True
HeatCapacity,0.003594030007731952,True
HeatCapacity,0.0003123357672540905,True
HeatCapacity,0.003134259062684386,True
HeatCapacity,0.001960766860466201,True
HeatCapacity,0.0018382932931135798,True
HeatCapacity,0.008153531640044065,True
HeatCapacity,0.0027260763981242775,True
HeatCapacity,0.006130332620569945,True
HeatCapacity,0.028035179050292847,True
HeatCapacity,0.006310425903026662,True
HeatCapacity,0.0053233952650302285,True
HeatCapacity,0.004278536062964022,True
HeatCapacity,0.0007629810472860044,True
HeatCapacity,0.030029864671840656,True
HeatCapacity,0.0006408597323419585,True
HeatCapacity,0.010854237832194968,True
HeatCapacity,0.04619984476758621,True
HeatCapacity,0.004936670889102324,True
HeatCapacity,0.005909492428630259,True
HeatCapacity,0.0012564741897067577,True
HeatCapacity,0.007986023094868955,True
HeatCapacity,0.01968564288547814,True
HeatCapacity,0.0008735457086928022,True
HeatCapacity,0.001358543618806607,True
HeatCapacity,0.0013922565498596384,True
HeatCapacity,0.011886164470316984,True
HeatCapacity,0.0036572667775454093,True
HeatCapacity,0.01240737291155547,True
HeatCapacity,0.007427630332606405,True
HeatCapacity,0.0017638263416657196,True
HeatCapacity,0.0034547259453860946,True
HeatCapacity,0.09641549633598423,True
HeatCapacity,0.003375904676309105,True
HeatCapacity,0.002974510440728828,True
HeatCapacity,0.0336789634434016,True
HeatCapacity,0.02107094838570145,True
HeatCapacity,0.011865626885792402,True
HeatCapacity,0.0021191255395827113,True
HeatCapacity,0.0036667914776753463,True
HeatCapacity,0.005349099211900743,True
HeatCapacity,0.0011715801908014356,True
HeatCapacity,0.004821792601839903,True
HeatCapacity,0.00022271637403736833,True
HeatCapacity,0.005227026053375106,True
HeatCapacity,0.002091832331520216,True
HeatCapacity,0.005297714528225583,True
HeatCapacity,0.001216492783044032,True
HeatCapacity,0.006340418786025204,True
HeatCapacity,0.0013189065102201525,True
HeatCapacity,0.01800117714749483,True
HeatCapacity,0.03638224364746989,True
HeatCapacity,0.0032682544483115805,True
HeatCapacity,0.002089957739111803,True
HeatCapacity,0.005805176241940657,True
HeatCapacity,0.00833235109106134,True
HeatCapacity,0.0021099116067855306,True
HeatCapacity,0.004951502982645017,True
HeatCapacity,0.001008406473531842,True
HeatCapacity,0.0057588026291641725,True
HeatCapacity,0.01039211089162162,True
HeatCapacity,0.009756494084338208,True
HeatCapacity,0.010120504235120897,True
HeatCapacity,0.0542611911155797,True
HeatCapacity,0.006969429046298714,True
HeatCapacity,0.0004605494152318812,True
HeatCapacity,0.0030884371648793874,True
HeatCapacity,0.015494422970901311,True
HeatCapacity,0.0058383131971702085,True
HeatCapacity,0.000583126240596421,True
HeatCapacity,0.03868247002051195,True
HeatCapacity,0.00010304806500993635,True
HeatCapacity,0.01080278783535693,True
HeatCapacity,0.0004239305325173248,True
HeatCapacity,0.05358362424833185,True
HeatCapacity,0.0002869884104974574,True
HeatCapacity,0.03573704191284666,True
HeatCapacity,0.00601853012488629,True
HeatCapacity,0.00883283427300352,True
HeatCapacity,0.015451382022701132,True
HeatCapacity,0.003478426598132245,True
HeatCapacity,0.006030457106364295,True
HeatCapacity,0.00271616641401895,True
HeatCapacity,0.0007396192394901746,True
HeatCapacity,0.06633671304077993,True
HeatCapacity,0.008300844552504572,True
HeatCapacity,0.009539727101969042,True
HeatCapacity,0.0064645372310288,True
HeatCapacity,0.005086523770553519,True
HeatCapacity,0.029282545244057268,True
HeatCapacity,0.027393457424724765,True
HeatCapacity,0.004714571048857863,True
HeatCapacity,0.025827395674830278,True
HeatCapacity,0.0027633530705699627,True
HeatCapacity,0.005819366584495889,True
HeatCapacity,0.0024514506221979815,True
HeatCapacity,0.015502445542495913,True
HeatCapacity,0.000987414852911428,True
HeatCapacity,0.0031233046089358396,True
HeatCapacity,0.0012173674805966428,True
HeatCapacity,0.0041585366117180556,True
HeatCapacity,0.0008063073619952732,True
HeatCapacity,0.0029602689110932445,True
HeatCapacity,0.003497767887061798,True
HeatCapacity,0.004159455231119047,True
HeatCapacity,0.025322310138769843,True
HeatCapacity,0.02091404769274874,True
HeatCapacity,0.0018958378838220824,True
HeatCapacity,0.0026969447202693786,True
HeatCapacity,0.01853703384572647,True
HeatCapacity,0.009169085166152335,True
HeatCapacity,0.02687172951621708,True
HeatCapacity,0.00340461167850048,True
HeatCapacity,0.0014038571692545077,True
HeatCapacity,0.0008654440396806962,True
HeatCapacity,0.0011368012704942032,True
HeatCapacity,0.007690827296385372,True
HeatCapacity,0.0011477084206319432,True
HeatCapacity,0.003386473782430066,True
HeatCapacity,0.002173980263628472,True
HeatCapacity,0.0003170740032398811,True
HeatCapacity,0.004042199048726047,True
HeatCapacity,0.026734827539605988,True
HeatCapacity,0.004615329117028999,True
HeatCapacity,0.017682273151093497,True
HeatCapacity,0.00012974724021219686,True
HeatCapacity,0.05135096482564894,True
HeatCapacity,0.009326877860312166,True
HeatCapacity,0.007995765501348728,True
HeatCapacity,0.134209670606511,True
HeatCapacity,0.03306294123691789,True
HeatCapacity,0.00029369141623103445,True
HeatCapacity,0.002050898742461449,True
HeatCapacity,0.0018506557364839082,True
HeatCapacity,0.0028214811315043775,True
HeatCapacity,0.0028859032635804027,True
HeatCapacity,0.001556394956089946,True
HeatCapacity,0.003982173526185129,True
HeatCapacity,0.0012886424462070778,True
HeatCapacity,0.0027294436973397396,True
HeatCapacity,0.005866983094470868,True
HeatCapacity,0.008088120663492404,True
HeatCapacity,0.0008574782507420053,True
HeatCapacity,0.002277825567332137,True
HeatCapacity,0.002630755949825314,True
HeatCapacity,0.0018596878750294366,True
HeatCapacity,0.000197889656053718,True
HeatCapacity,0.003680232675530526,True
HeatCapacity,0.02171704030950572,True
HeatCapacity,0.0008664168417888973,True
HeatCapacity,0.0029321807118547483,True
HeatCapacity,0.0033493865679758983,True
HeatCapacity,0.016761334974120246,True
HeatCapacity,0.22699351001360224,True
HeatCapacity,0.0027203405620728205,True
HeatCapacity,0.029339188712852682,True
HeatCapacity,0.007251287472413104,True
HeatCapacity,0.0050834902667187265,True
HeatCapacity,0.006897027019112656,True
HeatCapacity,0.006602333982002939,True
HeatCapacity,0.0027676078499494494,True
HeatCapacity,0.0061917563203648385,True
HeatCapacity,0.006414444153130638,True
HeatCapacity,0.02287060140031194,True
HeatCapacity,0.0018276818161595543,True
HeatCapacity,0.019388133706290667,True
HeatCapacity,0.0008965095438453474,True
HeatCapacity,0.0035772139760918975,True
HeatCapacity,0.004562377523231298,True
HeatCapacity,0.0024962983600573807,True
HeatCapacity,0.004654066241571719,True
HeatCapacity,0.009876221957992648,True
HeatCapacity,0.0109811399949713,True
HeatCapacity,0.01726485017827173,True
HeatCapacity,0.0022916306384273,True
HeatCapacity,0.004027932179624827,True
HeatCapacity,0.0057783529581456605,True
HeatCapacity,0.00788292645928479,True
HeatCapacity,0.004100327238885981,True
HeatCapacity,0.006169390570203603,True
HeatCapacity,0.00828941813871431,True
HeatCapacity,0.0013152206570143932,True
HeatCapacity,0.002488147372545768,True
HeatCapacity,0.0005121737360882506,True
HeatCapacity,0.0041298302055103875,True
HeatCapacity,0.005235161613889261,True
HeatCapacity,0.0016204035459770338,True
HeatCapacity,0.005940850087500671,True
HeatCapacity,0.01580089072233193,True
HeatCapacity,0.00012445783617653916,True
HeatCapacity,0.0014485656766023425,True
HeatCapacity,0.006065867830029603,True
HeatCapacity,0.1395684540966533,True
HeatCapacity,0.004036245576031661,True
HeatCapacity,0.00355859637939826,True
HeatCapacity,0.005134985269619641,True
HeatCapacity,0.0015845436216004316,True
HeatCapacity,0.001891090772793369,True
HeatCapacity,0.01003464057496739,True
HeatCapacity,0.0008955154033296608,True
HeatCapacity,0.00431679906157445,True
HeatCapacity,0.01399139569650032,True
HeatCapacity,0.0004162775298501842,True
HeatCapacity,0.0005736834874987551,True
HeatCapacity,0.0008001177844532137,True
HeatCapacity,0.02537402825812407,True
HeatCapacity,0.011728727686974416,True
HeatCapacity,0.008585867938782243,True
HeatCapacity,0.0021818898858123603,True
HeatCapacity,0.0007291846740695718,True
HeatCapacity,0.04847951175055076,True
HeatCapacity,0.0006326598639843084,True
HeatCapacity,0.016372206752947704,True
HeatCapacity,0.009724648989322127,True
HeatCapacity,0.0009102435797307962,True
HeatCapacity,0.019534278374461422,True
HeatCapacity,0.0008394288632747049,True
HeatCapacity,0.00513456055429895,True
HeatCapacity,0.0018111026378146988,True
HeatCapacity,0.011533733868139606,True
HeatCapacity,0.009243020932053092,True
HeatCapacity,0.02924617488826531,True
HeatCapacity,0.01117901335724536,True
HeatCapacity,0.0009040305024932138,True
HeatCapacity,0.0019098377445541104,True
HeatCapacity,0.0008622017900243861,True
HeatCapacity,7.669994294978721e-05,True
HeatCapacity,0.004509880532021171,True
HeatCapacity,0.0007795900698113201,True
HeatCapacity,0.010177130819085,True
HeatCapacity,0.011014397033756396,True
HeatCapacity,0.00071473753929574,True
HeatCapacity,0.021049425614282136,True
HeatCapacity,0.001146366758157491,True
HeatCapacity,0.0009589923817987511,True
HeatCapacity,0.003896734156913162,True
HeatCapacity,0.06622318359061463,True
HeatCapacity,0.002213584215676967,True
HeatCapacity,0.006606613912262027,True
HeatCapacity,0.01877826650083847,True
HeatCapacity,0.0005446121551599958,True
HeatCapacity,0.04183098960568277,True
HeatCapacity,0.004230499393289122,True
HeatCapacity,0.0034107307276780574,True
HeatCapacity,0.0019379437907529606,True
HeatCapacity,0.003326925875846598,True
HeatCapacity,0.02601568193705539,True
HeatCapacity,0.0049790410429757515,True
HeatCapacity,0.014752904512501885,True
HeatCapacity,0.05165002424122367,True
HeatCapacity,0.005760738046621583,True
HeatCapacity,0.01037973261805103,True
HeatCapacity,0.00038770222602035886,True
HeatCapacity,0.0013537025403760339,True
HeatCapacity,0.14591983678778409,True
HeatCapacity,0.023665022572878947,True
HeatCapacity,0.028371340358522623,True
HeatCapacity,0.0024291224024777236,True
HeatCapacity,0.006303276966844962,True
HeatCapacity,0.00695854312294486,True
HeatCapacity,0.016745585482005332,True
HeatCapacity,0.0016475276086005408,True
HeatCapacity,0.001990292800821969,True
HeatCapacity,0.00015168363965845089,True
HeatCapacity,0.00027649356372538847,True
HeatCapacity,0.12084669051355501,True
HeatCapacity,0.011602914527379937,True
HeatCapacity,0.010121390454564505,True
HeatCapacity,0.0028749335234188322,True
HeatCapacity,0.023737860417618606,True
HeatCapacity,0.020568183081371316,True
HeatCapacity,0.009517639974676584,True
HeatCapacity,0.01495456416851404,True
HeatCapacity,0.001861425255098581,True
HeatCapacity,0.001678926790413371,True
HeatCapacity,0.004942441951456544,True
HeatCapacity,0.0018139153576948175,True
HeatCapacity,0.03747754370117384,True
HeatCapacity,0.08991287342508425,True
HeatCapacity,0.0249218906958788,True
HeatCapacity,0.010402196587731893,True
HeatCapacity,0.017207625080947864,True
HeatCapacity,0.03489599446544567,True
HeatCapacity,0.023345924435378862,True
HeatCapacity,0.0416641263249975,True
HeatCapacity,0.010333923927066557,True
HeatCapacity,0.01066787022155058,True
HeatCapacity,0.012091657588865878,True
HeatCapacity,0.01578510747207673,True
HeatCapacity,0.0016555901946935236,True
HeatCapacity,0.012120292170035185,True
HeatCapacity,0.004767392043011576,True
HeatCapacity,0.008819119625257166,True
HeatCapacity,0.06349136948949319,True
HeatCapacity,0.0004620418903575896,True
HeatCapacity,0.043580039628058564,True
HeatCapacity,7.157502216426082e-05,True
HeatCapacity,0.0034365479477473926,True
HeatCapacity,0.0002508975546318126,True
HeatCapacity,0.03110594964752078,True
HeatCapacity,0.009281644350579654,True
HeatCapacity,0.002454753598045478,True
HeatCapacity,0.0035806300762786236,True
HeatCapacity,0.006882197702038795,True
HeatCapacity,0.018472258164581312,True
HeatCapacity,0.0007929402020234733,True
HeatCapacity,0.003531493781538053,True
HeatCapacity,0.0026883751677706513,True
HeatCapacity,0.03538907211417186,True
HeatCapacity,0.0010000187244889602,True
HeatCapacity,0.0013609258252600398,True
HeatCapacity,0.0022129969932507265,True
HeatCapacity,0.02128074002619318,True
HeatCapacity,0.002668305030215201,True
HeatCapacity,0.026326609308840787,True
HeatCapacity,0.0003552662006143237,True
HeatCapacity,0.008458190814741862,True
HeatCapacity,0.0014906387679038957,True
HeatCapacity,0.001845376210522609,True
HeatCapacity,0.005031702745872835,True
HeatCapacity,0.00595385248441449,True
HeatCapacity,0.014632300527740227,True
HeatCapacity,0.049431393756994346,True
HeatCapacity,0.017102118295942326,True
HeatCapacity,0.0041895044215518595,True
HeatCapacity,0.0013904440980869737,True
HeatCapacity,0.0076604203655685765,True
HeatCapacity,0.0005579735051153278,True
HeatCapacity,0.001072039963701421,True
HeatCapacity,0.0031567194464070525,True
HeatCapacity,0.0036111206619562353,True
HeatCapacity,0.0003419440653189554,True
HeatCapacity,0.003508107030285146,True
HeatCapacity,0.0014233571333299722,True
HeatCapacity,0.030515111264955763,True
HeatCapacity,0.021881222507434295,True
HeatCapacity,0.014855767888230176,True
HeatCapacity,0.0021425321156947064,True
HeatCapacity,0.00023417385307755723,True
HeatCapacity,0.03205876144246389,True
HeatCapacity,0.0020761926921828433,True
HeatCapacity,0.018751699091120066,True
HeatCapacity,0.0033245226861469135,True
HeatCapacity,0.006138324673345075,True
HeatCapacity,0.0382790478412689,True
HeatCapacity,0.0037908161492863357,True
HeatCapacity,0.004053940499085584,True
HeatCapacity,0.0012440169373251209,True
HeatCapacity,0.001143927214756424,True
HeatCapacity,0.03340384178134492,True
HeatCapacity,0.00032189818521999314,True
HeatCapacity,0.009623122436003051,True
HeatCapacity,0.07352496347668147,True
HeatCapacity,0.00042343151285795244,True
HeatCapacity,0.02950762795929318,True
HeatCapacity,0.002783231892385274,True
HeatCapacity,0.005911842138881518,True
HeatCapacity,0.012313428612420907,True
HeatCapacity,0.002946807089080572,True
HeatCapacity,0.0020166094855520456,True
HeatCapacity,0.004779268813333459,True
HeatCapacity,0.023499904518756054,True
HeatCapacity,0.012338711301411287,True
HeatCapacity,0.0011015215724512473,True
HeatCapacity,0.012131614187143924,True
HeatCapacity,0.0025587467747829606,True
HeatCapacity,0.04629373240567336,True
HeatCapacity,0.019271792756167194,True
HeatCapacity,0.01617044398016798,True
HeatCapacity,0.004721202423121795,True
HeatCapacity,0.01087662444504911,True
HeatCapacity,0.0015568135509163028,True
HeatCapacity,0.008114277286688676,True
HeatCapacity,0.0017027362065311635,True
HeatCapacity,0.00521900320068891,True
HeatCapacity,0.0029620143901789575,True
HeatCapacity,0.0013618174036498232,True
HeatCapacity,0.0030098546647447932,True
HeatCapacity,0.0592613940185025,True
HeatCapacity,0.1074659129375064,True
HeatCapacity,0.0027422434346151547,True
HeatCapacity,0.007439179276846453,True
HeatCapacity,0.0012674478472547435,True
HeatCapacity,0.030458856958331282,True
HeatCapacity,0.004775064716349142,True
HeatCapacity,0.001590862248397329,True
HeatCapacity,0.003294922895127783,True
HeatCapacity,0.0024398533642040476,True
HeatCapacity,0.005148916833732642,True
HeatCapacity,0.0020226721778735524,True
HeatCapacity,0.0005402901315569864,True
HeatCapacity,0.008494986477749045,True
HeatCapacity,0.008240761772856153,True
HeatCapacity,0.0018126673861607046,True
HeatCapacity,0.004888957796787885,True
HeatCapacity,0.001167796526529763,True
HeatCapacity,0.002179658034128451,True
HeatCapacity,0.02557425509244915,True
HeatCapacity,0.0017356931820344812,True
HeatCapacity,0.0007439058844216362,True
HeatCapacity,0.002398506259376987,True
HeatCapacity,0.02207751668808111,True
HeatCapacity,0.017387921472843182,True
HeatCapacity,0.021845390984029045,True
HeatCapacity,0.0023395161314265778,True
HeatCapacity,0.018427245156241057,True
HeatCapacity,0.0059733322682715695,True
HeatCapacity,0.0014163013351033982,True
HeatCapacity,0.000477402595842058,True
HeatCapacity,0.011889429180280686,True
HeatCapacity,0.0022916097322376316,True
HeatCapacity,0.005946198547203352,True
HeatCapacity,0.004198482275495685,True
HeatCapacity,0.002101032418470261,True
HeatCapacity,0.01713177258898302,True
HeatCapacity,0.004575202840193526,True
HeatCapacity,0.021296950627484712,True
HeatCapacity,0.003029451772002645,True
HeatCapacity,0.0014346934046081117,True
HeatCapacity,0.002364081161260856,True
HeatCapacity,0.024401131121767783,True
HeatCapacity,0.007509281478078833,True
HeatCapacity,0.0021266525100003264,True
HeatCapacity,0.0038308344442370412,True
HeatCapacity,0.0012965663763440105,True
HeatCapacity,0.003285858066978342,True
HeatCapacity,0.004300638009592461,True
HeatCapacity,0.008351242569237805,True
HeatCapacity,0.02549936803278996,True
HeatCapacity,0.015192468339521703,True
HeatCapacity,0.039183204047589903,True
HeatCapacity,0.012061030560966302,True
HeatCapacity,0.010307823135215166,True
HeatCapacity,0.0017490454449511361,True
HeatCapacity,0.009863895663327682,True
HeatCapacity,0.0022221134671296383,True
HeatCapacity,0.23405268139513602,True
HeatCapacity,0.012410642910070102,True
HeatCapacity,0.023041178736439072,True
HeatCapacity,0.06349140122940788,True
HeatCapacity,0.005476109412330565,True
HeatCapacity,0.007545866498206877,True
HeatCapacity,0.04702326430900694,True
HeatCapacity,0.019776754218409742,True
HeatCapacity,0.0004219158021987468,True
HeatCapacity,0.003187654252757355,True
HeatCapacity,0.00587550288207872,True
HeatCapacity,0.019745414490850877,True
HeatCapacity,0.0005516322323853018,True
HeatCapacity,0.008991769180276776,True
HeatCapacity,0.0004800722075781749,True
HeatCapacity,0.010727902724656957,True
HeatCapacity,0.0651344868444772,True
HeatCapacity,0.0011263281081257404,True
HeatCapacity,0.0012011522558301735,True
HeatCapacity,0.002689428740959343,True
HeatCapacity,0.012481247536068274,True
HeatCapacity,0.015881056823789486,True
HeatCapacity,0.0021783099369674375,True
HeatCapacity,0.009262663284733463,True
HeatCapacity,0.051593377286528685,True
HeatCapacity,0.002305109563466523,True
HeatCapacity,0.01466277615596745,True
HeatCapacity,0.002395578288778566,True
HeatCapacity,0.0022992123749911997,True
HeatCapacity,0.00022834646254743518,True
HeatCapacity,0.004544333884354934,True
HeatCapacity,0.006533726532108375,True
HeatCapacity,0.06833980196533584,True
HeatCapacity,0.0003493979411102188,True
HeatCapacity,0.036081265438724586,True
HeatCapacity,0.004758887958490554,True
HeatCapacity,0.0032596890044702675,True
HeatCapacity,0.0016699041445251694,True
HeatCapacity,0.0015858675449162973,True
HeatCapacity,0.003969695089670822,True
HeatCapacity,0.0022220300587445507,True
HeatCapacity,0.0011491352335051275,True
HeatCapacity,0.00873755054769898,True
HeatCapacity,0.0010475602184101263,True
HeatCapacity,0.050864723868776274,True
HeatCapacity,0.023133713943604306,True
HeatCapacity,0.015106687948327036,True
HeatCapacity,0.007221210061617356,True
HeatCapacity,0.001807663883425903,True
HeatCapacity,0.0009384458926140482,True
HeatCapacity,0.007314761728164143,True
HeatCapacity,0.010605686136036852,True
HeatCapacity,0.008148268446636742,True
HeatCapacity,0.10024739051343001,True
HeatCapacity,0.0010681519858808386,True
HeatCapacity,0.003829488156765315,True
HeatCapacity,0.00129504797698754,True
HeatCapacity,0.01151952123035116,True
HeatCapacity,0.0003271533380244662,True
HeatCapacity,0.009930530815568162,True
HeatCapacity,0.00682869083141302,True
HeatCapacity,0.06060080549875657,True
HeatCapacity,0.017236667658222515,True
HeatCapacity,0.0321136115184224,True
HeatCapacity,0.014299915595109347,True
HeatCapacity,0.0012564632053315705,True
HeatCapacity,0.010734114904769498,True
HeatCapacity,0.0038283989968093124,True
HeatCapacity,0.004415921467010087,True
HeatCapacity,0.021724707331030935,True
HeatCapacity,0.005474645965121816,True
HeatCapacity,0.002628820405737642,True
HeatCapacity,0.0018244254644397273,True
HeatCapacity,0.0008487359388791305,True
HeatCapacity,0.06980803948566106,True
HeatCapacity,0.008724238250543692,True
HeatCapacity,0.011558610715696638,True
HeatCapacity,0.019176568614541978,True
HeatCapacity,0.005051982485764661,True
HeatCapacity,0.00439312492335997,True
HeatCapacity,0.0003580674848349119,True
HeatCapacity,0.004123723020052594,True
HeatCapacity,0.0008064030816834489,True
HeatCapacity,0.0015840221187444214,True
HeatCapacity,0.008244024063911226,True
HeatCapacity,0.0009498564708092516,True
HeatCapacity,0.05164200172584987,True
HeatCapacity,0.01510144377574818,True
HeatCapacity,0.01055712847471213,True
HeatCapacity,0.016239997505687498,True
HeatCapacity,0.06965273928231319,True
HeatCapacity,0.005713436672404093,True
HeatCapacity,0.00040947999511775635,True
HeatCapacity,0.00025599830075861973,True
HeatCapacity,0.01384540443477622,True
HeatCapacity,0.007717074028318116,True
HeatCapacity,0.014758122639244142,True
HeatCapacity,0.002286392844871088,True
HeatCapacity,0.06013062349417986,True
HeatCapacity,0.007039548024517117,True
HeatCapacity,0.001791451415981804,True
HeatCapacity,0.036774065996407757,True
HeatCapacity,0.0010051422336383453,True
HeatCapacity,0.00547219114596853,True
HeatCapacity,0.0012302131123327342,True
HeatCapacity,0.056272955565312976,True
HeatCapacity,0.00037570278374321475,True
HeatCapacity,0.0002841958722283877,True
HeatCapacity,5.5209750697393645e-05,True
HeatCapacity,0.04173572299085304,True
HeatCapacity,0.02738326566303595,True
HeatCapacity,0.0029993467542608343,True
HeatCapacity,0.008248832374554205,True
HeatCapacity,0.00453322100546405,True
HeatCapacity,0.04335840037222738,True
HeatCapacity,0.013039600417020125,True
HeatCapacity,0.04116299713810623,True
HeatCapacity,0.0004644842237118141,True
HeatCapacity,0.005207909071651251,True
HeatCapacity,0.05707924324110358,True
HeatCapacity,0.004853321226869767,True
HeatCapacity,0.00012245280893985466,True
HeatCapacity,0.01926947340228935,True
HeatCapacity,0.00020833125301678024,True
HeatCapacity,0.006395844049929877,True
HeatCapacity,0.006880755586635701,True
HeatCapacity,6.677273199873213e-05,True
HeatCapacity,0.00010254042526725016,True
HeatCapacity,0.0013780551026476573,True
HeatCapacity,0.0065274886112458574,True
HeatCapacity,0.000854021424657958,True
HeatCapacity,0.04022979943817173,True
HeatCapacity,0.0008125826331264463,True
HeatCapacity,0.009915306515844158,True
HeatCapacity,0.0013819213124834917,True
HeatCapacity,0.0008573214919351813,True
HeatCapacity,0.0005712644840478731,True
HeatCapacity,0.0008240648280910534,True
HeatCapacity,0.00582636480768528,True
HeatCapacity,0.0008277736443345063,True
HeatCapacity,0.003595267975100569,True
HeatCapacity,0.015333200951695325,True
HeatCapacity,0.0003218256402064412,True
HeatCapacity,0.004490880689444587,True
HeatCapacity,0.013548909798271502,True
HeatCapacity,0.0009750391776215395,True
HeatCapacity,0.00501157338463365,True
HeatCapacity,0.00109670271975304,True
HeatCapacity,0.15710868522767907,True
HeatCapacity,0.009000676458125412,True
HeatCapacity,0.001759534937733953,True
HeatCapacity,0.001945056409168977,True
HeatCapacity,0.0006404261169743464,True
HeatCapacity,0.0024041921724817783,True
HeatCapacity,0.004281600783031081,True
HeatCapacity,1.0001997120312467e-05,True
HeatCapacity,0.002954466429297753,True
HeatCapacity,0.0018930368020599886,True
HeatCapacity,0.005490234898400281,True
HeatCapacity,0.0034442938184060523,True
HeatCapacity,0.004363636826395734,True
HeatCapacity,0.026494938633037535,True
HeatCapacity,0.0030728135262991785,True
HeatCapacity,0.0025015251198912125,True
HeatCapacity,0.003816678682376562,True
HeatCapacity,0.003493239178519403,True
HeatCapacity,0.0023640918505698494,True
HeatCapacity,0.004644905175366532,True
HeatCapacity,0.014403352751306109,True
HeatCapacity,0.0048833872394666855,True
HeatCapacity,0.008060483357922088,True
HeatCapacity,0.0010021720873174544,True
HeatCapacity,0.01949800381107014,True
HeatCapacity,0.006953674676197785,True
HeatCapacity,0.031615237712836475,True
HeatCapacity,0.02670626148390287,True
HeatCapacity,0.0002402973629758165,True
HeatCapacity,0.0016122869876982193,True
HeatCapacity,0.008079182563442089,True
HeatCapacity,0.003637203627747887,True
HeatCapacity,0.012636107120880702,True
HeatCapacity,0.0006818750301098575,True
HeatCapacity,0.004891913685286298,True
HeatCapacity,0.0053917188944430094,True
HeatCapacity,0.0007057791174913675,True
HeatCapacity,0.030964984986772137,True
HeatCapacity,7.346396936380728e-05,True
HeatCapacity,0.002078949772926997,True
HeatCapacity,0.0220546851408967,True
HeatCapacity,0.0003060406989803255,True
HeatCapacity,0.0001711018737236003,True
HeatCapacity,0.0037636757355352657,True
HeatCapacity,0.0007677928416898183,True
HeatCapacity,0.0025516274091268443,True
HeatCapacity,0.017571508239583977,True
HeatCapacity,0.002057506436804246,True
HeatCapacity,0.0022463591300327934,True
HeatCapacity,0.005019196301182305,True
HeatCapacity,0.05558199931565344,True
HeatCapacity,0.0066218434081255495,True
HeatCapacity,0.008514357757175794,True
HeatCapacity,0.004935754457296326,True
HeatCapacity,0.007698082619439717,True
HeatCapacity,0.015347987799619212,True
HeatCapacity,0.0028613919707654034,True
HeatCapacity,0.008458168235021546,True
HeatCapacity,0.0019559684485548345,True
HeatCapacity,0.0007701395116290755,True
HeatCapacity,0.0016722495101539891,True
HeatCapacity,0.002451333944557099,True
HeatCapacity,0.0031166110163125538,True
HeatCapacity,0.03185370503755802,True
HeatCapacity,0.028042293039544752,True
HeatCapacity,0.0014138230898037563,True
HeatCapacity,0.007431643748375016,True
HeatCapacity,0.006779657039849063,True
HeatCapacity,0.0030079785840317896,True
HeatCapacity,0.025286667696563292,True
HeatCapacity,0.0011347493620670335,True
HeatCapacity,0.013447253688429583,True
HeatCapacity,0.008620776879309844,True
HeatCapacity,0.014337852197562562,True
HeatCapacity,0.0023296554935763325,True
HeatCapacity,0.0006055817249954742,True
HeatCapacity,0.02036008441920334,True
HeatCapacity,0.014889190351122572,True
HeatCapacity,0.009230212819836048,True
HeatCapacity,0.172779191145497,True
HeatCapacity,0.014393867033486885,True
HeatCapacity,0.006766813092588642,True
HeatCapacity,8.52687877914704e-05,True
HeatCapacity,0.02743339534022393,True
HeatCapacity,0.0023594780912254976,True
HeatCapacity,0.053313275796781134,True
HeatCapacity,0.036011267593987206,True
HeatCapacity,0.0018070672168981616,True
HeatCapacity,0.01609609690079239,True
HeatCapacity,0.016055082982023627,True
HeatCapacity,0.0071697408153266196,True
HeatCapacity,0.02685928179049135,True
HeatCapacity,0.0017624205199595622,True
HeatCapacity,0.003410880007730377,True
HeatCapacity,0.05587050827120876,True
HeatCapacity,0.03187852200717156,True
HeatCapacity,0.00905036014165539,True
HeatCapacity,0.004361654554293715,True
HeatCapacity,0.023327838398964573,True
HeatCapacity,0.009120931310335756,True
HeatCapacity,0.011680565242541796,True
HeatCapacity,0.00526243921842795,True
HeatCapacity,0.006795562807247357,True
HeatCapacity,0.003468503111080601,True
HeatCapacity,0.004030240339972124,True
HeatCapacity,0.00041993363921921656,True
HeatCapacity,0.01987057634748801,True
HeatCapacity,0.0037665703265918893,True
HeatCapacity,0.0011559226599082706,True
HeatCapacity,0.04168418390646256,True
HeatCapacity,0.003784150506091599,True
HeatCapacity,0.00385333728090842,True
HeatCapacity,0.000334748526293005,True
HeatCapacity,0.017358704196674957,True
HeatCapacity,0.013232292680432245,True
HeatCapacity,0.0021247647621951415,True
HeatCapacity,0.0037288708946539018,True
HeatCapacity,0.008606441234904061,True
HeatCapacity,0.01272728360352815,True
HeatCapacity,0.05809404505045368,True
HeatCapacity,0.0008111207516261487,True
HeatCapacity,0.0035434483171163933,True
HeatCapacity,0.01890793059641016,True
HeatCapacity,0.056012209978340444,True
HeatCapacity,0.0002140985547818275,True
HeatCapacity,0.051070640050932425,True
HeatCapacity,0.0017119333006627713,True
HeatCapacity,0.00868028026794132,True
HeatCapacity,0.007462606729224497,True
HeatCapacity,0.0028615774230908997,True
HeatCapacity,0.0004386343567608364,True
HeatCapacity,0.0029888067053445155,True
HeatCapacity,0.03169340240050467,True
HeatCapacity,0.0024937911689670855,True
HeatCapacity,0.0060711005466451695,True
HeatCapacity,0.010222866166951228,True
HeatCapacity,0.0019649986022649557,True
HeatCapacity,0.00247582259233603,True
HeatCapacity,0.009609397608817183,True
HeatCapacity,0.012606680731410691,True
HeatCapacity,0.30368623855250654,True
HeatCapacity,0.0002798812110622606,True
HeatCapacity,0.006615131380805828,True
HeatCapacity,0.001078992430896264,True
HeatCapacity,0.01617662728795377,True
HeatCapacity,0.0038208845786309453,True
HeatCapacity,0.02878140404617735,True
HeatCapacity,0.0714059038359025,True
HeatCapacity,0.006283768078470864,True
HeatCapacity,0.0006757498603544576,True
HeatCapacity,0.0014883101703153656,True
HeatCapacity,0.01145260377398749,True
HeatCapacity,0.01573471308606056,True
HeatCapacity,0.005262939510443765,True
HeatCapacity,0.07063972729774637,True
HeatCapacity,0.005985670766155415,True
HeatCapacity,0.0022906784127423307,True
HeatCapacity,0.0019703089875617863,True
HeatCapacity,0.007106747882358988,True
HeatCapacity,0.016396497740405636,True
HeatCapacity,0.004067354508240584,True
HeatCapacity,0.1090326737771985,True
HeatCapacity,0.0007971894226903586,True
HeatCapacity,0.0024691424654514904,True
HeatCapacity,0.00831608900503511,True
HeatCapacity,0.007502578593128639,True
HeatCapacity,0.0040878113026332485,True
HeatCapacity,0.00661856467464883,True
HeatCapacity,0.12170322587362836,True
HeatCapacity,0.017158985442118357,True
HeatCapacity,0.001411936121227697,True
HeatCapacity,0.026561298326618576,True
HeatCapacity,0.03516857942021279,True
HeatCapacity,0.008941185105157068,True
HeatCapacity,0.003219494689122193,True
HeatCapacity,0.013466321200279907,True
HeatCapacity,0.004244742515024491,True
HeatCapacity,0.0013938094429120085,True
HeatCapacity,0.019465441403217376,True
HeatCapacity,0.0003104086137533102,True
HeatCapacity,0.014194465605879891,True
HeatCapacity,0.007611817714973768,True
HeatCapacity,0.002737371850222381,True
HeatCapacity,0.010163218220827552,True
HeatCapacity,0.023670194354330043,True
HeatCapacity,0.0033788695490786225,True
HeatCapacity,0.009350421361172145,True
HeatCapacity,0.10637712526674292,True
HeatCapacity,0.005691090737697024,True
HeatCapacity,0.005619456906842402,True
HeatCapacity,0.004415105323182011,True
HeatCapacity,0.0013175299467205193,True
HeatCapacity,0.02322580382009498,True
HeatCapacity,0.0035882209136062215,True
HeatCapacity,0.0023469409566860833,True
HeatCapacity,0.0027879820288667645,True
HeatCapacity,0.009472829412524142,True
HeatCapacity,5.819191029754478e-05,True
HeatCapacity,0.003906268777916111,True
HeatCapacity,0.00370892878286444,True
HeatCapacity,0.02416695284697834,True
HeatCapacity,0.013231402020433158,True
HeatCapacity,0.0027927463138928132,True
HeatCapacity,0.00041767525535796324,True
HeatCapacity,4.05164820183046e-05,True
HeatCapacity,0.006101584037391028,True
HeatCapacity,0.0004982279486087648,True
HeatCapacity,0.004940420038232141,True
HeatCapacity,0.0018572265214471528,True
HeatCapacity,0.0005117322220131726,True
HeatCapacity,0.011440285393931049,True
HeatCapacity,0.09448340077092254,True
HeatCapacity,0.02747147983163778,True
HeatCapacity,0.003178292177135944,True
HeatCapacity,0.055483930317842045,True
HeatCapacity,0.009252091642125038,True
HeatCapacity,0.006153579581922308,True
HeatCapacity,0.020045275724675626,True
HeatCapacity,0.0034699745481017175,True
HeatCapacity,0.16212656243184842,True
HeatCapacity,0.006804478083726195,True
HeatCapacity,0.006962347404412483,True
HeatCapacity,0.013729034560315156,True
HeatCapacity,0.004489881504567528,True
HeatCapacity,0.09739821777072066,True
HeatCapacity,0.008690958096767787,True
HeatCapacity,0.0014038087243326558,True
HeatCapacity,0.04970356632664519,True
HeatCapacity,0.0004264182231095148,True
HeatCapacity,0.019339617241079132,True
HeatCapacity,0.00261222995433652,True
HeatCapacity,0.02830889373476353,True
HeatCapacity,0.0027657007982329063,True
HeatCapacity,0.0212373382398221,True
HeatCapacity,0.0017527863156505674,True
HeatCapacity,0.0003180373171645101,True
HeatCapacity,0.1075206237209203,True
HeatCapacity,0.07234097418462948,True
HeatCapacity,0.0011567815824271577,True
HeatCapacity,0.0001201611546504111,True
HeatCapacity,0.011255606194319867,True
HeatCapacity,0.02119389623495138,True
HeatCapacity,0.004989672890403085,True
HeatCapacity,0.014892170375277125,True
HeatCapacity,0.0013870346775837206,True
HeatCapacity,0.003142342352366434,True
HeatCapacity,0.000659782147567789,True
HeatCapacity,0.00014355707988578104,True
HeatCapacity,0.011645323436845878,True
HeatCapacity,0.00030803625716302463,True
HeatCapacity,0.00297800893024025,True
SurfaceTension,0.20812214451472633,True
SurfaceTension,0.0008383051701024158,True
SurfaceTension,0.022682435720230654,True
SurfaceTension,0.002757451480196238,True
SurfaceTension,0.00024212917415988855,True
SurfaceTension,0.016654210616809717,True
SurfaceTension,0.011192028325074599,True
SurfaceTension,0.010440595616993509,True
SurfaceTension,0.006485206663793264,True
SurfaceTension,0.010540430167284232,True
SurfaceTension,0.009783516476593146,True
SurfaceTension,0.0017174668143780103,True
SurfaceTension,0.021520151135928867,True
SurfaceTension,0.011117464808837685,True
SurfaceTension,0.017413683328838303,True
SurfaceTension,0.014326237183979185,True
SurfaceTension,0.01525947041545983,True
SurfaceTension,0.0029984290777349543,True
SurfaceTension,0.04390694476269141,True
SurfaceTension,0.004465718477126401,True
SurfaceTension,0.017454424092802512,True
SurfaceTension,0.13086062172764024,True
SurfaceTension,0.003247810661693329,True
SurfaceTension,0.0061920489331983575,True
SurfaceTension,0.019757567201415416,True
SurfaceTension,0.004287119814674778,True
SurfaceTension,0.00027517777478003325,True
SurfaceTension,0.14106381009001412,True
SurfaceTension,0.005293729326841579,True
SurfaceTension,0.003981254596010064,True
SurfaceTension,0.009526221398282075,True
SurfaceTension,0.07134831990117085,True
SurfaceTension,0.009614479439989942,True
SurfaceTension,0.012162095291966768,True
SurfaceTension,0.04145652733893401,True
SurfaceTension,0.03175980004605172,True
SurfaceTension,0.004964011853662242,True
SurfaceTension,0.01596860985278159,True
SurfaceTension,0.02381561666451404,True
SurfaceTension,0.008098420375568516,True
SurfaceTension,0.007205286214165607,True
SurfaceTension,0.05010552804781998,True
SurfaceTension,0.0012168354057173758,True
SurfaceTension,0.03167540341181141,True
SurfaceTension,0.00826130351780252,True
SurfaceTension,0.08799860704500118,True
SurfaceTension,0.008947726881122442,True
SurfaceTension,0.004202985461939424,True
SurfaceTension,0.021834568013246347,True
SurfaceTension,0.01636234525662239,True
SurfaceTension,0.003494934109382619,True
SurfaceTension,0.014686091172120275,True
SurfaceTension,0.00789744739652054,True
SurfaceTension,0.005693599453882925,True
SurfaceTension,0.013043284317505677,True
SurfaceTension,0.015358701524986085,True
SurfaceTension,0.011380471274926585,True
SurfaceTension,0.004785350713583991,True
SurfaceTension,0.002230701170325755,True
SurfaceTension,0.015402258077352293,True
SurfaceTension,0.026272807125250708,True
SurfaceTension,0.0026099304850082383,True
SurfaceTension,0.014612442157712291,True
SurfaceTension,0.004414551710080872,True
SurfaceTension,0.02378279027226382,True
SurfaceTension,0.006184508809421452,True
SurfaceTension,0.013919380415937876,True
SurfaceTension,0.0047489900341322056,True
SurfaceTension,0.007714273946082262,True
SurfaceTension,0.04000045242237693,True
SurfaceTension,0.031038223337580106,True
SurfaceTension,0.006205365484008407,True
SurfaceTension,0.011892570141648129,True
SurfaceTension,0.006544174865742214,True
SurfaceTension,0.01774048744471557,True
SurfaceTension,0.010457231422150493,True
SurfaceTension,0.005159976752850515,True
SurfaceTension,0.01651447977969367,True
SurfaceTension,0.01782851678596309,True
SurfaceTension,0.013697135850013531,True
SurfaceTension,0.0004791281135068104,True
SurfaceTension,0.0018307895131397522,True
SurfaceTension,0.000130282637587964,True
SurfaceTension,0.02211220236228728,True
SurfaceTension,0.0009550846525239187,True
SurfaceTension,0.05656412637777741,True
SurfaceTension,0.03875297508225373,True
SurfaceTension,0.020609000013254608,True
SurfaceTension,0.021147707559995066,True
SurfaceTension,0.004567786414162001,True
SurfaceTension,0.0231699443010851,True
SurfaceTension,0.011087213719497502,True
SurfaceTension,0.006366750565327539,True
SurfaceTension,0.008457220955208733,True
SurfaceTension,0.027056557545492854,True
SurfaceTension,0.007533114119437467,True
SurfaceTension,0.0018626445707732309,True
SurfaceTension,0.019020370838558343,True
SurfaceTension,0.01327357963894027,True
SurfaceTension,0.0160641635150367,True
SurfaceTension,0.008261234585477784,True
SurfaceTension,0.0024301603370298075,True
SurfaceTension,0.1387528629415824,True
SurfaceTension,0.017859063238120143,True
SurfaceTension,0.006433768564628739,True
SurfaceTension,0.0015340190733872383,True
SurfaceTension,0.004238728515876922,True
SurfaceTension,0.011317042489721096,True
SurfaceTension,0.0073882993654712514,True
SurfaceTension,0.03527590893210908,True
SurfaceTension,0.03741047966616318,True
SurfaceTension,0.006471714252457961,True
SurfaceTension,0.0037660585507168776,True
SurfaceTension,0.005741425807841871,True
SurfaceTension,0.00383448619253679,True
SurfaceTension,0.002760856062951955,True
SurfaceTension,0.006449668397169095,True
SurfaceTension,0.13993265449640635,True
SurfaceTension,0.013926504362639758,True
SurfaceTension,0.004481954434894853,True
SurfaceTension,0.0035672750220396843,True
SurfaceTension,0.08581566923339912,True
SurfaceTension,0.032924924007090794,True
SurfaceTension,0.005089020492217156,True
SurfaceTension,0.0013608605506796323,True
SurfaceTension,0.006586226708714893,True
SurfaceTension,0.008363895043802305,True
SurfaceTension,0.04302404083363687,True
SurfaceTension,0.011875089942462669,True
SurfaceTension,0.017037128790134304,True
SurfaceTension,0.0066274577234777254,True
SurfaceTension,0.009812866594397285,True
SurfaceTension,0.0049170906257987035,True
SurfaceTension,0.015804065415952362,True
SurfaceTension,0.025237273466807597,True
SurfaceTension,0.0002903647324039582,True
SurfaceTension,0.010284073400222749,True
SurfaceTension,0.017016580415678995,True
SurfaceTension,0.01539804239560505,True
SurfaceTension,0.011981101784763304,True
SurfaceTension,0.002021716359978498,True
SurfaceTension,0.0010997417921823072,True
SurfaceTension,0.13875445819841437,True
SurfaceTension,0.017861479639058153,True
SurfaceTension,0.0010585314314144334,True
SurfaceTension,0.0074756010540069084,True
SurfaceTension,0.0011260246339843683,True
SurfaceTension,0.005795739514184994,True
SurfaceTension,0.03728407545562673,True
SurfaceTension,0.004122900410770125,True
SurfaceTension,0.003125860831944216,True
SurfaceTension,0.01948263664489369,True
SurfaceTension,0.016940113276102675,True
SurfaceTension,0.006904068471936586,True
SurfaceTension,0.011594065509714202,True
SurfaceTension,0.014639812449256606,True
SurfaceTension,0.016506043085487754,True
SurfaceTension,0.013029074551492936,True
SurfaceTension,0.006914738844096657,True
SurfaceTension,0.053061611544864995,True
SurfaceTension,0.026773031527444147,True
SurfaceTension,0.006830387263730309,True
SurfaceTension,0.009825649140244863,True
SurfaceTension,0.007582119258852771,True
SurfaceTension,0.032855390219608704,True
SurfaceTension,0.0009877121168506697,True
SurfaceTension,0.009298550231303437,True
SurfaceTension,0.0038899450260077018,True
SurfaceTension,0.01074806009023943,True
SurfaceTension,0.026480969221381212,True
SurfaceTension,0.09954060480892357,True
SurfaceTension,0.00013639553978439523,True
SurfaceTension,0.27707912876731244,True
SurfaceTension,0.028501700113049644,True
SurfaceTension,0.005130178423674803,True
SurfaceTension,0.000849469180906226,True
SurfaceTension,0.001541578377389552,True
SurfaceTension,0.0076034709312398086,True
SurfaceTension,0.08744950342213809,True
SurfaceTension,0.017619527677369184,True
SurfaceTension,0.020095511046575698,True
SurfaceTension,0.024808130614481172,True
SurfaceTension,0.018416604902704137,True
SurfaceTension,0.01120044983195223,True
SurfaceTension,0.014245447024982205,True
SurfaceTension,0.0031114961222842297,True
SurfaceTension,0.008967633980758283,True
SurfaceTension,0.029283119976142302,True
SurfaceTension,0.0007074740952108804,True
SurfaceTension,0.0008063077987161549,True
SurfaceTension,0.10029046527551255,True
SurfaceTension,0.014034370532369334,True
SurfaceTension,0.210205922270831,True
SurfaceTension,0.00171912263494578,True
SurfaceTension,0.012931166779261538,True
SurfaceTension,0.001771199610380414,True
SurfaceTension,0.0913426954043075,True
SurfaceTension,0.005078754755634574,True
SurfaceTension,0.002369841773564918,True
SurfaceTension,0.004458896816534441,True
SurfaceTension,0.03345132317040678,True
SurfaceTension,0.007589524593758501,True
SurfaceTension,0.007513385514616999,True
SurfaceTension,0.013846926998550835,True
SurfaceTension,0.00908708565323657,True
SurfaceTension,0.006787808054273814,True
SurfaceTension,0.00494429810478314,True
SurfaceTension,0.003151103642725417,True
SurfaceTension,0.02199800604836266,True
SurfaceTension,0.005055662313835807,True
SurfaceTension,0.03524981892456358,True
SurfaceTension,0.0021550360780366873,True
SurfaceTension,0.006127176073397411,True
SurfaceTension,0.002893250857368912,True
SurfaceTension,0.007489490455338199,True
SurfaceTension,0.1556489716293714,True
SurfaceTension,0.003315203013331658,True
SurfaceTension,0.0016208229105281191,True
SurfaceTension,0.003218392353071753,True
SurfaceTension,0.03729915694708996,True
SurfaceTension,0.025662622061338958,True
SurfaceTension,0.0006051051420836728,True
SurfaceTension,0.03489652017692846,True
SurfaceTension,0.008239535809933862,True
SurfaceTension,0.02008312473459961,True
SurfaceTension,0.00688197389079237,True
SurfaceTension,0.00956723132734405,True
SurfaceTension,0.004845251071893042,True
SurfaceTension,0.001986638342897251,True
SurfaceTension,0.013866335717949152,True
SurfaceTension,0.006070940672318059,True
SurfaceTension,0.13835232637582973,True
SurfaceTension,0.006933860179828333,True
SurfaceTension,0.0037121841900189523,True
SurfaceTension,0.0018557330713946385,True
SurfaceTension,0.001988984513647818,True
SurfaceTension,0.04221585961447483,True
SurfaceTension,0.008721790489191417,True
SurfaceTension,0.03841027359096838,True
SurfaceTension,0.011685666169384934,True
SurfaceTension,0.008241598232340941,True
SurfaceTension,0.008537042665177186,True
SurfaceTension,0.04135240268120777,True
SurfaceTension,0.003223661756256213,True
SurfaceTension,0.03153806268304438,True
SurfaceTension,0.03448631474603303,True
SurfaceTension,0.0020206247078009554,True
SurfaceTension,0.014311376546430221,True
SurfaceTension,0.015146092810759182,True
SurfaceTension,0.025373709210642748,True
SurfaceTension,0.01974107080237264,True
SurfaceTension,0.006421266845575868,True
SurfaceTension,0.014777957010946086,True
SurfaceTension,0.03471062353118448,True
SurfaceTension,0.001238434190457216,True
SurfaceTension,0.2517055562368826,True
SurfaceTension,0.0006273523766489042,True
SurfaceTension,0.004600792096955075,True
SurfaceTension,0.010256572255870289,True
SurfaceTension,0.005479578232220117,True
SurfaceTension,0.0007936232071754645,True
SurfaceTension,0.017804792562477356,True
SurfaceTension,0.010883766554981467,True
SurfaceTension,0.0026722049323950614,True
SurfaceTension,0.008689685589326146,True
SurfaceTension,0.0032353726247982273,True
SurfaceTension,0.005766767403957651,True
SurfaceTension,0.023670490711769077,True
SurfaceTension,0.006334910199869537,True
SurfaceTension,0.10775502445229757,True
SurfaceTension,0.010100629019637264,True
SurfaceTension,0.0016240092823784913,True
SurfaceTension,0.018020471257833126,True
SurfaceTension,0.0023920853476919746,True
SurfaceTension,0.002809159716929077,True
SurfaceTension,0.004759552532160871,True
SurfaceTension,0.0033384886496374833,True
SurfaceTension,0.00178813209760742,True
SurfaceTension,0.015302402318304598,True
SurfaceTension,0.013783961778229603,True
SurfaceTension,0.006126688765912824,True
SurfaceTension,0.007990156912456303,True
SurfaceTension,0.014586159214247107,True
SurfaceTension,0.014388741686834017,True
SurfaceTension,0.005915369065865761,True
SurfaceTension,0.0029471371804494773,True
SurfaceTension,0.008087271495686998,True
SurfaceTension,0.005603867624741632,True
SurfaceTension,0.007909254928986975,True
SurfaceTension,0.0009601089539259533,True
SurfaceTension,0.010472572011723802,True
SurfaceTension,0.0010876292823787104,True
SurfaceTension,0.010462754056149048,True
SurfaceTension,0.09015508781400694,True
SurfaceTension,0.013794259136834963,True
SurfaceTension,0.09399861217029049,True
SurfaceTension,0.017946566051679103,True
SurfaceTension,0.021472191294698906,True
SurfaceTension,0.010439371612497972,True
SurfaceTension,0.003546328420964251,True
SurfaceTension,0.023881885524398072,True
SurfaceTension,0.055931188403314014,True
SurfaceTension,0.011538205087587627,True
SurfaceTension,0.05278305413628237,True
SurfaceTension,0.010037140646102838,True
SurfaceTension,0.029558010534445067,True
SurfaceTension,0.03951219365400105,True
SurfaceTension,0.016421058221855134,True
SurfaceTension,0.0061115662987183406,True
SurfaceTension,0.0025807549548049202,True
SurfaceTension,0.000795220809858499,True
SurfaceTension,0.0020376385861737845,True
SurfaceTension,0.03817148288043848,True
SurfaceTension,0.0039014644297310497,True
SurfaceTension,0.00227910286589017,True
SurfaceTension,0.017163055088149193,True
SurfaceTension,0.008776813477706202,True
SurfaceTension,0.013608962954949622,True
SurfaceTension,0.002708827945377301,True
SurfaceTension,0.019314018628523222,True
SurfaceTension,0.002261304972793088,True
SurfaceTension,0.26280366690366375,True
SurfaceTension,0.01259369427166357,True
SurfaceTension,0.011925006774909708,True
SurfaceTension,0.008478327629355853,True
SurfaceTension,0.0026810861657162732,True
SurfaceTension,0.018119437852409437,True
SurfaceTension,0.04591104404042268,True
SurfaceTension,0.007251253970006477,True
SurfaceTension,0.018960240218380164,True
SurfaceTension,0.004259203096003361,True
SurfaceTension,0.01156579022166948,True
SurfaceTension,0.006273093896656423,True
SurfaceTension,0.008056862115550789,True
SurfaceTension,0.07484086938330847,True
SurfaceTension,0.022411173605263457,True
SurfaceTension,0.00040408661900226406,True
SurfaceTension,0.0004989327882634065,True
SurfaceTension,0.013930805547944125,True
SurfaceTension,0.00464629300177144,True
SurfaceTension,0.0033881786093310495,True
SurfaceTension,0.007623830296709322,True
SurfaceTension,0.005957601629734022,True
SurfaceTension,0.0015957069337697583,True
SurfaceTension,4.908925826008215e-05,True
SurfaceTension,0.009169934170325522,True
SurfaceTension,0.051369461816408446,True
SurfaceTension,0.10560900703795362,True
SurfaceTension,0.0018985272898452976,True
SurfaceTension,0.0005817199568660669,True
SurfaceTension,0.024121519506955735,True
SurfaceTension,0.12329849739340748,True
SurfaceTension,0.030638919000657516,True
SurfaceTension,0.0074486177560020295,True
SurfaceTension,0.18607669997277965,True
SurfaceTension,0.001137743168648342,True
SurfaceTension,0.02906197287833434,True
SurfaceTension,0.01942706378643111,True
SurfaceTension,0.005123628255556678,True
SurfaceTension,0.01005546750095565,True
SurfaceTension,0.021338853812577607,True
SurfaceTension,0.0033956889119273193,True
SurfaceTension,0.005904161477110037,True
SurfaceTension,0.003925834084175683,True
SurfaceTension,0.008915251732250606,True
SurfaceTension,0.019635238890034046,True
SurfaceTension,0.006211008555084607,True
SurfaceTension,0.005913005343481714,True
SurfaceTension,0.01353791001246929,True
SurfaceTension,0.03809744114867408,True
SurfaceTension,0.012360604179891155,True
SurfaceTension,0.00850555818118126,True
SurfaceTension,0.0022193863247963463,True
SurfaceTension,0.0001592476980007973,True
SurfaceTension,0.012361778455352468,True
SurfaceTension,0.003799239259237197,True
SurfaceTension,0.038767253712731264,True
SurfaceTension,0.012759232238682916,True
SurfaceTension,0.003046284092906415,True
SurfaceTension,0.004139026052296213,True
SurfaceTension,0.04013760028027047,True
SurfaceTension,0.00566481883011738,True
SurfaceTension,0.008652032057398173,True
SurfaceTension,0.0028354594172790293,True
SurfaceTension,0.006913604643280724,True
SurfaceTension,0.09043692201789133,True
SurfaceTension,0.010567428077643548,True
SurfaceTension,0.0043306306093438,True
SurfaceTension,0.014841613994812874,True
SurfaceTension,0.0007893493362649551,True
SurfaceTension,0.0660420092032985,True
SurfaceTension,0.00925919200371439,True
SurfaceTension,0.003530496319762211,True
SurfaceTension,0.005066098156138121,True
SurfaceTension,0.00815462646229026,True
SurfaceTension,0.0004262500011753545,True
SurfaceTension,0.07763526844402469,True
SurfaceTension,0.004796265816489065,True
SurfaceTension,0.029126545215306887,True
SurfaceTension,0.00861809197460639,True
SurfaceTension,0.01399520771094842,True
SurfaceTension,0.01358051559696083,True
SurfaceTension,0.0034218145136337696,True
SurfaceTension,0.1345283264257775,True
SurfaceTension,0.002522477017411262,True
SurfaceTension,0.0033807498976825556,True
SurfaceTension,0.0011205776044653781,True
SurfaceTension,0.0035929338308848813,True
SurfaceTension,0.027035787884928553,True
SurfaceTension,0.001907395871991735,True
SurfaceTension,0.014274813896306249,True
SurfaceTension,0.02639977317649045,True
SurfaceTension,0.01473590776275513,True
SurfaceTension,0.011602187958259513,True
SurfaceTension,0.025046599800042646,True
SurfaceTension,0.03868667241896251,True
SurfaceTension,0.016619734625119342,True
SurfaceTension,0.0030390229331143104,True
SurfaceTension,0.005955590915496245,True
SurfaceTension,0.028108565095195992,True
SurfaceTension,0.0011506280548876369,True
SurfaceTension,0.01790424184309858,True
SurfaceTension,0.028080655472868088,True
SurfaceTension,0.013984443259625667,True
SurfaceTension,0.09282595692047702,True
SurfaceTension,0.0005613845628698044,True
SurfaceTension,0.014877806507090252,True
SurfaceTension,0.0012799918916983621,True
SurfaceTension,0.007832384547984184,True
SurfaceTension,0.00701326349920528,True
SurfaceTension,0.015768357602671035,True
SurfaceTension,0.008015834233390695,True
SurfaceTension,0.04475545486160337,True
SurfaceTension,0.02448332973666023,True
SurfaceTension,0.010347805366526241,True
SurfaceTension,0.030714959823713084,True
SurfaceTension,0.0046177438538537174,True
SurfaceTension,0.018802184305889202,True
SurfaceTension,0.022650435399026225,True
SurfaceTension,0.04501860631835397,True
SurfaceTension,0.12392828089669505,True
SurfaceTension,0.029467220448729403,True
SurfaceTension,0.04832528328312602,True
SurfaceTension,0.029626352888318053,True
SurfaceTension,0.008584989111937169,True
SurfaceTension,0.0070866181767521574,True
SurfaceTension,0.005584427662483904,True
SurfaceTension,0.02258755782593891,True
SurfaceTension,0.02107669278093427,True
SurfaceTension,0.0668174595306339,True
SurfaceTension,0.021815379729168694,True
SurfaceTension,0.006475014148096481,True
SurfaceTension,0.00837326642081715,True
SurfaceTension,0.01181417310191124,True
SurfaceTension,0.0030617141671527293,True
SurfaceTension,0.010884150103033896,True
SurfaceTension,0.0029749664880078797,True
SurfaceTension,0.005741838643112285,True
SurfaceTension,0.014146067136536988,True
SurfaceTension,0.012019373853530801,True
SurfaceTension,0.006563441235045264,True
SurfaceTension,0.0021443026954908184,True
SurfaceTension,0.0040403841492167025,True
SurfaceTension,0.03600052376231577,True
SurfaceTension,0.02039114385826757,True
SurfaceTension,0.012542286785697243,True
SurfaceTension,0.006413596343463723,True
SurfaceTension,0.0488991257768836,True
SurfaceTension,0.007271860518593076,True
SurfaceTension,0.008006519607290041,True
SurfaceTension,0.04575976671409565,True
SurfaceTension,0.06750446906359864,True
SurfaceTension,0.037714720327216344,True
SurfaceTension,0.01525530744394299,True
SurfaceTension,0.016883848342045038,True
SurfaceTension,0.01836511592111245,True
SurfaceTension,0.0025818005443825065,True
SurfaceTension,0.013419787716662857,True
SurfaceTension,0.014271825123614246,True
SurfaceTension,0.0015515674937920387,True
SurfaceTension,0.014055001448522564,True
SurfaceTension,0.026684020356757987,True
SurfaceTension,0.048770972495359555,True
SurfaceTension,0.001156640299329048,True
SurfaceTension,0.006044603244734326,True
SurfaceTension,0.06386474445087575,True
SurfaceTension,0.02512980268863929,True
SurfaceTension,0.0456761998878199,True
SurfaceTension,0.01163487936619001,True
SurfaceTension,0.0021899667145111046,True
SurfaceTension,0.0724077505655476,True
SurfaceTension,0.11411258087290976,True
SurfaceTension,0.00034515779248422973,True
SurfaceTension,0.021176594381310476,True
SurfaceTension,0.002582621528126605,True
SurfaceTension,0.000277815656668956,True
SurfaceTension,0.013729329071624274,True
SurfaceTension,0.013724013618637176,True
SurfaceTension,0.0076182910782804925,True
SurfaceTension,0.00977370351713569,True
SurfaceTension,0.027137749371116016,True
SurfaceTension,0.010449028202979882,True
SurfaceTension,0.007404743959482651,True
SurfaceTension,0.021855388963485822,True
SurfaceTension,0.041669778471224994,True
SurfaceTension,0.11336589243004758,True
SurfaceTension,0.019534754864166448,True
SurfaceTension,0.009341506495422536,True
SurfaceTension,0.019433843281887242,True
SurfaceTension,0.005033940670208459,True
SurfaceTension,0.009774500501791739,True
SurfaceTension,0.025595639529277125,True
SurfaceTension,0.004771921551507408,True
SurfaceTension,0.0015181871915297407,True
SurfaceTension,0.01433367365682825,True
SurfaceTension,0.010005779990867048,True
SurfaceTension,0.032725445424161226,True
SurfaceTension,0.05548952652639061,True
SurfaceTension,0.024141366510422646,True
SurfaceTension,0.05318485122990779,True
SurfaceTension,0.03826876881235952,True
SurfaceTension,0.020239786438826624,True
SurfaceTension,0.0062354515329849924,True
SurfaceTension,0.01928660171251506,True
SurfaceTension,0.0015479916684650874,True
SurfaceTension,0.020670160803414994,True
SurfaceTension,0.0017634021890691187,True
SurfaceTension,0.012062330481619199,True
SurfaceTension,0.05031458322761928,True
SurfaceTension,0.036922859341801395,True
SurfaceTension,0.023930263440059107,True
SurfaceTension,0.051587779502758835,True
SurfaceTension,0.004299913114191867,True
SurfaceTension,0.040043226974607826,True
SurfaceTension,0.024218150386404513,True
SurfaceTension,0.0037327134603879486,True
SurfaceTension,0.08328707750804742,True
SurfaceTension,0.007143476090456957,True
SurfaceTension,0.008827235342561579,True
SurfaceTension,0.011893207459289012,True
SurfaceTension,0.001837816605422038,True
SurfaceTension,0.007787703446613392,True
SurfaceTension,0.016499873780098984,True
SurfaceTension,0.00972264435609782,True
SurfaceTension,0.014335395064807521,True
SurfaceTension,0.0034608557926714134,True
SurfaceTension,0.01470623110699476,True
SurfaceTension,0.007079957958188832,True
SurfaceTension,8.911923425980461e-05,True
SurfaceTension,0.0032024912924044635,True
SurfaceTension,0.0006543133319030225,True
SurfaceTension,0.11599035521000589,True
SurfaceTension,0.00043225659727941235,True
SurfaceTension,0.002960420763541194,True
SurfaceTension,0.054753600616517684,True
SurfaceTension,0.04067838399030199,True
SurfaceTension,0.003895744667532952,True
SurfaceTension,0.03470689836904661,True
SurfaceTension,0.0006459992534724179,True
SurfaceTension,0.014950903543577532,True
SurfaceTension,0.05553606682342771,True
SurfaceTension,0.025462245472618772,True
SurfaceTension,0.004452792788796067,True
SurfaceTension,0.04541307351103141,True
SurfaceTension,0.0002117915240797963,True
SurfaceTension,0.06808768860644587,True
SurfaceTension,0.07536219917867859,True
SurfaceTension,0.028801745210293994,True
SurfaceTension,0.029074425480540622,True
SurfaceTension,0.008047109188661139,True
SurfaceTension,0.033543359994159694,True
SurfaceTension,0.008916678409682355,True
SurfaceTension,0.01845039653489655,True
SurfaceTension,0.03689822411307109,True
SurfaceTension,0.002180566947808771,True
SurfaceTension,0.0028647694062278184,True
SurfaceTension,0.002300044629573339,True
SurfaceTension,9.796763617320181e-05,True
SurfaceTension,0.009718519700476325,True
SurfaceTension,0.043172528474274774,True
SurfaceTension,0.017052656403014232,True
SurfaceTension,0.009815203865721767,True
SurfaceTension,0.003979488976112666,True
SurfaceTension,0.019140591255569106,True
SurfaceTension,0.10855657868793678,True
SurfaceTension,0.004979114606102009,True
SurfaceTension,0.004811334472434758,True
SurfaceTension,0.0007235339019229237,True
SurfaceTension,0.00801981588252243,True
SurfaceTension,0.0071476075558454255,True
SurfaceTension,0.16739881090898567,True
SurfaceTension,0.030471188914112712,True
SurfaceTension,0.010740703618136394,True
SurfaceTension,0.007450137697055048,True
SurfaceTension,0.11166824886650772,True
SurfaceTension,0.006771575227165982,True
SurfaceTension,0.01543901668246983,True
SurfaceTension,0.007010459538183689,True
SurfaceTension,0.0030121822126756292,True
SurfaceTension,0.0008144646028940272,True
SurfaceTension,0.005157986515899271,True
SurfaceTension,0.005014932964248153,True
SurfaceTension,0.007762098944145368,True
SurfaceTension,0.02319741448515611,True
SurfaceTension,0.026551557578113893,True
SurfaceTension,0.08361910046148324,True
SurfaceTension,0.014379203267640861,True
SurfaceTension,0.011590811013852953,True
SurfaceTension,0.01580697885180493,True
SurfaceTension,0.025210108420059996,True
SurfaceTension,0.007783956951421089,True
SurfaceTension,0.00997041939552501,True
SurfaceTension,0.052272355493747646,True
SurfaceTension,0.0041883250002325845,True
SurfaceTension,0.003192669497277034,True
SurfaceTension,0.00547300815289864,True
SurfaceTension,0.0035067808038129478,True
SurfaceTension,0.018475787769848928,True
SurfaceTension,0.045404905385278305,True
SurfaceTension,0.010273666766139389,True
SurfaceTension,0.08784511096484193,True
SurfaceTension,0.007084928132078616,True
SurfaceTension,0.08119868814180764,True
SurfaceTension,0.004970137636686189,True
SurfaceTension,0.03618721776371725,True
SurfaceTension,0.013616275724452453,True
SurfaceTension,0.008194880341338084,True
SurfaceTension,0.004089099580160571,True
SurfaceTension,0.03447808541718089,True
SurfaceTension,0.06096501018343581,True
SurfaceTension,0.03408602161128149,True
SurfaceTension,0.0043246718915814775,True
SurfaceTension,0.006367287039929614,True
SurfaceTension,0.0033057978073327554,True
SurfaceTension,0.0029370583279737517,True
SurfaceTension,0.06862275572123666,True
SurfaceTension,0.0017504791202882508,True
SurfaceTension,0.013298996368883653,True
SurfaceTension,0.009132671347265031,True
SurfaceTension,0.0023477114355081596,True
SurfaceTension,0.009514857254074194,True
SurfaceTension,0.005860722270261576,True
SurfaceTension,0.017078585451897776,True
SurfaceTension,0.01160620154627967,True
SurfaceTension,0.008673917935348996,True
SurfaceTension,0.015292746227382636,True
SurfaceTension,0.005753871245810949,True
SurfaceTension,0.015014004095111222,True
SurfaceTension,0.004175837190221632,True
SurfaceTension,0.011575221676236147,True
SurfaceTension,0.009835499683504167,True
SurfaceTension,0.009958739699331254,True
SurfaceTension,0.0010115595852373538,True
SurfaceTension,0.04221739376047795,True
SurfaceTension,0.0031554730097882455,True
SurfaceTension,0.03932403194737377,True
SurfaceTension,0.007911978054505386,True
SurfaceTension,0.00043125102892371814,True
SurfaceTension,0.022918077402136916,True
SurfaceTension,0.02700613744501057,True
SurfaceTension,0.005883497280843919,True
SurfaceTension,0.0024890694820172143,True
SurfaceTension,0.0070165713055914125,True
SurfaceTension,0.002241911413233044,True
SurfaceTension,0.10884748130919109,True
SurfaceTension,0.08305260780863088,True
SurfaceTension,0.005650297067840704,True
SurfaceTension,0.002298111649082557,True
SurfaceTension,0.02076345276440872,True
SurfaceTension,0.047763538672451755,True
SurfaceTension,0.012179436590690429,True
SurfaceTension,0.02837839532958064,True
SurfaceTension,0.002622358112730261,True
SurfaceTension,0.013280640947987976,True
SurfaceTension,0.00553164695570274,True
SurfaceTension,0.020935018101050584,True
SurfaceTension,0.03715593035813125,True
SurfaceTension,0.0068712809553352905,True
SurfaceTension,0.03812760888895772,True
SurfaceTension,0.022099738773682986,True
SurfaceTension,0.008495359122070667,True
SurfaceTension,0.0007712852014121196,True
SurfaceTension,0.006759744292684555,True
SurfaceTension,0.03416090061865695,True
SurfaceTension,0.010897352033994778,True
SurfaceTension,0.0068575587166055385,True
SurfaceTension,0.0038014720723884565,True
SurfaceTension,0.08846615758828769,True
SurfaceTension,0.02413630051647342,True
SurfaceTension,0.0582689774738232,True
SurfaceTension,0.04105658718164351,True
SurfaceTension,0.0054461017650462296,True
SurfaceTension,0.0634395553575624,True
SurfaceTension,0.0037903780742918336,True
SurfaceTension,0.004271838837401454,True
SurfaceTension,0.0029215230305283946,True
SurfaceTension,0.0022416421107069873,True
SurfaceTension,0.0037284295170110227,True
SurfaceTension,0.002842083676891427,True
SurfaceTension,0.017277270419685742,True
SurfaceTension,0.005530969034472033,True
SurfaceTension,0.019421314588057736,True
SurfaceTension,0.0004108513176253048,True
SurfaceTension,0.008795241549193644,True
SurfaceTension,0.0037479930445445397,True
SurfaceTension,0.0059361560037496375,True
SurfaceTension,0.03279597311512772,True
SurfaceTension,0.008070517729744875,True
SurfaceTension,0.012176462818343392,True
SurfaceTension,0.040647761693259454,True
SurfaceTension,0.000542368854912656,True
SurfaceTension,0.003728339364595712,True
SurfaceTension,0.004780052464622653,True
SurfaceTension,0.005595289683869797,True
SurfaceTension,0.0016167603363239635,True
SurfaceTension,0.002975919957523665,True
SurfaceTension,0.002230103631199132,True
SurfaceTension,0.002491970393748044,True
SurfaceTension,0.011790740217833662,True
SurfaceTension,0.020022565899180833,True
SurfaceTension,0.0006709612957962463,True
SurfaceTension,0.01445007629178674,True
SurfaceTension,0.0016771534205788363,True
SurfaceTension,0.004099352878128126,True
SurfaceTension,0.004412396975705057,True
SurfaceTension,0.004809855327037038,True
SurfaceTension,0.01438532493261846,True
SurfaceTension,0.05413912007279187,True
SurfaceTension,0.023592544446013886,True
SurfaceTension,0.02686589563164432,True
SurfaceTension,0.002370291936597546,True
SurfaceTension,0.01706700351450774,True
SurfaceTension,0.1089463361633154,True
SurfaceTension,0.012433618546217051,True
SurfaceTension,0.0038230637641070153,True
SurfaceTension,0.01592934557004222,True
SurfaceTension,0.026543558425267566,True
SurfaceTension,0.034604094105558314,True
SurfaceTension,0.03233580201415798,True
SurfaceTension,0.03391964596233121,True
SurfaceTension,0.04162460045563554,True
SurfaceTension,0.02879457302950872,True
SurfaceTension,0.004139018229549762,True
SurfaceTension,0.004662569794311899,True
SurfaceTension,0.0035843081465487536,True
SurfaceTension,0.010922944144349689,True
SurfaceTension,0.01632551285444306,True
SurfaceTension,0.020425919778991553,True
SurfaceTension,0.009369129732096138,True
SurfaceTension,0.05456208593228329,True
SurfaceTension,0.006891448893182162,True
SurfaceTension,0.06082802131107057,True
SurfaceTension,0.01387690713919909,True
SurfaceTension,0.009647600922922273,True
SurfaceTension,0.01190489663570693,True
SurfaceTension,0.0007909944297206373,True
SurfaceTension,0.005159304735622872,True
SurfaceTension,0.03890090414144076,True
SurfaceTension,0.03138729893119452,True
SurfaceTension,0.033388575994253156,True
SurfaceTension,0.04044894887082329,True
SurfaceTension,0.004239368512282127,True
SurfaceTension,0.014357252832978062,True
SurfaceTension,0.03536722293917416,True
SurfaceTension,0.028585005993880586,True
SurfaceTension,0.01489111368245144,True
SurfaceTension,0.0005179998143454156,True
SurfaceTension,0.007607964798933331,True
SurfaceTension,0.003993510020401381,True
SurfaceTension,0.001316131748906546,True
SurfaceTension,0.013576633695435714,True
SurfaceTension,0.0009813389201953626,True
SurfaceTension,0.009388972849723842,True
SurfaceTension,0.011963720411201084,True
SurfaceTension,0.01751281295117657,True
SurfaceTension,0.013481355855515798,True
SurfaceTension,0.006807505131269043,True
SurfaceTension,0.01980924431316211,True
SurfaceTension,0.07688226923737185,True
SurfaceTension,0.01106962112126153,True
ThermalConductivity,5.777611454194087e-05,True
ThermalConductivity,0.007406432667327101,True
ThermalConductivity,0.04692460540680554,True
ThermalConductivity,0.017621011671693942,True
ThermalConductivity,0.0015637390096003845,True
ThermalConductivity,0.0022542058341066262,True
ThermalConductivity,0.006484356576886174,True
ThermalConductivity,0.005733995191251839,True
ThermalConductivity,0.000950451535995489,True
ThermalConductivity,0.0037195003987529063,True
ThermalConductivity,0.050937496447126085,True
ThermalConductivity,0.0063747176089612445,True
ThermalConductivity,0.007312028657616709,True
ThermalConductivity,0.002847216714206624,True
ThermalConductivity,0.03098235091329049,True
ThermalConductivity,0.009369684645994525,True
ThermalConductivity,0.0019530645253083012,True
ThermalConductivity,0.016169413214493167,True
ThermalConductivity,0.01001962841766546,True
ThermalConductivity,0.01322077542633937,True
ThermalConductivity,0.0009235513422809483,True
ThermalConductivity,0.020289922934051186,True
ThermalConductivity,0.0007297336796014964,True
ThermalConductivity,0.010602937232680354,True
ThermalConductivity,0.0020165440877888408,True
ThermalConductivity,0.0025678117309526627,True
ThermalConductivity,0.04319491986149915,True
ThermalConductivity,0.0064764030420174645,True
ThermalConductivity,0.006843636623032223,True
ThermalConductivity,0.0166676886629622,True
ThermalConductivity,0.04209936014467708,True
ThermalConductivity,0.0028180128489174727,True
ThermalConductivity,0.00018422960402686428,True
ThermalConductivity,0.0001981496794356552,True
ThermalConductivity,0.02186268248319423,True
ThermalConductivity,0.0017644778958498808,True
ThermalConductivity,0.05196647687628575,True
ThermalConductivity,0.010946991938198813,True
ThermalConductivity,0.010236780000807855,True
ThermalConductivity,0.01149568401875034,True
ThermalConductivity,0.005083676691863825,True
ThermalConductivity,0.002719034448185109,True
ThermalConductivity,0.0001386188786760556,True
ThermalConductivity,0.009687521172970559,True
ThermalConductivity,0.006386372928448569,True
ThermalConductivity,0.24776163726122769,True
ThermalConductivity,0.10256657289106674,True
ThermalConductivity,0.01084711065183197,True
ThermalConductivity,0.0227264323009837,True
ThermalConductivity,0.058314088214348025,True
ThermalConductivity,0.007959600420859525,True
ThermalConductivity,0.010125231410564428,True
ThermalConductivity,0.05001489007686821,True
ThermalConductivity,0.036645427367728134,True
ThermalConductivity,0.005456413238534186,True
ThermalConductivity,0.01449236620469474,True
ThermalConductivity,0.03689944093002784,True
ThermalConductivity,0.0033509178599817613,True
ThermalConductivity,0.03487381381539012,True
ThermalConductivity,0.0005836069900009289,True
ThermalConductivity,0.008774626722806378,True
ThermalConductivity,0.008129885590490327,True
ThermalConductivity,0.0034659440876174674,True
ThermalConductivity,0.0024228957494196735,True
ThermalConductivity,0.003740785938723068,True
ThermalConductivity,0.015349560752294433,True
ThermalConductivity,0.06422484104738602,True
ThermalConductivity,0.003746752635681583,True
ThermalConductivity,0.006418172198521699,True
ThermalConductivity,0.0034106172406971336,True
ThermalConductivity,0.004237447680056405,True
ThermalConductivity,0.012538710677004072,True
ThermalConductivity,0.014620531035871132,True
ThermalConductivity,0.008291345064726396,True
ThermalConductivity,0.009100734620897777,True
ThermalConductivity,0.0010227643526030672,True
ThermalConductivity,0.033959000147140594,True
ThermalConductivity,0.0026533601863099054,True
ThermalConductivity,0.001878105629012694,True
ThermalConductivity,0.06330712866917532,True
ThermalConductivity,0.016955440649413456,True
ThermalConductivity,0.0008220735409190105,True
ThermalConductivity,0.027715523981131973,True
ThermalConductivity,7.3352704561546744e-06,True
ThermalConductivity,0.020006790920451545,True
ThermalConductivity,0.009324015665842511,True
ThermalConductivity,0.04838118573359029,True
ThermalConductivity,0.001028642013727099,True
ThermalConductivity,0.07742206934452267,True
ThermalConductivity,4.591942162734952e-05,True
ThermalConductivity,0.011430205385841496,True
ThermalConductivity,0.003476934974903534,True
ThermalConductivity,0.002174301159768799,True
ThermalConductivity,0.010164163469829957,True
ThermalConductivity,0.005181482919197844,True
ThermalConductivity,0.056322553039782175,True
ThermalConductivity,0.0006515118579819568,True
ThermalConductivity,0.054718200306925535,True
ThermalConductivity,0.008076298723652675,True
ThermalConductivity,0.0175876523301155,True
ThermalConductivity,0.000867993014730617,True
ThermalConductivity,0.0038623664706642913,True
ThermalConductivity,0.005194264199921861,True
ThermalConductivity,0.0036217477483408977,True
ThermalConductivity,0.004579681034692307,True
ThermalConductivity,0.00694200179105775,True
ThermalConductivity,0.003684010112867009,True
ThermalConductivity,0.00944740027821922,True
ThermalConductivity,0.0028906929992968955,True
ThermalConductivity,0.00531139401592573,True
ThermalConductivity,0.00036061716179269787,True
ThermalConductivity,0.00019394944455841667,True
ThermalConductivity,0.0031804997581859062,True
ThermalConductivity,0.003431852795277024,True
ThermalConductivity,0.008243124312214745,True
ThermalConductivity,0.0018953455544337139,True
ThermalConductivity,0.12185010343427072,True
ThermalConductivity,0.0011431268692525531,True
ThermalConductivity,0.00391102992954151,True
ThermalConductivity,0.006219568598411218,True
ThermalConductivity,0.008712792618513543,True
ThermalConductivity,0.005029000021440577,True
ThermalConductivity,0.015230005377054878,True
