property,Temperature_K,temperature_bin,abs_log_error
Density,298.2,280-300,0.0015263082749346069
Density,288.15,280-300,0.002407893884514678
Density,303.15,300-320,0.003770788809042358
Density,298.44,280-300,0.0026854075280970946
Density,293.15,280-300,0.004417839501234866
Density,319.148,300-320,0.000416163427359173
Density,318.15,300-320,0.0026774103616515887
Density,283.0,280-300,0.0023183370803074865
Density,338.15,320-360,0.006433117483950923
Density,293.0,280-300,0.006422532997909514
Density,298.2,280-300,0.007448063109826819
Density,325.65,320-360,0.0004721255256194823
Density,323.15,320-360,0.0007976966093350413
Density,363.16,>360,0.005052547068641999
Density,332.15,320-360,0.002751266598327362
Density,290.15,280-300,0.00410605044725898
Density,318.15,300-320,0.004265768558640026
Density,298.0,280-300,0.004659556243579388
Density,338.0,320-360,0.0049552789232381045
Density,323.15,320-360,0.0026340149983141714
Density,338.46,320-360,0.0017243753851268195
Density,333.18,320-360,0.002692210719666299
Density,299.15,280-300,0.0007342826358547327
Density,343.15,320-360,0.005808323533416093
Density,308.15,300-320,0.007175477862918278
Density,348.55,320-360,0.0008030517352839439
Density,353.15,320-360,0.002486664494559143
Density,308.15,300-320,0.002354138386468918
Density,358.15,320-360,0.004051631267875777
Density,273.15,<280,0.0007872564562063644
Density,264.16,<280,0.007382350706526708
Density,305.15,300-320,0.0004106525626479396
Density,313.15,300-320,0.0016576367741780729
Density,353.61,320-360,0.0012000800960256797
Density,358.15,320-360,0.002578328458354484
Density,303.15,300-320,0.00939954951919475
Density,316.66,300-320,0.0011916029972107722
Density,304.15,300-320,0.0015635504745956652
Density,308.15,300-320,0.0006508335893284922
Density,303.15,300-320,0.010032209308342033
Density,308.15,300-320,0.002281711234822126
Density,293.15,280-300,0.006311485633069047
Density,323.18,320-360,0.0001765961273303418
Density,303.15,300-320,0.0035901183153335126
Density,321.15,320-360,0.0007014386687353991
Density,278.15,<280,0.005159491124889115
Density,289.15,280-300,0.002612734224922697
Density,300.16,300-320,0.0011267129031962142
Density,358.15,320-360,0.001888284714435251
Density,298.148,280-300,0.0019016650315046846
Density,328.15,320-360,0.003740720357608751
Density,279.143,<280,0.0010242271389167001
Density,323.15,320-360,0.0007391822264564141
Density,318.15,300-320,0.0021886229884762187
Density,348.14,320-360,0.006705150946197058
Density,323.15,320-360,1.6204778920503315e-05
Density,308.15,300-320,0.004680218941827796
Density,313.4,300-320,0.00222206532969782
Density,318.15,300-320,0.006354786099933563
Density,328.15,320-360,0.0028590972345208243
Density,288.15,280-300,0.00010831224547303009
Density,343.15,320-360,0.002648344768170219
Density,288.12,280-300,0.0011658071995395147
Density,303.15,300-320,0.0016459286744909818
Density,280.9,280-300,0.0007844496721656213
Density,338.15,320-360,0.0009540747323271148
Density,293.15,280-300,0.0008234771316475431
Density,330.65,320-360,0.0001639682110115004
Density,293.15,280-300,0.0010656763242629097
Density,323.15,320-360,0.0016913845447046327
Density,358.19,320-360,0.0004015042468061836
Density,328.75,320-360,0.00470628786874272
Density,333.15,320-360,0.04275275642991705
Density,308.15,300-320,0.017830811830558346
Density,340.15,320-360,0.0030727436294615273
Density,333.15,320-360,0.004844188775630975
Density,303.2,300-320,0.007220450711284521
Density,333.15,320-360,0.0012017059499340732
Density,332.15,320-360,0.0006848936696259855
Density,283.15,280-300,0.006084498220442214
Density,338.15,320-360,0.004361179342430077
Density,348.15,320-360,0.007726280763353799
Density,308.15,300-320,0.008792827756677113
Density,283.15,280-300,0.005004888819851061
Density,333.15,320-360,0.0006662591087112091
Density,333.0,320-360,0.010450802316651853
Density,323.15,320-360,0.0035858882447818985
Density,363.15,>360,0.005342891259768834
Density,338.26,320-360,0.006059750033636568
Density,373.15,>360,0.003148599766256588
Density,298.15,280-300,0.004089782123453567
Density,363.15,>360,0.007620804653607038
Density,343.2,320-360,0.0001931477366152734
Density,300.2,300-320,0.0021581210895096348
Density,329.399,320-360,0.0022553378872727237
Density,333.15,320-360,0.0021499821060473323
Density,323.15,320-360,0.0025787294914580983
Density,323.2,320-360,0.0028062794804171176
Density,299.15,280-300,0.0008701778521151837
Density,328.15,320-360,0.021391569528990573
Density,353.15,320-360,0.001088563768356643
Density,303.15,300-320,0.0022387800688754567
Density,301.15,300-320,0.0039821331751630495
Density,338.15,320-360,0.005333451673520173
Density,303.15,300-320,0.006907441492365329
Density,323.15,320-360,0.0037927280632601423
Density,303.15,300-320,0.0017146425088956363
Density,333.15,320-360,0.0031590652226043403
Density,343.2,320-360,0.0026975143181111605
Density,348.15,320-360,0.01143169301523006
Density,317.16,300-320,0.0012504011806768744
Density,353.15,320-360,0.0027045528509619388
Density,303.0,300-320,0.00020748874780629478
Density,357.15,320-360,0.0025362657104901487
Density,298.15,280-300,0.0003013985810591535
Density,337.88,320-360,0.0008225150322633823
Density,363.15,>360,0.014067212108250793
Density,303.15,300-320,0.0036687058681454943
Density,313.15,300-320,0.0008440621955010386
Density,373.15,>360,0.003016186284233058
Density,341.15,320-360,0.004487573098368003
Density,293.4,280-300,0.002822443016956555
Density,323.15,320-360,0.004477494221309719
Density,283.15,280-300,0.0005811874643857351
Density,329.899,320-360,0.0023399417832603575
Density,318.19,300-320,0.0025172589938788903
Density,303.15,300-320,0.0039243360427354546
Density,293.15,280-300,0.0001558043581839641
Density,343.15,320-360,0.005417902560774124
Density,373.15,>360,0.0032576469447329615
Density,288.15,280-300,8.342479451695084e-05
Density,313.15,300-320,0.0038056375751516214
Density,343.141,320-360,0.00042588309337521224
Density,373.15,>360,0.0007247648947803498
Density,363.15,>360,0.0034107712303095283
Density,321.15,320-360,0.001705163205281579
Density,300.4,300-320,0.00040827978128366027
Density,348.15,320-360,0.007009036959735759
Density,343.14,320-360,0.003038985613640577
Density,303.15,300-320,0.001001385151256251
Density,323.15,320-360,0.0005096959758512654
Density,293.15,280-300,0.0009384352275958463
Density,335.16,320-360,0.0016803414075594603
Density,308.0,300-320,0.003433286857164042
Density,329.15,320-360,0.0018357953499092972
Density,353.15,320-360,0.0053032230633576205
Density,343.2,320-360,0.0003662173135738911
Density,335.66,320-360,0.0012088189419010575
Density,303.15,300-320,0.01020286580667662
Density,313.398,300-320,6.443504381881127e-05
Density,288.15,280-300,0.001924034790125262
Density,330.41,320-360,0.002168196263932387
Density,453.15,>360,0.0005108214452427262
Density,347.15,320-360,0.002992630654527595
Density,293.15,280-300,0.0005169579488004672
Density,333.15,320-360,0.0011025014312489034
Density,332.16,320-360,0.00024608315083973764
Density,323.15,320-360,0.0002565034623209783
Density,338.15,320-360,0.002855247915072745
Density,323.15,320-360,0.0020262035779454735
Density,316.15,300-320,0.004270554195638709
Density,341.15,320-360,0.003030407400851587
Density,365.15,>360,0.0029310652768543832
Density,338.15,320-360,0.0020174725722572617
Density,353.11,320-360,0.0027647471909482135
Density,333.15,320-360,0.0025639450371688355
Density,278.15,<280,0.0049991455273570296
Density,313.15,300-320,0.008892626624659172
Density,333.15,320-360,0.003940117955148814
Density,313.15,300-320,0.0008001043619501047
Density,358.0,320-360,0.0006761714984708789
Density,313.0,300-320,0.00014452530833608535
Density,348.15,320-360,0.043689259804787106
Density,343.15,320-360,0.000393924929908529
Density,353.0,320-360,0.004001124125243116
Density,338.15,320-360,0.0005821380208583804
Density,279.15,<280,0.0033039595308537173
Density,318.15,300-320,0.001147740397079211
Density,329.15,320-360,0.002737493708734995
Density,333.0,320-360,0.005173190909929737
Density,323.15,320-360,0.008759361188496406
Density,318.15,300-320,0.00844573912401092
Density,298.15,280-300,0.0010978279656397305
Density,322.9,320-360,0.002448111199763403
Density,343.15,320-360,0.003995894271666245
Density,279.4,<280,0.0006356078925842112
Density,356.15,320-360,0.00028138683066458725
Density,293.15,280-300,0.011611410020906376
Density,283.15,280-300,0.0023130835086293544
Density,293.15,280-300,0.026135928814300158
Density,308.15,300-320,0.001863460902248093
Density,324.65,320-360,0.0016989736245074383
Density,289.15,280-300,0.0009536480954670523
Density,318.15,300-320,0.012819303828944584
Density,313.15,300-320,0.005374867516794168
Density,353.15,320-360,0.009171594022851615
Density,363.15,>360,0.006159409506190983
Density,321.66,320-360,0.0021609355596297064
Density,323.15,320-360,0.0057191624630945626
Density,333.5,320-360,0.005636310815456014
Density,298.15,280-300,0.0007604885388321492
Density,318.15,300-320,0.005711527230990221
Density,303.15,300-320,0.01151696852582873
Density,333.37,320-360,0.00540644330383433
Density,298.15,280-300,0.0075798357200707045
Density,308.15,300-320,0.0005717128297311191
Density,318.15,300-320,0.007558391740867698
Density,305.65,300-320,0.000619434371220251
Density,297.15,280-300,0.0006838111036131522
Density,298.15,280-300,0.4091244029575014
Density,310.15,300-320,0.0015058430056109628
Density,368.1,>360,0.0005947724902641838
Density,287.65,280-300,2.5804887906488716e-05
Density,308.15,300-320,0.0015221068838497942
Density,295.15,280-300,0.0018801537721673256
Density,318.29,300-320,0.006975552420881215
Density,298.15,280-300,0.0024761393326864223
Density,303.0,300-320,0.00496585630863855
Density,313.15,300-320,0.0024251409105682242
Density,288.15,280-300,0.004941400053604994
Density,318.15,300-320,0.013188337057129296
Density,284.9,280-300,0.00020588984497926788
Density,338.15,320-360,0.003917285068962606
Density,353.15,320-360,0.0025806022067733636
Density,288.15,280-300,0.004435957168303695
Density,319.15,300-320,0.002985061794211319
Density,293.15,280-300,0.0006602723326150084
Density,293.15,280-300,0.007758574905880167
Density,333.15,320-360,0.00203561595369095
Density,293.15,280-300,0.009658721251477154
Density,304.15,300-320,0.0020093483793512945
Density,283.15,280-300,0.0025810320234151973
Density,311.16,300-320,0.0005035083815849717
Density,323.15,320-360,0.008230678848235584
Density,328.0,320-360,0.003608208862607931
Density,328.15,320-360,0.0012259102394853727
Density,348.089,320-360,0.005561730453347735
Density,298.15,280-300,0.11586142394893262
Density,363.2,>360,0.000848690516041195
Density,318.15,300-320,0.0014800158410412934
Density,303.0,300-320,0.007241301495008123
Density,293.15,280-300,0.0012742299107415533
Density,345.15,320-360,0.004013522080361653
Density,323.15,320-360,0.006482581579325242
Density,303.2,300-320,0.00149670774576105
Density,293.0,280-300,0.004483276931138924
Density,293.15,280-300,0.000780113058796772
Density,303.15,300-320,0.0033256258383298487
Density,293.15,280-300,0.002780904603969958
Density,302.15,300-320,0.0066237079364084295
Density,312.15,300-320,0.0023761299750280074
Density,328.1,320-360,0.0006055132352074111
Density,343.15,320-360,0.0013466711787728514
Density,328.17,320-360,0.000752415302578413
Density,333.15,320-360,0.0038819928848150553
Density,363.15,>360,0.005959094917329821
Density,348.15,320-360,0.0025467320383523173
Density,343.15,320-360,0.0006280348269029901
Density,308.15,300-320,0.002283624469066936
Density,298.1,280-300,0.005326628008247347
Density,283.36,280-300,0.002023281422761869
Density,353.15,320-360,0.00026319790046436253
Density,359.15,320-360,0.003839519892165022
Density,308.15,300-320,0.002902961789819969
Density,324.15,320-360,0.0031676484573601726
Density,303.15,300-320,0.005118269506101392
Density,308.15,300-320,0.00035805083181728037
Density,343.15,320-360,0.009558652251396182
Density,355.15,320-360,0.003689686173560247
Density,298.15,280-300,0.004926643642990669
Density,320.65,320-360,0.0031596247119836107
Density,348.15,320-360,0.0002832218030128786
Density,358.15,320-360,0.002783758015151072
Density,283.15,280-300,0.0016923200821494788
Density,353.15,320-360,0.011364951591333217
Density,340.15,320-360,0.0012192871850400522
Density,298.1,280-300,0.004270028030505912
Density,334.66,320-360,0.0014251618130423083
Density,353.15,320-360,0.0013551983851671778
Density,313.15,300-320,0.015065120075662186
Density,348.15,320-360,0.0006675502435600222
Density,307.65,300-320,0.001608827819630676
Density,283.3,280-300,0.0030942213454068224
Density,323.15,320-360,0.0016904447793049115
Density,323.3,320-360,0.001374739355738619
Density,308.15,300-320,0.007645561057365136
Density,317.9,300-320,0.002546781398464759
Density,313.15,300-320,0.00821222846369718
Density,373.15,>360,0.0018335803180766774
Density,308.15,300-320,0.00886860241437848
Density,323.15,320-360,0.011302922142697014
Density,312.982,300-320,0.005112251907162246
Density,323.15,320-360,0.0077099821434361004
Density,303.15,300-320,0.002695987832325386
Density,303.15,300-320,0.008956461592751097
Density,293.15,280-300,0.002661810641375162
Density,312.41,300-320,0.0005698780719640695
Density,313.15,300-320,0.0014509304422549718
Density,338.15,320-360,0.0018200362727984754
Density,313.15,300-320,0.00430260518618919
Density,368.15,>360,0.0024800331893635175
Density,278.15,<280,0.00636279949950147
Density,283.15,280-300,0.0029511796103820487
Density,330.15,320-360,0.0014605934266329612
Density,323.15,320-360,0.0007948308627900857
Density,278.15,<280,0.005353918533474555
Density,298.23,280-300,0.0006580066807257978
Density,288.15,280-300,0.0012245197103313288
Density,303.15,300-320,0.0060557152873990105
Density,328.9,320-360,0.0016303193695748064
Density,313.0,300-320,0.0036344792599463105
Density,318.15,300-320,0.0014529598404617872
Density,303.05,300-320,0.001963037401365497
Density,363.0,>360,0.0012049668613212106
Density,338.15,320-360,0.0004277708356079657
Density,313.15,300-320,0.001993147585293009
Density,293.15,280-300,0.0032206688801474925
Density,307.4,300-320,0.0016813163084812288
Density,298.15,280-300,0.008921205893154038
Density,338.15,320-360,0.00010068370311078212
Density,293.15,280-300,0.0056482204762273724
Density,303.15,300-320,0.05846514594111163
Density,328.15,320-360,0.0012197777449474145
Density,333.15,320-360,0.0010003658644111013
Density,353.0,320-360,0.008154961028483676
Density,303.15,300-320,0.0037770207561900193
Density,298.65,280-300,0.0020898861686280412
Density,298.14,280-300,0.005130258581476532
Density,288.15,280-300,0.0010184859829802662
Density,308.15,300-320,0.0028308283315023886
Density,323.15,320-360,0.004360180010642978
Density,327.4,320-360,0.0016694867348023834
Density,322.15,320-360,0.0016751425647703044
Density,338.15,320-360,0.001438565082599652
Density,299.45,280-300,0.006674375910796115
Density,333.15,320-360,0.0034946763395273805
Density,328.15,320-360,0.0013551478477467072
Density,329.15,320-360,0.0003490931471574754
Density,281.9,280-300,0.0005188491204206613
Density,373.0,>360,0.03087093189255441
Density,333.0,320-360,0.011674453099935533
Density,283.0,280-300,0.003846178370819686
Density,313.15,300-320,0.005568523637123235
Density,308.15,300-320,0.0012193069482808738
Density,313.15,300-320,0.01305116618499369
Density,333.15,320-360,0.002484285336356251
Density,303.15,300-320,0.0017881279267726313
Density,300.15,300-320,0.004028821983332875
Density,348.141,320-360,0.0009618116682652555
Density,289.15,280-300,0.0031681360963382588
Density,317.15,300-320,0.002286784886632809
Density,343.15,320-360,0.004105619915684144
Density,338.15,320-360,0.007359158714702829
Density,333.15,320-360,0.000930712550188062
Density,312.15,300-320,0.0015720045177376463
Density,323.15,320-360,0.0032263034412238767
Density,333.15,320-360,0.0004587988296158585
Density,288.15,280-300,0.0007105140991754411
Density,358.15,320-360,0.0032277458822775884
Density,303.15,300-320,0.0011649171163581329
Density,337.15,320-360,0.004359205149404133
Density,328.15,320-360,0.0034307606607804075
Density,318.15,300-320,0.003972099655658923
Density,303.19,300-320,0.0047955364562106695
Density,363.15,>360,0.002531964685734245
Density,323.15,320-360,0.006297681576797665
Density,298.15,280-300,0.005167989520234784
Density,323.15,320-360,0.014585458121857187
Density,355.15,320-360,0.0008511301249347625
Density,293.15,280-300,0.009005099262917149
Density,298.15,280-300,0.0076632458058671915
Density,328.15,320-360,0.004532321518577298
Density,288.15,280-300,0.00010341266184976661
Density,308.15,300-320,0.001541184808069751
Density,313.15,300-320,0.00022456031982720503
Density,298.15,280-300,0.0001572973041810144
Density,312.94,300-320,0.0032371755214661846
Density,288.15,280-300,0.0008460277764745783
Density,354.15,320-360,0.0026449978440750144
Density,343.05,320-360,0.009970232653499167
Density,353.0,320-360,0.0004243597452742165
Density,333.3,320-360,9.579471417353602e-05
Density,333.15,320-360,0.001882194216292099
Density,293.15,280-300,0.00026757091910489805
Density,313.15,300-320,0.003287268991305936
Density,313.15,300-320,3.961868648794109e-05
Density,343.15,320-360,0.0003467140498631949
Density,323.15,320-360,0.0035485743442640327
Density,313.15,300-320,0.0027297641586505605
Density,353.15,320-360,0.00016891285755793461
Density,333.15,320-360,0.000532703471968432
Density,330.15,320-360,0.0032877766265109187
Density,295.15,280-300,0.005313316135173274
Density,298.2,280-300,0.0054601890612211434
Density,288.15,280-300,0.004962879038451717
Density,348.15,320-360,0.00020840777208519512
Density,353.02,320-360,0.003596778310238413
Density,293.2,280-300,0.0007280679700008008
Density,308.15,300-320,0.0012440878232284902
Density,284.15,280-300,0.00028269372604317056
Density,360.15,>360,0.0003681073388239753
Density,308.15,300-320,0.000473901232021845
Density,343.14,320-360,0.003926915608492898
Density,313.15,300-320,0.006536982486461618
Density,343.15,320-360,0.01108838229272191
Density,353.15,320-360,0.00046682226854155573
Density,353.0,320-360,0.00644977738674779
Density,337.59,320-360,0.00439445611992717
Density,332.73,320-360,0.005630981382060085
Density,353.15,320-360,0.012384500872522075
Density,327.15,320-360,0.0033921755540955445
Density,303.15,300-320,0.0018710648869264546
Density,323.15,320-360,0.0009361028636476476
Density,293.15,280-300,0.008340825049076628
Density,313.15,300-320,0.003233414424700598
Density,303.15,300-320,0.003274381964757822
Density,313.15,300-320,0.0006202620298072503
Density,317.15,300-320,0.005310906195817644
Density,298.1,280-300,0.030229167024802273
Density,348.15,320-360,0.0019798494623355367
Density,298.0,280-300,0.13219408666472
Density,298.15,280-300,0.002920070297578903
Density,305.9,300-320,0.001761939395483303
Density,343.88,320-360,0.0002554311427038769
Density,322.91,320-360,0.0010241935855272999
Density,288.15,280-300,0.004969039862706026
Density,273.3,<280,0.002342655544789629
Density,343.34,320-360,0.00088256227475636
Density,353.15,320-360,0.0020799308795345084
Density,333.15,320-360,0.007812518893224762
Density,298.15,280-300,0.0019478095855314237
Density,342.15,320-360,0.0005244906278303318
Density,305.15,300-320,0.0027027621699282633
Density,338.1,320-360,0.003725557379502753
Density,308.15,300-320,0.0027507715425239
Density,343.14,320-360,0.000986082766313956
Density,283.15,280-300,0.0008711996664247934
Density,300.15,300-320,0.002099476994427363
Density,368.15,>360,0.0041260704068530885
Density,278.15,<280,0.001410916157632336
Density,334.15,320-360,0.0007815561277366712
Density,335.65,320-360,0.0019011384212994642
Density,318.15,300-320,0.0019498372894268812
Density,363.15,>360,0.002482003406249156
Density,293.15,280-300,0.004283483237289332
Density,284.9,280-300,9.348923783569774e-05
Density,291.9,280-300,0.0016526829840808333
Density,308.15,300-320,0.017403428333005344
Density,293.2,280-300,0.0005202060605231651
Density,331.15,320-360,0.0011611014340031645
Density,313.15,300-320,0.004388767190871334
Density,363.15,>360,0.0012526485632831097
Density,323.15,320-360,0.009584752250614947
Density,343.15,320-360,0.0027899689189556653
Density,353.15,320-360,0.0028624578081606344
Density,302.4,300-320,0.0010313783833932888
Density,283.15,280-300,0.000453991408089216
Density,338.0,320-360,0.0024633892168832716
Density,333.91,320-360,0.0018290391335042955
Density,348.1,320-360,0.004139346566479851
Density,303.15,300-320,0.008758398355656283
Density,282.15,280-300,0.003750428267932371
Density,353.14,320-360,0.0011934955494989907
Density,363.15,>360,0.004002528939629713
Density,333.22,320-360,0.002058102588690325
Density,308.2,300-320,0.007480170802289798
Density,308.15,300-320,0.0016327210217879085
Density,308.15,300-320,0.0013289840585102297
Density,323.15,320-360,0.003929148386227155
Density,353.15,320-360,0.0033059683390170846
Density,363.17,>360,0.002622675205195435
Density,308.15,300-320,0.004717324813330315
Density,298.1,280-300,0.002465884785785022
Density,283.15,280-300,0.001355694255027018
Density,344.15,320-360,0.0009189502616759881
Density,322.98,320-360,0.003623493913301523
Density,343.116,320-360,0.005507096340219952
Density,279.65,<280,0.00031315811945820116
Density,303.15,300-320,0.002755550486935654
Density,288.65,280-300,0.0032550275018063957
Density,313.15,300-320,0.003473749284058414
Density,293.15,280-300,0.003392773636654134
Density,295.15,280-300,0.00193746178331633
Density,293.15,280-300,0.008803764205883802
Density,300.16,300-320,0.0016827542237543014
Density,298.15,280-300,0.003703221845809068
Density,309.15,300-320,1.2412687621754515e-05
Density,328.15,320-360,0.0012783460199159435
Density,293.15,280-300,0.01879506736806036
Density,293.18,280-300,0.0005335265463344285
Density,288.15,280-300,0.0004200797204081397
Density,293.15,280-300,1.5359019264415963e-05
Density,308.9,300-320,0.0023012114409413087
Density,314.15,300-320,1.6774335782621108e-05
Density,293.15,280-300,0.0018286954569273206
Density,293.15,280-300,0.00020408305918628855
Density,313.2,300-320,0.006524084952785891
Density,323.15,320-360,0.0021234257131554912
Density,293.15,280-300,0.0003866772018330522
Density,293.1,280-300,0.034651226023736825
Density,313.15,300-320,0.004983223011781668
Density,301.2,300-320,0.0011644673391817406
Density,323.15,320-360,0.0045504065244932335
Density,303.15,300-320,0.013269511868394979
Density,303.9,300-320,0.0014128802771073978
Density,333.0,320-360,0.0010338750563443355
Density,313.15,300-320,0.0007672696547249558
Density,323.15,320-360,0.0001553733322889883
Density,298.15,280-300,0.0005627113867632261
Density,289.15,280-300,0.004534670353618431
Density,353.15,320-360,0.0030609253918134627
Density,324.0,320-360,0.00496490204930744
Density,353.15,320-360,0.002746029283492213
Density,293.15,280-300,0.008610427409037946
Density,338.15,320-360,0.004155232399802422
Density,353.15,320-360,0.006244711550703386
Density,287.15,280-300,0.001305156693311993
Density,323.15,320-360,0.0049342435777184335
Density,294.9,280-300,0.0006599650047593997
Density,293.15,280-300,0.0006064340314075878
Density,286.4,280-300,2.2536037608489323e-05
Density,358.15,320-360,0.0009249700840161523
Density,307.4,300-320,0.0003491066554346389
Density,305.15,300-320,0.0021342464764932956
Density,346.15,320-360,0.0010619319156059959
Density,334.66,320-360,0.0011821639199514067
Density,303.15,300-320,6.018587512901519e-05
Density,303.15,300-320,0.0034083833540421438
Density,378.15,>360,0.0021725028787376033
Density,338.15,320-360,0.002233995123625654
Density,278.15,<280,0.001746238069918249
Density,338.39,320-360,0.0019841625588457035
Density,273.15,<280,0.001826704105694965
Density,323.15,320-360,0.009165261897756238
Density,298.0,280-300,0.0034461521267665773
Density,307.1,300-320,0.00495490865037862
Density,293.16,280-300,0.00012880239336166
Density,293.15,280-300,0.00022324660958528142
Density,300.9,300-320,0.0004106066790487972
Density,318.15,300-320,0.01618379116711477
Density,357.15,320-360,0.001695593350113711
Density,298.0,280-300,0.004421135662082243
Density,315.15,300-320,0.001543991625866603
Density,333.15,320-360,0.0032391868368621957
Density,298.15,280-300,0.0007515230481320856
Density,325.15,320-360,0.0006669681656470416
Density,318.15,300-320,0.003134698567882843
Density,473.15,>360,0.00091795613700274
Density,319.41,300-320,0.0008673675856449847
Density,333.15,320-360,0.0025767219516792395
Density,308.15,300-320,0.0010943217000241034
Density,309.65,300-320,0.001487288385560781
Density,333.15,320-360,0.004757424453243786
Density,330.65,320-360,0.003237653926609241
Density,328.15,320-360,0.0007677204733749221
Density,317.8,300-320,0.0025959942242463896
Density,298.15,280-300,0.0013795039833670586
Density,298.15,280-300,0.0014510047575608809
Density,293.19,280-300,0.003355567790086944
Density,278.15,<280,0.008395261568280077
Density,318.41,300-320,0.000728667665803151
Density,368.15,>360,0.00010578572356045868
Density,303.9,300-320,0.0019086646169323984
Density,308.15,300-320,0.0029130468623526085
Density,283.15,280-300,0.004516604290375703
Density,306.65,300-320,0.0010085394652801227
Density,295.4,280-300,0.0006031579715237712
Density,293.15,280-300,0.0013475304967824897
Density,298.0,280-300,0.05598269308427373
Density,318.15,300-320,0.005143540759787513
Density,283.15,280-300,0.001109158409946076
Density,298.18,280-300,0.004248590182447387
Density,323.0,320-360,0.0011991398000761322
Density,342.15,320-360,0.007193899312482266
Density,343.15,320-360,0.00567626718110148
Density,338.15,320-360,0.0011768039533297525
Density,303.15,300-320,0.0009989148883962073
Density,298.66,280-300,0.005283423219681005
Density,318.15,300-320,0.0005702974439625308
Density,305.148,300-320,0.00026839609288042965
Density,312.95,300-320,0.0013409459175424132
Density,325.15,320-360,0.001832886789654431
Density,293.09,280-300,0.004913816536832982
Density,323.35,320-360,0.0006193811349266554
Density,303.15,300-320,0.0006561054202451899
Density,313.15,300-320,0.001053712541385643
Density,278.15,<280,0.0028438339413048297
Density,353.15,320-360,0.003914909908760755
Density,323.15,320-360,0.0023136931931349025
Density,304.75,300-320,0.006734380520462047
Density,293.0,280-300,0.0017342444030932214
Density,314.15,300-320,0.0005832292092886604
Density,323.15,320-360,0.0033238868553615575
Density,336.15,320-360,0.0023402358495037134
Density,286.15,280-300,9.767494958978773e-05
Density,343.15,320-360,0.005653392371126387
Density,298.15,280-300,0.0005650973512318913
Density,303.15,300-320,0.0003147556073370694
Density,303.15,300-320,6.018587512901519e-05
Density,338.15,320-360,0.005689624549808592
Density,279.65,<280,0.003939595808401641
Density,318.15,300-320,0.0029057953770603717
Density,285.4,280-300,0.0035065809401597647
Density,323.15,320-360,0.0010217964336112217
Density,293.15,280-300,0.0012883771853173798
Density,333.15,320-360,0.0026607316549229765
Density,298.1,280-300,0.0005235657726609944
Density,328.0,320-360,0.004684920242891799
Density,349.15,320-360,0.0015820332278391191
Density,291.0,280-300,0.00015964683400593316
Density,313.15,300-320,0.0028267966812540735
Density,308.15,300-320,0.0034061954170514497
Density,298.15,280-300,0.0009137311920177638
Density,323.15,320-360,0.005200825543542287
Density,348.0,320-360,0.0010028200855254354
Density,318.15,300-320,0.003585879680936266
Density,293.0,280-300,0.00048159423017679615
Density,290.395,280-300,0.00040447170656499054
Density,363.15,>360,0.009652752551653876
Density,353.0,320-360,0.0010919365114139268
Density,303.0,300-320,0.007364210878586519
Density,338.15,320-360,0.01831043251123976
Density,329.15,320-360,0.003915748925670037
Density,328.15,320-360,0.005232453481140986
Density,327.9,320-360,0.006754706193849103
Density,292.97,280-300,0.0020323513051927478
Density,332.9,320-360,0.00484755585461194
Density,327.0,320-360,0.004963038589482771
Density,308.15,300-320,0.00048348720496083075
Density,288.15,280-300,0.00040855292818964273
Density,293.15,280-300,0.0002946934399661316
Density,313.15,300-320,0.003350709536928953
Density,303.15,300-320,0.0035128344521861976
Density,307.05,300-320,0.004063977340710068
Density,363.15,>360,0.008220139995008147
Density,353.15,320-360,0.0014386204612097941
Density,363.15,>360,0.003599976998612142
Density,293.15,280-300,0.002196444785726115
Density,324.0,320-360,0.02230361592791308
Density,330.91,320-360,0.0020828129771262027
Density,338.15,320-360,0.0027805525874091686
Density,358.15,320-360,0.004749752163161425
Density,319.15,300-320,0.0014648423114911324
Density,334.66,320-360,0.0016040612673338117
Density,308.9,300-320,0.00035793742537837403
Density,333.15,320-360,0.0026412520462448796
Density,328.0,320-360,0.0006885104371923134
Density,297.9,280-300,0.00475505818872346
Density,314.15,300-320,0.003947235169960983
Density,316.15,300-320,0.0011815901596996525
Density,363.15,>360,0.0014390445986691702
Density,333.14,320-360,0.0022621728466258872
Density,343.15,320-360,0.013122559916967091
Density,338.15,320-360,0.014137314130445944
Density,293.15,280-300,0.00038678352840637586
Density,333.15,320-360,0.0027688202927240724
Density,298.15,280-300,0.006240389451399153
Density,353.15,320-360,0.001301820036652579
Density,303.15,300-320,0.005540469768788192
Density,318.15,300-320,0.00041586013466332616
Density,333.15,320-360,0.002405114108465334
Density,283.09,280-300,0.0012930051956470123
Density,356.15,320-360,0.0002647220957952001
Density,268.17,<280,0.0009779625224926036
Density,413.2,>360,0.0037040250385880213
Density,303.0,300-320,0.006598571012737864
Density,353.0,320-360,0.005154974455583883
Density,353.15,320-360,0.002080420155376572
Density,293.15,280-300,0.0020580419043607634
Density,285.4,280-300,0.0001336043340174342
Density,356.15,320-360,0.0015979789467701622
Density,298.15,280-300,0.0033083378656586504
Density,318.15,300-320,0.0017728614608882864
Density,298.15,280-300,0.005397373180897169
Density,358.15,320-360,0.0029110815650064126
Density,278.4,<280,0.0009203145136558177
Density,323.15,320-360,0.0010942523514412272
Density,332.91,320-360,8.392159595249638e-05
Density,328.15,320-360,0.0024724163580582825
Density,338.15,320-360,0.006838269812448061
Density,315.648,300-320,0.0001550699724646165
Density,353.15,320-360,0.003607168141114947
Density,293.15,280-300,0.0020432958386793487
Density,333.15,320-360,0.0018148541877280877
Density,318.15,300-320,0.0004701613096971258
Density,318.15,300-320,0.0014662468770456627
Density,353.15,320-360,0.0017237399793854635
Density,337.15,320-360,0.004543332599851624
Density,313.155,300-320,0.0023780191726947564
Density,303.15,300-320,0.006223823606151591
Density,293.15,280-300,0.0007401159930955359
Density,315.65,300-320,0.0009079602026051958
Density,308.15,300-320,6.252853398081015e-05
Density,313.0,300-320,0.005399694121348553
Density,333.15,320-360,0.015265058246418661
Density,308.15,300-320,0.008653703173925997
Density,328.15,320-360,0.003201034404072267
Density,328.15,320-360,0.0171274999342792
Density,338.15,320-360,0.006908019057700443
Density,303.15,300-320,0.004498518625526415
Density,288.15,280-300,0.002168192559855342
Density,353.15,320-360,0.00016410868540539525
Density,283.15,280-300,0.001343307011627104
Density,363.0,>360,0.0028724390335632677
Density,350.15,320-360,0.0012360319043898116
Density,298.15,280-300,0.003996814869219101
Density,342.15,320-360,0.0022372910865744444
Density,308.13,300-320,0.0036292634548811264
Density,353.0,320-360,0.005254676619345311
Density,318.15,300-320,0.00846893970747331
Density,290.4,280-300,0.00028755966853211135
Density,363.15,>360,0.0030907785258511566
Density,283.15,280-300,0.001166467280898864
Density,343.15,320-360,0.001308430741243427
Density,320.65,320-360,0.0007418909807261898
Density,288.15,280-300,0.005776950649578616
Density,343.15,320-360,0.006702400673470166
Density,305.15,300-320,0.004711238498654957
Density,307.647,300-320,0.00012879043742941576
Density,300.15,300-320,0.0005980185403640093
Density,378.15,>360,0.000174513525178277
Density,347.91,320-360,0.0022014532311915858
Density,333.15,320-360,0.010009720151400003
Density,323.15,320-360,0.0013257630134431153
Density,298.15,280-300,0.010440746640397514
Density,347.15,320-360,0.0015987211338490681
Density,293.15,280-300,0.001586377868924238
Density,308.15,300-320,0.0005587455450815071
Density,333.15,320-360,0.004837948177265794
Density,313.15,300-320,0.0010351180702601326
Density,288.15,280-300,0.00026897018951821394
Density,323.15,320-360,0.004547615999648258
Density,299.2,280-300,0.003404136878089048
Density,308.1,300-320,0.033975096382262926
Density,313.15,300-320,0.005567949017772911
Density,332.15,320-360,0.002346654913903734
Density,353.15,320-360,0.00039818382526046747
Density,364.46,>360,0.0020274729720801687
Density,323.15,320-360,0.00042300064625599987
Density,299.15,280-300,0.004045970967527346
Density,313.15,300-320,0.0012321821248990616
Density,308.0,300-320,0.004560023991089679
Density,318.15,300-320,0.00042204609442819674
Density,347.15,320-360,0.003007375275317692
Density,320.15,320-360,0.002446657321466539
Density,338.44,320-360,0.0003743672098712736
Density,299.15,280-300,0.0007729727448815282
Density,298.0,280-300,0.001091028793834603
Density,296.4,280-300,0.0006361073533058814
Density,343.15,320-360,0.004539557423152374
Density,298.15,280-300,0.005809276051691015
Density,278.15,<280,0.0004552302712754752
Density,282.8,280-300,0.005760175537617762
Density,303.15,300-320,0.005750688459376541
Density,293.15,280-300,0.006707137596712265
Density,347.48,320-360,0.0007945261662118952
Density,313.15,300-320,0.003937201320701078
Density,352.32,320-360,0.0005621841085483581
Density,318.15,300-320,0.0024558123863842596
Density,318.15,300-320,0.004806039280801144
Density,373.15,>360,0.02618590110730956
Density,303.15,300-320,0.006229339594502115
Density,298.15,280-300,0.0023704089798508576
Density,363.15,>360,0.0005687789499750906
Density,312.66,300-320,0.0017662989817432972
Density,318.15,300-320,0.0022568688945749926
Density,308.15,300-320,0.002613907753279854
Density,343.15,320-360,0.005414106200896107
Density,343.15,320-360,0.001095395369075547
Density,328.37,320-360,0.002779415084116721
Density,282.65,280-300,0.003024476694383438
Density,328.15,320-360,0.0045544170367612935
Density,293.15,280-300,0.0006275782697997556
Density,313.0,300-320,0.02768037010588653
Density,283.15,280-300,0.001034239040181184
Density,298.49,280-300,0.0026663013848926553
Density,353.2,320-360,0.0015802028239146892
Density,323.15,320-360,0.001084309561887764
Density,318.15,300-320,0.00466585750703441
Density,308.14,300-320,0.002446609821677548
Density,315.41,300-320,0.0008653779999336919
Density,303.15,300-320,0.006532687008640181
Density,335.41,320-360,0.00040572481114420356
Density,317.15,300-320,0.0001846100979916443
Density,302.15,300-320,0.0004049667036198912
Density,348.15,320-360,0.0003576754158958195
Density,288.15,280-300,0.004655284265489001
Density,313.15,300-320,0.005477916940375138
Density,358.15,320-360,0.00018736571877653319
Density,273.15,<280,0.0020241392508841827
Density,353.15,320-360,0.001080858766163928
Density,293.15,280-300,0.02189356271309073
Density,338.15,320-360,0.004880921210991929
Density,323.15,320-360,0.0034771656158492092
Density,293.15,280-300,0.002603929431558072
Density,323.15,320-360,0.005283816857379442
Density,288.15,280-300,0.0011772403265544185
Density,292.9,280-300,0.0016740421633381075
Density,393.15,>360,0.0012955201008155726
Density,373.15,>360,0.0006727835883584277
Density,312.15,300-320,0.0011057453352671942
Density,353.0,320-360,0.004509073260605234
Density,333.91,320-360,0.0016093010388740225
Density,313.15,300-320,0.005044027914054894
Density,342.51,320-360,0.0045553192334040205
Density,331.15,320-360,0.0005722517816302286
Density,338.15,320-360,0.004881350043864252
Density,325.15,320-360,0.0011372264033964186
Density,311.65,300-320,0.001867336594778557
Density,282.646,280-300,0.0004986712309333896
Density,343.15,320-360,3.616745817680567e-05
Density,308.15,300-320,0.005192217676878386
Density,347.3,320-360,0.009296477577739992
Density,299.15,280-300,0.0006393399583553006
Density,333.0,320-360,0.0008467566746119815
Density,295.647,280-300,0.0005545005527807234
Density,296.15,280-300,0.004017838736853463
Density,353.15,320-360,0.003492451182951939
Density,313.15,300-320,0.0032459577907975046
Density,323.15,320-360,0.011616645984923402
Density,298.15,280-300,0.0069743353501161565
Density,328.15,320-360,0.001017540662942018
Density,338.65,320-360,0.003510362704862935
Density,328.15,320-360,0.0015798305053680295
Density,328.15,320-360,0.00014832533755804178
Density,313.0,300-320,0.0059433658824588065
Density,311.15,300-320,0.00022734757087938817
Density,323.15,320-360,0.0011958763780848258
Density,333.48,320-360,0.0011825401591876172
Density,299.15,280-300,0.0029674100534675674
Density,310.15,300-320,0.0024423106535849115
Density,340.15,320-360,0.0005697404426978636
Density,313.15,300-320,0.0008344018903150285
Density,283.15,280-300,0.007811074888246949
Density,323.15,320-360,0.0033750886638905797
Density,358.15,320-360,0.0004510524656451409
Density,296.15,280-300,0.003184746454292231
Density,283.01,280-300,0.0037283942842591955
Density,293.15,280-300,0.0008045133816931838
Density,338.2,320-360,0.0009731591399431139
Density,348.15,320-360,0.0017785512388659441
Density,363.15,>360,0.006208487700487986
Density,348.15,320-360,0.0019989005552050187
Density,298.15,280-300,0.005317627705023753
Density,343.15,320-360,0.00041764364327079306
Density,333.15,320-360,0.004629586237601124
Density,312.91,300-320,0.0013271303664756928
Density,295.15,280-300,0.007986192877352138
Density,286.15,280-300,0.0022722019921479486
Density,323.15,320-360,0.0033893398181890078
Density,333.15,320-360,0.0220671298871169
Density,336.9,320-360,7.629637010264645e-05
Density,343.15,320-360,0.01025732145149938
Density,298.15,280-300,0.0015186869359631316
Density,298.15,280-300,0.16794538562148364
Density,303.15,300-320,0.005090203305170959
Density,313.15,300-320,0.00264264325396546
Density,293.156,280-300,0.0023636783848592913
Density,298.15,280-300,0.0014749009431804794
Density,293.15,280-300,0.0025066767674690738
Density,318.15,300-320,0.0026855183012655104
Density,293.15,280-300,0.00036430816995824955
Density,290.0,280-300,0.0014852884412999146
Density,283.0,280-300,0.004638212742958281
Density,328.15,320-360,8.86797936425765e-05
Density,313.15,300-320,0.00044155970470605155
Density,313.15,300-320,7.532766916096278e-05
Density,318.15,300-320,7.099488197326309e-05
Density,303.15,300-320,0.0024394962788880648
Density,318.15,300-320,0.0008282177966876247
Density,334.41,320-360,0.0011528796225359628
Density,318.2,300-320,0.001594617231190476
Density,318.15,300-320,0.004462268168495598
Density,348.15,320-360,0.0012778759435025933
Density,298.15,280-300,0.008581596876201303
Density,292.0,280-300,0.002850595149561208
Density,306.15,300-320,0.0033678859939234584
Density,318.15,300-320,0.0032239673104594857
Density,323.154,320-360,0.0019092315600213183
Density,292.15,280-300,0.0016861488854171824
Density,281.4,280-300,0.0006041969394869895
Density,358.15,320-360,0.0007982551350798062
Density,353.15,320-360,0.00590088284102297
Density,318.181,300-320,0.011456481290453624
Density,334.91,320-360,0.0017304906890505123
Density,298.15,280-300,0.0011506387878457147
Density,308.15,300-320,0.03636541690555806
Density,308.15,300-320,0.009879153620240722
Density,303.15,300-320,0.003974986693666693
Density,318.15,300-320,0.002700779208899995
Density,343.15,320-360,0.00551567198865488
Density,285.65,280-300,0.0010457640673218194
Density,331.91,320-360,0.0015678426536496204
Density,343.15,320-360,0.00045453299983488904
Density,298.4,280-300,0.0020413283841964613
Density,293.4,280-300,0.0021472836351437152
Density,303.15,300-320,0.008730391991231379
Density,353.15,320-360,0.005819872812680593
Density,308.15,300-320,0.002952581009591171
Density,298.15,280-300,0.004804601135041331
Density,358.15,320-360,0.0023230690827285017
Density,291.15,280-300,0.003972070679765238
Density,337.15,320-360,0.001264661124260158
Density,361.15,>360,0.005371610085059153
Density,323.15,320-360,0.00020170636319782886
Density,358.15,320-360,0.0014339006686476807
Density,358.15,320-360,0.005696923769410667
Density,344.15,320-360,0.002328276379985894
Density,308.29,300-320,0.0037870021590578062
Density,313.15,300-320,0.0014443149860206006
Density,333.14,320-360,0.006540271985785218
Density,313.15,300-320,0.0015527078364767632
Density,352.3,320-360,0.0075102855534803226
Density,301.15,300-320,0.004261496456221536
Density,298.15,280-300,0.0014061687155182412
Density,308.15,300-320,0.003694114703950646
Density,313.15,300-320,0.0019746385711068015
Density,318.15,300-320,0.004409790300500482
Density,293.0,280-300,0.0028058323829487364
Density,353.15,320-360,0.00041245172732828905
Density,333.2,320-360,0.0005097737034276406
Density,284.646,280-300,0.00016436632143701502
Density,288.15,280-300,0.001602193290457521
Density,330.15,320-360,0.0007819740898931116
Density,358.15,320-360,0.000795002075105522
Density,348.15,320-360,0.0010584467577627876
Density,304.15,300-320,2.665043822158708e-05
Density,318.14,300-320,0.000822065804342742
Density,298.15,280-300,0.007724257609575957
Density,305.15,300-320,0.0012765755714294613
Density,313.15,300-320,0.0003277339578895422
Density,333.15,320-360,0.006537875480195687
Density,293.12,280-300,0.0046038263318299855
Density,283.15,280-300,0.0012270309611510655
Density,303.15,300-320,0.01213256613729996
Density,313.15,300-320,0.005538975355527498
Density,313.15,300-320,0.0042682443627510835
Density,413.15,>360,0.005644754826859
Density,373.15,>360,0.0008076668091998584
Density,323.15,320-360,0.003532480669933946
Density,303.14,300-320,0.004009267432334873
Density,303.15,300-320,0.003194354465224869
Density,338.15,320-360,0.0020047525547690626
Density,373.15,>360,0.008373197335572513
Density,360.65,>360,0.00928730731568006
Density,313.15,300-320,0.0005797733239001346
Density,295.15,280-300,0.0032757704020625056
Density,313.15,300-320,0.00022690554158621978
Density,303.15,300-320,0.005192358270289077
Density,299.4,280-300,0.0020490904034193846
Density,286.395,280-300,3.2451378366715744e-06
Density,322.85,320-360,0.0038451844036844207
Density,288.15,280-300,0.0030260254387792784
Density,298.15,280-300,0.012843086835149897
Density,363.15,>360,0.0038294659498845363
Density,298.15,280-300,0.0070146991034825135
Density,308.132,300-320,0.004346813918565395
Density,348.15,320-360,0.0071908557242288396
Density,300.65,300-320,0.0004571980350034366
Density,279.4,<280,0.0033284360180676487
Density,296.4,280-300,0.0019131554880811308
Density,323.65,320-360,0.0020027044447346043
Density,333.15,320-360,0.002885866677453386
Density,333.15,320-360,0.0052704016683815524
Density,300.65,300-320,0.003282004010253914
Density,336.15,320-360,0.0026263763331915158
Density,338.0,320-360,0.0056833303567858096
Density,318.15,300-320,0.0020504556716991473
Density,398.15,>360,0.0029215317636737126
Density,321.15,320-360,0.003911532371610349
Density,283.15,280-300,0.0037945825675755884
Density,328.15,320-360,0.003828056688491621
Density,308.15,300-320,0.002840525920543513
Density,293.15,280-300,0.01031396333262169
Density,308.65,300-320,0.0016206847490156662
Density,308.15,300-320,9.343775880399363e-05
Density,303.15,300-320,0.008292767084103758
Density,308.15,300-320,0.0037445215662703646
Density,313.15,300-320,0.0021268022132341358
Density,338.15,320-360,0.0010781901292196139
Density,279.15,<280,0.0006715167604980365
Density,296.15,280-300,0.0015897249436855887
Density,363.15,>360,0.013155922465797332
Density,312.94,300-320,0.0030350981762561346
Density,318.15,300-320,0.004714108386143501
Density,283.15,280-300,0.0011038610446103547
Density,373.15,>360,0.0020876233523487997
Density,328.2,320-360,0.018710545261360956
Density,348.15,320-360,0.00243414615590698
Density,343.15,320-360,0.0020447021682459265
Density,328.15,320-360,0.0021505851356939942
Density,348.15,320-360,1.8630099662964028e-05
Density,333.15,320-360,0.0023464724885213784
Density,278.9,<280,0.00336875701483752
Density,293.0,280-300,0.003989774734031393
Density,296.1,280-300,0.08102082613950401
Density,324.15,320-360,0.0027269930349342886
Density,288.15,280-300,0.0026159037815762787
Density,283.15,280-300,0.0010007939505074503
Density,315.65,300-320,5.726397858385468e-05
Density,323.0,320-360,0.025473632058234053
Density,373.15,>360,0.0016703931505830383
Density,338.15,320-360,0.001195539324466921
Density,338.15,320-360,0.003985490328340724
Density,293.15,280-300,0.0038861182013611995
Density,303.15,300-320,0.013987550519325431
Density,318.15,300-320,0.00361298840777291
Density,303.15,300-320,0.001970830355292996
Density,319.15,300-320,0.005259077038469506
Density,323.15,320-360,0.001346219655133929
Density,298.15,280-300,0.0002909028070643416
Density,333.15,320-360,0.001209795623184462
Density,288.15,280-300,0.000949839435857136
Density,301.15,300-320,0.0030532736226982493
Density,301.15,300-320,0.0007247674808708027
Density,330.15,320-360,0.002186672061550432
Density,294.1,280-300,0.002706509195584239
Density,343.15,320-360,0.00289643996432698
Density,278.15,<280,0.0013318166518523356
Density,313.15,300-320,0.0037126910718674466
Density,298.15,280-300,0.004846613324368754
Density,313.4,300-320,0.001853417197287932
Density,303.15,300-320,0.002530089092064536
Density,318.15,300-320,0.0020804033823438317
Density,313.14,300-320,0.005568526890638914
Density,363.15,>360,0.0033034466819055197
Density,338.15,320-360,0.002539241591970054
Density,313.15,300-320,1.907580156146338e-05
Density,313.15,300-320,0.0005956469184109636
Density,303.15,300-320,0.00437925386315996
Density,322.78,320-360,0.003342562102348623
Density,338.15,320-360,0.015510508707729187
Density,314.15,300-320,0.0011373083636367909
Density,338.15,320-360,0.00853498501887362
Density,343.59,320-360,0.0008859429143255326
Density,293.15,280-300,0.0003762534129974071
Density,290.65,280-300,0.004084914104656612
Density,348.12,320-360,0.0006918935334203624
Density,343.15,320-360,0.006541186766955143
Density,313.15,300-320,0.006550765691025973
Density,325.15,320-360,0.004159459528557008
Density,333.16,320-360,0.0019684228709691
Density,283.15,280-300,0.0009979919299967221
Density,289.15,280-300,0.001844891736750398
Density,288.15,280-300,0.003215295760186976
Density,313.15,300-320,0.0022488518439596206
Density,353.15,320-360,0.003145662503913016
Density,323.15,320-360,0.0036949971189983444
Density,343.2,320-360,0.0014261076765631486
Density,313.18,300-320,0.0026671161822529044
Density,331.91,320-360,0.001130054174751649
Density,333.15,320-360,0.0021472028946023514
Density,298.15,280-300,0.008854982775170939
Density,293.15,280-300,0.0004072226937958945
Density,336.66,320-360,0.0016593910676103718
Density,300.15,300-320,0.002627258553195233
Density,328.15,320-360,0.002986330370673862
Density,303.0,300-320,0.0026864923125113904
Density,343.15,320-360,0.009823150606910858
Density,343.0,320-360,0.006469132112223441
Density,348.15,320-360,0.0036087164924198945
Density,333.15,320-360,0.008698897657805738
Density,307.15,300-320,0.004221361144654878
Density,293.2,280-300,0.0009742987206813325
Density,336.15,320-360,0.002866828524369147
Density,322.41,320-360,0.0024384810434678883
Density,298.15,280-300,0.0056119243680265996
Density,343.15,320-360,0.005664844079805498
Density,313.0,300-320,0.0004357499769671591
Density,323.15,320-360,0.0018158167838988604
Density,349.15,320-360,0.0035395347044460124
Density,291.0,280-300,0.004901858338910436
Density,318.15,300-320,0.008541611120291392
Density,353.15,320-360,0.0030937104485015965
Density,323.15,320-360,0.0008445323421932827
Density,318.15,300-320,0.0008845908723289497
Density,304.2,300-320,0.004869995190691867
Density,308.15,300-320,0.0041752370247367665
Density,323.15,320-360,0.0020847051419208285
Density,353.15,320-360,0.00211345708318067
Density,308.15,300-320,0.0023928355303555193
Density,293.15,280-300,0.005476944595677047
Density,323.15,320-360,0.0016346854434052815
Density,348.15,320-360,0.00015645482628467988
Density,320.397,320-360,0.0005355072898227675
Density,318.15,300-320,0.002593043942791695
Density,333.15,320-360,0.0009067633825656785
Density,334.15,320-360,0.004535175421543691
Density,303.4,300-320,0.0003585257321967461
Density,310.65,300-320,0.0014782167901863374
Density,303.15,300-320,0.007632237764603644
Density,298.15,280-300,0.00026239368591429724
Density,320.41,320-360,0.0024042748707735484
Density,328.15,320-360,0.0038867077893405266
Density,343.15,320-360,0.0011147879856343579
Density,303.1,300-320,0.0012812372028827568
Density,288.0,280-300,0.0004921447594288253
Density,288.41,280-300,0.002604546968730581
Density,311.15,300-320,0.005377288323410667
Density,348.15,320-360,0.0029634557241546844
Density,298.15,280-300,0.001051975388829618
Density,313.15,300-320,0.0008245021672381725
Density,291.15,280-300,0.0030465010013864813
Density,329.16,320-360,0.002273616899482356
Density,348.0,320-360,0.0032615267484574773
Density,283.15,280-300,0.0015888633123610774
Density,373.1,>360,0.00484371146658269
Density,298.15,280-300,0.0011054293251513414
Density,323.15,320-360,0.0022014858424901362
Density,348.15,320-360,0.0005531556723887832
Density,418.15,>360,0.004394093384996189
Density,358.15,320-360,1.5833048611746392e-05
Density,302.2,300-320,0.0023164009599145885
Density,342.0,320-360,0.004664995391283178
Density,311.399,300-320,6.681065828217925e-05
Density,328.15,320-360,0.007652277108618932
Density,313.89,300-320,0.0018988276695948159
Density,328.15,320-360,9.345845664920915e-05
Density,281.9,280-300,0.0014260902042622092
Density,363.0,>360,0.02195943379009524
Density,423.15,>360,0.0008454603797876103
Density,293.15,280-300,0.004670604932385913
Density,288.15,280-300,0.005704315924264236
Density,313.15,300-320,0.002127175229499123
Density,293.15,280-300,0.005766815298658301
Density,343.15,320-360,0.0005502742473533218
Density,298.15,280-300,0.006948581949288268
Density,339.15,320-360,0.003104147332920526
Density,300.15,300-320,0.0007981906967078345
Density,303.15,300-320,0.005742476992049106
Density,353.15,320-360,0.007088139239916913
Density,324.16,320-360,0.0007429689126690064
Density,323.15,320-360,0.0013500001537689599
Density,298.15,280-300,0.00038236625301291127
Density,338.15,320-360,0.0069023237031613505
Density,303.2,300-320,0.008119022849895963
Density,353.15,320-360,0.0007725256033603856
Density,321.15,320-360,0.0012202545860722225
Density,338.15,320-360,0.00023263319909982982
Density,323.15,320-360,0.003218083572249064
Density,343.15,320-360,0.00017592409397693132
Density,333.16,320-360,0.0012298351338024816
Density,403.55,>360,0.012140773810435768
Density,323.15,320-360,0.0049619328562648946
Density,308.15,300-320,0.004773555289727227
Density,313.15,300-320,0.009875764955143751
Density,360.15,>360,0.0033763312166099624
Density,313.15,300-320,0.0017909762604464419
Density,290.15,280-300,0.0017982477319868906
Density,313.15,300-320,0.00016252948122197353
Density,413.15,>360,0.0006190119658606719
Density,388.15,>360,0.000629067790699267
Density,313.15,300-320,0.004193328222789283
Density,317.15,300-320,0.0012780238354412887
Density,308.15,300-320,6.291319106122018e-05
Density,293.15,280-300,0.03702490756871413
Density,311.16,300-320,0.002276011607788675
Density,298.15,280-300,0.0005583308736634152
Density,308.15,300-320,0.005343990650557906
Density,293.15,280-300,0.0038190636163912828
Density,301.2,300-320,0.0017943855451978408
Density,322.62,320-360,6.951271921451507e-05
Density,320.65,320-360,0.004018142272871117
Density,306.15,300-320,0.002293588227406218
Density,313.15,300-320,0.0013298322861743372
Density,303.0,300-320,0.011945744656896906
Density,293.15,280-300,0.001537793352721195
Density,298.118,280-300,0.002175375800137047
Density,363.15,>360,0.0014128513108007112
Density,353.15,320-360,0.007903141181405893
Density,324.0,320-360,9.060768273627673e-05
Density,357.16,320-360,0.0024988307404187893
Density,313.25,300-320,4.524331430300066e-05
Density,348.15,320-360,0.0007208262971687418
Density,323.15,320-360,0.0038242679522833
Density,323.15,320-360,0.003933445379135314
Density,363.15,>360,0.005544323866963019
Density,353.15,320-360,0.0035914666542931073
Density,337.16,320-360,0.0014615275150697826
Density,323.15,320-360,0.0026521573181508273
Density,339.15,320-360,0.002419467065315928
Density,349.15,320-360,0.0018063498733740246
Density,302.73,300-320,0.001056270066545295
Density,318.15,300-320,0.005215222895365024
Density,286.4,280-300,0.0027755791594632484
Density,308.65,300-320,0.005852736485556065
Density,343.15,320-360,0.0009708682520104261
Density,361.15,>360,0.0033295730287443703
Density,333.66,320-360,0.0011558945268070886
Density,293.15,280-300,0.005581311994889759
Density,343.15,320-360,0.0017481961753018638
Density,293.15,280-300,0.0010436830071895997
Density,363.15,>360,0.007964517464228216
Density,363.15,>360,0.0015798176732930713
Density,303.03,300-320,0.0036782564693691455
Density,350.81,320-360,0.0028748583081119605
Density,303.15,300-320,0.0027538530815096607
Density,318.15,300-320,0.004512321063913305
Density,313.15,300-320,0.0010818930525475778
Density,333.15,320-360,0.00037227558028263275
Density,338.15,320-360,0.005307243083123581
Density,318.15,300-320,0.0018158750664589718
Density,303.15,300-320,0.00019445189017996967
Density,363.15,>360,0.0025057089014097755
Density,278.37,<280,0.001575431520199011
Density,323.13,320-360,0.001991170164771461
Density,342.67,320-360,0.004661060969127995
Density,318.15,300-320,0.002278957617415145
Density,293.15,280-300,0.0028715594306198966
Density,323.15,320-360,0.0018936432371878809
Density,338.17,320-360,0.0005489922571495498
Density,343.15,320-360,0.00530468716126542
Density,333.15,320-360,0.010261125756584555
Density,283.16,280-300,0.0006842344094142305
Density,278.15,<280,0.004723072346938473
Density,313.09,300-320,0.00035712959108558096
Density,315.15,300-320,0.0008549352017999112
Density,298.15,280-300,0.004860886808740972
Density,303.15,300-320,0.001988926641438127
Density,314.9,300-320,0.001258902392253347
Density,278.15,<280,0.020664776326612788
Density,323.15,320-360,0.005573271979031347
Density,323.0,320-360,0.007111528905535458
Density,296.9,280-300,0.00038628750069058526
Density,398.15,>360,0.003471382077462337
Density,318.15,300-320,0.004592364879125732
Density,318.15,300-320,0.002089096688854042
Density,288.15,280-300,0.005728769766984776
Density,298.15,280-300,0.003349768317064239
Density,313.15,300-320,0.005443648917747623
Density,328.15,320-360,0.002500620730628178
Density,353.15,320-360,0.006894516317685451
Density,318.15,300-320,0.006867908481883234
Density,348.079,320-360,0.012827471626112974
Density,352.93,320-360,0.0007204029859853023
Density,293.15,280-300,0.013699955756893978
Density,293.15,280-300,0.00040722133708381847
Density,343.15,320-360,0.009359867550233325
Density,353.15,320-360,0.0013700179873863405
Density,338.15,320-360,0.002534002114606082
Density,303.15,300-320,0.001739935945900939
Density,334.41,320-360,0.0018301136075127289
Density,303.15,300-320,0.00021928109946411922
Density,283.4,280-300,0.001408095898755235
Density,353.15,320-360,0.0007170153595170703
Density,313.15,300-320,0.009304941333094341
Density,323.15,320-360,0.002196846538980779
Density,298.15,280-300,0.0033146128538348307
Density,373.15,>360,0.0008324397900727476
Density,313.15,300-320,0.0010109474532864482
Density,308.15,300-320,0.004112692802620721
Density,313.15,300-320,0.003571030408495268
Density,303.15,300-320,0.005248072212062027
Density,300.15,300-320,0.0005301529804855321
Density,308.24,300-320,0.017484310721719964
Density,343.15,320-360,0.007030968659351267
Density,303.15,300-320,0.0013942106509361452
Density,343.15,320-360,0.009379004262411783
Density,349.15,320-360,0.0028176002631123964
Density,348.15,320-360,0.005651463826663594
Density,303.29,300-320,0.011382063983673696
Density,338.152,320-360,0.0020094728054456112
Density,357.15,320-360,0.0018887763611568076
Density,343.4,320-360,0.0060366258975976805
Density,338.15,320-360,0.0009503954358676125
Density,358.15,320-360,0.0008120860039904088
Density,312.79,300-320,0.0012563761007884366
Density,333.15,320-360,0.006808676821520976
Density,343.15,320-360,0.0015435380155617295
Density,297.0,280-300,0.0006084252724818384
Density,293.4,280-300,0.0004300512580810434
Density,303.15,300-320,0.0033874759934287013
Density,343.15,320-360,0.0016541877797466853
Density,323.15,320-360,0.0008015686884670359
Density,338.16,320-360,0.0012020958028777784
Density,353.07,320-360,0.002412361421042064
Density,283.15,280-300,0.0015392475964501884
Density,333.15,320-360,0.00554947841351261
Density,373.0,>360,0.011381731162050102
Density,348.15,320-360,0.002721718044827348
Density,323.53,320-360,0.002838217850983149
Density,303.15,300-320,0.0016634947202947004
Density,323.0,320-360,0.0022860008904608264
Density,298.0,280-300,0.05678462863930722
Density,298.15,280-300,0.005756832039808479
Density,323.15,320-360,0.0017966947767895647
Density,353.0,320-360,0.009822744450748822
Density,363.15,>360,0.00040299259826959144
Density,293.15,280-300,0.009980259562016869
Density,308.15,300-320,0.0016955709239274697
Density,328.15,320-360,0.002558732000079722
Density,313.15,300-320,0.0046462137674296855
Density,353.14,320-360,0.0037283501793918816
Density,323.15,320-360,0.004286812966340925
Density,328.15,320-360,0.004509427432967783
Density,338.15,320-360,0.002810026335179572
Density,283.15,280-300,0.008136780411528655
Density,348.15,320-360,0.004471704711420443
Density,298.398,280-300,0.0005359147132928399
Density,323.15,320-360,0.001934160912536953
Density,319.15,300-320,0.002646030982948133
Density,383.15,>360,0.0023645266863301373
Density,353.15,320-360,0.01003123031999209
Density,298.0,280-300,0.0037903386016981955
Density,318.21,300-320,0.0017610797610760898
Density,292.65,280-300,0.0028677162086667707
Density,303.15,300-320,0.002104277298555779
Density,300.15,300-320,0.08214898256829084
Density,303.15,300-320,0.0047883901936423
Density,303.16,300-320,0.0022824940921264414
Density,301.15,300-320,0.0009073332140090429
Density,323.15,320-360,0.0003390623807355553
Density,338.55,320-360,0.004770786197917154
Density,338.15,320-360,0.005776868646416133
Density,343.15,320-360,0.003328335117590342
Density,352.15,320-360,0.002690335853962722
Density,309.15,300-320,0.005629056446307068
Density,333.15,320-360,0.004447976150011357
Density,313.15,300-320,0.0014248522463944369
Density,335.16,320-360,0.0031823799419790078
Density,310.15,300-320,0.0019207600439159478
Density,318.15,300-320,0.002515318375766462
Density,298.15,280-300,0.002108461521705074
Density,322.15,320-360,0.004534273334763306
Density,332.45,320-360,0.007181163417810943
Density,298.15,280-300,0.023455622806553222
Density,343.15,320-360,0.0015615605480352457
Density,303.14,300-320,0.0014248198286637148
Density,315.15,300-320,0.0012283706480245016
Density,342.98,320-360,0.0006866146205330992
Density,353.15,320-360,0.005304835745932657
Density,337.4,320-360,0.0014706146776299889
Density,333.15,320-360,0.0029629505200885475
Density,283.3,280-300,0.001415729927736642
Density,333.15,320-360,0.0015988074699944121
Density,323.15,320-360,0.002026614600093346
Density,358.15,320-360,0.005853617466684113
Density,353.15,320-360,0.008070288198707587
Density,317.71,300-320,0.0053458366205525465
Density,298.15,280-300,0.005111245963303368
Density,333.15,320-360,0.00042340037732735425
Density,333.0,320-360,0.0011868134225050397
Density,338.0,320-360,0.003693074514096395
Density,314.15,300-320,0.0024676076131990854
Density,323.15,320-360,0.005378800410738904
Density,273.15,<280,0.0006124680242427516
Density,331.41,320-360,0.0011610484599771098
Density,308.15,300-320,0.004145096844522911
Density,353.15,320-360,0.007164936369103536
Density,278.15,<280,0.0027256440396890014
Density,313.15,300-320,0.00663477349295416
Density,291.15,280-300,0.002124742750822861
Density,343.26,320-360,0.0004228232851515301
Density,318.15,300-320,0.02845236897658676
Density,293.15,280-300,0.004157042129296684
Density,350.15,320-360,0.0033484511460724065
Density,323.15,320-360,0.0017213661461505936
Density,343.15,320-360,0.0074061531858102825
Density,263.48,<280,0.006483972786911707
Density,338.0,320-360,0.0018287676217694226
Density,313.15,300-320,0.00015536624901368867
Density,298.15,280-300,0.009909981544772073
Density,342.15,320-360,0.0010027619852630565
Density,303.15,300-320,0.0009750727498953893
Density,313.15,300-320,0.0030598045999514767
Density,348.15,320-360,0.0020423453868145813
Density,353.15,320-360,0.0004172794847283612
Density,296.15,280-300,0.0015243321763920292
Density,333.15,320-360,0.0018964017723526183
Density,308.15,300-320,0.009319738051154935
Density,343.15,320-360,0.012511259511735595
Density,303.15,300-320,0.004026829798896792
Density,326.41,320-360,0.001752849179347038
Density,355.15,320-360,0.0026135097753323677
Density,328.0,320-360,0.001020900834789451
Density,313.0,300-320,0.0007124803097040555
Density,268.12,<280,0.007042844361672351
Density,347.9,320-360,3.9177953047087044e-05
Density,338.15,320-360,0.010529037966970023
Density,298.9,280-300,0.002338429400647435
Density,352.72,320-360,0.007719091363791897
Density,363.15,>360,0.0031953283470045335
Density,308.15,300-320,0.003988367547278493
Density,323.15,320-360,0.00047206147386091857
Density,293.15,280-300,0.0046457583843819705
Density,278.15,<280,0.008121927375439597
Density,298.15,280-300,0.0027690210675865856
Density,336.15,320-360,0.0013060984500281592
Density,345.15,320-360,0.00046342483013539493
Density,323.15,320-360,0.0031687272075826556
Density,338.15,320-360,0.0037531706478972637
Density,348.29,320-360,0.0008889257367297176
Density,310.65,300-320,0.000970836147850207
Density,318.15,300-320,0.008087660334514801
Density,328.9,320-360,0.0011244618616608193
Density,293.15,280-300,0.0030292726441087936
Density,338.15,320-360,0.0020241055532475016
Density,263.45,<280,0.003718787590734074
Density,288.15,280-300,0.012260872915921261
Density,317.15,300-320,0.000708070591775467
Density,300.65,300-320,0.003019218813202329
Density,283.15,280-300,0.0008288761497432517
Density,299.15,280-300,0.002829006407184309
Density,323.29,320-360,0.012285147210746139
Density,318.18,300-320,0.00012404294973489272
Density,318.41,300-320,0.0022292012806097716
Density,333.15,320-360,0.003632983331208095
Density,316.16,300-320,0.0008278497597418166
Density,313.4,300-320,0.002108125233502456
Density,332.77,320-360,0.003561457936103629
Density,303.0,300-320,0.005126539135153152
Density,353.68,320-360,0.005067379434324337
Density,327.15,320-360,0.003041296501583801
Density,363.28,>360,0.0030392217635384355
Density,333.15,320-360,0.003288784688082025
Density,373.15,>360,0.005250910257828423
Density,283.3,280-300,0.0013175642707716761
Density,348.0,320-360,0.0003257562881762155
Density,353.15,320-360,0.00535109365287223
Density,308.15,300-320,0.0007376123842863791
Density,321.15,320-360,0.005826369676908527
Density,347.15,320-360,0.003372675919764312
Density,347.68,320-360,0.00030518403309365283
Density,353.15,320-360,0.01443476056287274
Density,333.15,320-360,0.0012478286255683813
Density,318.15,300-320,0.004493317179230516
Density,343.15,320-360,0.0006231800910434515
Density,303.2,300-320,0.0008339527143830239
Density,273.16,<280,0.002743222768822662
Density,288.15,280-300,0.002338831875482228
Density,313.15,300-320,0.007911109970835106
Density,343.15,320-360,0.0009709004506257557
Density,336.0,320-360,0.0013336506038230667
Density,338.15,320-360,0.0030941993716613325
Density,302.85,300-320,0.00238124849052479
Density,298.15,280-300,0.0017996067402190619
Density,318.15,300-320,0.0062684411376920934
Density,348.15,320-360,0.0014080309712234396
Density,313.16,300-320,0.0003852658802578901
Density,335.16,320-360,0.000131701995279343
Density,308.25,300-320,0.013680444387657253
Density,293.15,280-300,0.0019120074810246024
Density,291.65,280-300,0.0008854515624285852
Density,293.15,280-300,0.005562282814961961
Density,343.08,320-360,0.0018753202842143324
Density,308.15,300-320,0.0016398654145408642
Density,338.15,320-360,0.0068782168078938
Density,328.15,320-360,3.9023088878487044e-05
Density,348.15,320-360,0.0012321284858076709
Density,293.15,280-300,0.011156442338558392
Density,293.15,280-300,0.00020357317055630375
Density,298.15,280-300,0.0005187026173549825
Density,329.15,320-360,0.0028667735146790108
Density,323.04,320-360,0.0018624710845340786
Density,283.15,280-300,0.0009770807753177735
Density,325.65,320-360,0.0002404198455190354
Density,353.15,320-360,4.993711506529053e-05
Density,323.15,320-360,0.0015711972085874493
Density,313.15,300-320,0.0032039795388119074
Density,317.15,300-320,0.00551507469864454
Density,341.15,320-360,0.002499032539896362
Density,353.15,320-360,0.0035511402150536497
Density,298.15,280-300,0.0027751803927218432
Density,333.15,320-360,0.0015903752769359514
Density,323.15,320-360,0.0004716601189018732
Density,313.15,300-320,0.000703408535270178
Density,323.15,320-360,0.001533491689482247
Density,353.0,320-360,0.008273178210857601
Density,288.15,280-300,0.0015792332977495604
Density,288.15,280-300,3.0593199268125204e-05
Density,332.15,320-360,0.0027890890008483993
Density,292.15,280-300,0.002289017035762342
Density,342.41,320-360,0.0015501950158265387
Density,310.65,300-320,0.0010390977575216453
Density,303.15,300-320,0.0016431689218308065
Density,293.15,280-300,0.001393304890610736
Density,283.15,280-300,0.0010768216975343137
Density,316.91,300-320,0.0021911773687994796
Density,301.15,300-320,0.003911040536384469
Density,293.15,280-300,0.0006499078806463388
Density,325.66,320-360,0.0006986056511975036
Density,358.15,320-360,0.0007599473708390647
Density,293.15,280-300,0.004820439383830255
Density,308.15,300-320,0.0002412752854876743
Density,348.15,320-360,0.006145937153853254
Density,273.1,<280,0.0006398716654905101
Density,333.15,320-360,0.007290849619987938
Density,313.15,300-320,0.003266399019769217
Density,363.15,>360,0.0006675966170623937
Density,315.1,300-320,0.001339931896962021
Density,298.15,280-300,2.4753742168037718e-05
Density,333.16,320-360,0.0019721692493304133
Density,288.15,280-300,0.005100189586141113
Density,313.15,300-320,0.0002803675306575215
Density,283.15,280-300,0.00510840187078454
Density,311.4,300-320,0.0018729337120362288
Density,298.15,280-300,0.0009962680967952053
Density,298.15,280-300,0.010678366719028887
Density,353.15,320-360,0.000990395046991388
Density,313.15,300-320,0.0071741336911275155
Density,298.15,280-300,0.001356099924710641
Density,293.15,280-300,0.0031052575437842123
Density,335.66,320-360,0.0001511470695518824
Density,353.15,320-360,0.0012407100398315052
Density,291.1,280-300,0.0012402577902106415
Density,313.53,300-320,0.002909137570025422
Density,283.15,280-300,0.004352108413979927
Density,304.15,300-320,0.002809934541722292
Density,308.15,300-320,0.0017394618828134867
Density,343.15,320-360,0.007772468982166103
Density,313.0,300-320,0.009092333678937692
Density,300.15,300-320,0.008699872268294051
Density,323.15,320-360,0.005361981232881341
Density,303.0,300-320,0.003560444292564746
Density,303.15,300-320,0.00094901162411265
Density,318.15,300-320,0.0006691386158701462
Density,310.15,300-320,0.0017971906107669966
Density,308.15,300-320,0.0007553149597345765
Density,278.15,<280,0.009438652425789229
Density,348.15,320-360,0.0058241483068659505
Density,293.15,280-300,0.0014487316213269708
Density,303.15,300-320,0.02245092536430171
Density,298.15,280-300,0.008182509786933245
Density,298.1,280-300,0.010512805251784663
Density,295.65,280-300,0.00021366951004520018
Density,308.15,300-320,0.008664750363514884
Density,303.15,300-320,0.0036858264697787746
Density,298.15,280-300,0.00016251529223776373
Density,293.0,280-300,0.0035238171753668723
Density,348.15,320-360,0.0015529863752359319
Density,312.148,300-320,7.148027681136426e-05
Density,323.2,320-360,0.0029090621670526673
Density,284.15,280-300,0.0010327876746689668
Density,283.15,280-300,0.001521187999141027
Density,363.15,>360,0.000767797721883845
Density,333.15,320-360,0.006767886704721171
Density,336.15,320-360,0.0009349402983804822
Density,315.15,300-320,0.0035739216718937428
Density,324.15,320-360,0.0033388133326903713
Density,323.91,320-360,0.0006837211966441714
Density,343.15,320-360,0.0041446258364112865
Density,298.16,280-300,0.005648084409964227
Density,332.67,320-360,0.0016254751104725074
Density,343.16,320-360,0.0007491601563085482
Density,293.1,280-300,0.005786375286139567
Density,320.65,320-360,0.0003823623092671369
Density,310.145,300-320,0.0018854019574119363
Density,323.15,320-360,0.0013599001816375633
Density,317.15,300-320,0.00042489237213505504
Density,338.0,320-360,0.0009941613594017795
Density,313.15,300-320,0.0009569864156739882
Density,373.15,>360,0.00021511998099832397
Density,318.2,300-320,0.0026978517413942527
Density,343.15,320-360,0.010434589541448602
Density,333.15,320-360,0.0019158874267670711
Density,305.9,300-320,0.0009284771436890438
Density,333.15,320-360,0.004942380636919985
Density,333.2,320-360,0.004893348253536267
Density,343.15,320-360,0.002042849233460764
Density,278.15,<280,0.00195598824665133
Density,335.16,320-360,0.004505697872166259
Density,333.15,320-360,0.00462589842072525
Density,343.15,320-360,0.004222407809820972
Density,342.15,320-360,0.002563092535946332
Density,368.15,>360,0.005209559008054754
Density,293.2,280-300,0.0013360360218230838
Density,317.89,300-320,0.002758510871990083
Density,320.65,320-360,0.0016122865509968776
Density,293.2,280-300,0.0004945233685820227
Density,293.15,280-300,0.0004211099304773924
Density,308.15,300-320,0.000695726386775064
Density,308.15,300-320,0.008985101524556782
Density,298.15,280-300,0.0095605839326387
Density,313.15,300-320,2.2406260897334107e-05
Density,473.15,>360,0.004768314520186223
Density,303.15,300-320,0.0007214829414685653
Density,308.15,300-320,0.004922001241476792
Density,324.15,320-360,0.0026688670693246763
Density,343.15,320-360,0.01367143083773481
Density,303.0,300-320,0.004389841100898018
Density,343.15,320-360,0.002712707622897881
Density,339.15,320-360,0.008853319533845827
Density,298.15,280-300,0.002018020430032408
Density,313.14,300-320,0.0007672419844340084
Density,313.15,300-320,0.0001410921747506677
Density,319.16,300-320,0.0011377721650562833
Density,303.15,300-320,0.007511948578971861
Density,293.15,280-300,0.004819744157806838
Density,353.15,320-360,0.0022011140853352984
Density,363.14,>360,0.00356244339074685
Density,330.15,320-360,0.0011397632666572122
Density,358.15,320-360,0.0053687017094672385
Density,303.15,300-320,0.007287457598413205
Density,338.15,320-360,0.006191290463821275
Density,418.15,>360,0.0032153470355753555
Density,288.15,280-300,0.0012058930030827142
Density,293.15,280-300,0.006493037445714833
Density,294.65,280-300,0.0027180772213499793
Density,318.15,300-320,0.0012960109314450463
Density,388.15,>360,0.003583459851124182
Density,373.15,>360,0.00847004988831479
Density,293.49,280-300,0.0005612381776423092
Density,273.15,<280,0.001411928352680114
Density,303.15,300-320,0.004840343989700457
Density,333.15,320-360,0.000792484681078065
Density,301.15,300-320,0.0014558468188932139
Density,301.15,300-320,0.004963922046329117
Density,338.15,320-360,0.007106675976816135
Density,293.0,280-300,0.0018415705185530484
Density,298.15,280-300,0.0032310563604855957
Density,348.15,320-360,0.007820139086025968
Density,311.15,300-320,0.00030565426746065327
Density,364.72,>360,0.006615646998759495
Density,293.0,280-300,0.004073086665844272
Density,358.15,320-360,0.001107675640120931
Density,313.15,300-320,0.0033969460884719638
Density,298.15,280-300,0.0002970196041855999
Density,303.15,300-320,0.0025476725126321043
Density,298.15,280-300,0.001910712415368998
Density,310.15,300-320,0.0014375911482629178
Density,338.15,320-360,0.004608589667838281
Density,318.15,300-320,0.0105656601326789
Density,303.15,300-320,0.003727527379921547
Density,373.15,>360,0.005729213559853008
Density,303.15,300-320,0.005208459574538971
Density,333.15,320-360,0.0006939473218050551
Density,343.15,320-360,0.004505068866987649
Density,308.15,300-320,0.003227277370128512
Density,353.2,320-360,0.0007843915389624811
Density,287.15,280-300,0.004746314760705417
Density,308.15,300-320,0.0397963748454222
Density,278.15,<280,0.003792811311885025
Density,333.15,320-360,0.0028194857973042886
Density,288.15,280-300,0.0031313372570878073
Density,298.15,280-300,0.0026755245849043874
Density,348.15,320-360,0.004987319894084408
Density,328.75,320-360,0.0006479366032650091
Density,279.15,<280,0.0030464675869303903
Density,298.15,280-300,0.002523838605285711
Density,295.4,280-300,0.00199118682835131
Density,343.15,320-360,0.002697513457248668
Density,363.15,>360,0.0017261736078237888
Density,323.15,320-360,0.0009861237799118072
Density,333.15,320-360,0.0027189149495034926
Density,309.147,300-320,9.107345746173223e-05
Density,338.0,320-360,0.0002793532705638313
Density,319.15,300-320,0.0018797292437646718
Density,313.15,300-320,0.004034099182837814
Density,313.15,300-320,0.019363417814274086
Density,303.15,300-320,0.0011272437231450994
Density,318.15,300-320,0.004040261471147666
Density,318.15,300-320,0.0011673613438576425
Density,298.15,280-300,0.009380935465472362
Density,313.15,300-320,0.006450073898930597
Density,307.15,300-320,0.0016646679708287593
Density,320.15,320-360,0.002374172613074599
Density,302.65,300-320,0.0014625935199585882
Density,333.0,320-360,0.006874535640091217
Density,293.15,280-300,0.0700550152258197
Density,305.15,300-320,0.005416299242923195
Density,313.15,300-320,0.004991064412399382
Density,308.2,300-320,0.0028916190116028417
Density,333.23,320-360,0.0004562166570316606
Density,269.08,<280,0.0019168993839651094
Density,333.15,320-360,0.00357524883953797
Density,313.15,300-320,0.0005841567005147041
Density,303.11,300-320,0.0019521035257801245
Density,323.0,320-360,0.001688828651359664
Density,303.15,300-320,0.005336717533354296
Density,348.15,320-360,0.00015022596591851567
Density,328.15,320-360,0.004280541088324874
Density,318.15,300-320,0.007921231254009342
Density,339.15,320-360,0.0020984689882217467
Density,298.15,280-300,0.0026263425107186933
Density,303.15,300-320,0.004503365426105077
Density,343.15,320-360,0.005916168290672985
Density,353.15,320-360,0.0010928678684383186
Density,330.15,320-360,0.00816631408232471
Density,294.1,280-300,0.008910223437454512
Density,298.15,280-300,0.0032719754962799996
Density,298.15,280-300,0.008713126493260503
Density,323.15,320-360,0.004268986125173235
Density,303.0,300-320,0.038443045107556806
Density,287.895,280-300,0.00015829854330551285
Density,363.2,>360,0.0012139536859745448
Density,295.45,280-300,0.003297845050208359
Density,323.15,320-360,8.63637027617159e-05
Density,313.15,300-320,0.0026974919859084068
Density,319.16,300-320,0.0009046456452495022
Density,308.15,300-320,0.0014590683346105138
Density,348.2,320-360,0.0009923471517527815
Density,338.15,320-360,0.0052642457043354796
Density,313.1,300-320,0.001461949384311545
Density,298.15,280-300,0.000950722209630328
Density,288.15,280-300,0.01025739373882395
Density,288.15,280-300,0.009409952968532309
Density,323.15,320-360,0.009685423829528084
Density,303.15,300-320,0.0001163022761971888
Density,288.15,280-300,0.0046633609538160314
Density,296.1,280-300,0.005899968403157985
Density,323.15,320-360,0.0047621900019567676
Density,359.15,320-360,0.004041662020149772
Density,302.15,300-320,0.0050321625830953565
Density,363.15,>360,0.0060697242167107035
Density,346.15,320-360,0.004766010027672962
Density,299.0,280-300,0.002553055842978047
Density,303.0,300-320,0.006589010604482581
Density,368.15,>360,0.0038712040077708565
Density,323.15,320-360,0.003997325865150891
Density,303.0,300-320,0.0012914087492434945
Density,287.4,280-300,0.002698481183522894
Density,391.27,>360,0.005133137577565172
Density,293.0,280-300,0.005895521774971435
Density,308.15,300-320,0.0012565403618021165
Density,333.04,320-360,0.005536045573045989
Density,303.15,300-320,0.005666718097961265
Density,313.25,300-320,0.008231779912501125
Density,363.15,>360,0.0028257930402730835
Density,283.7,280-300,7.770066873380443e-05
Density,288.15,280-300,0.00202271757093353
Density,333.15,320-360,0.0016522024521172796
Density,298.15,280-300,0.005711993520079339
Density,300.2,300-320,0.000544936230007842
Density,318.15,300-320,0.0010623925833481707
Density,323.15,320-360,0.005159914325213677
Density,322.15,320-360,0.0014981695456466326
Density,333.15,320-360,0.0009446798303116566
Density,321.648,320-360,0.0007614612450597136
Density,303.15,300-320,0.0021338841172884315
Density,341.15,320-360,6.678381663682842e-05
Density,323.15,320-360,0.01209890586054474
Density,363.15,>360,0.004789888554308064
Density,333.15,320-360,0.00734044287156177
Density,315.65,300-320,0.0021246848792273454
Density,302.15,300-320,0.0003779538863417642
Density,315.15,300-320,0.00026277510104844026
Density,313.15,300-320,0.01828949771535182
Density,295.15,280-300,0.00016292630587688706
Density,328.37,320-360,0.0025757160571444615
Density,348.15,320-360,0.020561638900018053
Density,303.15,300-320,0.002179229247529335
Density,338.15,320-360,0.0010725083677058933
Density,278.1,<280,0.0019793468304998285
Density,301.65,300-320,0.002136792167630297
Density,309.15,300-320,0.00026388165252555495
Density,312.15,300-320,0.002511949225041832
Density,303.15,300-320,0.003540885022266238
Density,299.15,280-300,0.0011681704166877083
Density,323.22,320-360,0.002739816365385117
Density,313.15,300-320,0.00444935552115755
Density,348.15,320-360,0.005678098692548872
Density,298.15,280-300,0.011925237452130588
Density,328.0,320-360,0.004400190256618863
Density,332.91,320-360,0.001158275494555383
Density,328.15,320-360,0.002251191237609973
Density,288.15,280-300,0.0022368281079945262
Density,318.15,300-320,0.0006189393098834373
Density,357.34,320-360,0.0005779364608970994
Density,292.9,280-300,0.0031308037339661254
Density,353.15,320-360,0.003502326709205583
Density,298.15,280-300,0.003337433913972454
Density,293.15,280-300,0.006918899569124726
Density,307.15,300-320,0.0028209292433771793
Density,315.15,300-320,9.157558568073654e-05
Density,303.15,300-320,0.0036716373782175182
Density,328.15,320-360,0.00020259199451189147
Density,333.15,320-360,0.00323673750682385
Density,358.15,320-360,0.00605333865392943
Density,337.149,320-360,0.004316355311796194
Density,343.15,320-360,0.003224392081219385
Density,288.15,280-300,0.002762804037658384
Density,298.2,280-300,0.0009135743599699708
Density,297.15,280-300,0.0005697025341149242
Density,278.15,<280,0.004010752705393195
Density,343.0,320-360,0.0007686166736116107
Density,328.15,320-360,0.005091514132209873
Density,298.1,280-300,0.02965212114974669
Density,293.15,280-300,0.001554981185470261
Density,307.15,300-320,0.00394673596634032
Density,293.15,280-300,0.005632481773624853
Density,318.15,300-320,0.004044682212681394
Density,318.15,300-320,0.003037009883156472
Density,353.15,320-360,0.0011930158848487693
Density,291.4,280-300,0.00033890933735403195
Density,308.15,300-320,0.0052246211113367025
Density,313.15,300-320,0.005125628259914805
Density,293.15,280-300,0.00039103508461213465
Density,323.15,320-360,0.003529505927492238
Density,293.15,280-300,0.0011506288031073453
Density,308.15,300-320,0.0015725225321840952
Density,328.15,320-360,0.0023658873067917696
Density,333.15,320-360,0.003277002160362308
Density,348.15,320-360,0.0008586193356689975
Density,358.15,320-360,0.00027707930879738996
Density,363.12,>360,0.006935628999039878
Density,358.15,320-360,0.003970631665818125
Density,273.15,<280,0.0014056490438383307
Density,299.15,280-300,0.004070712092225648
Density,348.15,320-360,0.004820417061017324
Density,358.15,320-360,0.0010780752021855022
Density,288.15,280-300,0.0025123368718107386
Density,353.48,320-360,0.0059142938870726525
Density,341.15,320-360,0.006851225042979969
Density,328.15,320-360,0.008372852492017913
Density,340.15,320-360,0.0023397086139596013
Density,343.15,320-360,0.0033683359394371948
Density,313.15,300-320,0.0001545232426156673
Density,343.15,320-360,0.0001958411912239555
Density,308.15,300-320,0.004778504175637188
Density,317.9,300-320,0.004765578915423063
Density,338.15,320-360,0.0009202873567843994
Density,358.15,320-360,0.0027927611953018072
Density,337.71,320-360,0.002655921859335386
Density,283.15,280-300,0.0005822336400242989
Density,313.15,300-320,0.000781493461804672
Density,373.15,>360,0.0014542633675258543
Density,343.15,320-360,0.007361865987197014
Density,322.15,320-360,0.004042619635353795
Density,318.15,300-320,0.006167961435847857
Density,303.15,300-320,0.004351605617422649
Density,312.41,300-320,0.0022159042339247037
Density,288.15,280-300,0.012251517038646575
Density,333.15,320-360,0.0032917361799418288
Density,298.15,280-300,0.03360601037484301
Density,308.15,300-320,0.002601124619698858
Density,283.15,280-300,0.007059072844070258
Density,342.86,320-360,0.0004320649678657418
Density,348.15,320-360,0.001775177620057633
Density,323.15,320-360,0.005997625513435523
Density,304.4,300-320,0.0013762083442401263
Density,304.65,300-320,0.0012226462831126383
Density,302.87,300-320,0.0032996057310334947
Density,293.15,280-300,0.002991659561189408
Density,308.15,300-320,0.0014357161715397027
Density,313.15,300-320,0.001989324342333454
Density,298.1,280-300,0.008496298786360157
Density,333.15,320-360,0.004228046882312597
Density,323.15,320-360,0.0009312960084582045
Density,341.15,320-360,0.009062360516542078
Density,293.15,280-300,0.0048170542776651
Density,293.0,280-300,0.003509994084444301
Density,318.15,300-320,0.0011044318775788042
Density,328.3,320-360,0.0026737134996990264
Density,308.15,300-320,0.007979341941308782
Density,278.15,<280,0.027596970960320988
Density,323.15,320-360,0.003295947969361279
Density,333.15,320-360,0.01019567669861221
Density,335.15,320-360,0.008028489070682987
Density,303.0,300-320,0.009822944411840062
Density,308.15,300-320,0.001233093595477186
Density,313.15,300-320,0.00037489562133430354
Density,345.15,320-360,0.003341159298908991
Density,295.1,280-300,0.0013805736560339454
Density,393.15,>360,0.003247303447080796
Density,313.15,300-320,0.0070819526596412885
Density,363.0,>360,0.007514073619557138
Density,350.15,320-360,0.00482424937113457
Density,308.15,300-320,0.006148762832107302
Density,293.15,280-300,0.03974680510091044
Density,356.15,320-360,0.0009217169118720392
Density,333.15,320-360,0.00399487537025589
Density,328.15,320-360,0.0035003661676054065
Density,297.92,280-300,0.003701075266241638
Density,351.15,320-360,0.0029086705394822943
Density,298.15,280-300,0.03594834425823912
Density,279.15,<280,0.00036286191430523473
Density,333.24,320-360,0.002571187341137815
Density,297.15,280-300,0.00408170042185052
Density,303.15,300-320,0.004560067418314162
Density,308.15,300-320,0.007885066406866592
Density,293.15,280-300,0.0008701630015632844
Density,303.15,300-320,0.0036307849551651117
Density,317.91,300-320,0.0020118646630784554
Density,306.4,300-320,0.0013656695480985803
Density,348.15,320-360,0.003795169966612555
Density,328.41,320-360,0.0011558003747298429
Density,333.15,320-360,0.010007296818570488
Density,305.15,300-320,0.003955910783061789
Density,338.15,320-360,3.423560878790255e-05
Density,317.15,300-320,0.0005289042721567938
Density,303.15,300-320,0.0011378028163893106
Density,348.15,320-360,0.002566355848040658
Density,283.1,280-300,0.0013886539984522273
Density,283.4,280-300,0.00036097553810865435
Density,358.15,320-360,0.00226969347957251
Density,337.15,320-360,0.0032491166456356524
Density,327.15,320-360,0.0024925011115897178
Density,298.15,280-300,0.000607523413203026
Density,322.971,320-360,0.001702301027159514
Density,329.65,320-360,0.00045869514653862353
Density,291.15,280-300,0.004373557370185743
Density,298.15,280-300,0.0056080580740536234
Density,305.64,300-320,0.00264968837130386
Density,325.15,320-360,6.6802957068290425e-06
Density,288.7,280-300,0.008557782940345149
Density,298.15,280-300,0.0046329793429338295
Density,363.15,>360,0.0038104020356257706
Density,293.15,280-300,0.006013443208747304
Density,363.15,>360,0.0003126896315279737
Density,308.0,300-320,0.001012326661148144
Density,313.29,300-320,0.011190895812310586
Density,331.15,320-360,0.0032720748853130033
Density,298.15,280-300,0.0002231795391853808
Density,308.148,300-320,0.0012535698641551463
Density,295.65,280-300,0.00028563640625201003
Density,309.15,300-320,0.0024180530370871978
Density,302.15,300-320,0.001624483115921116
Density,295.65,280-300,0.0020427114353518405
Density,293.15,280-300,0.008073923300408126
Density,323.15,320-360,0.0036354384018242314
Density,293.15,280-300,0.007657400075841814
Density,313.15,300-320,0.003104813939646789
Density,328.15,320-360,0.007520152893365051
Density,373.15,>360,0.008152914653313914
Density,348.15,320-360,0.006299935044768112
Density,353.15,320-360,0.004434132460390927
Density,332.35,320-360,0.004736897949441321
Density,313.0,300-320,0.005372493384860455
Density,330.15,320-360,0.00045684380718835627
Density,323.15,320-360,0.006062550859349258
Density,313.15,300-320,0.04193536667250086
Density,328.08,320-360,0.0005889215068277664
Density,317.91,300-320,0.0022514846107153375
Density,343.15,320-360,0.004408309426219503
Density,318.9,300-320,0.0022940847270831455
Density,328.15,320-360,0.0018533896518659887
Density,298.1,280-300,0.002403809767585585
Density,338.15,320-360,0.0007925500550358677
Density,313.15,300-320,0.004994045260169777
Density,303.15,300-320,0.0019745798624839495
Density,298.15,280-300,0.00827402244185027
Density,373.15,>360,0.0015711443604704556
Density,293.15,280-300,0.004280610643515814
Density,328.2,320-360,0.0008788481099601952
Density,318.15,300-320,0.0017705490849886374
Density,323.15,320-360,0.001080978609466321
Density,343.19,320-360,0.002681791850337234
Density,278.65,<280,0.0005594375299580179
Density,298.15,280-300,0.017035498488867873
Density,391.39,>360,0.006357613496851933
Density,348.15,320-360,0.0056848055637246375
Density,333.15,320-360,0.003886804864847271
Density,316.15,300-320,0.0025243267711214656
Density,297.0,280-300,0.0025887273537765765
Density,320.15,320-360,0.0006240183793000398
Density,358.15,320-360,0.0040422357444160895
Density,332.78,320-360,0.0012407057135233046
Density,338.15,320-360,0.010062543806276913
Density,353.0,320-360,0.0014395859298463876
Density,318.15,300-320,0.004482168806795528
Density,343.15,320-360,0.00043579674733518203
Density,292.15,280-300,0.0015230303609916618
Density,340.15,320-360,0.002999812043534611
Density,323.15,320-360,0.0021619039030378318
Density,313.14,300-320,0.000772495992438671
Density,328.15,320-360,0.0006437350482757509
Density,288.15,280-300,0.00536246830904652
Density,293.15,280-300,0.002388948578144756
Density,318.15,300-320,0.003274531185390117
Density,298.15,280-300,0.009310850650441793
Density,353.0,320-360,0.004521284604716236
Density,298.15,280-300,0.002405177347190701
Density,353.15,320-360,0.00506157239125038
Density,293.15,280-300,0.003148587689435267
Density,298.15,280-300,0.01743273694425085
Density,348.15,320-360,0.002679726650019809
Density,309.15,300-320,0.001181043240355173
Density,308.15,300-320,0.008758084147950207
Density,343.15,320-360,0.0025711321734736003
Density,332.41,320-360,0.00019202472396884218
Density,318.15,300-320,0.0017790829510486716
Density,338.15,320-360,0.0012678913036108241
Density,318.15,300-320,0.0008713117241345714
Density,343.15,320-360,0.04351000444328079
Density,298.15,280-300,0.004424191929425447
Density,293.15,280-300,0.0012100815319264768
Density,285.65,280-300,0.003433389102397655
Density,328.15,320-360,0.0006470480799896094
Density,310.65,300-320,0.002385197185182264
Density,348.15,320-360,0.0028796887394193504
Density,293.15,280-300,0.003805064761830401
Density,345.15,320-360,0.0021238820965781002
Density,323.15,320-360,0.0034537556859763896
Density,323.15,320-360,0.00504113942169937
Density,330.648,320-360,0.0025978167799811658
Density,309.65,300-320,0.0013694297276813927
Density,323.15,320-360,0.002162430156994688
Density,335.65,320-360,0.001045133636780271
Density,324.398,320-360,0.0011793688529913027
Density,303.15,300-320,0.012130723982922476
Density,363.15,>360,0.0022086426475063092
Density,323.15,320-360,0.011589126020511209
Density,303.15,300-320,0.00362167850722539
Density,351.15,320-360,0.0014686232164144997
Density,338.15,320-360,0.004714919853391564
Density,303.15,300-320,0.003570049933202313
Density,333.28,320-360,0.0026779409924371222
Density,298.15,280-300,0.015415604315038856
Density,289.15,280-300,0.004781802147999059
Density,282.15,280-300,0.0030642182988671607
Density,333.0,320-360,0.004073560447806379
Density,315.65,300-320,0.0013646355982555036
Density,313.15,300-320,0.002764780699576086
Density,308.15,300-320,0.001517689029902236
Density,318.0,300-320,0.0004225341871064714
Density,298.15,280-300,0.005219273154326132
Density,353.0,320-360,0.003424733272520797
Density,298.15,280-300,0.0065279713550090435
Density,314.15,300-320,0.00040197421689036616
Density,313.15,300-320,0.0010876322860404741
Density,318.15,300-320,0.0040737340313068415
Density,333.15,320-360,0.009201965728268924
Density,318.32,300-320,0.0035332959259104513
Density,347.15,320-360,0.000984954493469914
Density,338.15,320-360,0.006319050933328185
Density,293.15,280-300,0.0025558758800174886
Density,342.51,320-360,0.0013405270965707317
Density,297.0,280-300,0.008921220050670087
Density,288.15,280-300,0.001438655003099143
Density,298.15,280-300,0.010059877331602962
Density,315.65,300-320,0.002129642382465491
Density,314.15,300-320,0.0021940468232823918
Density,315.25,300-320,0.009265879439253943
Density,308.3,300-320,0.0006070581555048804
Density,295.65,280-300,0.00019296809135127546
Density,298.15,280-300,0.001999077211317868
Density,310.66,300-320,0.0005264750191527057
Density,318.0,300-320,0.0018209683328480608
Density,328.15,320-360,0.002785149062561665
Density,313.15,300-320,0.0044002242604053166
Density,323.0,320-360,0.003670687319389465
Density,363.15,>360,0.001864933249015266
Density,329.15,320-360,0.0017199079810295004
Density,303.15,300-320,0.005374973076219369
Density,343.18,320-360,0.0019097041129336745
Density,336.15,320-360,0.0008001434043416467
Density,336.15,320-360,0.0011955432456147719
Density,293.15,280-300,0.01203999779921272
Density,273.15,<280,1.2470732291269826e-05
Density,333.15,320-360,0.004587265761903936
Density,333.15,320-360,0.004206196470809331
Density,300.15,300-320,0.0010994438535361084
Density,330.65,320-360,0.00011212046293973543
Density,343.65,320-360,0.0025620106040982193
Density,353.15,320-360,0.0058630028987254335
Density,323.15,320-360,0.0019959977656949235
Density,343.15,320-360,0.000696715629634248
Density,308.15,300-320,0.0025650392582345916
Density,338.0,320-360,0.005753935376223929
Density,323.15,320-360,0.005898996516826571
Density,303.15,300-320,0.009609337351501601
Density,300.65,300-320,0.002635421867208443
Density,343.74,320-360,0.001611659418347955
Density,362.16,>360,0.0033588258606478405
Density,353.15,320-360,0.0001468645007722813
Density,298.15,280-300,0.0067453838556801315
Density,293.15,280-300,0.010093278995062072
Density,342.15,320-360,0.0016451692641012983
Density,298.0,280-300,0.0010342824954685526
Density,323.15,320-360,0.007252563620524732
Density,348.0,320-360,0.005739315465397965
Density,308.0,300-320,0.0018974718125575052
Density,323.15,320-360,0.021546886716419245
Density,283.15,280-300,0.03917545595285343
Density,329.15,320-360,0.006664077578640182
Density,308.15,300-320,0.0007815682042977556
Density,297.0,280-300,0.011768767946676917
Density,353.15,320-360,0.010759310164626612
Density,303.15,300-320,0.00740384327253274
Density,293.15,280-300,0.0007618553349315604
Density,299.9,280-300,0.0004510650622426837
Density,353.15,320-360,0.0038838397992311258
Density,288.24,280-300,0.008715121799022008
Density,333.15,320-360,0.0018048265286418896
Density,354.15,320-360,0.00028460119024042996
Density,334.91,320-360,7.290479544597162e-05
Density,297.0,280-300,0.002230739135545612
Density,313.15,300-320,0.006746227082061296
Density,315.15,300-320,0.0014925228191033924
Density,313.44,300-320,0.0014464238395106577
Density,307.15,300-320,0.005856128683758399
Density,343.15,320-360,0.004113166079369179
Density,343.154,320-360,0.000881680400523166
Density,413.15,>360,0.0008186794806288589
Density,279.9,<280,0.0007625676290556882
Density,263.15,<280,0.007669562206100267
Density,333.15,320-360,0.0022320347038284893
Density,363.15,>360,0.004613836158001483
Density,315.897,300-320,0.00019830575912305193
Density,320.65,320-360,0.0009575040585749761
Density,292.8,280-300,0.004638577092369367
Density,333.15,320-360,0.005430709317808535
Density,337.15,320-360,0.000770537011971939
Density,285.15,280-300,0.0023760646559018994
Density,353.15,320-360,0.0020389545792580677
Density,327.4,320-360,0.0005865810240370806
Density,343.15,320-360,0.0036559370559254845
Density,303.15,300-320,0.0022869870374853107
Density,298.15,280-300,0.006688727766372082
Density,343.15,320-360,0.005054528818043025
Density,329.4,320-360,0.0022278455368649475
Density,298.15,280-300,0.001311680494376688
Density,283.45,280-300,0.005806529278810757
Density,313.15,300-320,0.00015308574462835622
Density,300.15,300-320,0.0019993576233678922
Density,301.35,300-320,0.012223837021425155
Density,318.1,300-320,0.007601161827094138
Density,290.15,280-300,0.001757549696924876
Density,313.15,300-320,0.002478110232638109
Density,350.15,320-360,0.002778627517356469
Density,318.09,300-320,0.0017557093433149262
Density,288.15,280-300,0.012590308494576874
Density,350.15,320-360,0.0008567654364943778
Density,313.15,300-320,0.0018157640381337714
Density,351.15,320-360,0.0020432640656382617
Density,358.15,320-360,0.003296260396053796
Density,303.15,300-320,0.00013439485507849014
Density,328.15,320-360,0.0028200586885951395
Density,333.15,320-360,0.0028248539080140134
Density,323.15,320-360,0.0002675489471783976
Density,313.15,300-320,0.0036578308522008385
Density,331.15,320-360,7.400404189539245e-05
Density,353.15,320-360,0.004953351132011008
Density,413.15,>360,0.0002903906115268029
Density,310.35,300-320,0.0009979824878127985
Density,333.15,320-360,0.0007615039001400703
Density,336.15,320-360,0.0020690192632430993
Density,363.15,>360,0.0003080691215284759
Density,313.13,300-320,0.0011450045983236734
Density,359.15,320-360,0.0016593206386792403
Density,313.15,300-320,0.002249751647870113
Density,318.0,300-320,0.001841561680409498
Density,298.141,280-300,0.002096382447627221
Density,345.15,320-360,0.0007967909834913911
Density,283.37,280-300,0.00305309491084671
Density,293.0,280-300,0.0016569586512655832
Density,303.15,300-320,0.00022430312092769356
Density,285.65,280-300,0.0023007715183807065
Density,313.15,300-320,0.004547167256768958
Density,323.15,320-360,0.008399466854198678
Density,303.15,300-320,0.009568199102346853
Density,323.15,320-360,0.008815366169851124
Density,298.9,280-300,0.0005044901165067728
Density,338.15,320-360,0.0021071572393820404
Density,308.15,300-320,0.003156271413785383
Density,323.15,320-360,0.0021947808645181865
Density,293.15,280-300,0.0010523847611851878
Density,328.15,320-360,0.0033797638688071174
Density,333.8,320-360,9.163430030589836e-05
Density,308.15,300-320,0.002818172129869012
Density,353.15,320-360,0.004508138681739382
Density,295.0,280-300,0.002702295439645397
Density,312.66,300-320,0.0005450226671444014
Density,318.15,300-320,0.003858638335459297
Density,293.15,280-300,0.009392246791160908
Density,364.84,>360,0.0016231939593760458
Density,313.15,300-320,0.0015578452195672554
Density,358.15,320-360,0.002730354199556473
Density,288.15,280-300,0.0002690488679677472
Density,318.15,300-320,0.002702255806277698
Density,353.15,320-360,0.0002647723581796768
Density,313.0,300-320,0.15124312707976895
Density,298.15,280-300,0.02845763085327846
Density,308.15,300-320,0.0012102409519165747
Density,303.15,300-320,0.0013041029318552333
Density,317.16,300-320,0.0021826220210616754
Density,298.1,280-300,0.05664162495707714
Density,288.15,280-300,0.0010748843237244898
Density,293.0,280-300,0.006348651113067483
Density,298.15,280-300,0.0059642164016464605
Density,298.0,280-300,0.0005582547821889605
Density,348.15,320-360,0.00856116241156002
Density,293.2,280-300,0.004827060548005413
Density,278.15,<280,0.004683008999554872
Density,318.15,300-320,0.0012597713047810544
Density,328.15,320-360,0.002874354138402424
Density,298.15,280-300,0.044959990716519016
Density,293.46,280-300,0.006056361468184335
Density,348.15,320-360,0.005030631175836575
Density,343.15,320-360,0.0009879086859472253
Density,283.15,280-300,0.004880362756450651
Density,340.15,320-360,0.0011176727393333863
Density,318.15,300-320,0.004367291670281048
Density,293.15,280-300,0.005638086798897213
Density,308.15,300-320,0.0024189081163621395
Density,328.15,320-360,0.0003938759749964049
Density,298.1,280-300,0.00022040877038964624
Density,312.15,300-320,0.0017299283845728652
Density,343.0,320-360,0.010007931281614368
Density,343.15,320-360,6.192612178068657e-05
Density,298.15,280-300,0.004797995414912215
Density,298.15,280-300,0.022354612084279246
Density,293.15,280-300,0.0030622529934314358
Density,333.2,320-360,0.007575946965863167
Density,290.65,280-300,0.0026298790468519684
Density,330.15,320-360,0.00241438474474176
Density,333.15,320-360,9.624495776172637e-05
Density,358.15,320-360,0.0015015652430481197
Density,343.15,320-360,0.0035346624593897147
Density,313.15,300-320,0.0028466401872391245
Density,318.15,300-320,0.0008898179395613326
Density,333.15,320-360,0.0022945918967902657
Density,283.15,280-300,0.013990402591352868
Density,348.36,320-360,3.867256263401231e-05
Density,343.0,320-360,0.001231300384227474
Density,348.15,320-360,0.0005578777441224148
Density,308.15,300-320,0.005493152408106106
Density,323.0,320-360,0.023261541809083575
Density,304.1,300-320,0.001340886303255573
Density,293.9,280-300,0.002108629263647188
Density,322.15,320-360,0.002629732316422384
Density,361.15,>360,0.0023889006082029596
Density,283.15,280-300,0.00019171882013502284
Density,278.15,<280,0.0016504091367339768
Density,307.94,300-320,0.002445261534901988
Density,282.4,280-300,0.0036778190970725433
Density,308.2,300-320,0.006637942213596482
Density,278.15,<280,0.0012716151868383818
Density,353.15,320-360,0.001581693307522336
Density,322.15,320-360,0.0028080443637987784
Density,348.15,320-360,0.0020003582469918513
Density,288.15,280-300,0.007640749123316581
Density,298.15,280-300,0.24470762177983918
Density,319.65,300-320,0.0018654549709609114
Density,298.15,280-300,0.0025114459284036883
Density,295.1,280-300,0.037775980694367384
Density,321.41,320-360,0.0018030135743165587
Density,329.15,320-360,0.0019187141344838565
Density,318.15,300-320,0.00393250826083591
Density,293.96,280-300,0.0006923467159953844
Density,308.15,300-320,0.0032238162344615517
Density,338.15,320-360,0.0024876885138462868
Density,293.9,280-300,0.0007787182622713829
Density,284.15,280-300,0.00012824580495340854
Density,363.15,>360,0.002955967984560104
Density,306.65,300-320,0.0022744804891603465
Density,338.0,320-360,0.005460260449464016
Density,323.15,320-360,0.0024110275688444816
Density,293.15,280-300,0.0035443232771878996
Density,322.15,320-360,0.0013402787940659522
Density,423.15,>360,0.0010200574978576071
Density,318.15,300-320,0.0010337277132563827
Density,304.65,300-320,0.000869253995691821
Density,298.15,280-300,0.005961906817125495
Density,323.15,320-360,0.0022477994588570027
Density,298.15,280-300,0.0043725185994247795
Density,338.15,320-360,0.004209035574571196
Density,303.15,300-320,0.005168875512289617
Density,318.15,300-320,0.006791086001022073
Density,308.15,300-320,0.00943854387758769
Density,308.15,300-320,0.0035713236289769412
Density,321.15,320-360,0.0024466670789990985
Density,323.27,320-360,0.0019091739805343622
Density,288.15,280-300,0.0014580543505200438
Density,358.15,320-360,0.002062780089566729
Density,323.15,320-360,0.00042867508579114144
Density,293.48,280-300,0.004701740557192302
Density,305.65,300-320,0.0018354171647629869
Density,324.16,320-360,0.001913506988737268
Density,293.15,280-300,0.005380097659758221
Density,310.91,300-320,0.002248833118633442
Density,303.15,300-320,0.00475553871879697
Density,328.0,320-360,0.0027480553441412425
Density,293.15,280-300,0.001004203550874827
Density,368.15,>360,0.0013471240599836065
Density,298.15,280-300,0.001991667512315942
Density,323.0,320-360,0.0008367129152304642
Density,313.15,300-320,0.002818696616809113
Density,298.15,280-300,0.0013133061290311332
Density,343.15,320-360,0.003871281649029612
Density,363.15,>360,0.0026650714079421434
Density,373.33,>360,0.0019374151622821856
Density,301.15,300-320,0.0034631715114672446
Density,311.15,300-320,0.003468185172037508
Density,298.34,280-300,0.000679560659566647
Density,303.15,300-320,0.007025167379292263
Density,363.0,>360,0.0009027775635956914
Density,312.15,300-320,0.0013532953924633162
Density,308.15,300-320,7.151094288015969e-05
Density,353.1,320-360,0.009337902729467551
Density,340.15,320-360,0.001342662498347913
Density,323.2,320-360,0.0060730125909636
Density,343.15,320-360,0.004007748324615257
Density,323.15,320-360,0.004390234843962837
Density,293.0,280-300,0.005021973960837478
Density,288.396,280-300,0.00026229479944994694
Density,360.15,>360,0.00283477077804406
Density,348.0,320-360,0.00041627022485002385
Density,313.0,300-320,0.0007506087422237684
Density,308.4,300-320,0.001277452557604697
Density,373.15,>360,0.01278022047335714
Density,353.25,320-360,0.007019926949557664
Density,313.15,300-320,0.00016172643739675863
Density,363.15,>360,0.007346621874421366
Density,293.15,280-300,0.0008931405642220724
Density,303.4,300-320,0.002222643225342047
Density,297.9,280-300,0.003153809662221896
Density,333.15,320-360,0.0016559471980199802
Density,288.15,280-300,0.0030846117789842253
Density,323.14,320-360,0.001127262166621179
Density,408.15,>360,0.004784624790977965
Density,333.19,320-360,0.0038223177387344265
Density,298.15,280-300,0.0053343797862064335
Density,293.15,280-300,0.0018496314463680719
Density,358.15,320-360,0.0023022648736148454
Density,358.15,320-360,0.0008493064508252601
Density,353.15,320-360,0.002745148723927393
Density,298.15,280-300,0.0017690387727098411
Density,299.9,280-300,0.0017258012230261244
Density,293.15,280-300,0.0007280526570880852
Density,298.16,280-300,0.0010833440492579172
Density,338.15,320-360,0.0019817733021980644
Density,363.15,>360,0.0016612370110200558
Density,328.15,320-360,0.0021486339554366296
Density,321.15,320-360,0.0036458500839877672
Density,313.15,300-320,0.006773783203152917
Density,323.15,320-360,0.0018343695833911156
Density,363.55,>360,0.0006294199418892532
Density,353.104,320-360,0.0043696246996054455
Density,323.15,320-360,0.004132879241503851
Density,343.15,320-360,0.0034152625148067273
Density,308.15,300-320,0.0013990013685658553
Density,348.15,320-360,0.0009393422686816422
Density,298.15,280-300,0.0007133129616603284
Density,303.15,300-320,0.003238191373061028
Density,352.15,320-360,0.0008917364149612084
Density,333.15,320-360,0.004611475798240505
Density,303.15,300-320,0.003470986323428349
Density,308.22,300-320,0.0032276864412672523
Density,303.15,300-320,0.003506220805220117
Density,323.15,320-360,0.009051916544594363
Density,323.15,320-360,0.004287713672145976
Density,302.9,300-320,0.0020289757763993777
Density,300.15,300-320,0.0010470648698577278
Density,308.15,300-320,0.003768013025721828
Density,335.1,320-360,0.010738037271970313
Density,338.15,320-360,0.002738902981701763
Density,318.15,300-320,0.0014222968931010271
Density,298.15,280-300,0.002356031676160164
Density,343.17,320-360,0.0033311891659266735
Density,340.15,320-360,0.002093751634619778
Density,318.15,300-320,0.002470105919853083
Density,363.15,>360,0.009213437105474398
Density,273.15,<280,0.009721293972075884
Density,293.15,280-300,0.008104836200787169
Density,313.15,300-320,0.00678211849523791
Density,298.15,280-300,0.00318330665212585
Density,318.15,300-320,0.0023254984710883164
Density,278.0,<280,0.004048319832860692
Density,343.15,320-360,0.005003504120496771
Density,300.397,300-320,0.0004773303392555661
Density,298.15,280-300,0.006041576748179622
Density,298.15,280-300,0.0070132236777347146
Density,393.15,>360,0.0035509954017420853
Density,323.38,320-360,0.004320188194435026
Density,303.15,300-320,0.006567521545498778
Density,298.15,280-300,0.0036549472940707872
Density,318.0,300-320,2.9003225504808938e-05
Density,323.0,320-360,0.006040084705490223
Density,301.15,300-320,0.006744476317753545
Density,295.1,280-300,0.06035957672714254
Density,333.15,320-360,0.0003614848548290084
Density,313.15,300-320,0.0016531372591339633
Density,338.15,320-360,0.0075639401592706434
Density,303.15,300-320,0.0033817736599957016
Density,323.15,320-360,0.002387411516334481
Density,314.9,300-320,0.000606091626742078
Density,333.15,320-360,0.004646347759989844
Density,303.15,300-320,0.0032516609575496958
Density,293.15,280-300,0.004439313261439537
Density,317.15,300-320,0.005302901881792721
Density,326.66,320-360,0.002346120710925881
Density,333.65,320-360,0.004132167941158116
Density,363.15,>360,0.006539241845230137
Density,286.15,280-300,0.00014399042796053863
Density,328.15,320-360,0.0054282531843314885
Density,303.15,300-320,0.0035170959746162467
Density,323.15,320-360,0.009499061190614277
Density,297.55,280-300,0.0007181188336682354
Density,333.15,320-360,0.0113557260035142
Density,333.15,320-360,0.00960396422459553
Density,323.15,320-360,0.006464084874598264
Density,288.15,280-300,0.0008077501903240858
Density,333.15,320-360,0.003031264489136376
Density,333.15,320-360,0.0005889686792190929
Density,343.0,320-360,0.004207568862973687
Density,333.15,320-360,0.003394058119979171
Density,350.15,320-360,0.002787901373879187
Density,303.15,300-320,0.011271430828871942
Density,296.15,280-300,0.0010379700055862529
Density,298.15,280-300,0.0013594693073475383
Density,278.2,<280,0.0025100153827839478
Density,323.15,320-360,0.007253737776299118
Density,333.15,320-360,0.0023417004677437347
Density,320.05,320-360,0.0046254160130585475
Density,323.07,320-360,0.0012826748372418706
Density,310.15,300-320,0.0011939225271415665
Density,318.15,300-320,0.0021592892747896997
Density,318.15,300-320,0.003696814609286392
Density,365.0,>360,0.015907242420441392
Density,328.15,320-360,0.01573946397646875
Density,293.15,280-300,0.001733251095243915
Density,313.28,300-320,0.0006580362378505455
Density,328.15,320-360,0.0012903553079963714
Density,343.15,320-360,0.0041618300306272005
Density,328.15,320-360,0.004237589408189635
Density,303.15,300-320,0.0040325243116727805
Density,413.15,>360,0.0025888097410513566
Density,335.15,320-360,0.0014604607926891333
Density,363.15,>360,0.0030880663913643858
Density,310.398,300-320,4.384019910919079e-05
Density,293.15,280-300,0.0047985336357578845
Density,305.2,300-320,0.0023565173376729476
Density,298.15,280-300,0.013131693335619588
Density,303.15,300-320,0.006012926142592967
Density,323.15,320-360,0.00038926539018024897
Density,359.15,320-360,0.0012220333405323913
Density,298.15,280-300,0.0010546353831362154
Density,333.15,320-360,0.008846786947639629
Density,281.9,280-300,0.0037345656022145235
Density,333.15,320-360,0.0015574444977373147
Density,338.15,320-360,0.002824772762959782
Density,323.15,320-360,0.00042291516228853965
Density,318.0,300-320,0.003377378070629433
Density,323.1,320-360,0.001790152360845454
Density,333.15,320-360,0.0035962476403383903
Density,333.47,320-360,0.0033130933747012037
Density,337.66,320-360,0.0015411780016894028
Density,313.15,300-320,0.006318540598402755
Density,328.15,320-360,0.0005239241766448188
Density,283.15,280-300,0.003355544317556358
Density,363.0,>360,0.016774250563645232
Density,303.0,300-320,0.0010303768394743784
Density,321.15,320-360,0.0014834125263929465
Density,333.0,320-360,0.00012962223272694473
Density,303.15,300-320,0.000251800114368983
Density,338.15,320-360,0.0027832858218683754
Density,325.15,320-360,0.0062879980901753285
Density,327.58,320-360,0.002241120972475308
Density,298.1,280-300,0.007028573167128016
Density,353.15,320-360,0.00296835560584352
Density,338.15,320-360,0.004833279887831665
Density,338.15,320-360,0.0038619298634126054
Density,297.15,280-300,0.0020045959829060322
Density,302.88,300-320,0.0003603737546074015
Density,331.15,320-360,0.0022654514071769327
Density,293.1,280-300,0.01647614549986809
Density,336.66,320-360,0.0015676777666593367
Density,293.15,280-300,0.0022063916906338576
Density,358.15,320-360,0.005681907666789776
Density,318.15,300-320,0.011466116599446075
Density,293.15,280-300,0.05237721704439924
Density,327.25,320-360,0.010952995006507926
Density,308.1,300-320,0.0006752770538343
Density,313.14,300-320,0.0038476519452501634
Density,293.0,280-300,0.0027925251996441247
Density,303.22,300-320,0.004526493082318339
Density,303.15,300-320,0.006034756805432195
Density,303.15,300-320,0.00035515015230025426
Density,293.15,280-300,0.0048700566962871505
Density,339.15,320-360,0.0029044765092089975
Density,308.15,300-320,0.0014977572137677697
Density,298.15,280-300,0.0007060510805034781
Density,310.91,300-320,0.001012861838374235
Density,308.15,300-320,0.0034136271759859227
Density,323.15,320-360,0.0012730766948267913
Density,308.0,300-320,0.001480562802296248
Density,308.15,300-320,0.0017953685298737199
Density,310.15,300-320,0.003258725270213425
Density,323.15,320-360,0.0012507053747050634
Density,320.15,320-360,0.003706907354322553
Density,298.15,280-300,0.0017471442478775856
Density,343.15,320-360,0.0006293277070898995
Density,298.15,280-300,0.0012518038995823488
Density,343.15,320-360,0.0011834325039803417
Density,372.15,>360,0.00065367247395276
Density,318.16,300-320,0.0019364157409169636
Density,334.16,320-360,0.0005488646128766206
Density,288.15,280-300,0.0076017639964689465
Density,342.15,320-360,0.0017724456917660447
Density,318.15,300-320,0.006922120235594242
Density,333.15,320-360,0.0033635419679631795
Density,328.15,320-360,0.006845483247582607
Density,353.15,320-360,0.006528778098870092
Density,312.15,300-320,0.0020847069060145884
Density,332.6,320-360,0.0063976744800644525
Density,333.15,320-360,0.001951709478153596
Density,293.15,280-300,0.003773165117060273
Density,288.15,280-300,0.0024228241777697335
Density,353.15,320-360,0.005349194801552493
Density,293.15,280-300,0.004762185421102849
Density,463.15,>360,0.0001963319417432885
Density,299.15,280-300,0.003707367379667481
Density,348.15,320-360,0.0006995346010256753
Density,308.15,300-320,0.0029011190679746335
Density,333.15,320-360,0.0030535942597689214
Density,293.15,280-300,0.003846247506491096
Density,463.15,>360,0.0011142532505177272
Density,308.15,300-320,0.00019549647402161696
Density,351.09,320-360,0.005287608545540223
Density,338.15,320-360,0.001875480672246077
Density,352.3,320-360,0.00439488103153618
Density,323.3,320-360,0.0011563021313971689
Density,319.75,300-320,0.002870023964105073
Density,305.647,300-320,0.0002232344153503263
Density,291.15,280-300,0.00035095283917918607
Density,352.96,320-360,0.00025459913324077377
Density,308.0,300-320,0.0016135445365224044
Density,318.15,300-320,0.0008830733537283919
Density,282.15,280-300,0.0034308484418126284
Density,333.33,320-360,0.00012870544190413113
Density,324.65,320-360,0.0006589890153971822
Density,283.15,280-300,0.0001268093914159607
Density,323.15,320-360,0.005512814954972356
Density,318.15,300-320,0.0017548052346310072
Density,323.15,320-360,0.0033487833705692083
Density,304.75,300-320,0.006519332038045
Density,353.15,320-360,0.001261726277490105
Density,313.0,300-320,0.0006233735722869227
Density,308.15,300-320,0.0026454568273841517
Density,308.2,300-320,0.0008635791880564625
Density,288.04,280-300,0.00324442192126817
Density,313.15,300-320,0.0018234070829103999
Density,313.15,300-320,0.009165207335430026
Density,353.28,320-360,0.0007914691166366339
Density,286.65,280-300,0.003403512252563523
Density,283.15,280-300,0.003125122844573447
Density,287.15,280-300,2.012327950939863e-05
Density,298.15,280-300,0.0028804581731627366
Density,323.15,320-360,0.012507956304224521
Density,298.15,280-300,0.05899722694534315
Density,312.16,300-320,0.0004982387672480826
Density,328.27,320-360,0.005236550865561185
Density,304.2,300-320,0.006087764892415137
Density,310.4,300-320,0.0014576339743834765
Density,343.15,320-360,0.007477258536555453
Density,288.37,280-300,0.0018178131952293342
Density,373.15,>360,0.0019612807323978743
Density,288.15,280-300,0.001972627097039492
Density,313.15,300-320,0.0011243561502318755
Density,308.2,300-320,0.0049267553623462135
Density,348.15,320-360,0.005454358225864375
Density,293.15,280-300,0.0013585396127862026
Density,359.15,320-360,0.00880713540667255
Density,325.15,320-360,0.0012879758334882752
Density,298.15,280-300,0.0016469996207852944
Density,282.0,280-300,0.0017791002088491936
Density,303.15,300-320,0.0014152509575442451
Density,308.15,300-320,0.0037498990538749055
Density,333.15,320-360,0.0001721971407047107
Density,305.15,300-320,0.0018777734594834783
Density,332.15,320-360,0.0030827860352280467
Density,332.74,320-360,0.0041775143039197715
Density,298.15,280-300,0.0008076912023273763
Density,326.16,320-360,0.0006151159142859797
Density,318.15,300-320,0.0025367618444018802
Density,296.15,280-300,0.0022691952142723792
Density,313.0,300-320,0.0012058756090400635
Density,310.35,300-320,0.0039272088174477915
Density,348.15,320-360,0.004328099323453571
Density,338.15,320-360,0.0007667828898609841
Density,308.1,300-320,0.0018099282382264548
Density,303.15,300-320,0.003384712019673053
Density,313.15,300-320,0.00136939908346978
Density,332.66,320-360,0.001558304628628271
Density,328.15,320-360,0.021278820982812086
Density,323.15,320-360,0.010216309583320538
Density,313.15,300-320,0.0003329146339288158
Density,314.45,300-320,0.0037148960089465888
Density,358.15,320-360,0.0013083323340623565
Density,333.15,320-360,0.001195862834616257
Density,298.15,280-300,0.0013309886290677753
Density,303.15,300-320,0.005236266426419611
Density,320.15,320-360,0.0009637835282774176
Density,298.1,280-300,0.0025296788469511
Density,338.15,320-360,0.010599593123749251
Density,318.15,300-320,0.0033211788892657523
Density,288.15,280-300,0.02637954307298962
Density,317.91,300-320,0.0006875725683936906
Density,303.15,300-320,0.0006808602472956338
Density,328.15,320-360,0.0008744307959647202
Density,303.15,300-320,0.0022139055019732012
Density,298.15,280-300,0.0002884257516866384
Density,288.15,280-300,0.0011171448667566253
Density,348.15,320-360,0.004693037586425142
Density,313.15,300-320,0.008610639872955517
Density,318.15,300-320,0.008586797674638547
Density,346.15,320-360,0.0001622552593332216
Density,373.15,>360,0.003965379231426702
Density,311.15,300-320,0.0018820793481966192
Density,308.0,300-320,0.004109521704156016
Density,303.15,300-320,0.001002823404943065
Density,293.15,280-300,0.0043416379483751655
Density,293.15,280-300,0.00266785232428024
Density,313.15,300-320,0.006805889864581083
Density,313.15,300-320,0.0035891369591496414
Density,313.15,300-320,0.0028142648543765247
Density,323.15,320-360,0.007927429854410306
Density,313.15,300-320,0.0025042287990171275
Density,339.15,320-360,0.0002622475107765254
Density,333.0,320-360,2.6206729897282344e-05
Density,298.15,280-300,0.017001224051115038
Density,287.4,280-300,0.0011407186048453255
Density,333.15,320-360,0.0115042379429946
Density,284.65,280-300,0.0001689259362036566
Density,318.0,300-320,0.0043186511762387525
Density,323.15,320-360,0.006050635236598545
Density,301.15,300-320,0.0039177078765186835
Density,338.15,320-360,0.005459356604962551
Density,303.15,300-320,0.009567174572778114
Density,298.15,280-300,0.001131116426810408
Density,353.15,320-360,0.0002104156679880731
Density,335.16,320-360,0.002869656221013095
Density,340.15,320-360,0.003075769248381377
Density,310.35,300-320,0.005511750573918839
Density,352.74,320-360,0.003046043680240196
Density,348.15,320-360,0.0008983363781851494
Density,323.18,320-360,0.006022028251348566
Density,309.15,300-320,0.005349110675573421
Density,323.0,320-360,0.00850767066841751
Density,293.15,280-300,0.004056369336153942
Density,298.1,280-300,0.007023222175423172
Density,321.0,320-360,0.00033234510920099325
Density,298.15,280-300,0.003918525662133909
Density,338.15,320-360,0.0040101475364267
Density,293.16,280-300,0.003091821048688992
Density,301.15,300-320,0.00401494843589667
Density,283.15,280-300,0.0032085996897519564
Density,343.15,320-360,0.002720760392554311
Density,323.15,320-360,0.001691841763635793
Density,331.16,320-360,0.0012845557113454475
Density,280.645,280-300,0.000778670638529988
Density,318.29,300-320,0.004387282077810362
Density,308.15,300-320,0.003949193746185742
Density,353.15,320-360,0.012996215786547083
Density,351.15,320-360,0.0008555819130782183
Density,383.15,>360,0.002034232036726813
Viscosity,288.15,280-300,0.1326832519275909
Viscosity,303.15,300-320,0.08744272525405927
Viscosity,299.43,280-300,0.018156943709193962
Viscosity,318.15,300-320,0.024886695687389437
Viscosity,283.0,280-300,0.23898282156844308
Viscosity,338.15,320-360,0.05547920376489657
Viscosity,325.65,320-360,0.023833226475380886
Viscosity,298.0,280-300,0.09321262792756047
Viscosity,328.1,320-360,0.21085560930961122
Viscosity,338.0,320-360,0.02549532556044598
Viscosity,345.585,320-360,0.06712975284268818
Viscosity,323.15,320-360,0.07805617384210661
Viscosity,343.15,320-360,0.19820006110535093
Viscosity,308.15,300-320,0.5835363663969426
Viscosity,313.0,300-320,0.0010833103538518962
Viscosity,353.15,320-360,0.053166469304287034
Viscosity,273.15,<280,0.05930712307537456
Viscosity,363.3,>360,0.03912643759597856
Viscosity,313.15,300-320,0.15533932207702794
Viscosity,358.15,320-360,0.006526506964517509
Viscosity,303.15,300-320,0.089477105712235
Viscosity,294.193,280-300,0.0389332157369493
Viscosity,436.34,>360,0.2991086059538608
Viscosity,333.1,320-360,0.03796158265301752
Viscosity,368.15,>360,0.07588724880323294
Viscosity,303.15,300-320,0.04468444945720229
Viscosity,308.15,300-320,0.07173672339315273
Viscosity,308.15,300-320,0.038059729194183545
Viscosity,293.15,280-300,0.06014752800174206
Viscosity,278.15,<280,0.1249285127894465
Viscosity,358.15,320-360,0.031944294201697865
Viscosity,338.79,320-360,0.0069398322307407945
Viscosity,323.15,320-360,0.007069572154731141
Viscosity,323.15,320-360,0.05948468715747213
Viscosity,308.15,300-320,0.07942060550481189
Viscosity,318.15,300-320,0.09190010501658641
Viscosity,328.15,320-360,0.003211543078255108
Viscosity,288.15,280-300,0.04490449784956274
Viscosity,343.15,320-360,0.011905882730099293
Viscosity,447.571,>360,0.5249188027009115
Viscosity,303.15,300-320,0.18256413793851944
Viscosity,338.15,320-360,0.00210402508768448
Viscosity,313.15,300-320,0.06344493157402331
Viscosity,330.65,320-360,0.07986049455381616
Viscosity,293.15,280-300,0.027354714450944506
Viscosity,323.15,320-360,0.11623418002923325
Viscosity,343.15,320-360,0.2484128001146657
Viscosity,381.13,>360,0.017960345101482478
Viscosity,333.15,320-360,0.07771021900817177
Viscosity,308.15,300-320,0.28251806770243304
Viscosity,298.1,280-300,1.3102257035378067
Viscosity,333.15,320-360,0.003956012220270311
Viscosity,333.15,320-360,0.059348696551327684
Viscosity,283.15,280-300,0.17709322763241098
Viscosity,303.0,300-320,0.11501055373770486
Viscosity,338.15,320-360,0.007267953164895147
Viscosity,348.15,320-360,0.11014598712782853
Viscosity,308.15,300-320,0.02698492551667314
Viscosity,283.15,280-300,0.4292750104833878
Viscosity,333.15,320-360,0.059523093864684906
Viscosity,333.0,320-360,0.09775842054934314
Viscosity,323.15,320-360,0.10483341687125414
Viscosity,363.15,>360,0.15446148866404474
Viscosity,373.15,>360,0.035273729948077204
Viscosity,298.15,280-300,0.1353678783837582
Viscosity,363.15,>360,0.1623923829999474
Viscosity,361.09,>360,0.03432694662538838
Viscosity,333.15,320-360,0.0852853290108686
Viscosity,323.15,320-360,0.18899566388164768
Viscosity,301.65,300-320,0.014081166386231359
Viscosity,303.1,300-320,0.017915263459019393
Viscosity,303.0,300-320,0.015053292705736965
Viscosity,328.15,320-360,0.530381519676991
Viscosity,303.15,300-320,0.1176233043724152
Viscosity,338.15,320-360,0.17661375425862358
Viscosity,303.15,300-320,0.14738298771144276
Viscosity,303.15,300-320,0.034026475801252065
Viscosity,333.15,320-360,0.03293850876672977
Viscosity,348.15,320-360,0.26343900117724073
Viscosity,353.15,320-360,0.06545494688385345
Viscosity,323.097,320-360,0.03586004752939509
Viscosity,298.15,280-300,0.1253819545463477
Viscosity,303.15,300-320,0.39120551644757995
Viscosity,363.15,>360,0.06295265923312288
Viscosity,313.0,300-320,0.0420048253886387
Viscosity,303.15,300-320,0.15407871359755604
Viscosity,313.15,300-320,0.028517131262001172
Viscosity,323.15,320-360,0.17897220396880575
Viscosity,293.15,280-300,0.10864827787055842
Viscosity,313.15,300-320,0.014614982322288306
Viscosity,343.15,320-360,0.13878239159946038
Viscosity,373.15,>360,0.09929670076243902
Viscosity,288.15,280-300,0.042199792653320634
Viscosity,313.15,300-320,0.0880596843835626
Viscosity,343.141,320-360,0.02226019530765644
Viscosity,363.15,>360,0.006375708989394546
Viscosity,302.99,300-320,0.07529169978878514
Viscosity,303.15,300-320,0.07839720269726458
Viscosity,393.1,>360,0.11895694024314807
Viscosity,323.15,320-360,0.006815119140334058
Viscosity,293.15,280-300,0.07521729262886168
Viscosity,333.15,320-360,0.07470947923618088
Viscosity,343.15,320-360,0.045374076346269554
Viscosity,353.15,320-360,0.029690218555983083
Viscosity,303.15,300-320,0.046802744970682486
Viscosity,368.1,>360,0.04800566215618396
Viscosity,293.15,280-300,0.29463896500091846
Viscosity,333.15,320-360,0.12468931099595836
Viscosity,323.15,320-360,0.11088899921723261
Viscosity,308.3,300-320,0.04648529096307574
Viscosity,323.15,320-360,0.025684234084493163
Viscosity,339.15,320-360,0.010755765531305528
Viscosity,338.15,320-360,0.008786520125067199
Viscosity,452.388,>360,1.2864066751082248
Viscosity,313.15,300-320,0.004375480878227811
Viscosity,313.15,300-320,0.006318613484179281
Viscosity,358.0,320-360,0.05357118444315567
Viscosity,313.0,300-320,0.08798165497064714
Viscosity,328.723,320-360,0.062452002758712766
Viscosity,318.15,300-320,0.0683767847069996
Viscosity,333.3,320-360,0.10578998303125964
Viscosity,298.1,280-300,0.015949410784592333
Viscosity,293.15,280-300,0.09974079415893611
Viscosity,283.15,280-300,0.05325645329613593
Viscosity,308.15,300-320,0.09136667895424999
Viscosity,313.15,300-320,0.16582829016084544
Viscosity,355.22,320-360,0.022137040642425276
Viscosity,298.15,280-300,0.19762519610697593
Viscosity,318.15,300-320,0.12713919837682397
Viscosity,303.15,300-320,0.12449688021277261
Viscosity,368.15,>360,0.053733870467249645
Viscosity,318.15,300-320,0.0921491733096102
Viscosity,305.65,300-320,0.06724148835383681
Viscosity,333.0,320-360,0.005472165471783974
Viscosity,303.15,300-320,0.3557067415688749
Viscosity,308.1,300-320,0.045995018177310554
Viscosity,308.2,300-320,0.05427632433542051
Viscosity,298.15,280-300,0.20128573723180243
Viscosity,313.15,300-320,0.12340740282631568
Viscosity,288.15,280-300,0.19058267238872778
Viscosity,302.7,300-320,0.030880090178910802
Viscosity,320.0,320-360,0.015267008205672727
Viscosity,363.15,>360,0.07737153788251838
Viscosity,243.2,<280,0.08870181297152624
Viscosity,452.386,>360,0.13763113263710025
Viscosity,353.15,320-360,0.4868265442086357
Viscosity,331.936,320-360,0.07937154081211961
Viscosity,293.15,280-300,0.1875675288290668
Viscosity,283.0,280-300,0.014461682467389991
Viscosity,293.15,280-300,0.05964993361179127
Viscosity,293.15,280-300,0.3874220833991815
Viscosity,283.15,280-300,0.1559164967268113
Viscosity,328.0,320-360,0.03227459288243484
Viscosity,328.15,320-360,0.05844394566437483
Viscosity,318.15,300-320,0.05432599507492286
Viscosity,303.0,300-320,0.053464006182964915
Viscosity,345.15,320-360,0.11074374700949541
Viscosity,323.15,320-360,0.03480310345382032
Viscosity,283.4,280-300,0.004070824947323803
Viscosity,293.15,280-300,0.1309100160693717
Viscosity,293.0,280-300,0.03697112579635364
Viscosity,303.15,300-320,0.16394814377368783
Viscosity,317.25,300-320,0.004451246710088563
Viscosity,333.15,320-360,0.01603558635113389
Viscosity,348.15,320-360,0.026492010137976862
Viscosity,343.15,320-360,0.01602412493696992
Viscosity,298.1,280-300,0.07451491851195247
Viscosity,406.39,>360,0.045727801857222694
Viscosity,310.257,300-320,0.013834990998434549
Viscosity,308.15,300-320,0.07034220665205071
Viscosity,348.57,320-360,0.002966537599379926
Viscosity,324.15,320-360,0.07304936604269674
Viscosity,308.15,300-320,0.5510701557056246
Viscosity,273.15,<280,0.022330468228765055
Viscosity,308.15,300-320,0.03481719671079064
Viscosity,298.15,280-300,0.07182713756168368
Viscosity,323.2,320-360,0.009767047795401052
Viscosity,373.69,>360,0.016581901647442443
Viscosity,348.15,320-360,0.12539226083083377
Viscosity,299.06,280-300,0.02975467399141607
Viscosity,306.24,300-320,0.017893384038107918
Viscosity,283.15,280-300,0.010786453247085381
Viscosity,353.15,320-360,0.028154473894647758
Viscosity,313.15,300-320,0.11764575809950184
Viscosity,393.0,>360,0.01837500920278945
Viscosity,333.15,320-360,0.1821827864091321
Viscosity,323.15,320-360,0.24341980001055918
Viscosity,308.15,300-320,0.11150166981141041
Viscosity,313.15,300-320,0.05388155985024845
Viscosity,308.15,300-320,0.04604291406917038
Viscosity,323.15,320-360,0.0414407373010065
Viscosity,303.15,300-320,0.01707606609243495
Viscosity,303.15,300-320,0.05075101638315971
Viscosity,293.15,280-300,0.019868683362691764
Viscosity,313.15,300-320,0.030664370501718885
Viscosity,338.15,320-360,0.019140333133165655
Viscosity,388.19,>360,0.04280325544335106
Viscosity,313.15,300-320,0.04397855850167032
Viscosity,283.15,280-300,0.11159381927624334
Viscosity,323.15,320-360,0.04589229110490223
Viscosity,278.15,<280,0.10260681318337461
Viscosity,288.15,280-300,0.1058254531847811
Viscosity,313.0,300-320,0.13333982790516785
Viscosity,363.0,>360,0.1220132117593078
Viscosity,338.15,320-360,0.03793054935413043
Viscosity,313.15,300-320,0.16192400460013273
Viscosity,283.0,280-300,0.3468448262596711
Viscosity,293.15,280-300,0.07228340069081018
Viscosity,313.9,300-320,0.3095934354772991
Viscosity,338.15,320-360,0.06578214119143055
Viscosity,293.15,280-300,0.06204839611675328
Viscosity,338.2,320-360,0.09172163152505863
Viscosity,303.15,300-320,0.1881587764263024
Viscosity,333.15,320-360,0.01686954128475726
Viscosity,353.0,320-360,0.223544433149661
Viscosity,303.15,300-320,0.04168762444610197
Viscosity,308.15,300-320,0.08037601056014676
Viscosity,328.733,320-360,0.04326436244480547
Viscosity,323.15,320-360,0.12994987528035917
Viscosity,328.15,320-360,0.031210940408569865
Viscosity,333.15,320-360,0.10804606792512406
Viscosity,283.0,280-300,0.0344018499731964
Viscosity,313.15,300-320,0.1634401777455401
Viscosity,333.15,320-360,0.021584987158695945
Viscosity,303.15,300-320,0.11959625595128576
Viscosity,348.141,320-360,0.02297685396664484
Viscosity,343.15,320-360,0.05937625356320986
Viscosity,308.0,300-320,0.09830680738602515
Viscosity,338.15,320-360,0.12006485691626256
Viscosity,323.15,320-360,0.0296299256785022
Viscosity,303.19,300-320,0.24133328651082042
Viscosity,308.0,300-320,0.11482793034294003
Viscosity,391.36,>360,4.6629424585553636e-05
Viscosity,333.15,320-360,0.014593569154893515
Viscosity,363.15,>360,0.019657636093460606
Viscosity,358.15,320-360,0.2766401747959497
Viscosity,303.15,300-320,0.06785742983647536
Viscosity,313.151,300-320,0.028023355938839423
Viscosity,318.15,300-320,0.05476492640983999
Viscosity,388.19,>360,0.07484267100800235
Viscosity,363.15,>360,0.04160832823953431
Viscosity,323.15,320-360,0.1242816702126342
Viscosity,298.15,280-300,0.022029314258934174
Viscosity,355.15,320-360,0.055577427245899536
Viscosity,288.15,280-300,0.10785904649657385
Viscosity,308.15,300-320,0.15265263832781484
Viscosity,335.11,320-360,0.02502178774547792
Viscosity,288.15,280-300,0.09775960944210604
Viscosity,343.05,320-360,0.019336417044944376
Viscosity,333.15,320-360,0.019641124659492526
Viscosity,293.15,280-300,0.1154598487247378
Viscosity,353.15,320-360,0.23067374990444467
Viscosity,313.15,300-320,0.019350483826931164
Viscosity,313.15,300-320,0.1415607780794308
Viscosity,323.15,320-360,0.13209880445994138
Viscosity,313.15,300-320,0.04272260827221652
Viscosity,333.0,320-360,0.01766877781478282
Viscosity,356.63,320-360,0.02867360821036513
Viscosity,323.1,320-360,0.019356537692335696
Viscosity,294.999,280-300,0.012647129897394471
Viscosity,348.15,320-360,0.051713078967228654
Viscosity,308.15,300-320,0.0914273301116304
Viscosity,308.15,300-320,0.062197757901300665
Viscosity,313.15,300-320,0.11642198154166561
Viscosity,338.15,320-360,0.05781615373785254
Viscosity,343.15,320-360,0.13609925819965474
Viscosity,293.2,280-300,0.09136362265982978
Viscosity,353.0,320-360,0.19708320611857033
Viscosity,363.1,>360,0.24602347158378723
Viscosity,353.15,320-360,0.0012865351962152438
Viscosity,293.15,280-300,0.3257062882588918
Viscosity,313.15,300-320,0.0411635212569883
Viscosity,283.149,280-300,0.24016643735796
Viscosity,313.15,300-320,0.030208817646469432
Viscosity,253.2,<280,0.018389133298464366
Viscosity,348.15,320-360,0.04324681613460246
Viscosity,298.0,280-300,0.44538274035220793
Viscosity,298.15,280-300,0.03718762338815851
Viscosity,303.0,300-320,0.06792028364969349
Viscosity,318.43,300-320,0.021686824249683934
Viscosity,288.15,280-300,0.00030046319816490197
Viscosity,303.0,300-320,0.007859509616904514
Viscosity,353.15,320-360,0.09515205757198508
Viscosity,333.15,320-360,0.034997455731171634
Viscosity,298.15,280-300,0.04278165374345111
Viscosity,293.23,280-300,0.08970164557229321
Viscosity,338.1,320-360,0.02578739941904784
Viscosity,308.15,300-320,0.16996722599255554
Viscosity,285.65,280-300,0.0065611193034027515
Viscosity,278.15,<280,0.03101064487908367
Viscosity,323.15,320-360,0.09899333187114978
Viscosity,318.15,300-320,0.05195714917823491
Viscosity,348.15,320-360,0.05144933254119266
Viscosity,333.25,320-360,0.006988656035760599
Viscosity,363.15,>360,0.017951605744383148
Viscosity,318.15,300-320,0.30596587242738793
Viscosity,266.78,<280,0.014850406391853865
Viscosity,308.15,300-320,0.020033383330070098
Viscosity,416.258,>360,0.015462431464702497
Viscosity,313.15,300-320,0.062078744785798
Viscosity,363.15,>360,0.08137135020127229
Viscosity,408.15,>360,0.023076642345770004
Viscosity,283.15,280-300,0.2275086795855951
Viscosity,338.0,320-360,0.047293188597885116
Viscosity,363.15,>360,0.00042910655626560157
Viscosity,305.15,300-320,0.08309174814203901
Viscosity,308.15,300-320,0.03730100903174982
Viscosity,318.2,300-320,0.013074376160628454
Viscosity,338.05,320-360,0.003508403292676654
Viscosity,323.15,320-360,0.027503552507389006
Viscosity,353.15,320-360,0.05661547219394425
Viscosity,303.15,300-320,0.07670143873184232
Viscosity,353.0,320-360,0.05340007601593566
Viscosity,379.319,>360,0.20379040270213267
Viscosity,299.97,280-300,0.030323026605807435
Viscosity,293.15,280-300,0.01037511926609247
Viscosity,298.15,280-300,0.037077043475918
Viscosity,398.15,>360,0.0034151154097994407
Viscosity,328.15,320-360,0.0349279340146369
Viscosity,293.15,280-300,0.09222981483757486
Viscosity,318.0,300-320,0.007172601905411469
Viscosity,353.654,320-360,0.01860959050701716
Viscosity,288.15,280-300,0.07833199229468257
Viscosity,293.15,280-300,0.028501410420267437
Viscosity,367.0,>360,0.07314760587269387
Viscosity,302.9,300-320,0.04896028779456518
Viscosity,348.0,320-360,0.0037785183903107367
Viscosity,401.94,>360,0.029497545159396843
Viscosity,323.12,320-360,0.0034214068210229875
Viscosity,313.15,300-320,0.03702589509657095
Viscosity,333.0,320-360,0.03118056824661819
Viscosity,313.15,300-320,0.018434201962994584
Viscosity,323.15,320-360,0.00572468813686644
Viscosity,296.77,280-300,0.007296502155640816
Viscosity,305.547,300-320,0.03520018506624378
Viscosity,353.15,320-360,0.30430370931503337
Viscosity,338.15,320-360,0.04452763412436678
Viscosity,353.15,320-360,0.12489619660537121
Viscosity,293.15,280-300,0.09984818023839681
Viscosity,358.15,320-360,0.04159316663578494
Viscosity,303.15,300-320,0.019351450813589022
Viscosity,303.15,300-320,0.13675832088377105
Viscosity,338.15,320-360,0.08826113252955925
Viscosity,352.07,320-360,0.025889333498527733
Viscosity,278.15,<280,0.1984952616967478
Viscosity,298.0,280-300,0.03021556828340133
Viscosity,293.15,280-300,0.02485397037494952
Viscosity,283.15,280-300,0.01700151609905598
Viscosity,273.1,<280,0.04112725838992892
Viscosity,318.15,300-320,0.053876978404455045
Viscosity,357.15,320-360,0.07841551480090869
Viscosity,298.0,280-300,0.07299361056331932
Viscosity,458.1,>360,0.04397569915233568
Viscosity,333.15,320-360,0.062233310376143436
Viscosity,373.0,>360,0.10578355411001983
Viscosity,298.15,280-300,0.03364326474551138
Viscosity,360.85,>360,0.023650939505976964
Viscosity,333.15,320-360,0.4091078462055755
Viscosity,333.15,320-360,0.03669654724695981
Viscosity,331.56,320-360,0.022429302917923
Viscosity,347.9,320-360,0.12800913226807165
Viscosity,308.15,300-320,0.06422034892000927
Viscosity,283.15,280-300,0.10726390226617433
Viscosity,332.9,320-360,0.06636567459833206
Viscosity,313.15,300-320,0.027314839450671258
Viscosity,293.15,280-300,0.009316081889003902
Viscosity,318.15,300-320,0.15120821423630915
Viscosity,283.15,280-300,0.1616701331900443
Viscosity,323.0,320-360,0.0007377231034766396
Viscosity,343.15,320-360,0.04604042598300273
Viscosity,338.15,320-360,0.051667256887290236
Viscosity,303.15,300-320,0.005213016425451578
Viscosity,323.0,320-360,0.019466830376485778
Viscosity,303.15,300-320,0.10604384345780504
Viscosity,313.15,300-320,0.008723060600222876
Viscosity,278.15,<280,0.04505189935842613
Viscosity,310.0,300-320,0.10033787100578007
Viscosity,353.15,320-360,0.11258557629743038
Viscosity,323.15,320-360,0.0539989544142756
Viscosity,293.0,280-300,0.12202040123626379
Viscosity,416.265,>360,0.08124097091316784
Viscosity,323.15,320-360,0.09878427348539809
Viscosity,336.15,320-360,0.0699543276050818
Viscosity,293.0,280-300,0.0631792207825228
Viscosity,343.15,320-360,0.11799125272386668
Viscosity,313.0,300-320,0.02988642854669088
Viscosity,303.15,300-320,0.0193748197121848
Viscosity,338.15,320-360,0.014437358124555377
Viscosity,357.63,320-360,0.007881643930214288
Viscosity,318.15,300-320,0.1034878522548277
Viscosity,293.15,280-300,0.03481138969994957
Viscosity,328.0,320-360,0.005563746523408408
Viscosity,333.15,320-360,0.1363193570470116
Viscosity,298.1,280-300,0.11444873401418354
Viscosity,328.0,320-360,0.08893588678449449
Viscosity,313.15,300-320,0.048045648821948284
Viscosity,308.15,300-320,0.05061487802391085
Viscosity,279.79,<280,0.05790829244116091
Viscosity,298.15,280-300,0.056925489097364945
Viscosity,298.15,280-300,0.04314451918914473
Viscosity,323.15,320-360,0.020562144640167812
Viscosity,348.0,320-360,0.045576889212770144
Viscosity,318.15,300-320,0.05560562869010033
Viscosity,370.73,>360,0.003713759368207281
Viscosity,331.131,320-360,0.008616961421202163
Viscosity,363.15,>360,0.028439842251300362
Viscosity,296.6,280-300,0.06265597553946023
Viscosity,328.15,320-360,0.0654115773556514
Viscosity,292.0,280-300,0.05535382743092722
Viscosity,295.79,280-300,0.04093628859157533
Viscosity,308.35,300-320,0.015432827892644108
Viscosity,308.15,300-320,0.01766188646439737
Viscosity,288.15,280-300,0.045246686546873915
Viscosity,313.15,300-320,0.09241676742554894
Viscosity,363.15,>360,0.030870664929746106
Viscosity,353.15,320-360,0.03954593921465488
Viscosity,363.15,>360,0.19282105845607234
Viscosity,293.15,280-300,0.061761893641253174
Viscosity,403.1,>360,0.03921571575779215
Viscosity,323.94,320-360,0.004433440357990648
Viscosity,333.0,320-360,0.4920433373118871
Viscosity,283.14,280-300,0.11009816480901247
Viscosity,353.15,320-360,0.04057064703238833
Viscosity,278.15,<280,0.020980756558693223
Viscosity,375.19,>360,0.019892906445295733
Viscosity,338.25,320-360,0.059587946119745716
Viscosity,343.15,320-360,0.022539445408456427
Viscosity,308.0,300-320,0.06905382732362764
Viscosity,333.15,320-360,0.07970144925635214
Viscosity,343.1,320-360,0.03312021492053763
Viscosity,298.15,280-300,0.03678113678885353
Viscosity,298.15,280-300,0.0711685452378159
Viscosity,353.15,320-360,0.18096433397210654
Viscosity,318.15,300-320,0.1771716852285229
Viscosity,333.15,320-360,0.01795721475285106
Viscosity,353.15,320-360,0.06572975952949456
Viscosity,338.15,320-360,0.04320019419454635
Viscosity,308.15,300-320,0.014804993198472616
Viscosity,272.59,<280,0.04584219740214657
Viscosity,413.2,>360,0.0952866199877418
Viscosity,303.15,300-320,0.3969525709844531
Viscosity,303.0,300-320,0.0948362878486142
Viscosity,293.15,280-300,0.04451248213324788
Viscosity,298.15,280-300,0.11485865511414262
Viscosity,298.1,280-300,0.44370868236842875
Viscosity,318.15,300-320,0.059870391601150263
Viscosity,358.15,320-360,0.0613329388282593
Viscosity,323.15,320-360,0.13252531690392377
Viscosity,328.15,320-360,0.010382737673808151
Viscosity,424.279,>360,0.1695262544229621
Viscosity,282.5,280-300,0.07051453802373187
Viscosity,332.85,320-360,0.003062475571273371
Viscosity,338.15,320-360,0.015264659733340125
Viscosity,333.0,320-360,0.013393843853601428
Viscosity,353.15,320-360,0.1599279603573649
Viscosity,298.0,280-300,0.09906620017817636
Viscosity,293.15,280-300,0.0688798951265146
Viscosity,333.15,320-360,0.07832422160004349
Viscosity,318.15,300-320,0.029649676858840124
Viscosity,353.15,320-360,0.09696539768340173
Viscosity,338.15,320-360,0.1926625858393125
Viscosity,308.15,300-320,0.02360743024448375
Viscosity,313.0,300-320,0.3014941737672373
Viscosity,308.15,300-320,0.09919610356491093
Viscosity,328.15,320-360,0.02166916594419188
Viscosity,338.15,320-360,0.03086599059420081
Viscosity,356.66,320-360,0.03711675694997618
Viscosity,303.15,300-320,0.01816405001171273
Viscosity,288.15,280-300,0.16554139355451447
Viscosity,353.15,320-360,0.02357080937586975
Viscosity,363.0,>360,0.1083179710406843
Viscosity,393.1,>360,0.019588634835408403
Viscosity,298.15,280-300,0.04603576661075093
Viscosity,301.53,300-320,0.049474054471223106
Viscosity,353.0,320-360,0.0666847168352156
Viscosity,318.15,300-320,0.003473271230101549
Viscosity,363.15,>360,0.07038444775099828
Viscosity,283.15,280-300,0.015602794881972581
Viscosity,343.15,320-360,0.613265506890085
Viscosity,343.15,320-360,0.12168483178413503
Viscosity,378.15,>360,0.07220016846667532
Viscosity,308.15,300-320,0.09609719431746466
Viscosity,333.15,320-360,0.17954752792269302
Viscosity,323.2,320-360,0.08225643794611281
Viscosity,313.15,300-320,0.04130588095425969
Viscosity,382.521,>360,0.0540873244587754
Viscosity,353.15,320-360,0.0336294069638825
Viscosity,323.15,320-360,0.2821164038426286
Viscosity,278.21,<280,0.05812897120602001
Viscosity,308.0,300-320,0.042550611280183226
Viscosity,298.0,280-300,0.07019895015554534
Viscosity,278.15,<280,0.0713913752911371
Viscosity,303.15,300-320,0.02186190061634885
Viscosity,293.15,280-300,0.05910834346568139
Viscosity,338.1,320-360,0.01761744394856457
Viscosity,318.15,300-320,0.005185765812708354
Viscosity,318.15,300-320,0.0037274772224291652
Viscosity,355.247,320-360,0.030680776792121556
Viscosity,288.15,280-300,0.12317924791225221
Viscosity,298.15,280-300,0.12449131434688265
Viscosity,363.15,>360,0.13930011086924665
Viscosity,338.0,320-360,0.06728956601535163
Viscosity,343.1,320-360,0.11204586110204762
Viscosity,343.15,320-360,0.000593120230096833
Viscosity,413.05,>360,0.06651521172438457
Viscosity,333.16,320-360,0.06268485811028102
Viscosity,283.0,280-300,0.05805324021523628
Viscosity,283.147,280-300,0.07140188872682707
Viscosity,303.1,300-320,0.12196990298532673
Viscosity,278.0,<280,0.03964885047491684
Viscosity,298.15,280-300,0.1465170406803955
Viscosity,443.1,>360,0.06155262811623796
Viscosity,298.1,280-300,0.009599415940611644
Viscosity,333.15,320-360,0.05518883994902257
Viscosity,332.8,320-360,0.10019218280501718
Viscosity,223.2,<280,0.27973396281615015
Viscosity,358.15,320-360,0.1063345551819026
Viscosity,273.15,<280,2.9828389998189913
Viscosity,353.15,320-360,0.05884747565442172
Viscosity,308.76,300-320,0.025402312128717686
Viscosity,293.15,280-300,0.028218974508906647
Viscosity,338.15,320-360,0.03817092301399683
Viscosity,323.15,320-360,0.001911089371517516
Viscosity,293.15,280-300,0.07124753476772572
Viscosity,288.15,280-300,0.1357464416849017
Viscosity,313.3,300-320,0.034016820663074654
Viscosity,298.1,280-300,0.12589672532650242
Viscosity,313.15,300-320,0.3073963659662904
Viscosity,338.15,320-360,0.08356860288722512
Viscosity,343.15,320-360,0.24549275983317997
Viscosity,308.15,300-320,0.09485825828315164
Viscosity,347.3,320-360,0.07716791761555886
Viscosity,333.0,320-360,0.029637239071556465
Viscosity,353.15,320-360,0.01392246717250023
Viscosity,328.15,320-360,0.06144267061284436
Viscosity,328.15,320-360,0.08499490905359908
Viscosity,321.495,320-360,0.02307335967225299
Viscosity,313.0,300-320,0.020808064592366234
Viscosity,323.15,320-360,0.06689694070872232
Viscosity,277.09,<280,0.09107977690604119
Viscosity,380.921,>360,0.07823632036750272
Viscosity,283.15,280-300,0.02766371726667116
Viscosity,323.15,320-360,0.03136737616939533
Viscosity,368.0,>360,0.15494143683763406
Viscosity,348.15,320-360,0.17164008671764486
Viscosity,363.15,>360,0.07733392632158376
Viscosity,348.15,320-360,0.2938199684580707
Viscosity,298.15,280-300,0.06689640858732515
Viscosity,343.15,320-360,0.12185366182639656
Viscosity,298.2,280-300,0.025160252101047664
Viscosity,293.15,280-300,0.04830088384653153
Viscosity,343.15,320-360,0.12869618005218708
Viscosity,298.15,280-300,0.0709982782808663
Viscosity,288.22,280-300,0.12993433922013997
Viscosity,298.15,280-300,0.11111727533495808
Viscosity,303.15,300-320,0.1391678167213799
Viscosity,298.15,280-300,0.1208185812694258
Viscosity,288.15,280-300,0.18695378969903587
Viscosity,293.15,280-300,0.022527996835104647
Viscosity,293.15,280-300,0.2946146484627721
Viscosity,290.0,280-300,0.03758145544607849
Viscosity,283.0,280-300,0.02925232870636041
Viscosity,388.15,>360,0.0022316336888517085
Viscosity,313.15,300-320,0.20539055610361467
Viscosity,293.0,280-300,0.0402209625745753
Viscosity,318.15,300-320,0.06258458584554205
Viscosity,303.15,300-320,0.15093183045620728
Viscosity,338.0,320-360,0.08686212346381428
Viscosity,318.15,300-320,0.02004609879342434
Viscosity,348.15,320-360,0.05136593110561094
Viscosity,306.15,300-320,0.057310776692489185
Viscosity,283.0,280-300,0.2672729133240508
Viscosity,373.0,>360,2.080286954155002
Viscosity,323.11,320-360,0.0711515212072018
Viscosity,358.15,320-360,0.003308082494204889
Viscosity,353.15,320-360,0.07528486396900025
Viscosity,308.15,300-320,0.014445274321612134
Viscosity,303.15,300-320,0.06786667863772067
Viscosity,318.284,300-320,0.012167003644868224
Viscosity,343.15,320-360,0.04305406258074784
Viscosity,348.0,320-360,0.01759214348682603
Viscosity,384.11,>360,0.04212575870251323
Viscosity,348.876,320-360,0.01317412593456968
Viscosity,298.15,280-300,0.013988921019075118
Viscosity,358.15,320-360,0.04072392363910993
Viscosity,323.15,320-360,0.005645773977651647
Viscosity,358.15,320-360,0.06787452014084039
Viscosity,313.15,300-320,0.10808270793351249
Viscosity,342.29,320-360,0.032865588591174166
Viscosity,313.15,300-320,0.004262182892467603
Viscosity,298.15,280-300,2.1849201224828176
Viscosity,313.15,300-320,0.049333526668780436
Viscosity,318.15,300-320,0.03187915483508741
Viscosity,293.0,280-300,0.03705750108832451
Viscosity,353.15,320-360,0.07793565253663282
Viscosity,332.745,320-360,0.03458173967424827
Viscosity,358.15,320-360,0.008444086895329495
Viscosity,408.62,>360,0.07263849616039053
Viscosity,348.15,320-360,0.025553101358371855
Viscosity,259.949,<280,0.1494739169302588
Viscosity,430.708,>360,0.31723457980809755
Viscosity,370.48,>360,0.0034279041816587252
Viscosity,308.1,300-320,0.02141426328345375
Viscosity,333.15,320-360,0.04207760615668654
Viscosity,283.15,280-300,0.04776677566723375
Viscosity,303.15,300-320,0.04797933542365318
Viscosity,328.2,320-360,0.06454699441290579
Viscosity,313.15,300-320,0.046836484744360085
Viscosity,313.15,300-320,0.023195024632197914
Viscosity,373.15,>360,0.06326016236666909
Viscosity,323.15,320-360,0.10740771013925698
Viscosity,303.15,300-320,0.09221941324243016
Viscosity,333.1,320-360,0.00894899167434815
Viscosity,353.1,320-360,0.059489803896280335
Viscosity,376.098,>360,0.11592561978059646
Viscosity,313.15,300-320,0.11192953823793239
Viscosity,303.15,300-320,0.048636713561263534
Viscosity,288.15,280-300,0.06798131495684567
Viscosity,298.15,280-300,0.33458128477517146
Viscosity,363.15,>360,0.10007739487466116
Viscosity,400.19,>360,0.0010084196290636172
Viscosity,348.15,320-360,0.13157055398482775
Viscosity,333.15,320-360,0.01719810214820261
Viscosity,349.94,320-360,0.003467211638005452
Viscosity,333.15,320-360,0.0232434166553106
Viscosity,333.15,320-360,0.032264140430860344
Viscosity,300.65,300-320,0.004390082564503572
Viscosity,338.15,320-360,0.042427419889134566
Viscosity,338.0,320-360,0.039337679993635355
Viscosity,318.15,300-320,0.1864513811390669
Viscosity,283.15,280-300,0.10448764989466985
Viscosity,328.15,320-360,0.06887188664906141
Viscosity,308.15,300-320,0.06659998950140222
Viscosity,303.15,300-320,0.024355020063163618
Viscosity,338.15,320-360,0.01947266545217241
Viscosity,363.15,>360,0.14758307321193875
Viscosity,318.15,300-320,0.02378893338771393
Viscosity,348.0,320-360,0.1249773297360548
Viscosity,283.15,280-300,0.11894221042464914
Viscosity,373.15,>360,0.12092741486848091
Viscosity,328.2,320-360,0.0319500445343639
Viscosity,348.15,320-360,0.14277520095197627
Viscosity,398.22,>360,0.04739958781854625
Viscosity,295.4,280-300,0.021728581152646864
Viscosity,313.0,300-320,0.16811467476016384
Viscosity,343.15,320-360,0.017339173360873428
Viscosity,348.15,320-360,0.051971935523178914
Viscosity,333.15,320-360,0.04731422383423256
Viscosity,293.0,280-300,0.1744637608002173
Viscosity,338.1,320-360,0.12295977727617258
Viscosity,313.0,300-320,0.002764787213302533
Viscosity,298.0,280-300,0.003124585226355503
Viscosity,299.008,280-300,0.03027105240528183
Viscosity,353.0,320-360,0.13341023804311858
Viscosity,288.15,280-300,0.09339130113638494
Viscosity,353.2,320-360,0.04019158089900898
Viscosity,373.699,>360,0.13365670069718316
Viscosity,372.96,>360,0.0015695437176961313
Viscosity,298.1,280-300,3.2078936107018294
Viscosity,283.0,280-300,0.06382272206830741
Viscosity,353.15,320-360,0.12917820635850585
Viscosity,338.15,320-360,0.02075780645888936
Viscosity,338.15,320-360,0.0035409544205817767
Viscosity,318.15,300-320,0.04046606606118819
Viscosity,433.1,>360,0.047269464735070876
Viscosity,303.15,300-320,0.04501423009422956
Viscosity,374.502,>360,0.15053698997178433
Viscosity,283.0,280-300,0.01371718397587296
Viscosity,360.054,>360,0.15706627418189356
Viscosity,313.15,300-320,0.0002496580586996977
Viscosity,298.15,280-300,0.17922508568580486
Viscosity,278.6,<280,0.09167842573368779
Viscosity,303.15,300-320,0.07149695708287196
Viscosity,363.15,>360,0.003430353182461765
Viscosity,338.15,320-360,0.04979422746781115
Viscosity,303.1,300-320,0.24481205333393996
Viscosity,313.15,300-320,0.0265415305476
Viscosity,298.15,280-300,0.07994227262532788
Viscosity,290.98,280-300,0.043897432551913695
Viscosity,343.15,320-360,0.08610135869643054
Viscosity,313.15,300-320,0.6279921026764514
Viscosity,283.15,280-300,0.1405635460717909
Viscosity,288.15,280-300,1.3834814713565673
Viscosity,313.15,300-320,0.016485454455833715
Viscosity,353.15,320-360,0.07475738177939661
Viscosity,333.15,320-360,0.08180957286970525
Viscosity,298.15,280-300,0.10922485299294848
Viscosity,293.15,280-300,0.0344977383246059
Viscosity,300.15,300-320,0.053486229100753846
Viscosity,298.15,280-300,0.09317832589366692
Viscosity,343.15,320-360,0.08854031387964545
Viscosity,348.15,320-360,0.00023750787755982827
Viscosity,333.15,320-360,0.0032108934813646073
Viscosity,369.68,>360,0.011199471364805369
Viscosity,298.0,280-300,0.02999750676845636
Viscosity,333.1,320-360,0.12175572106181498
Viscosity,298.15,280-300,0.07182595159250127
Viscosity,343.15,320-360,0.10536272370264832
Viscosity,368.15,>360,0.017333541022839682
Viscosity,313.0,300-320,0.0599041696356819
Viscosity,308.12,300-320,0.06533670015166892
Viscosity,313.2,300-320,0.027247559696620627
Viscosity,353.15,320-360,0.0961489601734491
Viscosity,318.15,300-320,0.02647395769450256
Viscosity,311.05,300-320,0.02742668481415622
Viscosity,328.2,320-360,0.021796662051075
Viscosity,308.15,300-320,0.07055424091182338
Viscosity,323.15,320-360,0.04770194121225213
Viscosity,317.64,300-320,0.021397356579810012
Viscosity,353.15,320-360,0.019102552529878913
Viscosity,323.45,320-360,0.04054634530371315
Viscosity,308.15,300-320,0.004238273698225381
Viscosity,293.15,280-300,0.049559072931555814
Viscosity,323.15,320-360,0.09778210346549909
Viscosity,303.15,300-320,0.12255885913386688
Viscosity,407.87,>360,0.02716889029795233
Viscosity,288.0,280-300,0.09291281609851865
Viscosity,298.15,280-300,0.006636678273755692
Viscosity,353.0,320-360,0.07999086935321653
Viscosity,328.15,320-360,0.08495970569589284
Viscosity,303.1,300-320,0.10785854402735273
Viscosity,288.0,280-300,0.0776538977725294
Viscosity,308.15,300-320,0.8164802586179081
Viscosity,313.15,300-320,0.0033575957278251245
Viscosity,342.25,320-360,0.028742714366940092
Viscosity,343.15,320-360,0.05799080946780455
Viscosity,348.0,320-360,0.46858225229167383
Viscosity,338.6,320-360,0.27032642625580516
Viscosity,358.15,320-360,0.0970923333265068
Viscosity,293.0,280-300,0.011222051791985432
Viscosity,283.15,280-300,0.17300705251284076
Viscosity,281.48,280-300,0.08864959887285684
Viscosity,318.1,300-320,0.051741504657557336
Viscosity,328.15,320-360,0.11934171891160661
Viscosity,288.15,280-300,0.13567654897091086
Viscosity,299.83,280-300,0.012298953403259816
Viscosity,293.15,280-300,0.19718107118602468
Viscosity,303.1,300-320,0.009902884844989801
Viscosity,353.15,320-360,0.08420142495886385
Viscosity,323.15,320-360,0.0037169669798102767
Viscosity,303.2,300-320,0.20179148379812872
Viscosity,298.15,280-300,0.0443041643243392
Viscosity,338.15,320-360,0.08149721445632307
Viscosity,353.15,320-360,0.0035109565516080465
Viscosity,338.15,320-360,0.010692252311923056
Viscosity,323.15,320-360,0.12792996708417848
Viscosity,343.15,320-360,0.024992498815382902
Viscosity,363.15,>360,0.05581629408782707
Viscosity,323.15,320-360,0.03383681262577776
Viscosity,313.15,300-320,0.1958421369141527
Viscosity,388.15,>360,0.14468944954002438
Viscosity,313.15,300-320,0.010825917159248188
Viscosity,293.15,280-300,0.4104384814686217
Viscosity,388.04,>360,0.1769678836097217
Viscosity,298.15,280-300,0.04117999571159947
Viscosity,308.15,300-320,0.1613912680455707
Viscosity,293.15,280-300,0.03868647247992785
Viscosity,446.76,>360,0.7461751767116844
Viscosity,313.15,300-320,0.0064307243192891494
Viscosity,293.15,280-300,0.09057447757119108
Viscosity,348.0,320-360,0.18367589432188502
Viscosity,278.0,<280,0.41263273449113047
Viscosity,363.15,>360,0.05582201870453307
Viscosity,322.65,320-360,0.09048424360783258
Viscosity,353.15,320-360,0.040541805424184396
Viscosity,353.15,320-360,0.05074636787851139
Viscosity,348.15,320-360,0.24474227488837608
Viscosity,318.0,300-320,0.015349640691275646
Viscosity,323.15,320-360,0.07820836456287128
Viscosity,323.15,320-360,0.04013467804511528
Viscosity,333.35,320-360,0.03539426627377429
Viscosity,343.99,320-360,0.008568315115490499
Viscosity,319.06,300-320,0.011741903653217367
Viscosity,343.15,320-360,0.04223279657418333
Viscosity,314.13,300-320,0.25001523731650055
Viscosity,293.15,280-300,0.0063580980353681316
Viscosity,363.15,>360,0.05385385387522046
Viscosity,343.0,320-360,0.06271941712217899
Viscosity,303.15,300-320,0.0487760583496156
Viscosity,318.15,300-320,0.014749692470686693
Viscosity,313.15,300-320,0.04409072800418201
Viscosity,333.15,320-360,0.010525054172871862
Viscosity,338.15,320-360,0.04092408772936729
Viscosity,318.15,300-320,0.05544416273681119
Viscosity,278.15,<280,0.03530866796729115
Viscosity,328.0,320-360,0.062232482294831915
Viscosity,403.2,>360,0.02623604494182885
Viscosity,363.15,>360,0.025536562367757476
Viscosity,298.15,280-300,0.13886377796223703
Viscosity,318.15,300-320,0.011057002172609298
Viscosity,298.0,280-300,0.054680109224100715
Viscosity,289.02,280-300,0.05792226559877384
Viscosity,350.47,320-360,0.0004840045706426821
Viscosity,323.15,320-360,0.10797271904305666
Viscosity,343.15,320-360,0.09070168297560066
Viscosity,333.15,320-360,0.04914814490355657
Viscosity,298.15,280-300,0.10802175806803666
Viscosity,278.15,<280,0.24169333287266026
Viscosity,298.15,280-300,0.047881500776113306
Viscosity,308.758,300-320,0.03571041248952689
Viscosity,343.0,320-360,0.1559939492089102
Viscosity,322.8,320-360,0.031212883184880802
Viscosity,323.15,320-360,0.06759595721958167
Viscosity,302.09,300-320,0.030127005344471325
Viscosity,318.15,300-320,0.031933220607240465
Viscosity,318.15,300-320,0.08531089420238391
Viscosity,288.15,280-300,0.02036679759165483
Viscosity,298.25,280-300,0.09691021847532788
Viscosity,313.15,300-320,0.13167624339549167
Viscosity,328.15,320-360,0.026737751557741607
Viscosity,293.139,280-300,0.054222793054064855
Viscosity,323.92,320-360,0.005981226217147029
Viscosity,293.15,280-300,0.07755087454236675
Viscosity,373.0,>360,0.039763912713757676
Viscosity,293.15,280-300,0.01788750164515518
Viscosity,343.15,320-360,0.0422886920526957
Viscosity,353.15,320-360,0.015467855391666951
Viscosity,303.15,300-320,0.038099802495779045
Viscosity,293.2,280-300,0.05210426909415644
Viscosity,303.15,300-320,0.08993795145996053
Viscosity,353.15,320-360,0.0763123527548708
Viscosity,313.15,300-320,0.11003325228576954
Viscosity,300.91,300-320,0.015009684620670538
Viscosity,323.15,320-360,0.39069065156053506
Viscosity,298.15,280-300,0.021182780969262738
Viscosity,263.15,<280,0.23265831117046165
Viscosity,313.15,300-320,0.0007347525809880961
Viscosity,303.15,300-320,0.11056818219330555
Viscosity,303.15,300-320,0.015121071990217061
Viscosity,343.15,320-360,0.060275615293683416
Viscosity,293.0,280-300,0.0508705248182062
Viscosity,348.15,320-360,0.05967357420561692
Viscosity,299.013,280-300,0.005034014316804836
Viscosity,303.0,300-320,0.16576760438169114
Viscosity,338.15,320-360,0.12480631278790177
Viscosity,333.15,320-360,0.0570034851724559
Viscosity,343.15,320-360,0.013138277740383675
Viscosity,352.01,320-360,0.004693091275062677
Viscosity,338.0,320-360,0.034471523701927076
Viscosity,275.7,<280,0.12926438964074194
Viscosity,283.15,280-300,0.6504541155659513
Viscosity,473.0,>360,0.06695680101167945
Viscosity,333.15,320-360,0.01689104376420225
Viscosity,338.15,320-360,0.021888512099178303
Viscosity,298.18,280-300,0.08368795014419073
Viscosity,303.15,300-320,0.14297251626214913
Viscosity,345.7,320-360,0.004215844955578696
Viscosity,323.0,320-360,0.04565883450227659
Viscosity,323.15,320-360,0.05131509743069573
Viscosity,363.15,>360,0.036885057197012294
Viscosity,333.1,320-360,0.021977944222327128
Viscosity,293.15,280-300,0.24741393485947416
Viscosity,308.15,300-320,0.10823221254438176
Viscosity,333.2,320-360,0.09264329895400047
Viscosity,323.15,320-360,0.030216388332207966
Viscosity,328.15,320-360,0.012347894443220486
Viscosity,358.0,320-360,0.00361881365993888
Viscosity,338.15,320-360,0.08580518517988445
Viscosity,303.871,300-320,0.028719486126325577
Viscosity,300.28,300-320,0.03095686815688181
Viscosity,288.0,280-300,0.002963939894329304
Viscosity,283.15,280-300,0.09444247747663814
Viscosity,348.15,320-360,0.1825097471767887
Viscosity,323.15,320-360,0.060598844702209664
Viscosity,345.62,320-360,0.010493747975241163
Viscosity,303.1,300-320,0.02669735008609786
Viscosity,298.0,280-300,0.015875646399788668
Viscosity,323.15,320-360,0.0035784286627533746
Viscosity,317.9,300-320,0.3232500604309969
Viscosity,303.15,300-320,0.013614627819868552
Viscosity,303.15,300-320,0.11589874083413942
Viscosity,291.003,280-300,0.016719850625671384
Viscosity,338.15,320-360,0.08828967789217401
Viscosity,352.81,320-360,0.0056267392101760905
Viscosity,343.15,320-360,0.03813062932881017
Viscosity,333.15,320-360,0.0641057029080514
Viscosity,313.15,300-320,0.05518238225325245
Viscosity,308.2,300-320,0.21183247357333035
Viscosity,307.975,300-320,0.029554355481491434
Viscosity,373.1,>360,0.2160913734701495
Viscosity,373.0,>360,0.051906476286947445
Viscosity,353.15,320-360,0.052303927687558094
Viscosity,333.15,320-360,0.10638521237027287
Viscosity,333.15,320-360,0.07614259736910345
Viscosity,323.15,320-360,0.08666729298338316
Viscosity,358.15,320-360,0.1351967506355507
Viscosity,278.0,<280,0.09148581641457001
Viscosity,353.15,320-360,0.051649532434779655
Viscosity,333.15,320-360,0.07343874509111004
Viscosity,393.1,>360,0.0702281145186543
Viscosity,298.45,280-300,0.028127366071148074
Viscosity,333.0,320-360,0.040652319555746885
Viscosity,338.0,320-360,0.23855615125336938
Viscosity,323.15,320-360,0.009640191563941691
Viscosity,320.97,320-360,0.0025024344792401454
Viscosity,402.599,>360,0.03405914053269132
Viscosity,308.15,300-320,0.36665676284524773
Viscosity,353.15,320-360,0.07101012763799774
Viscosity,278.15,<280,0.20395354863432902
Viscosity,352.0,320-360,0.05510714140643547
Viscosity,293.15,280-300,0.13450793827351193
Viscosity,343.15,320-360,0.1591645715453065
Viscosity,338.0,320-360,0.001966923397684006
Viscosity,313.15,300-320,0.11180361413310358
Viscosity,298.15,280-300,0.03527337713826739
Viscosity,303.15,300-320,0.032578933379084685
Viscosity,313.15,300-320,0.06845306778631155
Viscosity,338.0,320-360,0.1958182076907904
Viscosity,373.1,>360,0.12870833457328956
Viscosity,353.15,320-360,0.09298147808476553
Viscosity,333.15,320-360,0.0728536428405473
Viscosity,343.15,320-360,0.1509491103351115
Viscosity,373.15,>360,0.07339632221826342
Viscosity,328.0,320-360,0.02223200598746411
Viscosity,313.0,300-320,0.005182989197871413
Viscosity,338.15,320-360,0.26204785595347235
Viscosity,333.0,320-360,0.03985384073887638
Viscosity,283.0,280-300,0.10767999555267771
Viscosity,333.35,320-360,0.05614562782964949
Viscosity,363.15,>360,0.0015100902784803694
Viscosity,308.15,300-320,0.061107868730958526
Viscosity,323.15,320-360,0.000417100085756239
Viscosity,278.15,<280,0.07144514817358272
Viscosity,298.15,280-300,0.21017566384294797
Viscosity,323.15,320-360,0.05135200767661452
Viscosity,338.15,320-360,0.08998781275593393
Viscosity,318.15,300-320,0.09238105370239857
Viscosity,338.15,320-360,0.027118622407162007
Viscosity,365.669,>360,0.06636974500364268
Viscosity,308.15,300-320,0.0532136488786894
Viscosity,333.2,320-360,0.09369869432941247
Viscosity,333.15,320-360,0.03555049665091348
Viscosity,300.613,300-320,0.020262243951171044
Viscosity,317.481,300-320,0.0072503345544481235
Viscosity,303.15,300-320,0.018540663173173044
Viscosity,264.328,<280,0.2044946852857943
Viscosity,333.15,320-360,0.10047769037834442
Viscosity,323.15,320-360,0.018363846506249448
Viscosity,373.15,>360,0.06351763937646293
Viscosity,363.15,>360,0.017978248241628414
Viscosity,308.11,300-320,0.019174784285819868
Viscosity,348.0,320-360,0.0113291019131605
Viscosity,353.15,320-360,0.05119508611700052
Viscosity,313.3,300-320,0.01839596237649488
Viscosity,308.15,300-320,0.047882968708542695
Viscosity,318.15,300-320,0.03817189328937465
Viscosity,343.174,320-360,0.02411072605936404
Viscosity,333.15,320-360,0.029662734273002034
Viscosity,370.0,>360,0.10946017894304383
Viscosity,323.2,320-360,0.01928563910384895
Viscosity,303.9,300-320,0.3838726512325925
Viscosity,343.15,320-360,0.08987574060936332
Viscosity,338.15,320-360,0.20378749154465509
Viscosity,268.15,<280,0.024157256717035384
Viscosity,298.15,280-300,0.013075486915117507
Viscosity,348.15,320-360,0.03280376380858252
Viscosity,293.15,280-300,0.003646607811739644
Viscosity,318.0,300-320,0.021245731281617886
Viscosity,308.15,300-320,0.03407649963670045
Viscosity,318.0,300-320,0.027247420222784147
Viscosity,328.15,320-360,0.01277059219524812
Viscosity,348.15,320-360,0.03593826628709795
Viscosity,293.15,280-300,0.05228632766031627
Viscosity,298.15,280-300,0.03269915114327793
Viscosity,283.15,280-300,0.622502465990606
Viscosity,325.65,320-360,0.0021032786418788696
Viscosity,323.15,320-360,0.0318765026472585
Viscosity,313.15,300-320,0.09926145413723386
Viscosity,288.0,280-300,0.0092092508536816
Viscosity,353.15,320-360,0.1348855140093077
Viscosity,298.15,280-300,0.144846042371241
Viscosity,323.15,320-360,0.0374431718973498
Viscosity,307.184,300-320,0.0007633247254110742
Viscosity,313.2,300-320,0.06420662853413006
Viscosity,353.0,320-360,0.2884920672376037
Viscosity,288.15,280-300,0.011100944259587076
Viscosity,288.15,280-300,0.21706344562587032
Viscosity,352.9,320-360,0.09930191815694833
Viscosity,310.65,300-320,0.058429599760316586
Viscosity,303.15,300-320,0.12522300430915667
Viscosity,283.15,280-300,0.08044040489772764
Viscosity,293.3,280-300,0.023276544316867653
Viscosity,263.15,<280,0.3392127409392496
Viscosity,307.85,300-320,0.028328735452863185
Viscosity,313.15,300-320,0.21164056751751303
Viscosity,293.15,280-300,0.0950058370203693
Viscosity,427.498,>360,0.02018412654947621
Viscosity,273.15,<280,0.20049739611468093
Viscosity,308.15,300-320,0.09084548758528843
Viscosity,333.15,320-360,0.06318023941506912
Viscosity,338.363,320-360,0.05521877201923253
Viscosity,288.15,280-300,0.12150232526988661
Viscosity,313.15,300-320,0.09809879250541931
Viscosity,283.15,280-300,0.17323831773678
Viscosity,308.2,300-320,0.14541150999180963
Viscosity,313.15,300-320,0.032813047431676456
Viscosity,328.0,320-360,0.08070659128736857
Viscosity,287.9,280-300,0.03801058899659848
Viscosity,293.15,280-300,0.13113801181569773
Viscosity,323.15,320-360,0.021039323635321017
Viscosity,283.15,280-300,0.1533599593662835
Viscosity,293.31,280-300,0.2524131191783723
Viscosity,313.0,300-320,0.08139709730958611
Viscosity,300.15,300-320,0.08284303011661365
Viscosity,323.15,320-360,0.059036051378055454
Viscosity,303.0,300-320,0.1022582466497397
Viscosity,318.15,300-320,0.0017166476244394602
Viscosity,310.15,300-320,0.11951043348130108
Viscosity,333.2,320-360,0.1526491655831541
Viscosity,348.0,320-360,0.07479486024035342
Viscosity,348.15,320-360,0.050873940322705535
Viscosity,293.15,280-300,0.01333799175820205
Viscosity,237.2,<280,0.10854013886091529
Viscosity,298.15,280-300,0.07910056201418492
Viscosity,295.65,280-300,0.17438613649076506
Viscosity,303.15,300-320,0.1968439862582505
Viscosity,298.15,280-300,0.07800552166846053
Viscosity,333.0,320-360,0.07643800936367473
Viscosity,293.0,280-300,0.11648530976712212
Viscosity,348.15,320-360,0.02253922888804638
Viscosity,288.1,280-300,0.27157536368206747
Viscosity,386.543,>360,0.09279378836582719
Viscosity,430.709,>360,0.07317185279920224
Viscosity,310.7,300-320,0.13699943850773488
Viscosity,283.15,280-300,0.28078657623002634
Viscosity,363.15,>360,0.0011896322125224401
Viscosity,333.15,320-360,0.05228310998224517
Viscosity,318.2,300-320,0.047643442398010105
Viscosity,444.369,>360,0.5364607709409661
Viscosity,343.15,320-360,0.12432622945832605
Viscosity,308.164,300-320,0.010865382076110652
Viscosity,303.15,300-320,0.006544259703171296
Viscosity,283.76,280-300,0.05494074616927613
Viscosity,313.15,300-320,0.23407656690887502
Viscosity,323.15,320-360,0.032223936038096035
Viscosity,296.57,280-300,0.037410412472427906
Viscosity,268.2,<280,0.033066549526120315
Viscosity,338.0,320-360,0.10083221098216866
Viscosity,353.2,320-360,0.02327255964581365
Viscosity,313.15,300-320,0.046875661378349864
Viscosity,301.05,300-320,0.1881045250909632
Viscosity,373.15,>360,0.026377079216277632
Viscosity,343.15,320-360,0.13291252803827103
Viscosity,333.15,320-360,0.002622616484974749
Viscosity,343.15,320-360,0.0052157274121142905
Viscosity,343.15,320-360,0.17774423079791649
Viscosity,414.655,>360,0.04724473572077237
Viscosity,344.0,320-360,0.013610377768920046
Viscosity,293.15,280-300,0.17122956684093404
Viscosity,308.15,300-320,0.0035763844112537413
Viscosity,308.15,300-320,0.0007338088666273279
Viscosity,313.15,300-320,0.029268798142952246
Viscosity,303.15,300-320,0.20481539393449943
Viscosity,308.15,300-320,0.03180767841234555
Viscosity,343.15,320-360,0.02511000079137915
Viscosity,303.0,300-320,0.05542659893521673
Viscosity,343.15,320-360,0.08957129063547731
Viscosity,308.0,300-320,0.006347364622847795
Viscosity,298.15,280-300,0.01514853774406033
Viscosity,303.15,300-320,0.22917265306849588
Viscosity,313.15,300-320,0.11756480656998924
Viscosity,293.15,280-300,0.05996259638096879
Viscosity,353.15,320-360,0.0669323309511121
Viscosity,358.1,320-360,0.07513279836235354
Viscosity,303.15,300-320,0.22546094552558538
Viscosity,338.15,320-360,0.08335768723309389
Viscosity,288.15,280-300,0.00020337516391499832
Viscosity,293.15,280-300,0.24557975868426996
Viscosity,318.15,300-320,0.007965081189215795
Viscosity,373.15,>360,0.08112017537233207
Viscosity,303.15,300-320,0.06227432893041285
Viscosity,338.15,320-360,0.276574654514806
Viscosity,293.0,280-300,0.07806538054562018
Viscosity,313.0,300-320,0.04213394080278343
Viscosity,298.15,280-300,0.014804649355818822
Viscosity,348.15,320-360,0.0929310459751556
Viscosity,283.15,280-300,0.13554287230278667
Viscosity,333.3,320-360,0.04422898900657346
Viscosity,293.0,280-300,0.817746644507505
Viscosity,313.15,300-320,0.12252809248244656
Viscosity,338.0,320-360,0.07171827494959881
Viscosity,298.195,280-300,0.05788479207041819
Viscosity,298.15,280-300,0.022417807619387053
Viscosity,303.15,300-320,0.04798941912510257
Viscosity,310.15,300-320,0.5358966314024558
Viscosity,338.15,320-360,0.038049809767468634
Viscosity,303.15,300-320,0.015474575092619514
Viscosity,303.15,300-320,0.00385638132402244
Viscosity,333.15,320-360,0.049766614790653474
Viscosity,343.15,320-360,0.04170464684336794
Viscosity,293.21,280-300,0.07221864007176038
Viscosity,308.15,300-320,0.01842685588455506
Viscosity,296.1,280-300,0.003881704936110064
Viscosity,387.07,>360,0.05339000414026884
Viscosity,333.15,320-360,0.05741477413692575
Viscosity,348.15,320-360,0.652370774010552
Viscosity,308.2,300-320,0.06044630108919513
Viscosity,298.15,280-300,0.00878093436806715
Viscosity,363.15,>360,0.0438074342577508
Viscosity,323.15,320-360,0.022910677508463984
Viscosity,343.0,320-360,0.37720629011432516
Viscosity,408.15,>360,0.009822837260331951
Viscosity,338.0,320-360,0.07586378609214295
Viscosity,298.0,280-300,0.18947571805259145
Viscosity,313.15,300-320,0.07250628409804638
Viscosity,313.15,300-320,0.28285763506668005
Viscosity,303.15,300-320,0.052545198175925734
Viscosity,318.15,300-320,0.10581282940693182
Viscosity,318.15,300-320,0.06959397060419281
Viscosity,348.0,320-360,0.008515786230436806
Viscosity,293.0,280-300,0.15335413440871148
Viscosity,333.0,320-360,0.013476955594026174
Viscosity,293.15,280-300,0.24383586913945665
Viscosity,313.15,300-320,0.06338591333162308
Viscosity,330.63,320-360,0.003552191871410759
Viscosity,338.15,320-360,0.053502905921885446
Viscosity,333.15,320-360,0.006337179645758972
Viscosity,313.15,300-320,0.18252517753953956
Viscosity,323.0,320-360,0.05135314932578516
Viscosity,323.0,320-360,0.05085198063193541
Viscosity,348.15,320-360,0.020600822043838285
Viscosity,328.15,320-360,0.1411389594398937
Viscosity,318.15,300-320,0.027978961824147053
Viscosity,316.51,300-320,0.003809684259025836
Viscosity,283.15,280-300,0.02694584416949275
Viscosity,343.15,320-360,0.14418452704899476
Viscosity,353.15,320-360,0.06559773059908514
Viscosity,349.33,320-360,0.0025436850313100834
Viscosity,330.15,320-360,0.0160957483869959
Viscosity,298.15,280-300,0.0320043145341633
Viscosity,298.15,280-300,0.003784009060547433
Viscosity,323.15,320-360,0.009942986161093792
Viscosity,323.15,320-360,0.12660724821659652
Viscosity,313.15,300-320,0.0753743101607034
Viscosity,308.15,300-320,0.005419436722574833
Viscosity,306.13,300-320,0.015685577186595023
Viscosity,298.15,280-300,0.05009257879563811
Viscosity,357.633,320-360,0.146893487774161
Viscosity,288.15,280-300,0.008968613316470364
Viscosity,413.2,>360,0.01556509111434945
Viscosity,323.15,320-360,0.02866013309630988
Viscosity,288.15,280-300,0.019038666554380024
Viscosity,323.15,320-360,0.12186507373690336
Viscosity,303.15,300-320,0.045070532074540814
Viscosity,350.29,320-360,0.12105308687812588
Viscosity,378.91,>360,0.01926831362611736
Viscosity,288.15,280-300,0.14286869201811825
Viscosity,378.521,>360,0.10655376495273483
Viscosity,296.1,280-300,0.01691159870505876
Viscosity,323.15,320-360,0.11450263113952142
Viscosity,363.15,>360,0.04049317727561963
Viscosity,313.15,300-320,0.006166444966357432
Viscosity,303.0,300-320,0.005173183425655092
Viscosity,303.0,300-320,0.009865951538685414
Viscosity,293.0,280-300,0.11687115402128245
Viscosity,303.15,300-320,0.121259699522138
Viscosity,298.2,280-300,0.10229149712537766
Viscosity,288.15,280-300,0.06685065630108566
Viscosity,298.15,280-300,1.2477297689901352
Viscosity,323.15,320-360,0.09685783670020687
Viscosity,303.15,300-320,0.003569438961992688
Viscosity,266.776,<280,0.12775438727959942
Viscosity,363.15,>360,0.01487537548558393
Viscosity,333.15,320-360,0.0148720865728027
Viscosity,313.15,300-320,0.00449821657788263
Viscosity,328.05,320-360,0.0071177464392429
Viscosity,313.15,300-320,0.21194752172584064
Viscosity,298.15,280-300,0.05310513925330329
Viscosity,303.15,300-320,0.05948161226874982
Viscosity,338.15,320-360,0.008809228540526348
Viscosity,278.1,<280,0.1792581317587837
Viscosity,383.1,>360,0.021641994311017765
Viscosity,434.729,>360,0.026845740671730844
Viscosity,303.15,300-320,0.09069938895027452
Viscosity,363.17,>360,0.015926646934614208
Viscosity,313.15,300-320,0.05515162893477843
Viscosity,348.15,320-360,0.04360727481438609
Viscosity,298.15,280-300,0.144717949802951
Viscosity,328.0,320-360,0.006326772514519519
Viscosity,328.15,320-360,0.1301305568542115
Viscosity,288.15,280-300,0.6959742286715508
Viscosity,304.85,300-320,0.009484129469680802
Viscosity,343.2,320-360,0.011063629194909552
Viscosity,298.15,280-300,0.016703729997292527
Viscosity,328.15,320-360,0.011438457270616986
Viscosity,333.15,320-360,0.06831339950572746
Viscosity,358.15,320-360,0.01119159405237724
Viscosity,343.15,320-360,0.0750298113868264
Viscosity,288.15,280-300,0.10042206257271546
Viscosity,337.7,320-360,0.0745534759129427
Viscosity,343.3,320-360,0.03674854236729086
Viscosity,328.15,320-360,0.15202293804612665
Viscosity,328.0,320-360,0.04625189356898218
Viscosity,363.15,>360,0.01689684458361196
Viscosity,323.25,320-360,0.01178052892951964
Viscosity,353.1,320-360,0.11830769379753825
Viscosity,293.15,280-300,0.00724832463126357
Viscosity,298.1,280-300,0.02336776431823462
Viscosity,318.15,300-320,0.07276920372363804
Viscosity,365.0,>360,0.3211800829716376
Viscosity,308.15,300-320,0.026897386524292966
Viscosity,313.15,300-320,0.1630301128853926
Viscosity,293.15,280-300,0.024966844085784423
Viscosity,333.15,320-360,0.18237383187280232
Viscosity,348.15,320-360,0.01026975102316996
Viscosity,358.15,320-360,0.06917972310663956
Viscosity,412.247,>360,0.13672505477008468
Viscosity,358.15,320-360,0.01555529717476034
Viscosity,343.14,320-360,0.027520332975209172
Viscosity,348.15,320-360,0.16648572769085535
Viscosity,273.2,<280,0.05176042396936853
Viscosity,308.0,300-320,0.010675687509940524
Viscosity,328.15,320-360,0.19416320037616597
Viscosity,343.15,320-360,0.03060361688584079
Viscosity,338.15,320-360,0.05213173615675659
Viscosity,358.15,320-360,0.08352613043658152
Viscosity,313.15,300-320,0.005938472841805265
Viscosity,373.15,>360,0.014188773089739648
Viscosity,343.15,320-360,0.21686762940554694
Viscosity,318.15,300-320,0.0378696432820278
Viscosity,283.15,280-300,0.07003903220946772
Viscosity,341.03,320-360,0.0039158379356054596
Viscosity,318.097,300-320,0.036522989041817944
Viscosity,266.805,<280,0.188917221906296
Viscosity,381.88,>360,0.03209386578379814
Viscosity,303.15,300-320,0.02691500118588941
Viscosity,409.83,>360,0.012997647855382155
Viscosity,333.15,320-360,0.018575283429719924
Viscosity,288.15,280-300,0.15191469603114294
Viscosity,343.2,320-360,0.10103516427155679
Viscosity,323.15,320-360,0.0892700955060608
Viscosity,298.183,280-300,0.05701237797972558
Viscosity,308.15,300-320,0.10698283234862815
Viscosity,298.1,280-300,0.1021647094070286
Viscosity,333.15,320-360,0.08092398302008563
Viscosity,318.15,300-320,0.003586132704725742
Viscosity,338.2,320-360,0.1613376063436025
Viscosity,354.45,320-360,0.004774108918300435
Viscosity,308.05,300-320,0.06186787400906102
Viscosity,333.15,320-360,0.045364958069922245
Viscosity,308.15,300-320,0.06413374572681318
Viscosity,313.15,300-320,0.15545289066311385
Viscosity,323.0,320-360,0.05230382887441154
Viscosity,313.15,300-320,0.021443366306217904
Viscosity,323.0,320-360,0.03546795737241348
Viscosity,308.15,300-320,0.13637825190794794
Viscosity,293.15,280-300,0.007000021174243365
Viscosity,341.77,320-360,0.0018425336740230946
Viscosity,333.15,320-360,0.006549397055601425
Viscosity,328.15,320-360,0.17203051741477093
Viscosity,273.15,<280,0.1394641344292074
Viscosity,323.0,320-360,0.1789016016628162
Viscosity,332.77,320-360,0.009496830312151427
Viscosity,298.15,280-300,0.10345754636421511
Viscosity,313.096,300-320,0.041054792807333484
Viscosity,330.336,320-360,0.04304260867709697
Viscosity,308.15,300-320,0.015022024991187433
Viscosity,293.15,280-300,0.18399044257769015
Viscosity,303.15,300-320,0.04988468576923499
Viscosity,348.15,320-360,0.05023589217207469
Viscosity,379.321,>360,0.2725990949481467
Viscosity,333.15,320-360,0.26121164658033247
Viscosity,338.15,320-360,0.009606347918824198
Viscosity,376.09,>360,0.011235307319111598
Viscosity,323.15,320-360,0.043358700033419684
Viscosity,303.15,300-320,0.08297383445817141
Viscosity,348.15,320-360,0.06337695124868459
Viscosity,283.1,280-300,0.14051689945986462
Viscosity,358.15,320-360,0.043830941429264136
Viscosity,303.2,300-320,0.07622722306118401
Viscosity,298.15,280-300,0.07198920077079851
Viscosity,294.25,280-300,0.04638216387321659
Viscosity,298.15,280-300,0.011551126333517292
Viscosity,298.15,280-300,0.12251060607153214
Viscosity,363.15,>360,0.14842933381163714
Viscosity,363.15,>360,0.0496792597409228
Viscosity,308.0,300-320,0.04290098703540757
Viscosity,293.15,280-300,0.008326456248690883
Viscosity,298.15,280-300,0.005890060312492729
Viscosity,295.65,280-300,0.07474217562046803
Viscosity,293.15,280-300,0.006169717415307918
Viscosity,328.15,320-360,0.04027348560396593
Viscosity,313.0,300-320,0.08943272473766051
Viscosity,402.6,>360,0.0101905843515544
Viscosity,323.15,320-360,0.002771944881743593
Viscosity,313.15,300-320,0.13707597989814424
Viscosity,343.15,320-360,0.008543882455174234
Viscosity,328.15,320-360,0.007180507546985293
Viscosity,353.15,320-360,0.03432556303083523
Viscosity,298.1,280-300,0.016425152860106262
Viscosity,338.15,320-360,0.0584923491408178
Viscosity,313.15,300-320,0.05188164575617882
Viscosity,353.6,320-360,0.0380644394212335
Viscosity,303.15,300-320,0.15470312005279574
Viscosity,348.15,320-360,0.09872048787505694
Viscosity,278.15,<280,0.16840912725028606
Viscosity,373.15,>360,0.1004343953294331
Viscosity,293.4,280-300,0.01948219817027308
Viscosity,293.15,280-300,0.012000465714542052
Viscosity,318.15,300-320,0.10297755773369666
Viscosity,422.692,>360,0.34851478981716344
Viscosity,313.0,300-320,0.24515786113299587
Viscosity,348.15,320-360,0.005438426472179181
Viscosity,295.12,280-300,0.02504644251243704
Viscosity,358.15,320-360,0.18501341586881415
Viscosity,338.15,320-360,0.04577700121825501
Viscosity,353.0,320-360,0.023993233528721625
Viscosity,318.15,300-320,0.006614481493258495
Viscosity,283.0,280-300,0.0827824743119292
Viscosity,323.15,320-360,0.08034197555727252
Viscosity,303.2,300-320,0.1593978299642944
Viscosity,293.15,280-300,0.021856539543170683
Viscosity,353.15,320-360,0.08584102533006455
Viscosity,283.15,280-300,0.21392512535529581
Viscosity,298.15,280-300,0.08555986382275105
Viscosity,393.0,>360,0.3249292430552111
Viscosity,353.0,320-360,0.0035954262489825695
Viscosity,298.2,280-300,0.18302392104104337
Viscosity,293.15,280-300,0.015167163402297429
Viscosity,298.181,280-300,0.05574409696528537
Viscosity,348.15,320-360,0.27245535575668445
Viscosity,308.15,300-320,0.11943594683681891
Viscosity,318.15,300-320,0.04080488770916846
Viscosity,338.15,320-360,0.2368402443098261
Viscosity,293.15,280-300,0.1591108935470773
Viscosity,328.15,320-360,0.0531806412184645
Viscosity,288.1,280-300,0.05011979398362332
Viscosity,303.5,300-320,0.09787431763989907
Viscosity,298.0,280-300,0.18105843034585467
Viscosity,310.65,300-320,0.02510513696147365
Viscosity,348.15,320-360,0.05208734723352926
Viscosity,293.15,280-300,0.008222671440461182
Viscosity,323.15,320-360,0.07260230836264725
Viscosity,335.85,320-360,0.06618108570218384
Viscosity,323.15,320-360,0.0019759682575828386
Viscosity,313.15,300-320,0.03048352331810822
Viscosity,323.15,320-360,0.1096548462690885
Viscosity,303.15,300-320,0.009090135487086926
Viscosity,363.15,>360,0.04812049552644071
Viscosity,323.15,320-360,0.11229210822474966
Viscosity,303.15,300-320,0.06286290647261339
Viscosity,298.1,280-300,0.08166479378845132
Viscosity,303.15,300-320,0.1010393301469843
Viscosity,298.15,280-300,0.09471338548653385
Viscosity,303.1,300-320,0.08580805923489106
Viscosity,315.65,300-320,0.04449575548561002
Viscosity,368.15,>360,0.02064992967011925
Viscosity,313.15,300-320,0.08769749100845936
Viscosity,318.0,300-320,0.0037174181350625446
Viscosity,283.0,280-300,0.0845763628531142
Viscosity,308.34,300-320,0.0021125868607252407
Viscosity,318.15,300-320,0.04500950879653609
Viscosity,358.17,320-360,0.021681780762413005
Viscosity,333.15,320-360,0.030176055118685596
Viscosity,341.39,320-360,0.021067932901886355
Viscosity,338.15,320-360,0.02767920720122463
Viscosity,368.15,>360,0.054388624159702914
Viscosity,292.75,280-300,0.05244374752918662
Viscosity,315.65,300-320,0.1039098906381608
Viscosity,354.39,320-360,0.00993003059259534
Viscosity,318.0,300-320,0.026786300675926356
Viscosity,333.95,320-360,0.11406349209278943
Viscosity,308.191,300-320,0.058303843242340836
Viscosity,363.15,>360,0.07989098334346956
Viscosity,303.15,300-320,0.05975363200362582
Viscosity,278.15,<280,0.039395590687755444
Viscosity,273.15,<280,0.04329885490130719
Viscosity,343.2,320-360,0.025300472967643373
Viscosity,333.15,320-360,0.06130183741989148
Viscosity,333.0,320-360,0.22371991745809572
Viscosity,330.65,320-360,0.04269742293158929
Viscosity,353.15,320-360,0.09075716568768755
Viscosity,323.0,320-360,0.01104140066548398
Viscosity,293.1,280-300,0.00795295268310503
Viscosity,343.15,320-360,0.08613238947167767
Viscosity,308.15,300-320,0.0507995669044492
Viscosity,338.0,320-360,0.11701991636286202
Viscosity,369.681,>360,0.08340103309621494
Viscosity,303.15,300-320,0.0010489396642197057
Viscosity,300.65,300-320,0.04031994507868375
Viscosity,353.15,320-360,0.08834614090857418
Viscosity,298.176,280-300,0.05633576199375767
Viscosity,298.15,280-300,0.191764191679481
Viscosity,293.15,280-300,0.07339607936304637
Viscosity,298.0,280-300,0.07093287189943842
Viscosity,323.15,320-360,0.3395606567597196
Viscosity,348.0,320-360,0.03946928834664831
Viscosity,308.0,300-320,0.004817487256514319
Viscosity,353.15,320-360,0.0805333403103714
Viscosity,283.15,280-300,0.14773965688540197
Viscosity,308.15,300-320,0.19105732413380938
Viscosity,298.1,280-300,0.3826249060179011
Viscosity,385.738,>360,0.029219771474961576
Viscosity,353.15,320-360,0.1223843405494085
Viscosity,303.15,300-320,0.025328036817225286
Viscosity,318.15,300-320,0.10661167959011042
Viscosity,358.43,320-360,0.009413737217093043
Viscosity,293.0,280-300,0.10771665273775932
Viscosity,353.15,320-360,0.1128502093605821
Viscosity,358.25,320-360,0.07050141460309778
Viscosity,333.15,320-360,0.01605528077323859
Viscosity,352.9,320-360,0.05714609365647494
Viscosity,313.15,300-320,0.021172102106995272
Viscosity,343.15,320-360,0.01951720326946349
Viscosity,263.15,<280,0.09729261685349366
Viscosity,343.15,320-360,0.10864755478859633
Viscosity,333.15,320-360,0.03792805602765581
Viscosity,363.15,>360,0.12453433852814433
Viscosity,313.15,300-320,0.15999355637528234
Viscosity,307.8,300-320,0.008722021850657846
Viscosity,313.2,300-320,0.1086317434850288
Viscosity,343.15,320-360,0.05095348650728759
Viscosity,328.15,320-360,0.09993342530761629
Viscosity,343.15,320-360,0.02046392148215226
Viscosity,298.15,280-300,0.10228753907990895
Viscosity,323.11,320-360,0.005696089394891857
Viscosity,313.15,300-320,0.009498595114862951
Viscosity,306.03,300-320,0.029096642232494307
Viscosity,358.15,320-360,0.017238708568176442
Viscosity,303.15,300-320,0.6056761635839687
Viscosity,328.15,320-360,0.14754093643762367
Viscosity,298.15,280-300,0.0336515893283067
Viscosity,333.15,320-360,0.0310145600327707
Viscosity,313.15,300-320,0.003740324576972043
Viscosity,353.15,320-360,0.15857147843062513
Viscosity,353.5,320-360,0.08262463039267853
Viscosity,333.15,320-360,0.0412689997094442
Viscosity,348.7,320-360,0.0026586374466313067
Viscosity,312.8,300-320,0.0063938327570201015
Viscosity,293.3,280-300,0.08892914467271629
Viscosity,276.47,<280,0.08509197630245513
Viscosity,338.15,320-360,0.025738232839796815
Viscosity,293.2,280-300,0.06964258989741656
Viscosity,248.2,<280,0.0049414135847858365
Viscosity,313.15,300-320,0.11658085041628596
Viscosity,303.15,300-320,0.23131352809113226
Viscosity,323.33,320-360,0.06142915577039432
Viscosity,313.15,300-320,0.07645607057836434
Viscosity,323.15,320-360,0.010818365904845972
Viscosity,323.15,320-360,0.06526713054545352
Viscosity,338.15,320-360,0.058961694844025914
Viscosity,293.0,280-300,0.022280055487024164
Viscosity,293.15,280-300,0.2092631129431317
Viscosity,295.4,280-300,0.0012131308747274083
Viscosity,328.15,320-360,0.02565940311645365
Viscosity,308.15,300-320,0.16132743506578384
Viscosity,353.15,320-360,0.020861600508850664
Viscosity,373.0,>360,0.05031959399815156
Viscosity,306.11,300-320,0.004863287319343268
Viscosity,318.15,300-320,0.02729520039575606
Viscosity,353.15,320-360,0.027140858215094266
Viscosity,313.15,300-320,0.048158251250634
Viscosity,308.15,300-320,0.05052115699470283
Viscosity,303.15,300-320,0.011679145888187747
Viscosity,323.1,320-360,0.13592413103346868
Viscosity,288.15,280-300,0.05479804189166604
Viscosity,298.0,280-300,0.051439454769565573
Viscosity,278.2,<280,0.03173946126000571
Viscosity,348.15,320-360,0.1483233687354053
Viscosity,353.0,320-360,0.021251494579469288
Viscosity,293.2,280-300,0.009479983132685277
Viscosity,352.22,320-360,0.01621026968028705
Viscosity,411.44,>360,0.010767059675707458
Viscosity,323.1,320-360,0.09871088756642576
Viscosity,328.15,320-360,0.03841868102309132
Viscosity,298.1,280-300,0.2939221626687467
Viscosity,343.0,320-360,0.07121373474240045
Viscosity,298.15,280-300,0.15919450451146716
Viscosity,290.97,280-300,0.03909135676372255
Viscosity,298.15,280-300,0.29908356558026616
Viscosity,293.15,280-300,0.03416441325228314
Viscosity,293.0,280-300,0.023197350378357795
Viscosity,386.33,>360,0.057276779843244086
Viscosity,357.64,320-360,0.019510801681898116
Viscosity,343.15,320-360,0.01921834016699342
Viscosity,276.506,<280,0.12346315868028768
Viscosity,313.15,300-320,0.018600843786118038
Viscosity,318.15,300-320,0.0037502961775013333
Viscosity,283.15,280-300,0.033430856462017156
Viscosity,328.1,320-360,0.06201608446450857
Viscosity,303.152,300-320,0.009046866776265983
Viscosity,296.6,280-300,0.029712010144533618
Viscosity,283.15,280-300,0.2768320149224653
Viscosity,278.15,<280,0.12868098121473315
Viscosity,278.15,<280,0.19850424776183573
Viscosity,353.15,320-360,0.04609748684031256
Viscosity,319.65,300-320,0.04757807720371554
Viscosity,290.99,280-300,0.05645707941109013
Viscosity,298.15,280-300,0.026241884135030258
Viscosity,292.8,280-300,0.029760809361621288
Viscosity,338.25,320-360,0.04076925405282039
Viscosity,318.15,300-320,0.08616811283745052
Viscosity,338.15,320-360,0.008518817691054448
Viscosity,363.15,>360,0.12006290784002216
Viscosity,313.11,300-320,0.18589830639906735
Viscosity,338.0,320-360,0.013996452836867235
Viscosity,323.15,320-360,0.08542209240941323
Viscosity,293.15,280-300,0.09092268392496328
Viscosity,318.15,300-320,0.04765598810131211
Viscosity,348.35,320-360,0.05767498456697506
Viscosity,298.15,280-300,0.06059443253340424
Viscosity,323.15,320-360,0.013295648411157934
Viscosity,298.15,280-300,0.14190721364313874
Viscosity,338.15,320-360,0.028790241019666762
Viscosity,318.15,300-320,0.07469518365005157
Viscosity,273.2,<280,0.039234299913153414
Viscosity,276.9,<280,0.08469384421535398
Viscosity,318.15,300-320,0.15803625131359933
Viscosity,288.15,280-300,0.267576545780436
Viscosity,358.15,320-360,0.04748581870964852
Viscosity,282.29,280-300,0.0790589884721501
Viscosity,343.23,320-360,0.017772665615972905
Viscosity,348.2,320-360,0.65402865210865
Viscosity,293.15,280-300,1.0899441628813382
Viscosity,303.15,300-320,0.34082787792142355
Viscosity,328.0,320-360,0.06804557083648088
Viscosity,338.25,320-360,0.08542663674195516
Viscosity,293.15,280-300,0.1426166177925836
Viscosity,368.15,>360,0.08277274960864922
Viscosity,298.15,280-300,0.13547793689505805
Viscosity,333.0,320-360,0.013890728136165098
Viscosity,313.15,300-320,0.054333486563346245
Viscosity,343.15,320-360,0.09349614486501734
Viscosity,293.0,280-300,0.018913718350813902
Viscosity,363.2,>360,0.013642800807574407
Viscosity,314.29,300-320,0.009953249865908953
Viscosity,363.15,>360,0.02651268730598666
Viscosity,323.0,320-360,0.12865386326453887
Viscosity,303.15,300-320,0.10853944695474027
Viscosity,343.154,320-360,0.06601003013459117
Viscosity,343.25,320-360,0.003205793448728844
Viscosity,308.15,300-320,0.13353468671699487
Viscosity,318.07,300-320,0.003913987260123708
Viscosity,298.0,280-300,0.013594605541817018
Viscosity,321.72,320-360,0.0015432333813372168
Viscosity,278.1,<280,0.07206652019417326
Viscosity,293.0,280-300,0.005547025251130933
Viscosity,305.0,300-320,0.031128961845619862
Viscosity,298.85,280-300,0.21616060308906482
Viscosity,433.1,>360,0.12740250311903445
Viscosity,293.0,280-300,0.23915107332632468
Viscosity,406.617,>360,0.2622965015424361
Viscosity,348.0,320-360,0.9570203895902538
Viscosity,313.0,300-320,0.19804622126242544
Viscosity,373.15,>360,0.08327633218300612
Viscosity,278.46,<280,0.08073519912831517
Viscosity,313.15,300-320,0.2960608119371211
Viscosity,293.15,280-300,0.0023278425028607774
Viscosity,283.15,280-300,0.06466005558811039
Viscosity,333.15,320-360,0.14430154113550842
Viscosity,348.0,320-360,0.016002593424661704
Viscosity,288.15,280-300,0.11058675144224095
Viscosity,298.15,280-300,0.04839153610964608
Viscosity,353.15,320-360,0.07204330470468046
Viscosity,357.36,320-360,0.022752947521620825
Viscosity,388.15,>360,0.2111980090768526
Viscosity,338.15,320-360,0.002924936370898301
Viscosity,313.0,300-320,0.0931494458508455
Viscosity,363.15,>360,0.13461129568022479
Viscosity,328.15,320-360,0.057166435520894066
Viscosity,353.1,320-360,0.10462474361128349
Viscosity,313.15,300-320,0.09721541121090738
Viscosity,323.15,320-360,0.007006658285934275
Viscosity,323.15,320-360,0.04934850853923334
Viscosity,308.15,300-320,0.06266342537336289
Viscosity,298.15,280-300,0.059057179842868956
Viscosity,314.15,300-320,0.016060121067063005
Viscosity,333.15,320-360,0.11942977435169899
Viscosity,303.15,300-320,0.06511309392279419
Viscosity,323.15,320-360,0.2990251333368998
Viscosity,318.15,300-320,0.06531915015070355
Viscosity,308.15,300-320,0.09241160739728205
Viscosity,318.15,300-320,0.05038410797114956
Viscosity,298.15,280-300,0.09528791572368744
Viscosity,293.1,280-300,0.09589425281365083
Viscosity,363.15,>360,0.09091609012052526
Viscosity,313.15,300-320,0.010450770396856601
Viscosity,318.15,300-320,0.10341148819963397
Viscosity,278.0,<280,0.026390137995496055
Viscosity,343.15,320-360,0.04567081855116406
Viscosity,318.083,300-320,0.044559042644896074
Viscosity,298.15,280-300,0.1642612939213688
Viscosity,303.15,300-320,0.06439103359170772
Viscosity,298.15,280-300,0.19118328761959247
Viscosity,318.0,300-320,0.024794211472097594
Viscosity,323.0,320-360,0.1169289990883362
Viscosity,313.15,300-320,0.055833748872478495
Viscosity,338.15,320-360,0.02217653075149517
Viscosity,303.15,300-320,0.06810413419091099
Viscosity,348.25,320-360,0.014568478994861689
Viscosity,313.1,300-320,0.0007186199406521432
Viscosity,308.15,300-320,0.01803926269365075
Viscosity,303.15,300-320,0.029207587922993827
Viscosity,278.15,<280,0.26299614831256735
Viscosity,293.15,280-300,0.5272854970548264
Viscosity,343.1,320-360,0.555627018318178
Viscosity,368.15,>360,0.08725478246695806
Viscosity,328.15,320-360,0.042099946822019785
Viscosity,303.15,300-320,0.03501875311441083
Viscosity,323.15,320-360,0.0019127531864651104
Viscosity,345.0,320-360,0.3581911196328287
Viscosity,297.55,280-300,0.11376075664541485
Viscosity,333.15,320-360,0.017638785693751435
Viscosity,298.1,280-300,0.6716969722263315
Viscosity,333.15,320-360,0.03861930213121667
Viscosity,323.15,320-360,0.016118528273518562
Viscosity,312.8,300-320,0.23498313340628707
Viscosity,303.15,300-320,0.04725710989639076
Viscosity,288.15,280-300,0.15457537852385017
Viscosity,333.15,320-360,0.036647844077392744
Viscosity,343.0,320-360,0.21836157924987853
Viscosity,333.15,320-360,0.05756904501503968
Viscosity,303.15,300-320,0.03485802255339454
Viscosity,298.15,280-300,0.10676794582132865
Viscosity,335.95,320-360,0.10896322878435871
Viscosity,357.0,320-360,0.05118278015851363
Viscosity,333.15,320-360,0.11707219123759094
Viscosity,318.15,300-320,0.05401488820039324
Viscosity,318.0,300-320,0.47539543864066824
Viscosity,328.15,320-360,0.039683306520974515
Viscosity,298.15,280-300,1.2145053349712098
Viscosity,274.17,<280,0.04973948880003043
Viscosity,310.35,300-320,0.06835406434009927
Viscosity,303.15,300-320,0.14904350761006624
Viscosity,293.15,280-300,0.20991969138208866
Viscosity,298.15,280-300,0.4998458345704404
Viscosity,343.15,320-360,0.04351400992672616
Viscosity,303.1,300-320,0.025309129888144932
Viscosity,303.15,300-320,0.01192090802200474
Viscosity,303.0,300-320,0.21949273281196113
Viscosity,323.15,320-360,0.4208493168515558
Viscosity,288.15,280-300,0.06067321617867322
Viscosity,301.0,300-320,0.029431319428485314
Viscosity,338.15,320-360,0.016914728827584824
Viscosity,303.15,300-320,0.5761690647974209
Viscosity,318.0,300-320,0.04751826376083779
Viscosity,323.1,320-360,0.007754452829625169
Viscosity,333.15,320-360,0.04199863816204852
Viscosity,313.15,300-320,0.014394842991267254
Viscosity,328.15,320-360,0.000710001410462624
Viscosity,363.0,>360,0.0011101128724755327
Viscosity,303.0,300-320,0.07377725130283475
Viscosity,384.133,>360,0.02471889770683955
Viscosity,333.0,320-360,0.06577802800982147
Viscosity,303.15,300-320,0.012213908236776594
Viscosity,338.15,320-360,0.10710096580906114
Viscosity,263.15,<280,0.1246874322481566
Viscosity,338.15,320-360,0.12741330289086505
Viscosity,313.0,300-320,0.0029295028367606335
Viscosity,293.15,280-300,0.05114628985616143
Viscosity,363.0,>360,0.03981886503267962
Viscosity,318.15,300-320,0.2162642025635747
Viscosity,293.0,280-300,0.5186619432101502
Viscosity,303.15,300-320,0.03207952442819351
Viscosity,303.15,300-320,0.07268560051823636
Viscosity,415.458,>360,0.12952417983985498
Viscosity,293.15,280-300,0.18464102266529456
Viscosity,298.15,280-300,0.15326500911476615
Viscosity,303.0,300-320,0.08537843553698332
Viscosity,318.28,300-320,0.007037958941369382
Viscosity,308.15,300-320,0.1470330925931349
Viscosity,323.15,320-360,0.009165587961839972
Viscosity,303.84,300-320,0.004438630336793814
Viscosity,308.0,300-320,0.08941744063585899
Viscosity,308.15,300-320,0.024037007419510648
Viscosity,323.15,320-360,0.059067674367567324
Viscosity,298.15,280-300,0.008399396442615226
Viscosity,343.15,320-360,0.005127418244169846
Viscosity,262.849,<280,0.13693734231187404
Viscosity,317.0,300-320,0.026444433205768725
Viscosity,318.15,300-320,0.055300277879519744
Viscosity,333.15,320-360,0.2625471164073705
Viscosity,444.37,>360,0.2252270547715547
Viscosity,328.15,320-360,0.01860250831485466
Viscosity,353.15,320-360,0.7631336985077204
Viscosity,333.0,320-360,0.726312204289371
Viscosity,293.15,280-300,0.08714693582354505
Viscosity,343.15,320-360,0.03666543739028594
Viscosity,353.15,320-360,0.0386119970500749
Viscosity,447.565,>360,0.22290439695787434
Viscosity,232.2,<280,0.2048535830226248
Viscosity,308.15,300-320,0.007273650320189784
Viscosity,333.15,320-360,0.03235298933841868
Viscosity,293.15,280-300,0.09837989769578925
Viscosity,338.15,320-360,0.05223965730990843
Viscosity,333.1,320-360,0.009537100249068953
Viscosity,308.0,300-320,0.01852896460179032
Viscosity,318.15,300-320,0.028206629518449766
Viscosity,363.15,>360,0.04362185389904116
Viscosity,342.0,320-360,0.019232370975989177
Viscosity,323.15,320-360,0.04408059214293836
Viscosity,353.15,320-360,0.03418057670822083
Viscosity,313.0,300-320,0.012386790011185589
Viscosity,308.15,300-320,0.1480100180978543
Viscosity,318.15,300-320,0.15844849921811743
Viscosity,313.15,300-320,0.16684480806626212
Viscosity,313.05,300-320,0.05993272048381648
Viscosity,308.1,300-320,0.11817510473034831
Viscosity,318.35,300-320,0.009133575416859774
Viscosity,298.15,280-300,0.2490633392662256
Viscosity,298.15,280-300,0.07239508948755446
Viscosity,348.35,320-360,0.01079287263415818
Viscosity,298.15,280-300,0.5666872297708443
Viscosity,343.15,320-360,0.05877588979116233
Viscosity,288.15,280-300,0.027132722325696634
Viscosity,313.15,300-320,0.0631275633881625
Viscosity,318.0,300-320,0.041610537715048856
Viscosity,293.15,280-300,0.10388359543205361
Viscosity,359.15,320-360,0.01767601260794871
Viscosity,298.15,280-300,0.1406115497104259
Viscosity,308.15,300-320,0.06005124500778214
Viscosity,368.075,>360,0.20102176786590764
Viscosity,333.15,320-360,0.04733607842208704
Viscosity,298.15,280-300,0.05744376344313151
Viscosity,293.2,280-300,0.24471138652188085
Viscosity,298.15,280-300,0.04978558660912569
Viscosity,318.15,300-320,0.02639717525779428
Viscosity,348.15,320-360,0.051987738218084445
Viscosity,338.15,320-360,0.0650191063904626
Viscosity,308.1,300-320,0.00519262831907108
Viscosity,303.15,300-320,0.034670238398108344
Viscosity,328.15,320-360,0.01935981177011392
Viscosity,286.211,280-300,0.04663939674938211
Viscosity,358.15,320-360,0.010751717215939038
Viscosity,293.0,280-300,0.043201189387472416
Viscosity,333.15,320-360,0.04441509571343305
Viscosity,298.15,280-300,0.12746590814214054
Viscosity,293.15,280-300,0.10729454524907323
Viscosity,303.15,300-320,0.032347437303843485
Viscosity,322.09,320-360,0.00853093304121666
Viscosity,338.15,320-360,0.13715439224829318
Viscosity,308.1,300-320,0.2335859672257028
Viscosity,313.1,300-320,0.452535988945566
Viscosity,318.15,300-320,0.047244761763651555
Viscosity,261.214,<280,0.15636737429104297
Viscosity,265.167,<280,0.15411030028291028
Viscosity,303.15,300-320,0.030926868459302703
Viscosity,323.1,320-360,0.47055935587747166
Viscosity,283.1,280-300,0.08696745445642184
Viscosity,328.15,320-360,0.09667039594314408
Viscosity,303.15,300-320,0.008651328434038597
Viscosity,298.15,280-300,0.5262200923452589
Viscosity,288.15,280-300,0.2783901293685487
Viscosity,348.15,320-360,0.010038738853872964
Viscosity,313.15,300-320,0.10161527608609555
Viscosity,357.39,320-360,0.028864645265071598
Viscosity,369.06,>360,0.020626000695161295
Viscosity,303.15,300-320,0.025739311662637654
Viscosity,293.15,280-300,0.037917686919148874
Viscosity,323.2,320-360,0.022148171568873387
Viscosity,313.15,300-320,0.006757289953098322
Viscosity,333.0,320-360,0.052298616031829503
Viscosity,333.15,320-360,0.02615792113346682
Viscosity,445.174,>360,0.20588628593383174
Viscosity,318.0,300-320,0.08274303638242975
Viscosity,323.15,320-360,0.1041882502601923
Viscosity,388.148,>360,0.08145357241621642
Viscosity,294.199,280-300,0.03910829789740777
Viscosity,288.15,280-300,0.021759722343336785
Viscosity,293.1,280-300,0.04227290727856392
Viscosity,348.15,320-360,0.052818927209324684
Viscosity,293.15,280-300,0.04779645618926086
Viscosity,298.15,280-300,0.1204564645814794
Viscosity,338.15,320-360,0.008194024970752167
Viscosity,343.15,320-360,0.04774554779740381
Viscosity,323.15,320-360,0.09522781322924434
Viscosity,364.05,>360,0.013631240637735242
Viscosity,308.15,300-320,0.09930948721091903
Viscosity,353.15,320-360,0.017573912267193847
Viscosity,353.15,320-360,0.05913860669583482
ElectricalConductivity,303.15,300-320,0.07337518347380367
ElectricalConductivity,338.15,320-360,0.07036439964786381
ElectricalConductivity,325.65,320-360,0.050534252389287604
ElectricalConductivity,300.15,300-320,0.2020753589595199
ElectricalConductivity,393.1,>360,0.0524500979974567
ElectricalConductivity,338.0,320-360,0.03156346784183567
ElectricalConductivity,308.15,300-320,0.04441208752985082
ElectricalConductivity,213.0,<280,0.8909033603687515
ElectricalConductivity,313.0,300-320,0.03568908732207632
ElectricalConductivity,338.02,320-360,0.026741667137761715
ElectricalConductivity,303.0,300-320,0.1885079445434332
ElectricalConductivity,313.15,300-320,0.04103482780651069
ElectricalConductivity,358.15,320-360,0.08142518084335237
ElectricalConductivity,312.85,300-320,0.1288838466559079
ElectricalConductivity,278.15,<280,0.055376557051564745
ElectricalConductivity,323.15,320-360,0.03724900875128351
ElectricalConductivity,308.6,300-320,0.07750562790646853
ElectricalConductivity,318.15,300-320,0.4251672032974352
ElectricalConductivity,338.15,320-360,0.07723930724335815
ElectricalConductivity,293.15,280-300,0.0008319497478255222
ElectricalConductivity,330.65,320-360,0.014780308535418951
ElectricalConductivity,293.15,280-300,0.01055624252981241
ElectricalConductivity,323.15,320-360,0.028958245582238584
ElectricalConductivity,298.1,280-300,3.290691654689498
ElectricalConductivity,338.15,320-360,0.03206535639163044
ElectricalConductivity,338.26,320-360,0.09010357176247033
ElectricalConductivity,323.15,320-360,0.1920090604633249
ElectricalConductivity,484.1,>360,0.11240781905805175
ElectricalConductivity,303.15,300-320,0.04385707267104877
ElectricalConductivity,333.15,320-360,0.03760479063871042
ElectricalConductivity,343.2,320-360,0.2479405939108914
ElectricalConductivity,303.15,300-320,0.06936177865120818
ElectricalConductivity,256.0,<280,0.25649461348825175
ElectricalConductivity,348.1,320-360,0.6825311796976501
ElectricalConductivity,313.15,300-320,0.044670858975842664
ElectricalConductivity,268.15,<280,0.08730423069014381
ElectricalConductivity,418.15,>360,0.020735285167747808
ElectricalConductivity,323.15,320-360,0.038768220684113563
ElectricalConductivity,464.75,>360,0.04416285103548563
ElectricalConductivity,353.15,320-360,0.08611006592774156
ElectricalConductivity,303.15,300-320,0.26045732311195113
ElectricalConductivity,343.5,320-360,0.0660677806550165
ElectricalConductivity,313.9,300-320,0.09198861888821153
ElectricalConductivity,278.15,<280,0.08648631205686907
ElectricalConductivity,303.9,300-320,0.15872703995779514
ElectricalConductivity,343.14,320-360,0.07672240867706384
ElectricalConductivity,313.1,300-320,0.04830490094563111
ElectricalConductivity,352.65,320-360,0.3431141710011255
ElectricalConductivity,308.15,300-320,0.03620259732880293
ElectricalConductivity,378.1,>360,0.07806180742524282
ElectricalConductivity,305.65,300-320,0.005158523296266315
ElectricalConductivity,333.0,320-360,0.2601870522408239
ElectricalConductivity,300.15,300-320,0.2634740800850818
ElectricalConductivity,308.2,300-320,0.06295287951948714
ElectricalConductivity,318.15,300-320,0.0195146931687058
ElectricalConductivity,313.15,300-320,0.11041640251392337
ElectricalConductivity,288.15,280-300,0.08276989432006232
ElectricalConductivity,303.15,300-320,0.23121311965689184
ElectricalConductivity,277.5,<280,0.7359263116995094
ElectricalConductivity,288.1,280-300,0.6060343488228774
ElectricalConductivity,243.2,<280,0.16824549282289247
ElectricalConductivity,328.0,320-360,0.050963566901233326
ElectricalConductivity,318.15,300-320,0.17666391704431617
ElectricalConductivity,323.15,320-360,0.03574665718369474
ElectricalConductivity,343.15,320-360,0.02247120282924986
ElectricalConductivity,318.1,300-320,0.06793133083372105
ElectricalConductivity,298.1,280-300,0.12442996120066407
ElectricalConductivity,408.15,>360,0.03213262891430935
ElectricalConductivity,324.15,320-360,0.16466710850352906
ElectricalConductivity,298.15,280-300,0.2503929221441843
ElectricalConductivity,350.1,320-360,0.044999564584646545
ElectricalConductivity,323.2,320-360,0.0452395498026279
ElectricalConductivity,288.1,280-300,0.14735879543192354
ElectricalConductivity,299.05,280-300,0.0010123797675050394
ElectricalConductivity,313.1,300-320,0.019932882207553848
ElectricalConductivity,353.15,320-360,0.03672711618268251
ElectricalConductivity,368.1,>360,0.015425908252710396
ElectricalConductivity,273.1,<280,0.04172056710097094
ElectricalConductivity,333.15,320-360,0.06556202886994122
ElectricalConductivity,308.15,300-320,0.14116256867328847
ElectricalConductivity,298.1,280-300,0.27812024231646504
ElectricalConductivity,328.4,320-360,0.038745131992415305
ElectricalConductivity,243.0,<280,0.5706022347005266
ElectricalConductivity,338.15,320-360,0.005529232369612114
ElectricalConductivity,313.15,300-320,0.22247992361590563
ElectricalConductivity,323.15,320-360,0.15475550021292328
ElectricalConductivity,258.05,<280,0.20605536990066575
ElectricalConductivity,298.15,280-300,0.6907887642725901
ElectricalConductivity,313.7,300-320,0.0537141938075365
ElectricalConductivity,373.1,>360,0.07622827162554535
ElectricalConductivity,308.1,300-320,0.06855969201105339
ElectricalConductivity,283.0,280-300,0.09926062737060937
ElectricalConductivity,293.15,280-300,0.09415495840761534
ElectricalConductivity,338.15,320-360,0.039829654140318915
ElectricalConductivity,293.15,280-300,0.16162784916155637
ElectricalConductivity,213.2,<280,0.03459569827523623
ElectricalConductivity,333.15,320-360,0.026806361131815892
ElectricalConductivity,404.15,>360,0.08542232450787268
ElectricalConductivity,398.15,>360,0.018083132761414933
ElectricalConductivity,203.2,<280,0.0868650508149571
ElectricalConductivity,283.0,280-300,0.10411180382095386
ElectricalConductivity,333.15,320-360,0.08676355736175356
ElectricalConductivity,303.15,300-320,0.05382541043345723
ElectricalConductivity,323.15,320-360,0.020754919680986195
ElectricalConductivity,337.95,320-360,0.018561663436292508
ElectricalConductivity,358.15,320-360,0.009864057810895971
ElectricalConductivity,303.15,300-320,0.09802486503992947
ElectricalConductivity,318.15,300-320,0.009144637416073076
ElectricalConductivity,308.15,300-320,0.24622296520279363
ElectricalConductivity,288.15,280-300,0.0057167972503512215
ElectricalConductivity,461.65,>360,0.024302361013533003
ElectricalConductivity,323.15,320-360,0.0036659620204542165
ElectricalConductivity,313.15,300-320,0.14189319686150115
ElectricalConductivity,315.716,300-320,0.09149706461469953
ElectricalConductivity,323.1,320-360,0.040076687144730956
ElectricalConductivity,333.1,320-360,0.535058686370182
ElectricalConductivity,308.15,300-320,0.23092415212677986
ElectricalConductivity,343.15,320-360,0.25633345290395004
ElectricalConductivity,353.0,320-360,0.16835447178506957
ElectricalConductivity,253.2,<280,0.11539855692309686
ElectricalConductivity,298.1,280-300,2.555508444153158
ElectricalConductivity,348.15,320-360,0.014229247470582518
ElectricalConductivity,303.0,300-320,0.011217843843249309
ElectricalConductivity,333.15,320-360,0.21095914264376903
ElectricalConductivity,298.15,280-300,0.041029181513179136
ElectricalConductivity,258.1,<280,0.2738794836717888
ElectricalConductivity,338.1,320-360,0.05314009030192113
ElectricalConductivity,341.65,320-360,0.039701575184907245
ElectricalConductivity,353.17,320-360,0.008989702352049322
ElectricalConductivity,328.4,320-360,0.09188136491449495
ElectricalConductivity,318.15,300-320,0.036594599892586954
ElectricalConductivity,348.1,320-360,0.04255194697192832
ElectricalConductivity,348.15,320-360,0.06979070009510055
ElectricalConductivity,303.179,300-320,0.1557253990152221
ElectricalConductivity,343.35,320-360,0.03834474881347372
ElectricalConductivity,287.2,280-300,0.05098382048503369
ElectricalConductivity,313.15,300-320,0.055639920133499055
ElectricalConductivity,408.15,>360,0.06235514758575267
ElectricalConductivity,288.15,280-300,0.0890458472348985
ElectricalConductivity,363.15,>360,0.0860869211671556
ElectricalConductivity,318.2,300-320,0.019013698806834914
ElectricalConductivity,303.15,300-320,0.15341869223762117
ElectricalConductivity,313.1,300-320,0.21812472581109343
ElectricalConductivity,313.15,300-320,0.07872565612640259
ElectricalConductivity,298.15,280-300,0.010442187509109413
ElectricalConductivity,398.15,>360,0.08992514707588017
ElectricalConductivity,293.15,280-300,0.0034220520026566614
ElectricalConductivity,303.15,300-320,0.14532532147293775
ElectricalConductivity,323.15,320-360,0.06205710068692985
ElectricalConductivity,303.6,300-320,0.018859317595701697
ElectricalConductivity,338.15,320-360,0.07632618995080157
ElectricalConductivity,303.15,300-320,0.007706166765627853
ElectricalConductivity,278.15,<280,0.13297196231983976
ElectricalConductivity,298.0,280-300,0.09235036075977726
ElectricalConductivity,298.15,280-300,0.11625410795147628
ElectricalConductivity,298.0,280-300,0.15485313820635715
ElectricalConductivity,298.15,280-300,0.114320484631616
ElectricalConductivity,353.1,320-360,0.2888904472252831
ElectricalConductivity,234.0,<280,0.3545248815974844
ElectricalConductivity,283.15,280-300,0.006333383358764877
ElectricalConductivity,283.15,280-300,0.027983205709586567
ElectricalConductivity,276.0,<280,0.017551742057127395
ElectricalConductivity,328.1,320-360,0.03234975130616635
ElectricalConductivity,323.0,320-360,0.058250170597773376
ElectricalConductivity,343.15,320-360,0.18710977093241077
ElectricalConductivity,338.15,320-360,0.07784936546544383
ElectricalConductivity,303.15,300-320,0.025934071557720872
ElectricalConductivity,278.15,<280,0.012570275102334438
ElectricalConductivity,318.25,300-320,0.07336853922124442
ElectricalConductivity,293.0,280-300,0.1234579530829713
ElectricalConductivity,336.15,320-360,0.09585895203504824
ElectricalConductivity,298.1,280-300,13.190881724697308
ElectricalConductivity,303.15,300-320,0.00773975852768094
ElectricalConductivity,217.2,<280,0.148240389375335
ElectricalConductivity,298.1,280-300,0.027619185650093137
ElectricalConductivity,328.0,320-360,0.2571121487590351
ElectricalConductivity,349.15,320-360,0.0705268165618087
ElectricalConductivity,278.15,<280,0.08254733989801477
ElectricalConductivity,318.15,300-320,0.054395928844797714
ElectricalConductivity,503.85,>360,0.09729367749685525
ElectricalConductivity,308.15,300-320,0.05061282488879526
ElectricalConductivity,288.15,280-300,0.10203039915531598
ElectricalConductivity,403.1,>360,0.13802640797666865
ElectricalConductivity,268.1,<280,0.07955580448297006
ElectricalConductivity,343.15,320-360,0.06353220362347103
ElectricalConductivity,318.15,300-320,0.019300878783037767
ElectricalConductivity,333.15,320-360,0.03496312265170215
ElectricalConductivity,353.15,320-360,0.06432939244168856
ElectricalConductivity,343.1,320-360,0.03148524409063583
ElectricalConductivity,355.8,320-360,0.07026291070816137
ElectricalConductivity,318.15,300-320,0.03347629929210383
ElectricalConductivity,328.15,320-360,0.022120535325936483
ElectricalConductivity,368.1,>360,0.008576854028827366
ElectricalConductivity,353.15,320-360,0.040100326659476826
ElectricalConductivity,318.15,300-320,0.03465392892091773
ElectricalConductivity,295.1,280-300,0.017694089018856385
ElectricalConductivity,328.15,320-360,0.06291577040599045
ElectricalConductivity,195.2,<280,0.707589696871608
ElectricalConductivity,303.15,300-320,0.03328623917191287
ElectricalConductivity,288.15,280-300,0.011503335293920447
ElectricalConductivity,298.1,280-300,0.2189876921635019
ElectricalConductivity,298.15,280-300,0.00046060421683025154
ElectricalConductivity,353.0,320-360,0.017648668568872705
ElectricalConductivity,318.15,300-320,0.02350370582581418
ElectricalConductivity,293.1,280-300,0.7773569741409672
ElectricalConductivity,283.15,280-300,0.09472386364964969
ElectricalConductivity,303.8,300-320,0.09954182931022171
ElectricalConductivity,300.15,300-320,0.05776864843013085
ElectricalConductivity,347.15,320-360,0.06882979500744807
ElectricalConductivity,308.15,300-320,0.07459223327573405
ElectricalConductivity,313.15,300-320,0.04352973302014107
ElectricalConductivity,363.7,>360,0.07169941842091143
ElectricalConductivity,358.4,320-360,0.0829489763983724
ElectricalConductivity,353.15,320-360,0.004665339019690906
ElectricalConductivity,458.1,>360,0.035497735186135415
ElectricalConductivity,373.0,>360,0.05137797304093927
ElectricalConductivity,367.7,>360,0.1678389080761855
ElectricalConductivity,343.15,320-360,0.059584039913968545
ElectricalConductivity,298.15,280-300,0.009669818441659817
ElectricalConductivity,382.45,>360,0.005037556478524885
ElectricalConductivity,314.15,300-320,0.017965804484624037
ElectricalConductivity,283.0,280-300,0.03148806865049503
ElectricalConductivity,293.0,280-300,0.0707592049719632
ElectricalConductivity,353.2,320-360,0.0367740336610817
ElectricalConductivity,302.15,300-320,0.05063222834543235
ElectricalConductivity,323.15,320-360,0.0012683895064669048
ElectricalConductivity,288.15,280-300,0.037850876341866346
ElectricalConductivity,298.1,280-300,0.062356929468760036
ElectricalConductivity,338.15,320-360,0.05886133357328349
ElectricalConductivity,313.4,300-320,0.09341386477844171
ElectricalConductivity,328.15,320-360,0.0842246775871136
ElectricalConductivity,353.9,320-360,0.044386293928663
ElectricalConductivity,428.15,>360,0.17444894455992888
ElectricalConductivity,485.75,>360,0.2298578875521335
ElectricalConductivity,338.2,320-360,0.34532689221401014
ElectricalConductivity,516.45,>360,0.019097157475504195
ElectricalConductivity,343.15,320-360,0.05028641279902362
ElectricalConductivity,258.15,<280,0.18893897549934668
ElectricalConductivity,283.0,280-300,0.10230952325313677
ElectricalConductivity,388.15,>360,0.0687566414739158
ElectricalConductivity,342.75,320-360,0.1199142041800747
ElectricalConductivity,303.15,300-320,0.05612542941203702
ElectricalConductivity,318.15,300-320,0.3072551051772704
ElectricalConductivity,263.0,<280,0.027161111002054206
ElectricalConductivity,306.15,300-320,0.18785804370319736
ElectricalConductivity,393.1,>360,0.16445894959441465
ElectricalConductivity,313.4,300-320,0.0622888740715945
ElectricalConductivity,298.15,280-300,0.002978131418553076
ElectricalConductivity,358.15,320-360,0.08888435903750103
ElectricalConductivity,306.55,300-320,0.1021180435281511
ElectricalConductivity,428.15,>360,0.056726537494318
ElectricalConductivity,393.1,>360,0.04736520150935419
ElectricalConductivity,328.3,320-360,0.1629524467619885
ElectricalConductivity,323.0,320-360,0.28915155900514156
ElectricalConductivity,313.15,300-320,0.014050749148873276
ElectricalConductivity,378.0,>360,0.02035566066978811
ElectricalConductivity,313.15,300-320,0.028148840145229448
ElectricalConductivity,343.14,320-360,0.028208616236021
ElectricalConductivity,348.15,320-360,0.04873433338267974
ElectricalConductivity,293.0,280-300,0.42241499470481986
ElectricalConductivity,293.25,280-300,0.2492353211270247
ElectricalConductivity,335.6,320-360,0.03901268718286604
ElectricalConductivity,318.25,300-320,0.02318711507379656
ElectricalConductivity,333.3,320-360,0.20548321580696172
ElectricalConductivity,313.15,300-320,0.09309454984467119
ElectricalConductivity,313.15,300-320,0.01639687887665775
ElectricalConductivity,478.1,>360,0.09478197845815517
ElectricalConductivity,308.32,300-320,0.20441719583778695
ElectricalConductivity,313.15,300-320,0.05670504132374288
ElectricalConductivity,298.15,280-300,0.23345447163869082
ElectricalConductivity,448.15,>360,0.029939824876100696
ElectricalConductivity,353.1,320-360,0.08401106198547337
ElectricalConductivity,333.15,320-360,0.01791654041014823
ElectricalConductivity,300.65,300-320,0.017694334567599057
ElectricalConductivity,338.0,320-360,0.02068754506895376
ElectricalConductivity,318.15,300-320,0.2019311260096286
ElectricalConductivity,313.15,300-320,0.014180659066877155
ElectricalConductivity,283.15,280-300,0.07818613315596146
ElectricalConductivity,333.15,320-360,0.05707569027980619
ElectricalConductivity,293.0,280-300,0.2605666509545571
ElectricalConductivity,293.1,280-300,0.03287013220203083
ElectricalConductivity,298.1,280-300,1.9946674930276926
ElectricalConductivity,353.15,320-360,0.24473992968037084
ElectricalConductivity,303.15,300-320,0.028623505499496105
ElectricalConductivity,303.15,300-320,0.05544919775219126
ElectricalConductivity,298.15,280-300,0.19029458049319192
ElectricalConductivity,368.15,>360,0.043689932223559325
ElectricalConductivity,313.15,300-320,0.006160863868775169
ElectricalConductivity,363.1,>360,0.7176176796188949
ElectricalConductivity,298.15,280-300,0.046033017419767175
ElectricalConductivity,303.15,300-320,0.02898697649424742
ElectricalConductivity,303.1,300-320,0.029815886395955005
ElectricalConductivity,313.15,300-320,0.0047729118467102205
ElectricalConductivity,298.1,280-300,0.4941791083160605
ElectricalConductivity,298.15,280-300,0.2916772697976304
ElectricalConductivity,452.65,>360,0.0695930318430447
ElectricalConductivity,343.15,320-360,0.0696469314914161
ElectricalConductivity,283.15,280-300,0.1089130352522858
ElectricalConductivity,288.15,280-300,0.5206178829354842
ElectricalConductivity,313.15,300-320,0.1549732585250571
ElectricalConductivity,388.15,>360,0.009483237323075544
ElectricalConductivity,300.15,300-320,0.18323801240342275
ElectricalConductivity,343.15,320-360,0.17283511966840476
ElectricalConductivity,298.15,280-300,3.9783694496244637
ElectricalConductivity,308.15,300-320,0.11709592824321913
ElectricalConductivity,318.15,300-320,0.21142510495670003
ElectricalConductivity,311.05,300-320,0.10960102019300055
ElectricalConductivity,353.15,320-360,0.01790985460709571
ElectricalConductivity,308.15,300-320,0.009929696644111474
ElectricalConductivity,298.15,280-300,0.024111674328926802
ElectricalConductivity,303.1,300-320,0.0005847956208722138
ElectricalConductivity,278.15,<280,0.10727666491501697
ElectricalConductivity,348.0,320-360,0.09567130777158872
ElectricalConductivity,293.0,280-300,0.1287707421579407
ElectricalConductivity,209.0,<280,0.07988338173812437
ElectricalConductivity,468.15,>360,0.1007395883006077
ElectricalConductivity,293.15,280-300,0.054655036588445505
ElectricalConductivity,353.15,320-360,0.0741475128928592
ElectricalConductivity,323.15,320-360,0.03684569286582004
ElectricalConductivity,340.1,320-360,0.18189448148329124
ElectricalConductivity,353.15,320-360,0.09816795416449728
ElectricalConductivity,313.15,300-320,0.03733944980730142
ElectricalConductivity,413.1,>360,0.5363368637453314
ElectricalConductivity,313.15,300-320,0.04565291295120111
ElectricalConductivity,353.1,320-360,0.13855250291900223
ElectricalConductivity,408.1,>360,0.023475688835205233
ElectricalConductivity,258.05,<280,0.0826753849439803
ElectricalConductivity,278.0,<280,0.04801717153645013
ElectricalConductivity,212.0,<280,1.0115016969895496
ElectricalConductivity,338.15,320-360,0.013509380153977735
ElectricalConductivity,318.15,300-320,0.04196273525597287
ElectricalConductivity,283.0,280-300,2.5410022881379932
ElectricalConductivity,318.15,300-320,0.045955507104113696
ElectricalConductivity,307.1,300-320,0.2507037326895549
ElectricalConductivity,323.15,320-360,0.02952241262788613
ElectricalConductivity,298.15,280-300,0.018686008507990515
ElectricalConductivity,303.09,300-320,0.06365265738488746
ElectricalConductivity,494.05,>360,0.47667100709957677
ElectricalConductivity,318.15,300-320,0.044964543932872414
ElectricalConductivity,298.15,280-300,0.061176035225009695
ElectricalConductivity,337.9,320-360,0.08461497208977328
ElectricalConductivity,343.6,320-360,0.09292394514852542
ElectricalConductivity,343.15,320-360,0.0368092977739336
ElectricalConductivity,303.15,300-320,0.05607615493533328
ElectricalConductivity,303.15,300-320,0.07214257449689532
ElectricalConductivity,327.8,320-360,0.008063415077579683
ElectricalConductivity,268.1,<280,0.04555462584687309
ElectricalConductivity,343.1,320-360,0.056896029484041044
ElectricalConductivity,323.0,320-360,0.20950384784749126
ElectricalConductivity,323.15,320-360,0.028903588688127146
ElectricalConductivity,268.0,<280,0.7712540406854993
ElectricalConductivity,323.15,320-360,0.1445479331668964
ElectricalConductivity,323.15,320-360,0.12397938640908623
ElectricalConductivity,293.0,280-300,0.11146948462612494
ElectricalConductivity,303.15,300-320,0.058511638935729304
ElectricalConductivity,349.5,320-360,0.08108280979577343
ElectricalConductivity,383.1,>360,0.011850426123305835
ElectricalConductivity,373.1,>360,0.007342875474593891
ElectricalConductivity,346.1,320-360,0.165209042272628
ElectricalConductivity,333.15,320-360,0.048871389430731105
ElectricalConductivity,323.15,320-360,0.011326790838097733
ElectricalConductivity,358.15,320-360,0.021448567666603857
ElectricalConductivity,298.0,280-300,0.6255112403794328
ElectricalConductivity,338.0,320-360,0.22962246380580642
ElectricalConductivity,338.0,320-360,0.061707637645124214
ElectricalConductivity,286.4,280-300,0.14633492698065412
ElectricalConductivity,298.15,280-300,0.2715568574446734
ElectricalConductivity,303.15,300-320,0.20106537054189588
ElectricalConductivity,318.0,300-320,0.13830097893088128
ElectricalConductivity,348.15,320-360,0.0049140175257407215
ElectricalConductivity,348.8,320-360,0.13831471782158555
ElectricalConductivity,328.0,320-360,0.059587052539235796
ElectricalConductivity,283.0,280-300,0.08804620769682359
ElectricalConductivity,363.15,>360,0.023652736529340634
ElectricalConductivity,278.2,<280,0.21012625110538363
ElectricalConductivity,308.15,300-320,0.34395875298217105
ElectricalConductivity,306.1,300-320,0.3081082877322441
ElectricalConductivity,278.15,<280,0.05099510489813275
ElectricalConductivity,318.15,300-320,0.13485534049641945
ElectricalConductivity,328.17,320-360,0.009264517524568062
ElectricalConductivity,323.1,320-360,0.1674590987877178
ElectricalConductivity,333.15,320-360,0.05352582862095989
ElectricalConductivity,348.0,320-360,0.07155237565899393
ElectricalConductivity,348.1,320-360,0.06495577952932585
ElectricalConductivity,323.13,320-360,0.202660790873062
ElectricalConductivity,293.15,280-300,0.11183695734467225
ElectricalConductivity,293.15,280-300,0.07552379147160748
ElectricalConductivity,453.1,>360,0.08546896972984663
ElectricalConductivity,328.4,320-360,0.05339240366880538
ElectricalConductivity,298.15,280-300,0.13849313654025952
ElectricalConductivity,325.65,320-360,0.0449146570225655
ElectricalConductivity,313.15,300-320,0.0941217056566952
ElectricalConductivity,343.3,320-360,0.12217618493457172
ElectricalConductivity,288.15,280-300,0.10288233043498862
ElectricalConductivity,310.65,300-320,0.001683894508176298
ElectricalConductivity,283.15,280-300,0.07295744394059867
ElectricalConductivity,323.0,320-360,0.40086693364108117
ElectricalConductivity,313.156,300-320,0.053151563916287614
ElectricalConductivity,251.2,<280,0.13123503574709527
ElectricalConductivity,283.15,280-300,0.11320060201159388
ElectricalConductivity,300.15,300-320,0.17466799166618374
ElectricalConductivity,333.5,320-360,0.05219859525724846
ElectricalConductivity,373.0,>360,0.14474494054159637
ElectricalConductivity,295.65,280-300,0.07952514596786744
ElectricalConductivity,298.15,280-300,0.05187973580001903
ElectricalConductivity,323.2,320-360,0.3840890162929672
ElectricalConductivity,372.05,>360,0.06593879563735161
ElectricalConductivity,293.1,280-300,0.09977859777599307
ElectricalConductivity,448.15,>360,0.06164063248574814
ElectricalConductivity,308.7,300-320,0.13622343385322822
ElectricalConductivity,323.15,320-360,0.12055359192716153
ElectricalConductivity,338.0,320-360,0.027658884596518662
ElectricalConductivity,301.05,300-320,0.17388066422931747
ElectricalConductivity,333.6,320-360,0.1445342770585194
ElectricalConductivity,318.2,300-320,0.06064533424023799
ElectricalConductivity,308.15,300-320,0.02025604453059593
ElectricalConductivity,308.15,300-320,0.04761194997007878
ElectricalConductivity,268.2,<280,0.11499502577033105
ElectricalConductivity,308.15,300-320,0.09941710963947481
ElectricalConductivity,308.0,300-320,0.015342481736772218
ElectricalConductivity,345.6,320-360,0.04957660873335906
ElectricalConductivity,298.15,280-300,0.27968066362949917
ElectricalConductivity,288.1,280-300,0.01214030730368268
ElectricalConductivity,408.1,>360,0.07498770807065158
ElectricalConductivity,338.15,320-360,0.23686734445209312
ElectricalConductivity,338.15,320-360,0.8477577403864691
ElectricalConductivity,303.15,300-320,0.06271859292350057
ElectricalConductivity,338.15,320-360,0.12484706411301702
ElectricalConductivity,293.0,280-300,0.1868367122890353
ElectricalConductivity,358.15,320-360,1.0347638036981035
ElectricalConductivity,338.15,320-360,0.04793602420480708
ElectricalConductivity,303.15,300-320,0.03094710189565264
ElectricalConductivity,303.15,300-320,0.04952518122858307
ElectricalConductivity,393.1,>360,0.0023534610987208104
ElectricalConductivity,333.4,320-360,0.026356862834268302
ElectricalConductivity,355.1,320-360,0.06694130025387601
ElectricalConductivity,343.15,320-360,0.0824298270243877
ElectricalConductivity,323.15,320-360,0.030346593761471086
ElectricalConductivity,408.15,>360,0.06259308459512836
ElectricalConductivity,319.15,300-320,0.01131320391244195
ElectricalConductivity,313.15,300-320,0.00162163911924873
ElectricalConductivity,263.0,<280,0.21319541945963127
ElectricalConductivity,313.15,300-320,0.07532025573385503
ElectricalConductivity,323.0,320-360,0.07210858214168536
ElectricalConductivity,348.15,320-360,0.037331921666102774
ElectricalConductivity,438.15,>360,0.1493036020035603
ElectricalConductivity,333.95,320-360,0.12874662743463872
ElectricalConductivity,298.4,280-300,0.13862543865479715
ElectricalConductivity,330.15,320-360,0.0023491306194910033
ElectricalConductivity,298.15,280-300,0.06286203649397837
ElectricalConductivity,323.15,320-360,0.11640078873724147
ElectricalConductivity,348.2,320-360,0.16944094794381276
ElectricalConductivity,288.15,280-300,0.06134557050611167
ElectricalConductivity,288.15,280-300,0.0010267568424651152
ElectricalConductivity,335.05,320-360,0.037353856912131445
ElectricalConductivity,353.31,320-360,0.0444853791249428
ElectricalConductivity,300.15,300-320,0.003506200110533153
ElectricalConductivity,333.1,320-360,0.05465277809430656
ElectricalConductivity,323.15,320-360,0.03313938172818076
ElectricalConductivity,322.15,320-360,0.008303089474565206
ElectricalConductivity,448.15,>360,0.0667423086461445
ElectricalConductivity,248.2,<280,0.060256989415539586
ElectricalConductivity,323.15,320-360,0.036791972985527055
ElectricalConductivity,303.15,300-320,0.16829161187565023
ElectricalConductivity,298.4,280-300,0.15655203445827603
ElectricalConductivity,338.15,320-360,0.03471313086702055
ElectricalConductivity,278.1,<280,0.06982722579835876
ElectricalConductivity,303.15,300-320,0.015488067198440633
ElectricalConductivity,298.15,280-300,0.07585545863685716
ElectricalConductivity,298.15,280-300,0.09839874139085225
ElectricalConductivity,378.15,>360,0.03765863885578513
ElectricalConductivity,298.1,280-300,0.0885403464998662
ElectricalConductivity,328.15,320-360,0.05417402305766458
ElectricalConductivity,333.15,320-360,0.0040082432634827025
ElectricalConductivity,288.15,280-300,0.04022455536786573
ElectricalConductivity,343.3,320-360,0.10538528699606431
ElectricalConductivity,458.15,>360,0.0007723532290773161
ElectricalConductivity,293.8,280-300,0.010530688122600107
ElectricalConductivity,408.0,>360,0.10986605526613058
ElectricalConductivity,323.15,320-360,0.02290608147700035
ElectricalConductivity,293.15,280-300,0.024519916954105714
ElectricalConductivity,348.15,320-360,0.05013808404720943
ElectricalConductivity,273.15,<280,0.00046683505001254844
ElectricalConductivity,273.2,<280,0.18201861549052412
ElectricalConductivity,302.85,300-320,0.1190459658720191
ElectricalConductivity,458.15,>360,0.04799600981429508
ElectricalConductivity,338.15,320-360,0.007672091320550356
ElectricalConductivity,243.0,<280,0.34380601950323886
ElectricalConductivity,288.15,280-300,0.08495400690916188
ElectricalConductivity,333.15,320-360,0.027675513494766046
ElectricalConductivity,303.14,300-320,0.0311683272892056
ElectricalConductivity,298.1,280-300,0.09940757619775198
ElectricalConductivity,263.0,<280,0.3339841901695939
ElectricalConductivity,300.15,300-320,0.5759847419033106
ElectricalConductivity,313.15,300-320,0.06690522404909749
ElectricalConductivity,323.0,320-360,0.24497369893327803
ElectricalConductivity,295.1,280-300,0.41599179530155195
ElectricalConductivity,195.2,<280,1.4547969677405703
ElectricalConductivity,323.0,320-360,0.09113974611890746
ElectricalConductivity,348.1,320-360,0.06128032984139775
ElectricalConductivity,293.15,280-300,0.006390888410528928
ElectricalConductivity,308.0,300-320,0.23250629367608155
ElectricalConductivity,293.15,280-300,0.04439781723534808
ElectricalConductivity,273.15,<280,0.09675412080893686
ElectricalConductivity,303.15,300-320,0.019534739458588746
ElectricalConductivity,283.1,280-300,0.03715477536698231
ElectricalConductivity,317.231,300-320,0.08555383364395808
ElectricalConductivity,221.0,<280,0.4592534437566176
ElectricalConductivity,303.2,300-320,0.13909635794508735
ElectricalConductivity,298.15,280-300,0.10102975014195348
ElectricalConductivity,298.15,280-300,0.057227211322621985
ElectricalConductivity,325.65,320-360,0.04225003421509044
ElectricalConductivity,298.15,280-300,0.05707987376226331
ElectricalConductivity,308.0,300-320,0.07949373296497791
ElectricalConductivity,295.65,280-300,0.016622053958788907
ElectricalConductivity,338.6,320-360,0.1357008011589551
ElectricalConductivity,238.2,<280,0.16229553161693033
ElectricalConductivity,323.15,320-360,0.23960143558516522
ElectricalConductivity,333.15,320-360,0.12197233352521497
ElectricalConductivity,328.15,320-360,0.00871384059874315
ElectricalConductivity,353.15,320-360,0.04227449884675316
ElectricalConductivity,298.1,280-300,0.03831756987983492
ElectricalConductivity,338.15,320-360,0.04511831567958624
ElectricalConductivity,348.15,320-360,0.010614561829487168
ElectricalConductivity,288.5,280-300,0.5829636324991947
ElectricalConductivity,293.15,280-300,0.018889768711369825
ElectricalConductivity,328.2,320-360,0.3570317706452091
ElectricalConductivity,318.15,300-320,0.010234154510977866
ElectricalConductivity,308.1,300-320,0.3965225660897127
ElectricalConductivity,358.15,320-360,0.0925796060458396
ElectricalConductivity,318.15,300-320,0.0786198899495496
ElectricalConductivity,283.0,280-300,0.027553031473633305
ElectricalConductivity,323.15,320-360,0.04966591561177813
ElectricalConductivity,338.9,320-360,0.10556323677062407
ElectricalConductivity,318.04,300-320,0.22394637348971025
ElectricalConductivity,203.2,<280,0.19775762778101758
ElectricalConductivity,348.15,320-360,0.0029408873312551376
ElectricalConductivity,362.45,>360,0.0137241811471156
ElectricalConductivity,404.5,>360,0.04838122919871202
ElectricalConductivity,293.15,280-300,0.07337056413876286
ElectricalConductivity,310.65,300-320,0.009929389764307794
ElectricalConductivity,303.15,300-320,0.032309495956216905
ElectricalConductivity,283.1,280-300,0.04955997332429041
ElectricalConductivity,315.65,300-320,0.008561752908155196
ElectricalConductivity,368.15,>360,0.10810017636132607
ElectricalConductivity,318.0,300-320,0.03530393904546103
ElectricalConductivity,338.15,320-360,0.021446976473248558
ElectricalConductivity,315.518,300-320,0.09217166868331961
ElectricalConductivity,273.15,<280,0.0680857158032162
ElectricalConductivity,333.15,320-360,0.056018431702666405
ElectricalConductivity,316.0,300-320,0.04750161124619856
ElectricalConductivity,330.65,320-360,0.0639486622654162
ElectricalConductivity,293.15,280-300,1.693566831013949
ElectricalConductivity,323.34,320-360,0.02219308873121484
ElectricalConductivity,308.15,300-320,0.013786367599311955
ElectricalConductivity,298.8,280-300,0.04609204786840165
ElectricalConductivity,303.15,300-320,0.031154646254409557
ElectricalConductivity,300.65,300-320,0.029158654454207067
ElectricalConductivity,353.15,320-360,0.04604989664947823
ElectricalConductivity,342.15,320-360,0.05932280475709001
ElectricalConductivity,298.0,280-300,0.04744823674197596
ElectricalConductivity,323.15,320-360,0.05246460667244474
ElectricalConductivity,348.0,320-360,0.026995449607462287
ElectricalConductivity,308.0,300-320,0.09381227743958864
ElectricalConductivity,353.15,320-360,0.03868749473775847
ElectricalConductivity,213.2,<280,0.5122617145351143
ElectricalConductivity,293.0,280-300,0.06591492869291282
ElectricalConductivity,353.15,320-360,0.014396017154653995
ElectricalConductivity,368.15,>360,0.15982600215481935
ElectricalConductivity,342.57,320-360,0.056677577424109726
ElectricalConductivity,303.25,300-320,0.027767090367611047
ElectricalConductivity,322.75,320-360,0.14634623793116797
ElectricalConductivity,343.15,320-360,0.051689517933418805
ElectricalConductivity,343.15,320-360,0.04678149108907981
ElectricalConductivity,298.15,280-300,0.011363059978678702
ElectricalConductivity,357.8,320-360,0.2164745354094454
ElectricalConductivity,350.15,320-360,0.07294959046293337
ElectricalConductivity,358.15,320-360,0.08731230948872004
ElectricalConductivity,333.15,320-360,0.08056347181907764
ElectricalConductivity,313.15,300-320,0.02497988306936394
ElectricalConductivity,333.15,320-360,0.031097944107506215
ElectricalConductivity,348.4,320-360,0.011880663516394385
ElectricalConductivity,313.15,300-320,0.055377564702279614
ElectricalConductivity,285.65,280-300,0.04654888831811821
ElectricalConductivity,323.15,320-360,0.010465232436825372
ElectricalConductivity,303.13,300-320,0.3671172981144947
ElectricalConductivity,295.4,280-300,0.3449820788311354
ElectricalConductivity,215.2,<280,0.40207844025621853
ElectricalConductivity,293.15,280-300,4.606702809664306
ElectricalConductivity,318.15,300-320,0.1279177489023937
ElectricalConductivity,308.16,300-320,0.065842282712397
ElectricalConductivity,313.15,300-320,0.24701939470662637
ElectricalConductivity,297.65,280-300,0.15719707167106048
ElectricalConductivity,313.236,300-320,0.09977841967877588
ElectricalConductivity,313.3,300-320,0.017428171127621406
ElectricalConductivity,343.25,320-360,0.08067083338491843
ElectricalConductivity,348.15,320-360,0.15008684730415178
ElectricalConductivity,353.0,320-360,0.1951819553538865
ElectricalConductivity,293.2,280-300,0.27224549845790236
ElectricalConductivity,323.12,320-360,0.011469538341120133
ElectricalConductivity,328.15,320-360,0.018492794074843166
ElectricalConductivity,293.0,280-300,0.06172044677291133
ElectricalConductivity,318.15,300-320,0.011344101700657028
ElectricalConductivity,408.15,>360,0.07945169268665198
ElectricalConductivity,278.15,<280,0.009936602249678628
ElectricalConductivity,378.1,>360,0.018123969209594026
ElectricalConductivity,408.1,>360,0.017863967934253933
ElectricalConductivity,278.15,<280,1.2649429605215188
ElectricalConductivity,273.0,<280,0.07832948180026822
ElectricalConductivity,428.1,>360,0.09686001876475081
ElectricalConductivity,293.15,280-300,0.059930711238604495
ElectricalConductivity,323.15,320-360,0.04083344386206594
ElectricalConductivity,273.2,<280,0.03646952100353662
ElectricalConductivity,338.2,320-360,0.030176485471442555
ElectricalConductivity,303.15,300-320,0.04444847719135403
ElectricalConductivity,328.0,320-360,0.0942861144312312
ElectricalConductivity,368.15,>360,0.017605208802351835
ElectricalConductivity,313.15,300-320,0.013563882643622738
ElectricalConductivity,388.1,>360,0.0046308497629974354
ElectricalConductivity,253.0,<280,0.24422691616787517
ElectricalConductivity,323.0,320-360,0.04302582908065694
ElectricalConductivity,308.15,300-320,0.11197416203214505
ElectricalConductivity,298.85,280-300,0.14170630128574002
ElectricalConductivity,358.1,320-360,0.22249658679819362
ElectricalConductivity,293.5,280-300,0.009044970643219408
ElectricalConductivity,348.0,320-360,0.006341161093254888
ElectricalConductivity,298.15,280-300,0.001992415167164252
ElectricalConductivity,343.11,320-360,0.05469923486929887
ElectricalConductivity,278.1,<280,1.0155821739329944
ElectricalConductivity,313.15,300-320,0.01917304066230341
ElectricalConductivity,323.15,320-360,0.013927938993102712
ElectricalConductivity,353.15,320-360,0.11710615690488602
ElectricalConductivity,303.15,300-320,0.06971496945084854
ElectricalConductivity,312.45,300-320,0.10497067497393797
ElectricalConductivity,349.0,320-360,0.01803481775421581
ElectricalConductivity,298.15,280-300,0.07660081010600821
ElectricalConductivity,263.1,<280,0.006180759710686434
ElectricalConductivity,438.15,>360,0.04594988405214684
ElectricalConductivity,378.1,>360,0.009171326473568886
ElectricalConductivity,347.35,320-360,0.014667445677766233
ElectricalConductivity,278.0,<280,0.11036595049588878
ElectricalConductivity,318.0,300-320,0.08164139647633384
ElectricalConductivity,348.13,320-360,0.11714214910735804
ElectricalConductivity,303.15,300-320,0.12448217077996526
ElectricalConductivity,288.14,280-300,0.07707076794034995
ElectricalConductivity,303.15,300-320,0.036553933941768424
ElectricalConductivity,298.1,280-300,0.04154887153458198
ElectricalConductivity,333.15,320-360,0.018637425701112008
ElectricalConductivity,323.15,320-360,0.09467208245784398
ElectricalConductivity,323.11,320-360,0.020462898492543125
ElectricalConductivity,348.15,320-360,0.018356619159698107
ElectricalConductivity,293.15,280-300,0.03174120131025826
ElectricalConductivity,308.15,300-320,0.00891514176443664
ElectricalConductivity,398.0,>360,0.03524540456885239
ElectricalConductivity,298.15,280-300,0.32231784644427686
ElectricalConductivity,313.16,300-320,0.0001833501695052142
ElectricalConductivity,323.15,320-360,0.02236970136599492
ElectricalConductivity,383.1,>360,0.07407221610364711
ElectricalConductivity,390.0,>360,0.06426334910296028
ElectricalConductivity,372.49,>360,0.1968881808463998
ElectricalConductivity,318.0,300-320,0.030853140149566416
ElectricalConductivity,323.1,320-360,0.003172543538380035
ElectricalConductivity,313.15,300-320,0.008274776660772587
ElectricalConductivity,205.2,<280,0.24869194762788638
ElectricalConductivity,293.0,280-300,0.25409998081886154
ElectricalConductivity,418.15,>360,0.04326785185725868
ElectricalConductivity,308.15,300-320,0.047023415553657966
ElectricalConductivity,308.0,300-320,0.023338252108420887
ElectricalConductivity,308.15,300-320,0.017813436768485902
ElectricalConductivity,323.15,320-360,0.02121902409008551
ElectricalConductivity,337.0,320-360,0.017982479269722407
ElectricalConductivity,368.15,>360,0.044602215633233716
ElectricalConductivity,298.15,280-300,0.03265636778592085
ElectricalConductivity,308.0,300-320,0.062285677224471314
ElectricalConductivity,193.2,<280,1.9756247113849632
ElectricalConductivity,293.15,280-300,0.09564247706081241
ElectricalConductivity,308.15,300-320,0.07398992061201959
ElectricalConductivity,323.0,320-360,0.3351327767743376
ElectricalConductivity,424.25,>360,0.011387172471691909
ElectricalConductivity,318.15,300-320,0.026196698677549257
ElectricalConductivity,318.15,300-320,0.06749333580641848
ElectricalConductivity,353.15,320-360,0.01609836174682394
ElectricalConductivity,313.0,300-320,0.07264662527104404
ElectricalConductivity,338.13,320-360,0.05858428531706067
ElectricalConductivity,290.7,280-300,0.10569269406323056
ElectricalConductivity,343.05,320-360,0.03186843866142693
ElectricalConductivity,353.4,320-360,0.13086902673342848
ElectricalConductivity,314.532,300-320,0.09570724818638676
ElectricalConductivity,323.15,320-360,0.13477035310859087
ElectricalConductivity,308.0,300-320,0.07580884555952283
ElectricalConductivity,298.15,280-300,1.6279685945459597
ElectricalConductivity,318.6,300-320,0.11827762222987559
ElectricalConductivity,355.1,320-360,0.1263141314992744
ElectricalConductivity,293.15,280-300,0.08787804539161792
ElectricalConductivity,303.15,300-320,0.006606537066320639
ElectricalConductivity,343.05,320-360,0.042542455637519565
ElectricalConductivity,363.5,>360,0.004028371356874061
ElectricalConductivity,308.15,300-320,0.042848473440727286
ElectricalConductivity,298.15,280-300,0.04528065778420842
ElectricalConductivity,318.15,300-320,0.006831027559130898
ElectricalConductivity,343.0,320-360,0.1468912373769653
ElectricalConductivity,308.153,300-320,0.07524287519457484
ElectricalConductivity,303.0,300-320,0.28025028372442407
ElectricalConductivity,338.15,320-360,0.07965824814636416
ElectricalConductivity,318.162,300-320,0.0819803860261965
ElectricalConductivity,298.15,280-300,0.03088950770142973
ElectricalConductivity,303.15,300-320,0.025762793958755026
ElectricalConductivity,348.13,320-360,0.021054524840204203
ElectricalConductivity,515.35,>360,0.12466137796564442
ElectricalConductivity,352.54,320-360,0.0011179765944130393
ElectricalConductivity,323.0,320-360,0.011622952151649324
ElectricalConductivity,303.15,300-320,0.20070008747739165
ElectricalConductivity,358.6,320-360,0.05482002431695898
ElectricalConductivity,333.3,320-360,0.2110276138113032
ElectricalConductivity,348.15,320-360,0.044370720470752634
ElectricalConductivity,293.15,280-300,0.0031804586614416763
ElectricalConductivity,313.15,300-320,0.0909149708242476
ElectricalConductivity,283.1,280-300,0.023648025565717212
ElectricalConductivity,333.15,320-360,0.0047379241391865
ElectricalConductivity,293.0,280-300,1.4212804391760212
ElectricalConductivity,328.6,320-360,0.00839177935910218
ElectricalConductivity,327.95,320-360,0.07939689893687962
ElectricalConductivity,351.15,320-360,0.07405428542457126
HeatCapacity,353.15,320-360,0.013426754537140262
HeatCapacity,325.8,320-360,0.0015731144087798299
HeatCapacity,325.65,320-360,0.05262570272405753
HeatCapacity,393.1,>360,0.2764544147276844
HeatCapacity,313.16,300-320,0.006158411578486067
HeatCapacity,328.1,320-360,0.0010615324549254623
HeatCapacity,301.15,300-320,0.00825257158482895
HeatCapacity,400.15,>360,0.0038580981978952877
HeatCapacity,295.15,280-300,0.06062365672084802
HeatCapacity,338.1,320-360,0.0017296284537549056
HeatCapacity,305.15,300-320,0.005346327649281335
HeatCapacity,304.15,300-320,0.0027423052795327862
HeatCapacity,336.2,320-360,0.03382493335595704
HeatCapacity,339.17,320-360,0.0019521739217029932
HeatCapacity,324.82,320-360,0.014870639682289521
HeatCapacity,323.15,320-360,0.011056953166848515
HeatCapacity,320.0,320-360,0.01150078087583406
HeatCapacity,380.0,>360,0.0013689495342745772
HeatCapacity,474.65,>360,0.002515327136070944
HeatCapacity,343.15,320-360,0.030828020118311983
HeatCapacity,353.15,320-360,0.003111785769623232
HeatCapacity,303.15,300-320,0.014617921861038496
HeatCapacity,299.15,280-300,0.022714128301274172
HeatCapacity,427.81,>360,0.009310776312291935
HeatCapacity,295.03,280-300,0.07302513955827905
HeatCapacity,338.15,320-360,0.022860076911487504
HeatCapacity,330.65,320-360,0.0035567423858067215
HeatCapacity,311.73,300-320,0.0017315029642590574
HeatCapacity,509.61,>360,0.005575652297122424
HeatCapacity,361.05,>360,1.8601508759985563e-06
HeatCapacity,363.0,>360,0.008669906884847478
HeatCapacity,302.1,300-320,0.026254726816246965
HeatCapacity,367.47,>360,0.026247873506529906
HeatCapacity,315.15,300-320,0.005703523445876435
HeatCapacity,350.0,320-360,0.005606714317105244
HeatCapacity,308.15,300-320,0.027232636434385782
HeatCapacity,378.15,>360,0.008870155251648804
HeatCapacity,279.58,<280,0.0027632233291718933
HeatCapacity,355.59,320-360,0.002768157492500478
HeatCapacity,323.15,320-360,0.008834720293779519
HeatCapacity,307.15,300-320,0.006867946811203396
HeatCapacity,325.15,320-360,0.011830290989016667
HeatCapacity,358.76,320-360,0.010530385202059733
HeatCapacity,450.43,>360,3.336689265154291e-05
HeatCapacity,343.2,320-360,0.009899623674848534
HeatCapacity,333.716,320-360,0.0022306872495283514
HeatCapacity,313.13,300-320,0.02262157962395861
HeatCapacity,404.13,>360,0.0005965512018724084
HeatCapacity,306.72,300-320,0.0007863979521403053
HeatCapacity,286.27,280-300,0.0018805688677101529
HeatCapacity,298.1,280-300,0.1254511852699407
HeatCapacity,513.36,>360,0.00055065710423019
HeatCapacity,343.2,320-360,0.0009684514658898635
HeatCapacity,323.0,320-360,0.033426705116721855
HeatCapacity,353.15,320-360,0.040566014646188364
HeatCapacity,200.0,<280,0.002223916542380522
HeatCapacity,353.2,320-360,0.033709113540350444
HeatCapacity,363.15,>360,0.02465067481432026
HeatCapacity,330.15,320-360,0.014194914158299987
HeatCapacity,351.45,320-360,0.0013937334575215843
HeatCapacity,341.15,320-360,0.001232664843440645
HeatCapacity,324.6,320-360,0.0004564284772285987
HeatCapacity,345.32,320-360,0.0025076957982781423
HeatCapacity,288.719,280-300,0.012370041329888615
HeatCapacity,300.49,300-320,0.00179657179063053
HeatCapacity,224.9,<280,0.0063690640129934195
HeatCapacity,393.15,>360,0.008930655027232781
HeatCapacity,321.15,320-360,0.0061631592518924805
HeatCapacity,233.2,<280,0.023878587748511926
HeatCapacity,363.75,>360,0.0005183527201522153
HeatCapacity,324.15,320-360,0.009328364132314526
HeatCapacity,388.15,>360,0.010399784747726848
HeatCapacity,332.15,320-360,0.006968541100931702
HeatCapacity,323.15,320-360,0.0004395813718041097
HeatCapacity,367.5,>360,0.013380946402167027
HeatCapacity,416.29,>360,0.00046293850760381616
HeatCapacity,301.2,300-320,0.030373578832726622
HeatCapacity,412.22,>360,0.007450607460075531
HeatCapacity,328.18,320-360,0.0271755836195835
HeatCapacity,310.0,300-320,0.010375896559619235
HeatCapacity,503.59,>360,0.0011686233071248608
HeatCapacity,327.15,320-360,0.0018343964221942954
HeatCapacity,466.59,>360,0.002735637104155586
HeatCapacity,352.7,320-360,0.002087141244973445
HeatCapacity,388.0,>360,0.0018549616626319931
HeatCapacity,341.15,320-360,0.012473549566010433
HeatCapacity,300.15,300-320,0.004660591542267056
HeatCapacity,388.15,>360,0.012025823666899527
HeatCapacity,336.68,320-360,0.030883761084161243
HeatCapacity,385.03,>360,0.05672459606606761
HeatCapacity,344.15,320-360,0.002203429998096418
HeatCapacity,338.15,320-360,0.007505375334377895
HeatCapacity,406.72,>360,0.005339609978938675
HeatCapacity,365.564,>360,0.008016625248312259
HeatCapacity,300.15,300-320,0.00046585412063837595
HeatCapacity,306.07,300-320,0.00023514184351558498
HeatCapacity,468.39,>360,0.0034518678485166987
HeatCapacity,361.0,>360,0.011708682000683979
HeatCapacity,330.0,320-360,0.012540409576264011
HeatCapacity,340.56,320-360,0.022144329507451488
HeatCapacity,308.15,300-320,0.004153233629765829
HeatCapacity,343.22,320-360,0.02983420748927479
HeatCapacity,433.15,>360,0.0077800075236353905
HeatCapacity,485.83,>360,0.002210074220516667
HeatCapacity,393.0,>360,0.08170368512093962
HeatCapacity,465.89,>360,0.006191291709561675
HeatCapacity,338.39,320-360,0.0019903095475655164
HeatCapacity,328.15,320-360,0.0043191757050236035
HeatCapacity,303.15,300-320,0.011014021263105356
HeatCapacity,303.1,300-320,0.0354647070339249
HeatCapacity,305.65,300-320,0.02012255670971186
HeatCapacity,337.684,320-360,0.00393001835602913
HeatCapacity,338.91,320-360,0.002273096742781533
HeatCapacity,340.2,320-360,0.018004817224813507
HeatCapacity,332.22,320-360,0.0014648613419332435
HeatCapacity,470.2,>360,0.0017504215047390304
HeatCapacity,513.93,>360,0.0028591297945990135
HeatCapacity,403.17,>360,0.0012513374695712898
HeatCapacity,398.15,>360,0.004502336440064703
HeatCapacity,407.27,>360,0.006459722925994171
HeatCapacity,277.5,<280,0.0017027999721745957
HeatCapacity,329.56,320-360,0.014575838778815076
HeatCapacity,440.6,>360,0.0005827304288192892
HeatCapacity,271.45,<280,0.008991347571273955
HeatCapacity,359.86,320-360,0.009429017224779734
HeatCapacity,293.15,280-300,0.008652281387740324
HeatCapacity,314.15,300-320,0.0069513250362343015
HeatCapacity,348.15,320-360,0.017136070142255377
HeatCapacity,548.15,>360,0.002835728456551223
HeatCapacity,277.92,<280,0.004429907339430272
HeatCapacity,318.15,300-320,0.036994070507070376
HeatCapacity,304.15,300-320,0.01863952603422092
HeatCapacity,345.15,320-360,0.005103588141961879
HeatCapacity,348.14,320-360,0.0014571352784260583
HeatCapacity,335.15,320-360,0.009171572835133368
HeatCapacity,390.15,>360,0.018463651575383544
HeatCapacity,340.2,320-360,0.002247867607994891
HeatCapacity,333.15,320-360,0.004349251153695555
HeatCapacity,343.15,320-360,0.00953590676776539
HeatCapacity,308.15,300-320,0.0007009834196951559
HeatCapacity,290.0,280-300,0.0029893666550249165
HeatCapacity,299.15,280-300,0.03060711621611567
HeatCapacity,348.15,320-360,0.0005883759065632432
HeatCapacity,320.15,320-360,0.024229401586853605
HeatCapacity,343.15,320-360,0.003152857428299072
HeatCapacity,289.97,280-300,0.0010756469037884742
HeatCapacity,318.04,300-320,0.004536155745407555
HeatCapacity,324.15,320-360,0.006762506469119245
HeatCapacity,320.65,320-360,0.020020555982307897
HeatCapacity,343.15,320-360,0.0017547483690201204
HeatCapacity,315.15,300-320,0.007832067847624913
HeatCapacity,327.34,320-360,0.002758097711144991
HeatCapacity,373.12,>360,0.00014882922254155773
HeatCapacity,439.76,>360,0.002523015207659185
HeatCapacity,318.16,300-320,0.0011568237916321777
HeatCapacity,458.8,>360,0.0019540618493048
HeatCapacity,320.15,320-360,0.00343365233788262
HeatCapacity,459.21,>360,0.0010809864664169666
HeatCapacity,351.28,320-360,0.01086153326307393
HeatCapacity,334.59,320-360,0.0005069595288160755
HeatCapacity,355.09,320-360,0.011934187626104098
HeatCapacity,310.15,300-320,0.004229071540825302
HeatCapacity,313.15,300-320,0.049271120004109825
HeatCapacity,218.54,<280,9.501464967254236e-05
HeatCapacity,338.15,320-360,0.0011362885345933549
HeatCapacity,477.18,>360,0.001022843724450162
HeatCapacity,219.08,<280,0.005850789468675899
HeatCapacity,313.15,300-320,0.003313027545159386
HeatCapacity,283.15,280-300,0.005043039602753652
HeatCapacity,448.15,>360,0.004665446431466158
HeatCapacity,319.391,300-320,0.0066776362789395804
HeatCapacity,323.15,320-360,0.03977597599662719
HeatCapacity,502.33,>360,0.003872428435228059
HeatCapacity,383.17,>360,0.017591454371982174
HeatCapacity,313.1,300-320,0.002839633908473971
HeatCapacity,285.44,280-300,0.0020452761369416095
HeatCapacity,318.08,300-320,0.02509346825917369
HeatCapacity,330.15,320-360,0.005511216297516164
HeatCapacity,359.72,320-360,0.004650242581803354
HeatCapacity,338.15,320-360,0.028480384052859797
HeatCapacity,302.1,300-320,0.00046341386727988265
HeatCapacity,236.02,<280,0.010148412702303489
HeatCapacity,293.817,280-300,0.0026846382954719417
HeatCapacity,312.56,300-320,0.007696658380859311
HeatCapacity,417.52,>360,0.001820161765400563
HeatCapacity,349.89,320-360,0.007929281014648737
HeatCapacity,265.62,<280,0.003974035326334224
HeatCapacity,358.25,320-360,0.006242773009654812
HeatCapacity,365.15,>360,0.003063607124858869
HeatCapacity,503.73,>360,0.0030666733611930397
HeatCapacity,428.72,>360,0.0010660772376738237
HeatCapacity,257.774,<280,0.005953314705815949
HeatCapacity,328.15,320-360,0.0664158545868121
HeatCapacity,330.0,320-360,0.012983323637498323
HeatCapacity,361.83,>360,0.00028087878406601874
HeatCapacity,340.2,320-360,0.00225076346187425
HeatCapacity,346.15,320-360,0.009640317478438298
HeatCapacity,322.15,320-360,0.011317326892570811
HeatCapacity,366.52,>360,0.015215405770520718
HeatCapacity,360.15,>360,0.002837680406980958
HeatCapacity,307.15,300-320,0.013596981120595153
HeatCapacity,280.64,280-300,0.0025791358125868413
HeatCapacity,290.0,280-300,0.009376632792583273
HeatCapacity,337.15,320-360,0.0018118356612859543
HeatCapacity,318.15,300-320,0.015264076745951094
HeatCapacity,363.15,>360,0.3441819786972511
HeatCapacity,355.15,320-360,0.02654357520767725
HeatCapacity,298.1,280-300,0.0002006777358509737
HeatCapacity,338.61,320-360,0.003850396144454038
HeatCapacity,336.15,320-360,0.02663503504426412
HeatCapacity,306.35,300-320,0.019306228986824436
HeatCapacity,368.2,>360,0.012416380668852867
HeatCapacity,328.2,320-360,0.014949830341426384
HeatCapacity,299.15,280-300,0.005415977864446475
HeatCapacity,288.15,280-300,0.030884715424261522
HeatCapacity,367.14,>360,0.004566163949569102
HeatCapacity,338.1,320-360,0.00805434835168306
HeatCapacity,263.34,<280,0.003744199738259013
HeatCapacity,314.15,300-320,0.0038844353521358954
HeatCapacity,343.15,320-360,0.0004334368633456265
HeatCapacity,324.15,320-360,0.03149647527415489
HeatCapacity,323.15,320-360,0.005278128741928789
HeatCapacity,356.52,320-360,0.047796238130501933
HeatCapacity,263.669,<280,0.0013332481653733907
HeatCapacity,364.36,>360,0.006779149511499938
HeatCapacity,325.1,320-360,0.005268545980999129
HeatCapacity,348.15,320-360,0.019962251535450726
HeatCapacity,380.33,>360,8.455959901176868e-05
HeatCapacity,363.15,>360,0.001790104876697285
HeatCapacity,333.22,320-360,0.020428144515687308
HeatCapacity,362.45,>360,8.45225819201545e-05
HeatCapacity,435.32,>360,0.0016823284743310296
HeatCapacity,390.15,>360,0.008005660018887362
HeatCapacity,320.2,320-360,0.08068231266820813
HeatCapacity,343.89,320-360,0.0144267145356336
HeatCapacity,331.15,320-360,0.012574602853534955
HeatCapacity,330.15,320-360,0.05521532502328519
HeatCapacity,353.0,320-360,0.2118915795325682
HeatCapacity,327.15,320-360,0.010779781627724638
HeatCapacity,324.15,320-360,0.004923928487652773
HeatCapacity,349.01,320-360,0.00270416791603445
HeatCapacity,418.15,>360,0.0005670018029571011
HeatCapacity,313.15,300-320,0.0010921237495855607
HeatCapacity,388.15,>360,0.04578931921321949
HeatCapacity,303.15,300-320,0.022024213656592906
HeatCapacity,270.0,<280,0.0010305334960962753
HeatCapacity,298.0,280-300,0.010824195368469347
HeatCapacity,270.0,<280,0.006641867959987557
HeatCapacity,378.13,>360,0.006905166529555196
HeatCapacity,324.15,320-360,0.004689167642144554
HeatCapacity,383.15,>360,0.018358783627313358
HeatCapacity,515.9,>360,0.0020441816677756464
HeatCapacity,393.13,>360,0.0028105432808667175
HeatCapacity,336.69,320-360,0.00022359156598383834
HeatCapacity,305.15,300-320,0.002465780100052939
HeatCapacity,508.06,>360,0.004509086613698976
HeatCapacity,295.1,280-300,0.00162280019426575
HeatCapacity,312.11,300-320,0.0012579337241165334
HeatCapacity,297.97,280-300,0.004436880352648664
HeatCapacity,340.03,320-360,0.000538308150892064
HeatCapacity,322.1,320-360,0.005543087357035681
HeatCapacity,363.15,>360,0.01384684063569619
HeatCapacity,338.15,320-360,0.011027763345462738
HeatCapacity,337.15,320-360,0.004645422401505783
HeatCapacity,353.2,320-360,0.00318376131804321
HeatCapacity,363.15,>360,0.01593354269399061
HeatCapacity,308.15,300-320,0.020625138786199315
HeatCapacity,360.2,>360,0.0042019407189712865
HeatCapacity,400.6,>360,0.008677414760666302
HeatCapacity,203.86,<280,0.0003131593207683636
HeatCapacity,300.0,300-320,0.019347695102036155
HeatCapacity,368.14,>360,0.0037275117435573435
HeatCapacity,298.15,280-300,0.010320694288265209
HeatCapacity,329.62,320-360,0.0010883257327662932
HeatCapacity,332.2,320-360,0.07918264200923986
HeatCapacity,298.93,280-300,0.00958137347083543
HeatCapacity,293.15,280-300,0.0018096142039061291
HeatCapacity,278.57,<280,0.0020785191888839094
HeatCapacity,351.15,320-360,0.10955156688599033
HeatCapacity,287.44,280-300,0.007627597480471593
HeatCapacity,293.15,280-300,0.005832191123401387
HeatCapacity,314.15,300-320,0.0003491184934594216
HeatCapacity,299.1,280-300,0.0009684224376274031
HeatCapacity,255.56,<280,0.029096567036351217
HeatCapacity,300.05,300-320,0.004620638040664815
HeatCapacity,293.15,280-300,0.017172419532733407
HeatCapacity,353.18,320-360,0.00386574584870214
HeatCapacity,250.0,<280,0.0012483274060475225
HeatCapacity,236.7,<280,0.0007462305269241298
HeatCapacity,384.36,>360,0.0018763436190090133
HeatCapacity,353.18,320-360,0.006429670859342096
HeatCapacity,251.33,<280,0.004093690781679982
HeatCapacity,236.05,<280,0.0014658729683798555
HeatCapacity,344.02,320-360,0.006708546798090964
HeatCapacity,259.26,<280,0.005430629064474779
HeatCapacity,348.15,320-360,0.00616791690258367
HeatCapacity,297.15,280-300,0.009858595739716591
HeatCapacity,475.36,>360,0.0010896030198210838
HeatCapacity,320.0,320-360,0.008611713620506833
HeatCapacity,363.1,>360,0.0014129965875646633
HeatCapacity,336.15,320-360,0.036820806068375234
HeatCapacity,212.0,<280,0.053690977087277325
HeatCapacity,192.89,<280,0.0072607834157283335
HeatCapacity,278.15,<280,0.002632129272750916
HeatCapacity,407.92,>360,0.004101743248874357
HeatCapacity,337.916,320-360,0.0024165985597495165
HeatCapacity,315.15,300-320,0.0036806409419218866
HeatCapacity,357.15,320-360,0.030075182573661152
HeatCapacity,293.1,280-300,0.017478482477190305
HeatCapacity,325.15,320-360,0.0006851616070351341
HeatCapacity,223.2,<280,0.05637127760169047
HeatCapacity,330.65,320-360,0.018594738868301874
HeatCapacity,343.1,320-360,0.025061518545839157
HeatCapacity,297.87,280-300,0.023142888612015966
HeatCapacity,352.2,320-360,0.0005683269299243676
HeatCapacity,310.15,300-320,0.0011268552945802313
HeatCapacity,352.38,320-360,0.007535582400980623
HeatCapacity,298.25,280-300,0.007275193069115282
HeatCapacity,301.15,300-320,0.019308643886264854
HeatCapacity,318.13,300-320,0.0012889335281069947
HeatCapacity,220.61,<280,0.0064725395442186695
HeatCapacity,296.15,280-300,0.006914564931753908
HeatCapacity,416.82,>360,0.000460626179920709
HeatCapacity,245.18,<280,0.003063647815245041
HeatCapacity,360.2,>360,0.14750906118671026
HeatCapacity,290.39,280-300,0.0051163812811605425
HeatCapacity,350.21,320-360,0.013875987927893796
HeatCapacity,283.15,280-300,0.02015589609958024
HeatCapacity,342.15,320-360,0.0013565795467638253
HeatCapacity,343.15,320-360,0.015496642951283057
HeatCapacity,338.15,320-360,0.006897990283869504
HeatCapacity,623.1,>360,0.004621481901836866
HeatCapacity,315.0,300-320,0.004026469225900442
HeatCapacity,348.12,320-360,0.0025619851263076754
HeatCapacity,302.15,300-320,0.0013898798404179402
HeatCapacity,313.15,300-320,0.00780905778564378
HeatCapacity,221.62,<280,0.006246556025096162
HeatCapacity,344.26,320-360,0.001842529390938985
HeatCapacity,288.87,280-300,0.002513256612168391
HeatCapacity,300.0,300-320,0.01790429697555762
HeatCapacity,321.15,320-360,0.003374087754759003
HeatCapacity,323.15,320-360,0.0020894821775625516
HeatCapacity,396.63,>360,0.008399906941238378
HeatCapacity,293.0,280-300,0.17257109594945508
HeatCapacity,307.15,300-320,0.002612089735169576
HeatCapacity,323.15,320-360,0.0071134319025691894
HeatCapacity,393.15,>360,0.048825727857136236
HeatCapacity,328.0,320-360,0.03814930117600834
HeatCapacity,323.12,320-360,0.0017934349303025954
HeatCapacity,303.15,300-320,0.0005883242675688294
HeatCapacity,325.15,320-360,0.0029644766816092627
HeatCapacity,276.81,<280,0.009878232574322965
HeatCapacity,322.15,320-360,0.00827695370171
HeatCapacity,293.426,280-300,0.009980567666859841
HeatCapacity,314.15,300-320,0.003623919701254863
HeatCapacity,363.15,>360,0.003738411101354089
HeatCapacity,228.79,<280,0.00015777302031061424
HeatCapacity,295.15,280-300,0.0009207653529124116
HeatCapacity,189.98,<280,0.002432760244804655
HeatCapacity,316.15,300-320,0.0036930692577934465
HeatCapacity,308.15,300-320,0.00023267992547371108
HeatCapacity,363.15,>360,0.05150892093527659
HeatCapacity,331.17,320-360,0.006177590131623667
HeatCapacity,358.64,320-360,0.0008592033325101056
HeatCapacity,472.58,>360,0.002136722253579748
HeatCapacity,370.93,>360,6.820427448506194e-05
HeatCapacity,336.15,320-360,0.004398362819006962
HeatCapacity,393.13,>360,0.014039038004569626
HeatCapacity,361.15,>360,0.012519925053404712
HeatCapacity,457.95,>360,0.001282698074847488
HeatCapacity,348.0,320-360,0.07484718467364626
HeatCapacity,320.15,320-360,0.0005941671458273845
HeatCapacity,319.15,300-320,0.009821413807877377
HeatCapacity,486.67,>360,0.0017261491414473085
HeatCapacity,271.99,<280,0.0016793533552510453
HeatCapacity,422.55,>360,0.0007581590695693308
HeatCapacity,318.15,300-320,0.00249677251493452
HeatCapacity,257.53,<280,0.003427488661445821
HeatCapacity,339.59,320-360,0.007886438006966756
HeatCapacity,290.0,280-300,0.03864619672387004
HeatCapacity,447.1,>360,0.0006465283601002625
HeatCapacity,434.92,>360,0.0009508639660129603
HeatCapacity,418.14,>360,0.004370315075916231
HeatCapacity,398.15,>360,0.01382263229327485
HeatCapacity,255.96,<280,0.00029093913403333005
HeatCapacity,333.15,320-360,0.0024298779001581394
HeatCapacity,185.3,<280,0.00157823770657739
HeatCapacity,336.15,320-360,0.0006990082646218809
HeatCapacity,295.45,280-300,0.02702949824813672
HeatCapacity,358.25,320-360,0.009423240723639204
HeatCapacity,349.15,320-360,0.001493441706861276
HeatCapacity,341.15,320-360,0.011871881735328493
HeatCapacity,338.15,320-360,0.003855650695085977
HeatCapacity,293.15,280-300,0.0013608931376181133
HeatCapacity,205.27,<280,0.00026837840156623827
HeatCapacity,328.1,320-360,0.012528940513096387
HeatCapacity,368.2,>360,0.028206760101861406
HeatCapacity,318.15,300-320,0.06173083502719834
HeatCapacity,388.54,>360,0.00010441777613756642
HeatCapacity,304.08,300-320,0.007193468667781033
HeatCapacity,328.15,320-360,0.008148728164344199
HeatCapacity,304.15,300-320,3.6691554314849384e-05
HeatCapacity,353.15,320-360,0.08826220031373833
HeatCapacity,423.1,>360,0.11445270242344385
HeatCapacity,204.64,<280,0.0004744600516293218
HeatCapacity,293.15,280-300,0.006736337048035779
HeatCapacity,320.15,320-360,0.003696935780584276
HeatCapacity,255.0,<280,0.008686905790813881
HeatCapacity,268.34,<280,0.01951830041451874
HeatCapacity,511.28,>360,0.001308451748674777
HeatCapacity,218.55,<280,0.00047822815514564354
HeatCapacity,330.15,320-360,0.014603981809480082
HeatCapacity,298.15,280-300,0.000333435667645432
HeatCapacity,337.76,320-360,0.0024772492016245096
HeatCapacity,348.78,320-360,0.004293026667650857
HeatCapacity,507.49,>360,0.002868687026756689
HeatCapacity,343.15,320-360,0.005764543775296893
HeatCapacity,305.15,300-320,0.00870241287583795
HeatCapacity,300.15,300-320,0.02290487202043945
HeatCapacity,294.15,280-300,0.0032677147500450587
HeatCapacity,331.94,320-360,0.0011310843955518735
HeatCapacity,285.05,280-300,0.07211691604885662
HeatCapacity,306.1,300-320,0.024817877779704567
HeatCapacity,308.15,300-320,0.019352477077680952
HeatCapacity,316.15,300-320,0.009573948101752272
HeatCapacity,336.38,320-360,0.0018944906065803124
HeatCapacity,353.15,320-360,0.00893878616118382
HeatCapacity,308.07,300-320,0.021719495479740836
HeatCapacity,463.15,>360,0.01828099921651738
HeatCapacity,360.208,>360,0.0018739573035713164
HeatCapacity,417.83,>360,0.0045943418580165485
HeatCapacity,312.15,300-320,0.009313015589791362
HeatCapacity,345.4,320-360,0.006430535155912409
HeatCapacity,300.55,300-320,0.0024962725557156062
HeatCapacity,345.16,320-360,0.0026501436307935222
HeatCapacity,363.6,>360,0.010879138626608054
HeatCapacity,343.15,320-360,0.0001657915066148874
HeatCapacity,347.97,320-360,0.0019712915359590966
HeatCapacity,333.15,320-360,0.012342410139158488
HeatCapacity,323.39,320-360,0.0029135829825586157
HeatCapacity,344.864,320-360,0.004934727615475865
HeatCapacity,348.25,320-360,0.013182178758833984
HeatCapacity,362.2,>360,0.00038819611768481366
HeatCapacity,298.15,280-300,0.06739130654679837
HeatCapacity,490.3,>360,0.0026341096724102897
HeatCapacity,368.15,>360,0.007545563195488825
HeatCapacity,262.02,<280,0.00024367247733092512
HeatCapacity,338.15,320-360,0.010076376520395947
HeatCapacity,315.02,300-320,0.08157877892030463
HeatCapacity,261.24,<280,0.0036278866767398554
HeatCapacity,353.2,320-360,0.002635139182223689
HeatCapacity,304.15,300-320,0.003684976646024296
HeatCapacity,327.4,320-360,0.022759389208353298
HeatCapacity,303.15,300-320,0.017740863847914845
HeatCapacity,368.2,>360,0.0056986921398269885
HeatCapacity,302.15,300-320,0.0215387250173924
HeatCapacity,348.15,320-360,0.005937092842767555
HeatCapacity,353.15,320-360,0.014476683366189569
HeatCapacity,519.53,>360,0.0022248455032540804
HeatCapacity,365.0,>360,0.0006366739329362048
HeatCapacity,314.49,300-320,0.004475224691805835
HeatCapacity,306.15,300-320,0.009237648343161098
HeatCapacity,330.98,320-360,0.0016831792230656006
HeatCapacity,332.19,320-360,0.02635517590671821
HeatCapacity,273.15,<280,0.015246451224828483
HeatCapacity,306.15,300-320,0.004604030155814343
HeatCapacity,315.15,300-320,0.042055669172839316
HeatCapacity,289.53,280-300,0.0014119267733461172
HeatCapacity,338.15,320-360,0.011320638503769409
HeatCapacity,280.39,280-300,0.008446719788316237
HeatCapacity,333.15,320-360,0.008272260887277838
HeatCapacity,328.1,320-360,0.004983968252090243
HeatCapacity,393.15,>360,0.021529156227319213
HeatCapacity,313.15,300-320,0.021621647967619673
HeatCapacity,312.15,300-320,0.00203752770717891
HeatCapacity,331.5,320-360,0.00024367704420580338
HeatCapacity,424.2,>360,0.001337076146545435
HeatCapacity,307.02,300-320,0.0033659225660471748
HeatCapacity,310.15,300-320,0.0001416187522274015
HeatCapacity,326.15,320-360,0.017273433946522587
HeatCapacity,363.15,>360,0.0052923365351524865
HeatCapacity,214.71,<280,0.0032788394069287463
HeatCapacity,336.88,320-360,0.001217362674166722
HeatCapacity,338.2,320-360,0.000561160361272961
HeatCapacity,359.89,320-360,0.01793916850026811
HeatCapacity,295.15,280-300,0.005000551654675611
HeatCapacity,250.17,<280,0.0044097189945384585
HeatCapacity,418.13,>360,0.0035342248884289162
HeatCapacity,253.43,<280,0.0055942590888040655
HeatCapacity,298.15,280-300,0.005166979571678887
HeatCapacity,322.87,320-360,0.0014095246125194194
HeatCapacity,333.1,320-360,0.009399327497646048
HeatCapacity,336.15,320-360,0.01121911238917317
HeatCapacity,258.41,<280,0.0040501835909765305
HeatCapacity,349.98,320-360,0.05460358505544338
HeatCapacity,340.15,320-360,0.011291438136889376
HeatCapacity,425.16,>360,0.00697810859161585
HeatCapacity,493.15,>360,0.004515221739272768
HeatCapacity,318.15,300-320,0.08672568222547028
HeatCapacity,332.15,320-360,0.004634791956915407
HeatCapacity,510.86,>360,0.002881074767274505
HeatCapacity,258.15,<280,0.008655031209541697
HeatCapacity,358.15,320-360,0.02789157204957604
HeatCapacity,387.36,>360,0.0017496646160086726
HeatCapacity,303.15,300-320,0.0034279888950283777
HeatCapacity,322.15,320-360,0.0017376308175123256
HeatCapacity,202.71,<280,0.00046782493206709574
HeatCapacity,343.15,320-360,0.01644420008051206
HeatCapacity,332.15,320-360,0.0015649909787560645
HeatCapacity,332.15,320-360,0.0019316394246438051
HeatCapacity,323.15,320-360,0.013594066668493276
HeatCapacity,223.23,<280,0.001542607008315322
HeatCapacity,308.15,300-320,0.003769456554600481
HeatCapacity,243.2,<280,0.02857007583576543
HeatCapacity,397.69,>360,0.007213085277752107
HeatCapacity,322.15,320-360,0.00449292199605722
HeatCapacity,393.1,>360,0.15956390965957024
HeatCapacity,393.428,>360,0.023006493073149947
HeatCapacity,293.86,280-300,0.004546115607486634
HeatCapacity,313.15,300-320,0.04520277867820344
HeatCapacity,279.78,<280,0.001923560529436763
HeatCapacity,316.15,300-320,0.011238165573588255
HeatCapacity,333.14,320-360,0.013036189181095281
HeatCapacity,313.15,300-320,0.01365902763696969
HeatCapacity,337.83,320-360,0.007108687943562231
HeatCapacity,301.15,300-320,0.004554189032652367
HeatCapacity,367.31,>360,0.002456117770491595
HeatCapacity,308.15,300-320,0.05587336030993573
HeatCapacity,286.52,280-300,0.006551676878328472
HeatCapacity,293.0,280-300,0.0465360076083412
HeatCapacity,333.2,320-360,0.11579087716101988
HeatCapacity,322.73,320-360,0.005792174166728614
HeatCapacity,268.0,<280,0.021708996524007595
HeatCapacity,297.2,280-300,0.006281867599029489
HeatCapacity,298.15,280-300,0.004039277994615453
HeatCapacity,423.09,>360,0.0003518836147646809
HeatCapacity,303.15,300-320,0.025581811535875687
HeatCapacity,400.08,>360,0.007548271454354882
HeatCapacity,249.889,<280,0.009124288299280359
HeatCapacity,291.42,280-300,0.002581483885436775
HeatCapacity,347.15,320-360,0.00984466515378557
HeatCapacity,316.15,300-320,0.0008568620678364169
HeatCapacity,338.15,320-360,0.0076718642680218
HeatCapacity,344.875,320-360,0.02366006902888973
HeatCapacity,344.07,320-360,0.025251858020689966
HeatCapacity,334.15,320-360,0.007524992753617177
HeatCapacity,302.15,300-320,0.00047250810600729665
HeatCapacity,265.0,<280,0.006162125499591831
HeatCapacity,340.15,320-360,0.00821016396019747
HeatCapacity,298.15,280-300,0.04605155112596826
HeatCapacity,219.83,<280,0.0061536020801895575
HeatCapacity,320.15,320-360,0.028073357727575576
HeatCapacity,301.15,300-320,0.001282259062769242
HeatCapacity,288.15,280-300,0.010011640198380078
HeatCapacity,335.15,320-360,0.002279772105440614
HeatCapacity,298.15,280-300,0.032454947024002756
HeatCapacity,300.0,300-320,0.002899682347608845
HeatCapacity,376.59,>360,0.0007147609223547846
HeatCapacity,388.15,>360,0.010843294689268035
HeatCapacity,463.94,>360,0.0015415441953772202
HeatCapacity,260.0,<280,1.1942104426232447e-05
HeatCapacity,333.15,320-360,0.011178997373368915
HeatCapacity,300.65,300-320,0.011453076660960626
HeatCapacity,463.81,>360,0.0016226692040888224
HeatCapacity,338.1,320-360,0.01956879933184652
HeatCapacity,349.78,320-360,0.004920508330005902
HeatCapacity,283.15,280-300,0.0003428425346401198
HeatCapacity,294.26,280-300,0.005629026242041313
HeatCapacity,395.15,>360,0.03199713779239399
HeatCapacity,373.15,>360,0.03366511770249225
HeatCapacity,240.46,<280,0.0017913607241935026
HeatCapacity,315.1,300-320,0.000883591553910712
HeatCapacity,265.0,<280,0.009368292233484787
HeatCapacity,347.15,320-360,0.02870659613551485
HeatCapacity,294.5,280-300,0.005559538144924936
HeatCapacity,395.15,>360,0.010694925344187922
HeatCapacity,212.69,<280,0.004778462143359974
HeatCapacity,271.508,<280,0.003378400106944568
HeatCapacity,318.13,300-320,0.0026545742710171183
HeatCapacity,340.0,320-360,0.0050749269347214465
HeatCapacity,313.15,300-320,0.024970022097684286
HeatCapacity,197.75,<280,0.005558062387186702
HeatCapacity,311.1,300-320,0.005925198291483191
HeatCapacity,183.45,<280,0.00022548264868582635
HeatCapacity,437.56,>360,0.0011157306241704745
HeatCapacity,348.2,320-360,0.007739499700003094
HeatCapacity,355.98,320-360,0.007644125592020323
HeatCapacity,303.15,300-320,0.015590804248870604
HeatCapacity,301.1,300-320,0.02674635234613021
HeatCapacity,391.53,>360,0.0033088275949761936
HeatCapacity,314.15,300-320,0.003934741982783763
HeatCapacity,340.15,320-360,0.033530312669407536
HeatCapacity,325.15,320-360,0.0012916838325542912
HeatCapacity,340.38,320-360,0.010133248921455618
HeatCapacity,313.15,300-320,0.00851166668466874
HeatCapacity,362.45,>360,0.009085686174554297
HeatCapacity,343.2,320-360,0.12248991068747994
HeatCapacity,343.15,320-360,0.12484548911880022
HeatCapacity,333.15,320-360,0.0002594227397150206
HeatCapacity,342.15,320-360,0.003000828634869279
HeatCapacity,307.15,300-320,0.00916573346896321
HeatCapacity,305.65,300-320,0.008968749697298328
HeatCapacity,290.056,280-300,0.006755875601864858
HeatCapacity,261.65,<280,0.006557499887767548
HeatCapacity,276.131,<280,0.004387906827179933
HeatCapacity,514.62,>360,0.0006805069221780258
HeatCapacity,293.779,280-300,0.002194412902694509
HeatCapacity,318.15,300-320,0.006183627382119639
HeatCapacity,392.84,>360,0.0011469190418242903
HeatCapacity,314.16,300-320,0.0020661332789577713
HeatCapacity,278.62,<280,0.0018458044589308997
HeatCapacity,318.15,300-320,0.00845102056907443
HeatCapacity,399.53,>360,0.010485136938061856
HeatCapacity,343.1,320-360,0.023655855464925324
HeatCapacity,223.05,<280,0.0011854721702286852
HeatCapacity,329.08,320-360,0.030201314233101684
HeatCapacity,188.06,<280,0.008732909217604501
HeatCapacity,318.69,300-320,0.0008134655942786395
HeatCapacity,285.72,280-300,0.007730447875349711
HeatCapacity,313.1,300-320,0.00027694002598366296
HeatCapacity,320.67,320-360,0.004952980880932323
HeatCapacity,253.31,<280,0.006196011932381396
HeatCapacity,343.15,320-360,0.008671837279035977
HeatCapacity,413.15,>360,0.0078091286256336545
HeatCapacity,340.0,320-360,0.016641523762566557
HeatCapacity,219.06,<280,0.0005103097498810882
HeatCapacity,317.16,300-320,0.002447080353429776
HeatCapacity,360.15,>360,0.001850039037392115
HeatCapacity,348.15,320-360,0.0030889473029462877
HeatCapacity,350.15,320-360,0.005296742083555905
HeatCapacity,328.15,320-360,0.002913564594154927
HeatCapacity,320.65,320-360,0.006078663071696688
HeatCapacity,439.35,>360,0.0003619673697219383
HeatCapacity,300.0,300-320,0.016986537708001848
HeatCapacity,359.92,320-360,0.022463808476898883
HeatCapacity,453.15,>360,0.007287063325549958
HeatCapacity,408.15,>360,0.004556159239661461
HeatCapacity,323.15,320-360,0.0071262853008100535
HeatCapacity,314.04,300-320,0.0022134481858824273
HeatCapacity,327.15,320-360,0.012568054582448696
HeatCapacity,428.86,>360,0.012560832255846144
HeatCapacity,315.82,300-320,0.0021724702866929846
HeatCapacity,303.2,300-320,0.020309449203580243
HeatCapacity,455.29,>360,0.00044199242116160775
HeatCapacity,307.35,300-320,0.0018610153660398865
HeatCapacity,518.85,>360,0.0018199566167362846
HeatCapacity,338.15,320-360,0.04845503796485051
HeatCapacity,428.18,>360,0.00248578285412826
HeatCapacity,323.15,320-360,0.015095815777049992
HeatCapacity,260.48,<280,0.003594030007731952
HeatCapacity,208.77,<280,0.0003123357672540905
HeatCapacity,334.25,320-360,0.003134259062684386
HeatCapacity,350.32,320-360,0.001960766860466201
HeatCapacity,461.85,>360,0.0018382932931135798
HeatCapacity,313.15,300-320,0.008153531640044065
HeatCapacity,315.95,300-320,0.0027260763981242775
HeatCapacity,347.92,320-360,0.006130332620569945
HeatCapacity,317.15,300-320,0.028035179050292847
HeatCapacity,294.15,280-300,0.006310425903026662
HeatCapacity,352.3,320-360,0.0053233952650302285
HeatCapacity,367.93,>360,0.004278536062964022
HeatCapacity,344.2,320-360,0.0007629810472860044
HeatCapacity,288.72,280-300,0.030029864671840656
HeatCapacity,214.46,<280,0.0006408597323419585
HeatCapacity,265.87,<280,0.010854237832194968
HeatCapacity,318.0,300-320,0.04619984476758621
HeatCapacity,418.15,>360,0.004936670889102324
HeatCapacity,339.15,320-360,0.005909492428630259
HeatCapacity,302.73,300-320,0.0012564741897067577
HeatCapacity,355.15,320-360,0.007986023094868955
HeatCapacity,318.15,300-320,0.01968564288547814
HeatCapacity,447.51,>360,0.0008735457086928022
HeatCapacity,269.58,<280,0.001358543618806607
HeatCapacity,303.1,300-320,0.0013922565498596384
HeatCapacity,320.65,320-360,0.011886164470316984
HeatCapacity,334.15,320-360,0.0036572667775454093
HeatCapacity,333.15,320-360,0.01240737291155547
HeatCapacity,338.15,320-360,0.007427630332606405
HeatCapacity,497.72,>360,0.0017638263416657196
HeatCapacity,303.15,300-320,0.0034547259453860946
HeatCapacity,298.0,280-300,0.09641549633598423
HeatCapacity,409.67,>360,0.003375904676309105
HeatCapacity,230.0,<280,0.002974510440728828
HeatCapacity,353.1,320-360,0.0336789634434016
HeatCapacity,333.15,320-360,0.02107094838570145
HeatCapacity,331.15,320-360,0.011865626885792402
HeatCapacity,337.51,320-360,0.0021191255395827113
HeatCapacity,315.15,300-320,0.0036667914776753463
HeatCapacity,298.15,280-300,0.005349099211900743
HeatCapacity,225.9,<280,0.0011715801908014356
HeatCapacity,389.526,>360,0.004821792601839903
HeatCapacity,384.61,>360,0.00022271637403736833
HeatCapacity,263.7,<280,0.005227026053375106
HeatCapacity,211.21,<280,0.002091832331520216
HeatCapacity,305.0,300-320,0.005297714528225583
HeatCapacity,220.11,<280,0.001216492783044032
HeatCapacity,230.0,<280,0.006340418786025204
HeatCapacity,300.1,300-320,0.0013189065102201525
HeatCapacity,237.41,<280,0.01800117714749483
HeatCapacity,354.15,320-360,0.03638224364746989
HeatCapacity,506.8,>360,0.0032682544483115805
HeatCapacity,432.72,>360,0.002089957739111803
HeatCapacity,203.15,<280,0.005805176241940657
HeatCapacity,390.25,>360,0.00833235109106134
HeatCapacity,318.15,300-320,0.0021099116067855306
HeatCapacity,327.761,320-360,0.004951502982645017
HeatCapacity,338.15,320-360,0.001008406473531842
HeatCapacity,327.15,320-360,0.0057588026291641725
HeatCapacity,343.15,320-360,0.01039211089162162
HeatCapacity,329.578,320-360,0.009756494084338208
HeatCapacity,303.15,300-320,0.010120504235120897
HeatCapacity,353.15,320-360,0.0542611911155797
HeatCapacity,408.15,>360,0.006969429046298714
HeatCapacity,328.82,320-360,0.0004605494152318812
HeatCapacity,298.15,280-300,0.0030884371648793874
HeatCapacity,376.372,>360,0.015494422970901311
HeatCapacity,332.78,320-360,0.0058383131971702085
HeatCapacity,366.69,>360,0.000583126240596421
HeatCapacity,303.15,300-320,0.03868247002051195
HeatCapacity,304.78,300-320,0.00010304806500993635
HeatCapacity,370.0,>360,0.01080278783535693
HeatCapacity,328.64,320-360,0.0004239305325173248
HeatCapacity,320.2,320-360,0.05358362424833185
HeatCapacity,371.59,>360,0.0002869884104974574
HeatCapacity,330.1,320-360,0.03573704191284666
HeatCapacity,304.52,300-320,0.00601853012488629
HeatCapacity,330.15,320-360,0.00883283427300352
HeatCapacity,338.16,320-360,0.015451382022701132
HeatCapacity,210.0,<280,0.003478426598132245
HeatCapacity,333.15,320-360,0.006030457106364295
HeatCapacity,346.77,320-360,0.00271616641401895
HeatCapacity,215.44,<280,0.0007396192394901746
HeatCapacity,316.15,300-320,0.06633671304077993
HeatCapacity,385.15,>360,0.008300844552504572
HeatCapacity,448.15,>360,0.009539727101969042
HeatCapacity,358.0,320-360,0.0064645372310288
HeatCapacity,318.15,300-320,0.005086523770553519
HeatCapacity,304.15,300-320,0.029282545244057268
HeatCapacity,318.1,300-320,0.027393457424724765
HeatCapacity,328.1,320-360,0.004714571048857863
HeatCapacity,303.15,300-320,0.025827395674830278
HeatCapacity,437.83,>360,0.0027633530705699627
HeatCapacity,333.15,320-360,0.005819366584495889
HeatCapacity,516.59,>360,0.0024514506221979815
HeatCapacity,352.15,320-360,0.015502445542495913
HeatCapacity,266.48,<280,0.000987414852911428
HeatCapacity,309.15,300-320,0.0031233046089358396
HeatCapacity,216.3,<280,0.0012173674805966428
HeatCapacity,505.26,>360,0.0041585366117180556
HeatCapacity,310.15,300-320,0.0008063073619952732
HeatCapacity,398.15,>360,0.0029602689110932445
HeatCapacity,322.15,320-360,0.003497767887061798
HeatCapacity,188.23,<280,0.004159455231119047
HeatCapacity,364.2,>360,0.025322310138769843
HeatCapacity,273.15,<280,0.02091404769274874
HeatCapacity,346.43,320-360,0.0018958378838220824
HeatCapacity,323.15,320-360,0.0026969447202693786
HeatCapacity,358.15,320-360,0.01853703384572647
HeatCapacity,264.66,<280,0.009169085166152335
HeatCapacity,304.2,300-320,0.02687172951621708
HeatCapacity,383.41,>360,0.00340461167850048
HeatCapacity,353.15,320-360,0.0014038571692545077
HeatCapacity,265.92,<280,0.0008654440396806962
HeatCapacity,256.8,<280,0.0011368012704942032
HeatCapacity,399.95,>360,0.007690827296385372
HeatCapacity,216.24,<280,0.0011477084206319432
HeatCapacity,383.15,>360,0.003386473782430066
HeatCapacity,349.63,320-360,0.002173980263628472
HeatCapacity,243.46,<280,0.0003170740032398811
HeatCapacity,316.15,300-320,0.004042199048726047
HeatCapacity,316.1,300-320,0.026734827539605988
HeatCapacity,319.15,300-320,0.004615329117028999
HeatCapacity,312.15,300-320,0.017682273151093497
HeatCapacity,383.45,>360,0.00012974724021219686
HeatCapacity,372.92,>360,0.05135096482564894
HeatCapacity,413.1,>360,0.009326877860312166
HeatCapacity,345.55,320-360,0.007995765501348728
HeatCapacity,373.1,>360,0.134209670606511
HeatCapacity,296.15,280-300,0.03306294123691789
HeatCapacity,359.64,320-360,0.00029369141623103445
HeatCapacity,508.9,>360,0.002050898742461449
HeatCapacity,271.26,<280,0.0018506557364839082
HeatCapacity,304.14,300-320,0.0028214811315043775
HeatCapacity,301.57,300-320,0.0028859032635804027
HeatCapacity,324.0,320-360,0.001556394956089946
HeatCapacity,326.15,320-360,0.003982173526185129
HeatCapacity,277.08,<280,0.0012886424462070778
HeatCapacity,307.38,300-320,0.0027294436973397396
HeatCapacity,310.15,300-320,0.005866983094470868
HeatCapacity,310.75,300-320,0.008088120663492404
HeatCapacity,197.95,<280,0.0008574782507420053
HeatCapacity,326.15,320-360,0.002277825567332137
HeatCapacity,336.2,320-360,0.002630755949825314
HeatCapacity,194.98,<280,0.0018596878750294366
HeatCapacity,214.19,<280,0.000197889656053718
HeatCapacity,317.15,300-320,0.003680232675530526
HeatCapacity,300.65,300-320,0.02171704030950572
HeatCapacity,268.15,<280,0.0008664168417888973
HeatCapacity,344.94,320-360,0.0029321807118547483
HeatCapacity,300.17,300-320,0.0033493865679758983
HeatCapacity,276.0,<280,0.016761334974120246
HeatCapacity,363.15,>360,0.22699351001360224
HeatCapacity,329.23,320-360,0.0027203405620728205
HeatCapacity,353.15,320-360,0.029339188712852682
HeatCapacity,321.15,320-360,0.007251287472413104
HeatCapacity,288.3,280-300,0.0050834902667187265
HeatCapacity,223.3,<280,0.006897027019112656
HeatCapacity,303.2,300-320,0.006602333982002939
HeatCapacity,468.52,>360,0.0027676078499494494
HeatCapacity,310.1,300-320,0.0061917563203648385
HeatCapacity,396.12,>360,0.006414444153130638
HeatCapacity,356.56,320-360,0.02287060140031194
HeatCapacity,489.62,>360,0.0018276818161595543
HeatCapacity,320.15,320-360,0.019388133706290667
HeatCapacity,324.93,320-360,0.0008965095438453474
HeatCapacity,332.66,320-360,0.0035772139760918975
HeatCapacity,292.42,280-300,0.004562377523231298
HeatCapacity,301.32,300-320,0.0024962983600573807
HeatCapacity,317.1,300-320,0.004654066241571719
HeatCapacity,408.15,>360,0.009876221957992648
HeatCapacity,229.34,<280,0.0109811399949713
HeatCapacity,408.15,>360,0.01726485017827173
HeatCapacity,303.15,300-320,0.0022916306384273
HeatCapacity,328.15,320-360,0.004027932179624827
HeatCapacity,236.26,<280,0.0057783529581456605
HeatCapacity,300.15,300-320,0.00788292645928479
HeatCapacity,298.15,280-300,0.004100327238885981
HeatCapacity,325.65,320-360,0.006169390570203603
HeatCapacity,317.15,300-320,0.00828941813871431
HeatCapacity,218.18,<280,0.0013152206570143932
HeatCapacity,321.15,320-360,0.002488147372545768
HeatCapacity,226.71,<280,0.0005121737360882506
HeatCapacity,310.0,300-320,0.0041298302055103875
HeatCapacity,313.15,300-320,0.005235161613889261
HeatCapacity,362.12,>360,0.0016204035459770338
HeatCapacity,318.1,300-320,0.005940850087500671
HeatCapacity,310.65,300-320,0.01580089072233193
HeatCapacity,268.56,<280,0.00012445783617653916
HeatCapacity,293.24,280-300,0.0014485656766023425
HeatCapacity,364.2,>360,0.006065867830029603
HeatCapacity,308.15,300-320,0.1395684540966533
HeatCapacity,333.728,320-360,0.004036245576031661
HeatCapacity,496.32,>360,0.00355859637939826
HeatCapacity,295.05,280-300,0.005134985269619641
HeatCapacity,442.39,>360,0.0015845436216004316
HeatCapacity,485.69,>360,0.001891090772793369
HeatCapacity,358.15,320-360,0.01003464057496739
HeatCapacity,387.74,>360,0.0008955154033296608
HeatCapacity,329.561,320-360,0.00431679906157445
HeatCapacity,308.15,300-320,0.01399139569650032
HeatCapacity,256.92,<280,0.0004162775298501842
HeatCapacity,493.81,>360,0.0005736834874987551
HeatCapacity,426.94,>360,0.0008001177844532137
HeatCapacity,315.85,300-320,0.02537402825812407
HeatCapacity,222.41,<280,0.011728727686974416
HeatCapacity,413.15,>360,0.008585867938782243
HeatCapacity,317.36,300-320,0.0021818898858123603
HeatCapacity,478.71,>360,0.0007291846740695718
HeatCapacity,298.15,280-300,0.04847951175055076
HeatCapacity,513.5,>360,0.0006326598639843084
HeatCapacity,233.2,<280,0.016372206752947704
HeatCapacity,349.37,320-360,0.009724648989322127
HeatCapacity,481.5,>360,0.0009102435797307962
HeatCapacity,409.65,>360,0.019534278374461422
HeatCapacity,302.15,300-320,0.0008394288632747049
HeatCapacity,408.13,>360,0.00513456055429895
HeatCapacity,381.76,>360,0.0018111026378146988
HeatCapacity,338.15,320-360,0.011533733868139606
HeatCapacity,279.1,<280,0.009243020932053092
HeatCapacity,309.15,300-320,0.02924617488826531
HeatCapacity,393.15,>360,0.01117901335724536
HeatCapacity,323.2,320-360,0.0009040305024932138
HeatCapacity,309.15,300-320,0.0019098377445541104
HeatCapacity,322.15,320-360,0.0008622017900243861
HeatCapacity,369.4,>360,7.669994294978721e-05
HeatCapacity,409.8,>360,0.004509880532021171
HeatCapacity,340.83,320-360,0.0007795900698113201
HeatCapacity,368.2,>360,0.010177130819085
HeatCapacity,343.16,320-360,0.011014397033756396
HeatCapacity,347.15,320-360,0.00071473753929574
HeatCapacity,340.0,320-360,0.021049425614282136
HeatCapacity,357.24,320-360,0.001146366758157491
HeatCapacity,327.31,320-360,0.0009589923817987511
HeatCapacity,255.48,<280,0.003896734156913162
HeatCapacity,323.15,320-360,0.06622318359061463
HeatCapacity,317.15,300-320,0.002213584215676967
HeatCapacity,364.2,>360,0.006606613912262027
HeatCapacity,318.2,300-320,0.01877826650083847
HeatCapacity,318.15,300-320,0.0005446121551599958
HeatCapacity,343.15,320-360,0.04183098960568277
HeatCapacity,414.14,>360,0.004230499393289122
HeatCapacity,271.87,<280,0.0034107307276780574
HeatCapacity,333.15,320-360,0.0019379437907529606
HeatCapacity,284.58,280-300,0.003326925875846598
HeatCapacity,355.04,320-360,0.02601568193705539
HeatCapacity,313.15,300-320,0.0049790410429757515
HeatCapacity,418.17,>360,0.014752904512501885
HeatCapacity,330.15,320-360,0.05165002424122367
HeatCapacity,263.54,<280,0.005760738046621583
HeatCapacity,310.15,300-320,0.01037973261805103
HeatCapacity,339.15,320-360,0.00038770222602035886
HeatCapacity,293.85,280-300,0.0013537025403760339
HeatCapacity,443.1,>360,0.14591983678778409
HeatCapacity,338.15,320-360,0.023665022572878947
HeatCapacity,323.0,320-360,0.028371340358522623
HeatCapacity,310.15,300-320,0.0024291224024777236
HeatCapacity,403.39,>360,0.006303276966844962
HeatCapacity,210.0,<280,0.00695854312294486
HeatCapacity,370.15,>360,0.016745585482005332
HeatCapacity,332.15,320-360,0.0016475276086005408
HeatCapacity,418.58,>360,0.001990292800821969
HeatCapacity,208.5,<280,0.00015168363965845089
HeatCapacity,493.37,>360,0.00027649356372538847
HeatCapacity,443.1,>360,0.12084669051355501
HeatCapacity,334.15,320-360,0.011602914527379937
HeatCapacity,298.15,280-300,0.010121390454564505
HeatCapacity,235.28,<280,0.0028749335234188322
HeatCapacity,303.15,300-320,0.023737860417618606
HeatCapacity,350.15,320-360,0.020568183081371316
HeatCapacity,295.0,280-300,0.009517639974676584
HeatCapacity,353.2,320-360,0.01495456416851404
HeatCapacity,200.67,<280,0.001861425255098581
HeatCapacity,312.21,300-320,0.001678926790413371
HeatCapacity,306.1,300-320,0.004942441951456544
HeatCapacity,332.2,320-360,0.0018139153576948175
HeatCapacity,372.2,>360,0.03747754370117384
HeatCapacity,298.15,280-300,0.08991287342508425
HeatCapacity,333.16,320-360,0.0249218906958788
HeatCapacity,299.15,280-300,0.010402196587731893
HeatCapacity,319.15,300-320,0.017207625080947864
HeatCapacity,332.15,320-360,0.03489599446544567
HeatCapacity,663.1,>360,0.023345924435378862
HeatCapacity,333.0,320-360,0.0416641263249975
HeatCapacity,305.15,300-320,0.010333923927066557
HeatCapacity,278.456,<280,0.01066787022155058
HeatCapacity,308.2,300-320,0.012091657588865878
HeatCapacity,240.75,<280,0.01578510747207673
HeatCapacity,339.93,320-360,0.0016555901946935236
HeatCapacity,280.0,280-300,0.012120292170035185
HeatCapacity,322.15,320-360,0.004767392043011576
HeatCapacity,400.47,>360,0.008819119625257166
HeatCapacity,323.0,320-360,0.06349136948949319
HeatCapacity,298.85,280-300,0.0004620418903575896
HeatCapacity,323.0,320-360,0.043580039628058564
HeatCapacity,444.46,>360,7.157502216426082e-05
HeatCapacity,448.08,>360,0.0034365479477473926
HeatCapacity,515.35,>360,0.0002508975546318126
HeatCapacity,333.43,320-360,0.03110594964752078
HeatCapacity,343.15,320-360,0.009281644350579654
HeatCapacity,352.24,320-360,0.002454753598045478
HeatCapacity,308.15,300-320,0.0035806300762786236
HeatCapacity,404.04,>360,0.006882197702038795
HeatCapacity,373.0,>360,0.018472258164581312
HeatCapacity,448.35,>360,0.0007929402020234733
HeatCapacity,302.65,300-320,0.003531493781538053
HeatCapacity,307.15,300-320,0.0026883751677706513
HeatCapacity,323.15,320-360,0.03538907211417186
HeatCapacity,236.72,<280,0.0010000187244889602
HeatCapacity,348.2,320-360,0.0013609258252600398
HeatCapacity,225.86,<280,0.0022129969932507265
HeatCapacity,338.15,320-360,0.02128074002619318
HeatCapacity,220.28,<280,0.002668305030215201
HeatCapacity,329.56,320-360,0.026326609308840787
HeatCapacity,358.37,320-360,0.0003552662006143237
HeatCapacity,278.32,<280,0.008458190814741862
HeatCapacity,487.08,>360,0.0014906387679038957
HeatCapacity,341.26,320-360,0.001845376210522609
HeatCapacity,317.1,300-320,0.005031702745872835
HeatCapacity,387.78,>360,0.00595385248441449
HeatCapacity,294.15,280-300,0.014632300527740227
HeatCapacity,359.74,320-360,0.049431393756994346
HeatCapacity,468.15,>360,0.017102118295942326
HeatCapacity,344.15,320-360,0.0041895044215518595
HeatCapacity,348.15,320-360,0.0013904440980869737
HeatCapacity,310.0,300-320,0.0076604203655685765
HeatCapacity,358.76,320-360,0.0005579735051153278
HeatCapacity,421.33,>360,0.001072039963701421
HeatCapacity,297.89,280-300,0.0031567194464070525
HeatCapacity,391.27,>360,0.0036111206619562353
HeatCapacity,308.15,300-320,0.0003419440653189554
HeatCapacity,499.52,>360,0.003508107030285146
HeatCapacity,328.35,320-360,0.0014233571333299722
HeatCapacity,300.15,300-320,0.030515111264955763
HeatCapacity,328.2,320-360,0.021881222507434295
HeatCapacity,363.15,>360,0.014855767888230176
HeatCapacity,313.13,300-320,0.0021425321156947064
HeatCapacity,343.15,320-360,0.00023417385307755723
HeatCapacity,324.1,320-360,0.03205876144246389
HeatCapacity,341.19,320-360,0.0020761926921828433
HeatCapacity,322.15,320-360,0.018751699091120066
HeatCapacity,333.15,320-360,0.0033245226861469135
HeatCapacity,313.1,300-320,0.006138324673345075
HeatCapacity,356.15,320-360,0.0382790478412689
HeatCapacity,346.15,320-360,0.0037908161492863357
HeatCapacity,302.15,300-320,0.004053940499085584
HeatCapacity,390.0,>360,0.0012440169373251209
HeatCapacity,315.65,300-320,0.001143927214756424
HeatCapacity,294.15,280-300,0.03340384178134492
HeatCapacity,285.0,280-300,0.00032189818521999314
HeatCapacity,363.2,>360,0.009623122436003051
HeatCapacity,351.15,320-360,0.07352496347668147
HeatCapacity,333.05,320-360,0.00042343151285795244
HeatCapacity,340.2,320-360,0.02950762795929318
HeatCapacity,192.04,<280,0.002783231892385274
HeatCapacity,360.2,>360,0.005911842138881518
HeatCapacity,231.26,<280,0.012313428612420907
HeatCapacity,315.22,300-320,0.002946807089080572
HeatCapacity,414.67,>360,0.0020166094855520456
HeatCapacity,248.15,<280,0.004779268813333459
HeatCapacity,353.13,320-360,0.023499904518756054
HeatCapacity,342.15,320-360,0.012338711301411287
HeatCapacity,268.25,<280,0.0011015215724512473
HeatCapacity,297.15,280-300,0.012131614187143924
HeatCapacity,288.15,280-300,0.0025587467747829606
HeatCapacity,343.0,320-360,0.04629373240567336
HeatCapacity,357.06,320-360,0.019271792756167194
HeatCapacity,290.0,280-300,0.01617044398016798
HeatCapacity,371.98,>360,0.004721202423121795
HeatCapacity,299.15,280-300,0.01087662444504911
HeatCapacity,417.8,>360,0.0015568135509163028
HeatCapacity,326.15,320-360,0.008114277286688676
HeatCapacity,346.45,320-360,0.0017027362065311635
HeatCapacity,310.1,300-320,0.00521900320068891
HeatCapacity,349.99,320-360,0.0029620143901789575
HeatCapacity,274.05,<280,0.0013618174036498232
HeatCapacity,310.15,300-320,0.0030098546647447932
HeatCapacity,334.675,320-360,0.0592613940185025
HeatCapacity,355.15,320-360,0.1074659129375064
HeatCapacity,321.83,320-360,0.0027422434346151547
HeatCapacity,283.15,280-300,0.007439179276846453
HeatCapacity,521.22,>360,0.0012674478472547435
HeatCapacity,321.1,320-360,0.030458856958331282
HeatCapacity,331.15,320-360,0.004775064716349142
HeatCapacity,264.4,<280,0.001590862248397329
HeatCapacity,411.01,>360,0.003294922895127783
HeatCapacity,214.02,<280,0.0024398533642040476
HeatCapacity,288.15,280-300,0.005148916833732642
HeatCapacity,299.68,280-300,0.0020226721778735524
HeatCapacity,308.15,300-320,0.0005402901315569864
HeatCapacity,294.15,280-300,0.008494986477749045
HeatCapacity,356.38,320-360,0.008240761772856153
HeatCapacity,329.1,320-360,0.0018126673861607046
HeatCapacity,341.15,320-360,0.004888957796787885
HeatCapacity,302.35,300-320,0.001167796526529763
HeatCapacity,398.15,>360,0.002179658034128451
HeatCapacity,354.15,320-360,0.02557425509244915
HeatCapacity,347.15,320-360,0.0017356931820344812
HeatCapacity,450.57,>360,0.0007439058844216362
HeatCapacity,335.15,320-360,0.002398506259376987
HeatCapacity,313.15,300-320,0.02207751668808111
HeatCapacity,348.73,320-360,0.017387921472843182
HeatCapacity,320.15,320-360,0.021845390984029045
HeatCapacity,331.84,320-360,0.0023395161314265778
HeatCapacity,293.15,280-300,0.018427245156241057
HeatCapacity,398.15,>360,0.0059733322682715695
HeatCapacity,323.0,320-360,0.0014163013351033982
HeatCapacity,440.46,>360,0.000477402595842058
HeatCapacity,268.288,<280,0.011889429180280686
HeatCapacity,408.16,>360,0.0022916097322376316
HeatCapacity,261.52,<280,0.005946198547203352
HeatCapacity,328.15,320-360,0.004198482275495685
HeatCapacity,338.15,320-360,0.002101032418470261
HeatCapacity,274.0,<280,0.01713177258898302
HeatCapacity,352.4,320-360,0.004575202840193526
HeatCapacity,338.15,320-360,0.021296950627484712
HeatCapacity,303.15,300-320,0.003029451772002645
HeatCapacity,240.0,<280,0.0014346934046081117
HeatCapacity,251.95,<280,0.002364081161260856
HeatCapacity,298.15,280-300,0.024401131121767783
HeatCapacity,357.462,320-360,0.007509281478078833
HeatCapacity,516.04,>360,0.0021266525100003264
HeatCapacity,339.15,320-360,0.0038308344442370412
HeatCapacity,357.36,320-360,0.0012965663763440105
HeatCapacity,384.99,>360,0.003285858066978342
HeatCapacity,303.1,300-320,0.004300638009592461
HeatCapacity,344.38,320-360,0.008351242569237805
HeatCapacity,295.65,280-300,0.02549936803278996
HeatCapacity,410.15,>360,0.015192468339521703
HeatCapacity,317.15,300-320,0.039183204047589903
HeatCapacity,322.15,320-360,0.012061030560966302
HeatCapacity,373.15,>360,0.010307823135215166
HeatCapacity,311.9,300-320,0.0017490454449511361
HeatCapacity,306.15,300-320,0.009863895663327682
HeatCapacity,358.151,320-360,0.0022221134671296383
HeatCapacity,323.15,320-360,0.23405268139513602
HeatCapacity,326.15,320-360,0.012410642910070102
HeatCapacity,343.15,320-360,0.023041178736439072
HeatCapacity,317.15,300-320,0.06349140122940788
HeatCapacity,338.15,320-360,0.005476109412330565
HeatCapacity,403.15,>360,0.007545866498206877
HeatCapacity,313.15,300-320,0.04702326430900694
HeatCapacity,310.15,300-320,0.019776754218409742
HeatCapacity,273.34,<280,0.0004219158021987468
HeatCapacity,465.2,>360,0.003187654252757355
HeatCapacity,322.15,320-360,0.00587550288207872
HeatCapacity,348.2,320-360,0.019745414490850877
HeatCapacity,274.91,<280,0.0005516322323853018
HeatCapacity,390.0,>360,0.008991769180276776
HeatCapacity,328.2,320-360,0.0004800722075781749
HeatCapacity,318.15,300-320,0.010727902724656957
HeatCapacity,433.1,>360,0.0651344868444772
HeatCapacity,254.85,<280,0.0011263281081257404
HeatCapacity,310.44,300-320,0.0012011522558301735
HeatCapacity,332.15,320-360,0.002689428740959343
HeatCapacity,360.0,>360,0.012481247536068274
HeatCapacity,320.65,320-360,0.015881056823789486
HeatCapacity,344.01,320-360,0.0021783099369674375
HeatCapacity,242.5,<280,0.009262663284733463
HeatCapacity,358.15,320-360,0.051593377286528685
HeatCapacity,321.06,320-360,0.002305109563466523
HeatCapacity,300.0,300-320,0.01466277615596745
HeatCapacity,343.17,320-360,0.002395578288778566
HeatCapacity,344.91,320-360,0.0022992123749911997
HeatCapacity,522.76,>360,0.00022834646254743518
HeatCapacity,383.17,>360,0.004544333884354934
HeatCapacity,312.1,300-320,0.006533726532108375
HeatCapacity,353.0,320-360,0.06833980196533584
HeatCapacity,455.15,>360,0.0003493979411102188
HeatCapacity,337.15,320-360,0.036081265438724586
HeatCapacity,343.15,320-360,0.004758887958490554
HeatCapacity,342.19,320-360,0.0032596890044702675
HeatCapacity,323.76,320-360,0.0016699041445251694
HeatCapacity,351.49,320-360,0.0015858675449162973
HeatCapacity,412.24,>360,0.003969695089670822
HeatCapacity,256.486,<280,0.0022220300587445507
HeatCapacity,343.18,320-360,0.0011491352335051275
HeatCapacity,361.2,>360,0.00873755054769898
HeatCapacity,321.68,320-360,0.0010475602184101263
HeatCapacity,310.65,300-320,0.050864723868776274
HeatCapacity,315.0,300-320,0.023133713943604306
HeatCapacity,406.667,>360,0.015106687948327036
HeatCapacity,375.0,>360,0.007221210061617356
HeatCapacity,335.65,320-360,0.001807663883425903
HeatCapacity,306.08,300-320,0.0009384458926140482
HeatCapacity,363.15,>360,0.007314761728164143
HeatCapacity,321.15,320-360,0.010605686136036852
HeatCapacity,323.15,320-360,0.008148268446636742
HeatCapacity,373.0,>360,0.10024739051343001
HeatCapacity,350.12,320-360,0.0010681519858808386
HeatCapacity,293.83,280-300,0.003829488156765315
HeatCapacity,368.07,>360,0.00129504797698754
HeatCapacity,315.65,300-320,0.01151952123035116
HeatCapacity,437.29,>360,0.0003271533380244662
HeatCapacity,308.15,300-320,0.009930530815568162
HeatCapacity,303.1,300-320,0.00682869083141302
HeatCapacity,329.56,320-360,0.06060080549875657
HeatCapacity,383.0,>360,0.017236667658222515
HeatCapacity,304.83,300-320,0.0321136115184224
HeatCapacity,363.0,>360,0.014299915595109347
HeatCapacity,354.29,320-360,0.0012564632053315705
HeatCapacity,335.15,320-360,0.010734114904769498
HeatCapacity,285.0,280-300,0.0038283989968093124
HeatCapacity,283.53,280-300,0.004415921467010087
HeatCapacity,308.44,300-320,0.021724707331030935
HeatCapacity,338.15,320-360,0.005474645965121816
HeatCapacity,298.15,280-300,0.002628820405737642
HeatCapacity,343.76,320-360,0.0018244254644397273
HeatCapacity,520.52,>360,0.0008487359388791305
HeatCapacity,363.2,>360,0.06980803948566106
HeatCapacity,330.0,320-360,0.008724238250543692
HeatCapacity,363.15,>360,0.011558610715696638
HeatCapacity,385.15,>360,0.019176568614541978
HeatCapacity,314.62,300-320,0.005051982485764661
HeatCapacity,352.95,320-360,0.00439312492335997
HeatCapacity,313.66,300-320,0.0003580674848349119
HeatCapacity,261.707,<280,0.004123723020052594
HeatCapacity,320.0,320-360,0.0008064030816834489
HeatCapacity,383.57,>360,0.0015840221187444214
HeatCapacity,351.85,320-360,0.008244024063911226
HeatCapacity,323.62,320-360,0.0009498564708092516
HeatCapacity,330.65,320-360,0.05164200172584987
HeatCapacity,323.0,320-360,0.01510144377574818
HeatCapacity,308.15,300-320,0.01055712847471213
HeatCapacity,343.1,320-360,0.016239997505687498
HeatCapacity,318.15,300-320,0.06965273928231319
HeatCapacity,300.65,300-320,0.005713436672404093
HeatCapacity,312.15,300-320,0.00040947999511775635
HeatCapacity,483.32,>360,0.00025599830075861973
HeatCapacity,331.15,320-360,0.01384540443477622
HeatCapacity,328.2,320-360,0.007717074028318116
HeatCapacity,314.15,300-320,0.014758122639244142
HeatCapacity,342.15,320-360,0.002286392844871088
HeatCapacity,298.0,280-300,0.06013062349417986
HeatCapacity,325.18,320-360,0.007039548024517117
HeatCapacity,329.15,320-360,0.001791451415981804
HeatCapacity,353.15,320-360,0.036774065996407757
HeatCapacity,330.1,320-360,0.0010051422336383453
HeatCapacity,333.2,320-360,0.00547219114596853
HeatCapacity,481.64,>360,0.0012302131123327342
HeatCapacity,309.14,300-320,0.056272955565312976
HeatCapacity,312.15,300-320,0.00037570278374321475
HeatCapacity,369.02,>360,0.0002841958722283877
HeatCapacity,389.05,>360,5.5209750697393645e-05
HeatCapacity,368.15,>360,0.04173572299085304
HeatCapacity,315.15,300-320,0.02738326566303595
HeatCapacity,307.15,300-320,0.0029993467542608343
HeatCapacity,343.15,320-360,0.008248832374554205
HeatCapacity,339.84,320-360,0.00453322100546405
HeatCapacity,368.15,>360,0.04335840037222738
HeatCapacity,294.79,280-300,0.013039600417020125
HeatCapacity,336.2,320-360,0.04116299713810623
HeatCapacity,342.15,320-360,0.0004644842237118141
HeatCapacity,294.15,280-300,0.005207909071651251
HeatCapacity,345.1,320-360,0.05707924324110358
HeatCapacity,353.2,320-360,0.004853321226869767
HeatCapacity,352.131,320-360,0.00012245280893985466
HeatCapacity,314.15,300-320,0.01926947340228935
HeatCapacity,349.15,320-360,0.00020833125301678024
HeatCapacity,232.35,<280,0.006395844049929877
HeatCapacity,298.15,280-300,0.006880755586635701
HeatCapacity,598.15,>360,6.677273199873213e-05
HeatCapacity,446.42,>360,0.00010254042526725016
HeatCapacity,324.5,320-360,0.0013780551026476573
HeatCapacity,313.15,300-320,0.0065274886112458574
HeatCapacity,349.55,320-360,0.000854021424657958
HeatCapacity,312.2,300-320,0.04022979943817173
HeatCapacity,320.0,320-360,0.0008125826331264463
HeatCapacity,239.54,<280,0.009915306515844158
HeatCapacity,333.15,320-360,0.0013819213124834917
HeatCapacity,355.15,320-360,0.0008573214919351813
HeatCapacity,478.98,>360,0.0005712644840478731
HeatCapacity,222.07,<280,0.0008240648280910534
HeatCapacity,316.15,300-320,0.00582636480768528
HeatCapacity,346.15,320-360,0.0008277736443345063
HeatCapacity,321.15,320-360,0.003595267975100569
HeatCapacity,340.15,320-360,0.015333200951695325
HeatCapacity,226.24,<280,0.0003218256402064412
HeatCapacity,285.65,280-300,0.004490880689444587
HeatCapacity,232.43,<280,0.013548909798271502
HeatCapacity,199.29,<280,0.0009750391776215395
HeatCapacity,354.15,320-360,0.00501157338463365
HeatCapacity,419.42,>360,0.00109670271975304
HeatCapacity,348.2,320-360,0.15710868522767907
HeatCapacity,223.1,<280,0.009000676458125412
HeatCapacity,328.15,320-360,0.001759534937733953
HeatCapacity,252.27,<280,0.001945056409168977
HeatCapacity,376.981,>360,0.0006404261169743464
HeatCapacity,513.15,>360,0.0024041921724817783
HeatCapacity,409.4,>360,0.004281600783031081
HeatCapacity,448.62,>360,1.0001997120312467e-05
HeatCapacity,301.1,300-320,0.002954466429297753
HeatCapacity,276.16,<280,0.0018930368020599886
HeatCapacity,294.15,280-300,0.005490234898400281
HeatCapacity,353.15,320-360,0.0034442938184060523
HeatCapacity,346.73,320-360,0.004363636826395734
HeatCapacity,340.11,320-360,0.026494938633037535
HeatCapacity,280.27,280-300,0.0030728135262991785
HeatCapacity,504.71,>360,0.0025015251198912125
HeatCapacity,335.749,320-360,0.003816678682376562
HeatCapacity,341.15,320-360,0.003493239178519403
HeatCapacity,432.29,>360,0.0023640918505698494
HeatCapacity,354.23,320-360,0.004644905175366532
HeatCapacity,328.15,320-360,0.014403352751306109
HeatCapacity,348.15,320-360,0.0048833872394666855
HeatCapacity,360.15,>360,0.008060483357922088
HeatCapacity,476.19,>360,0.0010021720873174544
HeatCapacity,345.9,320-360,0.01949800381107014
HeatCapacity,347.15,320-360,0.006953674676197785
HeatCapacity,283.15,280-300,0.031615237712836475
HeatCapacity,312.15,300-320,0.02670626148390287
HeatCapacity,315.61,300-320,0.0002402973629758165
HeatCapacity,506.25,>360,0.0016122869876982193
HeatCapacity,324.15,320-360,0.008079182563442089
HeatCapacity,343.42,320-360,0.003637203627747887
HeatCapacity,296.2,280-300,0.012636107120880702
HeatCapacity,231.66,<280,0.0006818750301098575
HeatCapacity,200.44,<280,0.004891913685286298
HeatCapacity,253.5,<280,0.0053917188944430094
HeatCapacity,449.03,>360,0.0007057791174913675
HeatCapacity,322.1,320-360,0.030964984986772137
HeatCapacity,374.03,>360,7.346396936380728e-05
HeatCapacity,403.2,>360,0.002078949772926997
HeatCapacity,308.15,300-320,0.0220546851408967
HeatCapacity,234.74,<280,0.0003060406989803255
HeatCapacity,454.88,>360,0.0001711018737236003
HeatCapacity,305.15,300-320,0.0037636757355352657
HeatCapacity,309.28,300-320,0.0007677928416898183
HeatCapacity,383.83,>360,0.0025516274091268443
HeatCapacity,360.0,>360,0.017571508239583977
HeatCapacity,312.62,300-320,0.002057506436804246
HeatCapacity,342.6,320-360,0.0022463591300327934
HeatCapacity,297.15,280-300,0.005019196301182305
HeatCapacity,331.15,320-360,0.05558199931565344
HeatCapacity,338.2,320-360,0.0066218434081255495
HeatCapacity,332.15,320-360,0.008514357757175794
HeatCapacity,290.62,280-300,0.004935754457296326
HeatCapacity,298.928,280-300,0.007698082619439717
HeatCapacity,274.47,<280,0.015347987799619212
HeatCapacity,328.15,320-360,0.0028613919707654034
HeatCapacity,336.15,320-360,0.008458168235021546
HeatCapacity,351.86,320-360,0.0019559684485548345
HeatCapacity,317.46,300-320,0.0007701395116290755
HeatCapacity,301.15,300-320,0.0016722495101539891
HeatCapacity,299.1,280-300,0.002451333944557099
HeatCapacity,242.09,<280,0.0031166110163125538
HeatCapacity,363.0,>360,0.03185370503755802
HeatCapacity,356.31,320-360,0.028042293039544752
HeatCapacity,230.0,<280,0.0014138230898037563
HeatCapacity,343.15,320-360,0.007431643748375016
HeatCapacity,343.15,320-360,0.006779657039849063
HeatCapacity,413.15,>360,0.0030079785840317896
HeatCapacity,342.72,320-360,0.025286667696563292
HeatCapacity,356.69,320-360,0.0011347493620670335
HeatCapacity,463.15,>360,0.013447253688429583
HeatCapacity,343.44,320-360,0.008620776879309844
HeatCapacity,350.0,320-360,0.014337852197562562
HeatCapacity,230.44,<280,0.0023296554935763325
HeatCapacity,306.15,300-320,0.0006055817249954742
HeatCapacity,306.96,300-320,0.02036008441920334
HeatCapacity,275.0,<280,0.014889190351122572
HeatCapacity,321.15,320-360,0.009230212819836048
HeatCapacity,304.2,300-320,0.172779191145497
HeatCapacity,295.9,280-300,0.014393867033486885
HeatCapacity,323.15,320-360,0.006766813092588642
HeatCapacity,420.52,>360,8.52687877914704e-05
HeatCapacity,345.1,320-360,0.02743339534022393
HeatCapacity,260.0,<280,0.0023594780912254976
HeatCapacity,318.15,300-320,0.053313275796781134
HeatCapacity,298.15,280-300,0.036011267593987206
HeatCapacity,439.89,>360,0.0018070672168981616
HeatCapacity,408.18,>360,0.01609609690079239
HeatCapacity,318.15,300-320,0.016055082982023627
HeatCapacity,334.19,320-360,0.0071697408153266196
HeatCapacity,318.15,300-320,0.02685928179049135
HeatCapacity,219.01,<280,0.0017624205199595622
HeatCapacity,409.01,>360,0.003410880007730377
HeatCapacity,298.15,280-300,0.05587050827120876
HeatCapacity,297.15,280-300,0.03187852200717156
HeatCapacity,357.59,320-360,0.00905036014165539
HeatCapacity,301.15,300-320,0.004361654554293715
HeatCapacity,356.2,320-360,0.023327838398964573
HeatCapacity,356.53,320-360,0.009120931310335756
HeatCapacity,294.15,280-300,0.011680565242541796
HeatCapacity,308.15,300-320,0.00526243921842795
HeatCapacity,303.15,300-320,0.006795562807247357
HeatCapacity,336.21,320-360,0.003468503111080601
HeatCapacity,308.1,300-320,0.004030240339972124
HeatCapacity,317.15,300-320,0.00041993363921921656
HeatCapacity,403.15,>360,0.01987057634748801
HeatCapacity,346.15,320-360,0.0037665703265918893
HeatCapacity,196.33,<280,0.0011559226599082706
HeatCapacity,309.15,300-320,0.04168418390646256
HeatCapacity,284.767,280-300,0.003784150506091599
HeatCapacity,295.68,280-300,0.00385333728090842
HeatCapacity,318.89,300-320,0.000334748526293005
HeatCapacity,333.15,320-360,0.017358704196674957
HeatCapacity,350.0,320-360,0.013232292680432245
HeatCapacity,343.0,320-360,0.0021247647621951415
HeatCapacity,273.41,<280,0.0037288708946539018
HeatCapacity,299.15,280-300,0.008606441234904061
HeatCapacity,298.15,280-300,0.01272728360352815
HeatCapacity,299.15,280-300,0.05809404505045368
HeatCapacity,478.57,>360,0.0008111207516261487
HeatCapacity,408.88,>360,0.0035434483171163933
HeatCapacity,302.15,300-320,0.01890793059641016
HeatCapacity,332.15,320-360,0.056012209978340444
HeatCapacity,318.15,300-320,0.0002140985547818275
HeatCapacity,293.15,280-300,0.051070640050932425
HeatCapacity,418.6,>360,0.0017119333006627713
HeatCapacity,369.627,>360,0.00868028026794132
HeatCapacity,235.6,<280,0.007462606729224497
HeatCapacity,240.0,<280,0.0028615774230908997
HeatCapacity,366.57,>360,0.0004386343567608364
HeatCapacity,330.62,320-360,0.0029888067053445155
HeatCapacity,350.1,320-360,0.03169340240050467
HeatCapacity,473.67,>360,0.0024937911689670855
HeatCapacity,460.6,>360,0.0060711005466451695
HeatCapacity,413.15,>360,0.010222866166951228
HeatCapacity,347.64,320-360,0.0019649986022649557
HeatCapacity,319.1,300-320,0.00247582259233603
HeatCapacity,383.15,>360,0.009609397608817183
HeatCapacity,413.15,>360,0.012606680731410691
HeatCapacity,383.1,>360,0.30368623855250654
HeatCapacity,420.92,>360,0.0002798812110622606
HeatCapacity,348.18,320-360,0.006615131380805828
HeatCapacity,476.06,>360,0.001078992430896264
HeatCapacity,278.508,<280,0.01617662728795377
HeatCapacity,300.0,300-320,0.0038208845786309453
HeatCapacity,326.15,320-360,0.02878140404617735
HeatCapacity,313.15,300-320,0.0714059038359025
HeatCapacity,397.95,>360,0.006283768078470864
HeatCapacity,382.27,>360,0.0006757498603544576
HeatCapacity,324.26,320-360,0.0014883101703153656
HeatCapacity,283.15,280-300,0.01145260377398749
HeatCapacity,347.81,320-360,0.01573471308606056
HeatCapacity,337.61,320-360,0.005262939510443765
HeatCapacity,333.0,320-360,0.07063972729774637
HeatCapacity,325.15,320-360,0.005985670766155415
HeatCapacity,300.15,300-320,0.0022906784127423307
HeatCapacity,252.93,<280,0.0019703089875617863
HeatCapacity,343.18,320-360,0.007106747882358988
HeatCapacity,273.37,<280,0.016396497740405636
HeatCapacity,325.33,320-360,0.004067354508240584
HeatCapacity,363.0,>360,0.1090326737771985
HeatCapacity,360.05,>360,0.0007971894226903586
HeatCapacity,342.15,320-360,0.0024691424654514904
HeatCapacity,348.15,320-360,0.00831608900503511
HeatCapacity,308.15,300-320,0.007502578593128639
HeatCapacity,289.36,280-300,0.0040878113026332485
HeatCapacity,311.13,300-320,0.00661856467464883
HeatCapacity,368.15,>360,0.12170322587362836
HeatCapacity,298.15,280-300,0.017158985442118357
HeatCapacity,441.71,>360,0.001411936121227697
HeatCapacity,346.1,320-360,0.026561298326618576
HeatCapacity,331.15,320-360,0.03516857942021279
HeatCapacity,312.15,300-320,0.008941185105157068
HeatCapacity,257.41,<280,0.003219494689122193
HeatCapacity,344.49,320-360,0.013466321200279907
HeatCapacity,463.15,>360,0.004244742515024491
HeatCapacity,299.15,280-300,0.0013938094429120085
HeatCapacity,348.15,320-360,0.019465441403217376
HeatCapacity,312.8,300-320,0.0003104086137533102
HeatCapacity,293.15,280-300,0.014194465605879891
HeatCapacity,318.15,300-320,0.007611817714973768
HeatCapacity,324.15,320-360,0.002737371850222381
HeatCapacity,288.15,280-300,0.010163218220827552
HeatCapacity,339.77,320-360,0.023670194354330043
HeatCapacity,318.16,300-320,0.0033788695490786225
HeatCapacity,330.0,320-360,0.009350421361172145
HeatCapacity,308.2,300-320,0.10637712526674292
HeatCapacity,378.2,>360,0.005691090737697024
HeatCapacity,239.87,<280,0.005619456906842402
HeatCapacity,201.23,<280,0.004415105323182011
HeatCapacity,332.71,320-360,0.0013175299467205193
HeatCapacity,313.15,300-320,0.02322580382009498
HeatCapacity,391.66,>360,0.0035882209136062215
HeatCapacity,394.42,>360,0.0023469409566860833
HeatCapacity,326.15,320-360,0.0027879820288667645
HeatCapacity,263.3,<280,0.009472829412524142
HeatCapacity,363.12,>360,5.819191029754478e-05
HeatCapacity,298.15,280-300,0.003906268777916111
HeatCapacity,286.38,280-300,0.00370892878286444
HeatCapacity,343.15,320-360,0.02416695284697834
HeatCapacity,306.15,300-320,0.013231402020433158
HeatCapacity,333.15,320-360,0.0027927463138928132
HeatCapacity,230.0,<280,0.00041767525535796324
HeatCapacity,294.15,280-300,4.05164820183046e-05
HeatCapacity,288.42,280-300,0.006101584037391028
HeatCapacity,455.72,>360,0.0004982279486087648
HeatCapacity,293.15,280-300,0.004940420038232141
HeatCapacity,359.15,320-360,0.0018572265214471528
HeatCapacity,361.18,>360,0.0005117322220131726
HeatCapacity,230.03,<280,0.011440285393931049
HeatCapacity,355.02,320-360,0.09448340077092254
HeatCapacity,366.34,>360,0.02747147983163778
HeatCapacity,319.1,300-320,0.003178292177135944
HeatCapacity,355.136,320-360,0.055483930317842045
HeatCapacity,353.1,320-360,0.009252091642125038
HeatCapacity,274.59,<280,0.006153579581922308
HeatCapacity,373.2,>360,0.020045275724675626
HeatCapacity,187.36,<280,0.0034699745481017175
HeatCapacity,338.15,320-360,0.16212656243184842
HeatCapacity,396.97,>360,0.006804478083726195
HeatCapacity,286.162,280-300,0.006962347404412483
HeatCapacity,323.0,320-360,0.013729034560315156
HeatCapacity,355.0,320-360,0.004489881504567528
HeatCapacity,265.04,<280,0.09739821777072066
HeatCapacity,357.15,320-360,0.008690958096767787
HeatCapacity,312.15,300-320,0.0014038087243326558
HeatCapacity,403.15,>360,0.04970356632664519
HeatCapacity,491.02,>360,0.0004264182231095148
HeatCapacity,306.15,300-320,0.019339617241079132
HeatCapacity,495.2,>360,0.00261222995433652
HeatCapacity,320.15,320-360,0.02830889373476353
HeatCapacity,303.15,300-320,0.0027657007982329063
HeatCapacity,298.15,280-300,0.0212373382398221
HeatCapacity,415.6,>360,0.0017527863156505674
HeatCapacity,358.25,320-360,0.0003180373171645101
HeatCapacity,354.15,320-360,0.1075206237209203
HeatCapacity,318.0,300-320,0.07234097418462948
HeatCapacity,524.3,>360,0.0011567815824271577
HeatCapacity,330.0,320-360,0.0001201611546504111
HeatCapacity,290.758,280-300,0.011255606194319867
HeatCapacity,368.15,>360,0.02119389623495138
HeatCapacity,309.15,300-320,0.004989672890403085
HeatCapacity,298.15,280-300,0.014892170375277125
HeatCapacity,294.15,280-300,0.0013870346775837206
HeatCapacity,216.63,<280,0.003142342352366434
HeatCapacity,359.39,320-360,0.000659782147567789
HeatCapacity,335.08,320-360,0.00014355707988578104
HeatCapacity,343.15,320-360,0.011645323436845878
HeatCapacity,344.15,320-360,0.00030803625716302463
HeatCapacity,334.15,320-360,0.00297800893024025
SurfaceTension,348.15,320-360,0.20812214451472633
SurfaceTension,323.15,320-360,0.0008383051701024158
SurfaceTension,318.15,300-320,0.022682435720230654
SurfaceTension,303.15,300-320,0.002757451480196238
SurfaceTension,293.15,280-300,0.00024212917415988855
SurfaceTension,328.04,320-360,0.016654210616809717
SurfaceTension,287.3,280-300,0.011192028325074599
SurfaceTension,347.49,320-360,0.010440595616993509
SurfaceTension,302.95,300-320,0.006485206663793264
SurfaceTension,308.18,300-320,0.010540430167284232
SurfaceTension,288.15,280-300,0.009783516476593146
SurfaceTension,310.65,300-320,0.0017174668143780103
SurfaceTension,333.48,320-360,0.021520151135928867
SurfaceTension,352.4,320-360,0.011117464808837685
SurfaceTension,338.15,320-360,0.017413683328838303
SurfaceTension,303.15,300-320,0.014326237183979185
SurfaceTension,298.12,280-300,0.01525947041545983
SurfaceTension,303.14,300-320,0.0029984290777349543
SurfaceTension,318.04,300-320,0.04390694476269141
SurfaceTension,298.15,280-300,0.004465718477126401
SurfaceTension,343.15,320-360,0.017454424092802512
SurfaceTension,313.2,300-320,0.13086062172764024
SurfaceTension,338.24,320-360,0.003247810661693329
SurfaceTension,308.15,300-320,0.0061920489331983575
SurfaceTension,328.0,320-360,0.019757567201415416
SurfaceTension,318.15,300-320,0.004287119814674778
SurfaceTension,308.15,300-320,0.00027517777478003325
SurfaceTension,298.15,280-300,0.14106381009001412
SurfaceTension,360.23,>360,0.005293729326841579
SurfaceTension,327.98,320-360,0.003981254596010064
SurfaceTension,318.36,300-320,0.009526221398282075
SurfaceTension,335.61,320-360,0.07134831990117085
SurfaceTension,343.15,320-360,0.009614479439989942
SurfaceTension,343.8,320-360,0.012162095291966768
SurfaceTension,354.0,320-360,0.04145652733893401
SurfaceTension,353.7,320-360,0.03175980004605172
SurfaceTension,348.66,320-360,0.004964011853662242
SurfaceTension,298.2,280-300,0.01596860985278159
SurfaceTension,323.15,320-360,0.02381561666451404
SurfaceTension,303.15,300-320,0.008098420375568516
SurfaceTension,293.24,280-300,0.007205286214165607
SurfaceTension,296.6,280-300,0.05010552804781998
SurfaceTension,303.15,300-320,0.0012168354057173758
SurfaceTension,328.15,320-360,0.03167540341181141
SurfaceTension,348.11,320-360,0.00826130351780252
SurfaceTension,348.0,320-360,0.08799860704500118
SurfaceTension,344.17,320-360,0.008947726881122442
SurfaceTension,323.2,320-360,0.004202985461939424
SurfaceTension,413.6,>360,0.021834568013246347
SurfaceTension,303.09,300-320,0.01636234525662239
SurfaceTension,331.45,320-360,0.003494934109382619
SurfaceTension,298.15,280-300,0.014686091172120275
SurfaceTension,317.93,300-320,0.00789744739652054
SurfaceTension,318.16,300-320,0.005693599453882925
SurfaceTension,393.0,>360,0.013043284317505677
SurfaceTension,352.81,320-360,0.015358701524986085
SurfaceTension,318.39,300-320,0.011380471274926585
SurfaceTension,293.15,280-300,0.004785350713583991
SurfaceTension,322.69,320-360,0.002230701170325755
SurfaceTension,318.15,300-320,0.015402258077352293
SurfaceTension,313.31,300-320,0.026272807125250708
SurfaceTension,298.15,280-300,0.0026099304850082383
SurfaceTension,331.45,320-360,0.014612442157712291
SurfaceTension,343.21,320-360,0.004414551710080872
SurfaceTension,338.37,320-360,0.02378279027226382
SurfaceTension,303.15,300-320,0.006184508809421452
SurfaceTension,318.15,300-320,0.013919380415937876
SurfaceTension,348.38,320-360,0.0047489900341322056
SurfaceTension,285.65,280-300,0.007714273946082262
SurfaceTension,414.4,>360,0.04000045242237693
SurfaceTension,308.0,300-320,0.031038223337580106
SurfaceTension,312.96,300-320,0.006205365484008407
SurfaceTension,278.33,<280,0.011892570141648129
SurfaceTension,307.96,300-320,0.006544174865742214
SurfaceTension,293.0,280-300,0.01774048744471557
SurfaceTension,331.55,320-360,0.010457231422150493
SurfaceTension,300.1,300-320,0.005159976752850515
SurfaceTension,358.37,320-360,0.01651447977969367
SurfaceTension,288.15,280-300,0.01782851678596309
SurfaceTension,333.15,320-360,0.013697135850013531
SurfaceTension,338.0,320-360,0.0004791281135068104
SurfaceTension,348.34,320-360,0.0018307895131397522
SurfaceTension,298.15,280-300,0.000130282637587964
SurfaceTension,303.15,300-320,0.02211220236228728
SurfaceTension,313.19,300-320,0.0009550846525239187
SurfaceTension,313.2,300-320,0.05656412637777741
SurfaceTension,288.15,280-300,0.03875297508225373
SurfaceTension,343.15,320-360,0.020609000013254608
SurfaceTension,328.15,320-360,0.021147707559995066
SurfaceTension,323.15,320-360,0.004567786414162001
SurfaceTension,343.18,320-360,0.0231699443010851
SurfaceTension,313.15,300-320,0.011087213719497502
SurfaceTension,290.65,280-300,0.006366750565327539
SurfaceTension,295.65,280-300,0.008457220955208733
SurfaceTension,343.15,320-360,0.027056557545492854
SurfaceTension,303.27,300-320,0.007533114119437467
SurfaceTension,298.15,280-300,0.0018626445707732309
SurfaceTension,293.15,280-300,0.019020370838558343
SurfaceTension,338.15,320-360,0.01327357963894027
SurfaceTension,343.15,320-360,0.0160641635150367
SurfaceTension,323.0,320-360,0.008261234585477784
SurfaceTension,310.65,300-320,0.0024301603370298075
SurfaceTension,309.93,300-320,0.1387528629415824
SurfaceTension,303.28,300-320,0.017859063238120143
SurfaceTension,338.71,320-360,0.006433768564628739
SurfaceTension,328.1,320-360,0.0015340190733872383
SurfaceTension,364.76,>360,0.004238728515876922
SurfaceTension,303.15,300-320,0.011317042489721096
SurfaceTension,318.06,300-320,0.0073882993654712514
SurfaceTension,313.0,300-320,0.03527590893210908
SurfaceTension,373.7,>360,0.03741047966616318
SurfaceTension,298.15,280-300,0.006471714252457961
SurfaceTension,324.1,320-360,0.0037660585507168776
SurfaceTension,322.9,320-360,0.005741425807841871
SurfaceTension,318.2,300-320,0.00383448619253679
SurfaceTension,303.17,300-320,0.002760856062951955
SurfaceTension,330.65,320-360,0.006449668397169095
SurfaceTension,304.15,300-320,0.13993265449640635
SurfaceTension,338.15,320-360,0.013926504362639758
SurfaceTension,323.15,320-360,0.004481954434894853
SurfaceTension,308.1,300-320,0.0035672750220396843
SurfaceTension,303.15,300-320,0.08581566923339912
SurfaceTension,333.0,320-360,0.032924924007090794
SurfaceTension,341.91,320-360,0.005089020492217156
SurfaceTension,283.15,280-300,0.0013608605506796323
SurfaceTension,323.15,320-360,0.006586226708714893
SurfaceTension,323.12,320-360,0.008363895043802305
SurfaceTension,328.55,320-360,0.04302404083363687
SurfaceTension,323.15,320-360,0.011875089942462669
SurfaceTension,288.15,280-300,0.017037128790134304
SurfaceTension,292.27,280-300,0.0066274577234777254
SurfaceTension,343.15,320-360,0.009812866594397285
SurfaceTension,318.15,300-320,0.0049170906257987035
SurfaceTension,298.15,280-300,0.015804065415952362
SurfaceTension,328.15,320-360,0.025237273466807597
SurfaceTension,298.15,280-300,0.0002903647324039582
SurfaceTension,333.15,320-360,0.010284073400222749
SurfaceTension,313.27,300-320,0.017016580415678995
SurfaceTension,338.15,320-360,0.01539804239560505
SurfaceTension,343.15,320-360,0.011981101784763304
SurfaceTension,298.33,280-300,0.002021716359978498
SurfaceTension,293.38,280-300,0.0010997417921823072
SurfaceTension,326.4,320-360,0.13875445819841437
SurfaceTension,368.0,>360,0.017861479639058153
SurfaceTension,290.65,280-300,0.0010585314314144334
SurfaceTension,288.47,280-300,0.0074756010540069084
SurfaceTension,337.89,320-360,0.0011260246339843683
SurfaceTension,288.15,280-300,0.005795739514184994
SurfaceTension,298.1,280-300,0.03728407545562673
SurfaceTension,283.27,280-300,0.004122900410770125
SurfaceTension,343.13,320-360,0.003125860831944216
SurfaceTension,328.35,320-360,0.01948263664489369
SurfaceTension,323.15,320-360,0.016940113276102675
SurfaceTension,298.23,280-300,0.006904068471936586
SurfaceTension,348.64,320-360,0.011594065509714202
SurfaceTension,298.06,280-300,0.014639812449256606
SurfaceTension,353.7,320-360,0.016506043085487754
SurfaceTension,313.15,300-320,0.013029074551492936
SurfaceTension,353.14,320-360,0.006914738844096657
SurfaceTension,533.2,>360,0.053061611544864995
SurfaceTension,332.7,320-360,0.026773031527444147
SurfaceTension,306.1,300-320,0.006830387263730309
SurfaceTension,322.22,320-360,0.009825649140244863
SurfaceTension,323.15,320-360,0.007582119258852771
SurfaceTension,298.15,280-300,0.032855390219608704
SurfaceTension,308.15,300-320,0.0009877121168506697
SurfaceTension,298.15,280-300,0.009298550231303437
SurfaceTension,333.2,320-360,0.0038899450260077018
SurfaceTension,342.94,320-360,0.01074806009023943
SurfaceTension,343.34,320-360,0.026480969221381212
SurfaceTension,308.15,300-320,0.09954060480892357
SurfaceTension,298.0,280-300,0.00013639553978439523
SurfaceTension,293.0,280-300,0.27707912876731244
SurfaceTension,353.0,320-360,0.028501700113049644
SurfaceTension,303.15,300-320,0.005130178423674803
SurfaceTension,303.15,300-320,0.000849469180906226
SurfaceTension,333.09,320-360,0.001541578377389552
SurfaceTension,298.15,280-300,0.0076034709312398086
SurfaceTension,313.15,300-320,0.08744950342213809
SurfaceTension,328.15,320-360,0.017619527677369184
SurfaceTension,451.63,>360,0.020095511046575698
SurfaceTension,343.0,320-360,0.024808130614481172
SurfaceTension,318.15,300-320,0.018416604902704137
SurfaceTension,325.65,320-360,0.01120044983195223
SurfaceTension,322.98,320-360,0.014245447024982205
SurfaceTension,328.15,320-360,0.0031114961222842297
SurfaceTension,293.15,280-300,0.008967633980758283
SurfaceTension,303.2,300-320,0.029283119976142302
SurfaceTension,318.19,300-320,0.0007074740952108804
SurfaceTension,338.3,320-360,0.0008063077987161549
SurfaceTension,333.0,320-360,0.10029046527551255
SurfaceTension,343.38,320-360,0.014034370532369334
SurfaceTension,308.15,300-320,0.210205922270831
SurfaceTension,645.35,>360,0.00171912263494578
SurfaceTension,308.06,300-320,0.012931166779261538
SurfaceTension,308.15,300-320,0.001771199610380414
SurfaceTension,299.35,280-300,0.0913426954043075
SurfaceTension,293.34,280-300,0.005078754755634574
SurfaceTension,281.05,280-300,0.002369841773564918
SurfaceTension,288.03,280-300,0.004458896816534441
SurfaceTension,293.15,280-300,0.03345132317040678
SurfaceTension,315.65,300-320,0.007589524593758501
SurfaceTension,328.15,320-360,0.007513385514616999
SurfaceTension,291.15,280-300,0.013846926998550835
SurfaceTension,318.15,300-320,0.00908708565323657
SurfaceTension,333.15,320-360,0.006787808054273814
SurfaceTension,322.89,320-360,0.00494429810478314
SurfaceTension,313.4,300-320,0.003151103642725417
SurfaceTension,338.21,320-360,0.02199800604836266
SurfaceTension,333.15,320-360,0.005055662313835807
SurfaceTension,353.4,320-360,0.03524981892456358
SurfaceTension,323.15,320-360,0.0021550360780366873
SurfaceTension,272.51,<280,0.006127176073397411
SurfaceTension,288.15,280-300,0.002893250857368912
SurfaceTension,298.1,280-300,0.007489490455338199
SurfaceTension,323.3,320-360,0.1556489716293714
SurfaceTension,328.15,320-360,0.003315203013331658
SurfaceTension,303.15,300-320,0.0016208229105281191
SurfaceTension,293.15,280-300,0.003218392353071753
SurfaceTension,303.15,300-320,0.03729915694708996
SurfaceTension,293.15,280-300,0.025662622061338958
SurfaceTension,298.15,280-300,0.0006051051420836728
SurfaceTension,297.0,280-300,0.03489652017692846
SurfaceTension,310.65,300-320,0.008239535809933862
SurfaceTension,323.5,320-360,0.02008312473459961
SurfaceTension,353.15,320-360,0.00688197389079237
SurfaceTension,298.34,280-300,0.00956723132734405
SurfaceTension,313.75,300-320,0.004845251071893042
SurfaceTension,313.15,300-320,0.001986638342897251
SurfaceTension,313.15,300-320,0.013866335717949152
SurfaceTension,337.57,320-360,0.006070940672318059
SurfaceTension,306.15,300-320,0.13835232637582973
SurfaceTension,318.15,300-320,0.006933860179828333
SurfaceTension,287.88,280-300,0.0037121841900189523
SurfaceTension,332.9,320-360,0.0018557330713946385
SurfaceTension,323.25,320-360,0.001988984513647818
SurfaceTension,364.83,>360,0.04221585961447483
SurfaceTension,288.08,280-300,0.008721790489191417
SurfaceTension,433.3,>360,0.03841027359096838
SurfaceTension,323.15,320-360,0.011685666169384934
SurfaceTension,354.56,320-360,0.008241598232340941
SurfaceTension,283.1,280-300,0.008537042665177186
SurfaceTension,343.15,320-360,0.04135240268120777
SurfaceTension,328.15,320-360,0.003223661756256213
SurfaceTension,332.879,320-360,0.03153806268304438
SurfaceTension,353.3,320-360,0.03448631474603303
SurfaceTension,309.75,300-320,0.0020206247078009554
SurfaceTension,332.98,320-360,0.014311376546430221
SurfaceTension,308.15,300-320,0.015146092810759182
SurfaceTension,343.15,320-360,0.025373709210642748
SurfaceTension,308.21,300-320,0.01974107080237264
SurfaceTension,343.09,320-360,0.006421266845575868
SurfaceTension,343.28,320-360,0.014777957010946086
SurfaceTension,353.37,320-360,0.03471062353118448
SurfaceTension,328.09,320-360,0.001238434190457216
SurfaceTension,293.0,280-300,0.2517055562368826
SurfaceTension,308.15,300-320,0.0006273523766489042
SurfaceTension,343.07,320-360,0.004600792096955075
SurfaceTension,303.15,300-320,0.010256572255870289
SurfaceTension,364.74,>360,0.005479578232220117
SurfaceTension,298.15,280-300,0.0007936232071754645
SurfaceTension,293.51,280-300,0.017804792562477356
SurfaceTension,298.15,280-300,0.010883766554981467
SurfaceTension,308.0,300-320,0.0026722049323950614
SurfaceTension,318.0,300-320,0.008689685589326146
SurfaceTension,303.11,300-320,0.0032353726247982273
SurfaceTension,333.15,320-360,0.005766767403957651
SurfaceTension,337.25,320-360,0.023670490711769077
SurfaceTension,337.8,320-360,0.006334910199869537
SurfaceTension,343.15,320-360,0.10775502445229757
SurfaceTension,303.15,300-320,0.010100629019637264
SurfaceTension,313.15,300-320,0.0016240092823784913
SurfaceTension,347.15,320-360,0.018020471257833126
SurfaceTension,333.15,320-360,0.0023920853476919746
SurfaceTension,298.15,280-300,0.002809159716929077
SurfaceTension,333.32,320-360,0.004759552532160871
SurfaceTension,328.15,320-360,0.0033384886496374833
SurfaceTension,343.15,320-360,0.00178813209760742
SurfaceTension,308.15,300-320,0.015302402318304598
SurfaceTension,353.15,320-360,0.013783961778229603
SurfaceTension,333.15,320-360,0.006126688765912824
SurfaceTension,338.0,320-360,0.007990156912456303
SurfaceTension,333.15,320-360,0.014586159214247107
SurfaceTension,323.52,320-360,0.014388741686834017
SurfaceTension,303.3,300-320,0.005915369065865761
SurfaceTension,325.65,320-360,0.0029471371804494773
SurfaceTension,298.15,280-300,0.008087271495686998
SurfaceTension,358.04,320-360,0.005603867624741632
SurfaceTension,433.7,>360,0.007909254928986975
SurfaceTension,337.76,320-360,0.0009601089539259533
SurfaceTension,351.55,320-360,0.010472572011723802
SurfaceTension,308.2,300-320,0.0010876292823787104
SurfaceTension,283.39,280-300,0.010462754056149048
SurfaceTension,323.15,320-360,0.09015508781400694
SurfaceTension,333.15,320-360,0.013794259136834963
SurfaceTension,343.13,320-360,0.09399861217029049
SurfaceTension,317.86,300-320,0.017946566051679103
SurfaceTension,298.6,280-300,0.021472191294698906
SurfaceTension,278.15,<280,0.010439371612497972
SurfaceTension,268.36,<280,0.003546328420964251
SurfaceTension,318.0,300-320,0.023881885524398072
SurfaceTension,342.538,320-360,0.055931188403314014
SurfaceTension,298.15,280-300,0.011538205087587627
SurfaceTension,298.15,280-300,0.05278305413628237
SurfaceTension,351.55,320-360,0.010037140646102838
SurfaceTension,285.65,280-300,0.029558010534445067
SurfaceTension,343.15,320-360,0.03951219365400105
SurfaceTension,313.15,300-320,0.016421058221855134
SurfaceTension,273.34,<280,0.0061115662987183406
SurfaceTension,323.15,320-360,0.0025807549548049202
SurfaceTension,338.21,320-360,0.000795220809858499
SurfaceTension,303.15,300-320,0.0020376385861737845
SurfaceTension,333.0,320-360,0.03817148288043848
SurfaceTension,303.12,300-320,0.0039014644297310497
SurfaceTension,328.2,320-360,0.00227910286589017
SurfaceTension,338.15,320-360,0.017163055088149193
SurfaceTension,343.15,320-360,0.008776813477706202
SurfaceTension,353.15,320-360,0.013608962954949622
SurfaceTension,288.15,280-300,0.002708827945377301
SurfaceTension,308.15,300-320,0.019314018628523222
SurfaceTension,315.65,300-320,0.002261304972793088
SurfaceTension,293.0,280-300,0.26280366690366375
SurfaceTension,298.0,280-300,0.01259369427166357
SurfaceTension,287.81,280-300,0.011925006774909708
SurfaceTension,303.41,300-320,0.008478327629355853
SurfaceTension,293.15,280-300,0.0026810861657162732
SurfaceTension,343.15,320-360,0.018119437852409437
SurfaceTension,318.0,300-320,0.04591104404042268
SurfaceTension,326.15,320-360,0.007251253970006477
SurfaceTension,333.15,320-360,0.018960240218380164
SurfaceTension,333.15,320-360,0.004259203096003361
SurfaceTension,348.11,320-360,0.01156579022166948
SurfaceTension,308.21,300-320,0.006273093896656423
SurfaceTension,308.15,300-320,0.008056862115550789
SurfaceTension,321.93,320-360,0.07484086938330847
SurfaceTension,302.95,300-320,0.022411173605263457
SurfaceTension,283.22,280-300,0.00040408661900226406
SurfaceTension,298.2,280-300,0.0004989327882634065
SurfaceTension,298.15,280-300,0.013930805547944125
SurfaceTension,323.15,320-360,0.00464629300177144
SurfaceTension,298.21,280-300,0.0033881786093310495
SurfaceTension,331.45,320-360,0.007623830296709322
SurfaceTension,308.15,300-320,0.005957601629734022
SurfaceTension,333.15,320-360,0.0015957069337697583
SurfaceTension,313.15,300-320,4.908925826008215e-05
SurfaceTension,339.9,320-360,0.009169934170325522
SurfaceTension,452.7,>360,0.051369461816408446
SurfaceTension,323.0,320-360,0.10560900703795362
SurfaceTension,338.15,320-360,0.0018985272898452976
SurfaceTension,318.15,300-320,0.0005817199568660669
SurfaceTension,338.0,320-360,0.024121519506955735
SurfaceTension,318.36,300-320,0.12329849739340748
SurfaceTension,343.15,320-360,0.030638919000657516
SurfaceTension,303.06,300-320,0.0074486177560020295
SurfaceTension,338.15,320-360,0.18607669997277965
SurfaceTension,293.15,280-300,0.001137743168648342
SurfaceTension,413.5,>360,0.02906197287833434
SurfaceTension,342.45,320-360,0.01942706378643111
SurfaceTension,318.55,300-320,0.005123628255556678
SurfaceTension,318.15,300-320,0.01005546750095565
SurfaceTension,303.15,300-320,0.021338853812577607
SurfaceTension,332.94,320-360,0.0033956889119273193
SurfaceTension,333.15,320-360,0.005904161477110037
SurfaceTension,280.65,280-300,0.003925834084175683
SurfaceTension,348.0,320-360,0.008915251732250606
SurfaceTension,298.15,280-300,0.019635238890034046
SurfaceTension,347.77,320-360,0.006211008555084607
SurfaceTension,330.65,320-360,0.005913005343481714
SurfaceTension,326.25,320-360,0.01353791001246929
SurfaceTension,453.2,>360,0.03809744114867408
SurfaceTension,328.15,320-360,0.012360604179891155
SurfaceTension,288.15,280-300,0.00850555818118126
SurfaceTension,343.35,320-360,0.0022193863247963463
SurfaceTension,323.15,320-360,0.0001592476980007973
SurfaceTension,293.15,280-300,0.012361778455352468
SurfaceTension,283.15,280-300,0.003799239259237197
SurfaceTension,333.15,320-360,0.038767253712731264
SurfaceTension,293.53,280-300,0.012759232238682916
SurfaceTension,303.15,300-320,0.003046284092906415
SurfaceTension,338.15,320-360,0.004139026052296213
SurfaceTension,328.05,320-360,0.04013760028027047
SurfaceTension,313.1,300-320,0.00566481883011738
SurfaceTension,298.32,280-300,0.008652032057398173
SurfaceTension,325.65,320-360,0.0028354594172790293
SurfaceTension,303.08,300-320,0.006913604643280724
SurfaceTension,338.6,320-360,0.09043692201789133
SurfaceTension,288.15,280-300,0.010567428077643548
SurfaceTension,323.23,320-360,0.0043306306093438
SurfaceTension,283.15,280-300,0.014841613994812874
SurfaceTension,374.2,>360,0.0007893493362649551
SurfaceTension,351.3,320-360,0.0660420092032985
SurfaceTension,303.5,300-320,0.00925919200371439
SurfaceTension,328.15,320-360,0.003530496319762211
SurfaceTension,293.35,280-300,0.005066098156138121
SurfaceTension,310.65,300-320,0.00815462646229026
SurfaceTension,363.0,>360,0.0004262500011753545
SurfaceTension,293.0,280-300,0.07763526844402469
SurfaceTension,303.95,300-320,0.004796265816489065
SurfaceTension,318.07,300-320,0.029126545215306887
SurfaceTension,328.15,320-360,0.00861809197460639
SurfaceTension,313.15,300-320,0.01399520771094842
SurfaceTension,300.1,300-320,0.01358051559696083
SurfaceTension,283.2,280-300,0.0034218145136337696
SurfaceTension,288.15,280-300,0.1345283264257775
SurfaceTension,328.04,320-360,0.002522477017411262
SurfaceTension,293.26,280-300,0.0033807498976825556
SurfaceTension,323.15,320-360,0.0011205776044653781
SurfaceTension,332.74,320-360,0.0035929338308848813
SurfaceTension,354.712,320-360,0.027035787884928553
SurfaceTension,308.32,300-320,0.001907395871991735
SurfaceTension,303.09,300-320,0.014274813896306249
SurfaceTension,338.15,320-360,0.02639977317649045
SurfaceTension,318.15,300-320,0.01473590776275513
SurfaceTension,283.15,280-300,0.011602187958259513
SurfaceTension,343.0,320-360,0.025046599800042646
SurfaceTension,320.15,320-360,0.03868667241896251
SurfaceTension,303.43,300-320,0.016619734625119342
SurfaceTension,308.15,300-320,0.0030390229331143104
SurfaceTension,323.15,320-360,0.005955590915496245
SurfaceTension,293.15,280-300,0.028108565095195992
SurfaceTension,303.15,300-320,0.0011506280548876369
SurfaceTension,333.28,320-360,0.01790424184309858
SurfaceTension,318.08,300-320,0.028080655472868088
SurfaceTension,378.0,>360,0.013984443259625667
SurfaceTension,343.15,320-360,0.09282595692047702
SurfaceTension,323.15,320-360,0.0005613845628698044
SurfaceTension,328.15,320-360,0.014877806507090252
SurfaceTension,308.2,300-320,0.0012799918916983621
SurfaceTension,313.2,300-320,0.007832384547984184
SurfaceTension,333.15,320-360,0.00701326349920528
SurfaceTension,318.4,300-320,0.015768357602671035
SurfaceTension,298.0,280-300,0.008015834233390695
SurfaceTension,303.949,300-320,0.04475545486160337
SurfaceTension,313.15,300-320,0.02448332973666023
SurfaceTension,353.47,320-360,0.010347805366526241
SurfaceTension,293.15,280-300,0.030714959823713084
SurfaceTension,348.16,320-360,0.0046177438538537174
SurfaceTension,303.15,300-320,0.018802184305889202
SurfaceTension,333.78,320-360,0.022650435399026225
SurfaceTension,313.4,300-320,0.04501860631835397
SurfaceTension,319.33,300-320,0.12392828089669505
SurfaceTension,323.15,320-360,0.029467220448729403
SurfaceTension,318.15,300-320,0.04832528328312602
SurfaceTension,343.42,320-360,0.029626352888318053
SurfaceTension,313.0,300-320,0.008584989111937169
SurfaceTension,295.45,280-300,0.0070866181767521574
SurfaceTension,333.15,320-360,0.005584427662483904
SurfaceTension,303.55,300-320,0.02258755782593891
SurfaceTension,392.9,>360,0.02107669278093427
SurfaceTension,295.75,280-300,0.0668174595306339
SurfaceTension,311.05,300-320,0.021815379729168694
SurfaceTension,313.15,300-320,0.006475014148096481
SurfaceTension,303.15,300-320,0.00837326642081715
SurfaceTension,283.15,280-300,0.01181417310191124
SurfaceTension,293.23,280-300,0.0030617141671527293
SurfaceTension,347.25,320-360,0.010884150103033896
SurfaceTension,352.87,320-360,0.0029749664880078797
SurfaceTension,306.81,300-320,0.005741838643112285
SurfaceTension,308.19,300-320,0.014146067136536988
SurfaceTension,312.05,300-320,0.012019373853530801
SurfaceTension,333.15,320-360,0.006563441235045264
SurfaceTension,343.0,320-360,0.0021443026954908184
SurfaceTension,308.15,300-320,0.0040403841492167025
SurfaceTension,328.15,320-360,0.03600052376231577
SurfaceTension,353.15,320-360,0.02039114385826757
SurfaceTension,298.27,280-300,0.012542286785697243
SurfaceTension,313.61,300-320,0.006413596343463723
SurfaceTension,323.15,320-360,0.0488991257768836
SurfaceTension,358.31,320-360,0.007271860518593076
SurfaceTension,313.15,300-320,0.008006519607290041
SurfaceTension,453.2,>360,0.04575976671409565
SurfaceTension,293.15,280-300,0.06750446906359864
SurfaceTension,268.06,<280,0.037714720327216344
SurfaceTension,318.16,300-320,0.01525530744394299
SurfaceTension,354.35,320-360,0.016883848342045038
SurfaceTension,333.27,320-360,0.01836511592111245
SurfaceTension,343.15,320-360,0.0025818005443825065
SurfaceTension,328.15,320-360,0.013419787716662857
SurfaceTension,343.2,320-360,0.014271825123614246
SurfaceTension,288.15,280-300,0.0015515674937920387
SurfaceTension,303.2,300-320,0.014055001448522564
SurfaceTension,298.15,280-300,0.026684020356757987
SurfaceTension,455.0,>360,0.048770972495359555
SurfaceTension,273.9,<280,0.001156640299329048
SurfaceTension,303.15,300-320,0.006044603244734326
SurfaceTension,333.2,320-360,0.06386474445087575
SurfaceTension,333.15,320-360,0.02512980268863929
SurfaceTension,312.848,300-320,0.0456761998878199
SurfaceTension,312.44,300-320,0.01163487936619001
SurfaceTension,333.13,320-360,0.0021899667145111046
SurfaceTension,308.15,300-320,0.0724077505655476
SurfaceTension,343.15,320-360,0.11411258087290976
SurfaceTension,353.0,320-360,0.00034515779248422973
SurfaceTension,432.6,>360,0.021176594381310476
SurfaceTension,323.15,320-360,0.002582621528126605
SurfaceTension,343.0,320-360,0.000277815656668956
SurfaceTension,298.55,280-300,0.013729329071624274
SurfaceTension,328.15,320-360,0.013724013618637176
SurfaceTension,364.61,>360,0.0076182910782804925
SurfaceTension,315.65,300-320,0.00977370351713569
SurfaceTension,333.15,320-360,0.027137749371116016
SurfaceTension,318.26,300-320,0.010449028202979882
SurfaceTension,333.86,320-360,0.007404743959482651
SurfaceTension,323.15,320-360,0.021855388963485822
SurfaceTension,313.07,300-320,0.041669778471224994
SurfaceTension,329.67,320-360,0.11336589243004758
SurfaceTension,333.3,320-360,0.019534754864166448
SurfaceTension,338.21,320-360,0.009341506495422536
SurfaceTension,338.02,320-360,0.019433843281887242
SurfaceTension,300.65,300-320,0.005033940670208459
SurfaceTension,358.07,320-360,0.009774500501791739
SurfaceTension,313.15,300-320,0.025595639529277125
SurfaceTension,308.15,300-320,0.004771921551507408
SurfaceTension,323.15,320-360,0.0015181871915297407
SurfaceTension,307.9,300-320,0.01433367365682825
SurfaceTension,283.23,280-300,0.010005779990867048
SurfaceTension,283.15,280-300,0.032725445424161226
SurfaceTension,493.1,>360,0.05548952652639061
SurfaceTension,328.09,320-360,0.024141366510422646
SurfaceTension,313.593,300-320,0.05318485122990779
SurfaceTension,283.15,280-300,0.03826876881235952
SurfaceTension,368.0,>360,0.020239786438826624
SurfaceTension,349.14,320-360,0.0062354515329849924
SurfaceTension,323.15,320-360,0.01928660171251506
SurfaceTension,318.15,300-320,0.0015479916684650874
SurfaceTension,294.25,280-300,0.020670160803414994
SurfaceTension,303.24,300-320,0.0017634021890691187
SurfaceTension,315.95,300-320,0.012062330481619199
SurfaceTension,338.15,320-360,0.05031458322761928
SurfaceTension,328.3,320-360,0.036922859341801395
SurfaceTension,353.03,320-360,0.023930263440059107
SurfaceTension,303.11,300-320,0.051587779502758835
SurfaceTension,318.15,300-320,0.004299913114191867
SurfaceTension,353.15,320-360,0.040043226974607826
SurfaceTension,348.0,320-360,0.024218150386404513
SurfaceTension,313.13,300-320,0.0037327134603879486
SurfaceTension,337.82,320-360,0.08328707750804742
SurfaceTension,323.13,320-360,0.007143476090456957
SurfaceTension,338.15,320-360,0.008827235342561579
SurfaceTension,318.13,300-320,0.011893207459289012
SurfaceTension,323.0,320-360,0.001837816605422038
SurfaceTension,283.15,280-300,0.007787703446613392
SurfaceTension,333.15,320-360,0.016499873780098984
SurfaceTension,363.75,>360,0.00972264435609782
SurfaceTension,343.15,320-360,0.014335395064807521
SurfaceTension,312.97,300-320,0.0034608557926714134
SurfaceTension,313.3,300-320,0.01470623110699476
SurfaceTension,298.28,280-300,0.007079957958188832
SurfaceTension,293.42,280-300,8.911923425980461e-05
SurfaceTension,318.15,300-320,0.0032024912924044635
SurfaceTension,308.39,300-320,0.0006543133319030225
SurfaceTension,323.59,320-360,0.11599035521000589
SurfaceTension,318.15,300-320,0.00043225659727941235
SurfaceTension,323.34,320-360,0.002960420763541194
SurfaceTension,313.2,300-320,0.054753600616517684
SurfaceTension,333.0,320-360,0.04067838399030199
SurfaceTension,318.15,300-320,0.003895744667532952
SurfaceTension,293.15,280-300,0.03470689836904661
SurfaceTension,328.15,320-360,0.0006459992534724179
SurfaceTension,307.9,300-320,0.014950903543577532
SurfaceTension,372.6,>360,0.05553606682342771
SurfaceTension,343.15,320-360,0.025462245472618772
SurfaceTension,361.45,>360,0.004452792788796067
SurfaceTension,313.45,300-320,0.04541307351103141
SurfaceTension,348.01,320-360,0.0002117915240797963
SurfaceTension,283.15,280-300,0.06808768860644587
SurfaceTension,472.5,>360,0.07536219917867859
SurfaceTension,278.15,<280,0.028801745210293994
SurfaceTension,328.84,320-360,0.029074425480540622
SurfaceTension,343.15,320-360,0.008047109188661139
SurfaceTension,313.15,300-320,0.033543359994159694
SurfaceTension,308.2,300-320,0.008916678409682355
SurfaceTension,343.18,320-360,0.01845039653489655
SurfaceTension,323.15,320-360,0.03689822411307109
SurfaceTension,273.2,<280,0.002180566947808771
SurfaceTension,293.29,280-300,0.0028647694062278184
SurfaceTension,277.94,<280,0.002300044629573339
SurfaceTension,328.15,320-360,9.796763617320181e-05
SurfaceTension,303.15,300-320,0.009718519700476325
SurfaceTension,303.21,300-320,0.043172528474274774
SurfaceTension,292.18,280-300,0.017052656403014232
SurfaceTension,363.15,>360,0.009815203865721767
SurfaceTension,293.15,280-300,0.003979488976112666
SurfaceTension,313.3,300-320,0.019140591255569106
SurfaceTension,348.47,320-360,0.10855657868793678
SurfaceTension,348.45,320-360,0.004979114606102009
SurfaceTension,313.01,300-320,0.004811334472434758
SurfaceTension,313.15,300-320,0.0007235339019229237
SurfaceTension,308.21,300-320,0.00801981588252243
SurfaceTension,264.2,<280,0.0071476075558454255
SurfaceTension,333.2,320-360,0.16739881090898567
SurfaceTension,298.3,280-300,0.030471188914112712
SurfaceTension,298.15,280-300,0.010740703618136394
SurfaceTension,368.0,>360,0.007450137697055048
SurfaceTension,308.0,300-320,0.11166824886650772
SurfaceTension,298.31,280-300,0.006771575227165982
SurfaceTension,333.35,320-360,0.01543901668246983
SurfaceTension,332.09,320-360,0.007010459538183689
SurfaceTension,278.15,<280,0.0030121822126756292
SurfaceTension,343.34,320-360,0.0008144646028940272
SurfaceTension,343.16,320-360,0.005157986515899271
SurfaceTension,318.12,300-320,0.005014932964248153
SurfaceTension,368.0,>360,0.007762098944145368
SurfaceTension,293.15,280-300,0.02319741448515611
SurfaceTension,303.15,300-320,0.026551557578113893
SurfaceTension,303.0,300-320,0.08361910046148324
SurfaceTension,373.0,>360,0.014379203267640861
SurfaceTension,313.44,300-320,0.011590811013852953
SurfaceTension,293.2,280-300,0.01580697885180493
SurfaceTension,298.15,280-300,0.025210108420059996
SurfaceTension,328.0,320-360,0.007783956951421089
SurfaceTension,333.2,320-360,0.00997041939552501
SurfaceTension,348.0,320-360,0.052272355493747646
SurfaceTension,328.11,320-360,0.0041883250002325845
SurfaceTension,378.0,>360,0.003192669497277034
SurfaceTension,323.15,320-360,0.00547300815289864
SurfaceTension,318.15,300-320,0.0035067808038129478
SurfaceTension,338.15,320-360,0.018475787769848928
SurfaceTension,393.5,>360,0.045404905385278305
SurfaceTension,308.15,300-320,0.010273666766139389
SurfaceTension,323.0,320-360,0.08784511096484193
SurfaceTension,279.7,<280,0.007084928132078616
SurfaceTension,333.64,320-360,0.08119868814180764
SurfaceTension,318.15,300-320,0.004970137636686189
SurfaceTension,317.9,300-320,0.03618721776371725
SurfaceTension,303.15,300-320,0.013616275724452453
SurfaceTension,312.95,300-320,0.008194880341338084
SurfaceTension,323.22,320-360,0.004089099580160571
SurfaceTension,262.89,<280,0.03447808541718089
SurfaceTension,323.15,320-360,0.06096501018343581
SurfaceTension,298.15,280-300,0.03408602161128149
SurfaceTension,341.81,320-360,0.0043246718915814775
SurfaceTension,303.35,300-320,0.006367287039929614
SurfaceTension,323.15,320-360,0.0033057978073327554
SurfaceTension,338.15,320-360,0.0029370583279737517
SurfaceTension,323.15,320-360,0.06862275572123666
SurfaceTension,278.75,<280,0.0017504791202882508
SurfaceTension,308.15,300-320,0.013298996368883653
SurfaceTension,293.15,280-300,0.009132671347265031
SurfaceTension,323.15,320-360,0.0023477114355081596
SurfaceTension,298.15,280-300,0.009514857254074194
SurfaceTension,318.15,300-320,0.005860722270261576
SurfaceTension,322.55,320-360,0.017078585451897776
SurfaceTension,343.15,320-360,0.01160620154627967
SurfaceTension,328.15,320-360,0.008673917935348996
SurfaceTension,313.25,300-320,0.015292746227382636
SurfaceTension,347.73,320-360,0.005753871245810949
SurfaceTension,313.15,300-320,0.015014004095111222
SurfaceTension,359.32,320-360,0.004175837190221632
SurfaceTension,288.15,280-300,0.011575221676236147
SurfaceTension,298.97,280-300,0.009835499683504167
SurfaceTension,313.15,300-320,0.009958739699331254
SurfaceTension,357.52,320-360,0.0010115595852373538
SurfaceTension,308.4,300-320,0.04221739376047795
SurfaceTension,320.65,320-360,0.0031554730097882455
SurfaceTension,308.23,300-320,0.03932403194737377
SurfaceTension,303.15,300-320,0.007911978054505386
SurfaceTension,318.15,300-320,0.00043125102892371814
SurfaceTension,348.0,320-360,0.022918077402136916
SurfaceTension,313.15,300-320,0.02700613744501057
SurfaceTension,298.15,280-300,0.005883497280843919
SurfaceTension,358.1,320-360,0.0024890694820172143
SurfaceTension,333.0,320-360,0.0070165713055914125
SurfaceTension,318.26,300-320,0.002241911413233044
SurfaceTension,318.0,300-320,0.10884748130919109
SurfaceTension,313.0,300-320,0.08305260780863088
SurfaceTension,298.48,280-300,0.005650297067840704
SurfaceTension,320.65,320-360,0.002298111649082557
SurfaceTension,328.15,320-360,0.02076345276440872
SurfaceTension,277.78,<280,0.047763538672451755
SurfaceTension,338.15,320-360,0.012179436590690429
SurfaceTension,298.15,280-300,0.02837839532958064
SurfaceTension,338.0,320-360,0.002622358112730261
SurfaceTension,353.4,320-360,0.013280640947987976
SurfaceTension,347.23,320-360,0.00553164695570274
SurfaceTension,333.15,320-360,0.020935018101050584
SurfaceTension,341.93,320-360,0.03715593035813125
SurfaceTension,267.14,<280,0.0068712809553352905
SurfaceTension,343.15,320-360,0.03812760888895772
SurfaceTension,338.4,320-360,0.022099738773682986
SurfaceTension,328.15,320-360,0.008495359122070667
SurfaceTension,333.2,320-360,0.0007712852014121196
SurfaceTension,288.15,280-300,0.006759744292684555
SurfaceTension,303.13,300-320,0.03416090061865695
SurfaceTension,288.15,280-300,0.010897352033994778
SurfaceTension,308.15,300-320,0.0068575587166055385
SurfaceTension,337.65,320-360,0.0038014720723884565
SurfaceTension,298.15,280-300,0.08846615758828769
SurfaceTension,338.6,320-360,0.02413630051647342
SurfaceTension,312.09,300-320,0.0582689774738232
SurfaceTension,298.1,280-300,0.04105658718164351
SurfaceTension,272.95,<280,0.0054461017650462296
SurfaceTension,336.15,320-360,0.0634395553575624
SurfaceTension,308.15,300-320,0.0037903780742918336
SurfaceTension,288.15,280-300,0.004271838837401454
SurfaceTension,318.2,300-320,0.0029215230305283946
SurfaceTension,298.5,280-300,0.0022416421107069873
SurfaceTension,298.2,280-300,0.0037284295170110227
SurfaceTension,293.15,280-300,0.002842083676891427
SurfaceTension,328.15,320-360,0.017277270419685742
SurfaceTension,333.15,320-360,0.005530969034472033
SurfaceTension,333.4,320-360,0.019421314588057736
SurfaceTension,298.15,280-300,0.0004108513176253048
SurfaceTension,328.15,320-360,0.008795241549193644
SurfaceTension,288.67,280-300,0.0037479930445445397
SurfaceTension,308.15,300-320,0.0059361560037496375
SurfaceTension,327.96,320-360,0.03279597311512772
SurfaceTension,292.87,280-300,0.008070517729744875
SurfaceTension,353.11,320-360,0.012176462818343392
SurfaceTension,350.75,320-360,0.040647761693259454
SurfaceTension,285.65,280-300,0.000542368854912656
SurfaceTension,322.84,320-360,0.003728339364595712
SurfaceTension,308.0,300-320,0.004780052464622653
SurfaceTension,321.55,320-360,0.005595289683869797
SurfaceTension,308.15,300-320,0.0016167603363239635
SurfaceTension,343.23,320-360,0.002975919957523665
SurfaceTension,343.05,320-360,0.002230103631199132
SurfaceTension,298.31,280-300,0.002491970393748044
SurfaceTension,353.8,320-360,0.011790740217833662
SurfaceTension,338.39,320-360,0.020022565899180833
SurfaceTension,323.15,320-360,0.0006709612957962463
SurfaceTension,322.73,320-360,0.01445007629178674
SurfaceTension,313.26,300-320,0.0016771534205788363
SurfaceTension,283.24,280-300,0.004099352878128126
SurfaceTension,293.48,280-300,0.004412396975705057
SurfaceTension,279.65,<280,0.004809855327037038
SurfaceTension,333.15,320-360,0.01438532493261846
SurfaceTension,328.2,320-360,0.05413912007279187
SurfaceTension,333.15,320-360,0.023592544446013886
SurfaceTension,303.15,300-320,0.02686589563164432
SurfaceTension,298.42,280-300,0.002370291936597546
SurfaceTension,353.08,320-360,0.01706700351450774
SurfaceTension,331.15,320-360,0.1089463361633154
SurfaceTension,328.15,320-360,0.012433618546217051
SurfaceTension,293.4,280-300,0.0038230637641070153
SurfaceTension,318.03,300-320,0.01592934557004222
SurfaceTension,743.71,>360,0.026543558425267566
SurfaceTension,355.91,320-360,0.034604094105558314
SurfaceTension,433.6,>360,0.03233580201415798
SurfaceTension,351.969,320-360,0.03391964596233121
SurfaceTension,293.15,280-300,0.04162460045563554
SurfaceTension,337.92,320-360,0.02879457302950872
SurfaceTension,330.65,320-360,0.004139018229549762
SurfaceTension,308.15,300-320,0.004662569794311899
SurfaceTension,303.15,300-320,0.0035843081465487536
SurfaceTension,343.0,320-360,0.010922944144349689
SurfaceTension,333.15,320-360,0.01632551285444306
SurfaceTension,313.1,300-320,0.020425919778991553
SurfaceTension,295.65,280-300,0.009369129732096138
SurfaceTension,343.15,320-360,0.05456208593228329
SurfaceTension,328.15,320-360,0.006891448893182162
SurfaceTension,328.15,320-360,0.06082802131107057
SurfaceTension,318.32,300-320,0.01387690713919909
SurfaceTension,607.58,>360,0.009647600922922273
SurfaceTension,308.4,300-320,0.01190489663570693
SurfaceTension,333.15,320-360,0.0007909944297206373
SurfaceTension,323.15,320-360,0.005159304735622872
SurfaceTension,278.15,<280,0.03890090414144076
SurfaceTension,298.12,280-300,0.03138729893119452
SurfaceTension,353.15,320-360,0.033388575994253156
SurfaceTension,333.15,320-360,0.04044894887082329
SurfaceTension,313.15,300-320,0.004239368512282127
SurfaceTension,388.0,>360,0.014357252832978062
SurfaceTension,343.09,320-360,0.03536722293917416
SurfaceTension,333.02,320-360,0.028585005993880586
SurfaceTension,431.6,>360,0.01489111368245144
SurfaceTension,310.65,300-320,0.0005179998143454156
SurfaceTension,337.71,320-360,0.007607964798933331
SurfaceTension,298.15,280-300,0.003993510020401381
SurfaceTension,323.15,320-360,0.001316131748906546
SurfaceTension,453.4,>360,0.013576633695435714
SurfaceTension,298.0,280-300,0.0009813389201953626
SurfaceTension,328.2,320-360,0.009388972849723842
SurfaceTension,318.19,300-320,0.011963720411201084
SurfaceTension,353.53,320-360,0.01751281295117657
SurfaceTension,313.15,300-320,0.013481355855515798
SurfaceTension,323.15,320-360,0.006807505131269043
SurfaceTension,353.15,320-360,0.01980924431316211
SurfaceTension,303.11,300-320,0.07688226923737185
SurfaceTension,328.15,320-360,0.01106962112126153
ThermalConductivity,313.0,300-320,5.777611454194087e-05
ThermalConductivity,303.15,300-320,0.007406432667327101
ThermalConductivity,375.0,>360,0.04692460540680554
ThermalConductivity,350.0,320-360,0.017621011671693942
ThermalConductivity,335.2,320-360,0.0015637390096003845
ThermalConductivity,303.15,300-320,0.0022542058341066262
ThermalConductivity,390.0,>360,0.006484356576886174
ThermalConductivity,320.0,320-360,0.005733995191251839
ThermalConductivity,303.15,300-320,0.000950451535995489
ThermalConductivity,313.15,300-320,0.0037195003987529063
ThermalConductivity,313.15,300-320,0.050937496447126085
ThermalConductivity,380.0,>360,0.0063747176089612445
ThermalConductivity,313.15,300-320,0.007312028657616709
ThermalConductivity,333.0,320-360,0.002847216714206624
ThermalConductivity,302.37,300-320,0.03098235091329049
ThermalConductivity,298.04,280-300,0.009369684645994525
ThermalConductivity,352.82,320-360,0.0019530645253083012
ThermalConductivity,283.15,280-300,0.016169413214493167
ThermalConductivity,293.15,280-300,0.01001962841766546
ThermalConductivity,308.15,300-320,0.01322077542633937
ThermalConductivity,353.0,320-360,0.0009235513422809483
ThermalConductivity,323.15,320-360,0.020289922934051186
ThermalConductivity,343.15,320-360,0.0007297336796014964
ThermalConductivity,314.3,300-320,0.010602937232680354
ThermalConductivity,310.0,300-320,0.0020165440877888408
ThermalConductivity,283.15,280-300,0.0025678117309526627
ThermalConductivity,308.15,300-320,0.04319491986149915
ThermalConductivity,318.11,300-320,0.0064764030420174645
ThermalConductivity,293.15,280-300,0.006843636623032223
ThermalConductivity,317.92,300-320,0.0166676886629622
ThermalConductivity,353.15,320-360,0.04209936014467708
ThermalConductivity,343.0,320-360,0.0028180128489174727
ThermalConductivity,315.1,300-320,0.00018422960402686428
ThermalConductivity,334.58,320-360,0.0001981496794356552
ThermalConductivity,273.15,<280,0.02186268248319423
ThermalConductivity,313.15,300-320,0.0017644778958498808
ThermalConductivity,293.15,280-300,0.05196647687628575
ThermalConductivity,283.15,280-300,0.010946991938198813
ThermalConductivity,343.15,320-360,0.010236780000807855
ThermalConductivity,293.15,280-300,0.01149568401875034
ThermalConductivity,283.15,280-300,0.005083676691863825
ThermalConductivity,293.0,280-300,0.002719034448185109
ThermalConductivity,303.15,300-320,0.0001386188786760556
ThermalConductivity,293.15,280-300,0.009687521172970559
ThermalConductivity,334.4,320-360,0.006386372928448569
ThermalConductivity,298.15,280-300,0.24776163726122769
ThermalConductivity,300.0,300-320,0.10256657289106674
ThermalConductivity,353.0,320-360,0.01084711065183197
ThermalConductivity,298.36,280-300,0.0227264323009837
ThermalConductivity,343.15,320-360,0.058314088214348025
ThermalConductivity,323.15,320-360,0.007959600420859525
ThermalConductivity,313.05,300-320,0.010125231410564428
ThermalConductivity,300.0,300-320,0.05001489007686821
ThermalConductivity,293.15,280-300,0.036645427367728134
ThermalConductivity,283.15,280-300,0.005456413238534186
ThermalConductivity,313.15,300-320,0.01449236620469474
ThermalConductivity,294.67,280-300,0.03689944093002784
ThermalConductivity,333.15,320-360,0.0033509178599817613
ThermalConductivity,303.15,300-320,0.03487381381539012
ThermalConductivity,288.1,280-300,0.0005836069900009289
ThermalConductivity,343.15,320-360,0.008774626722806378
ThermalConductivity,303.15,300-320,0.008129885590490327
ThermalConductivity,314.3,300-320,0.0034659440876174674
ThermalConductivity,298.98,280-300,0.0024228957494196735
ThermalConductivity,334.3,320-360,0.003740785938723068
ThermalConductivity,293.15,280-300,0.015349560752294433
ThermalConductivity,314.3,300-320,0.06422484104738602
ThermalConductivity,314.3,300-320,0.003746752635681583
ThermalConductivity,293.15,280-300,0.006418172198521699
ThermalConductivity,293.15,280-300,0.0034106172406971336
ThermalConductivity,353.15,320-360,0.004237447680056405
ThermalConductivity,298.15,280-300,0.012538710677004072
ThermalConductivity,353.15,320-360,0.014620531035871132
ThermalConductivity,358.08,320-360,0.008291345064726396
ThermalConductivity,315.1,300-320,0.009100734620897777
ThermalConductivity,293.15,280-300,0.0010227643526030672
ThermalConductivity,313.15,300-320,0.033959000147140594
ThermalConductivity,343.15,320-360,0.0026533601863099054
ThermalConductivity,313.15,300-320,0.001878105629012694
ThermalConductivity,334.71,320-360,0.06330712866917532
ThermalConductivity,323.0,320-360,0.016955440649413456
ThermalConductivity,307.59,300-320,0.0008220735409190105
ThermalConductivity,335.67,320-360,0.027715523981131973
ThermalConductivity,312.58,300-320,7.3352704561546744e-06
ThermalConductivity,333.0,320-360,0.020006790920451545
ThermalConductivity,293.15,280-300,0.009324015665842511
ThermalConductivity,323.0,320-360,0.04838118573359029
ThermalConductivity,343.15,320-360,0.001028642013727099
ThermalConductivity,334.4,320-360,0.07742206934452267
ThermalConductivity,303.15,300-320,4.591942162734952e-05
ThermalConductivity,293.15,280-300,0.011430205385841496
ThermalConductivity,294.3,280-300,0.003476934974903534
ThermalConductivity,328.58,320-360,0.002174301159768799
ThermalConductivity,293.15,280-300,0.010164163469829957
ThermalConductivity,335.2,320-360,0.005181482919197844
ThermalConductivity,323.15,320-360,0.056322553039782175
ThermalConductivity,313.15,300-320,0.0006515118579819568
ThermalConductivity,300.0,300-320,0.054718200306925535
ThermalConductivity,353.0,320-360,0.008076298723652675
ThermalConductivity,283.15,280-300,0.0175876523301155
ThermalConductivity,313.15,300-320,0.000867993014730617
ThermalConductivity,380.0,>360,0.0038623664706642913
ThermalConductivity,353.15,320-360,0.005194264199921861
ThermalConductivity,343.15,320-360,0.0036217477483408977
ThermalConductivity,283.15,280-300,0.004579681034692307
ThermalConductivity,293.15,280-300,0.00694200179105775
ThermalConductivity,303.15,300-320,0.003684010112867009
ThermalConductivity,313.15,300-320,0.00944740027821922
ThermalConductivity,303.15,300-320,0.0028906929992968955
ThermalConductivity,343.0,320-360,0.00531139401592573
ThermalConductivity,313.4,300-320,0.00036061716179269787
ThermalConductivity,333.0,320-360,0.00019394944455841667
ThermalConductivity,293.15,280-300,0.0031804997581859062
ThermalConductivity,329.17,320-360,0.003431852795277024
ThermalConductivity,283.15,280-300,0.008243124312214745
ThermalConductivity,343.15,320-360,0.0018953455544337139
ThermalConductivity,308.1,300-320,0.12185010343427072
ThermalConductivity,334.4,320-360,0.0011431268692525531
ThermalConductivity,298.15,280-300,0.00391102992954151
ThermalConductivity,293.15,280-300,0.006219568598411218
ThermalConductivity,293.16,280-300,0.008712792618513543
ThermalConductivity,343.15,320-360,0.005029000021440577
ThermalConductivity,303.15,300-320,0.015230005377054878
