bundle,source_data_file,column,description,unit_or_scale,storage_type,definition_status,producer_path
Intro-method,Intro-method_panel_inventory.csv,panel,Figure panel identifier.,not applicable / categorical,string,curated-common,manual figure inventory
Intro-method,Intro-method_panel_inventory.csv,content,Content type represented by the schematic panel.,not applicable / categorical,string,curated-bundle,manual figure inventory
Intro-method,Intro-method_panel_inventory.csv,quantitative_source_data,Whether the schematic panel contains plotted quantitative source data.,boolean,string,curated-bundle,manual figure inventory
computational_application_case,candidate_screening_trajectory_608.csv,candidate_id,Stable identifier assigned to a candidate ion pair.,not applicable / identifier,string,curated-bundle,experiments/computational_application_case/scripts/build_refactored_application_case.py
computational_application_case,candidate_screening_trajectory_608.csv,cation_charge,Formal charge of the cation component.,elementary-charge units,integer,curated-bundle,experiments/computational_application_case/scripts/build_refactored_application_case.py
computational_application_case,candidate_screening_trajectory_608.csv,anion_charge,Formal charge of the anion component.,elementary-charge units,integer,curated-bundle,experiments/computational_application_case/scripts/build_refactored_application_case.py
computational_application_case,candidate_screening_trajectory_608.csv,generation_status,Outcome of candidate construction and charge validation.,not applicable / categorical,string,curated-bundle,experiments/computational_application_case/scripts/build_refactored_application_case.py
computational_application_case,candidate_screening_trajectory_608.csv,temperature_point_count_x,Temperature-point count before table merge.,count,integer,curated-bundle,experiments/computational_application_case/scripts/build_refactored_application_case.py
computational_application_case,candidate_screening_trajectory_608.csv,expected_temperature_point_count,Prespecified number of temperature points.,count,integer,curated-bundle,experiments/computational_application_case/scripts/build_refactored_application_case.py
computational_application_case,candidate_screening_trajectory_608.csv,temperature_grid_complete,Whether all prescribed temperature points are present.,boolean,boolean,curated-bundle,experiments/computational_application_case/scripts/build_refactored_application_case.py
computational_application_case,candidate_screening_trajectory_608.csv,candidate_type,Observed-reference or unseen-recombination candidate class.,not applicable / categorical,string,curated-bundle,experiments/computational_application_case/scripts/build_refactored_application_case.py
computational_application_case,candidate_screening_trajectory_608.csv,cation_smiles,Input cation SMILES.,not applicable / molecular string,string,curated-bundle,experiments/computational_application_case/scripts/build_refactored_application_case.py
computational_application_case,candidate_screening_trajectory_608.csv,anion_smiles,Input anion SMILES.,not applicable / molecular string,string,curated-bundle,experiments/computational_application_case/scripts/build_refactored_application_case.py
computational_application_case,candidate_screening_trajectory_608.csv,il_smiles,Combined ion-pair SMILES.,not applicable / molecular string,string,curated-bundle,experiments/computational_application_case/scripts/build_refactored_application_case.py
computational_application_case,candidate_screening_trajectory_608.csv,canonical_il_key,Canonical cation-anion identity key.,not applicable / identifier,string,curated-bundle,experiments/computational_application_case/scripts/build_refactored_application_case.py
computational_application_case,candidate_screening_trajectory_608.csv,canonical_cation_smiles,Canonicalized cation SMILES.,not applicable / molecular string,string,curated-bundle,experiments/computational_application_case/scripts/build_refactored_application_case.py
computational_application_case,candidate_screening_trajectory_608.csv,canonical_anion_smiles,Canonicalized anion SMILES.,not applicable / molecular string,string,curated-bundle,experiments/computational_application_case/scripts/build_refactored_application_case.py
computational_application_case,candidate_screening_trajectory_608.csv,cation_identity_key,Standard-InChIKey identity of the cation.,not applicable / identifier,string,curated-bundle,experiments/computational_application_case/scripts/build_refactored_application_case.py
computational_application_case,candidate_screening_trajectory_608.csv,anion_identity_key,Standard-InChIKey identity of the anion.,not applicable / identifier,string,curated-bundle,experiments/computational_application_case/scripts/build_refactored_application_case.py
computational_application_case,candidate_screening_trajectory_608.csv,cation_support_count,Number of primary-training records supporting the cation identity.,count,integer,curated-bundle,experiments/computational_application_case/scripts/build_refactored_application_case.py
computational_application_case,candidate_screening_trajectory_608.csv,anion_support_count,Number of primary-training records supporting the anion identity.,count,integer,curated-bundle,experiments/computational_application_case/scripts/build_refactored_application_case.py
computational_application_case,candidate_screening_trajectory_608.csv,conductivity_worst,Least favorable electrical conductivity over the main temperature window.,S m^-1,number,schema-rule,experiments/computational_application_case/scripts/build_refactored_application_case.py
computational_application_case,candidate_screening_trajectory_608.csv,conductivity_worst_temperature_K,Temperature at which the reported electrical conductivity extreme occurs.,K,number,schema-rule,experiments/computational_application_case/scripts/build_refactored_application_case.py
computational_application_case,candidate_screening_trajectory_608.csv,viscosity_worst,Least favorable dynamic viscosity over the main temperature window.,Pa s,number,schema-rule,experiments/computational_application_case/scripts/build_refactored_application_case.py
computational_application_case,candidate_screening_trajectory_608.csv,viscosity_worst_temperature_K,Temperature at which the reported dynamic viscosity extreme occurs.,K,number,schema-rule,experiments/computational_application_case/scripts/build_refactored_application_case.py
computational_application_case,candidate_screening_trajectory_608.csv,transport_favorability_worst,Least favorable standardized transport-favorability score over the main temperature window.,dimensionless standardized score,number,schema-rule,experiments/computational_application_case/scripts/build_refactored_application_case.py
computational_application_case,candidate_screening_trajectory_608.csv,transport_favorability_worst_temperature_K,Temperature at which the reported standardized transport-favorability score extreme occurs.,K,number,schema-rule,experiments/computational_application_case/scripts/build_refactored_application_case.py
computational_application_case,candidate_screening_trajectory_608.csv,volumetric_heat_capacity_worst,Least favorable volumetric heat capacity over the main temperature window.,J m^-3 K^-1,number,schema-rule,experiments/computational_application_case/scripts/build_refactored_application_case.py
computational_application_case,candidate_screening_trajectory_608.csv,volumetric_heat_capacity_worst_temperature_K,Temperature at which the reported volumetric heat capacity extreme occurs.,K,number,schema-rule,experiments/computational_application_case/scripts/build_refactored_application_case.py
computational_application_case,candidate_screening_trajectory_608.csv,thermal_diffusivity_worst,Least favorable thermal diffusivity over the main temperature window.,m^2 s^-1,number,schema-rule,experiments/computational_application_case/scripts/build_refactored_application_case.py
computational_application_case,candidate_screening_trajectory_608.csv,thermal_diffusivity_worst_temperature_K,Temperature at which the reported thermal diffusivity extreme occurs.,K,number,schema-rule,experiments/computational_application_case/scripts/build_refactored_application_case.py
computational_application_case,candidate_screening_trajectory_608.csv,thermal_timescale_worst,Least favorable simplified thermal-diffusion timescale over the main temperature window.,s,number,schema-rule,experiments/computational_application_case/scripts/build_refactored_application_case.py
computational_application_case,candidate_screening_trajectory_608.csv,thermal_timescale_worst_temperature_K,Temperature at which the reported simplified thermal-diffusion timescale extreme occurs.,K,number,schema-rule,experiments/computational_application_case/scripts/build_refactored_application_case.py
computational_application_case,candidate_screening_trajectory_608.csv,surface_tension_reference_envelope_deviation_worst,Least favorable surface-tension reference-envelope deviation over the main temperature window.,reference-IQR units,number,schema-rule,experiments/computational_application_case/scripts/build_refactored_application_case.py
computational_application_case,candidate_screening_trajectory_608.csv,surface_tension_reference_envelope_deviation_worst_temperature_K,Temperature at which the reported surface-tension reference-envelope deviation extreme occurs.,K,number,schema-rule,experiments/computational_application_case/scripts/build_refactored_application_case.py
computational_application_case,candidate_screening_trajectory_608.csv,density_range,Maximum minus minimum predicted density over the main temperature window.,kg m^-3,number,curated-bundle,experiments/computational_application_case/scripts/build_refactored_application_case.py
computational_application_case,candidate_screening_trajectory_608.csv,ElectricalConductivity_mean,Mean predicted electrical conductivity over the main temperature window.,S m^-1,number,schema-rule,experiments/computational_application_case/scripts/build_refactored_application_case.py
computational_application_case,candidate_screening_trajectory_608.csv,ElectricalConductivity_slope,Linear temperature slope of predicted electrical conductivity.,S m^-1 K^-1,number,schema-rule,experiments/computational_application_case/scripts/build_refactored_application_case.py
computational_application_case,candidate_screening_trajectory_608.csv,ElectricalConductivity_relative_change,Full-window relative change in predicted electrical conductivity.,dimensionless,number,schema-rule,experiments/computational_application_case/scripts/build_refactored_application_case.py
computational_application_case,candidate_screening_trajectory_608.csv,ElectricalConductivity_coefficient_of_variation,Coefficient of variation of predicted electrical conductivity over temperature.,dimensionless,number,schema-rule,experiments/computational_application_case/scripts/build_refactored_application_case.py
computational_application_case,candidate_screening_trajectory_608.csv,Viscosity_mean,Mean predicted dynamic viscosity over the main temperature window.,Pa s,number,schema-rule,experiments/computational_application_case/scripts/build_refactored_application_case.py
computational_application_case,candidate_screening_trajectory_608.csv,Viscosity_slope,Linear temperature slope of predicted dynamic viscosity.,Pa s K^-1,number,schema-rule,experiments/computational_application_case/scripts/build_refactored_application_case.py
computational_application_case,candidate_screening_trajectory_608.csv,Viscosity_relative_change,Full-window relative change in predicted dynamic viscosity.,dimensionless,number,schema-rule,experiments/computational_application_case/scripts/build_refactored_application_case.py
computational_application_case,candidate_screening_trajectory_608.csv,Viscosity_coefficient_of_variation,Coefficient of variation of predicted dynamic viscosity over temperature.,dimensionless,number,schema-rule,experiments/computational_application_case/scripts/build_refactored_application_case.py
computational_application_case,candidate_screening_trajectory_608.csv,transport_favorability_mean,Mean standardized transport-favorability score over the main temperature window.,dimensionless standardized score,number,schema-rule,experiments/computational_application_case/scripts/build_refactored_application_case.py
computational_application_case,candidate_screening_trajectory_608.csv,transport_favorability_slope,Linear temperature slope of standardized transport-favorability score.,dimensionless standardized score K^-1,number,schema-rule,experiments/computational_application_case/scripts/build_refactored_application_case.py
computational_application_case,candidate_screening_trajectory_608.csv,transport_favorability_relative_change,Full-window relative change in standardized transport-favorability score.,dimensionless,number,schema-rule,experiments/computational_application_case/scripts/build_refactored_application_case.py
computational_application_case,candidate_screening_trajectory_608.csv,transport_favorability_coefficient_of_variation,Coefficient of variation of standardized transport-favorability score over temperature.,dimensionless,number,schema-rule,experiments/computational_application_case/scripts/build_refactored_application_case.py
computational_application_case,candidate_screening_trajectory_608.csv,volumetric_heat_capacity_mean,Mean volumetric heat capacity over the main temperature window.,J m^-3 K^-1,number,schema-rule,experiments/computational_application_case/scripts/build_refactored_application_case.py
computational_application_case,candidate_screening_trajectory_608.csv,volumetric_heat_capacity_slope,Linear temperature slope of volumetric heat capacity.,J m^-3 K^-1 K^-1,number,schema-rule,experiments/computational_application_case/scripts/build_refactored_application_case.py
computational_application_case,candidate_screening_trajectory_608.csv,volumetric_heat_capacity_relative_change,Full-window relative change in volumetric heat capacity.,dimensionless,number,schema-rule,experiments/computational_application_case/scripts/build_refactored_application_case.py
computational_application_case,candidate_screening_trajectory_608.csv,volumetric_heat_capacity_coefficient_of_variation,Coefficient of variation of volumetric heat capacity over temperature.,dimensionless,number,schema-rule,experiments/computational_application_case/scripts/build_refactored_application_case.py
computational_application_case,candidate_screening_trajectory_608.csv,thermal_diffusivity_mean,Mean thermal diffusivity over the main temperature window.,m^2 s^-1,number,schema-rule,experiments/computational_application_case/scripts/build_refactored_application_case.py
computational_application_case,candidate_screening_trajectory_608.csv,thermal_diffusivity_slope,Linear temperature slope of thermal diffusivity.,m^2 s^-1 K^-1,number,schema-rule,experiments/computational_application_case/scripts/build_refactored_application_case.py
computational_application_case,candidate_screening_trajectory_608.csv,thermal_diffusivity_relative_change,Full-window relative change in thermal diffusivity.,dimensionless,number,schema-rule,experiments/computational_application_case/scripts/build_refactored_application_case.py
computational_application_case,candidate_screening_trajectory_608.csv,thermal_diffusivity_coefficient_of_variation,Coefficient of variation of thermal diffusivity over temperature.,dimensionless,number,schema-rule,experiments/computational_application_case/scripts/build_refactored_application_case.py
computational_application_case,candidate_screening_trajectory_608.csv,simplified_thermal_diffusion_timescale_mean,Mean simplified thermal-diffusion timescale over the main temperature window.,s,number,schema-rule,experiments/computational_application_case/scripts/build_refactored_application_case.py
computational_application_case,candidate_screening_trajectory_608.csv,simplified_thermal_diffusion_timescale_slope,Linear temperature slope of simplified thermal-diffusion timescale.,s K^-1,number,schema-rule,experiments/computational_application_case/scripts/build_refactored_application_case.py
computational_application_case,candidate_screening_trajectory_608.csv,simplified_thermal_diffusion_timescale_relative_change,Full-window relative change in simplified thermal-diffusion timescale.,dimensionless,number,schema-rule,experiments/computational_application_case/scripts/build_refactored_application_case.py
computational_application_case,candidate_screening_trajectory_608.csv,simplified_thermal_diffusion_timescale_coefficient_of_variation,Coefficient of variation of simplified thermal-diffusion timescale over temperature.,dimensionless,number,schema-rule,experiments/computational_application_case/scripts/build_refactored_application_case.py
computational_application_case,candidate_screening_trajectory_608.csv,surface_tension_reference_envelope_deviation_mean,Mean surface-tension reference-envelope deviation over the main temperature window.,reference-IQR units,number,schema-rule,experiments/computational_application_case/scripts/build_refactored_application_case.py
computational_application_case,candidate_screening_trajectory_608.csv,surface_tension_reference_envelope_deviation_slope,Linear temperature slope of surface-tension reference-envelope deviation.,reference-IQR units K^-1,number,schema-rule,experiments/computational_application_case/scripts/build_refactored_application_case.py
computational_application_case,candidate_screening_trajectory_608.csv,surface_tension_reference_envelope_deviation_relative_change,Full-window relative change in surface-tension reference-envelope deviation.,dimensionless,number,schema-rule,experiments/computational_application_case/scripts/build_refactored_application_case.py
computational_application_case,candidate_screening_trajectory_608.csv,surface_tension_reference_envelope_deviation_coefficient_of_variation,Coefficient of variation of surface-tension reference-envelope deviation over temperature.,dimensionless,number,schema-rule,experiments/computational_application_case/scripts/build_refactored_application_case.py
computational_application_case,candidate_screening_trajectory_608.csv,Density_mean,Mean predicted density over the main temperature window.,kg m^-3,number,schema-rule,experiments/computational_application_case/scripts/build_refactored_application_case.py
computational_application_case,candidate_screening_trajectory_608.csv,Density_slope,Linear temperature slope of predicted density.,kg m^-3 K^-1,number,schema-rule,experiments/computational_application_case/scripts/build_refactored_application_case.py
computational_application_case,candidate_screening_trajectory_608.csv,Density_relative_change,Full-window relative change in predicted density.,dimensionless,number,schema-rule,experiments/computational_application_case/scripts/build_refactored_application_case.py
computational_application_case,candidate_screening_trajectory_608.csv,Density_coefficient_of_variation,Coefficient of variation of predicted density over temperature.,dimensionless,number,schema-rule,experiments/computational_application_case/scripts/build_refactored_application_case.py
computational_application_case,candidate_screening_trajectory_608.csv,curve_warning_count,Number of curve-quality warnings over the main window.,count,integer,curated-bundle,experiments/computational_application_case/scripts/build_refactored_application_case.py
computational_application_case,candidate_screening_trajectory_608.csv,severe_curve_failure_count,Number of fail-closed severe curve failures.,count,integer,curated-bundle,experiments/computational_application_case/scripts/build_refactored_application_case.py
computational_application_case,candidate_screening_trajectory_608.csv,temperature_point_count_y,Temperature-point count after table merge.,count,integer,curated-bundle,experiments/computational_application_case/scripts/build_refactored_application_case.py
computational_application_case,candidate_screening_trajectory_608.csv,low_temperature_K,Lower extended stress-test endpoint.,K,number,curated-bundle,experiments/computational_application_case/scripts/build_refactored_application_case.py
computational_application_case,candidate_screening_trajectory_608.csv,reference_temperature_K,Reference temperature used for ratios.,K,number,curated-bundle,experiments/computational_application_case/scripts/build_refactored_application_case.py
computational_application_case,candidate_screening_trajectory_608.csv,high_temperature_K,Upper extended stress-test endpoint.,K,number,curated-bundle,experiments/computational_application_case/scripts/build_refactored_application_case.py
computational_application_case,candidate_screening_trajectory_608.csv,electrolyte_resistance_ohm_at_low_temperature,Ideal electrolyte resistance at the lower stress-test endpoint.,ohm,number,curated-bundle,experiments/computational_application_case/scripts/build_refactored_application_case.py
computational_application_case,candidate_screening_trajectory_608.csv,electrolyte_resistance_ohm_at_reference_temperature,Ideal electrolyte resistance at the reference temperature.,ohm,number,curated-bundle,experiments/computational_application_case/scripts/build_refactored_application_case.py
computational_application_case,candidate_screening_trajectory_608.csv,electrolyte_resistance_ohm_at_high_temperature,Ideal electrolyte resistance at the upper stress-test endpoint.,ohm,number,curated-bundle,experiments/computational_application_case/scripts/build_refactored_application_case.py
computational_application_case,candidate_screening_trajectory_608.csv,low_temperature_resistance_ratio_to_reference,Dimensionless low temperature resistance ratio to reference.,dimensionless,number,schema-rule,experiments/computational_application_case/scripts/build_refactored_application_case.py
computational_application_case,candidate_screening_trajectory_608.csv,high_temperature_resistance_ratio_to_reference,Dimensionless high temperature resistance ratio to reference.,dimensionless,number,schema-rule,experiments/computational_application_case/scripts/build_refactored_application_case.py
computational_application_case,candidate_screening_trajectory_608.csv,high_to_low_temperature_resistance_ratio,Dimensionless high to low temperature resistance ratio.,dimensionless,number,schema-rule,experiments/computational_application_case/scripts/build_refactored_application_case.py
computational_application_case,candidate_screening_trajectory_608.csv,low_temperature_resistance_retention_pct,"Low temperature resistance retention, expressed as a percentage.",%,number,schema-rule,experiments/computational_application_case/scripts/build_refactored_application_case.py
computational_application_case,candidate_screening_trajectory_608.csv,high_temperature_resistance_retention_pct,"High temperature resistance retention, expressed as a percentage.",%,number,schema-rule,experiments/computational_application_case/scripts/build_refactored_application_case.py
computational_application_case,candidate_screening_trajectory_608.csv,low_temperature_conductivity_retention_pct,"Low temperature conductivity retention, expressed as a percentage.",%,number,schema-rule,experiments/computational_application_case/scripts/build_refactored_application_case.py
computational_application_case,candidate_screening_trajectory_608.csv,high_temperature_conductivity_retention_pct,"High temperature conductivity retention, expressed as a percentage.",%,number,schema-rule,experiments/computational_application_case/scripts/build_refactored_application_case.py
computational_application_case,candidate_screening_trajectory_608.csv,electrolyte_resistance_ohm_worst,Maximum ideal electrolyte resistance over the evaluated temperatures.,ohm,number,curated-bundle,experiments/computational_application_case/scripts/build_refactored_application_case.py
computational_application_case,candidate_screening_trajectory_608.csv,electrolyte_resistance_worst_temperature_K,Temperature associated with electrolyte resistance worst.,K,number,schema-rule,experiments/computational_application_case/scripts/build_refactored_application_case.py
computational_application_case,candidate_screening_trajectory_608.csv,joule_heating_power_W_worst,Maximum constant-current Joule term over the evaluated temperatures.,W,number,curated-bundle,experiments/computational_application_case/scripts/build_refactored_application_case.py
computational_application_case,candidate_screening_trajectory_608.csv,joule_heating_worst_temperature_K,Temperature associated with joule heating worst.,K,number,schema-rule,experiments/computational_application_case/scripts/build_refactored_application_case.py
computational_application_case,candidate_screening_trajectory_608.csv,steady_state_temperature_rise_K_worst,Maximum conditional steady temperature rise over the evaluated temperatures.,K,number,curated-bundle,experiments/computational_application_case/scripts/build_refactored_application_case.py
computational_application_case,candidate_screening_trajectory_608.csv,steady_state_temperature_rise_worst_temperature_K,Temperature associated with steady state temperature rise worst.,K,number,schema-rule,experiments/computational_application_case/scripts/build_refactored_application_case.py
computational_application_case,candidate_screening_trajectory_608.csv,transient_temperature_rise_K_worst,Maximum conditional 60-s lumped temperature rise over the evaluated temperatures.,K,number,curated-bundle,experiments/computational_application_case/scripts/build_refactored_application_case.py
computational_application_case,candidate_screening_trajectory_608.csv,transient_temperature_rise_worst_temperature_K,Temperature associated with transient temperature rise worst.,K,number,schema-rule,experiments/computational_application_case/scripts/build_refactored_application_case.py
computational_application_case,candidate_screening_trajectory_608.csv,reference_cell_exceedance_index_worst,Largest reference-q75 exceedance index over the evaluated temperatures.,dimensionless,number,curated-bundle,experiments/computational_application_case/scripts/build_refactored_application_case.py
computational_application_case,candidate_screening_trajectory_608.csv,reference_cell_exceedance_band_worst,Most severe reference-population exceedance band over temperature.,not applicable / categorical,string,curated-bundle,experiments/computational_application_case/scripts/build_refactored_application_case.py
computational_application_case,candidate_screening_trajectory_608.csv,reference_cell_exceedance_index_worst_temperature_K,Temperature associated with reference cell exceedance index worst.,K,number,schema-rule,experiments/computational_application_case/scripts/build_refactored_application_case.py
computational_application_case,candidate_screening_trajectory_608.csv,reference_cell_exceedance_component_worst,Component controlling the largest exceedance index.,not applicable / categorical,string,curated-bundle,experiments/computational_application_case/scripts/build_refactored_application_case.py
computational_application_case,candidate_screening_trajectory_608.csv,reference_cell_exceedance_index_at_band_worst,Exceedance-index value at the temperature defining the worst exceedance band.,dimensionless,number,curated-bundle,experiments/computational_application_case/scripts/build_refactored_application_case.py
computational_application_case,candidate_screening_trajectory_608.csv,reference_cell_exceedance_band_worst_temperature_K,Temperature associated with reference cell exceedance band worst.,K,number,schema-rule,experiments/computational_application_case/scripts/build_refactored_application_case.py
computational_application_case,candidate_screening_trajectory_608.csv,reference_cell_exceedance_band_component_worst,Component controlling the most severe exceedance band.,not applicable / categorical,string,curated-bundle,experiments/computational_application_case/scripts/build_refactored_application_case.py
computational_application_case,candidate_screening_trajectory_608.csv,scenario_interpretation,Scope statement for the reference-cell calculation.,not applicable / text,string,curated-bundle,experiments/computational_application_case/scripts/build_refactored_application_case.py
computational_application_case,candidate_screening_trajectory_608.csv,AD_status,Applicability-domain classification.,not applicable / categorical,string,curated-bundle,experiments/computational_application_case/scripts/build_refactored_application_case.py
computational_application_case,candidate_screening_trajectory_608.csv,AD_reason,Reason for the applicability-domain classification.,not applicable / text,string,curated-bundle,experiments/computational_application_case/scripts/build_refactored_application_case.py
computational_application_case,candidate_screening_trajectory_608.csv,descriptor_knn_distance,Nearest-neighbour distance in standardized descriptor space.,dimensionless distance,number,curated-bundle,experiments/computational_application_case/scripts/build_refactored_application_case.py
computational_application_case,candidate_screening_trajectory_608.csv,descriptor_distance_percentile,Reference percentile of the descriptor-space distance.,"fraction in [0,1]",number,curated-bundle,experiments/computational_application_case/scripts/build_refactored_application_case.py
computational_application_case,candidate_screening_trajectory_608.csv,pass_structure,Whether the candidate passes the structure hard gate.,boolean,boolean,schema-rule,experiments/computational_application_case/scripts/build_refactored_application_case.py
computational_application_case,candidate_screening_trajectory_608.csv,pass_inference,Whether the candidate passes the inference hard gate.,boolean,boolean,schema-rule,experiments/computational_application_case/scripts/build_refactored_application_case.py
computational_application_case,candidate_screening_trajectory_608.csv,pass_curve_quality,Whether the candidate passes the curve quality hard gate.,boolean,boolean,schema-rule,experiments/computational_application_case/scripts/build_refactored_application_case.py
computational_application_case,candidate_screening_trajectory_608.csv,pass_AD,Whether the candidate passes the AD hard gate.,boolean,boolean,schema-rule,experiments/computational_application_case/scripts/build_refactored_application_case.py
computational_application_case,candidate_screening_trajectory_608.csv,pass_conductivity,Whether the candidate passes the conductivity hard gate.,boolean,boolean,schema-rule,experiments/computational_application_case/scripts/build_refactored_application_case.py
computational_application_case,candidate_screening_trajectory_608.csv,pass_viscosity,Whether the candidate passes the viscosity hard gate.,boolean,boolean,schema-rule,experiments/computational_application_case/scripts/build_refactored_application_case.py
computational_application_case,candidate_screening_trajectory_608.csv,pass_heat_capacity,Whether the candidate passes the heat capacity hard gate.,boolean,boolean,schema-rule,experiments/computational_application_case/scripts/build_refactored_application_case.py
computational_application_case,candidate_screening_trajectory_608.csv,pass_thermal_diffusivity,Whether the candidate passes the thermal diffusivity hard gate.,boolean,boolean,schema-rule,experiments/computational_application_case/scripts/build_refactored_application_case.py
computational_application_case,candidate_screening_trajectory_608.csv,pass_surface_tension_reference_envelope,Whether the candidate passes the surface tension reference envelope hard gate.,boolean,boolean,schema-rule,experiments/computational_application_case/scripts/build_refactored_application_case.py
computational_application_case,candidate_screening_trajectory_608.csv,final_feasible,Whether all hard constraints are satisfied.,boolean,boolean,curated-bundle,experiments/computational_application_case/scripts/build_refactored_application_case.py
computational_application_case,candidate_screening_trajectory_608.csv,failure_reasons,Semicolon-delimited hard-screening failure reasons.,not applicable / text,string,curated-bundle,experiments/computational_application_case/scripts/build_refactored_application_case.py
computational_application_case,chemical_identity_audit_old_unseen_pool.csv,old_canonical_pair_key,Legacy SMILES-derived ion-pair key.,not applicable / identifier,string,curated-bundle,experiments/computational_application_case/scripts/build_refactored_application_case.py
computational_application_case,chemical_identity_audit_old_unseen_pool.csv,il_smiles,Combined ion-pair SMILES.,not applicable / molecular string,string,curated-bundle,experiments/computational_application_case/scripts/build_refactored_application_case.py
computational_application_case,chemical_identity_audit_old_unseen_pool.csv,chemical_identity_key,Charge-aware standard-InChIKey pair identity.,not applicable / identifier,string,curated-bundle,experiments/computational_application_case/scripts/build_refactored_application_case.py
computational_application_case,chemical_identity_audit_old_unseen_pool.csv,identity_status,Outcome of the chemical-identity audit.,not applicable / categorical,string,curated-bundle,experiments/computational_application_case/scripts/build_refactored_application_case.py
computational_application_case,chemical_identity_audit_old_unseen_pool.csv,matched_benchmark_IL_names,Benchmark ionic-liquid names sharing the audited identity.,not applicable / text,string,curated-bundle,experiments/computational_application_case/scripts/build_refactored_application_case.py
computational_application_case,chemical_identity_audit_old_unseen_pool.csv,identity_error,"Identity-parsing error, empty when parsing succeeds.",not applicable / text,empty,curated-bundle,experiments/computational_application_case/scripts/build_refactored_application_case.py
computational_application_case,cross_protocol_decision_matrix.csv,candidate_id,Stable identifier assigned to a candidate ion pair.,not applicable / identifier,string,curated-bundle,experiments/computational_application_case/scripts/build_refactored_application_case.py
computational_application_case,cross_protocol_decision_matrix.csv,protocol,Evaluation or screening protocol.,not applicable / categorical,string,curated-bundle,experiments/computational_application_case/scripts/build_refactored_application_case.py
computational_application_case,cross_protocol_decision_matrix.csv,formal_primary_protocol,Whether the protocol supplies the formal candidate decision.,boolean,boolean,curated-bundle,experiments/computational_application_case/scripts/build_refactored_application_case.py
computational_application_case,cross_protocol_decision_matrix.csv,hard_feasible,Whether all hard constraints are satisfied.,boolean,boolean,curated-bundle,experiments/computational_application_case/scripts/build_refactored_application_case.py
computational_application_case,cross_protocol_decision_matrix.csv,pareto_rank,Non-dominated Pareto rank under the four prespecified objectives.,ordinal index,number,curated-bundle,experiments/computational_application_case/scripts/build_refactored_application_case.py
computational_application_case,cross_protocol_decision_matrix.csv,protocol_rank_order,Candidate rank within the stated protocol.,ordinal index,number,curated-bundle,experiments/computational_application_case/scripts/build_refactored_application_case.py
computational_application_case,cross_protocol_decision_matrix.csv,protocol_decision_distance,Protocol-specific normalized decision distance.,dimensionless,number,curated-bundle,experiments/computational_application_case/scripts/build_refactored_application_case.py
computational_application_case,cross_protocol_decision_matrix.csv,protocol_top8,Whether the candidate enters a protocol-specific Top-8.,boolean,boolean,curated-bundle,experiments/computational_application_case/scripts/build_refactored_application_case.py
computational_application_case,cross_protocol_decision_matrix.csv,decision_code,Compact protocol-decision code.,not applicable / categorical,integer,curated-bundle,experiments/computational_application_case/scripts/build_refactored_application_case.py
computational_application_case,cross_protocol_decision_matrix.csv,decision_label,Human-readable protocol-decision label.,not applicable / categorical,string,curated-bundle,experiments/computational_application_case/scripts/build_refactored_application_case.py
computational_application_case,cross_protocol_decision_matrix.csv,failure_reasons,Semicolon-delimited hard-screening failure reasons.,not applicable / text,string,curated-bundle,experiments/computational_application_case/scripts/build_refactored_application_case.py
computational_application_case,cross_protocol_decision_matrix.csv,property_threshold_source,Origin of the hard-screening threshold.,not applicable / text,string,curated-bundle,experiments/computational_application_case/scripts/build_refactored_application_case.py
computational_application_case,cross_protocol_decision_matrix.csv,applicability_domain_split,Split used to construct the applicability domain.,not applicable / categorical,string,curated-bundle,experiments/computational_application_case/scripts/build_refactored_application_case.py
computational_application_case,downstream_qualification_priorities.csv,priority_order,Display and downstream-qualification priority order.,ordinal index,integer,curated-bundle,experiments/computational_application_case/scripts/build_refactored_application_case.py
computational_application_case,downstream_qualification_priorities.csv,candidate_id,Stable identifier assigned to a candidate ion pair.,not applicable / identifier,string,curated-bundle,experiments/computational_application_case/scripts/build_refactored_application_case.py
computational_application_case,downstream_qualification_priorities.csv,qualification_role,Deterministically defined downstream qualification role.,not applicable / categorical,string,curated-bundle,experiments/computational_application_case/scripts/build_refactored_application_case.py
computational_application_case,downstream_qualification_priorities.csv,cation_smiles,Input cation SMILES.,not applicable / molecular string,string,curated-bundle,experiments/computational_application_case/scripts/build_refactored_application_case.py
computational_application_case,downstream_qualification_priorities.csv,anion_smiles,Input anion SMILES.,not applicable / molecular string,string,curated-bundle,experiments/computational_application_case/scripts/build_refactored_application_case.py
computational_application_case,downstream_qualification_priorities.csv,AD_status,Applicability-domain classification.,not applicable / categorical,string,curated-bundle,experiments/computational_application_case/scripts/build_refactored_application_case.py
computational_application_case,downstream_qualification_priorities.csv,Pareto_rank,Non-dominated Pareto rank under the four prespecified objectives.,ordinal index,integer,curated-bundle,experiments/computational_application_case/scripts/build_refactored_application_case.py
computational_application_case,downstream_qualification_priorities.csv,conductivity_worst,Least favorable electrical conductivity over the main temperature window.,S m^-1,number,schema-rule,experiments/computational_application_case/scripts/build_refactored_application_case.py
computational_application_case,downstream_qualification_priorities.csv,viscosity_worst,Least favorable dynamic viscosity over the main temperature window.,Pa s,number,schema-rule,experiments/computational_application_case/scripts/build_refactored_application_case.py
computational_application_case,downstream_qualification_priorities.csv,volumetric_heat_capacity_worst,Least favorable volumetric heat capacity over the main temperature window.,J m^-3 K^-1,number,schema-rule,experiments/computational_application_case/scripts/build_refactored_application_case.py
computational_application_case,downstream_qualification_priorities.csv,thermal_diffusivity_worst,Least favorable thermal diffusivity over the main temperature window.,m^2 s^-1,number,schema-rule,experiments/computational_application_case/scripts/build_refactored_application_case.py
computational_application_case,downstream_qualification_priorities.csv,selection_criterion,Deterministic rule used for the qualification role.,not applicable / text,string,curated-bundle,experiments/computational_application_case/scripts/build_refactored_application_case.py
computational_application_case,downstream_qualification_priorities.csv,selection_criterion_value,Value of the role-selection objective.,criterion-dependent,number,curated-bundle,experiments/computational_application_case/scripts/build_refactored_application_case.py
computational_application_case,downstream_qualification_priorities.csv,balanced_distance,Distance to the ideal point in the four-objective balanced space.,dimensionless,number,curated-bundle,experiments/computational_application_case/scripts/build_refactored_application_case.py
computational_application_case,downstream_qualification_priorities.csv,transport_distance,Distance to the ideal point in the two-objective transport space.,dimensionless,number,curated-bundle,experiments/computational_application_case/scripts/build_refactored_application_case.py
computational_application_case,downstream_qualification_priorities.csv,thermal_management_distance,Distance to the ideal point in the two-objective thermal space.,dimensionless,number,curated-bundle,experiments/computational_application_case/scripts/build_refactored_application_case.py
computational_application_case,downstream_qualification_priorities.csv,cross_protocol_eligible,Whether the candidate satisfies the cross-protocol role rule.,boolean,boolean,curated-bundle,experiments/computational_application_case/scripts/build_refactored_application_case.py
computational_application_case,downstream_qualification_priorities.csv,cross_protocol_rank_change,Absolute rank change between primary and balanced protocols.,rank positions,number,curated-bundle,experiments/computational_application_case/scripts/build_refactored_application_case.py
computational_application_case,downstream_qualification_priorities.csv,extrapolative_property_flag,Whether a predicted property is flagged as extrapolative.,boolean,boolean,curated-bundle,experiments/computational_application_case/scripts/build_refactored_application_case.py
computational_application_case,downstream_qualification_priorities.csv,qualification_measurement_priority,Recommended order of downstream measurements.,not applicable / text,string,curated-bundle,experiments/computational_application_case/scripts/build_refactored_application_case.py
computational_application_case,extended_endpoint_transport_tradeoff.csv,candidate_id,Stable identifier assigned to a candidate ion pair.,not applicable / identifier,string,curated-bundle,experiments/computational_application_case/scripts/build_refactored_application_case.py
computational_application_case,extended_endpoint_transport_tradeoff.csv,cold,Cold-endpoint resistance ratio.,dimensionless,number,curated-bundle,experiments/computational_application_case/scripts/build_refactored_application_case.py
computational_application_case,extended_endpoint_transport_tradeoff.csv,hot,Hot-endpoint resistance ratio.,dimensionless,number,curated-bundle,experiments/computational_application_case/scripts/build_refactored_application_case.py
computational_application_case,final_candidate_constraint_margins.csv,candidate_id,Stable identifier assigned to a candidate ion pair.,not applicable / identifier,string,curated-bundle,experiments/computational_application_case/scripts/build_refactored_application_case.py
computational_application_case,final_candidate_constraint_margins.csv,constraint,Hard constraint represented by the record.,not applicable / categorical,string,curated-bundle,experiments/computational_application_case/scripts/build_refactored_application_case.py
computational_application_case,final_candidate_constraint_margins.csv,metric,Name of the reported evaluation metric.,not applicable / categorical,string,curated-common,experiments/computational_application_case/scripts/build_refactored_application_case.py
computational_application_case,final_candidate_constraint_margins.csv,value,Numeric value represented by the record.,defined by the companion unit field,number,curated-common,experiments/computational_application_case/scripts/build_refactored_application_case.py
computational_application_case,final_candidate_constraint_margins.csv,threshold,Numerical hard-constraint threshold.,constraint-dependent,number,curated-bundle,experiments/computational_application_case/scripts/build_refactored_application_case.py
computational_application_case,final_candidate_constraint_margins.csv,constraint_direction,Whether a larger or smaller value is favorable.,not applicable / categorical,string,curated-bundle,experiments/computational_application_case/scripts/build_refactored_application_case.py
computational_application_case,final_candidate_constraint_margins.csv,log2_margin,Base-2 logarithm of the favorable constraint ratio.,dimensionless,number,curated-bundle,experiments/computational_application_case/scripts/build_refactored_application_case.py
computational_application_case,final_candidate_constraint_margins.csv,plot_log2_margin,Clipped base-2 margin used only for plotting.,dimensionless,number,curated-bundle,experiments/computational_application_case/scripts/build_refactored_application_case.py
computational_application_case,final_candidate_constraint_margins.csv,margin_definition,Formula used to calculate the constraint margin.,not applicable / text,string,curated-bundle,experiments/computational_application_case/scripts/build_refactored_application_case.py
computational_application_case,final_prioritized_candidates.csv,candidate_id,Stable identifier assigned to a candidate ion pair.,not applicable / identifier,string,curated-bundle,experiments/computational_application_case/scripts/build_refactored_application_case.py
computational_application_case,final_prioritized_candidates.csv,cation_charge,Formal charge of the cation component.,elementary-charge units,integer,curated-bundle,experiments/computational_application_case/scripts/build_refactored_application_case.py
computational_application_case,final_prioritized_candidates.csv,anion_charge,Formal charge of the anion component.,elementary-charge units,integer,curated-bundle,experiments/computational_application_case/scripts/build_refactored_application_case.py
computational_application_case,final_prioritized_candidates.csv,generation_status,Outcome of candidate construction and charge validation.,not applicable / categorical,string,curated-bundle,experiments/computational_application_case/scripts/build_refactored_application_case.py
computational_application_case,final_prioritized_candidates.csv,temperature_point_count_x,Temperature-point count before table merge.,count,integer,curated-bundle,experiments/computational_application_case/scripts/build_refactored_application_case.py
computational_application_case,final_prioritized_candidates.csv,expected_temperature_point_count,Prespecified number of temperature points.,count,integer,curated-bundle,experiments/computational_application_case/scripts/build_refactored_application_case.py
computational_application_case,final_prioritized_candidates.csv,temperature_grid_complete,Whether all prescribed temperature points are present.,boolean,boolean,curated-bundle,experiments/computational_application_case/scripts/build_refactored_application_case.py
computational_application_case,final_prioritized_candidates.csv,candidate_type,Observed-reference or unseen-recombination candidate class.,not applicable / categorical,string,curated-bundle,experiments/computational_application_case/scripts/build_refactored_application_case.py
computational_application_case,final_prioritized_candidates.csv,cation_smiles,Input cation SMILES.,not applicable / molecular string,string,curated-bundle,experiments/computational_application_case/scripts/build_refactored_application_case.py
computational_application_case,final_prioritized_candidates.csv,anion_smiles,Input anion SMILES.,not applicable / molecular string,string,curated-bundle,experiments/computational_application_case/scripts/build_refactored_application_case.py
computational_application_case,final_prioritized_candidates.csv,il_smiles,Combined ion-pair SMILES.,not applicable / molecular string,string,curated-bundle,experiments/computational_application_case/scripts/build_refactored_application_case.py
computational_application_case,final_prioritized_candidates.csv,canonical_il_key,Canonical cation-anion identity key.,not applicable / identifier,string,curated-bundle,experiments/computational_application_case/scripts/build_refactored_application_case.py
computational_application_case,final_prioritized_candidates.csv,canonical_cation_smiles,Canonicalized cation SMILES.,not applicable / molecular string,string,curated-bundle,experiments/computational_application_case/scripts/build_refactored_application_case.py
computational_application_case,final_prioritized_candidates.csv,canonical_anion_smiles,Canonicalized anion SMILES.,not applicable / molecular string,string,curated-bundle,experiments/computational_application_case/scripts/build_refactored_application_case.py
computational_application_case,final_prioritized_candidates.csv,cation_identity_key,Standard-InChIKey identity of the cation.,not applicable / identifier,string,curated-bundle,experiments/computational_application_case/scripts/build_refactored_application_case.py
computational_application_case,final_prioritized_candidates.csv,anion_identity_key,Standard-InChIKey identity of the anion.,not applicable / identifier,string,curated-bundle,experiments/computational_application_case/scripts/build_refactored_application_case.py
computational_application_case,final_prioritized_candidates.csv,cation_support_count,Number of primary-training records supporting the cation identity.,count,integer,curated-bundle,experiments/computational_application_case/scripts/build_refactored_application_case.py
computational_application_case,final_prioritized_candidates.csv,anion_support_count,Number of primary-training records supporting the anion identity.,count,integer,curated-bundle,experiments/computational_application_case/scripts/build_refactored_application_case.py
computational_application_case,final_prioritized_candidates.csv,conductivity_worst,Least favorable electrical conductivity over the main temperature window.,S m^-1,number,schema-rule,experiments/computational_application_case/scripts/build_refactored_application_case.py
computational_application_case,final_prioritized_candidates.csv,conductivity_worst_temperature_K,Temperature at which the reported electrical conductivity extreme occurs.,K,number,schema-rule,experiments/computational_application_case/scripts/build_refactored_application_case.py
computational_application_case,final_prioritized_candidates.csv,viscosity_worst,Least favorable dynamic viscosity over the main temperature window.,Pa s,number,schema-rule,experiments/computational_application_case/scripts/build_refactored_application_case.py
computational_application_case,final_prioritized_candidates.csv,viscosity_worst_temperature_K,Temperature at which the reported dynamic viscosity extreme occurs.,K,number,schema-rule,experiments/computational_application_case/scripts/build_refactored_application_case.py
computational_application_case,final_prioritized_candidates.csv,transport_favorability_worst,Least favorable standardized transport-favorability score over the main temperature window.,dimensionless standardized score,number,schema-rule,experiments/computational_application_case/scripts/build_refactored_application_case.py
computational_application_case,final_prioritized_candidates.csv,transport_favorability_worst_temperature_K,Temperature at which the reported standardized transport-favorability score extreme occurs.,K,number,schema-rule,experiments/computational_application_case/scripts/build_refactored_application_case.py
computational_application_case,final_prioritized_candidates.csv,volumetric_heat_capacity_worst,Least favorable volumetric heat capacity over the main temperature window.,J m^-3 K^-1,number,schema-rule,experiments/computational_application_case/scripts/build_refactored_application_case.py
computational_application_case,final_prioritized_candidates.csv,volumetric_heat_capacity_worst_temperature_K,Temperature at which the reported volumetric heat capacity extreme occurs.,K,number,schema-rule,experiments/computational_application_case/scripts/build_refactored_application_case.py
computational_application_case,final_prioritized_candidates.csv,thermal_diffusivity_worst,Least favorable thermal diffusivity over the main temperature window.,m^2 s^-1,number,schema-rule,experiments/computational_application_case/scripts/build_refactored_application_case.py
computational_application_case,final_prioritized_candidates.csv,thermal_diffusivity_worst_temperature_K,Temperature at which the reported thermal diffusivity extreme occurs.,K,number,schema-rule,experiments/computational_application_case/scripts/build_refactored_application_case.py
computational_application_case,final_prioritized_candidates.csv,thermal_timescale_worst,Least favorable simplified thermal-diffusion timescale over the main temperature window.,s,number,schema-rule,experiments/computational_application_case/scripts/build_refactored_application_case.py
computational_application_case,final_prioritized_candidates.csv,thermal_timescale_worst_temperature_K,Temperature at which the reported simplified thermal-diffusion timescale extreme occurs.,K,number,schema-rule,experiments/computational_application_case/scripts/build_refactored_application_case.py
computational_application_case,final_prioritized_candidates.csv,surface_tension_reference_envelope_deviation_worst,Least favorable surface-tension reference-envelope deviation over the main temperature window.,reference-IQR units,number,schema-rule,experiments/computational_application_case/scripts/build_refactored_application_case.py
computational_application_case,final_prioritized_candidates.csv,surface_tension_reference_envelope_deviation_worst_temperature_K,Temperature at which the reported surface-tension reference-envelope deviation extreme occurs.,K,number,schema-rule,experiments/computational_application_case/scripts/build_refactored_application_case.py
computational_application_case,final_prioritized_candidates.csv,density_range,Maximum minus minimum predicted density over the main temperature window.,kg m^-3,number,curated-bundle,experiments/computational_application_case/scripts/build_refactored_application_case.py
computational_application_case,final_prioritized_candidates.csv,ElectricalConductivity_mean,Mean predicted electrical conductivity over the main temperature window.,S m^-1,number,schema-rule,experiments/computational_application_case/scripts/build_refactored_application_case.py
computational_application_case,final_prioritized_candidates.csv,ElectricalConductivity_slope,Linear temperature slope of predicted electrical conductivity.,S m^-1 K^-1,number,schema-rule,experiments/computational_application_case/scripts/build_refactored_application_case.py
computational_application_case,final_prioritized_candidates.csv,ElectricalConductivity_relative_change,Full-window relative change in predicted electrical conductivity.,dimensionless,number,schema-rule,experiments/computational_application_case/scripts/build_refactored_application_case.py
computational_application_case,final_prioritized_candidates.csv,ElectricalConductivity_coefficient_of_variation,Coefficient of variation of predicted electrical conductivity over temperature.,dimensionless,number,schema-rule,experiments/computational_application_case/scripts/build_refactored_application_case.py
computational_application_case,final_prioritized_candidates.csv,Viscosity_mean,Mean predicted dynamic viscosity over the main temperature window.,Pa s,number,schema-rule,experiments/computational_application_case/scripts/build_refactored_application_case.py
computational_application_case,final_prioritized_candidates.csv,Viscosity_slope,Linear temperature slope of predicted dynamic viscosity.,Pa s K^-1,number,schema-rule,experiments/computational_application_case/scripts/build_refactored_application_case.py
computational_application_case,final_prioritized_candidates.csv,Viscosity_relative_change,Full-window relative change in predicted dynamic viscosity.,dimensionless,number,schema-rule,experiments/computational_application_case/scripts/build_refactored_application_case.py
computational_application_case,final_prioritized_candidates.csv,Viscosity_coefficient_of_variation,Coefficient of variation of predicted dynamic viscosity over temperature.,dimensionless,number,schema-rule,experiments/computational_application_case/scripts/build_refactored_application_case.py
computational_application_case,final_prioritized_candidates.csv,transport_favorability_mean,Mean standardized transport-favorability score over the main temperature window.,dimensionless standardized score,number,schema-rule,experiments/computational_application_case/scripts/build_refactored_application_case.py
computational_application_case,final_prioritized_candidates.csv,transport_favorability_slope,Linear temperature slope of standardized transport-favorability score.,dimensionless standardized score K^-1,number,schema-rule,experiments/computational_application_case/scripts/build_refactored_application_case.py
computational_application_case,final_prioritized_candidates.csv,transport_favorability_relative_change,Full-window relative change in standardized transport-favorability score.,dimensionless,number,schema-rule,experiments/computational_application_case/scripts/build_refactored_application_case.py
computational_application_case,final_prioritized_candidates.csv,transport_favorability_coefficient_of_variation,Coefficient of variation of standardized transport-favorability score over temperature.,dimensionless,number,schema-rule,experiments/computational_application_case/scripts/build_refactored_application_case.py
computational_application_case,final_prioritized_candidates.csv,volumetric_heat_capacity_mean,Mean volumetric heat capacity over the main temperature window.,J m^-3 K^-1,number,schema-rule,experiments/computational_application_case/scripts/build_refactored_application_case.py
computational_application_case,final_prioritized_candidates.csv,volumetric_heat_capacity_slope,Linear temperature slope of volumetric heat capacity.,J m^-3 K^-1 K^-1,number,schema-rule,experiments/computational_application_case/scripts/build_refactored_application_case.py
computational_application_case,final_prioritized_candidates.csv,volumetric_heat_capacity_relative_change,Full-window relative change in volumetric heat capacity.,dimensionless,number,schema-rule,experiments/computational_application_case/scripts/build_refactored_application_case.py
computational_application_case,final_prioritized_candidates.csv,volumetric_heat_capacity_coefficient_of_variation,Coefficient of variation of volumetric heat capacity over temperature.,dimensionless,number,schema-rule,experiments/computational_application_case/scripts/build_refactored_application_case.py
computational_application_case,final_prioritized_candidates.csv,thermal_diffusivity_mean,Mean thermal diffusivity over the main temperature window.,m^2 s^-1,number,schema-rule,experiments/computational_application_case/scripts/build_refactored_application_case.py
computational_application_case,final_prioritized_candidates.csv,thermal_diffusivity_slope,Linear temperature slope of thermal diffusivity.,m^2 s^-1 K^-1,number,schema-rule,experiments/computational_application_case/scripts/build_refactored_application_case.py
computational_application_case,final_prioritized_candidates.csv,thermal_diffusivity_relative_change,Full-window relative change in thermal diffusivity.,dimensionless,number,schema-rule,experiments/computational_application_case/scripts/build_refactored_application_case.py
computational_application_case,final_prioritized_candidates.csv,thermal_diffusivity_coefficient_of_variation,Coefficient of variation of thermal diffusivity over temperature.,dimensionless,number,schema-rule,experiments/computational_application_case/scripts/build_refactored_application_case.py
computational_application_case,final_prioritized_candidates.csv,simplified_thermal_diffusion_timescale_mean,Mean simplified thermal-diffusion timescale over the main temperature window.,s,number,schema-rule,experiments/computational_application_case/scripts/build_refactored_application_case.py
computational_application_case,final_prioritized_candidates.csv,simplified_thermal_diffusion_timescale_slope,Linear temperature slope of simplified thermal-diffusion timescale.,s K^-1,number,schema-rule,experiments/computational_application_case/scripts/build_refactored_application_case.py
computational_application_case,final_prioritized_candidates.csv,simplified_thermal_diffusion_timescale_relative_change,Full-window relative change in simplified thermal-diffusion timescale.,dimensionless,number,schema-rule,experiments/computational_application_case/scripts/build_refactored_application_case.py
computational_application_case,final_prioritized_candidates.csv,simplified_thermal_diffusion_timescale_coefficient_of_variation,Coefficient of variation of simplified thermal-diffusion timescale over temperature.,dimensionless,number,schema-rule,experiments/computational_application_case/scripts/build_refactored_application_case.py
computational_application_case,final_prioritized_candidates.csv,surface_tension_reference_envelope_deviation_mean,Mean surface-tension reference-envelope deviation over the main temperature window.,reference-IQR units,number,schema-rule,experiments/computational_application_case/scripts/build_refactored_application_case.py
computational_application_case,final_prioritized_candidates.csv,surface_tension_reference_envelope_deviation_slope,Linear temperature slope of surface-tension reference-envelope deviation.,reference-IQR units K^-1,number,schema-rule,experiments/computational_application_case/scripts/build_refactored_application_case.py
computational_application_case,final_prioritized_candidates.csv,surface_tension_reference_envelope_deviation_relative_change,Full-window relative change in surface-tension reference-envelope deviation.,dimensionless,number,schema-rule,experiments/computational_application_case/scripts/build_refactored_application_case.py
computational_application_case,final_prioritized_candidates.csv,surface_tension_reference_envelope_deviation_coefficient_of_variation,Coefficient of variation of surface-tension reference-envelope deviation over temperature.,dimensionless,number,schema-rule,experiments/computational_application_case/scripts/build_refactored_application_case.py
computational_application_case,final_prioritized_candidates.csv,Density_mean,Mean predicted density over the main temperature window.,kg m^-3,number,schema-rule,experiments/computational_application_case/scripts/build_refactored_application_case.py
computational_application_case,final_prioritized_candidates.csv,Density_slope,Linear temperature slope of predicted density.,kg m^-3 K^-1,number,schema-rule,experiments/computational_application_case/scripts/build_refactored_application_case.py
computational_application_case,final_prioritized_candidates.csv,Density_relative_change,Full-window relative change in predicted density.,dimensionless,number,schema-rule,experiments/computational_application_case/scripts/build_refactored_application_case.py
computational_application_case,final_prioritized_candidates.csv,Density_coefficient_of_variation,Coefficient of variation of predicted density over temperature.,dimensionless,number,schema-rule,experiments/computational_application_case/scripts/build_refactored_application_case.py
computational_application_case,final_prioritized_candidates.csv,curve_warning_count,Number of curve-quality warnings over the main window.,count,integer,curated-bundle,experiments/computational_application_case/scripts/build_refactored_application_case.py
computational_application_case,final_prioritized_candidates.csv,severe_curve_failure_count,Number of fail-closed severe curve failures.,count,integer,curated-bundle,experiments/computational_application_case/scripts/build_refactored_application_case.py
computational_application_case,final_prioritized_candidates.csv,temperature_point_count_y,Temperature-point count after table merge.,count,integer,curated-bundle,experiments/computational_application_case/scripts/build_refactored_application_case.py
computational_application_case,final_prioritized_candidates.csv,low_temperature_K,Lower extended stress-test endpoint.,K,number,curated-bundle,experiments/computational_application_case/scripts/build_refactored_application_case.py
computational_application_case,final_prioritized_candidates.csv,reference_temperature_K,Reference temperature used for ratios.,K,number,curated-bundle,experiments/computational_application_case/scripts/build_refactored_application_case.py
computational_application_case,final_prioritized_candidates.csv,high_temperature_K,Upper extended stress-test endpoint.,K,number,curated-bundle,experiments/computational_application_case/scripts/build_refactored_application_case.py
computational_application_case,final_prioritized_candidates.csv,electrolyte_resistance_ohm_at_low_temperature,Ideal electrolyte resistance at the lower stress-test endpoint.,ohm,number,curated-bundle,experiments/computational_application_case/scripts/build_refactored_application_case.py
computational_application_case,final_prioritized_candidates.csv,electrolyte_resistance_ohm_at_reference_temperature,Ideal electrolyte resistance at the reference temperature.,ohm,number,curated-bundle,experiments/computational_application_case/scripts/build_refactored_application_case.py
computational_application_case,final_prioritized_candidates.csv,electrolyte_resistance_ohm_at_high_temperature,Ideal electrolyte resistance at the upper stress-test endpoint.,ohm,number,curated-bundle,experiments/computational_application_case/scripts/build_refactored_application_case.py
computational_application_case,final_prioritized_candidates.csv,low_temperature_resistance_ratio_to_reference,Dimensionless low temperature resistance ratio to reference.,dimensionless,number,schema-rule,experiments/computational_application_case/scripts/build_refactored_application_case.py
computational_application_case,final_prioritized_candidates.csv,high_temperature_resistance_ratio_to_reference,Dimensionless high temperature resistance ratio to reference.,dimensionless,number,schema-rule,experiments/computational_application_case/scripts/build_refactored_application_case.py
computational_application_case,final_prioritized_candidates.csv,high_to_low_temperature_resistance_ratio,Dimensionless high to low temperature resistance ratio.,dimensionless,number,schema-rule,experiments/computational_application_case/scripts/build_refactored_application_case.py
computational_application_case,final_prioritized_candidates.csv,low_temperature_resistance_retention_pct,"Low temperature resistance retention, expressed as a percentage.",%,number,schema-rule,experiments/computational_application_case/scripts/build_refactored_application_case.py
computational_application_case,final_prioritized_candidates.csv,high_temperature_resistance_retention_pct,"High temperature resistance retention, expressed as a percentage.",%,number,schema-rule,experiments/computational_application_case/scripts/build_refactored_application_case.py
computational_application_case,final_prioritized_candidates.csv,low_temperature_conductivity_retention_pct,"Low temperature conductivity retention, expressed as a percentage.",%,number,schema-rule,experiments/computational_application_case/scripts/build_refactored_application_case.py
computational_application_case,final_prioritized_candidates.csv,high_temperature_conductivity_retention_pct,"High temperature conductivity retention, expressed as a percentage.",%,number,schema-rule,experiments/computational_application_case/scripts/build_refactored_application_case.py
computational_application_case,final_prioritized_candidates.csv,electrolyte_resistance_ohm_worst,Maximum ideal electrolyte resistance over the evaluated temperatures.,ohm,number,curated-bundle,experiments/computational_application_case/scripts/build_refactored_application_case.py
computational_application_case,final_prioritized_candidates.csv,electrolyte_resistance_worst_temperature_K,Temperature associated with electrolyte resistance worst.,K,number,schema-rule,experiments/computational_application_case/scripts/build_refactored_application_case.py
computational_application_case,final_prioritized_candidates.csv,joule_heating_power_W_worst,Maximum constant-current Joule term over the evaluated temperatures.,W,number,curated-bundle,experiments/computational_application_case/scripts/build_refactored_application_case.py
computational_application_case,final_prioritized_candidates.csv,joule_heating_worst_temperature_K,Temperature associated with joule heating worst.,K,number,schema-rule,experiments/computational_application_case/scripts/build_refactored_application_case.py
computational_application_case,final_prioritized_candidates.csv,steady_state_temperature_rise_K_worst,Maximum conditional steady temperature rise over the evaluated temperatures.,K,number,curated-bundle,experiments/computational_application_case/scripts/build_refactored_application_case.py
computational_application_case,final_prioritized_candidates.csv,steady_state_temperature_rise_worst_temperature_K,Temperature associated with steady state temperature rise worst.,K,number,schema-rule,experiments/computational_application_case/scripts/build_refactored_application_case.py
computational_application_case,final_prioritized_candidates.csv,transient_temperature_rise_K_worst,Maximum conditional 60-s lumped temperature rise over the evaluated temperatures.,K,number,curated-bundle,experiments/computational_application_case/scripts/build_refactored_application_case.py
computational_application_case,final_prioritized_candidates.csv,transient_temperature_rise_worst_temperature_K,Temperature associated with transient temperature rise worst.,K,number,schema-rule,experiments/computational_application_case/scripts/build_refactored_application_case.py
computational_application_case,final_prioritized_candidates.csv,reference_cell_exceedance_index_worst,Largest reference-q75 exceedance index over the evaluated temperatures.,dimensionless,number,curated-bundle,experiments/computational_application_case/scripts/build_refactored_application_case.py
computational_application_case,final_prioritized_candidates.csv,reference_cell_exceedance_band_worst,Most severe reference-population exceedance band over temperature.,not applicable / categorical,string,curated-bundle,experiments/computational_application_case/scripts/build_refactored_application_case.py
computational_application_case,final_prioritized_candidates.csv,reference_cell_exceedance_index_worst_temperature_K,Temperature associated with reference cell exceedance index worst.,K,number,schema-rule,experiments/computational_application_case/scripts/build_refactored_application_case.py
computational_application_case,final_prioritized_candidates.csv,reference_cell_exceedance_component_worst,Component controlling the largest exceedance index.,not applicable / categorical,string,curated-bundle,experiments/computational_application_case/scripts/build_refactored_application_case.py
computational_application_case,final_prioritized_candidates.csv,reference_cell_exceedance_index_at_band_worst,Exceedance-index value at the temperature defining the worst exceedance band.,dimensionless,number,curated-bundle,experiments/computational_application_case/scripts/build_refactored_application_case.py
computational_application_case,final_prioritized_candidates.csv,reference_cell_exceedance_band_worst_temperature_K,Temperature associated with reference cell exceedance band worst.,K,number,schema-rule,experiments/computational_application_case/scripts/build_refactored_application_case.py
computational_application_case,final_prioritized_candidates.csv,reference_cell_exceedance_band_component_worst,Component controlling the most severe exceedance band.,not applicable / categorical,string,curated-bundle,experiments/computational_application_case/scripts/build_refactored_application_case.py
computational_application_case,final_prioritized_candidates.csv,scenario_interpretation,Scope statement for the reference-cell calculation.,not applicable / text,string,curated-bundle,experiments/computational_application_case/scripts/build_refactored_application_case.py
computational_application_case,final_prioritized_candidates.csv,AD_status,Applicability-domain classification.,not applicable / categorical,string,curated-bundle,experiments/computational_application_case/scripts/build_refactored_application_case.py
computational_application_case,final_prioritized_candidates.csv,AD_reason,Reason for the applicability-domain classification.,not applicable / text,string,curated-bundle,experiments/computational_application_case/scripts/build_refactored_application_case.py
computational_application_case,final_prioritized_candidates.csv,descriptor_knn_distance,Nearest-neighbour distance in standardized descriptor space.,dimensionless distance,number,curated-bundle,experiments/computational_application_case/scripts/build_refactored_application_case.py
computational_application_case,final_prioritized_candidates.csv,descriptor_distance_percentile,Reference percentile of the descriptor-space distance.,"fraction in [0,1]",number,curated-bundle,experiments/computational_application_case/scripts/build_refactored_application_case.py
computational_application_case,final_prioritized_candidates.csv,pass_structure,Whether the candidate passes the structure hard gate.,boolean,boolean,schema-rule,experiments/computational_application_case/scripts/build_refactored_application_case.py
computational_application_case,final_prioritized_candidates.csv,pass_inference,Whether the candidate passes the inference hard gate.,boolean,boolean,schema-rule,experiments/computational_application_case/scripts/build_refactored_application_case.py
computational_application_case,final_prioritized_candidates.csv,pass_curve_quality,Whether the candidate passes the curve quality hard gate.,boolean,boolean,schema-rule,experiments/computational_application_case/scripts/build_refactored_application_case.py
computational_application_case,final_prioritized_candidates.csv,pass_AD,Whether the candidate passes the AD hard gate.,boolean,boolean,schema-rule,experiments/computational_application_case/scripts/build_refactored_application_case.py
computational_application_case,final_prioritized_candidates.csv,pass_conductivity,Whether the candidate passes the conductivity hard gate.,boolean,boolean,schema-rule,experiments/computational_application_case/scripts/build_refactored_application_case.py
computational_application_case,final_prioritized_candidates.csv,pass_viscosity,Whether the candidate passes the viscosity hard gate.,boolean,boolean,schema-rule,experiments/computational_application_case/scripts/build_refactored_application_case.py
computational_application_case,final_prioritized_candidates.csv,pass_heat_capacity,Whether the candidate passes the heat capacity hard gate.,boolean,boolean,schema-rule,experiments/computational_application_case/scripts/build_refactored_application_case.py
computational_application_case,final_prioritized_candidates.csv,pass_thermal_diffusivity,Whether the candidate passes the thermal diffusivity hard gate.,boolean,boolean,schema-rule,experiments/computational_application_case/scripts/build_refactored_application_case.py
computational_application_case,final_prioritized_candidates.csv,pass_surface_tension_reference_envelope,Whether the candidate passes the surface tension reference envelope hard gate.,boolean,boolean,schema-rule,experiments/computational_application_case/scripts/build_refactored_application_case.py
computational_application_case,final_prioritized_candidates.csv,final_feasible,Whether all hard constraints are satisfied.,boolean,boolean,curated-bundle,experiments/computational_application_case/scripts/build_refactored_application_case.py
computational_application_case,final_prioritized_candidates.csv,failure_reasons,Semicolon-delimited hard-screening failure reasons.,not applicable / text,empty,curated-bundle,experiments/computational_application_case/scripts/build_refactored_application_case.py
computational_application_case,final_prioritized_candidates.csv,Pareto_rank,Non-dominated Pareto rank under the four prespecified objectives.,ordinal index,integer,curated-bundle,experiments/computational_application_case/scripts/build_refactored_application_case.py
computational_application_case,final_prioritized_candidates.csv,domination_count,Number of candidates dominating this candidate.,count,integer,curated-bundle,experiments/computational_application_case/scripts/build_refactored_application_case.py
computational_application_case,final_prioritized_candidates.csv,dominated_set_size,Number of candidates dominated by this candidate.,count,integer,curated-bundle,experiments/computational_application_case/scripts/build_refactored_application_case.py
computational_application_case,final_prioritized_candidates.csv,utopia_distance,Euclidean distance to the robust-normalized four-objective ideal point.,dimensionless,number,curated-bundle,experiments/computational_application_case/scripts/build_refactored_application_case.py
computational_application_case,final_prioritized_candidates.csv,utopia_rank_one_order,Order of Pareto-rank-1 candidates by utopia distance and tie-breaker.,ordinal index,integer,curated-bundle,experiments/computational_application_case/scripts/build_refactored_application_case.py
computational_application_case,final_prioritized_candidates.csv,utopia_normalized_conductivity_worst,Robust-normalized objective value for conductivity worst.,dimensionless,number,schema-rule,experiments/computational_application_case/scripts/build_refactored_application_case.py
computational_application_case,final_prioritized_candidates.csv,utopia_normalized_volumetric_heat_capacity_worst,Robust-normalized objective value for volumetric heat capacity worst.,dimensionless,number,schema-rule,experiments/computational_application_case/scripts/build_refactored_application_case.py
computational_application_case,final_prioritized_candidates.csv,utopia_normalized_thermal_diffusivity_worst,Robust-normalized objective value for thermal diffusivity worst.,dimensionless,number,schema-rule,experiments/computational_application_case/scripts/build_refactored_application_case.py
computational_application_case,final_prioritized_candidates.csv,utopia_normalized_viscosity_worst,Robust-normalized objective value for viscosity worst.,dimensionless,number,schema-rule,experiments/computational_application_case/scripts/build_refactored_application_case.py
computational_application_case,final_prioritized_candidates.csv,recommendation_class,Candidate qualification recommendation class.,not applicable / categorical,string,curated-bundle,experiments/computational_application_case/scripts/build_refactored_application_case.py
computational_application_case,final_prioritized_candidates.csv,main_advantage,Primary predicted advantage motivating qualification.,not applicable / text,string,curated-bundle,experiments/computational_application_case/scripts/build_refactored_application_case.py
computational_application_case,final_prioritized_candidates.csv,main_limitation,Primary predicted limitation requiring qualification.,not applicable / text,string,curated-bundle,experiments/computational_application_case/scripts/build_refactored_application_case.py
computational_application_case,final_prioritized_candidates.csv,downstream_priority,Downstream qualification-priority label.,not applicable / categorical,string,curated-bundle,experiments/computational_application_case/scripts/build_refactored_application_case.py
computational_application_case,final_prioritized_candidates.csv,uncertainty_status,Decision-stability qualification attached to the candidate.,not applicable / categorical,string,curated-bundle,experiments/computational_application_case/scripts/build_refactored_application_case.py
computational_application_case,final_prioritized_candidates.csv,formal_shortlist_selected,Whether the candidate enters the deterministic formal Top-8.,boolean,boolean,curated-bundle,experiments/computational_application_case/scripts/build_refactored_application_case.py
computational_application_case,final_prioritized_candidates.csv,formal_shortlist_order,Deterministic order within the formal Top-8.,ordinal index,integer,curated-bundle,experiments/computational_application_case/scripts/build_refactored_application_case.py
computational_application_case,final_prioritized_candidates.csv,formal_shortlist_rule,Rule used to select the formal shortlist.,not applicable / text,string,curated-bundle,experiments/computational_application_case/scripts/build_refactored_application_case.py
computational_application_case,panel_a_candidate_space_funnel.csv,stage_order,Display order of the candidate-space funnel stage.,ordinal index,integer,curated-bundle,experiments/computational_application_case/scripts/build_refactored_application_case.py
computational_application_case,panel_a_candidate_space_funnel.csv,stage,Machine-readable candidate-space funnel stage.,not applicable / categorical,string,curated-bundle,experiments/computational_application_case/scripts/build_refactored_application_case.py
computational_application_case,panel_a_candidate_space_funnel.csv,count,Number of records or identities in the named category.,count,integer,curated-common,experiments/computational_application_case/scripts/build_refactored_application_case.py
computational_application_case,panel_a_candidate_space_funnel.csv,provenance,Upstream table or rule supporting the record.,not applicable / text,string,curated-common,experiments/computational_application_case/scripts/build_refactored_application_case.py
computational_application_case,panel_a_reference_cell_scenario_parameters.csv,parameter,Name of a standardized reference-cell scenario parameter.,not applicable / categorical,string,curated-bundle,experiments/computational_application_case/scripts/build_refactored_application_case.py
computational_application_case,panel_a_reference_cell_scenario_parameters.csv,symbol,Mathematical symbol used for the scenario parameter.,not applicable / text,string,curated-bundle,experiments/computational_application_case/scripts/build_refactored_application_case.py
computational_application_case,panel_a_reference_cell_scenario_parameters.csv,value,Numeric value represented by the record.,defined by the companion unit field,number,curated-common,experiments/computational_application_case/scripts/build_refactored_application_case.py
computational_application_case,panel_a_reference_cell_scenario_parameters.csv,unit,Physical unit associated with the numeric value.,not applicable / unit label,string,curated-common,experiments/computational_application_case/scripts/build_refactored_application_case.py
computational_application_case,pareto_rank1_all_candidates.csv,candidate_id,Stable identifier assigned to a candidate ion pair.,not applicable / identifier,string,curated-bundle,experiments/computational_application_case/scripts/build_refactored_application_case.py
computational_application_case,pareto_rank1_all_candidates.csv,cation_charge,Formal charge of the cation component.,elementary-charge units,integer,curated-bundle,experiments/computational_application_case/scripts/build_refactored_application_case.py
computational_application_case,pareto_rank1_all_candidates.csv,anion_charge,Formal charge of the anion component.,elementary-charge units,integer,curated-bundle,experiments/computational_application_case/scripts/build_refactored_application_case.py
computational_application_case,pareto_rank1_all_candidates.csv,generation_status,Outcome of candidate construction and charge validation.,not applicable / categorical,string,curated-bundle,experiments/computational_application_case/scripts/build_refactored_application_case.py
computational_application_case,pareto_rank1_all_candidates.csv,temperature_point_count_x,Temperature-point count before table merge.,count,integer,curated-bundle,experiments/computational_application_case/scripts/build_refactored_application_case.py
computational_application_case,pareto_rank1_all_candidates.csv,expected_temperature_point_count,Prespecified number of temperature points.,count,integer,curated-bundle,experiments/computational_application_case/scripts/build_refactored_application_case.py
computational_application_case,pareto_rank1_all_candidates.csv,temperature_grid_complete,Whether all prescribed temperature points are present.,boolean,boolean,curated-bundle,experiments/computational_application_case/scripts/build_refactored_application_case.py
computational_application_case,pareto_rank1_all_candidates.csv,candidate_type,Observed-reference or unseen-recombination candidate class.,not applicable / categorical,string,curated-bundle,experiments/computational_application_case/scripts/build_refactored_application_case.py
computational_application_case,pareto_rank1_all_candidates.csv,cation_smiles,Input cation SMILES.,not applicable / molecular string,string,curated-bundle,experiments/computational_application_case/scripts/build_refactored_application_case.py
computational_application_case,pareto_rank1_all_candidates.csv,anion_smiles,Input anion SMILES.,not applicable / molecular string,string,curated-bundle,experiments/computational_application_case/scripts/build_refactored_application_case.py
computational_application_case,pareto_rank1_all_candidates.csv,il_smiles,Combined ion-pair SMILES.,not applicable / molecular string,string,curated-bundle,experiments/computational_application_case/scripts/build_refactored_application_case.py
computational_application_case,pareto_rank1_all_candidates.csv,canonical_il_key,Canonical cation-anion identity key.,not applicable / identifier,string,curated-bundle,experiments/computational_application_case/scripts/build_refactored_application_case.py
computational_application_case,pareto_rank1_all_candidates.csv,canonical_cation_smiles,Canonicalized cation SMILES.,not applicable / molecular string,string,curated-bundle,experiments/computational_application_case/scripts/build_refactored_application_case.py
computational_application_case,pareto_rank1_all_candidates.csv,canonical_anion_smiles,Canonicalized anion SMILES.,not applicable / molecular string,string,curated-bundle,experiments/computational_application_case/scripts/build_refactored_application_case.py
computational_application_case,pareto_rank1_all_candidates.csv,cation_identity_key,Standard-InChIKey identity of the cation.,not applicable / identifier,string,curated-bundle,experiments/computational_application_case/scripts/build_refactored_application_case.py
computational_application_case,pareto_rank1_all_candidates.csv,anion_identity_key,Standard-InChIKey identity of the anion.,not applicable / identifier,string,curated-bundle,experiments/computational_application_case/scripts/build_refactored_application_case.py
computational_application_case,pareto_rank1_all_candidates.csv,cation_support_count,Number of primary-training records supporting the cation identity.,count,integer,curated-bundle,experiments/computational_application_case/scripts/build_refactored_application_case.py
computational_application_case,pareto_rank1_all_candidates.csv,anion_support_count,Number of primary-training records supporting the anion identity.,count,integer,curated-bundle,experiments/computational_application_case/scripts/build_refactored_application_case.py
computational_application_case,pareto_rank1_all_candidates.csv,conductivity_worst,Least favorable electrical conductivity over the main temperature window.,S m^-1,number,schema-rule,experiments/computational_application_case/scripts/build_refactored_application_case.py
computational_application_case,pareto_rank1_all_candidates.csv,conductivity_worst_temperature_K,Temperature at which the reported electrical conductivity extreme occurs.,K,number,schema-rule,experiments/computational_application_case/scripts/build_refactored_application_case.py
computational_application_case,pareto_rank1_all_candidates.csv,viscosity_worst,Least favorable dynamic viscosity over the main temperature window.,Pa s,number,schema-rule,experiments/computational_application_case/scripts/build_refactored_application_case.py
computational_application_case,pareto_rank1_all_candidates.csv,viscosity_worst_temperature_K,Temperature at which the reported dynamic viscosity extreme occurs.,K,number,schema-rule,experiments/computational_application_case/scripts/build_refactored_application_case.py
computational_application_case,pareto_rank1_all_candidates.csv,transport_favorability_worst,Least favorable standardized transport-favorability score over the main temperature window.,dimensionless standardized score,number,schema-rule,experiments/computational_application_case/scripts/build_refactored_application_case.py
computational_application_case,pareto_rank1_all_candidates.csv,transport_favorability_worst_temperature_K,Temperature at which the reported standardized transport-favorability score extreme occurs.,K,number,schema-rule,experiments/computational_application_case/scripts/build_refactored_application_case.py
computational_application_case,pareto_rank1_all_candidates.csv,volumetric_heat_capacity_worst,Least favorable volumetric heat capacity over the main temperature window.,J m^-3 K^-1,number,schema-rule,experiments/computational_application_case/scripts/build_refactored_application_case.py
computational_application_case,pareto_rank1_all_candidates.csv,volumetric_heat_capacity_worst_temperature_K,Temperature at which the reported volumetric heat capacity extreme occurs.,K,number,schema-rule,experiments/computational_application_case/scripts/build_refactored_application_case.py
computational_application_case,pareto_rank1_all_candidates.csv,thermal_diffusivity_worst,Least favorable thermal diffusivity over the main temperature window.,m^2 s^-1,number,schema-rule,experiments/computational_application_case/scripts/build_refactored_application_case.py
computational_application_case,pareto_rank1_all_candidates.csv,thermal_diffusivity_worst_temperature_K,Temperature at which the reported thermal diffusivity extreme occurs.,K,number,schema-rule,experiments/computational_application_case/scripts/build_refactored_application_case.py
computational_application_case,pareto_rank1_all_candidates.csv,thermal_timescale_worst,Least favorable simplified thermal-diffusion timescale over the main temperature window.,s,number,schema-rule,experiments/computational_application_case/scripts/build_refactored_application_case.py
computational_application_case,pareto_rank1_all_candidates.csv,thermal_timescale_worst_temperature_K,Temperature at which the reported simplified thermal-diffusion timescale extreme occurs.,K,number,schema-rule,experiments/computational_application_case/scripts/build_refactored_application_case.py
computational_application_case,pareto_rank1_all_candidates.csv,surface_tension_reference_envelope_deviation_worst,Least favorable surface-tension reference-envelope deviation over the main temperature window.,reference-IQR units,number,schema-rule,experiments/computational_application_case/scripts/build_refactored_application_case.py
computational_application_case,pareto_rank1_all_candidates.csv,surface_tension_reference_envelope_deviation_worst_temperature_K,Temperature at which the reported surface-tension reference-envelope deviation extreme occurs.,K,number,schema-rule,experiments/computational_application_case/scripts/build_refactored_application_case.py
computational_application_case,pareto_rank1_all_candidates.csv,density_range,Maximum minus minimum predicted density over the main temperature window.,kg m^-3,number,curated-bundle,experiments/computational_application_case/scripts/build_refactored_application_case.py
computational_application_case,pareto_rank1_all_candidates.csv,ElectricalConductivity_mean,Mean predicted electrical conductivity over the main temperature window.,S m^-1,number,schema-rule,experiments/computational_application_case/scripts/build_refactored_application_case.py
computational_application_case,pareto_rank1_all_candidates.csv,ElectricalConductivity_slope,Linear temperature slope of predicted electrical conductivity.,S m^-1 K^-1,number,schema-rule,experiments/computational_application_case/scripts/build_refactored_application_case.py
computational_application_case,pareto_rank1_all_candidates.csv,ElectricalConductivity_relative_change,Full-window relative change in predicted electrical conductivity.,dimensionless,number,schema-rule,experiments/computational_application_case/scripts/build_refactored_application_case.py
computational_application_case,pareto_rank1_all_candidates.csv,ElectricalConductivity_coefficient_of_variation,Coefficient of variation of predicted electrical conductivity over temperature.,dimensionless,number,schema-rule,experiments/computational_application_case/scripts/build_refactored_application_case.py
computational_application_case,pareto_rank1_all_candidates.csv,Viscosity_mean,Mean predicted dynamic viscosity over the main temperature window.,Pa s,number,schema-rule,experiments/computational_application_case/scripts/build_refactored_application_case.py
computational_application_case,pareto_rank1_all_candidates.csv,Viscosity_slope,Linear temperature slope of predicted dynamic viscosity.,Pa s K^-1,number,schema-rule,experiments/computational_application_case/scripts/build_refactored_application_case.py
computational_application_case,pareto_rank1_all_candidates.csv,Viscosity_relative_change,Full-window relative change in predicted dynamic viscosity.,dimensionless,number,schema-rule,experiments/computational_application_case/scripts/build_refactored_application_case.py
computational_application_case,pareto_rank1_all_candidates.csv,Viscosity_coefficient_of_variation,Coefficient of variation of predicted dynamic viscosity over temperature.,dimensionless,number,schema-rule,experiments/computational_application_case/scripts/build_refactored_application_case.py
computational_application_case,pareto_rank1_all_candidates.csv,transport_favorability_mean,Mean standardized transport-favorability score over the main temperature window.,dimensionless standardized score,number,schema-rule,experiments/computational_application_case/scripts/build_refactored_application_case.py
computational_application_case,pareto_rank1_all_candidates.csv,transport_favorability_slope,Linear temperature slope of standardized transport-favorability score.,dimensionless standardized score K^-1,number,schema-rule,experiments/computational_application_case/scripts/build_refactored_application_case.py
computational_application_case,pareto_rank1_all_candidates.csv,transport_favorability_relative_change,Full-window relative change in standardized transport-favorability score.,dimensionless,number,schema-rule,experiments/computational_application_case/scripts/build_refactored_application_case.py
computational_application_case,pareto_rank1_all_candidates.csv,transport_favorability_coefficient_of_variation,Coefficient of variation of standardized transport-favorability score over temperature.,dimensionless,number,schema-rule,experiments/computational_application_case/scripts/build_refactored_application_case.py
computational_application_case,pareto_rank1_all_candidates.csv,volumetric_heat_capacity_mean,Mean volumetric heat capacity over the main temperature window.,J m^-3 K^-1,number,schema-rule,experiments/computational_application_case/scripts/build_refactored_application_case.py
computational_application_case,pareto_rank1_all_candidates.csv,volumetric_heat_capacity_slope,Linear temperature slope of volumetric heat capacity.,J m^-3 K^-1 K^-1,number,schema-rule,experiments/computational_application_case/scripts/build_refactored_application_case.py
computational_application_case,pareto_rank1_all_candidates.csv,volumetric_heat_capacity_relative_change,Full-window relative change in volumetric heat capacity.,dimensionless,number,schema-rule,experiments/computational_application_case/scripts/build_refactored_application_case.py
computational_application_case,pareto_rank1_all_candidates.csv,volumetric_heat_capacity_coefficient_of_variation,Coefficient of variation of volumetric heat capacity over temperature.,dimensionless,number,schema-rule,experiments/computational_application_case/scripts/build_refactored_application_case.py
computational_application_case,pareto_rank1_all_candidates.csv,thermal_diffusivity_mean,Mean thermal diffusivity over the main temperature window.,m^2 s^-1,number,schema-rule,experiments/computational_application_case/scripts/build_refactored_application_case.py
computational_application_case,pareto_rank1_all_candidates.csv,thermal_diffusivity_slope,Linear temperature slope of thermal diffusivity.,m^2 s^-1 K^-1,number,schema-rule,experiments/computational_application_case/scripts/build_refactored_application_case.py
computational_application_case,pareto_rank1_all_candidates.csv,thermal_diffusivity_relative_change,Full-window relative change in thermal diffusivity.,dimensionless,number,schema-rule,experiments/computational_application_case/scripts/build_refactored_application_case.py
computational_application_case,pareto_rank1_all_candidates.csv,thermal_diffusivity_coefficient_of_variation,Coefficient of variation of thermal diffusivity over temperature.,dimensionless,number,schema-rule,experiments/computational_application_case/scripts/build_refactored_application_case.py
computational_application_case,pareto_rank1_all_candidates.csv,simplified_thermal_diffusion_timescale_mean,Mean simplified thermal-diffusion timescale over the main temperature window.,s,number,schema-rule,experiments/computational_application_case/scripts/build_refactored_application_case.py
computational_application_case,pareto_rank1_all_candidates.csv,simplified_thermal_diffusion_timescale_slope,Linear temperature slope of simplified thermal-diffusion timescale.,s K^-1,number,schema-rule,experiments/computational_application_case/scripts/build_refactored_application_case.py
computational_application_case,pareto_rank1_all_candidates.csv,simplified_thermal_diffusion_timescale_relative_change,Full-window relative change in simplified thermal-diffusion timescale.,dimensionless,number,schema-rule,experiments/computational_application_case/scripts/build_refactored_application_case.py
computational_application_case,pareto_rank1_all_candidates.csv,simplified_thermal_diffusion_timescale_coefficient_of_variation,Coefficient of variation of simplified thermal-diffusion timescale over temperature.,dimensionless,number,schema-rule,experiments/computational_application_case/scripts/build_refactored_application_case.py
computational_application_case,pareto_rank1_all_candidates.csv,surface_tension_reference_envelope_deviation_mean,Mean surface-tension reference-envelope deviation over the main temperature window.,reference-IQR units,number,schema-rule,experiments/computational_application_case/scripts/build_refactored_application_case.py
computational_application_case,pareto_rank1_all_candidates.csv,surface_tension_reference_envelope_deviation_slope,Linear temperature slope of surface-tension reference-envelope deviation.,reference-IQR units K^-1,number,schema-rule,experiments/computational_application_case/scripts/build_refactored_application_case.py
computational_application_case,pareto_rank1_all_candidates.csv,surface_tension_reference_envelope_deviation_relative_change,Full-window relative change in surface-tension reference-envelope deviation.,dimensionless,number,schema-rule,experiments/computational_application_case/scripts/build_refactored_application_case.py
computational_application_case,pareto_rank1_all_candidates.csv,surface_tension_reference_envelope_deviation_coefficient_of_variation,Coefficient of variation of surface-tension reference-envelope deviation over temperature.,dimensionless,number,schema-rule,experiments/computational_application_case/scripts/build_refactored_application_case.py
computational_application_case,pareto_rank1_all_candidates.csv,Density_mean,Mean predicted density over the main temperature window.,kg m^-3,number,schema-rule,experiments/computational_application_case/scripts/build_refactored_application_case.py
computational_application_case,pareto_rank1_all_candidates.csv,Density_slope,Linear temperature slope of predicted density.,kg m^-3 K^-1,number,schema-rule,experiments/computational_application_case/scripts/build_refactored_application_case.py
computational_application_case,pareto_rank1_all_candidates.csv,Density_relative_change,Full-window relative change in predicted density.,dimensionless,number,schema-rule,experiments/computational_application_case/scripts/build_refactored_application_case.py
computational_application_case,pareto_rank1_all_candidates.csv,Density_coefficient_of_variation,Coefficient of variation of predicted density over temperature.,dimensionless,number,schema-rule,experiments/computational_application_case/scripts/build_refactored_application_case.py
computational_application_case,pareto_rank1_all_candidates.csv,curve_warning_count,Number of curve-quality warnings over the main window.,count,integer,curated-bundle,experiments/computational_application_case/scripts/build_refactored_application_case.py
computational_application_case,pareto_rank1_all_candidates.csv,severe_curve_failure_count,Number of fail-closed severe curve failures.,count,integer,curated-bundle,experiments/computational_application_case/scripts/build_refactored_application_case.py
computational_application_case,pareto_rank1_all_candidates.csv,temperature_point_count_y,Temperature-point count after table merge.,count,integer,curated-bundle,experiments/computational_application_case/scripts/build_refactored_application_case.py
computational_application_case,pareto_rank1_all_candidates.csv,low_temperature_K,Lower extended stress-test endpoint.,K,number,curated-bundle,experiments/computational_application_case/scripts/build_refactored_application_case.py
computational_application_case,pareto_rank1_all_candidates.csv,reference_temperature_K,Reference temperature used for ratios.,K,number,curated-bundle,experiments/computational_application_case/scripts/build_refactored_application_case.py
computational_application_case,pareto_rank1_all_candidates.csv,high_temperature_K,Upper extended stress-test endpoint.,K,number,curated-bundle,experiments/computational_application_case/scripts/build_refactored_application_case.py
computational_application_case,pareto_rank1_all_candidates.csv,electrolyte_resistance_ohm_at_low_temperature,Ideal electrolyte resistance at the lower stress-test endpoint.,ohm,number,curated-bundle,experiments/computational_application_case/scripts/build_refactored_application_case.py
computational_application_case,pareto_rank1_all_candidates.csv,electrolyte_resistance_ohm_at_reference_temperature,Ideal electrolyte resistance at the reference temperature.,ohm,number,curated-bundle,experiments/computational_application_case/scripts/build_refactored_application_case.py
computational_application_case,pareto_rank1_all_candidates.csv,electrolyte_resistance_ohm_at_high_temperature,Ideal electrolyte resistance at the upper stress-test endpoint.,ohm,number,curated-bundle,experiments/computational_application_case/scripts/build_refactored_application_case.py
computational_application_case,pareto_rank1_all_candidates.csv,low_temperature_resistance_ratio_to_reference,Dimensionless low temperature resistance ratio to reference.,dimensionless,number,schema-rule,experiments/computational_application_case/scripts/build_refactored_application_case.py
computational_application_case,pareto_rank1_all_candidates.csv,high_temperature_resistance_ratio_to_reference,Dimensionless high temperature resistance ratio to reference.,dimensionless,number,schema-rule,experiments/computational_application_case/scripts/build_refactored_application_case.py
computational_application_case,pareto_rank1_all_candidates.csv,high_to_low_temperature_resistance_ratio,Dimensionless high to low temperature resistance ratio.,dimensionless,number,schema-rule,experiments/computational_application_case/scripts/build_refactored_application_case.py
computational_application_case,pareto_rank1_all_candidates.csv,low_temperature_resistance_retention_pct,"Low temperature resistance retention, expressed as a percentage.",%,number,schema-rule,experiments/computational_application_case/scripts/build_refactored_application_case.py
computational_application_case,pareto_rank1_all_candidates.csv,high_temperature_resistance_retention_pct,"High temperature resistance retention, expressed as a percentage.",%,number,schema-rule,experiments/computational_application_case/scripts/build_refactored_application_case.py
computational_application_case,pareto_rank1_all_candidates.csv,low_temperature_conductivity_retention_pct,"Low temperature conductivity retention, expressed as a percentage.",%,number,schema-rule,experiments/computational_application_case/scripts/build_refactored_application_case.py
computational_application_case,pareto_rank1_all_candidates.csv,high_temperature_conductivity_retention_pct,"High temperature conductivity retention, expressed as a percentage.",%,number,schema-rule,experiments/computational_application_case/scripts/build_refactored_application_case.py
computational_application_case,pareto_rank1_all_candidates.csv,electrolyte_resistance_ohm_worst,Maximum ideal electrolyte resistance over the evaluated temperatures.,ohm,number,curated-bundle,experiments/computational_application_case/scripts/build_refactored_application_case.py
computational_application_case,pareto_rank1_all_candidates.csv,electrolyte_resistance_worst_temperature_K,Temperature associated with electrolyte resistance worst.,K,number,schema-rule,experiments/computational_application_case/scripts/build_refactored_application_case.py
computational_application_case,pareto_rank1_all_candidates.csv,joule_heating_power_W_worst,Maximum constant-current Joule term over the evaluated temperatures.,W,number,curated-bundle,experiments/computational_application_case/scripts/build_refactored_application_case.py
computational_application_case,pareto_rank1_all_candidates.csv,joule_heating_worst_temperature_K,Temperature associated with joule heating worst.,K,number,schema-rule,experiments/computational_application_case/scripts/build_refactored_application_case.py
computational_application_case,pareto_rank1_all_candidates.csv,steady_state_temperature_rise_K_worst,Maximum conditional steady temperature rise over the evaluated temperatures.,K,number,curated-bundle,experiments/computational_application_case/scripts/build_refactored_application_case.py
computational_application_case,pareto_rank1_all_candidates.csv,steady_state_temperature_rise_worst_temperature_K,Temperature associated with steady state temperature rise worst.,K,number,schema-rule,experiments/computational_application_case/scripts/build_refactored_application_case.py
computational_application_case,pareto_rank1_all_candidates.csv,transient_temperature_rise_K_worst,Maximum conditional 60-s lumped temperature rise over the evaluated temperatures.,K,number,curated-bundle,experiments/computational_application_case/scripts/build_refactored_application_case.py
computational_application_case,pareto_rank1_all_candidates.csv,transient_temperature_rise_worst_temperature_K,Temperature associated with transient temperature rise worst.,K,number,schema-rule,experiments/computational_application_case/scripts/build_refactored_application_case.py
computational_application_case,pareto_rank1_all_candidates.csv,reference_cell_exceedance_index_worst,Largest reference-q75 exceedance index over the evaluated temperatures.,dimensionless,number,curated-bundle,experiments/computational_application_case/scripts/build_refactored_application_case.py
computational_application_case,pareto_rank1_all_candidates.csv,reference_cell_exceedance_band_worst,Most severe reference-population exceedance band over temperature.,not applicable / categorical,string,curated-bundle,experiments/computational_application_case/scripts/build_refactored_application_case.py
computational_application_case,pareto_rank1_all_candidates.csv,reference_cell_exceedance_index_worst_temperature_K,Temperature associated with reference cell exceedance index worst.,K,number,schema-rule,experiments/computational_application_case/scripts/build_refactored_application_case.py
computational_application_case,pareto_rank1_all_candidates.csv,reference_cell_exceedance_component_worst,Component controlling the largest exceedance index.,not applicable / categorical,string,curated-bundle,experiments/computational_application_case/scripts/build_refactored_application_case.py
computational_application_case,pareto_rank1_all_candidates.csv,reference_cell_exceedance_index_at_band_worst,Exceedance-index value at the temperature defining the worst exceedance band.,dimensionless,number,curated-bundle,experiments/computational_application_case/scripts/build_refactored_application_case.py
computational_application_case,pareto_rank1_all_candidates.csv,reference_cell_exceedance_band_worst_temperature_K,Temperature associated with reference cell exceedance band worst.,K,number,schema-rule,experiments/computational_application_case/scripts/build_refactored_application_case.py
computational_application_case,pareto_rank1_all_candidates.csv,reference_cell_exceedance_band_component_worst,Component controlling the most severe exceedance band.,not applicable / categorical,string,curated-bundle,experiments/computational_application_case/scripts/build_refactored_application_case.py
computational_application_case,pareto_rank1_all_candidates.csv,scenario_interpretation,Scope statement for the reference-cell calculation.,not applicable / text,string,curated-bundle,experiments/computational_application_case/scripts/build_refactored_application_case.py
computational_application_case,pareto_rank1_all_candidates.csv,AD_status,Applicability-domain classification.,not applicable / categorical,string,curated-bundle,experiments/computational_application_case/scripts/build_refactored_application_case.py
computational_application_case,pareto_rank1_all_candidates.csv,AD_reason,Reason for the applicability-domain classification.,not applicable / text,string,curated-bundle,experiments/computational_application_case/scripts/build_refactored_application_case.py
computational_application_case,pareto_rank1_all_candidates.csv,descriptor_knn_distance,Nearest-neighbour distance in standardized descriptor space.,dimensionless distance,number,curated-bundle,experiments/computational_application_case/scripts/build_refactored_application_case.py
computational_application_case,pareto_rank1_all_candidates.csv,descriptor_distance_percentile,Reference percentile of the descriptor-space distance.,"fraction in [0,1]",number,curated-bundle,experiments/computational_application_case/scripts/build_refactored_application_case.py
computational_application_case,pareto_rank1_all_candidates.csv,pass_structure,Whether the candidate passes the structure hard gate.,boolean,boolean,schema-rule,experiments/computational_application_case/scripts/build_refactored_application_case.py
computational_application_case,pareto_rank1_all_candidates.csv,pass_inference,Whether the candidate passes the inference hard gate.,boolean,boolean,schema-rule,experiments/computational_application_case/scripts/build_refactored_application_case.py
computational_application_case,pareto_rank1_all_candidates.csv,pass_curve_quality,Whether the candidate passes the curve quality hard gate.,boolean,boolean,schema-rule,experiments/computational_application_case/scripts/build_refactored_application_case.py
computational_application_case,pareto_rank1_all_candidates.csv,pass_AD,Whether the candidate passes the AD hard gate.,boolean,boolean,schema-rule,experiments/computational_application_case/scripts/build_refactored_application_case.py
computational_application_case,pareto_rank1_all_candidates.csv,pass_conductivity,Whether the candidate passes the conductivity hard gate.,boolean,boolean,schema-rule,experiments/computational_application_case/scripts/build_refactored_application_case.py
computational_application_case,pareto_rank1_all_candidates.csv,pass_viscosity,Whether the candidate passes the viscosity hard gate.,boolean,boolean,schema-rule,experiments/computational_application_case/scripts/build_refactored_application_case.py
computational_application_case,pareto_rank1_all_candidates.csv,pass_heat_capacity,Whether the candidate passes the heat capacity hard gate.,boolean,boolean,schema-rule,experiments/computational_application_case/scripts/build_refactored_application_case.py
computational_application_case,pareto_rank1_all_candidates.csv,pass_thermal_diffusivity,Whether the candidate passes the thermal diffusivity hard gate.,boolean,boolean,schema-rule,experiments/computational_application_case/scripts/build_refactored_application_case.py
computational_application_case,pareto_rank1_all_candidates.csv,pass_surface_tension_reference_envelope,Whether the candidate passes the surface tension reference envelope hard gate.,boolean,boolean,schema-rule,experiments/computational_application_case/scripts/build_refactored_application_case.py
computational_application_case,pareto_rank1_all_candidates.csv,final_feasible,Whether all hard constraints are satisfied.,boolean,boolean,curated-bundle,experiments/computational_application_case/scripts/build_refactored_application_case.py
computational_application_case,pareto_rank1_all_candidates.csv,failure_reasons,Semicolon-delimited hard-screening failure reasons.,not applicable / text,empty,curated-bundle,experiments/computational_application_case/scripts/build_refactored_application_case.py
computational_application_case,pareto_rank1_all_candidates.csv,Pareto_rank,Non-dominated Pareto rank under the four prespecified objectives.,ordinal index,integer,curated-bundle,experiments/computational_application_case/scripts/build_refactored_application_case.py
computational_application_case,pareto_rank1_all_candidates.csv,domination_count,Number of candidates dominating this candidate.,count,integer,curated-bundle,experiments/computational_application_case/scripts/build_refactored_application_case.py
computational_application_case,pareto_rank1_all_candidates.csv,dominated_set_size,Number of candidates dominated by this candidate.,count,integer,curated-bundle,experiments/computational_application_case/scripts/build_refactored_application_case.py
computational_application_case,pareto_rank1_all_candidates.csv,utopia_distance,Euclidean distance to the robust-normalized four-objective ideal point.,dimensionless,number,curated-bundle,experiments/computational_application_case/scripts/build_refactored_application_case.py
computational_application_case,pareto_rank1_all_candidates.csv,utopia_rank_one_order,Order of Pareto-rank-1 candidates by utopia distance and tie-breaker.,ordinal index,number,curated-bundle,experiments/computational_application_case/scripts/build_refactored_application_case.py
computational_application_case,pareto_rank1_all_candidates.csv,utopia_normalized_conductivity_worst,Robust-normalized objective value for conductivity worst.,dimensionless,number,schema-rule,experiments/computational_application_case/scripts/build_refactored_application_case.py
computational_application_case,pareto_rank1_all_candidates.csv,utopia_normalized_volumetric_heat_capacity_worst,Robust-normalized objective value for volumetric heat capacity worst.,dimensionless,number,schema-rule,experiments/computational_application_case/scripts/build_refactored_application_case.py
computational_application_case,pareto_rank1_all_candidates.csv,utopia_normalized_thermal_diffusivity_worst,Robust-normalized objective value for thermal diffusivity worst.,dimensionless,number,schema-rule,experiments/computational_application_case/scripts/build_refactored_application_case.py
computational_application_case,pareto_rank1_all_candidates.csv,utopia_normalized_viscosity_worst,Robust-normalized objective value for viscosity worst.,dimensionless,number,schema-rule,experiments/computational_application_case/scripts/build_refactored_application_case.py
computational_application_case,pareto_rank1_all_candidates.csv,recommendation_class,Candidate qualification recommendation class.,not applicable / categorical,string,curated-bundle,experiments/computational_application_case/scripts/build_refactored_application_case.py
computational_application_case,pareto_rank1_all_candidates.csv,main_advantage,Primary predicted advantage motivating qualification.,not applicable / text,string,curated-bundle,experiments/computational_application_case/scripts/build_refactored_application_case.py
computational_application_case,pareto_rank1_all_candidates.csv,main_limitation,Primary predicted limitation requiring qualification.,not applicable / text,string,curated-bundle,experiments/computational_application_case/scripts/build_refactored_application_case.py
computational_application_case,pareto_rank1_all_candidates.csv,downstream_priority,Downstream qualification-priority label.,not applicable / categorical,string,curated-bundle,experiments/computational_application_case/scripts/build_refactored_application_case.py
computational_application_case,pareto_rank1_all_candidates.csv,uncertainty_status,Decision-stability qualification attached to the candidate.,not applicable / categorical,string,curated-bundle,experiments/computational_application_case/scripts/build_refactored_application_case.py
computational_application_case,pareto_rank1_all_candidates.csv,formal_shortlist_selected,Whether the candidate enters the deterministic formal Top-8.,boolean,boolean,curated-bundle,experiments/computational_application_case/scripts/build_refactored_application_case.py
computational_application_case,pareto_rank1_all_candidates.csv,formal_shortlist_order,Deterministic order within the formal Top-8.,ordinal index,number,curated-bundle,experiments/computational_application_case/scripts/build_refactored_application_case.py
computational_application_case,pareto_rank1_all_candidates.csv,formal_shortlist_rule,Rule used to select the formal shortlist.,not applicable / text,string,curated-bundle,experiments/computational_application_case/scripts/build_refactored_application_case.py
computational_application_case,pareto_rank1_top8_selection.csv,candidate_id,Stable identifier assigned to a candidate ion pair.,not applicable / identifier,string,curated-bundle,experiments/computational_application_case/scripts/build_refactored_application_case.py
computational_application_case,pareto_rank1_top8_selection.csv,cation_charge,Formal charge of the cation component.,elementary-charge units,integer,curated-bundle,experiments/computational_application_case/scripts/build_refactored_application_case.py
computational_application_case,pareto_rank1_top8_selection.csv,anion_charge,Formal charge of the anion component.,elementary-charge units,integer,curated-bundle,experiments/computational_application_case/scripts/build_refactored_application_case.py
computational_application_case,pareto_rank1_top8_selection.csv,generation_status,Outcome of candidate construction and charge validation.,not applicable / categorical,string,curated-bundle,experiments/computational_application_case/scripts/build_refactored_application_case.py
computational_application_case,pareto_rank1_top8_selection.csv,temperature_point_count_x,Temperature-point count before table merge.,count,integer,curated-bundle,experiments/computational_application_case/scripts/build_refactored_application_case.py
computational_application_case,pareto_rank1_top8_selection.csv,expected_temperature_point_count,Prespecified number of temperature points.,count,integer,curated-bundle,experiments/computational_application_case/scripts/build_refactored_application_case.py
computational_application_case,pareto_rank1_top8_selection.csv,temperature_grid_complete,Whether all prescribed temperature points are present.,boolean,boolean,curated-bundle,experiments/computational_application_case/scripts/build_refactored_application_case.py
computational_application_case,pareto_rank1_top8_selection.csv,candidate_type,Observed-reference or unseen-recombination candidate class.,not applicable / categorical,string,curated-bundle,experiments/computational_application_case/scripts/build_refactored_application_case.py
computational_application_case,pareto_rank1_top8_selection.csv,cation_smiles,Input cation SMILES.,not applicable / molecular string,string,curated-bundle,experiments/computational_application_case/scripts/build_refactored_application_case.py
computational_application_case,pareto_rank1_top8_selection.csv,anion_smiles,Input anion SMILES.,not applicable / molecular string,string,curated-bundle,experiments/computational_application_case/scripts/build_refactored_application_case.py
computational_application_case,pareto_rank1_top8_selection.csv,il_smiles,Combined ion-pair SMILES.,not applicable / molecular string,string,curated-bundle,experiments/computational_application_case/scripts/build_refactored_application_case.py
computational_application_case,pareto_rank1_top8_selection.csv,canonical_il_key,Canonical cation-anion identity key.,not applicable / identifier,string,curated-bundle,experiments/computational_application_case/scripts/build_refactored_application_case.py
computational_application_case,pareto_rank1_top8_selection.csv,canonical_cation_smiles,Canonicalized cation SMILES.,not applicable / molecular string,string,curated-bundle,experiments/computational_application_case/scripts/build_refactored_application_case.py
computational_application_case,pareto_rank1_top8_selection.csv,canonical_anion_smiles,Canonicalized anion SMILES.,not applicable / molecular string,string,curated-bundle,experiments/computational_application_case/scripts/build_refactored_application_case.py
computational_application_case,pareto_rank1_top8_selection.csv,cation_identity_key,Standard-InChIKey identity of the cation.,not applicable / identifier,string,curated-bundle,experiments/computational_application_case/scripts/build_refactored_application_case.py
computational_application_case,pareto_rank1_top8_selection.csv,anion_identity_key,Standard-InChIKey identity of the anion.,not applicable / identifier,string,curated-bundle,experiments/computational_application_case/scripts/build_refactored_application_case.py
computational_application_case,pareto_rank1_top8_selection.csv,cation_support_count,Number of primary-training records supporting the cation identity.,count,integer,curated-bundle,experiments/computational_application_case/scripts/build_refactored_application_case.py
computational_application_case,pareto_rank1_top8_selection.csv,anion_support_count,Number of primary-training records supporting the anion identity.,count,integer,curated-bundle,experiments/computational_application_case/scripts/build_refactored_application_case.py
computational_application_case,pareto_rank1_top8_selection.csv,conductivity_worst,Least favorable electrical conductivity over the main temperature window.,S m^-1,number,schema-rule,experiments/computational_application_case/scripts/build_refactored_application_case.py
computational_application_case,pareto_rank1_top8_selection.csv,conductivity_worst_temperature_K,Temperature at which the reported electrical conductivity extreme occurs.,K,number,schema-rule,experiments/computational_application_case/scripts/build_refactored_application_case.py
computational_application_case,pareto_rank1_top8_selection.csv,viscosity_worst,Least favorable dynamic viscosity over the main temperature window.,Pa s,number,schema-rule,experiments/computational_application_case/scripts/build_refactored_application_case.py
computational_application_case,pareto_rank1_top8_selection.csv,viscosity_worst_temperature_K,Temperature at which the reported dynamic viscosity extreme occurs.,K,number,schema-rule,experiments/computational_application_case/scripts/build_refactored_application_case.py
computational_application_case,pareto_rank1_top8_selection.csv,transport_favorability_worst,Least favorable standardized transport-favorability score over the main temperature window.,dimensionless standardized score,number,schema-rule,experiments/computational_application_case/scripts/build_refactored_application_case.py
computational_application_case,pareto_rank1_top8_selection.csv,transport_favorability_worst_temperature_K,Temperature at which the reported standardized transport-favorability score extreme occurs.,K,number,schema-rule,experiments/computational_application_case/scripts/build_refactored_application_case.py
computational_application_case,pareto_rank1_top8_selection.csv,volumetric_heat_capacity_worst,Least favorable volumetric heat capacity over the main temperature window.,J m^-3 K^-1,number,schema-rule,experiments/computational_application_case/scripts/build_refactored_application_case.py
computational_application_case,pareto_rank1_top8_selection.csv,volumetric_heat_capacity_worst_temperature_K,Temperature at which the reported volumetric heat capacity extreme occurs.,K,number,schema-rule,experiments/computational_application_case/scripts/build_refactored_application_case.py
computational_application_case,pareto_rank1_top8_selection.csv,thermal_diffusivity_worst,Least favorable thermal diffusivity over the main temperature window.,m^2 s^-1,number,schema-rule,experiments/computational_application_case/scripts/build_refactored_application_case.py
computational_application_case,pareto_rank1_top8_selection.csv,thermal_diffusivity_worst_temperature_K,Temperature at which the reported thermal diffusivity extreme occurs.,K,number,schema-rule,experiments/computational_application_case/scripts/build_refactored_application_case.py
computational_application_case,pareto_rank1_top8_selection.csv,thermal_timescale_worst,Least favorable simplified thermal-diffusion timescale over the main temperature window.,s,number,schema-rule,experiments/computational_application_case/scripts/build_refactored_application_case.py
computational_application_case,pareto_rank1_top8_selection.csv,thermal_timescale_worst_temperature_K,Temperature at which the reported simplified thermal-diffusion timescale extreme occurs.,K,number,schema-rule,experiments/computational_application_case/scripts/build_refactored_application_case.py
computational_application_case,pareto_rank1_top8_selection.csv,surface_tension_reference_envelope_deviation_worst,Least favorable surface-tension reference-envelope deviation over the main temperature window.,reference-IQR units,number,schema-rule,experiments/computational_application_case/scripts/build_refactored_application_case.py
computational_application_case,pareto_rank1_top8_selection.csv,surface_tension_reference_envelope_deviation_worst_temperature_K,Temperature at which the reported surface-tension reference-envelope deviation extreme occurs.,K,number,schema-rule,experiments/computational_application_case/scripts/build_refactored_application_case.py
computational_application_case,pareto_rank1_top8_selection.csv,density_range,Maximum minus minimum predicted density over the main temperature window.,kg m^-3,number,curated-bundle,experiments/computational_application_case/scripts/build_refactored_application_case.py
computational_application_case,pareto_rank1_top8_selection.csv,ElectricalConductivity_mean,Mean predicted electrical conductivity over the main temperature window.,S m^-1,number,schema-rule,experiments/computational_application_case/scripts/build_refactored_application_case.py
computational_application_case,pareto_rank1_top8_selection.csv,ElectricalConductivity_slope,Linear temperature slope of predicted electrical conductivity.,S m^-1 K^-1,number,schema-rule,experiments/computational_application_case/scripts/build_refactored_application_case.py
computational_application_case,pareto_rank1_top8_selection.csv,ElectricalConductivity_relative_change,Full-window relative change in predicted electrical conductivity.,dimensionless,number,schema-rule,experiments/computational_application_case/scripts/build_refactored_application_case.py
computational_application_case,pareto_rank1_top8_selection.csv,ElectricalConductivity_coefficient_of_variation,Coefficient of variation of predicted electrical conductivity over temperature.,dimensionless,number,schema-rule,experiments/computational_application_case/scripts/build_refactored_application_case.py
computational_application_case,pareto_rank1_top8_selection.csv,Viscosity_mean,Mean predicted dynamic viscosity over the main temperature window.,Pa s,number,schema-rule,experiments/computational_application_case/scripts/build_refactored_application_case.py
computational_application_case,pareto_rank1_top8_selection.csv,Viscosity_slope,Linear temperature slope of predicted dynamic viscosity.,Pa s K^-1,number,schema-rule,experiments/computational_application_case/scripts/build_refactored_application_case.py
computational_application_case,pareto_rank1_top8_selection.csv,Viscosity_relative_change,Full-window relative change in predicted dynamic viscosity.,dimensionless,number,schema-rule,experiments/computational_application_case/scripts/build_refactored_application_case.py
computational_application_case,pareto_rank1_top8_selection.csv,Viscosity_coefficient_of_variation,Coefficient of variation of predicted dynamic viscosity over temperature.,dimensionless,number,schema-rule,experiments/computational_application_case/scripts/build_refactored_application_case.py
computational_application_case,pareto_rank1_top8_selection.csv,transport_favorability_mean,Mean standardized transport-favorability score over the main temperature window.,dimensionless standardized score,number,schema-rule,experiments/computational_application_case/scripts/build_refactored_application_case.py
computational_application_case,pareto_rank1_top8_selection.csv,transport_favorability_slope,Linear temperature slope of standardized transport-favorability score.,dimensionless standardized score K^-1,number,schema-rule,experiments/computational_application_case/scripts/build_refactored_application_case.py
computational_application_case,pareto_rank1_top8_selection.csv,transport_favorability_relative_change,Full-window relative change in standardized transport-favorability score.,dimensionless,number,schema-rule,experiments/computational_application_case/scripts/build_refactored_application_case.py
computational_application_case,pareto_rank1_top8_selection.csv,transport_favorability_coefficient_of_variation,Coefficient of variation of standardized transport-favorability score over temperature.,dimensionless,number,schema-rule,experiments/computational_application_case/scripts/build_refactored_application_case.py
computational_application_case,pareto_rank1_top8_selection.csv,volumetric_heat_capacity_mean,Mean volumetric heat capacity over the main temperature window.,J m^-3 K^-1,number,schema-rule,experiments/computational_application_case/scripts/build_refactored_application_case.py
computational_application_case,pareto_rank1_top8_selection.csv,volumetric_heat_capacity_slope,Linear temperature slope of volumetric heat capacity.,J m^-3 K^-1 K^-1,number,schema-rule,experiments/computational_application_case/scripts/build_refactored_application_case.py
computational_application_case,pareto_rank1_top8_selection.csv,volumetric_heat_capacity_relative_change,Full-window relative change in volumetric heat capacity.,dimensionless,number,schema-rule,experiments/computational_application_case/scripts/build_refactored_application_case.py
computational_application_case,pareto_rank1_top8_selection.csv,volumetric_heat_capacity_coefficient_of_variation,Coefficient of variation of volumetric heat capacity over temperature.,dimensionless,number,schema-rule,experiments/computational_application_case/scripts/build_refactored_application_case.py
computational_application_case,pareto_rank1_top8_selection.csv,thermal_diffusivity_mean,Mean thermal diffusivity over the main temperature window.,m^2 s^-1,number,schema-rule,experiments/computational_application_case/scripts/build_refactored_application_case.py
computational_application_case,pareto_rank1_top8_selection.csv,thermal_diffusivity_slope,Linear temperature slope of thermal diffusivity.,m^2 s^-1 K^-1,number,schema-rule,experiments/computational_application_case/scripts/build_refactored_application_case.py
computational_application_case,pareto_rank1_top8_selection.csv,thermal_diffusivity_relative_change,Full-window relative change in thermal diffusivity.,dimensionless,number,schema-rule,experiments/computational_application_case/scripts/build_refactored_application_case.py
computational_application_case,pareto_rank1_top8_selection.csv,thermal_diffusivity_coefficient_of_variation,Coefficient of variation of thermal diffusivity over temperature.,dimensionless,number,schema-rule,experiments/computational_application_case/scripts/build_refactored_application_case.py
computational_application_case,pareto_rank1_top8_selection.csv,simplified_thermal_diffusion_timescale_mean,Mean simplified thermal-diffusion timescale over the main temperature window.,s,number,schema-rule,experiments/computational_application_case/scripts/build_refactored_application_case.py
computational_application_case,pareto_rank1_top8_selection.csv,simplified_thermal_diffusion_timescale_slope,Linear temperature slope of simplified thermal-diffusion timescale.,s K^-1,number,schema-rule,experiments/computational_application_case/scripts/build_refactored_application_case.py
computational_application_case,pareto_rank1_top8_selection.csv,simplified_thermal_diffusion_timescale_relative_change,Full-window relative change in simplified thermal-diffusion timescale.,dimensionless,number,schema-rule,experiments/computational_application_case/scripts/build_refactored_application_case.py
computational_application_case,pareto_rank1_top8_selection.csv,simplified_thermal_diffusion_timescale_coefficient_of_variation,Coefficient of variation of simplified thermal-diffusion timescale over temperature.,dimensionless,number,schema-rule,experiments/computational_application_case/scripts/build_refactored_application_case.py
computational_application_case,pareto_rank1_top8_selection.csv,surface_tension_reference_envelope_deviation_mean,Mean surface-tension reference-envelope deviation over the main temperature window.,reference-IQR units,number,schema-rule,experiments/computational_application_case/scripts/build_refactored_application_case.py
computational_application_case,pareto_rank1_top8_selection.csv,surface_tension_reference_envelope_deviation_slope,Linear temperature slope of surface-tension reference-envelope deviation.,reference-IQR units K^-1,number,schema-rule,experiments/computational_application_case/scripts/build_refactored_application_case.py
computational_application_case,pareto_rank1_top8_selection.csv,surface_tension_reference_envelope_deviation_relative_change,Full-window relative change in surface-tension reference-envelope deviation.,dimensionless,number,schema-rule,experiments/computational_application_case/scripts/build_refactored_application_case.py
computational_application_case,pareto_rank1_top8_selection.csv,surface_tension_reference_envelope_deviation_coefficient_of_variation,Coefficient of variation of surface-tension reference-envelope deviation over temperature.,dimensionless,number,schema-rule,experiments/computational_application_case/scripts/build_refactored_application_case.py
computational_application_case,pareto_rank1_top8_selection.csv,Density_mean,Mean predicted density over the main temperature window.,kg m^-3,number,schema-rule,experiments/computational_application_case/scripts/build_refactored_application_case.py
computational_application_case,pareto_rank1_top8_selection.csv,Density_slope,Linear temperature slope of predicted density.,kg m^-3 K^-1,number,schema-rule,experiments/computational_application_case/scripts/build_refactored_application_case.py
computational_application_case,pareto_rank1_top8_selection.csv,Density_relative_change,Full-window relative change in predicted density.,dimensionless,number,schema-rule,experiments/computational_application_case/scripts/build_refactored_application_case.py
computational_application_case,pareto_rank1_top8_selection.csv,Density_coefficient_of_variation,Coefficient of variation of predicted density over temperature.,dimensionless,number,schema-rule,experiments/computational_application_case/scripts/build_refactored_application_case.py
computational_application_case,pareto_rank1_top8_selection.csv,curve_warning_count,Number of curve-quality warnings over the main window.,count,integer,curated-bundle,experiments/computational_application_case/scripts/build_refactored_application_case.py
computational_application_case,pareto_rank1_top8_selection.csv,severe_curve_failure_count,Number of fail-closed severe curve failures.,count,integer,curated-bundle,experiments/computational_application_case/scripts/build_refactored_application_case.py
computational_application_case,pareto_rank1_top8_selection.csv,temperature_point_count_y,Temperature-point count after table merge.,count,integer,curated-bundle,experiments/computational_application_case/scripts/build_refactored_application_case.py
computational_application_case,pareto_rank1_top8_selection.csv,low_temperature_K,Lower extended stress-test endpoint.,K,number,curated-bundle,experiments/computational_application_case/scripts/build_refactored_application_case.py
computational_application_case,pareto_rank1_top8_selection.csv,reference_temperature_K,Reference temperature used for ratios.,K,number,curated-bundle,experiments/computational_application_case/scripts/build_refactored_application_case.py
computational_application_case,pareto_rank1_top8_selection.csv,high_temperature_K,Upper extended stress-test endpoint.,K,number,curated-bundle,experiments/computational_application_case/scripts/build_refactored_application_case.py
computational_application_case,pareto_rank1_top8_selection.csv,electrolyte_resistance_ohm_at_low_temperature,Ideal electrolyte resistance at the lower stress-test endpoint.,ohm,number,curated-bundle,experiments/computational_application_case/scripts/build_refactored_application_case.py
computational_application_case,pareto_rank1_top8_selection.csv,electrolyte_resistance_ohm_at_reference_temperature,Ideal electrolyte resistance at the reference temperature.,ohm,number,curated-bundle,experiments/computational_application_case/scripts/build_refactored_application_case.py
computational_application_case,pareto_rank1_top8_selection.csv,electrolyte_resistance_ohm_at_high_temperature,Ideal electrolyte resistance at the upper stress-test endpoint.,ohm,number,curated-bundle,experiments/computational_application_case/scripts/build_refactored_application_case.py
computational_application_case,pareto_rank1_top8_selection.csv,low_temperature_resistance_ratio_to_reference,Dimensionless low temperature resistance ratio to reference.,dimensionless,number,schema-rule,experiments/computational_application_case/scripts/build_refactored_application_case.py
computational_application_case,pareto_rank1_top8_selection.csv,high_temperature_resistance_ratio_to_reference,Dimensionless high temperature resistance ratio to reference.,dimensionless,number,schema-rule,experiments/computational_application_case/scripts/build_refactored_application_case.py
computational_application_case,pareto_rank1_top8_selection.csv,high_to_low_temperature_resistance_ratio,Dimensionless high to low temperature resistance ratio.,dimensionless,number,schema-rule,experiments/computational_application_case/scripts/build_refactored_application_case.py
computational_application_case,pareto_rank1_top8_selection.csv,low_temperature_resistance_retention_pct,"Low temperature resistance retention, expressed as a percentage.",%,number,schema-rule,experiments/computational_application_case/scripts/build_refactored_application_case.py
computational_application_case,pareto_rank1_top8_selection.csv,high_temperature_resistance_retention_pct,"High temperature resistance retention, expressed as a percentage.",%,number,schema-rule,experiments/computational_application_case/scripts/build_refactored_application_case.py
computational_application_case,pareto_rank1_top8_selection.csv,low_temperature_conductivity_retention_pct,"Low temperature conductivity retention, expressed as a percentage.",%,number,schema-rule,experiments/computational_application_case/scripts/build_refactored_application_case.py
computational_application_case,pareto_rank1_top8_selection.csv,high_temperature_conductivity_retention_pct,"High temperature conductivity retention, expressed as a percentage.",%,number,schema-rule,experiments/computational_application_case/scripts/build_refactored_application_case.py
computational_application_case,pareto_rank1_top8_selection.csv,electrolyte_resistance_ohm_worst,Maximum ideal electrolyte resistance over the evaluated temperatures.,ohm,number,curated-bundle,experiments/computational_application_case/scripts/build_refactored_application_case.py
computational_application_case,pareto_rank1_top8_selection.csv,electrolyte_resistance_worst_temperature_K,Temperature associated with electrolyte resistance worst.,K,number,schema-rule,experiments/computational_application_case/scripts/build_refactored_application_case.py
computational_application_case,pareto_rank1_top8_selection.csv,joule_heating_power_W_worst,Maximum constant-current Joule term over the evaluated temperatures.,W,number,curated-bundle,experiments/computational_application_case/scripts/build_refactored_application_case.py
computational_application_case,pareto_rank1_top8_selection.csv,joule_heating_worst_temperature_K,Temperature associated with joule heating worst.,K,number,schema-rule,experiments/computational_application_case/scripts/build_refactored_application_case.py
computational_application_case,pareto_rank1_top8_selection.csv,steady_state_temperature_rise_K_worst,Maximum conditional steady temperature rise over the evaluated temperatures.,K,number,curated-bundle,experiments/computational_application_case/scripts/build_refactored_application_case.py
computational_application_case,pareto_rank1_top8_selection.csv,steady_state_temperature_rise_worst_temperature_K,Temperature associated with steady state temperature rise worst.,K,number,schema-rule,experiments/computational_application_case/scripts/build_refactored_application_case.py
computational_application_case,pareto_rank1_top8_selection.csv,transient_temperature_rise_K_worst,Maximum conditional 60-s lumped temperature rise over the evaluated temperatures.,K,number,curated-bundle,experiments/computational_application_case/scripts/build_refactored_application_case.py
computational_application_case,pareto_rank1_top8_selection.csv,transient_temperature_rise_worst_temperature_K,Temperature associated with transient temperature rise worst.,K,number,schema-rule,experiments/computational_application_case/scripts/build_refactored_application_case.py
computational_application_case,pareto_rank1_top8_selection.csv,reference_cell_exceedance_index_worst,Largest reference-q75 exceedance index over the evaluated temperatures.,dimensionless,number,curated-bundle,experiments/computational_application_case/scripts/build_refactored_application_case.py
computational_application_case,pareto_rank1_top8_selection.csv,reference_cell_exceedance_band_worst,Most severe reference-population exceedance band over temperature.,not applicable / categorical,string,curated-bundle,experiments/computational_application_case/scripts/build_refactored_application_case.py
computational_application_case,pareto_rank1_top8_selection.csv,reference_cell_exceedance_index_worst_temperature_K,Temperature associated with reference cell exceedance index worst.,K,number,schema-rule,experiments/computational_application_case/scripts/build_refactored_application_case.py
computational_application_case,pareto_rank1_top8_selection.csv,reference_cell_exceedance_component_worst,Component controlling the largest exceedance index.,not applicable / categorical,string,curated-bundle,experiments/computational_application_case/scripts/build_refactored_application_case.py
computational_application_case,pareto_rank1_top8_selection.csv,reference_cell_exceedance_index_at_band_worst,Exceedance-index value at the temperature defining the worst exceedance band.,dimensionless,number,curated-bundle,experiments/computational_application_case/scripts/build_refactored_application_case.py
computational_application_case,pareto_rank1_top8_selection.csv,reference_cell_exceedance_band_worst_temperature_K,Temperature associated with reference cell exceedance band worst.,K,number,schema-rule,experiments/computational_application_case/scripts/build_refactored_application_case.py
computational_application_case,pareto_rank1_top8_selection.csv,reference_cell_exceedance_band_component_worst,Component controlling the most severe exceedance band.,not applicable / categorical,string,curated-bundle,experiments/computational_application_case/scripts/build_refactored_application_case.py
computational_application_case,pareto_rank1_top8_selection.csv,scenario_interpretation,Scope statement for the reference-cell calculation.,not applicable / text,string,curated-bundle,experiments/computational_application_case/scripts/build_refactored_application_case.py
computational_application_case,pareto_rank1_top8_selection.csv,AD_status,Applicability-domain classification.,not applicable / categorical,string,curated-bundle,experiments/computational_application_case/scripts/build_refactored_application_case.py
computational_application_case,pareto_rank1_top8_selection.csv,AD_reason,Reason for the applicability-domain classification.,not applicable / text,string,curated-bundle,experiments/computational_application_case/scripts/build_refactored_application_case.py
computational_application_case,pareto_rank1_top8_selection.csv,descriptor_knn_distance,Nearest-neighbour distance in standardized descriptor space.,dimensionless distance,number,curated-bundle,experiments/computational_application_case/scripts/build_refactored_application_case.py
computational_application_case,pareto_rank1_top8_selection.csv,descriptor_distance_percentile,Reference percentile of the descriptor-space distance.,"fraction in [0,1]",number,curated-bundle,experiments/computational_application_case/scripts/build_refactored_application_case.py
computational_application_case,pareto_rank1_top8_selection.csv,pass_structure,Whether the candidate passes the structure hard gate.,boolean,boolean,schema-rule,experiments/computational_application_case/scripts/build_refactored_application_case.py
computational_application_case,pareto_rank1_top8_selection.csv,pass_inference,Whether the candidate passes the inference hard gate.,boolean,boolean,schema-rule,experiments/computational_application_case/scripts/build_refactored_application_case.py
computational_application_case,pareto_rank1_top8_selection.csv,pass_curve_quality,Whether the candidate passes the curve quality hard gate.,boolean,boolean,schema-rule,experiments/computational_application_case/scripts/build_refactored_application_case.py
computational_application_case,pareto_rank1_top8_selection.csv,pass_AD,Whether the candidate passes the AD hard gate.,boolean,boolean,schema-rule,experiments/computational_application_case/scripts/build_refactored_application_case.py
computational_application_case,pareto_rank1_top8_selection.csv,pass_conductivity,Whether the candidate passes the conductivity hard gate.,boolean,boolean,schema-rule,experiments/computational_application_case/scripts/build_refactored_application_case.py
computational_application_case,pareto_rank1_top8_selection.csv,pass_viscosity,Whether the candidate passes the viscosity hard gate.,boolean,boolean,schema-rule,experiments/computational_application_case/scripts/build_refactored_application_case.py
computational_application_case,pareto_rank1_top8_selection.csv,pass_heat_capacity,Whether the candidate passes the heat capacity hard gate.,boolean,boolean,schema-rule,experiments/computational_application_case/scripts/build_refactored_application_case.py
computational_application_case,pareto_rank1_top8_selection.csv,pass_thermal_diffusivity,Whether the candidate passes the thermal diffusivity hard gate.,boolean,boolean,schema-rule,experiments/computational_application_case/scripts/build_refactored_application_case.py
computational_application_case,pareto_rank1_top8_selection.csv,pass_surface_tension_reference_envelope,Whether the candidate passes the surface tension reference envelope hard gate.,boolean,boolean,schema-rule,experiments/computational_application_case/scripts/build_refactored_application_case.py
computational_application_case,pareto_rank1_top8_selection.csv,final_feasible,Whether all hard constraints are satisfied.,boolean,boolean,curated-bundle,experiments/computational_application_case/scripts/build_refactored_application_case.py
computational_application_case,pareto_rank1_top8_selection.csv,failure_reasons,Semicolon-delimited hard-screening failure reasons.,not applicable / text,empty,curated-bundle,experiments/computational_application_case/scripts/build_refactored_application_case.py
computational_application_case,pareto_rank1_top8_selection.csv,Pareto_rank,Non-dominated Pareto rank under the four prespecified objectives.,ordinal index,integer,curated-bundle,experiments/computational_application_case/scripts/build_refactored_application_case.py
computational_application_case,pareto_rank1_top8_selection.csv,domination_count,Number of candidates dominating this candidate.,count,integer,curated-bundle,experiments/computational_application_case/scripts/build_refactored_application_case.py
computational_application_case,pareto_rank1_top8_selection.csv,dominated_set_size,Number of candidates dominated by this candidate.,count,integer,curated-bundle,experiments/computational_application_case/scripts/build_refactored_application_case.py
computational_application_case,pareto_rank1_top8_selection.csv,utopia_distance,Euclidean distance to the robust-normalized four-objective ideal point.,dimensionless,number,curated-bundle,experiments/computational_application_case/scripts/build_refactored_application_case.py
computational_application_case,pareto_rank1_top8_selection.csv,utopia_rank_one_order,Order of Pareto-rank-1 candidates by utopia distance and tie-breaker.,ordinal index,integer,curated-bundle,experiments/computational_application_case/scripts/build_refactored_application_case.py
computational_application_case,pareto_rank1_top8_selection.csv,utopia_normalized_conductivity_worst,Robust-normalized objective value for conductivity worst.,dimensionless,number,schema-rule,experiments/computational_application_case/scripts/build_refactored_application_case.py
computational_application_case,pareto_rank1_top8_selection.csv,utopia_normalized_volumetric_heat_capacity_worst,Robust-normalized objective value for volumetric heat capacity worst.,dimensionless,number,schema-rule,experiments/computational_application_case/scripts/build_refactored_application_case.py
computational_application_case,pareto_rank1_top8_selection.csv,utopia_normalized_thermal_diffusivity_worst,Robust-normalized objective value for thermal diffusivity worst.,dimensionless,number,schema-rule,experiments/computational_application_case/scripts/build_refactored_application_case.py
computational_application_case,pareto_rank1_top8_selection.csv,utopia_normalized_viscosity_worst,Robust-normalized objective value for viscosity worst.,dimensionless,number,schema-rule,experiments/computational_application_case/scripts/build_refactored_application_case.py
computational_application_case,pareto_rank1_top8_selection.csv,recommendation_class,Candidate qualification recommendation class.,not applicable / categorical,string,curated-bundle,experiments/computational_application_case/scripts/build_refactored_application_case.py
computational_application_case,pareto_rank1_top8_selection.csv,main_advantage,Primary predicted advantage motivating qualification.,not applicable / text,string,curated-bundle,experiments/computational_application_case/scripts/build_refactored_application_case.py
computational_application_case,pareto_rank1_top8_selection.csv,main_limitation,Primary predicted limitation requiring qualification.,not applicable / text,string,curated-bundle,experiments/computational_application_case/scripts/build_refactored_application_case.py
computational_application_case,pareto_rank1_top8_selection.csv,downstream_priority,Downstream qualification-priority label.,not applicable / categorical,string,curated-bundle,experiments/computational_application_case/scripts/build_refactored_application_case.py
computational_application_case,pareto_rank1_top8_selection.csv,uncertainty_status,Decision-stability qualification attached to the candidate.,not applicable / categorical,string,curated-bundle,experiments/computational_application_case/scripts/build_refactored_application_case.py
computational_application_case,pareto_rank1_top8_selection.csv,formal_shortlist_selected,Whether the candidate enters the deterministic formal Top-8.,boolean,boolean,curated-bundle,experiments/computational_application_case/scripts/build_refactored_application_case.py
computational_application_case,pareto_rank1_top8_selection.csv,formal_shortlist_order,Deterministic order within the formal Top-8.,ordinal index,integer,curated-bundle,experiments/computational_application_case/scripts/build_refactored_application_case.py
computational_application_case,pareto_rank1_top8_selection.csv,formal_shortlist_rule,Rule used to select the formal shortlist.,not applicable / text,string,curated-bundle,experiments/computational_application_case/scripts/build_refactored_application_case.py
computational_application_case,qualification_role_selection_audit.csv,qualification_role,Deterministically defined downstream qualification role.,not applicable / categorical,string,curated-bundle,experiments/computational_application_case/scripts/build_refactored_application_case.py
computational_application_case,qualification_role_selection_audit.csv,candidate_id,Stable identifier assigned to a candidate ion pair.,not applicable / identifier,string,curated-bundle,experiments/computational_application_case/scripts/build_refactored_application_case.py
computational_application_case,qualification_role_selection_audit.csv,eligible,Whether the record satisfies the stated eligibility rule.,boolean,boolean,curated-common,experiments/computational_application_case/scripts/build_refactored_application_case.py
computational_application_case,qualification_role_selection_audit.csv,criterion,Name of the evaluated decision criterion.,not applicable / categorical,string,curated-common,experiments/computational_application_case/scripts/build_refactored_application_case.py
computational_application_case,qualification_role_selection_audit.csv,criterion_value,Numeric value of the evaluated decision criterion.,criterion-dependent,number,curated-common,experiments/computational_application_case/scripts/build_refactored_application_case.py
computational_application_case,qualification_role_selection_audit.csv,selected,Whether the record is selected by the stated rule.,boolean,boolean,curated-common,experiments/computational_application_case/scripts/build_refactored_application_case.py
computational_application_case,qualification_role_selection_audit.csv,deterministic_tie_breaker,Canonical deterministic tie-break value.,not applicable / identifier,string,curated-bundle,experiments/computational_application_case/scripts/build_refactored_application_case.py
computational_application_case,reference_bootstrap_candidate_selection.csv,candidate_id,Stable identifier assigned to a candidate ion pair.,not applicable / identifier,string,curated-bundle,experiments/computational_application_case/scripts/build_refactored_application_case.py
computational_application_case,reference_bootstrap_candidate_selection.csv,canonical_il_key,Canonical cation-anion identity key.,not applicable / identifier,string,curated-bundle,experiments/computational_application_case/scripts/build_refactored_application_case.py
computational_application_case,reference_bootstrap_candidate_selection.csv,nominal_pareto_rank_1,Whether the candidate is Pareto rank 1 under nominal thresholds.,boolean,boolean,curated-bundle,experiments/computational_application_case/scripts/build_refactored_application_case.py
computational_application_case,reference_bootstrap_candidate_selection.csv,nominal_formal_shortlist,Whether the candidate belongs to the nominal formal shortlist.,boolean,boolean,curated-bundle,experiments/computational_application_case/scripts/build_refactored_application_case.py
computational_application_case,reference_bootstrap_candidate_selection.csv,hard_feasible_frequency,Fraction of resamples in which all hard constraints pass.,"fraction in [0,1]",number,curated-bundle,experiments/computational_application_case/scripts/build_refactored_application_case.py
computational_application_case,reference_bootstrap_candidate_selection.csv,pareto_rank_1_frequency,Fraction of resamples in which the candidate is Pareto rank 1.,"fraction in [0,1]",number,curated-bundle,experiments/computational_application_case/scripts/build_refactored_application_case.py
computational_application_case,reference_bootstrap_candidate_selection.csv,selection_frequency,Fraction of resamples in which the candidate enters the Top-8.,"fraction in [0,1]",number,curated-bundle,experiments/computational_application_case/scripts/build_refactored_application_case.py
computational_application_case,reference_bootstrap_iterations.csv,bootstrap_iteration,Bootstrap replicate index.,index,integer,curated-bundle,experiments/computational_application_case/scripts/build_refactored_application_case.py
computational_application_case,reference_bootstrap_iterations.csv,hard_feasible_count,Number of hard feasible.,count,integer,schema-rule,experiments/computational_application_case/scripts/build_refactored_application_case.py
computational_application_case,reference_bootstrap_iterations.csv,pareto_rank_1_count,Number of pareto rank 1.,count,integer,schema-rule,experiments/computational_application_case/scripts/build_refactored_application_case.py
computational_application_case,reference_bootstrap_iterations.csv,formal_shortlist_count,Number of formal shortlist.,count,integer,schema-rule,experiments/computational_application_case/scripts/build_refactored_application_case.py
computational_application_case,reference_bootstrap_iterations.csv,top8_jaccard_to_nominal,Jaccard similarity between the resampled and nominal Top-8.,"fraction in [0,1]",number,curated-bundle,experiments/computational_application_case/scripts/build_refactored_application_case.py
computational_application_case,reference_bootstrap_iterations.csv,formal_shortlist_ids,Delimited candidate identifiers in the formal shortlist.,not applicable / identifiers,string,curated-bundle,experiments/computational_application_case/scripts/build_refactored_application_case.py
computational_application_case,reference_bootstrap_iterations.csv,conductivity_min,Minimum reference value of electrical conductivity.,S m^-1,number,schema-rule,experiments/computational_application_case/scripts/build_refactored_application_case.py
computational_application_case,reference_bootstrap_iterations.csv,viscosity_max,Maximum allowed value of dynamic viscosity.,Pa s,number,schema-rule,experiments/computational_application_case/scripts/build_refactored_application_case.py
computational_application_case,reference_bootstrap_iterations.csv,volumetric_heat_capacity_min,Minimum reference value of volumetric heat capacity.,J m^-3 K^-1,number,schema-rule,experiments/computational_application_case/scripts/build_refactored_application_case.py
computational_application_case,reference_bootstrap_iterations.csv,thermal_diffusivity_min,Minimum reference value of thermal diffusivity.,m^2 s^-1,number,schema-rule,experiments/computational_application_case/scripts/build_refactored_application_case.py
computational_application_case,reference_cell_candidate_summary.csv,candidate_id,Stable identifier assigned to a candidate ion pair.,not applicable / identifier,string,curated-bundle,experiments/computational_application_case/scripts/build_refactored_application_case.py
computational_application_case,reference_cell_candidate_summary.csv,candidate_type,Observed-reference or unseen-recombination candidate class.,not applicable / categorical,string,curated-bundle,experiments/computational_application_case/scripts/build_refactored_application_case.py
computational_application_case,reference_cell_candidate_summary.csv,temperature_point_count,Number of evaluated temperature points.,count,integer,curated-bundle,experiments/computational_application_case/scripts/build_refactored_application_case.py
computational_application_case,reference_cell_candidate_summary.csv,low_temperature_K,Lower extended stress-test endpoint.,K,number,curated-bundle,experiments/computational_application_case/scripts/build_refactored_application_case.py
computational_application_case,reference_cell_candidate_summary.csv,reference_temperature_K,Reference temperature used for ratios.,K,number,curated-bundle,experiments/computational_application_case/scripts/build_refactored_application_case.py
computational_application_case,reference_cell_candidate_summary.csv,high_temperature_K,Upper extended stress-test endpoint.,K,number,curated-bundle,experiments/computational_application_case/scripts/build_refactored_application_case.py
computational_application_case,reference_cell_candidate_summary.csv,electrolyte_resistance_ohm_at_low_temperature,Ideal electrolyte resistance at the lower stress-test endpoint.,ohm,number,curated-bundle,experiments/computational_application_case/scripts/build_refactored_application_case.py
computational_application_case,reference_cell_candidate_summary.csv,electrolyte_resistance_ohm_at_reference_temperature,Ideal electrolyte resistance at the reference temperature.,ohm,number,curated-bundle,experiments/computational_application_case/scripts/build_refactored_application_case.py
computational_application_case,reference_cell_candidate_summary.csv,electrolyte_resistance_ohm_at_high_temperature,Ideal electrolyte resistance at the upper stress-test endpoint.,ohm,number,curated-bundle,experiments/computational_application_case/scripts/build_refactored_application_case.py
computational_application_case,reference_cell_candidate_summary.csv,low_temperature_resistance_ratio_to_reference,Dimensionless low temperature resistance ratio to reference.,dimensionless,number,schema-rule,experiments/computational_application_case/scripts/build_refactored_application_case.py
computational_application_case,reference_cell_candidate_summary.csv,high_temperature_resistance_ratio_to_reference,Dimensionless high temperature resistance ratio to reference.,dimensionless,number,schema-rule,experiments/computational_application_case/scripts/build_refactored_application_case.py
computational_application_case,reference_cell_candidate_summary.csv,high_to_low_temperature_resistance_ratio,Dimensionless high to low temperature resistance ratio.,dimensionless,number,schema-rule,experiments/computational_application_case/scripts/build_refactored_application_case.py
computational_application_case,reference_cell_candidate_summary.csv,low_temperature_resistance_retention_pct,"Low temperature resistance retention, expressed as a percentage.",%,number,schema-rule,experiments/computational_application_case/scripts/build_refactored_application_case.py
computational_application_case,reference_cell_candidate_summary.csv,high_temperature_resistance_retention_pct,"High temperature resistance retention, expressed as a percentage.",%,number,schema-rule,experiments/computational_application_case/scripts/build_refactored_application_case.py
computational_application_case,reference_cell_candidate_summary.csv,low_temperature_conductivity_retention_pct,"Low temperature conductivity retention, expressed as a percentage.",%,number,schema-rule,experiments/computational_application_case/scripts/build_refactored_application_case.py
computational_application_case,reference_cell_candidate_summary.csv,high_temperature_conductivity_retention_pct,"High temperature conductivity retention, expressed as a percentage.",%,number,schema-rule,experiments/computational_application_case/scripts/build_refactored_application_case.py
computational_application_case,reference_cell_candidate_summary.csv,electrolyte_resistance_ohm_worst,Maximum ideal electrolyte resistance over the evaluated temperatures.,ohm,number,curated-bundle,experiments/computational_application_case/scripts/build_refactored_application_case.py
computational_application_case,reference_cell_candidate_summary.csv,electrolyte_resistance_worst_temperature_K,Temperature associated with electrolyte resistance worst.,K,number,schema-rule,experiments/computational_application_case/scripts/build_refactored_application_case.py
computational_application_case,reference_cell_candidate_summary.csv,joule_heating_power_W_worst,Maximum constant-current Joule term over the evaluated temperatures.,W,number,curated-bundle,experiments/computational_application_case/scripts/build_refactored_application_case.py
computational_application_case,reference_cell_candidate_summary.csv,joule_heating_worst_temperature_K,Temperature associated with joule heating worst.,K,number,schema-rule,experiments/computational_application_case/scripts/build_refactored_application_case.py
computational_application_case,reference_cell_candidate_summary.csv,steady_state_temperature_rise_K_worst,Maximum conditional steady temperature rise over the evaluated temperatures.,K,number,curated-bundle,experiments/computational_application_case/scripts/build_refactored_application_case.py
computational_application_case,reference_cell_candidate_summary.csv,steady_state_temperature_rise_worst_temperature_K,Temperature associated with steady state temperature rise worst.,K,number,schema-rule,experiments/computational_application_case/scripts/build_refactored_application_case.py
computational_application_case,reference_cell_candidate_summary.csv,transient_temperature_rise_K_worst,Maximum conditional 60-s lumped temperature rise over the evaluated temperatures.,K,number,curated-bundle,experiments/computational_application_case/scripts/build_refactored_application_case.py
computational_application_case,reference_cell_candidate_summary.csv,transient_temperature_rise_worst_temperature_K,Temperature associated with transient temperature rise worst.,K,number,schema-rule,experiments/computational_application_case/scripts/build_refactored_application_case.py
computational_application_case,reference_cell_candidate_summary.csv,reference_cell_exceedance_index_worst,Largest reference-q75 exceedance index over the evaluated temperatures.,dimensionless,number,curated-bundle,experiments/computational_application_case/scripts/build_refactored_application_case.py
computational_application_case,reference_cell_candidate_summary.csv,reference_cell_exceedance_band_worst,Most severe reference-population exceedance band over temperature.,not applicable / categorical,string,curated-bundle,experiments/computational_application_case/scripts/build_refactored_application_case.py
computational_application_case,reference_cell_candidate_summary.csv,reference_cell_exceedance_index_worst_temperature_K,Temperature associated with reference cell exceedance index worst.,K,number,schema-rule,experiments/computational_application_case/scripts/build_refactored_application_case.py
computational_application_case,reference_cell_candidate_summary.csv,reference_cell_exceedance_component_worst,Component controlling the largest exceedance index.,not applicable / categorical,string,curated-bundle,experiments/computational_application_case/scripts/build_refactored_application_case.py
computational_application_case,reference_cell_candidate_summary.csv,reference_cell_exceedance_index_at_band_worst,Exceedance-index value at the temperature defining the worst exceedance band.,dimensionless,number,curated-bundle,experiments/computational_application_case/scripts/build_refactored_application_case.py
computational_application_case,reference_cell_candidate_summary.csv,reference_cell_exceedance_band_worst_temperature_K,Temperature associated with reference cell exceedance band worst.,K,number,schema-rule,experiments/computational_application_case/scripts/build_refactored_application_case.py
computational_application_case,reference_cell_candidate_summary.csv,reference_cell_exceedance_band_component_worst,Component controlling the most severe exceedance band.,not applicable / categorical,string,curated-bundle,experiments/computational_application_case/scripts/build_refactored_application_case.py
computational_application_case,reference_cell_candidate_summary.csv,scenario_interpretation,Scope statement for the reference-cell calculation.,not applicable / text,string,curated-bundle,experiments/computational_application_case/scripts/build_refactored_application_case.py
computational_application_case,reference_cell_metrics_temperature.csv,IL_Name,Reported ionic-liquid name.,not applicable / text,string,curated-bundle,experiments/computational_application_case/scripts/build_refactored_application_case.py
computational_application_case,reference_cell_metrics_temperature.csv,anion_charge,Formal charge of the anion component.,elementary-charge units,integer,curated-bundle,experiments/computational_application_case/scripts/build_refactored_application_case.py
computational_application_case,reference_cell_metrics_temperature.csv,anion_family,Curated anion-family label.,not applicable / categorical,string,curated-bundle,experiments/computational_application_case/scripts/build_refactored_application_case.py
computational_application_case,reference_cell_metrics_temperature.csv,anion_identity_key,Standard-InChIKey identity of the anion.,not applicable / identifier,string,curated-bundle,experiments/computational_application_case/scripts/build_refactored_application_case.py
computational_application_case,reference_cell_metrics_temperature.csv,anion_smiles,Input anion SMILES.,not applicable / molecular string,string,curated-bundle,experiments/computational_application_case/scripts/build_refactored_application_case.py
computational_application_case,reference_cell_metrics_temperature.csv,anion_support_count,Number of primary-training records supporting the anion identity.,count,integer,curated-bundle,experiments/computational_application_case/scripts/build_refactored_application_case.py
computational_application_case,reference_cell_metrics_temperature.csv,candidate_id,Stable identifier assigned to a candidate ion pair.,not applicable / identifier,string,curated-bundle,experiments/computational_application_case/scripts/build_refactored_application_case.py
computational_application_case,reference_cell_metrics_temperature.csv,candidate_type,Observed-reference or unseen-recombination candidate class.,not applicable / categorical,string,curated-bundle,experiments/computational_application_case/scripts/build_refactored_application_case.py
computational_application_case,reference_cell_metrics_temperature.csv,canonical_anion_smiles,Canonicalized anion SMILES.,not applicable / molecular string,string,curated-bundle,experiments/computational_application_case/scripts/build_refactored_application_case.py
computational_application_case,reference_cell_metrics_temperature.csv,canonical_cation_smiles,Canonicalized cation SMILES.,not applicable / molecular string,string,curated-bundle,experiments/computational_application_case/scripts/build_refactored_application_case.py
computational_application_case,reference_cell_metrics_temperature.csv,canonical_il_key,Canonical cation-anion identity key.,not applicable / identifier,string,curated-bundle,experiments/computational_application_case/scripts/build_refactored_application_case.py
computational_application_case,reference_cell_metrics_temperature.csv,cation_charge,Formal charge of the cation component.,elementary-charge units,integer,curated-bundle,experiments/computational_application_case/scripts/build_refactored_application_case.py
computational_application_case,reference_cell_metrics_temperature.csv,cation_family,Curated cation-family label.,not applicable / categorical,string,curated-bundle,experiments/computational_application_case/scripts/build_refactored_application_case.py
computational_application_case,reference_cell_metrics_temperature.csv,cation_identity_key,Standard-InChIKey identity of the cation.,not applicable / identifier,string,curated-bundle,experiments/computational_application_case/scripts/build_refactored_application_case.py
computational_application_case,reference_cell_metrics_temperature.csv,cation_smiles,Input cation SMILES.,not applicable / molecular string,string,curated-bundle,experiments/computational_application_case/scripts/build_refactored_application_case.py
computational_application_case,reference_cell_metrics_temperature.csv,cation_support_count,Number of primary-training records supporting the cation identity.,count,integer,curated-bundle,experiments/computational_application_case/scripts/build_refactored_application_case.py
computational_application_case,reference_cell_metrics_temperature.csv,combined_ion_support,Sum of cation and anion support counts.,count,integer,curated-bundle,experiments/computational_application_case/scripts/build_refactored_application_case.py
computational_application_case,reference_cell_metrics_temperature.csv,generation_status,Outcome of candidate construction and charge validation.,not applicable / categorical,string,curated-bundle,experiments/computational_application_case/scripts/build_refactored_application_case.py
computational_application_case,reference_cell_metrics_temperature.csv,il_smiles,Combined ion-pair SMILES.,not applicable / molecular string,string,curated-bundle,experiments/computational_application_case/scripts/build_refactored_application_case.py
computational_application_case,reference_cell_metrics_temperature.csv,minimum_ion_support,Smaller of the cation and anion support counts.,count,number,curated-bundle,experiments/computational_application_case/scripts/build_refactored_application_case.py
computational_application_case,reference_cell_metrics_temperature.csv,pair_seen_in_benchmark,Whether the audited ion-pair identity occurs in the benchmark.,boolean,boolean,curated-bundle,experiments/computational_application_case/scripts/build_refactored_application_case.py
computational_application_case,reference_cell_metrics_temperature.csv,pair_seen_in_training,Whether the audited ion-pair identity occurs in the training split.,boolean,boolean,curated-bundle,experiments/computational_application_case/scripts/build_refactored_application_case.py
computational_application_case,reference_cell_metrics_temperature.csv,row_position,One-based display position of the record.,ordinal index,number,curated-common,experiments/computational_application_case/scripts/build_refactored_application_case.py
computational_application_case,reference_cell_metrics_temperature.csv,source_il_smiles,Ion-pair SMILES in the source reference record.,not applicable / molecular string,string,curated-bundle,experiments/computational_application_case/scripts/build_refactored_application_case.py
computational_application_case,reference_cell_metrics_temperature.csv,warnings,Semicolon-delimited warnings produced by the workflow.,not applicable / text,string,curated-common,experiments/computational_application_case/scripts/build_refactored_application_case.py
computational_application_case,reference_cell_metrics_temperature.csv,model_il_smiles,Ion-pair SMILES supplied to the prediction model.,not applicable / molecular string,string,curated-bundle,experiments/computational_application_case/scripts/build_refactored_application_case.py
computational_application_case,reference_cell_metrics_temperature.csv,temperature_K,Evaluation temperature.,K,number,curated-bundle,experiments/computational_application_case/scripts/build_refactored_application_case.py
computational_application_case,reference_cell_metrics_temperature.csv,pressure_kPa,Pressure associated with the predicted condition.,kPa,number,curated-bundle,experiments/computational_application_case/scripts/build_refactored_application_case.py
computational_application_case,reference_cell_metrics_temperature.csv,checkpoint_name,Model checkpoint label.,not applicable / identifier,string,curated-bundle,experiments/computational_application_case/scripts/build_refactored_application_case.py
computational_application_case,reference_cell_metrics_temperature.csv,inference_status,Candidate-inference completion status.,not applicable / categorical,string,curated-bundle,experiments/computational_application_case/scripts/build_refactored_application_case.py
computational_application_case,reference_cell_metrics_temperature.csv,temperature_domain_flag,Primary-window or extended-endpoint designation.,not applicable / categorical,string,curated-bundle,experiments/computational_application_case/scripts/build_refactored_application_case.py
computational_application_case,reference_cell_metrics_temperature.csv,Density,Model-predicted density.,kg m^-3,number,curated-bundle,experiments/computational_application_case/scripts/build_refactored_application_case.py
computational_application_case,reference_cell_metrics_temperature.csv,ElectricalConductivity,Model-predicted electrical conductivity.,S m^-1,number,curated-bundle,experiments/computational_application_case/scripts/build_refactored_application_case.py
computational_application_case,reference_cell_metrics_temperature.csv,HeatCapacity,Model-predicted molar heat capacity.,J K^-1 mol^-1,number,curated-bundle,experiments/computational_application_case/scripts/build_refactored_application_case.py
computational_application_case,reference_cell_metrics_temperature.csv,SurfaceTension,Model-predicted surface tension.,N m^-1,number,curated-bundle,experiments/computational_application_case/scripts/build_refactored_application_case.py
computational_application_case,reference_cell_metrics_temperature.csv,ThermalConductivity,Model-predicted thermal conductivity.,W m^-1 K^-1,number,curated-bundle,experiments/computational_application_case/scripts/build_refactored_application_case.py
computational_application_case,reference_cell_metrics_temperature.csv,Viscosity,Model-predicted dynamic viscosity.,Pa s,number,curated-bundle,experiments/computational_application_case/scripts/build_refactored_application_case.py
computational_application_case,reference_cell_metrics_temperature.csv,analysis_window,Temperature-window designation for the record.,not applicable / categorical,string,curated-bundle,experiments/computational_application_case/scripts/build_refactored_application_case.py
computational_application_case,reference_cell_metrics_temperature.csv,molar_mass_kg_per_mol,RDKit-derived molar mass of the ion pair.,kg mol^-1,number,curated-bundle,experiments/computational_application_case/scripts/build_refactored_application_case.py
computational_application_case,reference_cell_metrics_temperature.csv,cp_mass_J_kg-1_K-1,Mass-specific heat capacity converted from molar heat capacity.,J kg^-1 K^-1,number,curated-bundle,experiments/computational_application_case/scripts/build_refactored_application_case.py
computational_application_case,reference_cell_metrics_temperature.csv,volumetric_heat_capacity,Density multiplied by mass-specific heat capacity.,J m^-3 K^-1,number,curated-bundle,experiments/computational_application_case/scripts/build_refactored_application_case.py
computational_application_case,reference_cell_metrics_temperature.csv,thermal_diffusivity,Thermal conductivity divided by volumetric heat capacity.,m^2 s^-1,number,curated-bundle,experiments/computational_application_case/scripts/build_refactored_application_case.py
computational_application_case,reference_cell_metrics_temperature.csv,simplified_thermal_diffusion_timescale,Configured squared length divided by thermal diffusivity.,s,number,curated-bundle,experiments/computational_application_case/scripts/build_refactored_application_case.py
computational_application_case,reference_cell_metrics_temperature.csv,electrolyte_mass_kg,Electrolyte mass in the standardized scenario.,kg,number,curated-bundle,experiments/computational_application_case/scripts/build_refactored_application_case.py
computational_application_case,reference_cell_metrics_temperature.csv,thermal_effusivity,Square root of thermal conductivity times volumetric heat capacity.,J m^-2 K^-1 s^-1/2,number,curated-bundle,experiments/computational_application_case/scripts/build_refactored_application_case.py
computational_application_case,reference_cell_metrics_temperature.csv,z_conductivity,Reference-median/IQR standardized log10 conductivity.,dimensionless standardized score,number,curated-bundle,experiments/computational_application_case/scripts/build_refactored_application_case.py
computational_application_case,reference_cell_metrics_temperature.csv,z_viscosity,Reference-median/IQR standardized log10 viscosity.,dimensionless standardized score,number,curated-bundle,experiments/computational_application_case/scripts/build_refactored_application_case.py
computational_application_case,reference_cell_metrics_temperature.csv,transport_favorability,Transport proxy z_conductivity minus z_viscosity.,dimensionless standardized score,number,curated-bundle,experiments/computational_application_case/scripts/build_refactored_application_case.py
computational_application_case,reference_cell_metrics_temperature.csv,surface_tension_reference_envelope_deviation,Distance outside the temperature-matched reference surface-tension envelope.,reference-IQR units,number,curated-bundle,experiments/computational_application_case/scripts/build_refactored_application_case.py
computational_application_case,reference_cell_metrics_temperature.csv,proxy_warnings,Semicolon-delimited proxy-calculation warnings.,not applicable / text,empty,curated-bundle,experiments/computational_application_case/scripts/build_refactored_application_case.py
computational_application_case,reference_cell_metrics_temperature.csv,scenario_electrode_area_m2,Electrode area fixed by the reference-cell scenario.,m^2,number,curated-bundle,experiments/computational_application_case/scripts/build_refactored_application_case.py
computational_application_case,reference_cell_metrics_temperature.csv,scenario_separator_thickness_m,Separator thickness fixed by the reference-cell scenario.,m,number,curated-bundle,experiments/computational_application_case/scripts/build_refactored_application_case.py
computational_application_case,reference_cell_metrics_temperature.csv,scenario_electrolyte_volume_m3,Electrolyte volume fixed by the reference-cell scenario.,m^3,number,curated-bundle,experiments/computational_application_case/scripts/build_refactored_application_case.py
computational_application_case,reference_cell_metrics_temperature.csv,scenario_heat_transfer_area_m2,Exposed heat-transfer area fixed by the scenario.,m^2,number,curated-bundle,experiments/computational_application_case/scripts/build_refactored_application_case.py
computational_application_case,reference_cell_metrics_temperature.csv,electrolyte_resistance_ohm,Ideal separator-path electrolyte resistance.,ohm,number,curated-bundle,experiments/computational_application_case/scripts/build_refactored_application_case.py
computational_application_case,reference_cell_metrics_temperature.csv,joule_heating_power_W,Constant-current Joule term I^2 R.,W,number,curated-bundle,experiments/computational_application_case/scripts/build_refactored_application_case.py
computational_application_case,reference_cell_metrics_temperature.csv,internal_thermal_conduction_resistance_K_per_W,Separator-path conduction component of thermal resistance.,K W^-1,number,curated-bundle,experiments/computational_application_case/scripts/build_refactored_application_case.py
computational_application_case,reference_cell_metrics_temperature.csv,convective_thermal_resistance_K_per_W,Convective component of thermal resistance.,K W^-1,number,curated-bundle,experiments/computational_application_case/scripts/build_refactored_application_case.py
computational_application_case,reference_cell_metrics_temperature.csv,thermal_resistance_K_per_W,Series conduction-plus-convection thermal resistance.,K W^-1,number,curated-bundle,experiments/computational_application_case/scripts/build_refactored_application_case.py
computational_application_case,reference_cell_metrics_temperature.csv,thermal_resistance_conduction_fraction,Fraction of total thermal resistance from internal conduction.,"fraction in [0,1]",number,curated-bundle,experiments/computational_application_case/scripts/build_refactored_application_case.py
computational_application_case,reference_cell_metrics_temperature.csv,thermal_resistance_convection_fraction,Fraction of total thermal resistance from convection.,"fraction in [0,1]",number,curated-bundle,experiments/computational_application_case/scripts/build_refactored_application_case.py
computational_application_case,reference_cell_metrics_temperature.csv,electrolyte_thermal_capacitance_J_per_K,Lumped electrolyte thermal capacitance.,J K^-1,number,curated-bundle,experiments/computational_application_case/scripts/build_refactored_application_case.py
computational_application_case,reference_cell_metrics_temperature.csv,lumped_thermal_time_constant_s,Lumped thermal resistance-capacitance time constant.,s,number,curated-bundle,experiments/computational_application_case/scripts/build_refactored_application_case.py
computational_application_case,reference_cell_metrics_temperature.csv,steady_state_temperature_rise_K,Conditional steady temperature rise under the reference scenario.,K,number,curated-bundle,experiments/computational_application_case/scripts/build_refactored_application_case.py
computational_application_case,reference_cell_metrics_temperature.csv,transient_temperature_rise_K,Conditional 60-s lumped temperature rise.,K,number,curated-bundle,experiments/computational_application_case/scripts/build_refactored_application_case.py
computational_application_case,reference_cell_metrics_temperature.csv,initial_adiabatic_temperature_rise_rate_K_per_s,Initial adiabatic temperature-rise rate from the Joule term.,K s^-1,number,curated-bundle,experiments/computational_application_case/scripts/build_refactored_application_case.py
computational_application_case,reference_cell_metrics_temperature.csv,reference_temperature_resistance_ohm,Electrolyte resistance at the reference temperature.,ohm,number,curated-bundle,experiments/computational_application_case/scripts/build_refactored_application_case.py
computational_application_case,reference_cell_metrics_temperature.csv,relative_electrolyte_resistance,Electrolyte resistance divided by its reference-temperature value.,dimensionless,number,curated-bundle,experiments/computational_application_case/scripts/build_refactored_application_case.py
computational_application_case,reference_cell_metrics_temperature.csv,reference_electrolyte_resistance_ohm_q75,Temperature-matched observed-reference 75th percentile resistance.,ohm,number,curated-bundle,experiments/computational_application_case/scripts/build_refactored_application_case.py
computational_application_case,reference_cell_metrics_temperature.csv,reference_electrolyte_resistance_ohm_q95,Temperature-matched observed-reference 95th percentile resistance.,ohm,number,curated-bundle,experiments/computational_application_case/scripts/build_refactored_application_case.py
computational_application_case,reference_cell_metrics_temperature.csv,reference_transient_temperature_rise_K_q75,Temperature-matched observed-reference 75th percentile 60-s rise.,K,number,curated-bundle,experiments/computational_application_case/scripts/build_refactored_application_case.py
computational_application_case,reference_cell_metrics_temperature.csv,reference_transient_temperature_rise_K_q95,Temperature-matched observed-reference 95th percentile 60-s rise.,K,number,curated-bundle,experiments/computational_application_case/scripts/build_refactored_application_case.py
computational_application_case,reference_cell_metrics_temperature.csv,electrical_exceedance_ratio_to_reference_q75,Resistance divided by the temperature-matched reference 75th percentile.,dimensionless,number,curated-bundle,experiments/computational_application_case/scripts/build_refactored_application_case.py
computational_application_case,reference_cell_metrics_temperature.csv,thermal_exceedance_ratio_to_reference_q75,60-s rise divided by the temperature-matched reference 75th percentile.,dimensionless,number,curated-bundle,experiments/computational_application_case/scripts/build_refactored_application_case.py
computational_application_case,reference_cell_metrics_temperature.csv,reference_cell_exceedance_index,Maximum of the electrical and thermal reference-q75 exceedance ratios.,dimensionless,number,curated-bundle,experiments/computational_application_case/scripts/build_refactored_application_case.py
computational_application_case,reference_cell_metrics_temperature.csv,reference_cell_exceedance_band,Reference-population exceedance band.,not applicable / categorical,string,curated-bundle,experiments/computational_application_case/scripts/build_refactored_application_case.py
computational_application_case,reference_cell_metrics_temperature.csv,reference_cell_exceedance_component,Component controlling the exceedance index.,not applicable / categorical,string,curated-bundle,experiments/computational_application_case/scripts/build_refactored_application_case.py
computational_application_case,reference_cell_metrics_temperature.csv,scenario_interpretation,Scope statement for the reference-cell calculation.,not applicable / text,string,curated-bundle,experiments/computational_application_case/scripts/build_refactored_application_case.py
computational_application_case,standard_inchikey_identity_audit_608.csv,candidate_id,Stable identifier assigned to a candidate ion pair.,not applicable / identifier,string,curated-bundle,experiments/computational_application_case/scripts/build_refactored_application_case.py
computational_application_case,standard_inchikey_identity_audit_608.csv,cation_smiles,Input cation SMILES.,not applicable / molecular string,string,curated-bundle,experiments/computational_application_case/scripts/build_refactored_application_case.py
computational_application_case,standard_inchikey_identity_audit_608.csv,anion_smiles,Input anion SMILES.,not applicable / molecular string,string,curated-bundle,experiments/computational_application_case/scripts/build_refactored_application_case.py
computational_application_case,standard_inchikey_identity_audit_608.csv,canonical_cation_smiles,Canonicalized cation SMILES.,not applicable / molecular string,string,curated-bundle,experiments/computational_application_case/scripts/build_refactored_application_case.py
computational_application_case,standard_inchikey_identity_audit_608.csv,canonical_anion_smiles,Canonicalized anion SMILES.,not applicable / molecular string,string,curated-bundle,experiments/computational_application_case/scripts/build_refactored_application_case.py
computational_application_case,standard_inchikey_identity_audit_608.csv,cation_identity_key,Standard-InChIKey identity of the cation.,not applicable / identifier,string,curated-bundle,experiments/computational_application_case/scripts/build_refactored_application_case.py
computational_application_case,standard_inchikey_identity_audit_608.csv,anion_identity_key,Standard-InChIKey identity of the anion.,not applicable / identifier,string,curated-bundle,experiments/computational_application_case/scripts/build_refactored_application_case.py
computational_application_case,standard_inchikey_identity_audit_608.csv,canonical_il_key,Canonical cation-anion identity key.,not applicable / identifier,string,curated-bundle,experiments/computational_application_case/scripts/build_refactored_application_case.py
computational_application_case,standard_inchikey_identity_audit_608.csv,cation_charge,Formal charge of the cation component.,elementary-charge units,integer,curated-bundle,experiments/computational_application_case/scripts/build_refactored_application_case.py
computational_application_case,standard_inchikey_identity_audit_608.csv,anion_charge,Formal charge of the anion component.,elementary-charge units,integer,curated-bundle,experiments/computational_application_case/scripts/build_refactored_application_case.py
computational_application_case,standard_inchikey_identity_audit_608.csv,cation_support_count,Number of primary-training records supporting the cation identity.,count,integer,curated-bundle,experiments/computational_application_case/scripts/build_refactored_application_case.py
computational_application_case,standard_inchikey_identity_audit_608.csv,anion_support_count,Number of primary-training records supporting the anion identity.,count,integer,curated-bundle,experiments/computational_application_case/scripts/build_refactored_application_case.py
computational_application_case,standard_inchikey_identity_audit_608.csv,charge_balance_pass,Whether the ion pair satisfies the configured charge-balance rule.,boolean,boolean,curated-bundle,experiments/computational_application_case/scripts/build_refactored_application_case.py
computational_application_case,standard_inchikey_identity_audit_608.csv,standard_inchikey_parse_pass,Whether standard-InChIKey generation succeeded.,boolean,boolean,curated-bundle,experiments/computational_application_case/scripts/build_refactored_application_case.py
computational_application_case,standard_inchikey_identity_audit_608.csv,identity_new_to_benchmark,Whether the ion pair is absent from the benchmark by audited identity.,boolean,boolean,curated-bundle,experiments/computational_application_case/scripts/build_refactored_application_case.py
computational_application_case,standard_inchikey_identity_audit_608.csv,identity_new_to_primary_training_split,Whether the ion pair is absent from the primary training split.,boolean,boolean,curated-bundle,experiments/computational_application_case/scripts/build_refactored_application_case.py
computational_application_case,standard_inchikey_identity_audit_608.csv,identity_audit_pass,Whether the candidate passes the identity audit.,boolean,boolean,curated-bundle,experiments/computational_application_case/scripts/build_refactored_application_case.py
computational_application_case,standard_inchikey_identity_audit_608.csv,generation_status,Outcome of candidate construction and charge validation.,not applicable / categorical,string,curated-bundle,experiments/computational_application_case/scripts/build_refactored_application_case.py
computational_application_case,standard_inchikey_identity_audit_608.csv,warnings,Semicolon-delimited warnings produced by the workflow.,not applicable / text,empty,curated-common,experiments/computational_application_case/scripts/build_refactored_application_case.py
computational_application_case,threshold_sensitivity.csv,scenario_id,Stable identifier of a sensitivity or reference-cell scenario.,not applicable / identifier,string,curated-bundle,experiments/computational_application_case/scripts/build_refactored_application_case.py
computational_application_case,threshold_sensitivity.csv,conductivity_quantile,Reference quantile used to set the electrical conductivity threshold.,"fraction in [0,1]",number,schema-rule,experiments/computational_application_case/scripts/build_refactored_application_case.py
computational_application_case,threshold_sensitivity.csv,viscosity_quantile,Reference quantile used to set the dynamic viscosity threshold.,"fraction in [0,1]",number,schema-rule,experiments/computational_application_case/scripts/build_refactored_application_case.py
computational_application_case,threshold_sensitivity.csv,heat_capacity_quantile,Reference quantile used for the volumetric heat-capacity threshold.,"fraction in [0,1]",number,curated-bundle,experiments/computational_application_case/scripts/build_refactored_application_case.py
computational_application_case,threshold_sensitivity.csv,thermal_diffusivity_quantile,Reference quantile used to set the thermal diffusivity threshold.,"fraction in [0,1]",number,schema-rule,experiments/computational_application_case/scripts/build_refactored_application_case.py
computational_application_case,threshold_sensitivity.csv,conductivity_threshold_S_m,Reference-derived minimum conductivity threshold.,S m^-1,number,curated-bundle,experiments/computational_application_case/scripts/build_refactored_application_case.py
computational_application_case,threshold_sensitivity.csv,viscosity_threshold_Pa_s,Reference-derived maximum viscosity threshold.,Pa s,number,curated-bundle,experiments/computational_application_case/scripts/build_refactored_application_case.py
computational_application_case,threshold_sensitivity.csv,heat_capacity_threshold_J_m3_K,Reference-derived minimum volumetric heat-capacity threshold.,J m^-3 K^-1,number,curated-bundle,experiments/computational_application_case/scripts/build_refactored_application_case.py
computational_application_case,threshold_sensitivity.csv,thermal_diffusivity_threshold_m2_s,Reference-derived minimum thermal-diffusivity threshold.,m^2 s^-1,number,curated-bundle,experiments/computational_application_case/scripts/build_refactored_application_case.py
computational_application_case,threshold_sensitivity.csv,hard_feasible_count,Number of hard feasible.,count,integer,schema-rule,experiments/computational_application_case/scripts/build_refactored_application_case.py
computational_application_case,threshold_sensitivity.csv,pareto_rank_1_count,Number of pareto rank 1.,count,integer,schema-rule,experiments/computational_application_case/scripts/build_refactored_application_case.py
computational_application_case,threshold_sensitivity.csv,final_candidate_count,Number of final candidate.,count,integer,schema-rule,experiments/computational_application_case/scripts/build_refactored_application_case.py
computational_application_case,threshold_sensitivity.csv,is_nominal,Whether the record is the prespecified nominal setting.,boolean,boolean,curated-bundle,experiments/computational_application_case/scripts/build_refactored_application_case.py
computational_application_case,threshold_sensitivity.csv,final_set_Jaccard_to_nominal,Jaccard similarity between the threshold-grid and nominal final sets.,"fraction in [0,1]",number,curated-bundle,experiments/computational_application_case/scripts/build_refactored_application_case.py
dataset_statistics,dataset_statistics_source_data_A.csv,figure,Figure identifier supported by the record.,not applicable / identifier,string,curated-bundle,experiments/dataset_analysis/scripts/export_dataset_statistics_source_data.py
dataset_statistics,dataset_statistics_source_data_A.csv,panel,Figure panel identifier.,not applicable / categorical,string,curated-common,experiments/dataset_analysis/scripts/export_dataset_statistics_source_data.py
dataset_statistics,dataset_statistics_source_data_A.csv,panel_title,Display title of the figure panel.,not applicable / text,string,curated-common,experiments/dataset_analysis/scripts/export_dataset_statistics_source_data.py
dataset_statistics,dataset_statistics_source_data_A.csv,measure,Name of the reported measure.,not applicable / categorical,string,curated-common,experiments/dataset_analysis/scripts/export_dataset_statistics_source_data.py
dataset_statistics,dataset_statistics_source_data_A.csv,value,Numeric value represented by the record.,defined by the companion unit field,number,curated-common,experiments/dataset_analysis/scripts/export_dataset_statistics_source_data.py
dataset_statistics,dataset_statistics_source_data_A.csv,unit,Physical unit associated with the numeric value.,not applicable / unit label,string,curated-common,experiments/dataset_analysis/scripts/export_dataset_statistics_source_data.py
dataset_statistics,dataset_statistics_source_data_A.csv,source_category,Observed or label-expansion source category.,not applicable / categorical,string,curated-bundle,experiments/dataset_analysis/scripts/export_dataset_statistics_source_data.py
dataset_statistics,dataset_statistics_source_data_B.csv,figure,Figure identifier supported by the record.,not applicable / identifier,string,curated-bundle,experiments/dataset_analysis/scripts/export_dataset_statistics_source_data.py
dataset_statistics,dataset_statistics_source_data_B.csv,panel,Figure panel identifier.,not applicable / categorical,string,curated-common,experiments/dataset_analysis/scripts/export_dataset_statistics_source_data.py
dataset_statistics,dataset_statistics_source_data_B.csv,panel_title,Display title of the figure panel.,not applicable / text,string,curated-common,experiments/dataset_analysis/scripts/export_dataset_statistics_source_data.py
dataset_statistics,dataset_statistics_source_data_B.csv,measure,Name of the reported measure.,not applicable / categorical,string,curated-common,experiments/dataset_analysis/scripts/export_dataset_statistics_source_data.py
dataset_statistics,dataset_statistics_source_data_B.csv,value,Numeric value represented by the record.,defined by the companion unit field,number,curated-common,experiments/dataset_analysis/scripts/export_dataset_statistics_source_data.py
dataset_statistics,dataset_statistics_source_data_B.csv,unit,Physical unit associated with the numeric value.,not applicable / unit label,string,curated-common,experiments/dataset_analysis/scripts/export_dataset_statistics_source_data.py
dataset_statistics,dataset_statistics_source_data_B.csv,source_category,Observed or label-expansion source category.,not applicable / categorical,string,curated-bundle,experiments/dataset_analysis/scripts/export_dataset_statistics_source_data.py
dataset_statistics,dataset_statistics_source_data_B.csv,property,Thermophysical property represented by the record.,not applicable / categorical,string,curated-common,experiments/dataset_analysis/scripts/export_dataset_statistics_source_data.py
dataset_statistics,dataset_statistics_source_data_C.csv,figure,Figure identifier supported by the record.,not applicable / identifier,string,curated-bundle,experiments/dataset_analysis/scripts/export_dataset_statistics_source_data.py
dataset_statistics,dataset_statistics_source_data_C.csv,panel,Figure panel identifier.,not applicable / categorical,string,curated-common,experiments/dataset_analysis/scripts/export_dataset_statistics_source_data.py
dataset_statistics,dataset_statistics_source_data_C.csv,panel_title,Display title of the figure panel.,not applicable / text,string,curated-common,experiments/dataset_analysis/scripts/export_dataset_statistics_source_data.py
dataset_statistics,dataset_statistics_source_data_C.csv,measure,Name of the reported measure.,not applicable / categorical,string,curated-common,experiments/dataset_analysis/scripts/export_dataset_statistics_source_data.py
dataset_statistics,dataset_statistics_source_data_C.csv,value,Numeric value represented by the record.,defined by the companion unit field,number,curated-common,experiments/dataset_analysis/scripts/export_dataset_statistics_source_data.py
dataset_statistics,dataset_statistics_source_data_C.csv,unit,Physical unit associated with the numeric value.,not applicable / unit label,string,curated-common,experiments/dataset_analysis/scripts/export_dataset_statistics_source_data.py
dataset_statistics,dataset_statistics_source_data_C.csv,property,Thermophysical property represented by the record.,not applicable / categorical,string,curated-common,experiments/dataset_analysis/scripts/export_dataset_statistics_source_data.py
dataset_statistics,dataset_statistics_source_data_C.csv,il_rank,Display rank of the ionic liquid in the coverage matrix.,ordinal index,number,curated-bundle,experiments/dataset_analysis/scripts/export_dataset_statistics_source_data.py
dataset_statistics,dataset_statistics_source_data_C.csv,il_smiles,SMILES representation of the ionic-liquid ion pair.,not applicable / molecular string,string,curated-bundle,experiments/dataset_analysis/scripts/export_dataset_statistics_source_data.py
dataset_statistics,dataset_statistics_source_data_C.csv,il_name,Reported ionic-liquid name.,not applicable / text,string,curated-bundle,experiments/dataset_analysis/scripts/export_dataset_statistics_source_data.py
dataset_statistics,dataset_statistics_source_data_C.csv,n_labels,Number of available property labels for the ionic liquid.,count,number,curated-bundle,experiments/dataset_analysis/scripts/export_dataset_statistics_source_data.py
dataset_statistics,dataset_statistics_source_data_D.csv,figure,Figure identifier supported by the record.,not applicable / identifier,string,curated-bundle,experiments/dataset_analysis/scripts/export_dataset_statistics_source_data.py
dataset_statistics,dataset_statistics_source_data_D.csv,panel,Figure panel identifier.,not applicable / categorical,string,curated-common,experiments/dataset_analysis/scripts/export_dataset_statistics_source_data.py
dataset_statistics,dataset_statistics_source_data_D.csv,panel_title,Display title of the figure panel.,not applicable / text,string,curated-common,experiments/dataset_analysis/scripts/export_dataset_statistics_source_data.py
dataset_statistics,dataset_statistics_source_data_D.csv,measure,Name of the reported measure.,not applicable / categorical,string,curated-common,experiments/dataset_analysis/scripts/export_dataset_statistics_source_data.py
dataset_statistics,dataset_statistics_source_data_D.csv,value,Numeric value represented by the record.,defined by the companion unit field,number,curated-common,experiments/dataset_analysis/scripts/export_dataset_statistics_source_data.py
dataset_statistics,dataset_statistics_source_data_D.csv,unit,Physical unit associated with the numeric value.,not applicable / unit label,string,curated-common,experiments/dataset_analysis/scripts/export_dataset_statistics_source_data.py
dataset_statistics,dataset_statistics_source_data_D.csv,n_labels,Number of available property labels for the ionic liquid.,count,number,curated-bundle,experiments/dataset_analysis/scripts/export_dataset_statistics_source_data.py
dataset_statistics,dataset_statistics_source_data_D.csv,pct_il,Percentage of ionic liquids in the named label-count category.,%,number,curated-bundle,experiments/dataset_analysis/scripts/export_dataset_statistics_source_data.py
dataset_statistics,dataset_statistics_source_data_E.csv,figure,Figure identifier supported by the record.,not applicable / identifier,string,curated-bundle,experiments/dataset_analysis/scripts/export_dataset_statistics_source_data.py
dataset_statistics,dataset_statistics_source_data_E.csv,panel,Figure panel identifier.,not applicable / categorical,string,curated-common,experiments/dataset_analysis/scripts/export_dataset_statistics_source_data.py
dataset_statistics,dataset_statistics_source_data_E.csv,panel_title,Display title of the figure panel.,not applicable / text,string,curated-common,experiments/dataset_analysis/scripts/export_dataset_statistics_source_data.py
dataset_statistics,dataset_statistics_source_data_E.csv,measure,Name of the reported measure.,not applicable / categorical,string,curated-common,experiments/dataset_analysis/scripts/export_dataset_statistics_source_data.py
dataset_statistics,dataset_statistics_source_data_E.csv,value,Numeric value represented by the record.,defined by the companion unit field,number,curated-common,experiments/dataset_analysis/scripts/export_dataset_statistics_source_data.py
dataset_statistics,dataset_statistics_source_data_E.csv,unit,Physical unit associated with the numeric value.,not applicable / unit label,string,curated-common,experiments/dataset_analysis/scripts/export_dataset_statistics_source_data.py
dataset_statistics,dataset_statistics_source_data_E.csv,property,Thermophysical property represented by the record.,not applicable / categorical,string,curated-common,experiments/dataset_analysis/scripts/export_dataset_statistics_source_data.py
dataset_statistics,dataset_statistics_source_data_E.csv,bin_index,Zero-based temperature-bin index.,index,number,curated-bundle,experiments/dataset_analysis/scripts/export_dataset_statistics_source_data.py
dataset_statistics,dataset_statistics_source_data_E.csv,bin_left,Lower temperature-bin boundary.,K,number,curated-bundle,experiments/dataset_analysis/scripts/export_dataset_statistics_source_data.py
dataset_statistics,dataset_statistics_source_data_E.csv,bin_right,Upper temperature-bin boundary.,K,number,curated-bundle,experiments/dataset_analysis/scripts/export_dataset_statistics_source_data.py
dataset_statistics,dataset_statistics_source_data_E.csv,bin_center,Temperature-bin midpoint.,K,number,curated-bundle,experiments/dataset_analysis/scripts/export_dataset_statistics_source_data.py
dataset_statistics,dataset_statistics_source_data_F.csv,figure,Figure identifier supported by the record.,not applicable / identifier,string,curated-bundle,experiments/dataset_analysis/scripts/export_dataset_statistics_source_data.py
dataset_statistics,dataset_statistics_source_data_F.csv,panel,Figure panel identifier.,not applicable / categorical,string,curated-common,experiments/dataset_analysis/scripts/export_dataset_statistics_source_data.py
dataset_statistics,dataset_statistics_source_data_F.csv,panel_title,Display title of the figure panel.,not applicable / text,string,curated-common,experiments/dataset_analysis/scripts/export_dataset_statistics_source_data.py
dataset_statistics,dataset_statistics_source_data_F.csv,measure,Name of the reported measure.,not applicable / categorical,string,curated-common,experiments/dataset_analysis/scripts/export_dataset_statistics_source_data.py
dataset_statistics,dataset_statistics_source_data_F.csv,value,Numeric value represented by the record.,defined by the companion unit field,number,curated-common,experiments/dataset_analysis/scripts/export_dataset_statistics_source_data.py
dataset_statistics,dataset_statistics_source_data_F.csv,unit,Physical unit associated with the numeric value.,not applicable / unit label,string,curated-common,experiments/dataset_analysis/scripts/export_dataset_statistics_source_data.py
dataset_statistics,dataset_statistics_source_data_F.csv,pct_il,Percentage of ionic liquids in the named label-count category.,%,number,curated-bundle,experiments/dataset_analysis/scripts/export_dataset_statistics_source_data.py
dataset_statistics,dataset_statistics_source_data_F.csv,ion_type,Cation or anion classification.,not applicable / categorical,string,curated-bundle,experiments/dataset_analysis/scripts/export_dataset_statistics_source_data.py
dataset_statistics,dataset_statistics_source_data_F.csv,ion_family,Curated ion-family label.,not applicable / categorical,string,curated-bundle,experiments/dataset_analysis/scripts/export_dataset_statistics_source_data.py
dataset_statistics,dataset_statistics_source_data_G.csv,figure,Figure identifier supported by the record.,not applicable / identifier,string,curated-bundle,experiments/dataset_analysis/scripts/export_dataset_statistics_source_data.py
dataset_statistics,dataset_statistics_source_data_G.csv,panel,Figure panel identifier.,not applicable / categorical,string,curated-common,experiments/dataset_analysis/scripts/export_dataset_statistics_source_data.py
dataset_statistics,dataset_statistics_source_data_G.csv,panel_title,Display title of the figure panel.,not applicable / text,string,curated-common,experiments/dataset_analysis/scripts/export_dataset_statistics_source_data.py
dataset_statistics,dataset_statistics_source_data_G.csv,measure,Name of the reported measure.,not applicable / categorical,string,curated-common,experiments/dataset_analysis/scripts/export_dataset_statistics_source_data.py
dataset_statistics,dataset_statistics_source_data_G.csv,value,Numeric value represented by the record.,defined by the companion unit field,number,curated-common,experiments/dataset_analysis/scripts/export_dataset_statistics_source_data.py
dataset_statistics,dataset_statistics_source_data_G.csv,unit,Physical unit associated with the numeric value.,not applicable / unit label,string,curated-common,experiments/dataset_analysis/scripts/export_dataset_statistics_source_data.py
dataset_statistics,dataset_statistics_source_data_G.csv,property,Thermophysical property represented by the record.,not applicable / categorical,string,curated-common,experiments/dataset_analysis/scripts/export_dataset_statistics_source_data.py
dataset_statistics,dataset_statistics_source_data_G.csv,il_smiles,SMILES representation of the ionic-liquid ion pair.,not applicable / molecular string,string,curated-bundle,experiments/dataset_analysis/scripts/export_dataset_statistics_source_data.py
dataset_statistics,dataset_statistics_source_data_G.csv,il_name,Reported ionic-liquid name.,not applicable / text,string,curated-bundle,experiments/dataset_analysis/scripts/export_dataset_statistics_source_data.py
dataset_statistics,dataset_statistics_source_data_G.csv,transform,Transformation applied for cross-property display.,not applicable / categorical,string,curated-bundle,experiments/dataset_analysis/scripts/export_dataset_statistics_source_data.py
dataset_statistics,dataset_statistics_source_data_G.csv,raw_value,Curated property value before plotting transformation.,property-dependent; see unit,number,curated-bundle,experiments/dataset_analysis/scripts/export_dataset_statistics_source_data.py
dataset_statistics,dataset_statistics_source_data_G.csv,transformed_value,Property value after the stated plotting transformation.,transformation-dependent,number,curated-bundle,experiments/dataset_analysis/scripts/export_dataset_statistics_source_data.py
dataset_statistics,dataset_statistics_source_data_G.csv,q01,First percentile of the named property.,property-dependent; see unit,number,curated-bundle,experiments/dataset_analysis/scripts/export_dataset_statistics_source_data.py
dataset_statistics,dataset_statistics_source_data_G.csv,q99,Ninety-ninth percentile of the named property.,property-dependent; see unit,number,curated-bundle,experiments/dataset_analysis/scripts/export_dataset_statistics_source_data.py
dataset_statistics,dataset_statistics_source_data_G.csv,property_row_index,Zero-based row index within the named property subset.,index,number,curated-bundle,experiments/dataset_analysis/scripts/export_dataset_statistics_source_data.py
dataset_statistics,dataset_statistics_source_data_G.csv,dataset_row_index,Zero-based row index in the curated condition-record table.,index,number,curated-bundle,experiments/dataset_analysis/scripts/export_dataset_statistics_source_data.py
dataset_statistics,dataset_statistics_source_data_G.csv,temperature_k,Measurement temperature.,K,number,curated-bundle,experiments/dataset_analysis/scripts/export_dataset_statistics_source_data.py
dataset_statistics,dataset_statistics_source_data_G.csv,pressure_kpa,Measurement pressure.,kPa,number,curated-bundle,experiments/dataset_analysis/scripts/export_dataset_statistics_source_data.py
dataset_statistics,dataset_statistics_source_data_H.csv,figure,Figure identifier supported by the record.,not applicable / identifier,string,curated-bundle,experiments/dataset_analysis/scripts/export_dataset_statistics_source_data.py
dataset_statistics,dataset_statistics_source_data_H.csv,panel,Figure panel identifier.,not applicable / categorical,string,curated-common,experiments/dataset_analysis/scripts/export_dataset_statistics_source_data.py
dataset_statistics,dataset_statistics_source_data_H.csv,panel_title,Display title of the figure panel.,not applicable / text,string,curated-common,experiments/dataset_analysis/scripts/export_dataset_statistics_source_data.py
dataset_statistics,dataset_statistics_source_data_H.csv,measure,Name of the reported measure.,not applicable / categorical,string,curated-common,experiments/dataset_analysis/scripts/export_dataset_statistics_source_data.py
dataset_statistics,dataset_statistics_source_data_H.csv,value,Numeric value represented by the record.,defined by the companion unit field,number,curated-common,experiments/dataset_analysis/scripts/export_dataset_statistics_source_data.py
dataset_statistics,dataset_statistics_source_data_H.csv,unit,Physical unit associated with the numeric value.,not applicable / unit label,string,curated-common,experiments/dataset_analysis/scripts/export_dataset_statistics_source_data.py
dataset_statistics,dataset_statistics_source_data_H.csv,pressure_category,"Ambient, non-ambient, or missing-pressure category.",not applicable / categorical,string,curated-bundle,experiments/dataset_analysis/scripts/export_dataset_statistics_source_data.py
dataset_statistics,dataset_statistics_source_data_H.csv,pressure_min_kpa,Minimum reported pressure in the category.,kPa,number,curated-bundle,experiments/dataset_analysis/scripts/export_dataset_statistics_source_data.py
dataset_statistics,dataset_statistics_source_data_H.csv,pressure_max_kpa,Maximum reported pressure in the category.,kPa,number,curated-bundle,experiments/dataset_analysis/scripts/export_dataset_statistics_source_data.py
interpretability_feature_importance_4x3,feature_importance_heatmap_combined_row_plot_data.csv,panel,Figure panel identifier.,not applicable / categorical,string,curated-common,experiments/interpretability/scripts/plot_feature_importance_summary.py
interpretability_feature_importance_4x3,feature_importance_heatmap_combined_row_plot_data.csv,feature_group,Descriptor-family grouping.,not applicable / categorical,string,curated-bundle,experiments/interpretability/scripts/plot_feature_importance_summary.py
interpretability_feature_importance_4x3,feature_importance_heatmap_combined_row_plot_data.csv,feature_type,Descriptor or attribution type.,not applicable / categorical,string,curated-bundle,experiments/interpretability/scripts/plot_feature_importance_summary.py
interpretability_feature_importance_4x3,feature_importance_heatmap_combined_row_plot_data.csv,feature,Machine-readable descriptor name.,not applicable / identifier,string,curated-bundle,experiments/interpretability/scripts/plot_feature_importance_summary.py
interpretability_feature_importance_4x3,feature_importance_heatmap_combined_row_plot_data.csv,feature_pretty,Human-readable descriptor label.,not applicable / text,string,curated-bundle,experiments/interpretability/scripts/plot_feature_importance_summary.py
interpretability_feature_importance_4x3,feature_importance_heatmap_combined_row_plot_data.csv,plot_order_top_to_bottom,Top-to-bottom display order.,ordinal index,integer,curated-bundle,experiments/interpretability/scripts/plot_feature_importance_summary.py
interpretability_feature_importance_4x3,feature_importance_heatmap_combined_row_plot_data.csv,plot_order_bottom_to_top,Bottom-to-top display order.,ordinal index,integer,curated-bundle,experiments/interpretability/scripts/plot_feature_importance_summary.py
interpretability_feature_importance_4x3,feature_importance_heatmap_combined_row_plot_data.csv,plot_y_base,Base vertical plotting coordinate before offset.,display coordinate,integer,curated-bundle,experiments/interpretability/scripts/plot_feature_importance_summary.py
interpretability_feature_importance_4x3,feature_importance_heatmap_combined_row_plot_data.csv,plot_y_offset,Vertical display offset applied to the record.,display coordinate,number,curated-bundle,experiments/interpretability/scripts/plot_feature_importance_summary.py
interpretability_feature_importance_4x3,feature_importance_heatmap_combined_row_plot_data.csv,plot_y,Final vertical plotting coordinate.,display coordinate,number,curated-bundle,experiments/interpretability/scripts/plot_feature_importance_summary.py
interpretability_feature_importance_4x3,feature_importance_heatmap_combined_row_plot_data.csv,property,Thermophysical property represented by the record.,not applicable / categorical,string,curated-common,experiments/interpretability/scripts/plot_feature_importance_summary.py
interpretability_feature_importance_4x3,feature_importance_heatmap_combined_row_plot_data.csv,property_short,Abbreviated thermophysical-property label.,not applicable / categorical,string,curated-common,experiments/interpretability/scripts/plot_feature_importance_summary.py
interpretability_feature_importance_4x3,feature_importance_heatmap_combined_row_plot_data.csv,importance,Raw feature-importance value.,model-dependent attribution scale,number,curated-bundle,experiments/interpretability/scripts/plot_feature_importance_summary.py
interpretability_feature_importance_4x3,feature_importance_heatmap_combined_row_plot_data.csv,normalized_importance,Feature importance normalized within its analysis.,dimensionless,number,curated-bundle,experiments/interpretability/scripts/plot_feature_importance_summary.py
interpretability_feature_importance_4x3,feature_importance_heatmap_combined_row_plot_data.csv,mean_normalized_importance,Mean normalized feature importance across records.,dimensionless,number,curated-bundle,experiments/interpretability/scripts/plot_feature_importance_summary.py
interpretability_feature_importance_4x3,feature_importance_heatmap_combined_row_plot_data.csv,n_labels,Number of evaluated labels.,count,integer,curated-bundle,experiments/interpretability/scripts/plot_feature_importance_summary.py
interpretability_feature_importance_4x3,feature_importance_heatmap_combined_row_plot_data.csv,marker,Plotting-marker code.,not applicable / categorical,string,curated-bundle,experiments/interpretability/scripts/plot_feature_importance_summary.py
interpretability_feature_importance_4x3,feature_importance_heatmap_combined_row_plot_data.csv,color,Hexadecimal plotting color.,not applicable / color,string,curated-bundle,experiments/interpretability/scripts/plot_feature_importance_summary.py
interpretability_feature_importance_4x3,feature_importance_heatmap_combined_row_plot_data.csv,mean_bar_color,Hexadecimal color assigned to the mean-importance bar.,not applicable / color,string,curated-bundle,experiments/interpretability/scripts/plot_feature_importance_summary.py
interpretability_feature_importance_4x3,feature_importance_heatmap_combined_row_ranked_summary.csv,feature_pretty,Human-readable descriptor label.,not applicable / text,string,curated-bundle,experiments/interpretability/scripts/plot_feature_importance_summary.py
interpretability_feature_importance_4x3,feature_importance_heatmap_combined_row_ranked_summary.csv,mean_normalized_importance,Mean normalized feature importance across records.,dimensionless,number,curated-bundle,experiments/interpretability/scripts/plot_feature_importance_summary.py
interpretability_feature_importance_4x3,feature_importance_heatmap_combined_row_ranked_summary.csv,panel,Figure panel identifier.,not applicable / categorical,string,curated-common,experiments/interpretability/scripts/plot_feature_importance_summary.py
interpretability_feature_importance_4x3,feature_importance_heatmap_combined_row_ranked_summary.csv,group,Analysis group represented by the record.,not applicable / categorical,string,curated-bundle,experiments/interpretability/scripts/plot_feature_importance_summary.py
interpretability_feature_importance_4x3,feature_importance_heatmap_plot_data.csv,panel,Figure panel identifier.,not applicable / categorical,string,curated-common,experiments/interpretability/scripts/plot_feature_importance_summary.py
interpretability_feature_importance_4x3,feature_importance_heatmap_plot_data.csv,feature_group,Descriptor-family grouping.,not applicable / categorical,string,curated-bundle,experiments/interpretability/scripts/plot_feature_importance_summary.py
interpretability_feature_importance_4x3,feature_importance_heatmap_plot_data.csv,feature_type,Descriptor or attribution type.,not applicable / categorical,string,curated-bundle,experiments/interpretability/scripts/plot_feature_importance_summary.py
interpretability_feature_importance_4x3,feature_importance_heatmap_plot_data.csv,feature,Machine-readable descriptor name.,not applicable / identifier,string,curated-bundle,experiments/interpretability/scripts/plot_feature_importance_summary.py
interpretability_feature_importance_4x3,feature_importance_heatmap_plot_data.csv,feature_pretty,Human-readable descriptor label.,not applicable / text,string,curated-bundle,experiments/interpretability/scripts/plot_feature_importance_summary.py
interpretability_feature_importance_4x3,feature_importance_heatmap_plot_data.csv,plot_order_top_to_bottom,Top-to-bottom display order.,ordinal index,integer,curated-bundle,experiments/interpretability/scripts/plot_feature_importance_summary.py
interpretability_feature_importance_4x3,feature_importance_heatmap_plot_data.csv,plot_order_bottom_to_top,Bottom-to-top display order.,ordinal index,integer,curated-bundle,experiments/interpretability/scripts/plot_feature_importance_summary.py
interpretability_feature_importance_4x3,feature_importance_heatmap_plot_data.csv,plot_y_base,Base vertical plotting coordinate before offset.,display coordinate,integer,curated-bundle,experiments/interpretability/scripts/plot_feature_importance_summary.py
interpretability_feature_importance_4x3,feature_importance_heatmap_plot_data.csv,plot_y_offset,Vertical display offset applied to the record.,display coordinate,number,curated-bundle,experiments/interpretability/scripts/plot_feature_importance_summary.py
interpretability_feature_importance_4x3,feature_importance_heatmap_plot_data.csv,plot_y,Final vertical plotting coordinate.,display coordinate,number,curated-bundle,experiments/interpretability/scripts/plot_feature_importance_summary.py
interpretability_feature_importance_4x3,feature_importance_heatmap_plot_data.csv,property,Thermophysical property represented by the record.,not applicable / categorical,string,curated-common,experiments/interpretability/scripts/plot_feature_importance_summary.py
interpretability_feature_importance_4x3,feature_importance_heatmap_plot_data.csv,property_short,Abbreviated thermophysical-property label.,not applicable / categorical,string,curated-common,experiments/interpretability/scripts/plot_feature_importance_summary.py
interpretability_feature_importance_4x3,feature_importance_heatmap_plot_data.csv,importance,Raw feature-importance value.,model-dependent attribution scale,number,curated-bundle,experiments/interpretability/scripts/plot_feature_importance_summary.py
interpretability_feature_importance_4x3,feature_importance_heatmap_plot_data.csv,normalized_importance,Feature importance normalized within its analysis.,dimensionless,number,curated-bundle,experiments/interpretability/scripts/plot_feature_importance_summary.py
interpretability_feature_importance_4x3,feature_importance_heatmap_plot_data.csv,mean_normalized_importance,Mean normalized feature importance across records.,dimensionless,number,curated-bundle,experiments/interpretability/scripts/plot_feature_importance_summary.py
interpretability_feature_importance_4x3,feature_importance_heatmap_plot_data.csv,n_labels,Number of evaluated labels.,count,integer,curated-bundle,experiments/interpretability/scripts/plot_feature_importance_summary.py
interpretability_feature_importance_4x3,feature_importance_heatmap_plot_data.csv,marker,Plotting-marker code.,not applicable / categorical,string,curated-bundle,experiments/interpretability/scripts/plot_feature_importance_summary.py
interpretability_feature_importance_4x3,feature_importance_heatmap_plot_data.csv,color,Hexadecimal plotting color.,not applicable / color,string,curated-bundle,experiments/interpretability/scripts/plot_feature_importance_summary.py
interpretability_feature_importance_4x3,feature_importance_heatmap_plot_data.csv,mean_bar_color,Hexadecimal color assigned to the mean-importance bar.,not applicable / color,string,curated-bundle,experiments/interpretability/scripts/plot_feature_importance_summary.py
interpretability_feature_importance_4x3,feature_importance_heatmap_ranked_summary.csv,feature_pretty,Human-readable descriptor label.,not applicable / text,string,curated-bundle,experiments/interpretability/scripts/plot_feature_importance_summary.py
interpretability_feature_importance_4x3,feature_importance_heatmap_ranked_summary.csv,mean_normalized_importance,Mean normalized feature importance across records.,dimensionless,number,curated-bundle,experiments/interpretability/scripts/plot_feature_importance_summary.py
interpretability_feature_importance_4x3,feature_importance_heatmap_ranked_summary.csv,panel,Figure panel identifier.,not applicable / categorical,string,curated-common,experiments/interpretability/scripts/plot_feature_importance_summary.py
interpretability_feature_importance_4x3,feature_importance_heatmap_ranked_summary.csv,group,Analysis group represented by the record.,not applicable / categorical,string,curated-bundle,experiments/interpretability/scripts/plot_feature_importance_summary.py
interpretability_feature_importance_4x3,feature_importance_heatmap_source_data_edges.csv,feature_type,Descriptor or attribution type.,not applicable / categorical,string,curated-bundle,il_property_prediction/scripts/compute_feature_importance_heatmap.py
interpretability_feature_importance_4x3,feature_importance_heatmap_source_data_edges.csv,property,Thermophysical property represented by the record.,not applicable / categorical,string,curated-common,il_property_prediction/scripts/compute_feature_importance_heatmap.py
interpretability_feature_importance_4x3,feature_importance_heatmap_source_data_edges.csv,property_short,Abbreviated thermophysical-property label.,not applicable / categorical,string,curated-common,il_property_prediction/scripts/compute_feature_importance_heatmap.py
interpretability_feature_importance_4x3,feature_importance_heatmap_source_data_edges.csv,feature,Machine-readable descriptor name.,not applicable / identifier,string,curated-bundle,il_property_prediction/scripts/compute_feature_importance_heatmap.py
interpretability_feature_importance_4x3,feature_importance_heatmap_source_data_edges.csv,importance,Raw feature-importance value.,model-dependent attribution scale,number,curated-bundle,il_property_prediction/scripts/compute_feature_importance_heatmap.py
interpretability_feature_importance_4x3,feature_importance_heatmap_source_data_edges.csv,n_labels,Number of evaluated labels.,count,integer,curated-bundle,il_property_prediction/scripts/compute_feature_importance_heatmap.py
interpretability_feature_importance_4x3,feature_importance_heatmap_source_data_edges.csv,normalized_importance,Feature importance normalized within its analysis.,dimensionless,number,curated-bundle,il_property_prediction/scripts/compute_feature_importance_heatmap.py
interpretability_feature_importance_4x3,feature_importance_heatmap_source_data_functional_groups.csv,feature_type,Descriptor or attribution type.,not applicable / categorical,string,curated-bundle,il_property_prediction/scripts/compute_feature_importance_heatmap.py
interpretability_feature_importance_4x3,feature_importance_heatmap_source_data_functional_groups.csv,property,Thermophysical property represented by the record.,not applicable / categorical,string,curated-common,il_property_prediction/scripts/compute_feature_importance_heatmap.py
interpretability_feature_importance_4x3,feature_importance_heatmap_source_data_functional_groups.csv,property_short,Abbreviated thermophysical-property label.,not applicable / categorical,string,curated-common,il_property_prediction/scripts/compute_feature_importance_heatmap.py
interpretability_feature_importance_4x3,feature_importance_heatmap_source_data_functional_groups.csv,feature,Machine-readable descriptor name.,not applicable / identifier,string,curated-bundle,il_property_prediction/scripts/compute_feature_importance_heatmap.py
interpretability_feature_importance_4x3,feature_importance_heatmap_source_data_functional_groups.csv,importance,Raw feature-importance value.,model-dependent attribution scale,number,curated-bundle,il_property_prediction/scripts/compute_feature_importance_heatmap.py
interpretability_feature_importance_4x3,feature_importance_heatmap_source_data_functional_groups.csv,n_labels,Number of evaluated labels.,count,integer,curated-bundle,il_property_prediction/scripts/compute_feature_importance_heatmap.py
interpretability_feature_importance_4x3,feature_importance_heatmap_source_data_functional_groups.csv,normalized_importance,Feature importance normalized within its analysis.,dimensionless,number,curated-bundle,il_property_prediction/scripts/compute_feature_importance_heatmap.py
interpretability_feature_importance_4x3,feature_importance_heatmap_source_data_functional_groups.csv,feature_pretty,Human-readable descriptor label.,not applicable / text,string,curated-bundle,il_property_prediction/scripts/compute_feature_importance_heatmap.py
interpretability_feature_importance_4x3,feature_importance_heatmap_source_data_nodes.csv,feature_type,Descriptor or attribution type.,not applicable / categorical,string,curated-bundle,il_property_prediction/scripts/compute_feature_importance_heatmap.py
interpretability_feature_importance_4x3,feature_importance_heatmap_source_data_nodes.csv,property,Thermophysical property represented by the record.,not applicable / categorical,string,curated-common,il_property_prediction/scripts/compute_feature_importance_heatmap.py
interpretability_feature_importance_4x3,feature_importance_heatmap_source_data_nodes.csv,property_short,Abbreviated thermophysical-property label.,not applicable / categorical,string,curated-common,il_property_prediction/scripts/compute_feature_importance_heatmap.py
interpretability_feature_importance_4x3,feature_importance_heatmap_source_data_nodes.csv,feature,Machine-readable descriptor name.,not applicable / identifier,string,curated-bundle,il_property_prediction/scripts/compute_feature_importance_heatmap.py
interpretability_feature_importance_4x3,feature_importance_heatmap_source_data_nodes.csv,importance,Raw feature-importance value.,model-dependent attribution scale,number,curated-bundle,il_property_prediction/scripts/compute_feature_importance_heatmap.py
interpretability_feature_importance_4x3,feature_importance_heatmap_source_data_nodes.csv,n_labels,Number of evaluated labels.,count,integer,curated-bundle,il_property_prediction/scripts/compute_feature_importance_heatmap.py
interpretability_feature_importance_4x3,feature_importance_heatmap_source_data_nodes.csv,normalized_importance,Feature importance normalized within its analysis.,dimensionless,number,curated-bundle,il_property_prediction/scripts/compute_feature_importance_heatmap.py
interpretability_feature_importance_4x3,interpretability_results_source_data_A.csv,sample_id,Stable identifier of the evaluated condition record.,not applicable / identifier,integer,curated-bundle,experiments/interpretability/scripts/plot_interpretability_results_current.py
interpretability_feature_importance_4x3,interpretability_results_source_data_A.csv,IL_Name,Reported ionic-liquid name.,not applicable / text,string,curated-bundle,experiments/interpretability/scripts/plot_interpretability_results_current.py
interpretability_feature_importance_4x3,interpretability_results_source_data_A.csv,IL_SMILES,SMILES representation of the ionic-liquid ion pair.,not applicable / molecular string,string,curated-bundle,experiments/interpretability/scripts/plot_interpretability_results_current.py
interpretability_feature_importance_4x3,interpretability_results_source_data_A.csv,Temperature_K,Measurement temperature.,K,number,curated-bundle,experiments/interpretability/scripts/plot_interpretability_results_current.py
interpretability_feature_importance_4x3,interpretability_results_source_data_A.csv,Pressure_kPa,Measurement pressure.,kPa,number,curated-bundle,experiments/interpretability/scripts/plot_interpretability_results_current.py
interpretability_feature_importance_4x3,interpretability_results_source_data_A.csv,Cation_Family,Curated cation-family label.,not applicable / categorical,string,curated-bundle,experiments/interpretability/scripts/plot_interpretability_results_current.py
interpretability_feature_importance_4x3,interpretability_results_source_data_A.csv,Anion_Family,Curated anion-family label.,not applicable / categorical,string,curated-bundle,experiments/interpretability/scripts/plot_interpretability_results_current.py
interpretability_feature_importance_4x3,interpretability_results_source_data_A.csv,PC1,First principal-component score of the response representation.,dimensionless standardized score,number,curated-bundle,experiments/interpretability/scripts/plot_interpretability_results_current.py
interpretability_feature_importance_4x3,interpretability_results_source_data_A.csv,PC2,Second principal-component score of the response representation.,dimensionless standardized score,number,curated-bundle,experiments/interpretability/scripts/plot_interpretability_results_current.py
interpretability_feature_importance_4x3,interpretability_results_source_data_A.csv,display_family,Combined display label for an ion family.,not applicable / text,string,curated-bundle,experiments/interpretability/scripts/plot_interpretability_results_current.py
interpretability_feature_importance_4x3,interpretability_results_source_data_B.csv,property,Thermophysical property represented by the record.,not applicable / categorical,string,curated-common,experiments/interpretability/scripts/plot_interpretability_results_current.py
interpretability_feature_importance_4x3,interpretability_results_source_data_B.csv,source,Origin of the record or derived quantity.,not applicable / categorical,string,curated-common,experiments/interpretability/scripts/plot_interpretability_results_current.py
interpretability_feature_importance_4x3,interpretability_results_source_data_B.csv,checkpoint,Model checkpoint used to produce the result.,not applicable / identifier,string,curated-bundle,experiments/interpretability/scripts/plot_interpretability_results_current.py
interpretability_feature_importance_4x3,interpretability_results_source_data_B.csv,val_score,Validation score stored with the checkpoint.,model-metric dependent,number,curated-bundle,experiments/interpretability/scripts/plot_interpretability_results_current.py
interpretability_feature_importance_4x3,interpretability_results_source_data_B.csv,log_MAE,Mean absolute error in natural-log target space.,dimensionless log error,number,curated-bundle,experiments/interpretability/scripts/plot_interpretability_results_current.py
interpretability_feature_importance_4x3,interpretability_results_source_data_B.csv,log_RMSE,Root-mean-square error in natural-log target space.,dimensionless log error,number,curated-bundle,experiments/interpretability/scripts/plot_interpretability_results_current.py
interpretability_feature_importance_4x3,interpretability_results_source_data_B.csv,log_R2,Coefficient of determination in natural-log target space.,dimensionless,number,curated-bundle,experiments/interpretability/scripts/plot_interpretability_results_current.py
interpretability_feature_importance_4x3,interpretability_results_source_data_B.csv,log_NMAE,Range-normalized mean absolute error in natural-log target space.,dimensionless,number,curated-bundle,experiments/interpretability/scripts/plot_interpretability_results_current.py
interpretability_feature_importance_4x3,interpretability_results_source_data_B.csv,raw_MAE,Mean absolute error on the original target scale.,property-dependent,number,curated-bundle,experiments/interpretability/scripts/plot_interpretability_results_current.py
interpretability_feature_importance_4x3,interpretability_results_source_data_B.csv,raw_RMSE,Root-mean-square error on the original target scale.,property-dependent,number,curated-bundle,experiments/interpretability/scripts/plot_interpretability_results_current.py
interpretability_feature_importance_4x3,interpretability_results_source_data_B.csv,raw_R2,Coefficient of determination on the original target scale.,dimensionless,number,curated-bundle,experiments/interpretability/scripts/plot_interpretability_results_current.py
interpretability_feature_importance_4x3,interpretability_results_source_data_B.csv,raw_NMAE,Range-normalized mean absolute error on the original target scale.,dimensionless,number,curated-bundle,experiments/interpretability/scripts/plot_interpretability_results_current.py
interpretability_feature_importance_4x3,interpretability_results_source_data_B.csv,label_count,Number of available labels represented by the record.,count,integer,curated-bundle,experiments/interpretability/scripts/plot_interpretability_results_current.py
interpretability_feature_importance_4x3,interpretability_results_source_data_C.csv,property,Thermophysical property represented by the record.,not applicable / categorical,string,curated-common,experiments/interpretability/scripts/plot_interpretability_results_current.py
interpretability_feature_importance_4x3,interpretability_results_source_data_C.csv,abs_log_error,Absolute prediction error in natural-log target space.,dimensionless log error,number,curated-bundle,experiments/interpretability/scripts/plot_interpretability_results_current.py
interpretability_feature_importance_4x3,interpretability_results_source_data_C.csv,positive_prediction,Whether the model prediction is positive on the original scale.,boolean,boolean,curated-bundle,experiments/interpretability/scripts/plot_interpretability_results_current.py
interpretability_feature_importance_4x3,interpretability_results_source_data_D.csv,property,Thermophysical property represented by the record.,not applicable / categorical,string,curated-common,experiments/interpretability/scripts/plot_interpretability_results_current.py
interpretability_feature_importance_4x3,interpretability_results_source_data_D.csv,Temperature_K,Measurement temperature.,K,number,curated-bundle,experiments/interpretability/scripts/plot_interpretability_results_current.py
interpretability_feature_importance_4x3,interpretability_results_source_data_D.csv,temperature_bin,Temperature interval used for error aggregation.,not applicable / categorical,string,curated-bundle,experiments/interpretability/scripts/plot_interpretability_results_current.py
interpretability_feature_importance_4x3,interpretability_results_source_data_D.csv,abs_log_error,Absolute prediction error in natural-log target space.,dimensionless log error,number,curated-bundle,experiments/interpretability/scripts/plot_interpretability_results_current.py
interpretability_feature_importance_4x3,interpretability_results_source_data_E.csv,property,Thermophysical property represented by the record.,not applicable / categorical,string,curated-common,experiments/interpretability/scripts/plot_interpretability_results_current.py
interpretability_feature_importance_4x3,interpretability_results_source_data_E.csv,Density,Property-specific error or attribution value for Density.,analysis-dependent,number,curated-bundle,experiments/interpretability/scripts/plot_interpretability_results_current.py
interpretability_feature_importance_4x3,interpretability_results_source_data_E.csv,Visc.,Property-specific error or attribution value for Visc..,analysis-dependent,number,curated-bundle,experiments/interpretability/scripts/plot_interpretability_results_current.py
interpretability_feature_importance_4x3,interpretability_results_source_data_E.csv,EC,Property-specific error or attribution value for EC.,analysis-dependent,number,curated-bundle,experiments/interpretability/scripts/plot_interpretability_results_current.py
interpretability_feature_importance_4x3,interpretability_results_source_data_E.csv,HC,Property-specific error or attribution value for HC.,analysis-dependent,number,curated-bundle,experiments/interpretability/scripts/plot_interpretability_results_current.py
interpretability_feature_importance_4x3,interpretability_results_source_data_E.csv,ST,Property-specific error or attribution value for ST.,analysis-dependent,number,curated-bundle,experiments/interpretability/scripts/plot_interpretability_results_current.py
interpretability_feature_importance_4x3,interpretability_results_source_data_E.csv,TC,Property-specific error or attribution value for TC.,analysis-dependent,number,curated-bundle,experiments/interpretability/scripts/plot_interpretability_results_current.py
interpretability_feature_importance_4x3,interpretability_results_source_data_F.csv,display_cation,Display label for the cation family.,not applicable / text,string,curated-bundle,experiments/interpretability/scripts/plot_interpretability_results_current.py
interpretability_feature_importance_4x3,interpretability_results_source_data_F.csv,display_anion,Display label for the anion family.,not applicable / text,string,curated-bundle,experiments/interpretability/scripts/plot_interpretability_results_current.py
interpretability_feature_importance_4x3,interpretability_results_source_data_F.csv,property,Thermophysical property represented by the record.,not applicable / categorical,string,curated-common,experiments/interpretability/scripts/plot_interpretability_results_current.py
interpretability_feature_importance_4x3,interpretability_results_source_data_F.csv,abs_log_error,Absolute prediction error in natural-log target space.,dimensionless log error,number,curated-bundle,experiments/interpretability/scripts/plot_interpretability_results_current.py
interpretability_feature_importance_4x3,interpretability_results_source_data_G.csv,domain,"Cation, anion, or ion-pair structural domain.",not applicable / categorical,string,curated-bundle,experiments/interpretability/scripts/plot_interpretability_results_current.py
interpretability_feature_importance_4x3,interpretability_results_source_data_G.csv,motif,Curated molecular motif.,not applicable / categorical,string,curated-bundle,experiments/interpretability/scripts/plot_interpretability_results_current.py
interpretability_feature_importance_4x3,interpretability_results_source_data_G.csv,property,Thermophysical property represented by the record.,not applicable / categorical,string,curated-common,experiments/interpretability/scripts/plot_interpretability_results_current.py
interpretability_feature_importance_4x3,interpretability_results_source_data_G.csv,property_short,Abbreviated thermophysical-property label.,not applicable / categorical,string,curated-common,experiments/interpretability/scripts/plot_interpretability_results_current.py
interpretability_feature_importance_4x3,interpretability_results_source_data_G.csv,n_present,Number of records in which the motif is present.,count,integer,curated-bundle,experiments/interpretability/scripts/plot_interpretability_results_current.py
interpretability_feature_importance_4x3,interpretability_results_source_data_G.csv,n_absent,Number of records in which the motif is absent.,count,integer,curated-bundle,experiments/interpretability/scripts/plot_interpretability_results_current.py
interpretability_feature_importance_4x3,interpretability_results_source_data_G.csv,present_median_abs_log_error,Median absolute natural-log error when the motif is present.,dimensionless log error,number,curated-bundle,experiments/interpretability/scripts/plot_interpretability_results_current.py
interpretability_feature_importance_4x3,interpretability_results_source_data_G.csv,absent_median_abs_log_error,Median absolute natural-log error when the motif is absent.,dimensionless log error,number,curated-bundle,experiments/interpretability/scripts/plot_interpretability_results_current.py
interpretability_feature_importance_4x3,interpretability_results_source_data_G.csv,delta_median_abs_log_error,Present-minus-absent median absolute natural-log error.,dimensionless log error,number,curated-bundle,experiments/interpretability/scripts/plot_interpretability_results_current.py
interpretability_feature_importance_4x3,interpretability_results_source_data_H.csv,domain,"Cation, anion, or ion-pair structural domain.",not applicable / categorical,string,curated-bundle,experiments/interpretability/scripts/plot_interpretability_results_current.py
interpretability_feature_importance_4x3,interpretability_results_source_data_H.csv,motif,Curated molecular motif.,not applicable / categorical,string,curated-bundle,experiments/interpretability/scripts/plot_interpretability_results_current.py
interpretability_feature_importance_4x3,interpretability_results_source_data_H.csv,property,Thermophysical property represented by the record.,not applicable / categorical,string,curated-common,experiments/interpretability/scripts/plot_interpretability_results_current.py
interpretability_feature_importance_4x3,interpretability_results_source_data_H.csv,property_short,Abbreviated thermophysical-property label.,not applicable / categorical,string,curated-common,experiments/interpretability/scripts/plot_interpretability_results_current.py
interpretability_feature_importance_4x3,interpretability_results_source_data_H.csv,n_present,Number of records in which the motif is present.,count,integer,curated-bundle,experiments/interpretability/scripts/plot_interpretability_results_current.py
interpretability_feature_importance_4x3,interpretability_results_source_data_H.csv,n_absent,Number of records in which the motif is absent.,count,integer,curated-bundle,experiments/interpretability/scripts/plot_interpretability_results_current.py
interpretability_feature_importance_4x3,interpretability_results_source_data_H.csv,present_median_abs_log_error,Median absolute natural-log error when the motif is present.,dimensionless log error,number,curated-bundle,experiments/interpretability/scripts/plot_interpretability_results_current.py
interpretability_feature_importance_4x3,interpretability_results_source_data_H.csv,absent_median_abs_log_error,Median absolute natural-log error when the motif is absent.,dimensionless log error,number,curated-bundle,experiments/interpretability/scripts/plot_interpretability_results_current.py
interpretability_feature_importance_4x3,interpretability_results_source_data_H.csv,delta_median_abs_log_error,Present-minus-absent median absolute natural-log error.,dimensionless log error,number,curated-bundle,experiments/interpretability/scripts/plot_interpretability_results_current.py
interpretability_feature_importance_4x3,interpretability_results_source_data_I.csv,domain,"Cation, anion, or ion-pair structural domain.",not applicable / categorical,string,curated-bundle,experiments/interpretability/scripts/plot_interpretability_results_current.py
interpretability_feature_importance_4x3,interpretability_results_source_data_I.csv,motif,Curated molecular motif.,not applicable / categorical,string,curated-bundle,experiments/interpretability/scripts/plot_interpretability_results_current.py
interpretability_feature_importance_4x3,interpretability_results_source_data_I.csv,property,Thermophysical property represented by the record.,not applicable / categorical,string,curated-common,experiments/interpretability/scripts/plot_interpretability_results_current.py
interpretability_feature_importance_4x3,interpretability_results_source_data_I.csv,property_short,Abbreviated thermophysical-property label.,not applicable / categorical,string,curated-common,experiments/interpretability/scripts/plot_interpretability_results_current.py
interpretability_feature_importance_4x3,interpretability_results_source_data_I.csv,n_present,Number of records in which the motif is present.,count,integer,curated-bundle,experiments/interpretability/scripts/plot_interpretability_results_current.py
interpretability_feature_importance_4x3,interpretability_results_source_data_I.csv,n_absent,Number of records in which the motif is absent.,count,integer,curated-bundle,experiments/interpretability/scripts/plot_interpretability_results_current.py
interpretability_feature_importance_4x3,interpretability_results_source_data_I.csv,present_median_abs_log_error,Median absolute natural-log error when the motif is present.,dimensionless log error,number,curated-bundle,experiments/interpretability/scripts/plot_interpretability_results_current.py
interpretability_feature_importance_4x3,interpretability_results_source_data_I.csv,absent_median_abs_log_error,Median absolute natural-log error when the motif is absent.,dimensionless log error,number,curated-bundle,experiments/interpretability/scripts/plot_interpretability_results_current.py
interpretability_feature_importance_4x3,interpretability_results_source_data_I.csv,delta_median_abs_log_error,Present-minus-absent median absolute natural-log error.,dimensionless log error,number,curated-bundle,experiments/interpretability/scripts/plot_interpretability_results_current.py
interpretability_feature_importance_4x3,interpretability_results_source_data_M.csv,domain,"Cation, anion, or ion-pair structural domain.",not applicable / categorical,string,curated-bundle,experiments/interpretability/scripts/plot_interpretability_results_current.py
interpretability_feature_importance_4x3,interpretability_results_source_data_M.csv,motif,Curated molecular motif.,not applicable / categorical,string,curated-bundle,experiments/interpretability/scripts/plot_interpretability_results_current.py
interpretability_feature_importance_4x3,interpretability_results_source_data_M.csv,property,Thermophysical property represented by the record.,not applicable / categorical,string,curated-common,experiments/interpretability/scripts/plot_interpretability_results_current.py
interpretability_feature_importance_4x3,interpretability_results_source_data_M.csv,property_short,Abbreviated thermophysical-property label.,not applicable / categorical,string,curated-common,experiments/interpretability/scripts/plot_interpretability_results_current.py
interpretability_feature_importance_4x3,interpretability_results_source_data_M.csv,n_present,Number of records in which the motif is present.,count,integer,curated-bundle,experiments/interpretability/scripts/plot_interpretability_results_current.py
interpretability_feature_importance_4x3,interpretability_results_source_data_M.csv,n_absent,Number of records in which the motif is absent.,count,integer,curated-bundle,experiments/interpretability/scripts/plot_interpretability_results_current.py
interpretability_feature_importance_4x3,interpretability_results_source_data_M.csv,present_median_abs_log_error,Median absolute natural-log error when the motif is present.,dimensionless log error,number,curated-bundle,experiments/interpretability/scripts/plot_interpretability_results_current.py
interpretability_feature_importance_4x3,interpretability_results_source_data_M.csv,absent_median_abs_log_error,Median absolute natural-log error when the motif is absent.,dimensionless log error,number,curated-bundle,experiments/interpretability/scripts/plot_interpretability_results_current.py
interpretability_feature_importance_4x3,interpretability_results_source_data_M.csv,delta_median_abs_log_error,Present-minus-absent median absolute natural-log error.,dimensionless log error,number,curated-bundle,experiments/interpretability/scripts/plot_interpretability_results_current.py
molecular_origin_analysis,source_data/figure_main_molecular_origin_analysis_final_panel_a_source_data.csv,property,Thermophysical property represented by the row.,not applicable / categorical,string,curated-local,experiments/molecular_origin_analysis/package_source_data.py
molecular_origin_analysis,source_data/figure_main_molecular_origin_analysis_final_panel_a_source_data.csv,feature,Machine-readable structural descriptor name.,not applicable / categorical,string,curated-local,experiments/molecular_origin_analysis/package_source_data.py
molecular_origin_analysis,source_data/figure_main_molecular_origin_analysis_final_panel_a_source_data.csv,structural_scope,"Cation, anion, or ion-pair scope of the descriptor.",not applicable / categorical,string,curated-local,experiments/molecular_origin_analysis/package_source_data.py
molecular_origin_analysis,source_data/figure_main_molecular_origin_analysis_final_panel_a_source_data.csv,data_type,Experimental or model-derived evidence source.,not applicable / categorical,string,curated-local,experiments/molecular_origin_analysis/package_source_data.py
molecular_origin_analysis,source_data/figure_main_molecular_origin_analysis_final_panel_a_source_data.csv,analysis_weighting,Weighting unit used in the statistical analysis.,not applicable / categorical,string,curated-local,experiments/molecular_origin_analysis/package_source_data.py
molecular_origin_analysis,source_data/figure_main_molecular_origin_analysis_final_panel_a_source_data.csv,n_records,Number of condition-level records.,not applicable / categorical,number,curated-local,experiments/molecular_origin_analysis/package_source_data.py
molecular_origin_analysis,source_data/figure_main_molecular_origin_analysis_final_panel_a_source_data.csv,n_unique_ils,Number of unique ionic-liquid identities.,not applicable / categorical,number,curated-local,experiments/molecular_origin_analysis/package_source_data.py
molecular_origin_analysis,source_data/figure_main_molecular_origin_analysis_final_panel_a_source_data.csv,n_cation_families,Number of represented cation families.,not applicable / categorical,number,curated-local,experiments/molecular_origin_analysis/package_source_data.py
molecular_origin_analysis,source_data/figure_main_molecular_origin_analysis_final_panel_a_source_data.csv,n_anion_families,Number of represented anion families.,not applicable / categorical,number,curated-local,experiments/molecular_origin_analysis/package_source_data.py
molecular_origin_analysis,source_data/figure_main_molecular_origin_analysis_final_panel_a_source_data.csv,partial_correlation,Condition-adjusted experimental partial correlation.,dimensionless,number,curated-local,experiments/molecular_origin_analysis/package_source_data.py
molecular_origin_analysis,source_data/figure_main_molecular_origin_analysis_final_panel_a_source_data.csv,partial_p,Unadjusted P value for the experimental partial correlation.,dimensionless,number,curated-local,experiments/molecular_origin_analysis/package_source_data.py
molecular_origin_analysis,source_data/figure_main_molecular_origin_analysis_final_panel_a_source_data.csv,model_partial_correlation,Condition-adjusted model-response partial correlation.,dimensionless,number,curated-local,experiments/molecular_origin_analysis/package_source_data.py
molecular_origin_analysis,source_data/figure_main_molecular_origin_analysis_final_panel_a_source_data.csv,model_partial_p,Unadjusted P value for the model-response partial correlation.,dimensionless,number,curated-local,experiments/molecular_origin_analysis/package_source_data.py
molecular_origin_analysis,source_data/figure_main_molecular_origin_analysis_final_panel_a_source_data.csv,family_consistency,Family consistency.,not applicable / categorical,number,curated-local,experiments/molecular_origin_analysis/package_source_data.py
molecular_origin_analysis,source_data/figure_main_molecular_origin_analysis_final_panel_a_source_data.csv,family_comparison_count,Family comparison count.,not applicable / categorical,number,curated-local,experiments/molecular_origin_analysis/package_source_data.py
molecular_origin_analysis,source_data/figure_main_molecular_origin_analysis_final_panel_a_source_data.csv,bootstrap_ci_low,Lower bound of the stated bootstrap confidence interval.,same scale as associated statistic,number,curated-local,experiments/molecular_origin_analysis/package_source_data.py
molecular_origin_analysis,source_data/figure_main_molecular_origin_analysis_final_panel_a_source_data.csv,bootstrap_ci_high,Upper bound of the stated bootstrap confidence interval.,same scale as associated statistic,number,curated-local,experiments/molecular_origin_analysis/package_source_data.py
molecular_origin_analysis,source_data/figure_main_molecular_origin_analysis_final_panel_a_source_data.csv,selection_stability,Bootstrap selection frequency.,fraction,number,curated-local,experiments/molecular_origin_analysis/package_source_data.py
molecular_origin_analysis,source_data/figure_main_molecular_origin_analysis_final_panel_a_source_data.csv,eligibility_status,Eligibility status.,not applicable / categorical,string,curated-local,experiments/molecular_origin_analysis/package_source_data.py
molecular_origin_analysis,source_data/figure_main_molecular_origin_analysis_final_panel_a_source_data.csv,exclusion_reason,Exclusion reason.,not applicable / categorical,empty,curated-local,experiments/molecular_origin_analysis/package_source_data.py
molecular_origin_analysis,source_data/figure_main_molecular_origin_analysis_final_panel_a_source_data.csv,pressure_missing_records,Pressure missing records.,not applicable / categorical,number,curated-local,experiments/molecular_origin_analysis/package_source_data.py
molecular_origin_analysis,source_data/figure_main_molecular_origin_analysis_final_panel_a_source_data.csv,pressure_availability_in_design,Pressure availability in design.,not applicable / categorical,boolean,curated-local,experiments/molecular_origin_analysis/package_source_data.py
molecular_origin_analysis,source_data/figure_main_molecular_origin_analysis_final_panel_a_source_data.csv,data_source_covariate,Data source covariate.,not applicable / categorical,string,curated-local,experiments/molecular_origin_analysis/package_source_data.py
molecular_origin_analysis,source_data/figure_main_molecular_origin_analysis_final_panel_a_source_data.csv,response_scale,Response scale.,not applicable / categorical,string,curated-local,experiments/molecular_origin_analysis/package_source_data.py
molecular_origin_analysis,source_data/figure_main_molecular_origin_analysis_final_panel_a_source_data.csv,fdr_scope,Fdr scope.,not applicable / categorical,string,curated-local,experiments/molecular_origin_analysis/package_source_data.py
molecular_origin_analysis,source_data/figure_main_molecular_origin_analysis_final_panel_a_source_data.csv,causal_interpretation,Causal interpretation.,not applicable / categorical,boolean,curated-local,experiments/molecular_origin_analysis/package_source_data.py
molecular_origin_analysis,source_data/figure_main_molecular_origin_analysis_final_panel_a_source_data.csv,feature_cluster,Feature cluster.,not applicable / categorical,string,curated-local,experiments/molecular_origin_analysis/package_source_data.py
molecular_origin_analysis,source_data/figure_main_molecular_origin_analysis_final_panel_a_source_data.csv,unique_feature_values,Unique feature values.,not applicable / categorical,number,curated-local,experiments/molecular_origin_analysis/package_source_data.py
molecular_origin_analysis,source_data/figure_main_molecular_origin_analysis_final_panel_a_source_data.csv,fdr_q,False-discovery-rate-adjusted q value.,dimensionless,number,curated-local,experiments/molecular_origin_analysis/package_source_data.py
molecular_origin_analysis,source_data/figure_main_molecular_origin_analysis_final_panel_a_source_data.csv,model_fdr_q,FDR-adjusted q value for the model-response association.,dimensionless,number,curated-local,experiments/molecular_origin_analysis/package_source_data.py
molecular_origin_analysis,source_data/figure_main_molecular_origin_analysis_final_panel_a_source_data.csv,effect_direction,Effect direction.,not applicable / categorical,string,curated-local,experiments/molecular_origin_analysis/package_source_data.py
molecular_origin_analysis,source_data/figure_main_molecular_origin_analysis_final_panel_a_source_data.csv,selection_rank,Selection rank.,not applicable / categorical,number,curated-local,experiments/molecular_origin_analysis/package_source_data.py
molecular_origin_analysis,source_data/figure_main_molecular_origin_analysis_final_panel_a_source_data.csv,main_figure_eligible,Main figure eligible.,not applicable / categorical,boolean,curated-local,experiments/molecular_origin_analysis/package_source_data.py
molecular_origin_analysis,source_data/figure_main_molecular_origin_analysis_final_panel_a_source_data.csv,statistical_support,Statistical support.,not applicable / categorical,boolean,curated-local,experiments/molecular_origin_analysis/package_source_data.py
molecular_origin_analysis,source_data/figure_main_molecular_origin_analysis_final_panel_a_source_data.csv,confidence_level,Audited evidence level used in the figure.,not applicable / categorical,string,curated-local,experiments/molecular_origin_analysis/package_source_data.py
molecular_origin_analysis,source_data/figure_main_molecular_origin_analysis_final_panel_a_source_data.csv,line_alpha,Plotting opacity used for the evidence level.,fraction,number,curated-local,experiments/molecular_origin_analysis/package_source_data.py
molecular_origin_analysis,source_data/figure_main_molecular_origin_analysis_final_panel_a_source_data.csv,abs_effect,Absolute magnitude of the visualized statistic.,dimensionless,number,curated-local,experiments/molecular_origin_analysis/package_source_data.py
molecular_origin_analysis,source_data/figure_main_molecular_origin_analysis_final_panel_a_source_data.csv,line_width_pt,Plotting line width encoding effect magnitude.,pt,number,curated-local,experiments/molecular_origin_analysis/package_source_data.py
molecular_origin_analysis,source_data/figure_main_molecular_origin_analysis_final_panel_a_source_data.csv,property_order,Property order.,not applicable / categorical,integer,curated-local,experiments/molecular_origin_analysis/package_source_data.py
molecular_origin_analysis,source_data/figure_main_molecular_origin_analysis_final_panel_a_source_data.csv,evidence_family,Evidence family.,not applicable / categorical,string,curated-local,experiments/molecular_origin_analysis/package_source_data.py
molecular_origin_analysis,source_data/figure_main_molecular_origin_analysis_final_panel_a_source_data.csv,signed_effect,Signed statistic visualized in the evidence map.,dimensionless,number,curated-local,experiments/molecular_origin_analysis/package_source_data.py
molecular_origin_analysis,source_data/figure_main_molecular_origin_analysis_final_panel_a_source_data.csv,interaction_category,Interaction category.,not applicable / categorical,string,curated-local,experiments/molecular_origin_analysis/package_source_data.py
molecular_origin_analysis,source_data/figure_main_molecular_origin_analysis_final_panel_a_source_data.csv,attention_metric,Attention metric.,not applicable / categorical,string,curated-local,experiments/molecular_origin_analysis/package_source_data.py
molecular_origin_analysis,source_data/figure_main_molecular_origin_analysis_final_panel_a_source_data.csv,low_group_mean,Low group mean.,not applicable / categorical,number,curated-local,experiments/molecular_origin_analysis/package_source_data.py
molecular_origin_analysis,source_data/figure_main_molecular_origin_analysis_final_panel_a_source_data.csv,high_group_mean,High group mean.,not applicable / categorical,number,curated-local,experiments/molecular_origin_analysis/package_source_data.py
molecular_origin_analysis,source_data/figure_main_molecular_origin_analysis_final_panel_a_source_data.csv,high_minus_low,High minus low.,not applicable / categorical,number,curated-local,experiments/molecular_origin_analysis/package_source_data.py
molecular_origin_analysis,source_data/figure_main_molecular_origin_analysis_final_panel_a_source_data.csv,ci_excludes_zero,Ci excludes zero.,not applicable / categorical,boolean,curated-local,experiments/molecular_origin_analysis/package_source_data.py
molecular_origin_analysis,source_data/figure_main_molecular_origin_analysis_final_panel_a_source_data.csv,low_group_unique_ils,Low group unique ils.,not applicable / categorical,number,curated-local,experiments/molecular_origin_analysis/package_source_data.py
molecular_origin_analysis,source_data/figure_main_molecular_origin_analysis_final_panel_a_source_data.csv,high_group_unique_ils,High group unique ils.,not applicable / categorical,number,curated-local,experiments/molecular_origin_analysis/package_source_data.py
molecular_origin_analysis,source_data/figure_main_molecular_origin_analysis_final_panel_a_source_data.csv,family_composition_total_variation,Family composition total variation.,not applicable / categorical,number,curated-local,experiments/molecular_origin_analysis/package_source_data.py
molecular_origin_analysis,source_data/figure_main_molecular_origin_analysis_final_panel_a_source_data.csv,grouping_basis,Grouping basis.,not applicable / categorical,string,curated-local,experiments/molecular_origin_analysis/package_source_data.py
molecular_origin_analysis,source_data/figure_main_molecular_origin_analysis_final_panel_a_source_data.csv,interpretation_scope,Interpretation scope.,not applicable / categorical,string,curated-local,experiments/molecular_origin_analysis/package_source_data.py
molecular_origin_analysis,source_data/figure_main_molecular_origin_analysis_final_panel_b_source_data.csv,property,Thermophysical property represented by the row.,not applicable / categorical,string,curated-local,experiments/molecular_origin_analysis/package_source_data.py
molecular_origin_analysis,source_data/figure_main_molecular_origin_analysis_final_panel_b_source_data.csv,feature,Machine-readable structural descriptor name.,not applicable / categorical,string,curated-local,experiments/molecular_origin_analysis/package_source_data.py
molecular_origin_analysis,source_data/figure_main_molecular_origin_analysis_final_panel_b_source_data.csv,structural_scope,"Cation, anion, or ion-pair scope of the descriptor.",not applicable / categorical,string,curated-local,experiments/molecular_origin_analysis/package_source_data.py
molecular_origin_analysis,source_data/figure_main_molecular_origin_analysis_final_panel_b_source_data.csv,data_type,Experimental or model-derived evidence source.,not applicable / categorical,string,curated-local,experiments/molecular_origin_analysis/package_source_data.py
molecular_origin_analysis,source_data/figure_main_molecular_origin_analysis_final_panel_b_source_data.csv,analysis_weighting,Weighting unit used in the statistical analysis.,not applicable / categorical,string,curated-local,experiments/molecular_origin_analysis/package_source_data.py
molecular_origin_analysis,source_data/figure_main_molecular_origin_analysis_final_panel_b_source_data.csv,n_records,Number of condition-level records.,not applicable / categorical,integer,curated-local,experiments/molecular_origin_analysis/package_source_data.py
molecular_origin_analysis,source_data/figure_main_molecular_origin_analysis_final_panel_b_source_data.csv,n_unique_ils,Number of unique ionic-liquid identities.,not applicable / categorical,integer,curated-local,experiments/molecular_origin_analysis/package_source_data.py
molecular_origin_analysis,source_data/figure_main_molecular_origin_analysis_final_panel_b_source_data.csv,n_cation_families,Number of represented cation families.,not applicable / categorical,integer,curated-local,experiments/molecular_origin_analysis/package_source_data.py
molecular_origin_analysis,source_data/figure_main_molecular_origin_analysis_final_panel_b_source_data.csv,n_anion_families,Number of represented anion families.,not applicable / categorical,integer,curated-local,experiments/molecular_origin_analysis/package_source_data.py
molecular_origin_analysis,source_data/figure_main_molecular_origin_analysis_final_panel_b_source_data.csv,partial_correlation,Condition-adjusted experimental partial correlation.,dimensionless,number,curated-local,experiments/molecular_origin_analysis/package_source_data.py
molecular_origin_analysis,source_data/figure_main_molecular_origin_analysis_final_panel_b_source_data.csv,partial_p,Unadjusted P value for the experimental partial correlation.,dimensionless,number,curated-local,experiments/molecular_origin_analysis/package_source_data.py
molecular_origin_analysis,source_data/figure_main_molecular_origin_analysis_final_panel_b_source_data.csv,model_partial_correlation,Condition-adjusted model-response partial correlation.,dimensionless,number,curated-local,experiments/molecular_origin_analysis/package_source_data.py
molecular_origin_analysis,source_data/figure_main_molecular_origin_analysis_final_panel_b_source_data.csv,model_partial_p,Unadjusted P value for the model-response partial correlation.,dimensionless,number,curated-local,experiments/molecular_origin_analysis/package_source_data.py
molecular_origin_analysis,source_data/figure_main_molecular_origin_analysis_final_panel_b_source_data.csv,family_consistency,Family consistency.,not applicable / categorical,number,curated-local,experiments/molecular_origin_analysis/package_source_data.py
molecular_origin_analysis,source_data/figure_main_molecular_origin_analysis_final_panel_b_source_data.csv,family_comparison_count,Family comparison count.,not applicable / categorical,integer,curated-local,experiments/molecular_origin_analysis/package_source_data.py
molecular_origin_analysis,source_data/figure_main_molecular_origin_analysis_final_panel_b_source_data.csv,bootstrap_ci_low,Lower bound of the stated bootstrap confidence interval.,same scale as associated statistic,number,curated-local,experiments/molecular_origin_analysis/package_source_data.py
molecular_origin_analysis,source_data/figure_main_molecular_origin_analysis_final_panel_b_source_data.csv,bootstrap_ci_high,Upper bound of the stated bootstrap confidence interval.,same scale as associated statistic,number,curated-local,experiments/molecular_origin_analysis/package_source_data.py
molecular_origin_analysis,source_data/figure_main_molecular_origin_analysis_final_panel_b_source_data.csv,selection_stability,Bootstrap selection frequency.,fraction,number,curated-local,experiments/molecular_origin_analysis/package_source_data.py
molecular_origin_analysis,source_data/figure_main_molecular_origin_analysis_final_panel_b_source_data.csv,eligibility_status,Eligibility status.,not applicable / categorical,string,curated-local,experiments/molecular_origin_analysis/package_source_data.py
molecular_origin_analysis,source_data/figure_main_molecular_origin_analysis_final_panel_b_source_data.csv,exclusion_reason,Exclusion reason.,not applicable / categorical,empty,curated-local,experiments/molecular_origin_analysis/package_source_data.py
molecular_origin_analysis,source_data/figure_main_molecular_origin_analysis_final_panel_b_source_data.csv,pressure_missing_records,Pressure missing records.,not applicable / categorical,integer,curated-local,experiments/molecular_origin_analysis/package_source_data.py
molecular_origin_analysis,source_data/figure_main_molecular_origin_analysis_final_panel_b_source_data.csv,pressure_availability_in_design,Pressure availability in design.,not applicable / categorical,boolean,curated-local,experiments/molecular_origin_analysis/package_source_data.py
molecular_origin_analysis,source_data/figure_main_molecular_origin_analysis_final_panel_b_source_data.csv,data_source_covariate,Data source covariate.,not applicable / categorical,string,curated-local,experiments/molecular_origin_analysis/package_source_data.py
molecular_origin_analysis,source_data/figure_main_molecular_origin_analysis_final_panel_b_source_data.csv,response_scale,Response scale.,not applicable / categorical,string,curated-local,experiments/molecular_origin_analysis/package_source_data.py
molecular_origin_analysis,source_data/figure_main_molecular_origin_analysis_final_panel_b_source_data.csv,fdr_scope,Fdr scope.,not applicable / categorical,string,curated-local,experiments/molecular_origin_analysis/package_source_data.py
molecular_origin_analysis,source_data/figure_main_molecular_origin_analysis_final_panel_b_source_data.csv,causal_interpretation,Causal interpretation.,not applicable / categorical,boolean,curated-local,experiments/molecular_origin_analysis/package_source_data.py
molecular_origin_analysis,source_data/figure_main_molecular_origin_analysis_final_panel_b_source_data.csv,feature_cluster,Feature cluster.,not applicable / categorical,string,curated-local,experiments/molecular_origin_analysis/package_source_data.py
molecular_origin_analysis,source_data/figure_main_molecular_origin_analysis_final_panel_b_source_data.csv,unique_feature_values,Unique feature values.,not applicable / categorical,integer,curated-local,experiments/molecular_origin_analysis/package_source_data.py
molecular_origin_analysis,source_data/figure_main_molecular_origin_analysis_final_panel_b_source_data.csv,fdr_q,False-discovery-rate-adjusted q value.,dimensionless,number,curated-local,experiments/molecular_origin_analysis/package_source_data.py
molecular_origin_analysis,source_data/figure_main_molecular_origin_analysis_final_panel_b_source_data.csv,model_fdr_q,FDR-adjusted q value for the model-response association.,dimensionless,number,curated-local,experiments/molecular_origin_analysis/package_source_data.py
molecular_origin_analysis,source_data/figure_main_molecular_origin_analysis_final_panel_b_source_data.csv,effect_direction,Effect direction.,not applicable / categorical,string,curated-local,experiments/molecular_origin_analysis/package_source_data.py
molecular_origin_analysis,source_data/figure_main_molecular_origin_analysis_final_panel_b_source_data.csv,selection_rank,Selection rank.,not applicable / categorical,number,curated-local,experiments/molecular_origin_analysis/package_source_data.py
molecular_origin_analysis,source_data/figure_main_molecular_origin_analysis_final_panel_b_source_data.csv,main_figure_eligible,Main figure eligible.,not applicable / categorical,boolean,curated-local,experiments/molecular_origin_analysis/package_source_data.py
molecular_origin_analysis,source_data/figure_main_molecular_origin_analysis_final_panel_b_source_data.csv,statistical_support,Statistical support.,not applicable / categorical,boolean,curated-local,experiments/molecular_origin_analysis/package_source_data.py
molecular_origin_analysis,source_data/figure_main_molecular_origin_analysis_final_panel_b_source_data.csv,confidence_level,Audited evidence level used in the figure.,not applicable / categorical,string,curated-local,experiments/molecular_origin_analysis/package_source_data.py
molecular_origin_analysis,source_data/figure_main_molecular_origin_analysis_final_panel_b_source_data.csv,abs_effect,Absolute magnitude of the visualized statistic.,dimensionless,number,curated-local,experiments/molecular_origin_analysis/package_source_data.py
molecular_origin_analysis,source_data/figure_main_molecular_origin_analysis_final_panel_c_source_data.csv,property,Thermophysical property represented by the row.,not applicable / categorical,string,curated-local,experiments/molecular_origin_analysis/package_source_data.py
molecular_origin_analysis,source_data/figure_main_molecular_origin_analysis_final_panel_c_source_data.csv,feature,Machine-readable structural descriptor name.,not applicable / categorical,string,curated-local,experiments/molecular_origin_analysis/package_source_data.py
molecular_origin_analysis,source_data/figure_main_molecular_origin_analysis_final_panel_c_source_data.csv,feature_cluster,Feature cluster.,not applicable / categorical,string,curated-local,experiments/molecular_origin_analysis/package_source_data.py
molecular_origin_analysis,source_data/figure_main_molecular_origin_analysis_final_panel_c_source_data.csv,structural_scope,"Cation, anion, or ion-pair scope of the descriptor.",not applicable / categorical,string,curated-local,experiments/molecular_origin_analysis/package_source_data.py
molecular_origin_analysis,source_data/figure_main_molecular_origin_analysis_final_panel_c_source_data.csv,selection_rank,Selection rank.,not applicable / categorical,integer,curated-local,experiments/molecular_origin_analysis/package_source_data.py
molecular_origin_analysis,source_data/figure_main_molecular_origin_analysis_final_panel_c_source_data.csv,partial_r,Condition-adjusted experimental partial correlation.,dimensionless,number,curated-local,experiments/molecular_origin_analysis/package_source_data.py
molecular_origin_analysis,source_data/figure_main_molecular_origin_analysis_final_panel_c_source_data.csv,fdr_q,False-discovery-rate-adjusted q value.,dimensionless,number,curated-local,experiments/molecular_origin_analysis/package_source_data.py
molecular_origin_analysis,source_data/figure_main_molecular_origin_analysis_final_panel_c_source_data.csv,selection_stability,Bootstrap selection frequency.,fraction,number,curated-local,experiments/molecular_origin_analysis/package_source_data.py
molecular_origin_analysis,source_data/figure_main_molecular_origin_analysis_final_panel_c_source_data.csv,main_figure_eligible,Main figure eligible.,not applicable / categorical,boolean,curated-local,experiments/molecular_origin_analysis/package_source_data.py
molecular_origin_analysis,source_data/figure_main_molecular_origin_analysis_final_panel_c_source_data.csv,quantile_bin,Ordinal descriptor bin.,not applicable / categorical,integer,curated-local,experiments/molecular_origin_analysis/package_source_data.py
molecular_origin_analysis,source_data/figure_main_molecular_origin_analysis_final_panel_c_source_data.csv,quantile_label,Display label of the descriptor bin.,not applicable / categorical,string,curated-local,experiments/molecular_origin_analysis/package_source_data.py
molecular_origin_analysis,source_data/figure_main_molecular_origin_analysis_final_panel_c_source_data.csv,sample_count,Number of identity-level observations in the bin.,not applicable / categorical,integer,curated-local,experiments/molecular_origin_analysis/package_source_data.py
molecular_origin_analysis,source_data/figure_main_molecular_origin_analysis_final_panel_c_source_data.csv,n_unique_ils,Number of unique ionic-liquid identities.,not applicable / categorical,integer,curated-local,experiments/molecular_origin_analysis/package_source_data.py
molecular_origin_analysis,source_data/figure_main_molecular_origin_analysis_final_panel_c_source_data.csv,feature_bin_median,Median descriptor value in the bin.,not applicable / categorical,number,curated-local,experiments/molecular_origin_analysis/package_source_data.py
molecular_origin_analysis,source_data/figure_main_molecular_origin_analysis_final_panel_c_source_data.csv,response_log_mean,Mean condition-adjusted response on the natural-log scale.,natural-log response,number,curated-local,experiments/molecular_origin_analysis/package_source_data.py
molecular_origin_analysis,source_data/figure_main_molecular_origin_analysis_final_panel_c_source_data.csv,bootstrap_ci_low,Lower bound of the stated bootstrap confidence interval.,same scale as associated statistic,number,curated-local,experiments/molecular_origin_analysis/package_source_data.py
molecular_origin_analysis,source_data/figure_main_molecular_origin_analysis_final_panel_c_source_data.csv,bootstrap_ci_high,Upper bound of the stated bootstrap confidence interval.,same scale as associated statistic,number,curated-local,experiments/molecular_origin_analysis/package_source_data.py
molecular_origin_analysis,source_data/figure_main_molecular_origin_analysis_final_panel_c_source_data.csv,uncertainty_definition,Uncertainty definition.,not applicable / categorical,string,curated-local,experiments/molecular_origin_analysis/package_source_data.py
molecular_origin_analysis,source_data/figure_main_molecular_origin_analysis_final_panel_c_source_data.csv,monotonic_bin_spearman,Monotonic bin spearman.,not applicable / categorical,number,curated-local,experiments/molecular_origin_analysis/package_source_data.py
molecular_origin_analysis,source_data/figure_main_molecular_origin_analysis_final_panel_c_source_data.csv,turning_point_count,Turning point count.,not applicable / categorical,integer,curated-local,experiments/molecular_origin_analysis/package_source_data.py
molecular_origin_analysis,source_data/figure_main_molecular_origin_analysis_final_panel_c_source_data.csv,nonlinearity_flag,Nonlinearity flag.,not applicable / categorical,boolean,curated-local,experiments/molecular_origin_analysis/package_source_data.py
molecular_origin_analysis,source_data/figure_main_molecular_origin_analysis_final_panel_c_source_data.csv,response_shape_support,Response shape support.,not applicable / categorical,boolean,curated-local,experiments/molecular_origin_analysis/package_source_data.py
molecular_origin_analysis,source_data/figure_main_molecular_origin_analysis_final_panel_c_source_data.csv,confidence_level,Audited evidence level used in the figure.,not applicable / categorical,string,curated-local,experiments/molecular_origin_analysis/package_source_data.py
molecular_origin_analysis,source_data/figure_main_molecular_origin_analysis_final_panel_c_source_data.csv,line_alpha,Plotting opacity used for the evidence level.,fraction,number,curated-local,experiments/molecular_origin_analysis/package_source_data.py
molecular_origin_analysis,source_data/figure_main_molecular_origin_analysis_final_panel_c_source_data.csv,full_feature_label,Complete display label used for the descriptor.,not applicable / categorical,string,curated-local,experiments/molecular_origin_analysis/package_source_data.py
molecular_origin_analysis,source_data/figure_main_molecular_origin_analysis_final_panel_c_source_data.csv,exploratory,Whether the result is explicitly marked exploratory.,not applicable / categorical,boolean,curated-local,experiments/molecular_origin_analysis/package_source_data.py
molecular_origin_analysis,source_data/figure_main_molecular_origin_analysis_final_panel_d_source_data.csv,property,Thermophysical property represented by the row.,not applicable / categorical,string,curated-local,experiments/molecular_origin_analysis/package_source_data.py
molecular_origin_analysis,source_data/figure_main_molecular_origin_analysis_final_panel_d_source_data.csv,substitution_pair_id,Stable identifier for one unordered ion-substitution pair.,not applicable / categorical,string,curated-local,experiments/molecular_origin_analysis/package_source_data.py
molecular_origin_analysis,source_data/figure_main_molecular_origin_analysis_final_panel_d_source_data.csv,fixed_role,Whether the cation or anion is held fixed.,not applicable / categorical,string,curated-local,experiments/molecular_origin_analysis/package_source_data.py
molecular_origin_analysis,source_data/figure_main_molecular_origin_analysis_final_panel_d_source_data.csv,fixed_ion_smiles,SMILES of the ion held fixed.,not applicable / categorical,string,curated-local,experiments/molecular_origin_analysis/package_source_data.py
molecular_origin_analysis,source_data/figure_main_molecular_origin_analysis_final_panel_d_source_data.csv,left_changed_ion_smiles,SMILES of the first substituted ion.,not applicable / categorical,string,curated-local,experiments/molecular_origin_analysis/package_source_data.py
molecular_origin_analysis,source_data/figure_main_molecular_origin_analysis_final_panel_d_source_data.csv,right_changed_ion_smiles,SMILES of the second substituted ion.,not applicable / categorical,string,curated-local,experiments/molecular_origin_analysis/package_source_data.py
molecular_origin_analysis,source_data/figure_main_molecular_origin_analysis_final_panel_d_source_data.csv,n_condition_matches,Number of matched experimental conditions.,not applicable / categorical,integer,curated-local,experiments/molecular_origin_analysis/package_source_data.py
molecular_origin_analysis,source_data/figure_main_molecular_origin_analysis_final_panel_d_source_data.csv,observed_log_delta,Signed observed property difference on the natural-log scale.,natural-log response,number,curated-local,experiments/molecular_origin_analysis/package_source_data.py
molecular_origin_analysis,source_data/figure_main_molecular_origin_analysis_final_panel_d_source_data.csv,observed_abs_log_difference,Absolute observed log-property difference.,natural-log response,number,curated-local,experiments/molecular_origin_analysis/package_source_data.py
molecular_origin_analysis,source_data/figure_main_molecular_origin_analysis_final_panel_d_source_data.csv,predicted_log_delta,Signed model-predicted property difference on the natural-log scale.,natural-log response,number,curated-local,experiments/molecular_origin_analysis/package_source_data.py
molecular_origin_analysis,source_data/figure_main_molecular_origin_analysis_final_panel_d_source_data.csv,predicted_abs_log_difference,Absolute model-predicted log-property difference.,natural-log response,number,curated-local,experiments/molecular_origin_analysis/package_source_data.py
molecular_origin_analysis,source_data/figure_main_molecular_origin_analysis_final_panel_d_source_data.csv,analysis_unit,Analysis unit.,not applicable / categorical,string,curated-local,experiments/molecular_origin_analysis/package_source_data.py
molecular_origin_analysis,source_data/figure_main_molecular_origin_analysis_final_panel_d_source_data.csv,substitution_scope,Substitution scope.,not applicable / categorical,string,curated-local,experiments/molecular_origin_analysis/package_source_data.py
molecular_origin_analysis,source_data/figure_main_molecular_origin_analysis_final_panel_d_source_data.csv,exploratory,Whether the result is explicitly marked exploratory.,not applicable / categorical,boolean,curated-local,experiments/molecular_origin_analysis/package_source_data.py
molecular_origin_analysis,source_data/figure_si_heat_capacity_size_control_source_data.csv,il_identity_key,Charge-aware ionic-liquid identity key.,not applicable / categorical,string,curated-local,experiments/molecular_origin_analysis/package_source_data.py
molecular_origin_analysis,source_data/figure_si_heat_capacity_size_control_source_data.csv,molar_mass_g_mol,Ion-pair molar mass.,g mol^-1,number,curated-local,experiments/molecular_origin_analysis/package_source_data.py
molecular_origin_analysis,source_data/figure_si_heat_capacity_size_control_source_data.csv,condition_adjusted_response,Condition-adjusted identity-level response.,natural-log response,number,curated-local,experiments/molecular_origin_analysis/package_source_data.py
molecular_origin_analysis,source_data/figure_si_heat_capacity_size_control_source_data.csv,analysis_panel,Supplementary panel membership.,not applicable / categorical,string,curated-local,experiments/molecular_origin_analysis/package_source_data.py
performance_results,final_test_metrics_summary_source_data.csv,property,Thermophysical property represented by the record.,not applicable / categorical,string,curated-common,experiments/performance_results/plot_performance_results.py
performance_results,final_test_metrics_summary_source_data.csv,log_MAE,Mean absolute error evaluated in natural-log target space.,dimensionless log error,number,curated-bundle,experiments/performance_results/plot_performance_results.py
performance_results,final_test_metrics_summary_source_data.csv,log_RMSE,Root-mean-square error evaluated in natural-log target space.,dimensionless log error,number,curated-bundle,experiments/performance_results/plot_performance_results.py
performance_results,final_test_metrics_summary_source_data.csv,log_R2,Coefficient of determination evaluated in natural-log target space.,dimensionless,number,curated-bundle,experiments/performance_results/plot_performance_results.py
performance_results,final_test_metrics_summary_source_data.csv,log_NMAE,Range-normalized mean absolute error in natural-log target space.,dimensionless,number,curated-bundle,experiments/performance_results/plot_performance_results.py
performance_results,performance_results_source_data_A.csv,sample_id,Stable identifier of the evaluated condition record.,not applicable / identifier,integer,curated-bundle,experiments/performance_results/plot_performance_results.py
performance_results,performance_results_source_data_A.csv,IL_Name,Reported ionic-liquid name.,not applicable / text,string,curated-bundle,experiments/performance_results/plot_performance_results.py
performance_results,performance_results_source_data_A.csv,IL_SMILES,SMILES representation of the ionic-liquid ion pair.,not applicable / molecular string,string,curated-bundle,experiments/performance_results/plot_performance_results.py
performance_results,performance_results_source_data_A.csv,Temperature_K,Measurement temperature.,K,number,curated-bundle,experiments/performance_results/plot_performance_results.py
performance_results,performance_results_source_data_A.csv,Pressure_kPa,Measurement pressure.,kPa,number,curated-bundle,experiments/performance_results/plot_performance_results.py
performance_results,performance_results_source_data_A.csv,property,Thermophysical property represented by the record.,not applicable / categorical,string,curated-common,experiments/performance_results/plot_performance_results.py
performance_results,performance_results_source_data_A.csv,y_true,Experimental target value.,property-dependent; see property,number,curated-bundle,experiments/performance_results/plot_performance_results.py
performance_results,performance_results_source_data_A.csv,y_pred,Model-predicted target value.,property-dependent; see property,number,curated-bundle,experiments/performance_results/plot_performance_results.py
performance_results,performance_results_source_data_A.csv,absolute_error,Absolute difference between prediction and experiment.,property-dependent; see property,number,curated-bundle,experiments/performance_results/plot_performance_results.py
performance_results,performance_results_source_data_A.csv,split,Full name of the evaluation split protocol.,not applicable / categorical,string,curated-bundle,experiments/performance_results/plot_performance_results.py
performance_results,performance_results_source_data_A.csv,split_strategy,Rule used to construct the evaluation split.,not applicable / categorical,string,curated-bundle,experiments/performance_results/plot_performance_results.py
performance_results,performance_results_source_data_A.csv,split_short,Abbreviated evaluation-split label.,not applicable / categorical,string,curated-bundle,experiments/performance_results/plot_performance_results.py
performance_results,performance_results_source_data_A.csv,panel,Figure panel identifier.,not applicable / categorical,string,curated-common,experiments/performance_results/plot_performance_results.py
performance_results,performance_results_source_data_A.csv,panel_title,Display title of the figure panel.,not applicable / text,string,curated-common,experiments/performance_results/plot_performance_results.py
performance_results,performance_results_source_data_A.csv,plot_included,Whether the point is included in the plotted panel.,boolean,boolean,curated-bundle,experiments/performance_results/plot_performance_results.py
performance_results,performance_results_source_data_B.csv,sample_id,Stable identifier of the evaluated condition record.,not applicable / identifier,integer,curated-bundle,experiments/performance_results/plot_performance_results.py
performance_results,performance_results_source_data_B.csv,IL_Name,Reported ionic-liquid name.,not applicable / text,string,curated-bundle,experiments/performance_results/plot_performance_results.py
performance_results,performance_results_source_data_B.csv,IL_SMILES,SMILES representation of the ionic-liquid ion pair.,not applicable / molecular string,string,curated-bundle,experiments/performance_results/plot_performance_results.py
performance_results,performance_results_source_data_B.csv,Temperature_K,Measurement temperature.,K,number,curated-bundle,experiments/performance_results/plot_performance_results.py
performance_results,performance_results_source_data_B.csv,Pressure_kPa,Measurement pressure.,kPa,number,curated-bundle,experiments/performance_results/plot_performance_results.py
performance_results,performance_results_source_data_B.csv,property,Thermophysical property represented by the record.,not applicable / categorical,string,curated-common,experiments/performance_results/plot_performance_results.py
performance_results,performance_results_source_data_B.csv,y_true,Experimental target value.,property-dependent; see property,number,curated-bundle,experiments/performance_results/plot_performance_results.py
performance_results,performance_results_source_data_B.csv,y_pred,Model-predicted target value.,property-dependent; see property,number,curated-bundle,experiments/performance_results/plot_performance_results.py
performance_results,performance_results_source_data_B.csv,absolute_error,Absolute difference between prediction and experiment.,property-dependent; see property,number,curated-bundle,experiments/performance_results/plot_performance_results.py
performance_results,performance_results_source_data_B.csv,split,Full name of the evaluation split protocol.,not applicable / categorical,string,curated-bundle,experiments/performance_results/plot_performance_results.py
performance_results,performance_results_source_data_B.csv,split_strategy,Rule used to construct the evaluation split.,not applicable / categorical,string,curated-bundle,experiments/performance_results/plot_performance_results.py
performance_results,performance_results_source_data_B.csv,split_short,Abbreviated evaluation-split label.,not applicable / categorical,string,curated-bundle,experiments/performance_results/plot_performance_results.py
performance_results,performance_results_source_data_B.csv,panel,Figure panel identifier.,not applicable / categorical,string,curated-common,experiments/performance_results/plot_performance_results.py
performance_results,performance_results_source_data_B.csv,panel_title,Display title of the figure panel.,not applicable / text,string,curated-common,experiments/performance_results/plot_performance_results.py
performance_results,performance_results_source_data_B.csv,plot_included,Whether the point is included in the plotted panel.,boolean,boolean,curated-bundle,experiments/performance_results/plot_performance_results.py
performance_results,performance_results_source_data_C.csv,sample_id,Stable identifier of the evaluated condition record.,not applicable / identifier,integer,curated-bundle,experiments/performance_results/plot_performance_results.py
performance_results,performance_results_source_data_C.csv,IL_Name,Reported ionic-liquid name.,not applicable / text,string,curated-bundle,experiments/performance_results/plot_performance_results.py
performance_results,performance_results_source_data_C.csv,IL_SMILES,SMILES representation of the ionic-liquid ion pair.,not applicable / molecular string,string,curated-bundle,experiments/performance_results/plot_performance_results.py
performance_results,performance_results_source_data_C.csv,Temperature_K,Measurement temperature.,K,number,curated-bundle,experiments/performance_results/plot_performance_results.py
performance_results,performance_results_source_data_C.csv,Pressure_kPa,Measurement pressure.,kPa,number,curated-bundle,experiments/performance_results/plot_performance_results.py
performance_results,performance_results_source_data_C.csv,property,Thermophysical property represented by the record.,not applicable / categorical,string,curated-common,experiments/performance_results/plot_performance_results.py
performance_results,performance_results_source_data_C.csv,y_true,Experimental target value.,property-dependent; see property,number,curated-bundle,experiments/performance_results/plot_performance_results.py
performance_results,performance_results_source_data_C.csv,y_pred,Model-predicted target value.,property-dependent; see property,number,curated-bundle,experiments/performance_results/plot_performance_results.py
performance_results,performance_results_source_data_C.csv,absolute_error,Absolute difference between prediction and experiment.,property-dependent; see property,number,curated-bundle,experiments/performance_results/plot_performance_results.py
performance_results,performance_results_source_data_C.csv,split,Full name of the evaluation split protocol.,not applicable / categorical,string,curated-bundle,experiments/performance_results/plot_performance_results.py
performance_results,performance_results_source_data_C.csv,split_strategy,Rule used to construct the evaluation split.,not applicable / categorical,string,curated-bundle,experiments/performance_results/plot_performance_results.py
performance_results,performance_results_source_data_C.csv,split_short,Abbreviated evaluation-split label.,not applicable / categorical,string,curated-bundle,experiments/performance_results/plot_performance_results.py
performance_results,performance_results_source_data_C.csv,panel,Figure panel identifier.,not applicable / categorical,string,curated-common,experiments/performance_results/plot_performance_results.py
performance_results,performance_results_source_data_C.csv,panel_title,Display title of the figure panel.,not applicable / text,string,curated-common,experiments/performance_results/plot_performance_results.py
performance_results,performance_results_source_data_C.csv,plot_included,Whether the point is included in the plotted panel.,boolean,boolean,curated-bundle,experiments/performance_results/plot_performance_results.py
performance_results,performance_results_source_data_D.csv,sample_id,Stable identifier of the evaluated condition record.,not applicable / identifier,integer,curated-bundle,experiments/performance_results/plot_performance_results.py
performance_results,performance_results_source_data_D.csv,IL_Name,Reported ionic-liquid name.,not applicable / text,string,curated-bundle,experiments/performance_results/plot_performance_results.py
performance_results,performance_results_source_data_D.csv,IL_SMILES,SMILES representation of the ionic-liquid ion pair.,not applicable / molecular string,string,curated-bundle,experiments/performance_results/plot_performance_results.py
performance_results,performance_results_source_data_D.csv,Temperature_K,Measurement temperature.,K,number,curated-bundle,experiments/performance_results/plot_performance_results.py
performance_results,performance_results_source_data_D.csv,Pressure_kPa,Measurement pressure.,kPa,number,curated-bundle,experiments/performance_results/plot_performance_results.py
performance_results,performance_results_source_data_D.csv,property,Thermophysical property represented by the record.,not applicable / categorical,string,curated-common,experiments/performance_results/plot_performance_results.py
performance_results,performance_results_source_data_D.csv,y_true,Experimental target value.,property-dependent; see property,number,curated-bundle,experiments/performance_results/plot_performance_results.py
performance_results,performance_results_source_data_D.csv,y_pred,Model-predicted target value.,property-dependent; see property,number,curated-bundle,experiments/performance_results/plot_performance_results.py
performance_results,performance_results_source_data_D.csv,absolute_error,Absolute difference between prediction and experiment.,property-dependent; see property,number,curated-bundle,experiments/performance_results/plot_performance_results.py
performance_results,performance_results_source_data_D.csv,split,Full name of the evaluation split protocol.,not applicable / categorical,string,curated-bundle,experiments/performance_results/plot_performance_results.py
performance_results,performance_results_source_data_D.csv,split_strategy,Rule used to construct the evaluation split.,not applicable / categorical,string,curated-bundle,experiments/performance_results/plot_performance_results.py
performance_results,performance_results_source_data_D.csv,split_short,Abbreviated evaluation-split label.,not applicable / categorical,string,curated-bundle,experiments/performance_results/plot_performance_results.py
performance_results,performance_results_source_data_D.csv,panel,Figure panel identifier.,not applicable / categorical,string,curated-common,experiments/performance_results/plot_performance_results.py
performance_results,performance_results_source_data_D.csv,panel_title,Display title of the figure panel.,not applicable / text,string,curated-common,experiments/performance_results/plot_performance_results.py
performance_results,performance_results_source_data_D.csv,plot_included,Whether the point is included in the plotted panel.,boolean,boolean,curated-bundle,experiments/performance_results/plot_performance_results.py
performance_results,performance_results_source_data_E.csv,sample_id,Stable identifier of the evaluated condition record.,not applicable / identifier,integer,curated-bundle,experiments/performance_results/plot_performance_results.py
performance_results,performance_results_source_data_E.csv,IL_Name,Reported ionic-liquid name.,not applicable / text,string,curated-bundle,experiments/performance_results/plot_performance_results.py
performance_results,performance_results_source_data_E.csv,IL_SMILES,SMILES representation of the ionic-liquid ion pair.,not applicable / molecular string,string,curated-bundle,experiments/performance_results/plot_performance_results.py
performance_results,performance_results_source_data_E.csv,Temperature_K,Measurement temperature.,K,number,curated-bundle,experiments/performance_results/plot_performance_results.py
performance_results,performance_results_source_data_E.csv,Pressure_kPa,Measurement pressure.,kPa,empty,curated-bundle,experiments/performance_results/plot_performance_results.py
performance_results,performance_results_source_data_E.csv,property,Thermophysical property represented by the record.,not applicable / categorical,string,curated-common,experiments/performance_results/plot_performance_results.py
performance_results,performance_results_source_data_E.csv,y_true,Experimental target value.,property-dependent; see property,number,curated-bundle,experiments/performance_results/plot_performance_results.py
performance_results,performance_results_source_data_E.csv,y_pred,Model-predicted target value.,property-dependent; see property,number,curated-bundle,experiments/performance_results/plot_performance_results.py
performance_results,performance_results_source_data_E.csv,absolute_error,Absolute difference between prediction and experiment.,property-dependent; see property,number,curated-bundle,experiments/performance_results/plot_performance_results.py
performance_results,performance_results_source_data_E.csv,split,Full name of the evaluation split protocol.,not applicable / categorical,string,curated-bundle,experiments/performance_results/plot_performance_results.py
performance_results,performance_results_source_data_E.csv,split_strategy,Rule used to construct the evaluation split.,not applicable / categorical,string,curated-bundle,experiments/performance_results/plot_performance_results.py
performance_results,performance_results_source_data_E.csv,split_short,Abbreviated evaluation-split label.,not applicable / categorical,string,curated-bundle,experiments/performance_results/plot_performance_results.py
performance_results,performance_results_source_data_E.csv,panel,Figure panel identifier.,not applicable / categorical,string,curated-common,experiments/performance_results/plot_performance_results.py
performance_results,performance_results_source_data_E.csv,panel_title,Display title of the figure panel.,not applicable / text,string,curated-common,experiments/performance_results/plot_performance_results.py
performance_results,performance_results_source_data_E.csv,plot_included,Whether the point is included in the plotted panel.,boolean,boolean,curated-bundle,experiments/performance_results/plot_performance_results.py
performance_results,performance_results_source_data_F.csv,sample_id,Stable identifier of the evaluated condition record.,not applicable / identifier,integer,curated-bundle,experiments/performance_results/plot_performance_results.py
performance_results,performance_results_source_data_F.csv,IL_Name,Reported ionic-liquid name.,not applicable / text,string,curated-bundle,experiments/performance_results/plot_performance_results.py
performance_results,performance_results_source_data_F.csv,IL_SMILES,SMILES representation of the ionic-liquid ion pair.,not applicable / molecular string,string,curated-bundle,experiments/performance_results/plot_performance_results.py
performance_results,performance_results_source_data_F.csv,Temperature_K,Measurement temperature.,K,number,curated-bundle,experiments/performance_results/plot_performance_results.py
performance_results,performance_results_source_data_F.csv,Pressure_kPa,Measurement pressure.,kPa,number,curated-bundle,experiments/performance_results/plot_performance_results.py
performance_results,performance_results_source_data_F.csv,property,Thermophysical property represented by the record.,not applicable / categorical,string,curated-common,experiments/performance_results/plot_performance_results.py
performance_results,performance_results_source_data_F.csv,y_true,Experimental target value.,property-dependent; see property,number,curated-bundle,experiments/performance_results/plot_performance_results.py
performance_results,performance_results_source_data_F.csv,y_pred,Model-predicted target value.,property-dependent; see property,number,curated-bundle,experiments/performance_results/plot_performance_results.py
performance_results,performance_results_source_data_F.csv,absolute_error,Absolute difference between prediction and experiment.,property-dependent; see property,number,curated-bundle,experiments/performance_results/plot_performance_results.py
performance_results,performance_results_source_data_F.csv,split,Full name of the evaluation split protocol.,not applicable / categorical,string,curated-bundle,experiments/performance_results/plot_performance_results.py
performance_results,performance_results_source_data_F.csv,split_strategy,Rule used to construct the evaluation split.,not applicable / categorical,string,curated-bundle,experiments/performance_results/plot_performance_results.py
performance_results,performance_results_source_data_F.csv,split_short,Abbreviated evaluation-split label.,not applicable / categorical,string,curated-bundle,experiments/performance_results/plot_performance_results.py
performance_results,performance_results_source_data_F.csv,panel,Figure panel identifier.,not applicable / categorical,string,curated-common,experiments/performance_results/plot_performance_results.py
performance_results,performance_results_source_data_F.csv,panel_title,Display title of the figure panel.,not applicable / text,string,curated-common,experiments/performance_results/plot_performance_results.py
performance_results,performance_results_source_data_F.csv,plot_included,Whether the point is included in the plotted panel.,boolean,boolean,curated-bundle,experiments/performance_results/plot_performance_results.py
performance_results,performance_results_source_data_G.csv,split_strategy,Rule used to construct the evaluation split.,not applicable / categorical,string,curated-bundle,experiments/performance_results/plot_performance_results.py
performance_results,performance_results_source_data_G.csv,log_MAE,Mean absolute error evaluated in natural-log target space.,dimensionless log error,number,curated-bundle,experiments/performance_results/plot_performance_results.py
performance_results,performance_results_source_data_G.csv,log_RMSE,Root-mean-square error evaluated in natural-log target space.,dimensionless log error,number,curated-bundle,experiments/performance_results/plot_performance_results.py
performance_results,performance_results_source_data_G.csv,log_R2,Coefficient of determination evaluated in natural-log target space.,dimensionless,number,curated-bundle,experiments/performance_results/plot_performance_results.py
performance_results,performance_results_source_data_G.csv,log_NMAE,Range-normalized mean absolute error in natural-log target space.,dimensionless,number,curated-bundle,experiments/performance_results/plot_performance_results.py
performance_results,performance_results_source_data_G.csv,panel,Figure panel identifier.,not applicable / categorical,string,curated-common,experiments/performance_results/plot_performance_results.py
performance_results,performance_results_source_data_G.csv,panel_title,Display title of the figure panel.,not applicable / text,string,curated-common,experiments/performance_results/plot_performance_results.py
performance_results,performance_results_source_data_H.csv,split_strategy,Rule used to construct the evaluation split.,not applicable / categorical,string,curated-bundle,experiments/performance_results/plot_performance_results.py
performance_results,performance_results_source_data_H.csv,property,Thermophysical property represented by the record.,not applicable / categorical,string,curated-common,experiments/performance_results/plot_performance_results.py
performance_results,performance_results_source_data_H.csv,log_R2,Coefficient of determination evaluated in natural-log target space.,dimensionless,number,curated-bundle,experiments/performance_results/plot_performance_results.py
performance_results,performance_results_source_data_H.csv,panel,Figure panel identifier.,not applicable / categorical,string,curated-common,experiments/performance_results/plot_performance_results.py
performance_results,performance_results_source_data_H.csv,panel_title,Display title of the figure panel.,not applicable / text,string,curated-common,experiments/performance_results/plot_performance_results.py
performance_results,performance_results_source_data_I.csv,split_strategy,Rule used to construct the evaluation split.,not applicable / categorical,string,curated-bundle,experiments/performance_results/plot_performance_results.py
performance_results,performance_results_source_data_I.csv,property,Thermophysical property represented by the record.,not applicable / categorical,string,curated-common,experiments/performance_results/plot_performance_results.py
performance_results,performance_results_source_data_I.csv,log_NMAE,Range-normalized mean absolute error in natural-log target space.,dimensionless,number,curated-bundle,experiments/performance_results/plot_performance_results.py
performance_results,performance_results_source_data_I.csv,panel,Figure panel identifier.,not applicable / categorical,string,curated-common,experiments/performance_results/plot_performance_results.py
performance_results,performance_results_source_data_I.csv,panel_title,Display title of the figure panel.,not applicable / text,string,curated-common,experiments/performance_results/plot_performance_results.py
